phrasing,log_odds,p_yes,yes_no_mass,group,finding,image,patient_id,level
0,-5.323698,0.004851046,0.12845775,cardio_sham,cardiomegaly,00010334_005.png,10334,0.0
0,-5.1562786,0.0057300837,0.11569337,cardio_sham,cardiomegaly,00010334_005.png,10334,0.06
0,-2.7649364,0.059248626,0.053695295,cardio_sham,cardiomegaly,00010334_005.png,10334,0.3
0,4.433428,0.98826563,0.1728923,cardio_sham,cardiomegaly,00021520_000.png,21520,0.0
0,2.524191,0.9258204,0.08517706,cardio_sham,cardiomegaly,00021520_000.png,21520,0.06
0,5.028391,0.99349326,0.23195533,cardio_sham,cardiomegaly,00021520_000.png,21520,0.3
0,-5.3116455,0.0049095787,0.074258074,cardio_sham,cardiomegaly,00028870_002.png,28870,0.0
0,-5.4222755,0.004397659,0.08304047,cardio_sham,cardiomegaly,00028870_002.png,28870,0.06
0,-5.2478027,0.005231548,0.08305104,cardio_sham,cardiomegaly,00028870_002.png,28870,0.3
0,-2.2848816,0.092382826,0.050593123,cardio_sham,cardiomegaly,00009638_025.png,9638,0.0
0,-0.4954071,0.37862062,0.03531358,cardio_sham,cardiomegaly,00009638_025.png,9638,0.06
0,-0.7298107,0.3252363,0.036484536,cardio_sham,cardiomegaly,00009638_025.png,9638,0.3
0,-1.7242966,0.15131857,0.029593304,cardio_sham,cardiomegaly,00017862_007.png,17862,0.0
0,12.802435,0.99999726,0.8147297,cardio_sham,cardiomegaly,00017862_007.png,17862,0.06
0,2.160202,0.89661825,0.045655213,cardio_sham,cardiomegaly,00017862_007.png,17862,0.3
0,-2.2722378,0.09344847,0.021820785,cardio_sham,cardiomegaly,00004082_001.png,4082,0.0
0,-2.2508621,0.09527513,0.021815771,cardio_sham,cardiomegaly,00004082_001.png,4082,0.06
0,-2.2079754,0.09903659,0.01533247,cardio_sham,cardiomegaly,00004082_001.png,4082,0.3
0,-5.094097,0.0060954588,0.15765807,cardio_sham,cardiomegaly,00025263_006.png,25263,0.0
0,-4.514393,0.010831642,0.103025936,cardio_sham,cardiomegaly,00025263_006.png,25263,0.06
0,10.405123,0.9999697,0.7704393,cardio_sham,cardiomegaly,00025263_006.png,25263,0.3
0,-5.679291,0.0034043512,0.11668288,cardio_sham,cardiomegaly,00025135_000.png,25135,0.0
0,-5.7487793,0.0031765457,0.129788,cardio_sham,cardiomegaly,00025135_000.png,25135,0.06
0,-5.769594,0.0031113133,0.13017869,cardio_sham,cardiomegaly,00025135_000.png,25135,0.3
0,-5.3443775,0.0047522313,0.09326053,cardio_sham,cardiomegaly,00017128_000.png,17128,0.0
0,-5.33025,0.00481952,0.08328824,cardio_sham,cardiomegaly,00017128_000.png,17128,0.06
0,-5.256317,0.005187424,0.083285995,cardio_sham,cardiomegaly,00017128_000.png,17128,0.3
0,-4.7828445,0.008302639,0.04676732,cardio_sham,cardiomegaly,00002944_000.png,2944,0.0
0,-4.7631264,0.008466577,0.046767432,cardio_sham,cardiomegaly,00002944_000.png,2944,0.06
0,-4.4994907,0.010992477,0.041597202,cardio_sham,cardiomegaly,00002944_000.png,2944,0.3
0,-2.0241432,0.11669126,0.019476833,cardio_sham,cardiomegaly,00012372_005.png,12372,0.0
0,-3.4010353,0.032263126,0.033235304,cardio_sham,cardiomegaly,00012372_005.png,12372,0.06
0,-4.518347,0.010789361,0.041621413,cardio_sham,cardiomegaly,00012372_005.png,12372,0.3
0,2.003994,0.8812158,0.0586818,cardio_sham,cardiomegaly,00021321_014.png,21321,0.0
0,5.636404,0.996447,0.2407999,cardio_sham,cardiomegaly,00021321_014.png,21321,0.06
0,1.3474045,0.7937049,0.04512825,cardio_sham,cardiomegaly,00021321_014.png,21321,0.3
0,-3.193102,0.039426137,0.026514323,cardio_sham,cardiomegaly,00017419_000.png,17419,0.0
0,-2.3312702,0.088566065,0.021916825,cardio_sham,cardiomegaly,00017419_000.png,17419,0.06
0,-1.417366,0.19507483,0.021796728,cardio_sham,cardiomegaly,00017419_000.png,17419,0.3
0,1.624857,0.8354639,0.19625916,cardio_sham,cardiomegaly,00028330_009.png,28330,0.0
0,8.923655,0.99986684,0.8090551,cardio_sham,cardiomegaly,00028330_009.png,28330,0.06
0,11.537222,0.9999902,0.9098286,cardio_sham,cardiomegaly,00028330_009.png,28330,0.3
0,-2.064907,0.112554744,0.025338115,cardio_sham,cardiomegaly,00007944_005.png,7944,0.0
0,-2.7277012,0.061358426,0.03033281,cardio_sham,cardiomegaly,00007944_005.png,7944,0.06
0,-2.6184883,0.06795798,0.030568415,cardio_sham,cardiomegaly,00007944_005.png,7944,0.3
0,-5.905077,0.0027181634,0.09305073,cardio_sham,cardiomegaly,00003659_005.png,3659,0.0
0,-6.1610126,0.0021056721,0.1043795,cardio_sham,cardiomegaly,00003659_005.png,3659,0.06
0,-6.2027683,0.0020197327,0.09330207,cardio_sham,cardiomegaly,00003659_005.png,3659,0.3
0,-5.5982647,0.003690615,0.09352992,cardio_sham,cardiomegaly,00021359_000.png,21359,0.0
0,-5.5189266,0.003994133,0.10438841,cardio_sham,cardiomegaly,00021359_000.png,21359,0.06
0,-5.425251,0.0043846504,0.09332408,cardio_sham,cardiomegaly,00021359_000.png,21359,0.3
0,4.8495846,0.9922293,0.21724685,cardio_sham,cardiomegaly,00003245_000.png,3245,0.0
0,7.2761135,0.9993086,0.42941365,cardio_sham,cardiomegaly,00003245_000.png,3245,0.06
0,13.498548,0.99999857,0.84847355,cardio_sham,cardiomegaly,00003245_000.png,3245,0.3
0,-4.424343,0.011840208,0.07429073,cardio_sham,cardiomegaly,00019859_000.png,19859,0.0
0,-4.2344284,0.0142811835,0.06670749,cardio_sham,cardiomegaly,00019859_000.png,19859,0.06
0,-4.899086,0.00739825,0.09333663,cardio_sham,cardiomegaly,00019859_000.png,19859,0.3
0,-2.9206276,0.051143236,0.06002839,cardio_sham,cardiomegaly,00009981_000.png,9981,0.0
0,-3.0730171,0.044234093,0.06672588,cardio_sham,cardiomegaly,00009981_000.png,9981,0.06
0,-2.991003,0.047833987,0.060011584,cardio_sham,cardiomegaly,00009981_000.png,9981,0.3
0,15.910577,0.9999999,0.95117223,cardio_sham,cardiomegaly,00012646_014.png,12646,0.0
0,9.898506,0.9999497,0.52438945,cardio_sham,cardiomegaly,00012646_014.png,12646,0.06
0,16.216394,0.9999999,0.9659096,cardio_sham,cardiomegaly,00012646_014.png,12646,0.3
0,-4.95092,0.007027164,0.05915065,cardio_sham,cardiomegaly,00016229_000.png,16229,0.0
0,-4.7085114,0.008937591,0.059083953,cardio_sham,cardiomegaly,00016229_000.png,16229,0.06
0,-4.8323803,0.007904554,0.06631033,cardio_sham,cardiomegaly,00016229_000.png,16229,0.3
0,-1.9161339,0.1282933,0.06519404,cardio_sham,cardiomegaly,00014666_000.png,14666,0.0
0,5.799,0.99697864,0.42514735,cardio_sham,cardiomegaly,00014666_000.png,14666,0.06
0,16.229647,0.9999999,0.97290695,cardio_sham,cardiomegaly,00014666_000.png,14666,0.3
0,-4.483721,0.011165252,0.12854129,cardio_sham,cardiomegaly,00023514_000.png,23514,0.0
0,-4.401058,0.0121157635,0.12854181,cardio_sham,cardiomegaly,00023514_000.png,23514,0.06
0,-4.6336117,0.009626031,0.12903045,cardio_sham,cardiomegaly,00023514_000.png,23514,0.3
0,-5.024376,0.006532731,0.06653678,cardio_sham,cardiomegaly,00014637_002.png,14637,0.0
0,-4.952282,0.007017668,0.07430944,cardio_sham,cardiomegaly,00014637_002.png,14637,0.06
0,-4.9233513,0.007222171,0.06653568,cardio_sham,cardiomegaly,00014637_002.png,14637,0.3
0,-3.3570194,0.033666056,0.052859712,cardio_sham,cardiomegaly,00004093_002.png,4093,0.0
0,-2.8215961,0.05616826,0.047905266,cardio_sham,cardiomegaly,00004093_002.png,4093,0.06
0,11.53627,0.9999902,0.69862777,cardio_sham,cardiomegaly,00004093_002.png,4093,0.3
0,-3.765255,0.022637386,0.100446984,cardio_sham,cardiomegaly,00003228_001.png,3228,0.0
0,-3.5833492,0.027031489,0.10070929,cardio_sham,cardiomegaly,00003228_001.png,3228,0.06
0,-3.0676212,0.04446278,0.0904031,cardio_sham,cardiomegaly,00003228_001.png,3228,0.3
0,-3.5418224,0.028145397,0.083711,cardio_sham,cardiomegaly,00004698_002.png,4698,0.0
0,-3.4824371,0.029816102,0.06664767,cardio_sham,cardiomegaly,00004698_002.png,4698,0.06
0,-3.576435,0.027213933,0.06644393,cardio_sham,cardiomegaly,00004698_002.png,4698,0.3
0,-4.7462463,0.008609465,0.03693575,cardio_sham,cardiomegaly,00013980_000.png,13980,0.0
0,-4.626198,0.009696968,0.032707456,cardio_sham,cardiomegaly,00013980_000.png,13980,0.06
0,7.622923,0.9995111,0.26308465,cardio_sham,cardiomegaly,00013980_000.png,13980,0.3
0,-2.6858215,0.0638152,0.043115057,cardio_sham,cardiomegaly,00004497_004.png,4497,0.0
0,-2.6318665,0.06711549,0.04310182,cardio_sham,cardiomegaly,00004497_004.png,4497,0.06
0,14.823548,0.99999964,0.90123826,cardio_sham,cardiomegaly,00004497_004.png,4497,0.3
0,-5.05089,0.0063628866,0.102036595,cardio_sham,cardiomegaly,00027398_000.png,27398,0.0
0,-4.4554653,0.011481556,0.10178662,cardio_sham,cardiomegaly,00027398_000.png,27398,0.06
0,-4.230427,0.0143376235,0.08128227,cardio_sham,cardiomegaly,00027398_000.png,27398,0.3
0,2.3941536,0.91638047,0.10843785,cardio_sham,cardiomegaly,00008832_000.png,8832,0.0
0,4.001232,0.98203546,0.2337845,cardio_sham,cardiomegaly,00008832_000.png,8832,0.06
0,0.376194,0.5929548,0.04075811,cardio_sham,cardiomegaly,00008832_000.png,8832,0.3
0,-4.1905155,0.014912722,0.074419506,cardio_sham,cardiomegaly,00000346_000.png,346,0.0
0,-4.0780544,0.016658196,0.06661128,cardio_sham,cardiomegaly,00000346_000.png,346,0.06
0,-3.4574032,0.030548848,0.03754805,cardio_sham,cardiomegaly,00000346_000.png,346,0.3
0,3.5909271,0.9731671,0.06765732,cardio_sham,cardiomegaly,00025673_000.png,25673,0.0
0,3.9056396,0.980269,0.08455344,cardio_sham,cardiomegaly,00025673_000.png,25673,0.06
0,5.8946514,0.9972535,0.19788653,cardio_sham,cardiomegaly,00025673_000.png,25673,0.3
0,1.2565804,0.7784369,0.0799079,cardio_sham,cardiomegaly,00017758_000.png,17758,0.0
0,1.0629272,0.74324954,0.06757448,cardio_sham,cardiomegaly,00017758_000.png,17758,0.06
0,2.9408169,0.9498277,0.14612292,cardio_sham,cardiomegaly,00017758_000.png,17758,0.3
0,-2.8124828,0.056653343,0.02092139,cardio_sham,cardiomegaly,00021572_022.png,21572,0.0
0,-2.0287971,0.11621241,0.0197483,cardio_sham,cardiomegaly,00021572_022.png,21572,0.06
0,0.060770035,0.51518786,0.012176738,cardio_sham,cardiomegaly,00021572_022.png,21572,0.3
0,-3.8726406,0.020379404,0.08240625,cardio_sham,cardiomegaly,00011504_023.png,11504,0.0
0,-3.4678135,0.03024204,0.07405744,cardio_sham,cardiomegaly,00011504_023.png,11504,0.06
0,-3.2189503,0.038458783,0.07414107,cardio_sham,cardiomegaly,00011504_023.png,11504,0.3
0,-4.5038376,0.010945321,0.08255907,cardio_sham,cardiomegaly,00029901_000.png,29901,0.0
0,-4.2600384,0.013925113,0.07377515,cardio_sham,cardiomegaly,00029901_000.png,29901,0.06
0,5.430052,0.9956363,0.23584324,cardio_sham,cardiomegaly,00029901_000.png,29901,0.3
0,-5.342491,0.0047611613,0.103740424,cardio_sham,cardiomegaly,00009771_000.png,9771,0.0
0,-5.6914883,0.0033632175,0.10423636,cardio_sham,cardiomegaly,00009771_000.png,9771,0.06
0,-4.433817,0.0117298765,0.082186304,cardio_sham,cardiomegaly,00009771_000.png,9771,0.3
0,-5.7669773,0.0031194405,0.3613508,cardio_sham,cardiomegaly,00011470_006.png,11470,0.0
0,-5.844904,0.0028862578,0.36131006,cardio_sham,cardiomegaly,00011470_006.png,11470,0.06
0,-5.786501,0.003059313,0.36145738,cardio_sham,cardiomegaly,00011470_006.png,11470,0.3
0,-4.8752003,0.007575735,0.074186444,cardio_sham,cardiomegaly,00017512_000.png,17512,0.0
0,-4.9404335,0.007100717,0.06621312,cardio_sham,cardiomegaly,00017512_000.png,17512,0.06
0,-4.946129,0.007060675,0.074351296,cardio_sham,cardiomegaly,00017512_000.png,17512,0.3
0,-5.5182037,0.0039970097,0.14365165,cardio_sham,cardiomegaly,00022227_000.png,22227,0.0
0,-5.4484997,0.004284321,0.15972523,cardio_sham,cardiomegaly,00022227_000.png,22227,0.06
0,-5.606106,0.0036618952,0.14414,cardio_sham,cardiomegaly,00022227_000.png,22227,0.3
0,-4.894598,0.0074312813,0.1288145,cardio_sham,cardiomegaly,00013421_000.png,13421,0.0
0,-4.9686832,0.006904295,0.12870023,cardio_sham,cardiomegaly,00013421_000.png,13421,0.06
0,-5.1054306,0.0060271802,0.12799852,cardio_sham,cardiomegaly,00013421_000.png,13421,0.3
0,-4.7649307,0.008451443,0.104380794,cardio_sham,cardiomegaly,00013342_003.png,13342,0.0
0,-4.789572,0.008247432,0.09334693,cardio_sham,cardiomegaly,00013342_003.png,13342,0.06
0,-5.0226803,0.0065437458,0.09352043,cardio_sham,cardiomegaly,00013342_003.png,13342,0.3
0,-5.7080135,0.0033082785,0.35918114,cardio_sham,cardiomegaly,00026876_010.png,26876,0.0
0,-5.6763687,0.0034142793,0.33295888,cardio_sham,cardiomegaly,00026876_010.png,26876,0.06
0,-4.3575115,0.0126482,0.2093506,cardio_sham,cardiomegaly,00026876_010.png,26876,0.3
0,-4.5134926,0.010841292,0.05282638,cardio_sham,cardiomegaly,00022251_000.png,22251,0.0
0,-4.6551075,0.009423248,0.059305966,cardio_sham,cardiomegaly,00022251_000.png,22251,0.06
0,-4.7186337,0.008848376,0.04684385,cardio_sham,cardiomegaly,00022251_000.png,22251,0.3
0,-4.6192856,0.0097635705,0.07446414,cardio_sham,cardiomegaly,00028644_007.png,28644,0.0
0,-5.0740757,0.0062179617,0.07427262,cardio_sham,cardiomegaly,00028644_007.png,28644,0.06
0,-4.6375523,0.009588536,0.06613925,cardio_sham,cardiomegaly,00028644_007.png,28644,0.3
0,-5.093048,0.006101818,0.12865168,cardio_sham,cardiomegaly,00020221_000.png,20221,0.0
0,-5.2417793,0.0052629886,0.15848401,cardio_sham,cardiomegaly,00020221_000.png,20221,0.06
0,-4.9093475,0.007323274,0.15869096,cardio_sham,cardiomegaly,00020221_000.png,20221,0.3
0,5.878109,0.9972077,0.285774,cardio_sham,cardiomegaly,00012161_007.png,12161,0.0
0,2.3794403,0.91524607,0.062956594,cardio_sham,cardiomegaly,00012161_007.png,12161,0.06
0,1.203186,0.76909107,0.057084028,cardio_sham,cardiomegaly,00012161_007.png,12161,0.3
0,0.44847107,0.6102756,0.13283794,cardio_sham,cardiomegaly,00028785_004.png,28785,0.0
0,5.690645,0.99663395,0.5147284,cardio_sham,cardiomegaly,00028785_004.png,28785,0.06
0,5.8236637,0.99705195,0.51820284,cardio_sham,cardiomegaly,00028785_004.png,28785,0.3
0,-5.2870483,0.0050312225,0.06664315,cardio_sham,cardiomegaly,00027155_000.png,27155,0.0
0,-5.231882,0.005315058,0.059322737,cardio_sham,cardiomegaly,00027155_000.png,27155,0.06
0,-5.242651,0.0052584275,0.06664251,cardio_sham,cardiomegaly,00027155_000.png,27155,0.3
0,-5.387966,0.00455046,0.14082983,cardio_sham,cardiomegaly,00028191_000.png,28191,0.0
0,-5.2059402,0.005453983,0.12793842,cardio_sham,cardiomegaly,00028191_000.png,28191,0.06
0,10.155739,0.99996114,0.8996962,cardio_sham,cardiomegaly,00028191_000.png,28191,0.3
0,-3.227789,0.038133264,0.047356635,cardio_sham,cardiomegaly,00002593_001.png,2593,0.0
0,-2.5604248,0.07172925,0.038432054,cardio_sham,cardiomegaly,00002593_001.png,2593,0.06
0,-1.3577595,0.20460469,0.030951807,cardio_sham,cardiomegaly,00002593_001.png,2593,0.3
0,-5.0193043,0.0065657296,0.059173882,cardio_sham,cardiomegaly,00015391_000.png,15391,0.0
0,-5.0755596,0.0062087993,0.05921344,cardio_sham,cardiomegaly,00015391_000.png,15391,0.06
0,-4.9802704,0.0068252985,0.06640163,cardio_sham,cardiomegaly,00015391_000.png,15391,0.3
0,9.467388,0.99992263,0.52255136,cardio_sham,cardiomegaly,00004730_000.png,4730,0.0
0,0.3470173,0.5858941,0.02674164,cardio_sham,cardiomegaly,00004730_000.png,4730,0.06
0,10.342888,0.9999678,0.585211,cardio_sham,cardiomegaly,00004730_000.png,4730,0.3
0,-4.882635,0.007520042,0.115940996,cardio_sham,cardiomegaly,00014343_000.png,14343,0.0
0,-4.6761246,0.009229074,0.10435595,cardio_sham,cardiomegaly,00014343_000.png,14343,0.06
0,-4.6403065,0.009562416,0.11651497,cardio_sham,cardiomegaly,00014343_000.png,14343,0.3
0,-3.3829422,0.03283284,0.09468365,cardio_sham,cardiomegaly,00004176_001.png,4176,0.0
0,-3.6477528,0.025388248,0.09438852,cardio_sham,cardiomegaly,00004176_001.png,4176,0.06
0,-3.675848,0.02470226,0.09449599,cardio_sham,cardiomegaly,00004176_001.png,4176,0.3
0,-4.772131,0.008391318,0.12938397,cardio_sham,cardiomegaly,00018186_004.png,18186,0.0
0,-4.0954437,0.016375728,0.10444017,cardio_sham,cardiomegaly,00018186_004.png,18186,0.06
0,12.903927,0.9999975,0.8300655,cardio_sham,cardiomegaly,00018186_004.png,18186,0.3
0,-5.327381,0.0048332983,0.1298735,cardio_sham,cardiomegaly,00018868_000.png,18868,0.0
0,-5.219408,0.0053814147,0.116525754,cardio_sham,cardiomegaly,00018868_000.png,18868,0.06
0,-5.260212,0.0051673627,0.116454326,cardio_sham,cardiomegaly,00018868_000.png,18868,0.3
0,-0.9547844,0.27792367,0.03333357,cardio_sham,cardiomegaly,00023982_000.png,23982,0.0
0,-2.6073189,0.06866887,0.054113057,cardio_sham,cardiomegaly,00023982_000.png,23982,0.06
0,15.111781,0.99999976,0.92137563,cardio_sham,cardiomegaly,00023982_000.png,23982,0.3
0,-1.235117,0.2252871,0.04586791,cardio_sham,cardiomegaly,00017467_011.png,17467,0.0
0,-0.6638794,0.3398687,0.05191251,cardio_sham,cardiomegaly,00017467_011.png,17467,0.06
0,1.4999332,0.81756455,0.08752585,cardio_sham,cardiomegaly,00017467_011.png,17467,0.3
0,-3.4758587,0.030006982,0.082523234,cardio_sham,cardiomegaly,00000348_003.png,348,0.0
0,-3.576931,0.02720081,0.0921836,cardio_sham,cardiomegaly,00000348_003.png,348,0.06
0,-3.8706837,0.020418508,0.09226128,cardio_sham,cardiomegaly,00000348_003.png,348,0.3
0,-2.7873993,0.05800891,0.04248877,cardio_sham,cardiomegaly,00003084_001.png,3084,0.0
0,-3.369051,0.033276826,0.041831348,cardio_sham,cardiomegaly,00003084_001.png,3084,0.06
0,-3.00947,0.046999875,0.042444818,cardio_sham,cardiomegaly,00003084_001.png,3084,0.3
0,-1.1207066,0.24588025,0.036636658,cardio_sham,cardiomegaly,00002375_000.png,2375,0.0
0,0.19611359,0.5488719,0.03371545,cardio_sham,cardiomegaly,00002375_000.png,2375,0.06
0,4.835932,0.9921232,0.17627545,cardio_sham,cardiomegaly,00002375_000.png,2375,0.3
0,-5.326107,0.0048394306,0.08331733,cardio_sham,cardiomegaly,00015170_005.png,15170,0.0
0,-5.38834,0.0045487667,0.0744638,cardio_sham,cardiomegaly,00015170_005.png,15170,0.06
0,-5.389496,0.004543536,0.06644251,cardio_sham,cardiomegaly,00015170_005.png,15170,0.3
0,-3.448656,0.030808967,0.05288272,cardio_sham,cardiomegaly,00020074_003.png,20074,0.0
0,-4.0297527,0.017468164,0.059164047,cardio_sham,cardiomegaly,00020074_003.png,20074,0.06
0,-3.686369,0.024450054,0.052973744,cardio_sham,cardiomegaly,00020074_003.png,20074,0.3
0,-3.5922909,0.026797308,0.047134146,cardio_sham,cardiomegaly,00018267_000.png,18267,0.0
0,-3.4573193,0.030551333,0.04714505,cardio_sham,cardiomegaly,00018267_000.png,18267,0.06
0,-3.656227,0.025179403,0.052908443,cardio_sham,cardiomegaly,00018267_000.png,18267,0.3
0,-4.240944,0.014189752,0.1141625,cardio_sham,cardiomegaly,00018174_000.png,18174,0.0
0,-4.175316,0.015137665,0.10295662,cardio_sham,cardiomegaly,00018174_000.png,18174,0.06
0,-4.30785,0.013283634,0.11416983,cardio_sham,cardiomegaly,00018174_000.png,18174,0.3
0,-5.7160034,0.0032820376,0.15892833,cardio_sham,cardiomegaly,00013643_000.png,13643,0.0
0,-5.6354885,0.0035562417,0.14297655,cardio_sham,cardiomegaly,00013643_000.png,13643,0.06
0,-4.4917316,0.011077153,0.11398901,cardio_sham,cardiomegaly,00013643_000.png,13643,0.3
0,-5.0702286,0.0062417802,0.07461294,cardio_sham,cardiomegaly,00014779_000.png,14779,0.0
0,-5.05929,0.006309998,0.0747319,cardio_sham,cardiomegaly,00014779_000.png,14779,0.06
0,-5.023157,0.006540647,0.083466955,cardio_sham,cardiomegaly,00014779_000.png,14779,0.3
0,-4.011133,0.01779062,0.07482291,cardio_sham,cardiomegaly,00004758_000.png,4758,0.0
0,-3.6353302,0.025697447,0.07482345,cardio_sham,cardiomegaly,00004758_000.png,4758,0.06
0,-3.659769,0.025092613,0.074826375,cardio_sham,cardiomegaly,00004758_000.png,4758,0.3
0,-5.0077915,0.006641251,0.083741605,cardio_sham,cardiomegaly,00012296_000.png,12296,0.0
0,-4.986185,0.006785322,0.08349357,cardio_sham,cardiomegaly,00012296_000.png,12296,0.06
0,-5.2121468,0.00542042,0.083670996,cardio_sham,cardiomegaly,00012296_000.png,12296,0.3
0,-4.7917366,0.008229743,0.10404383,cardio_sham,cardiomegaly,00006330_000.png,6330,0.0
0,-4.425644,0.011824999,0.10384743,cardio_sham,cardiomegaly,00006330_000.png,6330,0.06
0,-4.17531,0.015137751,0.093244255,cardio_sham,cardiomegaly,00006330_000.png,6330,0.3
0,3.5007114,0.970708,0.23898372,cardio_sham,cardiomegaly,00018117_008.png,18117,0.0
0,3.0464096,0.95462734,0.21882993,cardio_sham,cardiomegaly,00018117_008.png,18117,0.06
0,3.5834808,0.9729719,0.2617777,cardio_sham,cardiomegaly,00018117_008.png,18117,0.3
0,-2.4399815,0.080174275,0.039164726,cardio_sham,cardiomegaly,00022617_000.png,22617,0.0
0,-0.87067986,0.29511288,0.03090729,cardio_sham,cardiomegaly,00022617_000.png,22617,0.06
0,-1.7198219,0.15189411,0.03701561,cardio_sham,cardiomegaly,00022617_000.png,22617,0.3
0,-1.2182198,0.2282499,0.049627554,cardio_sham,cardiomegaly,00001950_001.png,1950,0.0
0,-2.5285797,0.07387877,0.07517719,cardio_sham,cardiomegaly,00001950_001.png,1950,0.06
0,-3.9619732,0.018670324,0.09233345,cardio_sham,cardiomegaly,00001950_001.png,1950,0.3
0,-5.277712,0.005078177,0.08307833,cardio_sham,cardiomegaly,00011465_000.png,11465,0.0
0,-5.359764,0.0046800096,0.0930449,cardio_sham,cardiomegaly,00011465_000.png,11465,0.06
0,-5.0449104,0.0064008026,0.06640942,cardio_sham,cardiomegaly,00011465_000.png,11465,0.3
0,-5.4378834,0.004329849,0.14370327,cardio_sham,cardiomegaly,00013640_000.png,13640,0.0
0,-5.4766636,0.004165837,0.12986721,cardio_sham,cardiomegaly,00013640_000.png,13640,0.06
0,-5.7140446,0.0032884516,0.13011608,cardio_sham,cardiomegaly,00013640_000.png,13640,0.3
0,-5.273676,0.0050986083,0.10424866,cardio_sham,cardiomegaly,00016023_004.png,16023,0.0
0,-5.1935005,0.005521876,0.11614122,cardio_sham,cardiomegaly,00016023_004.png,16023,0.06
0,-5.230673,0.005321455,0.104544796,cardio_sham,cardiomegaly,00016023_004.png,16023,0.3
0,-2.8511772,0.054620497,0.060335457,cardio_sham,cardiomegaly,00002669_000.png,2669,0.0
0,-1.9206619,0.12778777,0.045683578,cardio_sham,cardiomegaly,00002669_000.png,2669,0.06
0,0.66433716,0.660234,0.037665416,cardio_sham,cardiomegaly,00002669_000.png,2669,0.3
0,-0.35486794,0.41220242,0.050642736,cardio_sham,cardiomegaly,00018675_000.png,18675,0.0
0,8.997822,0.9998764,0.63870776,cardio_sham,cardiomegaly,00018675_000.png,18675,0.06
0,15.713497,0.9999999,0.9507921,cardio_sham,cardiomegaly,00018675_000.png,18675,0.3
0,-5.064602,0.006276778,0.104328044,cardio_sham,cardiomegaly,00021334_000.png,21334,0.0
0,-5.20541,0.0054568597,0.11611492,cardio_sham,cardiomegaly,00021334_000.png,21334,0.06
0,-4.9520473,0.007019303,0.09326687,cardio_sham,cardiomegaly,00021334_000.png,21334,0.3
0,-4.5225964,0.010744099,0.059069194,cardio_sham,cardiomegaly,00020065_012.png,20065,0.0
0,-4.715332,0.008877377,0.06634077,cardio_sham,cardiomegaly,00020065_012.png,20065,0.06
0,-4.3753357,0.012427529,0.058811978,cardio_sham,cardiomegaly,00020065_012.png,20065,0.3
0,15.812469,0.9999999,0.986993,cardio_sham,cardiomegaly,00029006_001.png,29006,0.0
0,15.289976,0.99999976,0.97313,cardio_sham,cardiomegaly,00029006_001.png,29006,0.06
0,15.556611,0.9999999,0.9811978,cardio_sham,cardiomegaly,00029006_001.png,29006,0.3
0,-3.4907131,0.029577628,0.04708925,cardio_sham,cardiomegaly,00000408_000.png,408,0.0
0,-4.017515,0.017679442,0.052640416,cardio_sham,cardiomegaly,00000408_000.png,408,0.06
0,3.5317383,0.9715774,0.10653899,cardio_sham,cardiomegaly,00000408_000.png,408,0.3
0,-5.871956,0.0028094423,0.16036227,cardio_sham,cardiomegaly,00022065_031.png,22065,0.0
0,-5.6788807,0.0034057428,0.15994601,cardio_sham,cardiomegaly,00022065_031.png,22065,0.06
0,-3.384348,0.03278823,0.11599838,cardio_sham,cardiomegaly,00022065_031.png,22065,0.3
0,-4.6003475,0.009948378,0.0932738,cardio_sham,cardiomegaly,00024896_000.png,24896,0.0
0,-4.879156,0.0075460523,0.0929748,cardio_sham,cardiomegaly,00024896_000.png,24896,0.06
0,-4.6740932,0.009247667,0.08335377,cardio_sham,cardiomegaly,00024896_000.png,24896,0.3
0,-5.454626,0.004258265,0.12925164,cardio_sham,cardiomegaly,00002295_000.png,2295,0.0
0,-5.705641,0.0033161114,0.12918438,cardio_sham,cardiomegaly,00002295_000.png,2295,0.06
0,-5.638216,0.0035465895,0.1158002,cardio_sham,cardiomegaly,00002295_000.png,2295,0.3
0,-3.9265518,0.01933049,0.07479698,cardio_sham,cardiomegaly,00018283_002.png,18283,0.0
0,-3.582243,0.027060602,0.059756815,cardio_sham,cardiomegaly,00018283_002.png,18283,0.06
0,7.110752,0.9991844,0.39704806,cardio_sham,cardiomegaly,00018283_002.png,18283,0.3
0,-3.9953175,0.018069103,0.07458519,cardio_sham,cardiomegaly,00002592_001.png,2592,0.0
0,-4.3610744,0.012603781,0.07471911,cardio_sham,cardiomegaly,00002592_001.png,2592,0.06
0,-3.43882,0.031104028,0.093979836,cardio_sham,cardiomegaly,00002592_001.png,2592,0.3
0,-5.4588375,0.0042404453,0.093203224,cardio_sham,cardiomegaly,00002081_003.png,2081,0.0
0,-3.9032402,0.019777393,0.0665081,cardio_sham,cardiomegaly,00002081_003.png,2081,0.06
0,-2.82716,0.05587403,0.053959616,cardio_sham,cardiomegaly,00002081_003.png,2081,0.3
0,-4.85408,0.007736186,0.09292911,cardio_sham,cardiomegaly,00002223_001.png,2223,0.0
0,-4.9168453,0.007268968,0.10430484,cardio_sham,cardiomegaly,00002223_001.png,2223,0.06
0,-4.656452,0.0094107045,0.08339027,cardio_sham,cardiomegaly,00002223_001.png,2223,0.3
0,-5.067026,0.006261675,0.15574154,cardio_sham,cardiomegaly,00003331_001.png,3331,0.0
0,-5.3203373,0.004867297,0.15755497,cardio_sham,cardiomegaly,00003331_001.png,3331,0.06
0,-5.3625546,0.0046670293,0.17374337,cardio_sham,cardiomegaly,00003331_001.png,3331,0.3
0,-5.2450695,0.0052457917,0.14384063,cardio_sham,cardiomegaly,00024072_000.png,24072,0.0
0,-5.5170784,0.004001492,0.15832998,cardio_sham,cardiomegaly,00024072_000.png,24072,0.06
0,-5.4598637,0.0042361147,0.14306498,cardio_sham,cardiomegaly,00024072_000.png,24072,0.3
0,-5.848692,0.002875377,0.26172644,cardio_sham,cardiomegaly,00007265_002.png,7265,0.0
0,-5.717634,0.0032767074,0.28565982,cardio_sham,cardiomegaly,00007265_002.png,7265,0.06
0,-6.2557716,0.0019156676,0.26317766,cardio_sham,cardiomegaly,00007265_002.png,7265,0.3
0,-6.382805,0.0016875224,0.28288797,cardio_sham,cardiomegaly,00008473_006.png,8473,0.0
0,-6.2230167,0.0019793278,0.2582952,cardio_sham,cardiomegaly,00008473_006.png,8473,0.06
0,-4.3591785,0.012627398,0.17488115,cardio_sham,cardiomegaly,00008473_006.png,8473,0.3
0,-4.7850304,0.008284661,0.08306972,cardio_sham,cardiomegaly,00029169_000.png,29169,0.0
0,-4.6893997,0.009108475,0.07411352,cardio_sham,cardiomegaly,00029169_000.png,29169,0.06
0,9.871265,0.9999484,0.552698,cardio_sham,cardiomegaly,00029169_000.png,29169,0.3
0,-1.3914318,0.19917928,0.030348398,cardio_sham,cardiomegaly,00024301_000.png,24301,0.0
0,-2.1198387,0.1071835,0.031431284,cardio_sham,cardiomegaly,00024301_000.png,24301,0.06
0,-3.4562397,0.030583322,0.04196975,cardio_sham,cardiomegaly,00024301_000.png,24301,0.3
0,11.133171,0.99998534,0.61448264,cardio_sham,cardiomegaly,00014976_001.png,14976,0.0
0,7.692423,0.99954396,0.3377814,cardio_sham,cardiomegaly,00014976_001.png,14976,0.06
0,10.731703,0.9999782,0.5834575,cardio_sham,cardiomegaly,00014976_001.png,14976,0.3
0,-3.2845821,0.036103915,0.05270175,cardio_sham,cardiomegaly,00011633_001.png,11633,0.0
0,-3.4895058,0.029612303,0.058856387,cardio_sham,cardiomegaly,00011633_001.png,11633,0.06
0,-3.9517536,0.018858487,0.07345614,cardio_sham,cardiomegaly,00011633_001.png,11633,0.3
1,-5.309166,0.0049217073,0.2746254,cardio_sham,cardiomegaly,00010334_005.png,10334,0.0
1,-4.9719887,0.006881668,0.2108089,cardio_sham,cardiomegaly,00010334_005.png,10334,0.06
1,-3.5369644,0.028278584,0.16430196,cardio_sham,cardiomegaly,00010334_005.png,10334,0.3
1,0.7627411,0.68194854,0.10524407,cardio_sham,cardiomegaly,00021520_000.png,21520,0.0
1,0.04637909,0.5115927,0.083539784,cardio_sham,cardiomegaly,00021520_000.png,21520,0.06
1,1.2514572,0.777552,0.12655266,cardio_sham,cardiomegaly,00021520_000.png,21520,0.3
1,-4.489586,0.011100683,0.13216932,cardio_sham,cardiomegaly,00028870_002.png,28870,0.0
1,-4.5736275,0.010215031,0.14700414,cardio_sham,cardiomegaly,00028870_002.png,28870,0.06
1,-4.64312,0.009535807,0.13381635,cardio_sham,cardiomegaly,00028870_002.png,28870,0.3
1,-4.36751,0.0125239445,0.15130253,cardio_sham,cardiomegaly,00009638_025.png,9638,0.0
1,-3.7816162,0.022278208,0.14865139,cardio_sham,cardiomegaly,00009638_025.png,9638,0.06
1,-4.0943832,0.01639282,0.17948702,cardio_sham,cardiomegaly,00009638_025.png,9638,0.3
1,-3.843401,0.020971406,0.1110265,cardio_sham,cardiomegaly,00017862_007.png,17862,0.0
1,-0.2442894,0.43922955,0.06525301,cardio_sham,cardiomegaly,00017862_007.png,17862,0.06
1,-3.0292015,0.046123944,0.10067717,cardio_sham,cardiomegaly,00017862_007.png,17862,0.3
1,-3.2483482,0.037386287,0.06372155,cardio_sham,cardiomegaly,00004082_001.png,4082,0.0
1,-3.3013096,0.03552629,0.06372574,cardio_sham,cardiomegaly,00004082_001.png,4082,0.06
1,-3.4783382,0.029934898,0.071045995,cardio_sham,cardiomegaly,00004082_001.png,4082,0.3
1,-4.7231483,0.008808869,0.23271021,cardio_sham,cardiomegaly,00025263_006.png,25263,0.0
1,-4.3730526,0.012455582,0.20781218,cardio_sham,cardiomegaly,00025263_006.png,25263,0.06
1,-0.38081932,0.40592933,0.11380986,cardio_sham,cardiomegaly,00025263_006.png,25263,0.3
1,-5.234249,0.0053025587,0.20229171,cardio_sham,cardiomegaly,00025135_000.png,25135,0.0
1,-5.243475,0.005254119,0.20228122,cardio_sham,cardiomegaly,00025135_000.png,25135,0.06
1,-5.2316685,0.005316187,0.22319612,cardio_sham,cardiomegaly,00025135_000.png,25135,0.3
1,-4.920431,0.0072431387,0.15047441,cardio_sham,cardiomegaly,00017128_000.png,17128,0.0
1,-5.004202,0.0066649746,0.16507813,cardio_sham,cardiomegaly,00017128_000.png,17128,0.06
1,-4.993292,0.006737595,0.16705145,cardio_sham,cardiomegaly,00017128_000.png,17128,0.3
1,-4.2572956,0.013962825,0.08904405,cardio_sham,cardiomegaly,00002944_000.png,2944,0.0
1,-4.1579933,0.0153981,0.08920343,cardio_sham,cardiomegaly,00002944_000.png,2944,0.06
1,-4.115183,0.016060796,0.08920216,cardio_sham,cardiomegaly,00002944_000.png,2944,0.3
1,-3.6706161,0.02482862,0.098544605,cardio_sham,cardiomegaly,00012372_005.png,12372,0.0
1,-4.174618,0.015148076,0.1104803,cardio_sham,cardiomegaly,00012372_005.png,12372,0.06
1,-4.7021008,0.008994553,0.13923442,cardio_sham,cardiomegaly,00012372_005.png,12372,0.3
1,-2.5701122,0.0710869,0.12285813,cardio_sham,cardiomegaly,00021321_014.png,21321,0.0
1,-1.7692394,0.14563693,0.08508622,cardio_sham,cardiomegaly,00021321_014.png,21321,0.06
1,-2.6968937,0.0631569,0.08923044,cardio_sham,cardiomegaly,00021321_014.png,21321,0.3
1,-4.094475,0.016391343,0.123655446,cardio_sham,cardiomegaly,00017419_000.png,17419,0.0
1,-3.880991,0.020213362,0.110965796,cardio_sham,cardiomegaly,00017419_000.png,17419,0.06
1,-3.4159508,0.031800665,0.099285565,cardio_sham,cardiomegaly,00017419_000.png,17419,0.3
1,-3.352068,0.03382751,0.25620624,cardio_sham,cardiomegaly,00028330_009.png,28330,0.0
1,0.07377815,0.51843613,0.18776143,cardio_sham,cardiomegaly,00028330_009.png,28330,0.06
1,2.697647,0.9368876,0.43140307,cardio_sham,cardiomegaly,00028330_009.png,28330,0.3
1,-4.2638206,0.0138732735,0.123208456,cardio_sham,cardiomegaly,00007944_005.png,7944,0.0
1,-4.5149326,0.010825861,0.12506987,cardio_sham,cardiomegaly,00007944_005.png,7944,0.06
1,-4.469206,0.011326647,0.15244867,cardio_sham,cardiomegaly,00007944_005.png,7944,0.3
1,-5.3437824,0.0047550467,0.18482725,cardio_sham,cardiomegaly,00003659_005.png,3659,0.0
1,-5.307358,0.0049305707,0.20220275,cardio_sham,cardiomegaly,00003659_005.png,3659,0.06
1,-5.316223,0.004887265,0.20211609,cardio_sham,cardiomegaly,00003659_005.png,3659,0.3
1,-4.670353,0.009281999,0.13683967,cardio_sham,cardiomegaly,00021359_000.png,21359,0.0
1,-4.4166107,0.01193102,0.12163753,cardio_sham,cardiomegaly,00021359_000.png,21359,0.06
1,-4.4560833,0.011474544,0.13563927,cardio_sham,cardiomegaly,00021359_000.png,21359,0.3
1,-2.3951664,0.08354203,0.10895062,cardio_sham,cardiomegaly,00003245_000.png,3245,0.0
1,-1.4082184,0.19651522,0.09929979,cardio_sham,cardiomegaly,00003245_000.png,3245,0.06
1,2.0920448,0.8901276,0.15748622,cardio_sham,cardiomegaly,00003245_000.png,3245,0.3
1,-4.344202,0.012815495,0.14737865,cardio_sham,cardiomegaly,00019859_000.png,19859,0.0
1,-4.537014,0.010591934,0.14917496,cardio_sham,cardiomegaly,00019859_000.png,19859,0.06
1,-4.438282,0.011678228,0.13400353,cardio_sham,cardiomegaly,00019859_000.png,19859,0.3
1,-3.6640663,0.024987703,0.1418195,cardio_sham,cardiomegaly,00009981_000.png,9981,0.0
1,-3.7915764,0.022062287,0.15983436,cardio_sham,cardiomegaly,00009981_000.png,9981,0.06
1,-3.812605,0.021613115,0.14618056,cardio_sham,cardiomegaly,00009981_000.png,9981,0.3
1,13.210572,0.9999982,0.93400365,cardio_sham,cardiomegaly,00012646_014.png,12646,0.0
1,0.9402733,0.7191549,0.07246151,cardio_sham,cardiomegaly,00012646_014.png,12646,0.06
1,14.104161,0.9999993,0.9483805,cardio_sham,cardiomegaly,00012646_014.png,12646,0.3
1,-4.3648186,0.012557272,0.13416322,cardio_sham,cardiomegaly,00016229_000.png,16229,0.0
1,-4.227379,0.014380761,0.13435335,cardio_sham,cardiomegaly,00016229_000.png,16229,0.06
1,-4.0551434,0.017037682,0.12066522,cardio_sham,cardiomegaly,00016229_000.png,16229,0.3
1,-3.901497,0.019811217,0.19635704,cardio_sham,cardiomegaly,00014666_000.png,14666,0.0
1,-1.6990223,0.15459299,0.14009303,cardio_sham,cardiomegaly,00014666_000.png,14666,0.06
1,13.705765,0.9999989,0.958422,cardio_sham,cardiomegaly,00014666_000.png,14666,0.3
1,-4.826523,0.007950621,0.23658545,cardio_sham,cardiomegaly,00023514_000.png,23514,0.0
1,-4.909773,0.007320183,0.2399517,cardio_sham,cardiomegaly,00023514_000.png,23514,0.06
1,-4.7803783,0.00832297,0.21808314,cardio_sham,cardiomegaly,00023514_000.png,23514,0.3
1,-4.4894276,0.011102421,0.12525396,cardio_sham,cardiomegaly,00014637_002.png,14637,0.0
1,-4.3397408,0.012872057,0.12432179,cardio_sham,cardiomegaly,00014637_002.png,14637,0.06
1,-4.4484196,0.0115618,0.1243243,cardio_sham,cardiomegaly,00014637_002.png,14637,0.3
1,-3.5525475,0.02785351,0.1182445,cardio_sham,cardiomegaly,00004093_002.png,4093,0.0
1,-3.5250187,0.028608693,0.1300872,cardio_sham,cardiomegaly,00004093_002.png,4093,0.06
1,2.157999,0.89641386,0.13999873,cardio_sham,cardiomegaly,00004093_002.png,4093,0.3
1,-4.046667,0.017180217,0.19431376,cardio_sham,cardiomegaly,00003228_001.png,3228,0.0
1,-4.3102455,0.01325227,0.21402416,cardio_sham,cardiomegaly,00003228_001.png,3228,0.06
1,-3.8187714,0.021483103,0.15910004,cardio_sham,cardiomegaly,00003228_001.png,3228,0.3
1,-4.1370544,0.015718795,0.16187865,cardio_sham,cardiomegaly,00004698_002.png,4698,0.0
1,-3.9823132,0.018301286,0.16216601,cardio_sham,cardiomegaly,00004698_002.png,4698,0.06
1,-4.016983,0.017688686,0.14590019,cardio_sham,cardiomegaly,00004698_002.png,4698,0.3
1,-4.752886,0.008552979,0.09011092,cardio_sham,cardiomegaly,00013980_000.png,13980,0.0
1,-4.483042,0.011172751,0.0798963,cardio_sham,cardiomegaly,00013980_000.png,13980,0.06
1,0.33522987,0.5830313,0.051871832,cardio_sham,cardiomegaly,00013980_000.png,13980,0.3
1,-3.861824,0.02059647,0.15034468,cardio_sham,cardiomegaly,00004497_004.png,4497,0.0
1,-3.9093075,0.019660112,0.13790882,cardio_sham,cardiomegaly,00004497_004.png,4497,0.06
1,7.3334827,0.99934715,0.6048462,cardio_sham,cardiomegaly,00004497_004.png,4497,0.3
1,-4.4861317,0.0111386655,0.16118357,cardio_sham,cardiomegaly,00027398_000.png,27398,0.0
1,-4.239525,0.014209616,0.1429761,cardio_sham,cardiomegaly,00027398_000.png,27398,0.06
1,-4.1712494,0.0151984105,0.13052267,cardio_sham,cardiomegaly,00027398_000.png,27398,0.3
1,-2.4867039,0.07679556,0.13585024,cardio_sham,cardiomegaly,00008832_000.png,8832,0.0
1,-1.9423599,0.12538882,0.119806804,cardio_sham,cardiomegaly,00008832_000.png,8832,0.06
1,-2.8895035,0.052674886,0.13192351,cardio_sham,cardiomegaly,00008832_000.png,8832,0.3
1,-4.3518105,0.012719593,0.13581513,cardio_sham,cardiomegaly,00000346_000.png,346,0.0
1,-4.449377,0.011550862,0.13580368,cardio_sham,cardiomegaly,00000346_000.png,346,0.06
1,-4.0716534,0.016763374,0.10959284,cardio_sham,cardiomegaly,00000346_000.png,346,0.3
1,-2.382738,0.08449851,0.07414241,cardio_sham,cardiomegaly,00025673_000.png,25673,0.0
1,-2.1129837,0.10784127,0.0666129,cardio_sham,cardiomegaly,00025673_000.png,25673,0.06
1,-1.5693932,0.17230293,0.0631071,cardio_sham,cardiomegaly,00025673_000.png,25673,0.3
1,-1.7847328,0.14371972,0.12978351,cardio_sham,cardiomegaly,00017758_000.png,17758,0.0
1,-1.6416454,0.1622413,0.118332885,cardio_sham,cardiomegaly,00017758_000.png,17758,0.06
1,-1.1635876,0.23801602,0.10371799,cardio_sham,cardiomegaly,00017758_000.png,17758,0.3
1,-4.109083,0.016157473,0.071535714,cardio_sham,cardiomegaly,00021572_022.png,21572,0.0
1,-3.7484589,0.023011994,0.071348265,cardio_sham,cardiomegaly,00021572_022.png,21572,0.06
1,-3.2901192,0.03591172,0.0511266,cardio_sham,cardiomegaly,00021572_022.png,21572,0.3
1,-3.957365,0.01875494,0.14113444,cardio_sham,cardiomegaly,00011504_023.png,11504,0.0
1,-3.9580154,0.018742975,0.15698035,cardio_sham,cardiomegaly,00011504_023.png,11504,0.06
1,-3.9319172,0.019229043,0.15697932,cardio_sham,cardiomegaly,00011504_023.png,11504,0.3
1,-4.524517,0.010723704,0.1759598,cardio_sham,cardiomegaly,00029901_000.png,29901,0.0
1,-4.4413586,0.011642773,0.16119137,cardio_sham,cardiomegaly,00029901_000.png,29901,0.06
1,-1.7352085,0.14992256,0.07824861,cardio_sham,cardiomegaly,00029901_000.png,29901,0.3
1,-5.0893726,0.0061241477,0.21429509,cardio_sham,cardiomegaly,00009771_000.png,9771,0.0
1,-5.156967,0.0057261623,0.1997342,cardio_sham,cardiomegaly,00009771_000.png,9771,0.06
1,-4.5607586,0.010345967,0.1611796,cardio_sham,cardiomegaly,00009771_000.png,9771,0.3
1,-5.9513664,0.002595528,0.53121716,cardio_sham,cardiomegaly,00011470_006.png,11470,0.0
1,-6.070732,0.0023041605,0.5620196,cardio_sham,cardiomegaly,00011470_006.png,11470,0.06
1,-5.923317,0.0026691647,0.5311455,cardio_sham,cardiomegaly,00011470_006.png,11470,0.3
1,-4.502468,0.010960156,0.13560414,cardio_sham,cardiomegaly,00017512_000.png,17512,0.0
1,-4.476242,0.011248124,0.13559836,cardio_sham,cardiomegaly,00017512_000.png,17512,0.06
1,-4.5291843,0.0106743025,0.13693197,cardio_sham,cardiomegaly,00017512_000.png,17512,0.3
1,-4.7593403,0.00849842,0.20031393,cardio_sham,cardiomegaly,00022227_000.png,22227,0.0
1,-4.8371887,0.007866934,0.1810356,cardio_sham,cardiomegaly,00022227_000.png,22227,0.06
1,-4.6900673,0.009102453,0.2028261,cardio_sham,cardiomegaly,00022227_000.png,22227,0.3
1,-4.909935,0.0073190047,0.2001655,cardio_sham,cardiomegaly,00013421_000.png,13421,0.0
1,-4.9282417,0.007187191,0.2179203,cardio_sham,cardiomegaly,00013421_000.png,13421,0.06
1,-5.031273,0.0064881225,0.23980838,cardio_sham,cardiomegaly,00013421_000.png,13421,0.3
1,-4.9241333,0.0072165667,0.20261341,cardio_sham,cardiomegaly,00013342_003.png,13342,0.0
1,-4.816742,0.008028138,0.18529145,cardio_sham,cardiomegaly,00013342_003.png,13342,0.06
1,-4.738657,0.008674484,0.18330848,cardio_sham,cardiomegaly,00013342_003.png,13342,0.3
1,-6.1210995,0.002191228,0.5125408,cardio_sham,cardiomegaly,00026876_010.png,26876,0.0
1,-5.9397964,0.0026256533,0.48144925,cardio_sham,cardiomegaly,00026876_010.png,26876,0.06
1,-5.20051,0.0054835165,0.34948587,cardio_sham,cardiomegaly,00026876_010.png,26876,0.3
1,-3.9069328,0.019705934,0.090207286,cardio_sham,cardiomegaly,00022251_000.png,22251,0.0
1,-3.9263535,0.019334251,0.09040532,cardio_sham,cardiomegaly,00022251_000.png,22251,0.06
1,-4.279711,0.013657554,0.10048657,cardio_sham,cardiomegaly,00022251_000.png,22251,0.3
1,-5.0800285,0.0061812857,0.18067066,cardio_sham,cardiomegaly,00028644_007.png,28644,0.0
1,-5.1832867,0.0055782483,0.19967051,cardio_sham,cardiomegaly,00028644_007.png,28644,0.06
1,-4.8669987,0.007637648,0.183176,cardio_sham,cardiomegaly,00028644_007.png,28644,0.3
1,-4.968275,0.0069070947,0.25961143,cardio_sham,cardiomegaly,00020221_000.png,20221,0.0
1,-4.906336,0.0073452005,0.23647062,cardio_sham,cardiomegaly,00020221_000.png,20221,0.06
1,-4.9113083,0.007309034,0.23632246,cardio_sham,cardiomegaly,00020221_000.png,20221,0.3
1,-2.686966,0.063746855,0.10061161,cardio_sham,cardiomegaly,00012161_007.png,12161,0.0
1,-3.5768242,0.027203633,0.13885824,cardio_sham,cardiomegaly,00012161_007.png,12161,0.06
1,-3.2541695,0.03717735,0.13369064,cardio_sham,cardiomegaly,00012161_007.png,12161,0.3
1,-3.7914906,0.022064138,0.2606211,cardio_sham,cardiomegaly,00028785_004.png,28785,0.0
1,-2.217039,0.09823077,0.17852154,cardio_sham,cardiomegaly,00028785_004.png,28785,0.06
1,-2.5426407,0.072922446,0.17538588,cardio_sham,cardiomegaly,00028785_004.png,28785,0.3
1,-4.9783134,0.006838578,0.12578698,cardio_sham,cardiomegaly,00027155_000.png,27155,0.0
1,-4.9054317,0.0073517957,0.12479391,cardio_sham,cardiomegaly,00027155_000.png,27155,0.06
1,-4.734581,0.008709605,0.12500992,cardio_sham,cardiomegaly,00027155_000.png,27155,0.3
1,-4.578804,0.010162826,0.17580616,cardio_sham,cardiomegaly,00028191_000.png,28191,0.0
1,-4.8111897,0.008072477,0.1909422,cardio_sham,cardiomegaly,00028191_000.png,28191,0.06
1,-1.5144329,0.18028277,0.23597462,cardio_sham,cardiomegaly,00028191_000.png,28191,0.3
1,-3.2986927,0.035616066,0.09672046,cardio_sham,cardiomegaly,00002593_001.png,2593,0.0
1,-3.457178,0.030555513,0.08758599,cardio_sham,cardiomegaly,00002593_001.png,2593,0.06
1,-2.4850693,0.07691153,0.07150543,cardio_sham,cardiomegaly,00002593_001.png,2593,0.3
1,-4.5851803,0.010098882,0.11122073,cardio_sham,cardiomegaly,00015391_000.png,15391,0.0
1,-4.6359253,0.009604,0.12404143,cardio_sham,cardiomegaly,00015391_000.png,15391,0.06
1,-4.6613274,0.009365366,0.12282998,cardio_sham,cardiomegaly,00015391_000.png,15391,0.3
1,-0.8439617,0.30070105,0.06257961,cardio_sham,cardiomegaly,00004730_000.png,4730,0.0
1,-3.2674007,0.036706626,0.1064631,cardio_sham,cardiomegaly,00004730_000.png,4730,0.06
1,-0.383543,0.40527263,0.05831096,cardio_sham,cardiomegaly,00004730_000.png,4730,0.3
1,-4.467003,0.011351343,0.18163006,cardio_sham,cardiomegaly,00014343_000.png,14343,0.0
1,-4.5247593,0.010721133,0.18141796,cardio_sham,cardiomegaly,00014343_000.png,14343,0.06
1,-4.4739933,0.0112731615,0.18141988,cardio_sham,cardiomegaly,00014343_000.png,14343,0.3
1,-4.5182915,0.01078995,0.26374337,cardio_sham,cardiomegaly,00004176_001.png,4176,0.0
1,-4.5009613,0.010976502,0.24042493,cardio_sham,cardiomegaly,00004176_001.png,4176,0.06
1,-4.5886593,0.010064162,0.2637284,cardio_sham,cardiomegaly,00004176_001.png,4176,0.3
1,-4.7214947,0.008823319,0.24009791,cardio_sham,cardiomegaly,00018186_004.png,18186,0.0
1,-4.3681793,0.012515668,0.21539499,cardio_sham,cardiomegaly,00018186_004.png,18186,0.06
1,3.521429,0.9712914,0.25573665,cardio_sham,cardiomegaly,00018186_004.png,18186,0.3
1,-4.9916573,0.0067485427,0.2025326,cardio_sham,cardiomegaly,00018868_000.png,18868,0.0
1,-5.14299,0.005806291,0.2233202,cardio_sham,cardiomegaly,00018868_000.png,18868,0.06
1,-5.028429,0.0065064793,0.20238765,cardio_sham,cardiomegaly,00018868_000.png,18868,0.3
1,-2.5040226,0.07557666,0.093528464,cardio_sham,cardiomegaly,00023982_000.png,23982,0.0
1,-3.1579723,0.04077829,0.11745483,cardio_sham,cardiomegaly,00023982_000.png,23982,0.06
1,11.104406,0.999985,0.8307208,cardio_sham,cardiomegaly,00023982_000.png,23982,0.3
1,-4.0049,0.017899867,0.1988191,cardio_sham,cardiomegaly,00017467_011.png,17467,0.0
1,-4.1014843,0.016278712,0.20130305,cardio_sham,cardiomegaly,00017467_011.png,17467,0.06
1,-3.8300953,0.02124634,0.2429088,cardio_sham,cardiomegaly,00017467_011.png,17467,0.3
1,-3.9068851,0.019706855,0.17079473,cardio_sham,cardiomegaly,00000348_003.png,348,0.0
1,-3.8971062,0.01989666,0.18885855,cardio_sham,cardiomegaly,00000348_003.png,348,0.06
1,-4.193964,0.014862148,0.19559845,cardio_sham,cardiomegaly,00000348_003.png,348,0.3
1,-3.492937,0.02951386,0.13226427,cardio_sham,cardiomegaly,00003084_001.png,3084,0.0
1,-3.6489944,0.025357543,0.10745461,cardio_sham,cardiomegaly,00003084_001.png,3084,0.06
1,-3.6216927,0.02604111,0.12005228,cardio_sham,cardiomegaly,00003084_001.png,3084,0.3
1,-3.5722828,0.027324075,0.11654481,cardio_sham,cardiomegaly,00002375_000.png,2375,0.0
1,-3.1637096,0.040554464,0.11568744,cardio_sham,cardiomegaly,00002375_000.png,2375,0.06
1,-2.1365871,0.10559127,0.08604543,cardio_sham,cardiomegaly,00002375_000.png,2375,0.3
1,-4.401037,0.012116014,0.12315383,cardio_sham,cardiomegaly,00015170_005.png,15170,0.0
1,-4.4754677,0.0112567395,0.11124489,cardio_sham,cardiomegaly,00015170_005.png,15170,0.06
1,-4.5101395,0.010877309,0.111237146,cardio_sham,cardiomegaly,00015170_005.png,15170,0.3
1,-3.5297527,0.028477427,0.13009198,cardio_sham,cardiomegaly,00020074_003.png,20074,0.0
1,-3.757244,0.022815306,0.11977053,cardio_sham,cardiomegaly,00020074_003.png,20074,0.06
1,-3.8541107,0.02075264,0.1194801,cardio_sham,cardiomegaly,00020074_003.png,20074,0.3
1,-3.8140068,0.02158349,0.133552,cardio_sham,cardiomegaly,00018267_000.png,18267,0.0
1,-3.9061852,0.019720381,0.1480338,cardio_sham,cardiomegaly,00018267_000.png,18267,0.06
1,-4.017948,0.017671926,0.14805277,cardio_sham,cardiomegaly,00018267_000.png,18267,0.3
1,-4.2458153,0.014121769,0.1733302,cardio_sham,cardiomegaly,00018174_000.png,18174,0.0
1,-4.521965,0.010750812,0.21159099,cardio_sham,cardiomegaly,00018174_000.png,18174,0.06
1,-4.348812,0.012757301,0.19172022,cardio_sham,cardiomegaly,00018174_000.png,18174,0.3
1,-4.5943756,0.010007371,0.17860894,cardio_sham,cardiomegaly,00013643_000.png,13643,0.0
1,-4.5292263,0.01067386,0.17595083,cardio_sham,cardiomegaly,00013643_000.png,13643,0.06
1,-3.4259014,0.031495713,0.15207034,cardio_sham,cardiomegaly,00013643_000.png,13643,0.3
1,-4.8672028,0.0076361015,0.15225342,cardio_sham,cardiomegaly,00014779_000.png,14779,0.0
1,-4.833557,0.007895331,0.15212773,cardio_sham,cardiomegaly,00014779_000.png,14779,0.06
1,-4.799967,0.008162839,0.16731621,cardio_sham,cardiomegaly,00014779_000.png,14779,0.3
1,-4.885496,0.0074987193,0.24302614,cardio_sham,cardiomegaly,00004758_000.png,4758,0.0
1,-4.7407494,0.00865651,0.21466357,cardio_sham,cardiomegaly,00004758_000.png,4758,0.06
1,-4.823656,0.007973264,0.23632275,cardio_sham,cardiomegaly,00004758_000.png,4758,0.3
1,-4.637533,0.0095887175,0.16927429,cardio_sham,cardiomegaly,00012296_000.png,12296,0.0
1,-4.698122,0.009030088,0.16926703,cardio_sham,cardiomegaly,00012296_000.png,12296,0.06
1,-4.9554825,0.0069954,0.18724854,cardio_sham,cardiomegaly,00012296_000.png,12296,0.3
1,-4.883911,0.0075105242,0.20007265,cardio_sham,cardiomegaly,00006330_000.png,6330,0.0
1,-4.686693,0.009132936,0.19759552,cardio_sham,cardiomegaly,00006330_000.png,6330,0.06
1,-4.4397507,0.01166129,0.19782966,cardio_sham,cardiomegaly,00006330_000.png,6330,0.3
1,-3.116396,0.04243598,0.18705054,cardio_sham,cardiomegaly,00018117_008.png,18117,0.0
1,-3.023384,0.04638057,0.19383691,cardio_sham,cardiomegaly,00018117_008.png,18117,0.06
1,-2.4799824,0.077273466,0.16316794,cardio_sham,cardiomegaly,00018117_008.png,18117,0.3
1,-3.3471527,0.033988524,0.10821473,cardio_sham,cardiomegaly,00022617_000.png,22617,0.0
1,-2.8613663,0.054096743,0.08720778,cardio_sham,cardiomegaly,00022617_000.png,22617,0.06
1,-3.1702442,0.04030097,0.0870921,cardio_sham,cardiomegaly,00022617_000.png,22617,0.3
1,-2.3663826,0.08577237,0.10563583,cardio_sham,cardiomegaly,00001950_001.png,1950,0.0
1,-2.8811455,0.05309352,0.11697379,cardio_sham,cardiomegaly,00001950_001.png,1950,0.06
1,-3.6780548,0.024649153,0.16021597,cardio_sham,cardiomegaly,00001950_001.png,1950,0.3
1,-5.0679398,0.006255993,0.15202959,cardio_sham,cardiomegaly,00011465_000.png,11465,0.0
1,-5.0385914,0.006441117,0.16709045,cardio_sham,cardiomegaly,00011465_000.png,11465,0.06
1,-4.849184,0.0077738613,0.15359914,cardio_sham,cardiomegaly,00011465_000.png,11465,0.3
1,-5.00292,0.0066734655,0.18312734,cardio_sham,cardiomegaly,00013640_000.png,13640,0.0
1,-4.766159,0.008441156,0.1654011,cardio_sham,cardiomegaly,00013640_000.png,13640,0.06
1,-5.250204,0.005219066,0.20457321,cardio_sham,cardiomegaly,00013640_000.png,13640,0.3
1,-4.810444,0.008078451,0.18551075,cardio_sham,cardiomegaly,00016023_004.png,16023,0.0
1,-4.9361286,0.007131132,0.18712714,cardio_sham,cardiomegaly,00016023_004.png,16023,0.06
1,-4.934391,0.007143445,0.16722211,cardio_sham,cardiomegaly,00016023_004.png,16023,0.3
1,-3.7907848,0.022079369,0.14407697,cardio_sham,cardiomegaly,00002669_000.png,2669,0.0
1,-3.548006,0.027976744,0.13007535,cardio_sham,cardiomegaly,00002669_000.png,2669,0.06
1,-3.2265415,0.038179044,0.12588356,cardio_sham,cardiomegaly,00002669_000.png,2669,0.3
1,-2.871706,0.053570088,0.11453562,cardio_sham,cardiomegaly,00018675_000.png,18675,0.0
1,-0.76774025,0.31696814,0.10775594,cardio_sham,cardiomegaly,00018675_000.png,18675,0.06
1,12.519505,0.9999963,0.9389324,cardio_sham,cardiomegaly,00018675_000.png,18675,0.3
1,-4.812092,0.008065256,0.16539247,cardio_sham,cardiomegaly,00021334_000.png,21334,0.0
1,-4.886101,0.0074942196,0.18086775,cardio_sham,cardiomegaly,00021334_000.png,21334,0.06
1,-4.7393646,0.008668401,0.16538124,cardio_sham,cardiomegaly,00021334_000.png,21334,0.3
1,-4.1931953,0.014873407,0.13250338,cardio_sham,cardiomegaly,00020065_012.png,20065,0.0
1,-4.3221493,0.013097508,0.14535482,cardio_sham,cardiomegaly,00020065_012.png,20065,0.06
1,-3.9465237,0.018955499,0.1176316,cardio_sham,cardiomegaly,00020065_012.png,20065,0.3
1,12.548868,0.9999964,0.9775622,cardio_sham,cardiomegaly,00029006_001.png,29006,0.0
1,10.849438,0.99998057,0.9536846,cardio_sham,cardiomegaly,00029006_001.png,29006,0.06
1,11.151806,0.9999857,0.96355236,cardio_sham,cardiomegaly,00029006_001.png,29006,0.3
1,-4.321268,0.013108903,0.16368194,cardio_sham,cardiomegaly,00000408_000.png,408,0.0
1,-4.5124855,0.0108520975,0.1634753,cardio_sham,cardiomegaly,00000408_000.png,408,0.06
1,-3.3901196,0.032605685,0.13263112,cardio_sham,cardiomegaly,00000408_000.png,408,0.3
1,-6.0395527,0.0023769613,0.3365862,cardio_sham,cardiomegaly,00022065_031.png,22065,0.0
1,-6.052639,0.0023461303,0.32654738,cardio_sham,cardiomegaly,00022065_031.png,22065,0.06
1,-4.9196186,0.007248984,0.2640056,cardio_sham,cardiomegaly,00022065_031.png,22065,0.3
1,-4.771782,0.008394223,0.2002808,cardio_sham,cardiomegaly,00024896_000.png,24896,0.0
1,-4.800455,0.008158887,0.20011747,cardio_sham,cardiomegaly,00024896_000.png,24896,0.06
1,-4.6852818,0.009145717,0.20029268,cardio_sham,cardiomegaly,00024896_000.png,24896,0.3
1,-5.3031597,0.0049512107,0.21745093,cardio_sham,cardiomegaly,00002295_000.png,2295,0.0
1,-5.131445,0.005873318,0.21753229,cardio_sham,cardiomegaly,00002295_000.png,2295,0.06
1,-5.237774,0.0052839997,0.21743304,cardio_sham,cardiomegaly,00002295_000.png,2295,0.3
1,-3.986494,0.01822632,0.14805499,cardio_sham,cardiomegaly,00018283_002.png,18283,0.0
1,-3.9365883,0.019141145,0.16451997,cardio_sham,cardiomegaly,00018283_002.png,18283,0.06
1,-0.30507088,0.42431837,0.08508081,cardio_sham,cardiomegaly,00018283_002.png,18283,0.3
1,-4.646368,0.009505177,0.21817549,cardio_sham,cardiomegaly,00002592_001.png,2592,0.0
1,-4.6235867,0.009722074,0.18560196,cardio_sham,cardiomegaly,00002592_001.png,2592,0.06
1,-4.676716,0.00922367,0.2801789,cardio_sham,cardiomegaly,00002592_001.png,2592,0.3
1,-5.4244747,0.004388041,0.22027859,cardio_sham,cardiomegaly,00002081_003.png,2081,0.0
1,-4.7041206,0.008976567,0.19113109,cardio_sham,cardiomegaly,00002081_003.png,2081,0.06
1,-4.0594425,0.01696583,0.1847598,cardio_sham,cardiomegaly,00002081_003.png,2081,0.3
1,-4.6514454,0.009457493,0.19764394,cardio_sham,cardiomegaly,00002223_001.png,2223,0.0
1,-4.9155617,0.0072782375,0.22069538,cardio_sham,cardiomegaly,00002223_001.png,2223,0.06
1,-4.595207,0.009999135,0.18350974,cardio_sham,cardiomegaly,00002223_001.png,2223,0.3
1,-4.946768,0.0070561967,0.245946,cardio_sham,cardiomegaly,00003331_001.png,3331,0.0
1,-5.145918,0.0057894145,0.25071037,cardio_sham,cardiomegaly,00003331_001.png,3331,0.06
1,-5.2884903,0.0050240094,0.32144687,cardio_sham,cardiomegaly,00003331_001.png,3331,0.3
1,-5.307472,0.004930009,0.2948504,cardio_sham,cardiomegaly,00024072_000.png,24072,0.0
1,-5.3817883,0.00457853,0.3002624,cardio_sham,cardiomegaly,00024072_000.png,24072,0.06
1,-5.0781612,0.0061927666,0.27973282,cardio_sham,cardiomegaly,00024072_000.png,24072,0.3
1,-5.869547,0.002816199,0.47549343,cardio_sham,cardiomegaly,00007265_002.png,7265,0.0
1,-5.7610264,0.0031380008,0.43800956,cardio_sham,cardiomegaly,00007265_002.png,7265,0.06
1,-6.0688057,0.0023085934,0.48132086,cardio_sham,cardiomegaly,00007265_002.png,7265,0.3
1,-6.536417,0.0014475749,0.48438174,cardio_sham,cardiomegaly,00008473_006.png,8473,0.0
1,-6.418417,0.0016285798,0.453374,cardio_sham,cardiomegaly,00008473_006.png,8473,0.06
1,-5.5213833,0.0039843717,0.3846634,cardio_sham,cardiomegaly,00008473_006.png,8473,0.3
1,-4.500679,0.010979568,0.13563445,cardio_sham,cardiomegaly,00029169_000.png,29169,0.0
1,-4.330755,0.012986733,0.124370046,cardio_sham,cardiomegaly,00029169_000.png,29169,0.06
1,0.666687,0.6607609,0.06758331,cardio_sham,cardiomegaly,00029169_000.png,29169,0.3
1,-3.047821,0.045311637,0.09598194,cardio_sham,cardiomegaly,00024301_000.png,24301,0.0
1,-3.0720787,0.044273786,0.087069996,cardio_sham,cardiomegaly,00024301_000.png,24301,0.06
1,-3.7141304,0.023796549,0.09716003,cardio_sham,cardiomegaly,00024301_000.png,24301,0.3
1,3.8799648,0.97976625,0.2354497,cardio_sham,cardiomegaly,00014976_001.png,14976,0.0
1,1.240715,0.7756884,0.07240531,cardio_sham,cardiomegaly,00014976_001.png,14976,0.06
1,3.659504,0.9749009,0.19442292,cardio_sham,cardiomegaly,00014976_001.png,14976,0.3
1,-4.092169,0.016428564,0.15344934,cardio_sham,cardiomegaly,00011633_001.png,11633,0.0
1,-4.16971,0.015221464,0.16983914,cardio_sham,cardiomegaly,00011633_001.png,11633,0.06
1,-4.484213,0.0111598205,0.19137113,cardio_sham,cardiomegaly,00011633_001.png,11633,0.3
0,-0.3223343,0.42010695,0.07608208,effusion_dose,effusion,00024896_000.png,24896,0.2
0,7.373579,0.9993728,0.67388505,effusion_dose,effusion,00024896_000.png,24896,0.4
0,9.161333,0.999895,0.7942343,effusion_dose,effusion,00024896_000.png,24896,0.6
0,13.913296,0.99999905,0.97313315,effusion_dose,effusion,00024896_000.png,24896,0.8
0,14.161271,0.9999993,0.9762121,effusion_dose,effusion,00024896_000.png,24896,1.0
0,-3.360445,0.03355479,0.09655459,effusion_dose,effusion,00009330_000.png,9330,0.2
0,1.4342422,0.8075614,0.09157778,effusion_dose,effusion,00009330_000.png,9330,0.4
0,12.379097,0.9999958,0.9310181,effusion_dose,effusion,00009330_000.png,9330,0.6
0,12.211821,0.999995,0.92246157,effusion_dose,effusion,00009330_000.png,9330,0.8
0,11.340767,0.9999881,0.86458766,effusion_dose,effusion,00009330_000.png,9330,1.0
0,6.0802326,0.9977176,0.49521804,effusion_dose,effusion,00030775_000.png,30775,0.2
0,11.595287,0.9999908,0.8911241,effusion_dose,effusion,00030775_000.png,30775,0.4
0,10.460474,0.9999714,0.79522455,effusion_dose,effusion,00030775_000.png,30775,0.6
0,15.270453,0.99999976,0.9871754,effusion_dose,effusion,00030775_000.png,30775,0.8
0,15.564143,0.9999999,0.9899109,effusion_dose,effusion,00030775_000.png,30775,1.0
0,9.193102,0.9998983,0.8135707,effusion_dose,effusion,00024020_000.png,24020,0.2
0,14.141047,0.9999993,0.97651374,effusion_dose,effusion,00024020_000.png,24020,0.4
0,14.473831,0.9999995,0.9836757,effusion_dose,effusion,00024020_000.png,24020,0.6
0,14.235015,0.9999993,0.9790775,effusion_dose,effusion,00024020_000.png,24020,0.8
0,14.03027,0.99999917,0.97635436,effusion_dose,effusion,00024020_000.png,24020,1.0
0,-1.0755634,0.25434652,0.062284216,effusion_dose,effusion,00007274_000.png,7274,0.2
0,7.6203957,0.99950993,0.58759266,effusion_dose,effusion,00007274_000.png,7274,0.4
0,12.88876,0.9999975,0.93867344,effusion_dose,effusion,00007274_000.png,7274,0.6
0,13.261049,0.9999982,0.9514593,effusion_dose,effusion,00007274_000.png,7274,0.8
0,14.024561,0.99999917,0.9661917,effusion_dose,effusion,00007274_000.png,7274,1.0
0,9.993988,0.99995434,0.751583,effusion_dose,effusion,00014637_002.png,14637,0.2
0,11.907146,0.9999932,0.8913689,effusion_dose,effusion,00014637_002.png,14637,0.4
0,11.966923,0.9999937,0.90289146,effusion_dose,effusion,00014637_002.png,14637,0.6
0,12.228851,0.9999951,0.91302794,effusion_dose,effusion,00014637_002.png,14637,0.8
0,12.565998,0.99999654,0.9385897,effusion_dose,effusion,00014637_002.png,14637,1.0
0,5.3889103,0.99545383,0.34576735,effusion_dose,effusion,00010987_000.png,10987,0.2
0,13.545628,0.9999987,0.9516332,effusion_dose,effusion,00010987_000.png,10987,0.4
0,12.896795,0.9999975,0.9310838,effusion_dose,effusion,00010987_000.png,10987,0.6
0,12.886597,0.9999975,0.9310108,effusion_dose,effusion,00010987_000.png,10987,0.8
0,13.792799,0.9999989,0.9618507,effusion_dose,effusion,00010987_000.png,10987,1.0
0,7.635044,0.99951696,0.55814767,effusion_dose,effusion,00015910_000.png,15910,0.2
0,12.905577,0.9999975,0.9311302,effusion_dose,effusion,00015910_000.png,15910,0.4
0,13.597651,0.9999988,0.9388873,effusion_dose,effusion,00015910_000.png,15910,0.6
0,13.44561,0.99999857,0.93127763,effusion_dose,effusion,00015910_000.png,15910,0.8
0,14.26523,0.9999994,0.95710915,effusion_dose,effusion,00015910_000.png,15910,1.0
0,-4.1143303,0.016074274,0.06797163,effusion_dose,effusion,00022979_000.png,22979,0.2
0,10.994247,0.9999832,0.8335221,effusion_dose,effusion,00022979_000.png,22979,0.4
0,14.26963,0.9999994,0.9620408,effusion_dose,effusion,00022979_000.png,22979,0.6
0,14.539802,0.9999995,0.979105,effusion_dose,effusion,00022979_000.png,22979,0.8
0,14.421347,0.9999994,0.97650534,effusion_dose,effusion,00022979_000.png,22979,1.0
0,8.8345585,0.99985445,0.74983263,effusion_dose,effusion,00004429_000.png,4429,0.2
0,13.232035,0.9999982,0.9566656,effusion_dose,effusion,00004429_000.png,4429,0.4
0,14.189145,0.9999993,0.96988034,effusion_dose,effusion,00004429_000.png,4429,0.6
0,14.664746,0.9999995,0.9789508,effusion_dose,effusion,00004429_000.png,4429,0.8
0,14.949564,0.99999964,0.9885198,effusion_dose,effusion,00004429_000.png,4429,1.0
0,5.7809696,0.99692374,0.49547815,effusion_dose,effusion,00015816_003.png,15816,0.2
0,12.477789,0.9999962,0.9309875,effusion_dose,effusion,00015816_003.png,15816,0.4
0,13.750835,0.9999989,0.9659944,effusion_dose,effusion,00015816_003.png,15816,0.6
0,13.793432,0.9999989,0.9659998,effusion_dose,effusion,00015816_003.png,15816,0.8
0,14.803912,0.99999964,0.9763279,effusion_dose,effusion,00015816_003.png,15816,1.0
0,3.989397,0.9818256,0.2686557,effusion_dose,effusion,00020065_012.png,20065,0.2
0,13.902195,0.99999905,0.97338814,effusion_dose,effusion,00020065_012.png,20065,0.4
0,13.045889,0.99999785,0.95677334,effusion_dose,effusion,00020065_012.png,20065,0.6
0,13.904741,0.99999905,0.973354,effusion_dose,effusion,00020065_012.png,20065,0.8
0,13.013731,0.99999774,0.9567684,effusion_dose,effusion,00020065_012.png,20065,1.0
0,5.381508,0.9954202,0.3156539,effusion_dose,effusion,00027398_000.png,27398,0.2
0,11.150715,0.9999856,0.8476418,effusion_dose,effusion,00027398_000.png,27398,0.4
0,13.550377,0.9999987,0.9511804,effusion_dose,effusion,00027398_000.png,27398,0.6
0,14.328993,0.9999994,0.97332275,effusion_dose,effusion,00027398_000.png,27398,0.8
0,15.262739,0.99999976,0.9871521,effusion_dose,effusion,00027398_000.png,27398,1.0
0,0.40221596,0.5992199,0.051196855,effusion_dose,effusion,00022902_000.png,22902,0.2
0,10.827831,0.9999802,0.8488131,effusion_dose,effusion,00022902_000.png,22902,0.4
0,12.101574,0.9999944,0.9129511,effusion_dose,effusion,00022902_000.png,22902,0.6
0,13.511513,0.9999987,0.95686126,effusion_dose,effusion,00022902_000.png,22902,0.8
0,14.608372,0.9999995,0.9763376,effusion_dose,effusion,00022902_000.png,22902,1.0
0,0.76670647,0.68280804,0.06705895,effusion_dose,effusion,00026230_000.png,26230,0.2
0,13.453178,0.99999857,0.95174575,effusion_dose,effusion,00026230_000.png,26230,0.4
0,14.546286,0.9999995,0.9836801,effusion_dose,effusion,00026230_000.png,26230,0.6
0,14.765667,0.99999964,0.98155415,effusion_dose,effusion,00026230_000.png,26230,0.8
0,15.284528,0.99999976,0.9886658,effusion_dose,effusion,00026230_000.png,26230,1.0
0,-0.105745316,0.47358826,0.052942947,effusion_dose,effusion,00024174_000.png,24174,0.2
0,9.742277,0.99994123,0.83251595,effusion_dose,effusion,00024174_000.png,24174,0.4
0,11.301338,0.9999876,0.8912245,effusion_dose,effusion,00024174_000.png,24174,0.6
0,13.137093,0.999998,0.95136505,effusion_dose,effusion,00024174_000.png,24174,0.8
0,14.056339,0.99999917,0.9732399,effusion_dose,effusion,00024174_000.png,24174,1.0
0,7.2818375,0.9993125,0.55788743,effusion_dose,effusion,00019392_000.png,19392,0.2
0,13.871454,0.99999905,0.95161194,effusion_dose,effusion,00019392_000.png,19392,0.4
0,15.417321,0.99999976,0.98556066,effusion_dose,effusion,00019392_000.png,19392,0.6
0,15.177471,0.99999976,0.9815832,effusion_dose,effusion,00019392_000.png,19392,0.8
0,15.32919,0.99999976,0.9855595,effusion_dose,effusion,00019392_000.png,19392,1.0
0,-1.1751881,0.2359185,0.08547928,effusion_dose,effusion,00013421_000.png,13421,0.2
0,10.796196,0.9999795,0.90232956,effusion_dose,effusion,00013421_000.png,13421,0.4
0,11.157791,0.9999857,0.90248567,effusion_dose,effusion,00013421_000.png,13421,0.6
0,11.365131,0.99998844,0.91303086,effusion_dose,effusion,00013421_000.png,13421,0.8
0,12.605919,0.99999666,0.94524634,effusion_dose,effusion,00013421_000.png,13421,1.0
0,6.1753674,0.9979242,0.43316725,effusion_dose,effusion,00008213_000.png,8213,0.2
0,13.4793415,0.99999857,0.93132496,effusion_dose,effusion,00008213_000.png,8213,0.4
0,15.116402,0.99999976,0.97648054,effusion_dose,effusion,00008213_000.png,8213,0.6
0,15.233455,0.99999976,0.9734188,effusion_dose,effusion,00008213_000.png,8213,0.8
0,15.66403,0.9999999,0.9870949,effusion_dose,effusion,00008213_000.png,8213,1.0
0,12.864346,0.9999974,0.91367996,effusion_dose,effusion,00030281_000.png,30281,0.2
0,14.873365,0.99999964,0.97020745,effusion_dose,effusion,00030281_000.png,30281,0.4
0,13.30065,0.99999833,0.89195466,effusion_dose,effusion,00030281_000.png,30281,0.6
0,15.165452,0.99999976,0.9664405,effusion_dose,effusion,00030281_000.png,30281,0.8
0,15.130876,0.99999976,0.96213096,effusion_dose,effusion,00030281_000.png,30281,1.0
0,1.3311787,0.79103553,0.091488265,effusion_dose,effusion,00020762_001.png,20762,0.2
0,8.761755,0.99984336,0.7270739,effusion_dose,effusion,00020762_001.png,20762,0.4
0,9.0264015,0.99987984,0.70154846,effusion_dose,effusion,00020762_001.png,20762,0.6
0,7.115074,0.9991879,0.5266632,effusion_dose,effusion,00020762_001.png,20762,0.8
0,5.376604,0.99539775,0.31762546,effusion_dose,effusion,00020762_001.png,20762,1.0
0,-3.7914352,0.02206533,0.053978425,effusion_dose,effusion,00026830_001.png,26830,0.2
0,8.068607,0.99968696,0.5872532,effusion_dose,effusion,00026830_001.png,26830,0.4
0,13.714638,0.9999989,0.9454763,effusion_dose,effusion,00026830_001.png,26830,0.6
0,14.899049,0.99999964,0.97636205,effusion_dose,effusion,00026830_001.png,26830,0.8
0,15.774806,0.9999999,0.98986804,effusion_dose,effusion,00026830_001.png,26830,1.0
0,12.719675,0.999997,0.8914974,effusion_dose,effusion,00011968_000.png,11968,0.2
0,14.499058,0.9999995,0.96196157,effusion_dose,effusion,00011968_000.png,11968,0.4
0,15.124944,0.99999976,0.98146325,effusion_dose,effusion,00011968_000.png,11968,0.6
0,15.142507,0.99999976,0.9814667,effusion_dose,effusion,00011968_000.png,11968,0.8
0,15.179984,0.99999976,0.9885789,effusion_dose,effusion,00011968_000.png,11968,1.0
0,10.432926,0.99997056,0.87852156,effusion_dose,effusion,00012115_000.png,12115,0.2
0,12.951292,0.9999976,0.94545496,effusion_dose,effusion,00012115_000.png,12115,0.4
0,13.464169,0.99999857,0.9570705,effusion_dose,effusion,00012115_000.png,12115,0.6
0,14.071999,0.9999993,0.9662823,effusion_dose,effusion,00012115_000.png,12115,0.8
0,14.681476,0.9999995,0.9791647,effusion_dose,effusion,00012115_000.png,12115,1.0
0,6.6666145,0.99872893,0.49555218,effusion_dose,effusion,00003232_001.png,3232,0.2
0,13.081331,0.999998,0.9225437,effusion_dose,effusion,00003232_001.png,3232,0.4
0,14.77533,0.99999964,0.96999454,effusion_dose,effusion,00003232_001.png,3232,0.6
0,15.072053,0.99999976,0.9763998,effusion_dose,effusion,00003232_001.png,3232,0.8
0,14.960828,0.99999964,0.9700019,effusion_dose,effusion,00003232_001.png,3232,1.0
0,14.909012,0.99999964,0.9816706,effusion_dose,effusion,00012804_008.png,12804,0.2
0,15.656544,0.9999999,0.9921923,effusion_dose,effusion,00012804_008.png,12804,0.4
0,15.604727,0.9999999,0.9939029,effusion_dose,effusion,00012804_008.png,12804,0.6
0,15.7656,0.9999999,0.9938782,effusion_dose,effusion,00012804_008.png,12804,0.8
0,15.786155,0.9999999,0.99387854,effusion_dose,effusion,00012804_008.png,12804,1.0
0,4.7275143,0.9912292,0.26512992,effusion_dose,effusion,00009580_000.png,9580,0.2
0,13.827642,0.99999905,0.9700874,effusion_dose,effusion,00009580_000.png,9580,0.4
0,15.2074175,0.99999976,0.9837744,effusion_dose,effusion,00009580_000.png,9580,0.6
0,15.762633,0.9999999,0.98877,effusion_dose,effusion,00009580_000.png,9580,0.8
0,15.579945,0.9999999,0.99007344,effusion_dose,effusion,00009580_000.png,9580,1.0
0,9.028614,0.9998801,0.6477235,effusion_dose,effusion,00009995_007.png,9995,0.2
0,13.456081,0.99999857,0.9314738,effusion_dose,effusion,00009995_007.png,9995,0.4
0,13.990272,0.99999917,0.95179796,effusion_dose,effusion,00009995_007.png,9995,0.6
0,14.615023,0.9999995,0.9620749,effusion_dose,effusion,00009995_007.png,9995,0.8
0,14.474362,0.9999995,0.9663173,effusion_dose,effusion,00009995_007.png,9995,1.0
0,9.920963,0.9999509,0.9443541,effusion_dose,effusion,00008745_007.png,8745,0.2
0,13.466974,0.99999857,0.98704904,effusion_dose,effusion,00008745_007.png,8745,0.4
0,14.257248,0.9999994,0.9929921,effusion_dose,effusion,00008745_007.png,8745,0.6
0,14.725931,0.99999964,0.99384654,effusion_dose,effusion,00008745_007.png,8745,0.8
0,14.538038,0.9999995,0.9921454,effusion_dose,effusion,00008745_007.png,8745,1.0
0,-1.7915344,0.1428847,0.07683887,effusion_dose,effusion,00013643_000.png,13643,0.2
0,10.082943,0.99995816,0.8489829,effusion_dose,effusion,00013643_000.png,13643,0.4
0,12.171915,0.9999949,0.902834,effusion_dose,effusion,00013643_000.png,13643,0.6
0,12.013237,0.9999939,0.93088496,effusion_dose,effusion,00013643_000.png,13643,0.8
0,10.892862,0.9999814,0.8779614,effusion_dose,effusion,00013643_000.png,13643,1.0
0,6.445963,0.9984156,0.5861227,effusion_dose,effusion,00024055_000.png,24055,0.2
0,9.4943905,0.9999248,0.8314774,effusion_dose,effusion,00024055_000.png,24055,0.4
0,13.239798,0.9999982,0.96147096,effusion_dose,effusion,00024055_000.png,24055,0.6
0,14.025974,0.99999917,0.9790487,effusion_dose,effusion,00024055_000.png,24055,0.8
0,14.942808,0.99999964,0.98548925,effusion_dose,effusion,00024055_000.png,24055,1.0
0,15.226241,0.99999976,0.9765047,effusion_dose,effusion,00002081_003.png,2081,0.2
0,15.105258,0.99999976,0.9791668,effusion_dose,effusion,00002081_003.png,2081,0.4
0,15.556864,0.9999999,0.9871805,effusion_dose,effusion,00002081_003.png,2081,0.6
0,15.852255,0.9999999,0.9911186,effusion_dose,effusion,00002081_003.png,2081,0.8
0,15.872721,0.9999999,0.9910812,effusion_dose,effusion,00002081_003.png,2081,1.0
0,9.07465,0.99988544,0.6761056,effusion_dose,effusion,00007356_002.png,7356,0.2
0,14.09683,0.9999993,0.966388,effusion_dose,effusion,00007356_002.png,7356,0.4
0,14.275333,0.9999994,0.966379,effusion_dose,effusion,00007356_002.png,7356,0.6
0,14.929778,0.99999964,0.9792639,effusion_dose,effusion,00007356_002.png,7356,0.8
0,14.725094,0.99999964,0.97650105,effusion_dose,effusion,00007356_002.png,7356,1.0
0,-4.909628,0.007321236,0.094942704,effusion_dose,effusion,00026876_010.png,26876,0.2
0,8.197908,0.9997248,0.55709016,effusion_dose,effusion,00026876_010.png,26876,0.4
0,13.043055,0.99999785,0.92291456,effusion_dose,effusion,00026876_010.png,26876,0.6
0,13.99762,0.99999917,0.9456731,effusion_dose,effusion,00026876_010.png,26876,0.8
0,15.098598,0.99999976,0.97656715,effusion_dose,effusion,00026876_010.png,26876,1.0
0,9.065281,0.99988437,0.7013488,effusion_dose,effusion,00001895_002.png,1895,0.2
0,13.661818,0.9999988,0.9568601,effusion_dose,effusion,00001895_002.png,1895,0.4
0,13.45393,0.99999857,0.9512194,effusion_dose,effusion,00001895_002.png,1895,0.6
0,13.545708,0.9999987,0.9658418,effusion_dose,effusion,00001895_002.png,1895,0.8
0,13.6861515,0.9999988,0.965966,effusion_dose,effusion,00001895_002.png,1895,1.0
0,3.678913,0.9753714,0.22374071,effusion_dose,effusion,00020048_000.png,20048,0.2
0,12.53878,0.9999964,0.93102634,effusion_dose,effusion,00020048_000.png,20048,0.4
0,14.163366,0.9999993,0.9733213,effusion_dose,effusion,00020048_000.png,20048,0.6
0,13.249607,0.9999982,0.9659475,effusion_dose,effusion,00020048_000.png,20048,0.8
0,13.6007595,0.9999988,0.9660951,effusion_dose,effusion,00020048_000.png,20048,1.0
0,9.887842,0.9999492,0.75194,effusion_dose,effusion,00020655_000.png,20655,0.2
0,14.580809,0.9999995,0.9662903,effusion_dose,effusion,00020655_000.png,20655,0.4
0,15.117076,0.99999976,0.9763985,effusion_dose,effusion,00020655_000.png,20655,0.6
0,15.16801,0.99999976,0.9764664,effusion_dose,effusion,00020655_000.png,20655,0.8
0,15.101808,0.99999976,0.9815216,effusion_dose,effusion,00020655_000.png,20655,1.0
0,-4.966902,0.0069165216,0.084928446,effusion_dose,effusion,00008229_003.png,8229,0.2
0,11.491758,0.99998975,0.8495325,effusion_dose,effusion,00008229_003.png,8229,0.4
0,14.563741,0.9999995,0.97322834,effusion_dose,effusion,00008229_003.png,8229,0.6
0,14.049477,0.99999917,0.96151173,effusion_dose,effusion,00008229_003.png,8229,0.8
0,15.418833,0.99999976,0.98139596,effusion_dose,effusion,00008229_003.png,8229,1.0
0,8.436981,0.99978334,0.81374997,effusion_dose,effusion,00007265_002.png,7265,0.2
0,8.788956,0.99984765,0.8485804,effusion_dose,effusion,00007265_002.png,7265,0.4
0,10.266722,0.9999652,0.90242094,effusion_dose,effusion,00007265_002.png,7265,0.6
0,11.54014,0.9999902,0.9309896,effusion_dose,effusion,00007265_002.png,7265,0.8
0,10.259357,0.99996495,0.9025017,effusion_dose,effusion,00007265_002.png,7265,1.0
0,-5.036398,0.006455169,0.10634589,effusion_dose,effusion,00025478_000.png,25478,0.2
0,9.126993,0.9998913,0.794892,effusion_dose,effusion,00025478_000.png,25478,0.4
0,13.178825,0.9999981,0.9659642,effusion_dose,effusion,00025478_000.png,25478,0.6
0,14.525409,0.9999995,0.9763154,effusion_dose,effusion,00025478_000.png,25478,0.8
0,14.3610525,0.9999994,0.9789579,effusion_dose,effusion,00025478_000.png,25478,1.0
0,8.056797,0.99968314,0.61861837,effusion_dose,effusion,00011022_005.png,11022,0.2
0,12.510075,0.9999963,0.91332245,effusion_dose,effusion,00011022_005.png,11022,0.4
0,14.201904,0.9999993,0.97000694,effusion_dose,effusion,00011022_005.png,11022,0.6
0,14.530095,0.9999995,0.9763889,effusion_dose,effusion,00011022_005.png,11022,0.8
0,15.063617,0.99999976,0.9815769,effusion_dose,effusion,00011022_005.png,11022,1.0
0,-1.8937702,0.13081518,0.03317145,effusion_dose,effusion,00003031_001.png,3031,0.2
0,10.813387,0.99997985,0.77419317,effusion_dose,effusion,00003031_001.png,3031,0.4
0,12.770952,0.99999714,0.9132477,effusion_dose,effusion,00003031_001.png,3031,0.6
0,15.194094,0.99999976,0.9814402,effusion_dose,effusion,00003031_001.png,3031,0.8
0,15.753155,0.9999999,0.98979646,effusion_dose,effusion,00003031_001.png,3031,1.0
0,5.1453648,0.9942074,0.29179654,effusion_dose,effusion,00026587_000.png,26587,0.2
0,6.947418,0.9990398,0.4337522,effusion_dose,effusion,00026587_000.png,26587,0.4
0,13.444,0.99999857,0.9453505,effusion_dose,effusion,00026587_000.png,26587,0.6
0,14.570305,0.9999995,0.96996456,effusion_dose,effusion,00026587_000.png,26587,0.8
0,14.652523,0.9999995,0.96995974,effusion_dose,effusion,00026587_000.png,26587,1.0
0,-2.2764778,0.093089886,0.07283223,effusion_dose,effusion,00024697_000.png,24697,0.2
0,8.973293,0.9998733,0.77325976,effusion_dose,effusion,00024697_000.png,24697,0.4
0,10.765125,0.9999789,0.84874517,effusion_dose,effusion,00024697_000.png,24697,0.6
0,14.339483,0.9999994,0.9762897,effusion_dose,effusion,00024697_000.png,24697,0.8
0,14.931809,0.99999964,0.98146015,effusion_dose,effusion,00024697_000.png,24697,1.0
0,6.4849777,0.9984761,0.3451926,effusion_dose,effusion,00011048_001.png,11048,0.2
0,13.511194,0.9999987,0.931352,effusion_dose,effusion,00011048_001.png,11048,0.4
0,14.588931,0.9999995,0.973538,effusion_dose,effusion,00011048_001.png,11048,0.6
0,15.19583,0.99999976,0.97923064,effusion_dose,effusion,00011048_001.png,11048,0.8
0,15.611608,0.9999999,0.9871841,effusion_dose,effusion,00011048_001.png,11048,1.0
0,10.637754,0.99997604,0.90213853,effusion_dose,effusion,00012727_000.png,12727,0.2
0,11.393267,0.9999887,0.90231216,effusion_dose,effusion,00012727_000.png,12727,0.4
0,12.736641,0.999997,0.95116436,effusion_dose,effusion,00012727_000.png,12727,0.6
0,13.959208,0.99999917,0.9733155,effusion_dose,effusion,00012727_000.png,12727,0.8
0,12.022894,0.99999404,0.92218137,effusion_dose,effusion,00012727_000.png,12727,1.0
0,10.852785,0.9999807,0.8147568,effusion_dose,effusion,00014354_000.png,14354,0.2
0,14.49379,0.9999995,0.9620096,effusion_dose,effusion,00014354_000.png,14354,0.4
0,13.807762,0.99999905,0.9514945,effusion_dose,effusion,00014354_000.png,14354,0.6
0,14.7530575,0.99999964,0.97911,effusion_dose,effusion,00014354_000.png,14354,0.8
0,15.079164,0.99999976,0.9836028,effusion_dose,effusion,00014354_000.png,14354,1.0
0,9.821236,0.99994576,0.8319317,effusion_dose,effusion,00005515_005.png,5515,0.2
0,11.057522,0.99998426,0.89096344,effusion_dose,effusion,00005515_005.png,5515,0.4
0,10.929451,0.9999821,0.8492936,effusion_dose,effusion,00005515_005.png,5515,0.6
0,12.491344,0.9999962,0.92255276,effusion_dose,effusion,00005515_005.png,5515,0.8
0,14.291157,0.9999994,0.97325844,effusion_dose,effusion,00005515_005.png,5515,1.0
0,4.0812836,0.9833946,0.24448851,effusion_dose,effusion,00022691_000.png,22691,0.2
0,12.120657,0.9999945,0.9027299,effusion_dose,effusion,00022691_000.png,22691,0.4
0,15.088381,0.99999976,0.9854924,effusion_dose,effusion,00022691_000.png,22691,0.6
0,15.201994,0.99999976,0.9870831,effusion_dose,effusion,00022691_000.png,22691,0.8
0,15.247803,0.99999976,0.98549837,effusion_dose,effusion,00022691_000.png,22691,1.0
0,11.072603,0.9999845,0.89115274,effusion_dose,effusion,00014562_001.png,14562,0.2
0,14.1300125,0.9999993,0.97908795,effusion_dose,effusion,00014562_001.png,14562,0.4
0,15.209418,0.99999976,0.9886594,effusion_dose,effusion,00014562_001.png,14562,0.6
0,15.109045,0.99999976,0.98557717,effusion_dose,effusion,00014562_001.png,14562,0.8
0,15.358271,0.99999976,0.98862296,effusion_dose,effusion,00014562_001.png,14562,1.0
0,7.5659485,0.9994824,0.46517003,effusion_dose,effusion,00026345_000.png,26345,0.2
0,14.574226,0.9999995,0.9519438,effusion_dose,effusion,00026345_000.png,26345,0.4
0,15.2002945,0.99999976,0.9736596,effusion_dose,effusion,00026345_000.png,26345,0.6
0,15.528157,0.99999976,0.9837588,effusion_dose,effusion,00026345_000.png,26345,0.8
0,15.655205,0.9999999,0.983795,effusion_dose,effusion,00026345_000.png,26345,1.0
0,3.2892056,0.9640567,0.20369552,effusion_dose,effusion,00002296_000.png,2296,0.2
0,12.942591,0.9999976,0.95142615,effusion_dose,effusion,00002296_000.png,2296,0.4
0,13.949453,0.99999917,0.9732608,effusion_dose,effusion,00002296_000.png,2296,0.6
0,14.961955,0.99999964,0.98542833,effusion_dose,effusion,00002296_000.png,2296,0.8
0,15.314359,0.99999976,0.98861074,effusion_dose,effusion,00002296_000.png,2296,1.0
0,-1.8561802,0.1351489,0.06841424,effusion_dose,effusion,00003526_001.png,3526,0.2
0,8.914387,0.99986553,0.72765934,effusion_dose,effusion,00003526_001.png,3526,0.4
0,13.987173,0.99999917,0.9660756,effusion_dose,effusion,00003526_001.png,3526,0.6
0,14.900791,0.99999964,0.97903794,effusion_dose,effusion,00003526_001.png,3526,0.8
0,15.512004,0.99999976,0.9855088,effusion_dose,effusion,00003526_001.png,3526,1.0
0,-5.1452255,0.005793401,0.095171034,effusion_dose,effusion,00028579_000.png,28579,0.2
0,8.081499,0.9996909,0.52691174,effusion_dose,effusion,00028579_000.png,28579,0.4
0,12.835138,0.9999974,0.93121135,effusion_dose,effusion,00028579_000.png,28579,0.6
0,12.328184,0.9999956,0.8918652,effusion_dose,effusion,00028579_000.png,28579,0.8
0,13.316486,0.99999833,0.93880105,effusion_dose,effusion,00028579_000.png,28579,1.0
0,9.499487,0.99992514,0.7275418,effusion_dose,effusion,00017004_002.png,17004,0.2
0,15.429085,0.99999976,0.9856904,effusion_dose,effusion,00017004_002.png,17004,0.4
0,15.9931555,0.9999999,0.99123544,effusion_dose,effusion,00017004_002.png,17004,0.6
0,16.431454,0.9999999,0.99527496,effusion_dose,effusion,00017004_002.png,17004,0.8
0,16.160225,0.9999999,0.9952556,effusion_dose,effusion,00017004_002.png,17004,1.0
0,9.645924,0.99993527,0.7736525,effusion_dose,effusion,00000170_000.png,170,0.2
0,13.646856,0.9999988,0.96180654,effusion_dose,effusion,00000170_000.png,170,0.4
0,14.532389,0.9999995,0.97636795,effusion_dose,effusion,00000170_000.png,170,0.6
0,15.011073,0.99999964,0.98151517,effusion_dose,effusion,00000170_000.png,170,0.8
0,14.825315,0.99999964,0.9836379,effusion_dose,effusion,00000170_000.png,170,1.0
0,13.45355,0.99999857,0.9570557,effusion_dose,effusion,00002210_001.png,2210,0.2
0,15.418754,0.99999976,0.98867124,effusion_dose,effusion,00002210_001.png,2210,0.4
0,15.850823,0.9999999,0.99112475,effusion_dose,effusion,00002210_001.png,2210,0.6
0,15.756629,0.9999999,0.98867774,effusion_dose,effusion,00002210_001.png,2210,0.8
0,15.793829,0.9999999,0.98999405,effusion_dose,effusion,00002210_001.png,2210,1.0
0,4.4402256,0.9883442,0.2427892,effusion_dose,effusion,00004730_000.png,4730,0.2
0,11.518953,0.9999901,0.8783687,effusion_dose,effusion,00004730_000.png,4730,0.4
0,13.988577,0.99999917,0.96989065,effusion_dose,effusion,00004730_000.png,4730,0.6
0,15.056735,0.99999976,0.981557,effusion_dose,effusion,00004730_000.png,4730,0.8
0,15.39161,0.99999976,0.9855415,effusion_dose,effusion,00004730_000.png,4730,1.0
0,10.653551,0.9999764,0.890562,effusion_dose,effusion,00004627_001.png,4627,0.2
0,13.241222,0.9999982,0.96180385,effusion_dose,effusion,00004627_001.png,4627,0.4
0,14.226816,0.9999993,0.97901845,effusion_dose,effusion,00004627_001.png,4627,0.6
0,14.792264,0.99999964,0.98363876,effusion_dose,effusion,00004627_001.png,4627,0.8
0,14.877663,0.99999964,0.97917175,effusion_dose,effusion,00004627_001.png,4627,1.0
0,1.695364,0.8449282,0.07853133,effusion_dose,effusion,00022251_000.png,22251,0.2
0,8.305889,0.99975306,0.6452695,effusion_dose,effusion,00022251_000.png,22251,0.4
0,13.678995,0.9999988,0.95685744,effusion_dose,effusion,00022251_000.png,22251,0.6
0,14.579054,0.9999995,0.96978575,effusion_dose,effusion,00022251_000.png,22251,0.8
0,14.562917,0.9999995,0.96979755,effusion_dose,effusion,00022251_000.png,22251,1.0
0,0.4018154,0.5991238,0.07583645,effusion_dose,effusion,00010546_000.png,10546,0.2
0,12.516954,0.9999963,0.9226649,effusion_dose,effusion,00010546_000.png,10546,0.4
0,14.380125,0.9999994,0.9733496,effusion_dose,effusion,00010546_000.png,10546,0.6
0,14.707318,0.99999964,0.97912526,effusion_dose,effusion,00010546_000.png,10546,0.8
0,14.412733,0.9999994,0.9734343,effusion_dose,effusion,00010546_000.png,10546,1.0
0,-3.831297,0.021221368,0.11941597,effusion_dose,effusion,00020221_000.png,20221,0.2
0,9.993326,0.99995434,0.8493723,effusion_dose,effusion,00020221_000.png,20221,0.4
0,14.308481,0.9999994,0.9732478,effusion_dose,effusion,00020221_000.png,20221,0.6
0,14.717092,0.99999964,0.9790481,effusion_dose,effusion,00020221_000.png,20221,0.8
0,15.007047,0.99999964,0.9813977,effusion_dose,effusion,00020221_000.png,20221,1.0
0,-2.7409058,0.06060232,0.070346005,effusion_dose,effusion,00023982_000.png,23982,0.2
0,12.462948,0.9999962,0.9383496,effusion_dose,effusion,00023982_000.png,23982,0.4
0,13.928551,0.99999917,0.9732895,effusion_dose,effusion,00023982_000.png,23982,0.6
0,15.102244,0.99999976,0.9854957,effusion_dose,effusion,00023982_000.png,23982,0.8
0,15.579701,0.9999999,0.98995495,effusion_dose,effusion,00023982_000.png,23982,1.0
0,9.50079,0.99992526,0.7738746,effusion_dose,effusion,00007163_000.png,7163,0.2
0,14.908243,0.99999964,0.97653365,effusion_dose,effusion,00007163_000.png,7163,0.4
0,15.156418,0.99999976,0.9815833,effusion_dose,effusion,00007163_000.png,7163,0.6
0,15.353409,0.99999976,0.98544747,effusion_dose,effusion,00007163_000.png,7163,0.8
0,15.289702,0.99999976,0.9871781,effusion_dose,effusion,00007163_000.png,7163,1.0
0,5.1635456,0.9943112,0.49510002,effusion_dose,effusion,00025817_000.png,25817,0.2
0,11.98786,0.9999938,0.9383459,effusion_dose,effusion,00025817_000.png,25817,0.4
0,13.909153,0.99999905,0.976274,effusion_dose,effusion,00025817_000.png,25817,0.6
0,14.183889,0.9999993,0.98135346,effusion_dose,effusion,00025817_000.png,25817,0.8
0,14.007088,0.99999917,0.98136425,effusion_dose,effusion,00025817_000.png,25817,1.0
0,12.251728,0.99999523,0.9227459,effusion_dose,effusion,00015417_001.png,15417,0.2
0,14.283922,0.9999994,0.97904176,effusion_dose,effusion,00015417_001.png,15417,0.4
0,14.290604,0.9999994,0.97333,effusion_dose,effusion,00015417_001.png,15417,0.6
0,14.155062,0.9999993,0.9733284,effusion_dose,effusion,00015417_001.png,15417,0.8
0,14.440588,0.9999995,0.97903264,effusion_dose,effusion,00015417_001.png,15417,1.0
0,12.203047,0.999995,0.89154524,effusion_dose,effusion,00014421_000.png,14421,0.2
0,15.077787,0.99999976,0.98157907,effusion_dose,effusion,00014421_000.png,14421,0.4
0,15.369878,0.99999976,0.98722845,effusion_dose,effusion,00014421_000.png,14421,0.6
0,15.058549,0.99999976,0.9836625,effusion_dose,effusion,00014421_000.png,14421,0.8
0,15.324905,0.99999976,0.9871831,effusion_dose,effusion,00014421_000.png,14421,1.0
0,9.752031,0.9999418,0.7517269,effusion_dose,effusion,00009584_000.png,9584,0.2
0,11.816362,0.9999926,0.8498666,effusion_dose,effusion,00009584_000.png,9584,0.4
0,14.463478,0.9999995,0.9620941,effusion_dose,effusion,00009584_000.png,9584,0.6
0,13.47073,0.99999857,0.9456351,effusion_dose,effusion,00009584_000.png,9584,0.8
0,14.904556,0.99999964,0.9764633,effusion_dose,effusion,00009584_000.png,9584,1.0
0,2.6248684,0.932445,0.18874156,effusion_dose,effusion,00000278_000.png,278,0.2
0,-0.006673813,0.49833152,0.062733695,effusion_dose,effusion,00000278_000.png,278,0.4
0,9.307697,0.9999093,0.8476678,effusion_dose,effusion,00000278_000.png,278,0.6
0,11.248631,0.999987,0.9218573,effusion_dose,effusion,00000278_000.png,278,0.8
0,13.553362,0.9999987,0.9762204,effusion_dose,effusion,00000278_000.png,278,1.0
0,10.945789,0.99998236,0.8910627,effusion_dose,effusion,00002311_001.png,2311,0.2
0,14.502283,0.9999995,0.9765579,effusion_dose,effusion,00002311_001.png,2311,0.4
0,14.686439,0.9999995,0.98150384,effusion_dose,effusion,00002311_001.png,2311,0.6
0,15.122946,0.99999976,0.98712254,effusion_dose,effusion,00002311_001.png,2311,0.8
0,15.325114,0.99999976,0.992963,effusion_dose,effusion,00002311_001.png,2311,1.0
0,2.383173,0.91553515,0.17375712,effusion_dose,effusion,00008258_000.png,8258,0.2
0,12.363823,0.9999957,0.9382957,effusion_dose,effusion,00008258_000.png,8258,0.4
0,12.009281,0.9999939,0.93047404,effusion_dose,effusion,00008258_000.png,8258,0.6
0,13.353542,0.99999845,0.96161795,effusion_dose,effusion,00008258_000.png,8258,0.8
0,13.229755,0.9999982,0.95682734,effusion_dose,effusion,00008258_000.png,8258,1.0
0,3.028677,0.9538529,0.20450273,effusion_dose,effusion,00004142_000.png,4142,0.2
0,11.430651,0.99998915,0.9022487,effusion_dose,effusion,00004142_000.png,4142,0.4
0,6.8611584,0.99895334,0.5855464,effusion_dose,effusion,00004142_000.png,4142,0.6
0,2.2246819,0.9024441,0.0913167,effusion_dose,effusion,00004142_000.png,4142,0.8
0,3.7399426,0.9767958,0.16500717,effusion_dose,effusion,00004142_000.png,4142,1.0
0,1.503088,0.81803465,0.05641747,effusion_dose,effusion,00025673_000.png,25673,0.2
0,13.785254,0.9999989,0.94574744,effusion_dose,effusion,00025673_000.png,25673,0.4
0,14.604713,0.9999995,0.96625924,effusion_dose,effusion,00025673_000.png,25673,0.6
0,15.018428,0.99999964,0.9735375,effusion_dose,effusion,00025673_000.png,25673,0.8
0,15.3103485,0.99999976,0.98369515,effusion_dose,effusion,00025673_000.png,25673,1.0
0,3.8502102,0.97916794,0.22351395,effusion_dose,effusion,00000346_000.png,346,0.2
0,13.174181,0.9999981,0.95155334,effusion_dose,effusion,00000346_000.png,346,0.4
0,13.452402,0.99999857,0.96183634,effusion_dose,effusion,00000346_000.png,346,0.6
0,13.979765,0.99999917,0.9660714,effusion_dose,effusion,00000346_000.png,346,0.8
0,13.988483,0.99999917,0.96615845,effusion_dose,effusion,00000346_000.png,346,1.0
0,9.956127,0.99995255,0.8147517,effusion_dose,effusion,00020813_000.png,20813,0.2
0,13.506199,0.9999987,0.9699522,effusion_dose,effusion,00020813_000.png,20813,0.4
0,13.931541,0.99999917,0.97637004,effusion_dose,effusion,00020813_000.png,20813,0.6
0,13.893885,0.99999905,0.96992964,effusion_dose,effusion,00020813_000.png,20813,0.8
0,12.7477665,0.99999714,0.938518,effusion_dose,effusion,00020813_000.png,20813,1.0
0,11.668791,0.9999914,0.8915094,effusion_dose,effusion,00013269_000.png,13269,0.2
0,14.393796,0.9999994,0.97339827,effusion_dose,effusion,00013269_000.png,13269,0.4
0,14.9791565,0.99999964,0.98157114,effusion_dose,effusion,00013269_000.png,13269,0.6
0,15.179324,0.99999976,0.9815744,effusion_dose,effusion,00013269_000.png,13269,0.8
0,15.023819,0.99999964,0.98151416,effusion_dose,effusion,00013269_000.png,13269,1.0
0,10.662695,0.99997663,0.8641056,effusion_dose,effusion,00014081_004.png,14081,0.2
0,14.034809,0.99999917,0.96200144,effusion_dose,effusion,00014081_004.png,14081,0.4
0,15.382042,0.99999976,0.98731285,effusion_dose,effusion,00014081_004.png,14081,0.6
0,15.465384,0.99999976,0.9856118,effusion_dose,effusion,00014081_004.png,14081,0.8
0,13.91379,0.99999905,0.9516537,effusion_dose,effusion,00014081_004.png,14081,1.0
0,13.094433,0.999998,0.9732198,effusion_dose,effusion,00019767_015.png,19767,0.2
0,14.249521,0.9999994,0.9870747,effusion_dose,effusion,00019767_015.png,19767,0.4
0,14.644028,0.9999995,0.9885284,effusion_dose,effusion,00019767_015.png,19767,0.6
0,14.880695,0.99999964,0.9885851,effusion_dose,effusion,00019767_015.png,19767,0.8
0,14.799978,0.99999964,0.9885747,effusion_dose,effusion,00019767_015.png,19767,1.0
0,5.318083,0.9951218,0.43435213,effusion_dose,effusion,00011504_023.png,11504,0.2
0,11.937599,0.99999344,0.89126647,effusion_dose,effusion,00011504_023.png,11504,0.4
0,14.2621975,0.9999994,0.9660246,effusion_dose,effusion,00011504_023.png,11504,0.6
0,14.911794,0.99999964,0.976339,effusion_dose,effusion,00011504_023.png,11504,0.8
0,15.122947,0.99999976,0.97898644,effusion_dose,effusion,00011504_023.png,11504,1.0
0,7.2831383,0.9993135,0.55517685,effusion_dose,effusion,00007085_000.png,7085,0.2
0,12.540987,0.9999964,0.93816143,effusion_dose,effusion,00007085_000.png,7085,0.4
0,13.74253,0.9999989,0.956788,effusion_dose,effusion,00007085_000.png,7085,0.6
0,14.626845,0.9999995,0.97329366,effusion_dose,effusion,00007085_000.png,7085,0.8
0,14.532075,0.9999995,0.9789965,effusion_dose,effusion,00007085_000.png,7085,1.0
0,0.12329292,0.53078425,0.08407539,effusion_dose,effusion,00016830_000.png,16830,0.2
0,4.849621,0.9922295,0.4341061,effusion_dose,effusion,00016830_000.png,16830,0.4
0,11.31731,0.99998784,0.9449766,effusion_dose,effusion,00016830_000.png,16830,0.6
0,14.336544,0.9999994,0.98714817,effusion_dose,effusion,00016830_000.png,16830,0.8
0,15.226221,0.99999976,0.99302226,effusion_dose,effusion,00016830_000.png,16830,1.0
0,6.6082344,0.9986526,0.64515215,effusion_dose,effusion,00030603_000.png,30603,0.2
0,11.087215,0.99998474,0.9023394,effusion_dose,effusion,00030603_000.png,30603,0.4
0,13.372833,0.99999845,0.95688206,effusion_dose,effusion,00030603_000.png,30603,0.6
0,13.191118,0.9999981,0.9617171,effusion_dose,effusion,00030603_000.png,30603,0.8
0,13.52445,0.9999987,0.9617667,effusion_dose,effusion,00030603_000.png,30603,1.0
0,4.6220493,0.9902631,0.29184785,effusion_dose,effusion,00007375_000.png,7375,0.2
0,10.60841,0.9999753,0.8145324,effusion_dose,effusion,00007375_000.png,7375,0.4
0,14.3166895,0.9999994,0.9661621,effusion_dose,effusion,00007375_000.png,7375,0.6
0,14.404836,0.9999994,0.97338605,effusion_dose,effusion,00007375_000.png,7375,0.8
0,14.626688,0.9999995,0.9699829,effusion_dose,effusion,00007375_000.png,7375,1.0
0,5.026781,0.9934829,0.40312982,effusion_dose,effusion,00000376_001.png,376,0.2
0,11.639816,0.9999912,0.9027436,effusion_dose,effusion,00000376_001.png,376,0.4
0,14.246223,0.9999994,0.969977,effusion_dose,effusion,00000376_001.png,376,0.6
0,14.041941,0.99999917,0.9618389,effusion_dose,effusion,00000376_001.png,376,0.8
0,14.480419,0.9999995,0.97645754,effusion_dose,effusion,00000376_001.png,376,1.0
0,0.61847115,0.64987075,0.06980762,effusion_dose,effusion,00014779_000.png,14779,0.2
0,11.469324,0.9999895,0.91275257,effusion_dose,effusion,00014779_000.png,14779,0.4
0,7.856367,0.99961287,0.64586705,effusion_dose,effusion,00014779_000.png,14779,0.6
0,10.283033,0.9999658,0.8141889,effusion_dose,effusion,00014779_000.png,14779,0.8
0,14.582056,0.9999995,0.98339176,effusion_dose,effusion,00014779_000.png,14779,1.0
0,11.760378,0.99999225,0.85003376,effusion_dose,effusion,00002219_007.png,2219,0.2
0,13.975252,0.99999917,0.9518625,effusion_dose,effusion,00002219_007.png,2219,0.4
0,14.242288,0.9999994,0.962029,effusion_dose,effusion,00002219_007.png,2219,0.6
0,14.363935,0.9999994,0.96627456,effusion_dose,effusion,00002219_007.png,2219,0.8
0,14.246513,0.9999994,0.96202624,effusion_dose,effusion,00002219_007.png,2219,1.0
0,10.482435,0.999972,0.891238,effusion_dose,effusion,00002000_007.png,2000,0.2
0,13.928637,0.99999917,0.97343546,effusion_dose,effusion,00002000_007.png,2000,0.4
0,15.47917,0.99999976,0.9930127,effusion_dose,effusion,00002000_007.png,2000,0.6
0,15.827933,0.9999999,0.99305075,effusion_dose,effusion,00002000_007.png,2000,0.8
0,15.484766,0.99999976,0.99208766,effusion_dose,effusion,00002000_007.png,2000,1.0
0,-4.136835,0.015722191,0.06762334,effusion_dose,effusion,00016800_009.png,16800,0.2
0,1.5876198,0.830281,0.08758005,effusion_dose,effusion,00016800_009.png,16800,0.4
0,6.560814,0.99858725,0.4942738,effusion_dose,effusion,00016800_009.png,16800,0.6
0,13.922926,0.99999905,0.9663031,effusion_dose,effusion,00016800_009.png,16800,0.8
0,14.026655,0.99999917,0.9702025,effusion_dose,effusion,00016800_009.png,16800,1.0
0,7.130205,0.99920005,0.4640196,effusion_dose,effusion,00016450_001.png,16450,0.2
0,7.3609924,0.9993648,0.49447373,effusion_dose,effusion,00016450_001.png,16450,0.4
0,14.155411,0.9999993,0.96595794,effusion_dose,effusion,00016450_001.png,16450,0.6
0,14.0928,0.9999993,0.9697439,effusion_dose,effusion,00016450_001.png,16450,0.8
0,14.893749,0.99999964,0.9815211,effusion_dose,effusion,00016450_001.png,16450,1.0
0,1.1799431,0.7649375,0.107680894,effusion_dose,effusion,00020074_003.png,20074,0.2
0,11.049496,0.99998415,0.90248567,effusion_dose,effusion,00020074_003.png,20074,0.4
0,12.326237,0.9999956,0.9309441,effusion_dose,effusion,00020074_003.png,20074,0.6
0,11.589197,0.9999907,0.89120615,effusion_dose,effusion,00020074_003.png,20074,0.8
0,11.04764,0.999984,0.86444014,effusion_dose,effusion,00020074_003.png,20074,1.0
0,6.355154,0.9982653,0.6459894,effusion_dose,effusion,00014671_001.png,14671,0.2
0,12.616087,0.99999666,0.95132077,effusion_dose,effusion,00014671_001.png,14671,0.4
0,12.879505,0.9999975,0.95142835,effusion_dose,effusion,00014671_001.png,14671,0.6
0,12.907766,0.9999975,0.9568099,effusion_dose,effusion,00014671_001.png,14671,0.8
0,13.571432,0.9999987,0.9659781,effusion_dose,effusion,00014671_001.png,14671,1.0
0,-2.7875576,0.05800026,0.09838284,effusion_dose,effusion,00026204_013.png,26204,0.2
0,11.054968,0.99998415,0.8903185,effusion_dose,effusion,00026204_013.png,26204,0.4
0,14.491238,0.9999995,0.97639275,effusion_dose,effusion,00026204_013.png,26204,0.6
0,14.608206,0.9999995,0.97640103,effusion_dose,effusion,00026204_013.png,26204,0.8
0,14.044725,0.99999917,0.9733957,effusion_dose,effusion,00026204_013.png,26204,1.0
0,7.978487,0.9996574,0.79371274,effusion_dose,effusion,00008076_000.png,8076,0.2
0,12.057722,0.99999416,0.93829674,effusion_dose,effusion,00008076_000.png,8076,0.4
0,13.230944,0.9999982,0.95649815,effusion_dose,effusion,00008076_000.png,8076,0.6
0,11.370174,0.99998844,0.9218669,effusion_dose,effusion,00008076_000.png,8076,0.8
0,13.354744,0.99999845,0.9568214,effusion_dose,effusion,00008076_000.png,8076,1.0
0,12.039616,0.99999404,0.9695274,effusion_dose,effusion,00027120_001.png,27120,0.2
0,13.160473,0.9999981,0.9789901,effusion_dose,effusion,00027120_001.png,27120,0.4
0,14.598394,0.9999995,0.9929605,effusion_dose,effusion,00027120_001.png,27120,0.6
0,14.901584,0.99999964,0.9909815,effusion_dose,effusion,00027120_001.png,27120,0.8
0,14.454554,0.9999995,0.9853688,effusion_dose,effusion,00027120_001.png,27120,1.0
0,15.413277,0.99999976,0.9872265,effusion_dose,effusion,00027465_005.png,27465,0.2
0,15.525684,0.99999976,0.9886693,effusion_dose,effusion,00027465_005.png,27465,0.4
0,15.6444235,0.9999999,0.9887069,effusion_dose,effusion,00027465_005.png,27465,0.6
0,15.8075,0.9999999,0.9899856,effusion_dose,effusion,00027465_005.png,27465,0.8
0,15.77532,0.9999999,0.99212044,effusion_dose,effusion,00027465_005.png,27465,1.0
0,0.16975975,0.5423383,0.0710145,effusion_dose,effusion,00002580_004.png,2580,0.2
0,10.833742,0.99998033,0.8641944,effusion_dose,effusion,00002580_004.png,2580,0.4
0,10.750071,0.99997854,0.84919757,effusion_dose,effusion,00002580_004.png,2580,0.6
0,14.758458,0.99999964,0.9815161,effusion_dose,effusion,00002580_004.png,2580,0.8
0,14.87311,0.99999964,0.9791609,effusion_dose,effusion,00002580_004.png,2580,1.0
0,9.286442,0.9999074,0.813688,effusion_dose,effusion,00022156_000.png,22156,0.2
0,14.102694,0.9999993,0.9699939,effusion_dose,effusion,00022156_000.png,22156,0.4
0,15.238402,0.99999976,0.9836649,effusion_dose,effusion,00022156_000.png,22156,0.6
0,15.390927,0.99999976,0.9886306,effusion_dose,effusion,00022156_000.png,22156,0.8
0,15.895867,0.9999999,0.9920528,effusion_dose,effusion,00022156_000.png,22156,1.0
0,6.8234444,0.99891317,0.5857219,effusion_dose,effusion,00008145_000.png,8145,0.2
0,10.467869,0.9999715,0.814381,effusion_dose,effusion,00008145_000.png,8145,0.4
0,12.92613,0.9999976,0.9512835,effusion_dose,effusion,00008145_000.png,8145,0.6
0,13.615454,0.9999988,0.9615797,effusion_dose,effusion,00008145_000.png,8145,0.8
0,14.226492,0.9999993,0.9732111,effusion_dose,effusion,00008145_000.png,8145,1.0
0,6.137907,0.9978452,0.58707744,effusion_dose,effusion,00005225_000.png,5225,0.2
0,11.773771,0.99999225,0.9222201,effusion_dose,effusion,00005225_000.png,5225,0.4
0,11.368362,0.99998844,0.9022126,effusion_dose,effusion,00005225_000.png,5225,0.6
0,14.448919,0.9999995,0.9763029,effusion_dose,effusion,00005225_000.png,5225,0.8
0,13.616507,0.9999988,0.9616198,effusion_dose,effusion,00005225_000.png,5225,1.0
0,-1.8251953,0.13881165,0.09611429,effusion_dose,effusion,00001288_000.png,1288,0.2
0,-4.0050297,0.017897587,0.1329226,effusion_dose,effusion,00001288_000.png,1288,0.4
0,5.8012066,0.99698526,0.554966,effusion_dose,effusion,00001288_000.png,1288,0.6
0,6.0195103,0.997575,0.5236961,effusion_dose,effusion,00001288_000.png,1288,0.8
0,6.6844044,0.9987513,0.58613926,effusion_dose,effusion,00001288_000.png,1288,1.0
1,-0.113910675,0.47155306,0.093978554,effusion_dose,effusion,00024896_000.png,24896,0.2
1,6.6798534,0.99874556,0.64634293,effusion_dose,effusion,00024896_000.png,24896,0.4
1,10.067291,0.99995756,0.8647005,effusion_dose,effusion,00024896_000.png,24896,0.6
1,14.010771,0.99999917,0.9789066,effusion_dose,effusion,00024896_000.png,24896,0.8
1,14.082462,0.9999993,0.9789987,effusion_dose,effusion,00024896_000.png,24896,1.0
1,-2.1840076,0.10119583,0.08237688,effusion_dose,effusion,00009330_000.png,9330,0.2
1,1.215353,0.7712447,0.086216815,effusion_dose,effusion,00009330_000.png,9330,0.4
1,12.688675,0.9999969,0.93113714,effusion_dose,effusion,00009330_000.png,9330,0.6
1,12.290194,0.99999535,0.92244035,effusion_dose,effusion,00009330_000.png,9330,0.8
1,11.907301,0.9999932,0.89175564,effusion_dose,effusion,00009330_000.png,9330,1.0
1,3.6098938,0.973658,0.26940453,effusion_dose,effusion,00030775_000.png,30775,0.2
1,10.313843,0.99996686,0.84937435,effusion_dose,effusion,00030775_000.png,30775,0.4
1,8.850637,0.9998567,0.72761047,effusion_dose,effusion,00030775_000.png,30775,0.6
1,15.364492,0.99999976,0.98551595,effusion_dose,effusion,00030775_000.png,30775,0.8
1,15.663484,0.9999999,0.9920517,effusion_dose,effusion,00030775_000.png,30775,1.0
1,6.073904,0.99770314,0.5571418,effusion_dose,effusion,00024020_000.png,24020,0.2
1,13.996689,0.99999917,0.97000945,effusion_dose,effusion,00024020_000.png,24020,0.4
1,14.589896,0.9999995,0.98153204,effusion_dose,effusion,00024020_000.png,24020,0.6
1,14.260897,0.9999994,0.979117,effusion_dose,effusion,00024020_000.png,24020,0.8
1,14.217611,0.9999993,0.9764023,effusion_dose,effusion,00024020_000.png,24020,1.0
1,-1.8643322,0.13419889,0.059894778,effusion_dose,effusion,00007274_000.png,7274,0.2
1,4.335314,0.9870716,0.29234198,effusion_dose,effusion,00007274_000.png,7274,0.4
1,12.358475,0.9999957,0.9310218,effusion_dose,effusion,00007274_000.png,7274,0.6
1,13.393226,0.99999845,0.9567848,effusion_dose,effusion,00007274_000.png,7274,0.8
1,14.049302,0.99999917,0.9698167,effusion_dose,effusion,00007274_000.png,7274,1.0
1,7.8133183,0.9995958,0.5579881,effusion_dose,effusion,00014637_002.png,14637,0.2
1,10.730961,0.9999782,0.81522506,effusion_dose,effusion,00014637_002.png,14637,0.4
1,11.079945,0.9999846,0.8497627,effusion_dose,effusion,00014637_002.png,14637,0.6
1,11.306801,0.9999877,0.86482257,effusion_dose,effusion,00014637_002.png,14637,0.8
1,12.105633,0.9999945,0.9028239,effusion_dose,effusion,00014637_002.png,14637,1.0
1,3.790987,0.97792494,0.22323443,effusion_dose,effusion,00010987_000.png,10987,0.2
1,13.340841,0.99999845,0.9455337,effusion_dose,effusion,00010987_000.png,10987,0.4
1,12.722458,0.999997,0.9310925,effusion_dose,effusion,00010987_000.png,10987,0.6
1,12.785717,0.99999726,0.9311134,effusion_dose,effusion,00010987_000.png,10987,0.8
1,13.725575,0.9999989,0.95695627,effusion_dose,effusion,00010987_000.png,10987,1.0
1,6.6098824,0.99865484,0.4958294,effusion_dose,effusion,00015910_000.png,15910,0.2
1,12.391512,0.9999958,0.9031412,effusion_dose,effusion,00015910_000.png,15910,0.4
1,12.865168,0.9999974,0.91340256,effusion_dose,effusion,00015910_000.png,15910,0.6
1,12.860859,0.9999974,0.9229219,effusion_dose,effusion,00015910_000.png,15910,0.8
1,13.96373,0.99999917,0.95705044,effusion_dose,effusion,00015910_000.png,15910,1.0
1,-3.6951427,0.024241649,0.06816831,effusion_dose,effusion,00022979_000.png,22979,0.2
1,8.927214,0.9998673,0.7279823,effusion_dose,effusion,00022979_000.png,22979,0.4
1,14.255539,0.9999994,0.966325,effusion_dose,effusion,00022979_000.png,22979,0.6
1,14.806984,0.99999964,0.9791353,effusion_dose,effusion,00022979_000.png,22979,0.8
1,14.861606,0.99999964,0.97924703,effusion_dose,effusion,00022979_000.png,22979,1.0
1,6.406151,0.99835134,0.55695635,effusion_dose,effusion,00004429_000.png,4429,0.2
1,12.795877,0.99999726,0.9453188,effusion_dose,effusion,00004429_000.png,4429,0.4
1,14.383606,0.9999994,0.9733625,effusion_dose,effusion,00004429_000.png,4429,0.6
1,14.526018,0.9999995,0.9789842,effusion_dose,effusion,00004429_000.png,4429,0.8
1,15.014326,0.99999964,0.98703235,effusion_dose,effusion,00004429_000.png,4429,1.0
1,4.938387,0.9928848,0.46434703,effusion_dose,effusion,00015816_003.png,15816,0.2
1,12.080576,0.9999943,0.92263705,effusion_dose,effusion,00015816_003.png,15816,0.4
1,13.9363,0.99999917,0.9618259,effusion_dose,effusion,00015816_003.png,15816,0.6
1,13.721752,0.9999989,0.9568408,effusion_dose,effusion,00015816_003.png,15816,0.8
1,14.90317,0.99999964,0.9764379,effusion_dose,effusion,00015816_003.png,15816,1.0
1,3.7012424,0.97590226,0.24593326,effusion_dose,effusion,00020065_012.png,20065,0.2
1,14.08564,0.9999993,0.97001046,effusion_dose,effusion,00020065_012.png,20065,0.4
1,13.409847,0.99999845,0.9618024,effusion_dose,effusion,00020065_012.png,20065,0.6
1,14.049257,0.99999917,0.97326493,effusion_dose,effusion,00020065_012.png,20065,0.8
1,13.581678,0.9999987,0.9617811,effusion_dose,effusion,00020065_012.png,20065,1.0
1,4.16136,0.9846528,0.20039275,effusion_dose,effusion,00027398_000.png,27398,0.2
1,10.519775,0.99997306,0.813609,effusion_dose,effusion,00027398_000.png,27398,0.4
1,13.497398,0.99999857,0.94528335,effusion_dose,effusion,00027398_000.png,27398,0.6
1,14.287256,0.9999994,0.96610713,effusion_dose,effusion,00027398_000.png,27398,0.8
1,15.392451,0.99999976,0.98365384,effusion_dose,effusion,00027398_000.png,27398,1.0
1,-0.6365967,0.34601626,0.038703017,effusion_dose,effusion,00022902_000.png,22902,0.2
1,9.661642,0.99993634,0.7945354,effusion_dose,effusion,00022902_000.png,22902,0.4
1,11.826839,0.9999927,0.90281284,effusion_dose,effusion,00022902_000.png,22902,0.6
1,13.665836,0.9999988,0.9568911,effusion_dose,effusion,00022902_000.png,22902,0.8
1,15.100829,0.99999976,0.9791716,effusion_dose,effusion,00022902_000.png,22902,1.0
1,0.7066879,0.6696689,0.06707244,effusion_dose,effusion,00026230_000.png,26230,0.2
1,14.108356,0.9999993,0.9620833,effusion_dose,effusion,00026230_000.png,26230,0.4
1,14.645763,0.9999995,0.98551124,effusion_dose,effusion,00026230_000.png,26230,0.6
1,14.862625,0.99999964,0.98371106,effusion_dose,effusion,00026230_000.png,26230,0.8
1,15.341303,0.99999976,0.99112326,effusion_dose,effusion,00026230_000.png,26230,1.0
1,-0.62128067,0.34949023,0.069739,effusion_dose,effusion,00024174_000.png,24174,0.2
1,8.704964,0.9998342,0.7738661,effusion_dose,effusion,00024174_000.png,24174,0.4
1,11.354431,0.9999883,0.89145476,effusion_dose,effusion,00024174_000.png,24174,0.6
1,13.3610115,0.99999845,0.95148367,effusion_dose,effusion,00024174_000.png,24174,0.8
1,14.225077,0.9999993,0.9732957,effusion_dose,effusion,00024174_000.png,24174,1.0
1,3.7630215,0.97731316,0.20278828,effusion_dose,effusion,00019392_000.png,19392,0.2
1,13.803394,0.99999905,0.94557554,effusion_dose,effusion,00019392_000.png,19392,0.4
1,15.49507,0.99999976,0.9815508,effusion_dose,effusion,00019392_000.png,19392,0.6
1,15.29358,0.99999976,0.97920185,effusion_dose,effusion,00019392_000.png,19392,0.8
1,15.36092,0.99999976,0.9816036,effusion_dose,effusion,00019392_000.png,19392,1.0
1,-1.4794464,0.18551105,0.09887998,effusion_dose,effusion,00013421_000.png,13421,0.2
1,10.307827,0.9999666,0.8781934,effusion_dose,effusion,00013421_000.png,13421,0.4
1,10.27483,0.99996555,0.87819004,effusion_dose,effusion,00013421_000.png,13421,0.6
1,11.021505,0.99998367,0.91322917,effusion_dose,effusion,00013421_000.png,13421,0.8
1,12.368338,0.9999957,0.93108386,effusion_dose,effusion,00013421_000.png,13421,1.0
1,4.2533054,0.9859822,0.22199667,effusion_dose,effusion,00008213_000.png,8213,0.2
1,13.15864,0.9999981,0.913467,effusion_dose,effusion,00008213_000.png,8213,0.4
1,15.22324,0.99999976,0.9764415,effusion_dose,effusion,00008213_000.png,8213,0.6
1,15.05058,0.99999976,0.973386,effusion_dose,effusion,00008213_000.png,8213,0.8
1,15.720232,0.9999999,0.98716015,effusion_dose,effusion,00008213_000.png,8213,1.0
1,11.58721,0.9999907,0.8498888,effusion_dose,effusion,00030281_000.png,30281,0.2
1,14.641292,0.9999995,0.9572939,effusion_dose,effusion,00030281_000.png,30281,0.4
1,12.07152,0.9999943,0.8155734,effusion_dose,effusion,00030281_000.png,30281,0.6
1,14.963631,0.99999964,0.97018737,effusion_dose,effusion,00030281_000.png,30281,0.8
1,14.550613,0.9999995,0.9572931,effusion_dose,effusion,00030281_000.png,30281,1.0
1,1.210537,0.77039397,0.09346039,effusion_dose,effusion,00020762_001.png,20762,0.2
1,8.158291,0.9997137,0.70159787,effusion_dose,effusion,00020762_001.png,20762,0.4
1,7.951868,0.9996481,0.6472143,effusion_dose,effusion,00020762_001.png,20762,0.6
1,6.164564,0.9979018,0.49631512,effusion_dose,effusion,00020762_001.png,20762,0.8
1,3.8538952,0.97924304,0.20282057,effusion_dose,effusion,00020762_001.png,20762,1.0
1,-3.3512192,0.033855263,0.04861022,effusion_dose,effusion,00026830_001.png,26830,0.2
1,5.918703,0.99731857,0.37407184,effusion_dose,effusion,00026830_001.png,26830,0.4
1,13.3389,0.99999833,0.93847513,effusion_dose,effusion,00026830_001.png,26830,0.6
1,14.392331,0.9999994,0.97325313,effusion_dose,effusion,00026830_001.png,26830,0.8
1,15.554817,0.9999999,0.989821,effusion_dose,effusion,00026830_001.png,26830,1.0
1,12.150196,0.99999475,0.8787712,effusion_dose,effusion,00011968_000.png,11968,0.2
1,14.306974,0.9999994,0.9619219,effusion_dose,effusion,00011968_000.png,11968,0.4
1,15.165727,0.99999976,0.9814874,effusion_dose,effusion,00011968_000.png,11968,0.6
1,15.297726,0.99999976,0.98363256,effusion_dose,effusion,00011968_000.png,11968,0.8
1,15.501696,0.99999976,0.98710674,effusion_dose,effusion,00011968_000.png,11968,1.0
1,10.340723,0.9999677,0.8496518,effusion_dose,effusion,00012115_000.png,12115,0.2
1,13.387501,0.99999845,0.957131,effusion_dose,effusion,00012115_000.png,12115,0.4
1,13.546209,0.9999987,0.9618915,effusion_dose,effusion,00012115_000.png,12115,0.6
1,14.130795,0.9999993,0.9661567,effusion_dose,effusion,00012115_000.png,12115,0.8
1,14.713675,0.99999964,0.97920066,effusion_dose,effusion,00012115_000.png,12115,1.0
1,3.3930264,0.9674859,0.20325464,effusion_dose,effusion,00003232_001.png,3232,0.2
1,12.244123,0.99999523,0.87898767,effusion_dose,effusion,00003232_001.png,3232,0.4
1,14.863711,0.99999964,0.9733784,effusion_dose,effusion,00003232_001.png,3232,0.6
1,15.010895,0.99999964,0.97635245,effusion_dose,effusion,00003232_001.png,3232,0.8
1,15.032885,0.99999976,0.9733833,effusion_dose,effusion,00003232_001.png,3232,1.0
1,14.8585415,0.99999964,0.9816466,effusion_dose,effusion,00012804_008.png,12804,0.2
1,15.941902,0.9999999,0.9930829,effusion_dose,effusion,00012804_008.png,12804,0.4
1,15.716041,0.9999999,0.992165,effusion_dose,effusion,00012804_008.png,12804,0.6
1,15.936346,0.9999999,0.9945791,effusion_dose,effusion,00012804_008.png,12804,0.8
1,15.916286,0.9999999,0.99388653,effusion_dose,effusion,00012804_008.png,12804,1.0
1,2.579155,0.9295079,0.09008942,effusion_dose,effusion,00009580_000.png,9580,0.2
1,13.787258,0.9999989,0.96201336,effusion_dose,effusion,00009580_000.png,9580,0.4
1,15.523012,0.99999976,0.98382735,effusion_dose,effusion,00009580_000.png,9580,0.6
1,15.805818,0.9999999,0.98875046,effusion_dose,effusion,00009580_000.png,9580,0.8
1,15.59831,0.9999999,0.98875225,effusion_dose,effusion,00009580_000.png,9580,1.0
1,9.290403,0.99990773,0.70255756,effusion_dose,effusion,00009995_007.png,9995,0.2
1,13.962698,0.99999917,0.9456839,effusion_dose,effusion,00009995_007.png,9995,0.4
1,14.408025,0.9999994,0.9662638,effusion_dose,effusion,00009995_007.png,9995,0.6
1,14.941264,0.99999964,0.9735319,effusion_dose,effusion,00009995_007.png,9995,0.8
1,14.8282,0.99999964,0.97651356,effusion_dose,effusion,00009995_007.png,9995,1.0
1,10.2572155,0.99996495,0.93085766,effusion_dose,effusion,00008745_007.png,8745,0.2
1,13.849112,0.99999905,0.9871395,effusion_dose,effusion,00008745_007.png,8745,0.4
1,14.454227,0.9999995,0.9920899,effusion_dose,effusion,00008745_007.png,8745,0.6
1,14.80378,0.99999964,0.9930121,effusion_dose,effusion,00008745_007.png,8745,0.8
1,14.692907,0.99999964,0.9911242,effusion_dose,effusion,00008745_007.png,8745,1.0
1,-0.4828663,0.38157552,0.064483024,effusion_dose,effusion,00013643_000.png,13643,0.2
1,10.886997,0.9999813,0.84992874,effusion_dose,effusion,00013643_000.png,13643,0.4
1,13.603546,0.9999988,0.9388497,effusion_dose,effusion,00013643_000.png,13643,0.6
1,12.973227,0.99999774,0.9456124,effusion_dose,effusion,00013643_000.png,13643,0.8
1,12.022173,0.99999404,0.91336495,effusion_dose,effusion,00013643_000.png,13643,1.0
1,3.1660461,0.9595363,0.24818008,effusion_dose,effusion,00024055_000.png,24055,0.2
1,8.681551,0.99983037,0.7944859,effusion_dose,effusion,00024055_000.png,24055,0.4
1,13.517694,0.9999987,0.9659313,effusion_dose,effusion,00024055_000.png,24055,0.6
1,14.140825,0.9999993,0.98138976,effusion_dose,effusion,00024055_000.png,24055,0.8
1,14.99165,0.99999964,0.98859483,effusion_dose,effusion,00024055_000.png,24055,1.0
1,15.323816,0.99999976,0.9735094,effusion_dose,effusion,00002081_003.png,2081,0.2
1,15.309349,0.99999976,0.98154,effusion_dose,effusion,00002081_003.png,2081,0.4
1,15.746763,0.9999999,0.99109304,effusion_dose,effusion,00002081_003.png,2081,0.6
1,15.77769,0.9999999,0.9920903,effusion_dose,effusion,00002081_003.png,2081,0.8
1,16.063343,0.9999999,0.99209654,effusion_dose,effusion,00002081_003.png,2081,1.0
1,7.3882236,0.9993819,0.5585787,effusion_dose,effusion,00007356_002.png,7356,0.2
1,14.068268,0.99999917,0.9619835,effusion_dose,effusion,00007356_002.png,7356,0.4
1,14.116331,0.9999993,0.9662743,effusion_dose,effusion,00007356_002.png,7356,0.6
1,14.973142,0.99999964,0.97924036,effusion_dose,effusion,00007356_002.png,7356,0.8
1,14.623395,0.9999995,0.97014314,effusion_dose,effusion,00007356_002.png,7356,1.0
1,-4.006605,0.017869916,0.0852414,effusion_dose,effusion,00026876_010.png,26876,0.2
1,6.145708,0.9978619,0.40323865,effusion_dose,effusion,00026876_010.png,26876,0.4
1,13.052307,0.99999785,0.9228843,effusion_dose,effusion,00026876_010.png,26876,0.6
1,13.991062,0.99999917,0.9516829,effusion_dose,effusion,00026876_010.png,26876,0.8
1,15.174606,0.99999976,0.97913,effusion_dose,effusion,00026876_010.png,26876,1.0
1,7.619892,0.9995097,0.5882571,effusion_dose,effusion,00001895_002.png,1895,0.2
1,13.853968,0.99999905,0.95684105,effusion_dose,effusion,00001895_002.png,1895,0.4
1,13.423708,0.99999857,0.95147824,effusion_dose,effusion,00001895_002.png,1895,0.6
1,13.522947,0.9999987,0.9567964,effusion_dose,effusion,00001895_002.png,1895,0.8
1,13.533283,0.9999987,0.9615845,effusion_dose,effusion,00001895_002.png,1895,1.0
1,0.45500374,0.6118282,0.06479771,effusion_dose,effusion,00020048_000.png,20048,0.2
1,11.760056,0.99999213,0.90297055,effusion_dose,effusion,00020048_000.png,20048,0.4
1,14.223246,0.9999993,0.96993345,effusion_dose,effusion,00020048_000.png,20048,0.6
1,13.273029,0.99999833,0.96168476,effusion_dose,effusion,00020048_000.png,20048,0.8
1,13.381365,0.99999845,0.9569613,effusion_dose,effusion,00020048_000.png,20048,1.0
1,6.6417236,0.998697,0.4342651,effusion_dose,effusion,00020655_000.png,20655,0.2
1,14.489053,0.9999995,0.96624374,effusion_dose,effusion,00020655_000.png,20655,0.4
1,15.118475,0.99999976,0.97345394,effusion_dose,effusion,00020655_000.png,20655,0.6
1,15.193151,0.99999976,0.9764938,effusion_dose,effusion,00020655_000.png,20655,0.8
1,15.112333,0.99999976,0.979073,effusion_dose,effusion,00020655_000.png,20655,1.0
1,-3.997734,0.018026276,0.076151334,effusion_dose,effusion,00008229_003.png,8229,0.2
1,10.716539,0.9999778,0.7952511,effusion_dose,effusion,00008229_003.png,8229,0.4
1,14.268022,0.9999994,0.9698207,effusion_dose,effusion,00008229_003.png,8229,0.6
1,13.864922,0.99999905,0.95683014,effusion_dose,effusion,00008229_003.png,8229,0.8
1,15.053761,0.99999976,0.9834921,effusion_dose,effusion,00008229_003.png,8229,1.0
1,9.109604,0.9998894,0.84973717,effusion_dose,effusion,00007265_002.png,7265,0.2
1,9.962761,0.9999529,0.89155024,effusion_dose,effusion,00007265_002.png,7265,0.4
1,11.836441,0.9999927,0.93876284,effusion_dose,effusion,00007265_002.png,7265,0.6
1,12.942589,0.9999976,0.9570501,effusion_dose,effusion,00007265_002.png,7265,0.8
1,11.983295,0.9999938,0.9514299,effusion_dose,effusion,00007265_002.png,7265,1.0
1,-4.033306,0.017407281,0.085539244,effusion_dose,effusion,00025478_000.png,25478,0.2
1,6.4905777,0.9984847,0.61840284,effusion_dose,effusion,00025478_000.png,25478,0.4
1,13.106388,0.999998,0.95683175,effusion_dose,effusion,00025478_000.png,25478,0.6
1,14.530481,0.9999995,0.97336054,effusion_dose,effusion,00025478_000.png,25478,0.8
1,14.238899,0.9999994,0.9761702,effusion_dose,effusion,00025478_000.png,25478,1.0
1,6.8340054,0.99892455,0.49613053,effusion_dose,effusion,00011022_005.png,11022,0.2
1,12.119448,0.9999945,0.9134076,effusion_dose,effusion,00011022_005.png,11022,0.4
1,14.089552,0.9999993,0.969982,effusion_dose,effusion,00011022_005.png,11022,0.6
1,14.482677,0.9999995,0.9764068,effusion_dose,effusion,00011022_005.png,11022,0.8
1,15.008428,0.99999964,0.98154294,effusion_dose,effusion,00011022_005.png,11022,1.0
1,-1.2029572,0.23094958,0.022719156,effusion_dose,effusion,00003031_001.png,3031,0.2
1,9.756437,0.99994206,0.67580193,effusion_dose,effusion,00003031_001.png,3031,0.4
1,12.772633,0.99999714,0.9032084,effusion_dose,effusion,00003031_001.png,3031,0.6
1,15.172417,0.99999976,0.9814686,effusion_dose,effusion,00003031_001.png,3031,0.8
1,15.762393,0.9999999,0.98986596,effusion_dose,effusion,00003031_001.png,3031,1.0
1,1.0745716,0.74546534,0.06281034,effusion_dose,effusion,00026587_000.png,26587,0.2
1,2.8108673,0.94326025,0.12323978,effusion_dose,effusion,00026587_000.png,26587,0.4
1,12.460638,0.99999607,0.9026828,effusion_dose,effusion,00026587_000.png,26587,0.6
1,13.805889,0.99999905,0.9568037,effusion_dose,effusion,00026587_000.png,26587,0.8
1,13.920382,0.99999905,0.9569187,effusion_dose,effusion,00026587_000.png,26587,1.0
1,-2.3959637,0.08348101,0.07218376,effusion_dose,effusion,00024697_000.png,24697,0.2
1,7.154026,0.99921894,0.6182105,effusion_dose,effusion,00024697_000.png,24697,0.4
1,9.858639,0.99994767,0.8146135,effusion_dose,effusion,00024697_000.png,24697,0.6
1,14.405048,0.9999994,0.97327375,effusion_dose,effusion,00024697_000.png,24697,0.8
1,14.824278,0.99999964,0.98141634,effusion_dose,effusion,00024697_000.png,24697,1.0
1,4.4069195,0.98795414,0.18207534,effusion_dose,effusion,00011048_001.png,11048,0.2
1,13.020197,0.99999774,0.92282087,effusion_dose,effusion,00011048_001.png,11048,0.4
1,14.657682,0.9999995,0.97344583,effusion_dose,effusion,00011048_001.png,11048,0.6
1,15.332281,0.99999976,0.98154587,effusion_dose,effusion,00011048_001.png,11048,0.8
1,15.684629,0.9999999,0.98715174,effusion_dose,effusion,00011048_001.png,11048,1.0
1,8.699924,0.99983335,0.7943957,effusion_dose,effusion,00012727_000.png,12727,0.2
1,9.124495,0.99989104,0.81423646,effusion_dose,effusion,00012727_000.png,12727,0.4
1,12.392363,0.9999958,0.938482,effusion_dose,effusion,00012727_000.png,12727,0.6
1,14.008623,0.99999917,0.9699213,effusion_dose,effusion,00012727_000.png,12727,0.8
1,11.372906,0.99998856,0.9022639,effusion_dose,effusion,00012727_000.png,12727,1.0
1,9.198883,0.9998988,0.70211244,effusion_dose,effusion,00014354_000.png,14354,0.2
1,14.188335,0.9999993,0.95709705,effusion_dose,effusion,00014354_000.png,14354,0.4
1,13.930664,0.99999917,0.951544,effusion_dose,effusion,00014354_000.png,14354,0.6
1,14.677512,0.9999995,0.9790701,effusion_dose,effusion,00014354_000.png,14354,0.8
1,15.065688,0.99999976,0.98540413,effusion_dose,effusion,00014354_000.png,14354,1.0
1,9.047091,0.9998822,0.77382535,effusion_dose,effusion,00005515_005.png,5515,0.2
1,10.754082,0.99997866,0.8786641,effusion_dose,effusion,00005515_005.png,5515,0.4
1,10.133686,0.9999603,0.81498986,effusion_dose,effusion,00005515_005.png,5515,0.6
1,12.4218235,0.99999595,0.9228345,effusion_dose,effusion,00005515_005.png,5515,0.8
1,14.453089,0.9999995,0.97337145,effusion_dose,effusion,00005515_005.png,5515,1.0
1,3.2110405,0.9612476,0.18448912,effusion_dose,effusion,00022691_000.png,22691,0.2
1,12.127577,0.99999464,0.9131955,effusion_dose,effusion,00022691_000.png,22691,0.4
1,15.1849575,0.99999976,0.9854621,effusion_dose,effusion,00022691_000.png,22691,0.6
1,15.559822,0.9999999,0.98864305,effusion_dose,effusion,00022691_000.png,22691,0.8
1,15.202313,0.99999976,0.9870935,effusion_dose,effusion,00022691_000.png,22691,1.0
1,10.768833,0.9999789,0.86457664,effusion_dose,effusion,00014562_001.png,14562,0.2
1,14.584902,0.9999995,0.97648066,effusion_dose,effusion,00014562_001.png,14562,0.4
1,15.365779,0.99999976,0.98867685,effusion_dose,effusion,00014562_001.png,14562,0.6
1,15.288452,0.99999976,0.98718953,effusion_dose,effusion,00014562_001.png,14562,0.8
1,15.492768,0.99999976,0.9871446,effusion_dose,effusion,00014562_001.png,14562,1.0
1,5.802084,0.9969879,0.2669507,effusion_dose,effusion,00026345_000.png,26345,0.2
1,14.4379425,0.9999994,0.94586533,effusion_dose,effusion,00026345_000.png,26345,0.4
1,15.234935,0.99999976,0.9736355,effusion_dose,effusion,00026345_000.png,26345,0.6
1,15.652953,0.9999999,0.983734,effusion_dose,effusion,00026345_000.png,26345,0.8
1,15.739681,0.9999999,0.9837725,effusion_dose,effusion,00026345_000.png,26345,1.0
1,1.9588528,0.87640876,0.09420852,effusion_dose,effusion,00002296_000.png,2296,0.2
1,12.869123,0.9999974,0.951437,effusion_dose,effusion,00002296_000.png,2296,0.4
1,14.016531,0.99999917,0.9698769,effusion_dose,effusion,00002296_000.png,2296,0.6
1,14.813617,0.99999964,0.98146534,effusion_dose,effusion,00002296_000.png,2296,0.8
1,15.474102,0.99999976,0.988676,effusion_dose,effusion,00002296_000.png,2296,1.0
1,-2.0178738,0.11733902,0.07345381,effusion_dose,effusion,00003526_001.png,3526,0.2
1,6.8385773,0.99892956,0.5584956,effusion_dose,effusion,00003526_001.png,3526,0.4
1,13.813797,0.99999905,0.9618123,effusion_dose,effusion,00003526_001.png,3526,0.6
1,14.799044,0.99999964,0.97643006,effusion_dose,effusion,00003526_001.png,3526,0.8
1,15.293395,0.99999976,0.9854123,effusion_dose,effusion,00003526_001.png,3526,1.0
1,-4.3814373,0.012352867,0.076042615,effusion_dose,effusion,00028579_000.png,28579,0.2
1,6.2407875,0.99805546,0.34552193,effusion_dose,effusion,00028579_000.png,28579,0.4
1,12.9771805,0.99999774,0.9388369,effusion_dose,effusion,00028579_000.png,28579,0.6
1,12.64101,0.9999968,0.91359466,effusion_dose,effusion,00028579_000.png,28579,0.8
1,13.869976,0.99999905,0.9516496,effusion_dose,effusion,00028579_000.png,28579,1.0
1,5.4423847,0.99568945,0.37419727,effusion_dose,effusion,00017004_002.png,17004,0.2
1,14.981953,0.99999964,0.98168683,effusion_dose,effusion,00017004_002.png,17004,0.4
1,15.412943,0.99999976,0.98872155,effusion_dose,effusion,00017004_002.png,17004,0.6
1,16.23001,0.9999999,0.9939264,effusion_dose,effusion,00017004_002.png,17004,0.8
1,15.890798,0.9999999,0.9945738,effusion_dose,effusion,00017004_002.png,17004,1.0
1,8.765577,0.99984396,0.70202154,effusion_dose,effusion,00000170_000.png,170,0.2
1,14.000181,0.99999917,0.9619925,effusion_dose,effusion,00000170_000.png,170,0.4
1,14.875278,0.99999964,0.9791371,effusion_dose,effusion,00000170_000.png,170,0.6
1,14.992336,0.99999964,0.98356724,effusion_dose,effusion,00000170_000.png,170,0.8
1,15.141659,0.99999976,0.983675,effusion_dose,effusion,00000170_000.png,170,1.0
1,13.508268,0.9999987,0.95180625,effusion_dose,effusion,00002210_001.png,2210,0.2
1,15.469421,0.99999976,0.9886867,effusion_dose,effusion,00002210_001.png,2210,0.4
1,15.625788,0.9999999,0.98864603,effusion_dose,effusion,00002210_001.png,2210,0.6
1,15.716659,0.9999999,0.98868436,effusion_dose,effusion,00002210_001.png,2210,0.8
1,15.886905,0.9999999,0.98996896,effusion_dose,effusion,00002210_001.png,2210,1.0
1,1.7410545,0.85082096,0.06858342,effusion_dose,effusion,00004730_000.png,4730,0.2
1,10.696304,0.99997735,0.8326658,effusion_dose,effusion,00004730_000.png,4730,0.4
1,14.042141,0.99999917,0.96619713,effusion_dose,effusion,00004730_000.png,4730,0.6
1,14.904695,0.99999964,0.97912425,effusion_dose,effusion,00004730_000.png,4730,0.8
1,15.386605,0.99999976,0.9855546,effusion_dose,effusion,00004730_000.png,4730,1.0
1,9.40461,0.9999176,0.83202,effusion_dose,effusion,00004627_001.png,4627,0.2
1,13.389009,0.99999845,0.9570301,effusion_dose,effusion,00004627_001.png,4627,0.4
1,14.20689,0.9999993,0.9763254,effusion_dose,effusion,00004627_001.png,4627,0.6
1,14.991405,0.99999964,0.98550284,effusion_dose,effusion,00004627_001.png,4627,0.8
1,15.049944,0.99999976,0.98551285,effusion_dose,effusion,00004627_001.png,4627,1.0
1,-1.3083305,0.21276635,0.045504484,effusion_dose,effusion,00022251_000.png,22251,0.2
1,6.3027916,0.99817216,0.43407932,effusion_dose,effusion,00022251_000.png,22251,0.4
1,13.69256,0.9999989,0.95134324,effusion_dose,effusion,00022251_000.png,22251,0.6
1,14.108721,0.9999993,0.9617092,effusion_dose,effusion,00022251_000.png,22251,0.8
1,14.480574,0.9999995,0.96606636,effusion_dose,effusion,00022251_000.png,22251,1.0
1,0.6941223,0.66688335,0.10478273,effusion_dose,effusion,00010546_000.png,10546,0.2
1,12.26656,0.99999535,0.93855804,effusion_dose,effusion,00010546_000.png,10546,0.4
1,14.026518,0.99999917,0.97636074,effusion_dose,effusion,00010546_000.png,10546,0.6
1,14.5253105,0.9999995,0.9814961,effusion_dose,effusion,00010546_000.png,10546,0.8
1,14.010231,0.99999917,0.9762788,effusion_dose,effusion,00010546_000.png,10546,1.0
1,-3.136816,0.041613914,0.10865044,effusion_dose,effusion,00020221_000.png,20221,0.2
1,9.261013,0.999905,0.8143593,effusion_dose,effusion,00020221_000.png,20221,0.4
1,14.13674,0.9999993,0.9762665,effusion_dose,effusion,00020221_000.png,20221,0.6
1,14.669263,0.9999995,0.9835029,effusion_dose,effusion,00020221_000.png,20221,0.8
1,15.253151,0.99999976,0.98357546,effusion_dose,effusion,00020221_000.png,20221,1.0
1,-2.3066082,0.09057714,0.071777135,effusion_dose,effusion,00023982_000.png,23982,0.2
1,12.24724,0.99999523,0.9306603,effusion_dose,effusion,00023982_000.png,23982,0.4
1,13.761274,0.9999989,0.9731643,effusion_dose,effusion,00023982_000.png,23982,0.6
1,15.382693,0.99999976,0.98859674,effusion_dose,effusion,00023982_000.png,23982,0.8
1,15.739954,0.9999999,0.9910588,effusion_dose,effusion,00023982_000.png,23982,1.0
1,7.4172764,0.99939954,0.5884918,effusion_dose,effusion,00007163_000.png,7163,0.2
1,14.924082,0.99999964,0.9791436,effusion_dose,effusion,00007163_000.png,7163,0.4
1,15.214315,0.99999976,0.981545,effusion_dose,effusion,00007163_000.png,7163,0.6
1,15.584107,0.9999999,0.98719954,effusion_dose,effusion,00007163_000.png,7163,0.8
1,15.479577,0.99999976,0.98864305,effusion_dose,effusion,00007163_000.png,7163,1.0
1,4.273258,0.9862553,0.34730923,effusion_dose,effusion,00025817_000.png,25817,0.2
1,11.478867,0.9999896,0.9131383,effusion_dose,effusion,00025817_000.png,25817,0.4
1,13.970184,0.99999917,0.9731674,effusion_dose,effusion,00025817_000.png,25817,0.6
1,14.483084,0.9999995,0.98132855,effusion_dose,effusion,00025817_000.png,25817,0.8
1,14.292803,0.9999994,0.9763342,effusion_dose,effusion,00025817_000.png,25817,1.0
1,11.9249,0.9999933,0.9224822,effusion_dose,effusion,00015417_001.png,15417,0.2
1,14.725121,0.99999964,0.9814237,effusion_dose,effusion,00015417_001.png,15417,0.4
1,14.649851,0.9999995,0.9789988,effusion_dose,effusion,00015417_001.png,15417,0.6
1,14.521738,0.9999995,0.97900265,effusion_dose,effusion,00015417_001.png,15417,0.8
1,14.894839,0.99999964,0.9814241,effusion_dose,effusion,00015417_001.png,15417,1.0
1,11.710928,0.9999918,0.8914754,effusion_dose,effusion,00014421_000.png,14421,0.2
1,14.996234,0.99999964,0.98154587,effusion_dose,effusion,00014421_000.png,14421,0.4
1,15.341824,0.99999976,0.9871997,effusion_dose,effusion,00014421_000.png,14421,0.6
1,15.085737,0.99999976,0.98362654,effusion_dose,effusion,00014421_000.png,14421,0.8
1,15.266647,0.99999976,0.98547065,effusion_dose,effusion,00014421_000.png,14421,1.0
1,7.6780243,0.99953735,0.6471486,effusion_dose,effusion,00009584_000.png,9584,0.2
1,10.923674,0.999982,0.81531054,effusion_dose,effusion,00009584_000.png,9584,0.4
1,14.621511,0.9999995,0.9663192,effusion_dose,effusion,00009584_000.png,9584,0.6
1,13.278093,0.99999833,0.9388187,effusion_dose,effusion,00009584_000.png,9584,0.8
1,14.778992,0.99999964,0.9735089,effusion_dose,effusion,00009584_000.png,9584,1.0
1,8.484476,0.99979335,0.7739867,effusion_dose,effusion,00000278_000.png,278,0.2
1,8.288244,0.99974865,0.7276038,effusion_dose,effusion,00000278_000.png,278,0.4
1,13.1454525,0.9999981,0.9567664,effusion_dose,effusion,00000278_000.png,278,0.6
1,13.691534,0.9999989,0.9698958,effusion_dose,effusion,00000278_000.png,278,0.8
1,14.856097,0.99999964,0.98544884,effusion_dose,effusion,00000278_000.png,278,1.0
1,9.974665,0.9999534,0.7955248,effusion_dose,effusion,00002311_001.png,2311,0.2
1,14.405131,0.9999994,0.9700774,effusion_dose,effusion,00002311_001.png,2311,0.4
1,14.610162,0.9999995,0.9791136,effusion_dose,effusion,00002311_001.png,2311,0.6
1,15.062762,0.99999976,0.98713565,effusion_dose,effusion,00002311_001.png,2311,0.8
1,15.445019,0.99999976,0.9920871,effusion_dose,effusion,00002311_001.png,2311,1.0
1,-0.62788963,0.3479892,0.077776164,effusion_dose,effusion,00008258_000.png,8258,0.2
1,12.020102,0.9999939,0.9223677,effusion_dose,effusion,00008258_000.png,8258,0.4
1,12.019882,0.9999939,0.9381492,effusion_dose,effusion,00008258_000.png,8258,0.6
1,13.767363,0.9999989,0.97326463,effusion_dose,effusion,00008258_000.png,8258,0.8
1,13.645185,0.9999988,0.9616988,effusion_dose,effusion,00008258_000.png,8258,1.0
1,0.948822,0.7208782,0.08797921,effusion_dose,effusion,00004142_000.png,4142,0.2
1,10.244541,0.9999645,0.8638746,effusion_dose,effusion,00004142_000.png,4142,0.4
1,7.1557083,0.99922025,0.617184,effusion_dose,effusion,00004142_000.png,4142,0.6
1,2.8458233,0.9451024,0.12369317,effusion_dose,effusion,00004142_000.png,4142,0.8
1,6.5691624,0.998599,0.46461457,effusion_dose,effusion,00004142_000.png,4142,1.0
1,2.6463604,0.93378633,0.0797971,effusion_dose,effusion,00025673_000.png,25673,0.2
1,13.847912,0.99999905,0.957226,effusion_dose,effusion,00025673_000.png,25673,0.4
1,14.651052,0.9999995,0.9663037,effusion_dose,effusion,00025673_000.png,25673,0.6
1,15.036968,0.99999976,0.9735022,effusion_dose,effusion,00025673_000.png,25673,0.8
1,15.547721,0.9999999,0.9836685,effusion_dose,effusion,00025673_000.png,25673,1.0
1,4.6484127,0.99051404,0.31906778,effusion_dose,effusion,00000346_000.png,346,0.2
1,13.601284,0.9999988,0.9619107,effusion_dose,effusion,00000346_000.png,346,0.4
1,13.92423,0.99999905,0.9699132,effusion_dose,effusion,00000346_000.png,346,0.6
1,14.215069,0.9999993,0.9699951,effusion_dose,effusion,00000346_000.png,346,0.8
1,14.452412,0.9999995,0.9700071,effusion_dose,effusion,00000346_000.png,346,1.0
1,9.530546,0.9999274,0.814705,effusion_dose,effusion,00020813_000.png,20813,0.2
1,13.23448,0.9999982,0.96180886,effusion_dose,effusion,00020813_000.png,20813,0.4
1,14.2141,0.9999993,0.976412,effusion_dose,effusion,00020813_000.png,20813,0.6
1,13.9572735,0.99999917,0.97334856,effusion_dose,effusion,00020813_000.png,20813,0.8
1,13.25526,0.9999982,0.9515924,effusion_dose,effusion,00020813_000.png,20813,1.0
1,11.290924,0.9999875,0.87900394,effusion_dose,effusion,00013269_000.png,13269,0.2
1,14.5080185,0.9999995,0.973439,effusion_dose,effusion,00013269_000.png,13269,0.4
1,14.814303,0.99999964,0.97642606,effusion_dose,effusion,00013269_000.png,13269,0.6
1,15.029767,0.99999976,0.9791439,effusion_dose,effusion,00013269_000.png,13269,0.8
1,15.084179,0.99999976,0.98148155,effusion_dose,effusion,00013269_000.png,13269,1.0
1,10.552872,0.9999739,0.8329379,effusion_dose,effusion,00014081_004.png,14081,0.2
1,14.003117,0.99999917,0.95724255,effusion_dose,effusion,00014081_004.png,14081,0.4
1,15.345948,0.99999976,0.98562515,effusion_dose,effusion,00014081_004.png,14081,0.6
1,15.2416,0.99999976,0.98562574,effusion_dose,effusion,00014081_004.png,14081,0.8
1,13.881567,0.99999905,0.945849,effusion_dose,effusion,00014081_004.png,14081,1.0
1,13.270643,0.99999833,0.9699147,effusion_dose,effusion,00019767_015.png,19767,0.2
1,14.617838,0.9999995,0.9870963,effusion_dose,effusion,00019767_015.png,19767,0.4
1,14.989082,0.99999964,0.9898784,effusion_dose,effusion,00019767_015.png,19767,0.6
1,14.917189,0.99999964,0.9870448,effusion_dose,effusion,00019767_015.png,19767,0.8
1,14.977589,0.99999964,0.98709685,effusion_dose,effusion,00019767_015.png,19767,1.0
1,6.130062,0.9978283,0.55831444,effusion_dose,effusion,00011504_023.png,11504,0.2
1,12.16329,0.99999475,0.9134051,effusion_dose,effusion,00011504_023.png,11504,0.4
1,14.384245,0.9999994,0.9733787,effusion_dose,effusion,00011504_023.png,11504,0.6
1,14.998628,0.99999964,0.97901297,effusion_dose,effusion,00011504_023.png,11504,0.8
1,15.283237,0.99999976,0.9835765,effusion_dose,effusion,00011504_023.png,11504,1.0
1,3.1555557,0.95912707,0.1506584,effusion_dose,effusion,00007085_000.png,7085,0.2
1,11.7092285,0.9999918,0.9128365,effusion_dose,effusion,00007085_000.png,7085,0.4
1,13.651311,0.9999988,0.95139986,effusion_dose,effusion,00007085_000.png,7085,0.6
1,14.582166,0.9999995,0.9763292,effusion_dose,effusion,00007085_000.png,7085,0.8
1,14.90281,0.99999964,0.9813958,effusion_dose,effusion,00007085_000.png,7085,1.0
1,3.7471104,0.9769577,0.32189348,effusion_dose,effusion,00016830_000.png,16830,0.2
1,7.0968933,0.999173,0.67533225,effusion_dose,effusion,00016830_000.png,16830,0.4
1,13.041813,0.99999785,0.969989,effusion_dose,effusion,00016830_000.png,16830,0.6
1,14.989899,0.99999964,0.9899587,effusion_dose,effusion,00016830_000.png,16830,0.8
1,15.738725,0.9999999,0.9930471,effusion_dose,effusion,00016830_000.png,16830,1.0
1,4.4460907,0.9884115,0.43465388,effusion_dose,effusion,00030603_000.png,30603,0.2
1,10.01091,0.99995506,0.84942347,effusion_dose,effusion,00030603_000.png,30603,0.4
1,13.001379,0.99999774,0.95146793,effusion_dose,effusion,00030603_000.png,30603,0.6
1,13.138275,0.999998,0.95692503,effusion_dose,effusion,00030603_000.png,30603,0.8
1,13.048588,0.99999785,0.95146734,effusion_dose,effusion,00030603_000.png,30603,1.0
1,2.9091873,0.94829875,0.186377,effusion_dose,effusion,00007375_000.png,7375,0.2
1,9.984922,0.99995387,0.7740446,effusion_dose,effusion,00007375_000.png,7375,0.4
1,14.067871,0.99999917,0.96606034,effusion_dose,effusion,00007375_000.png,7375,0.6
1,14.670879,0.9999995,0.9735117,effusion_dose,effusion,00007375_000.png,7375,0.8
1,14.773687,0.99999964,0.9764379,effusion_dose,effusion,00007375_000.png,7375,1.0
1,2.309166,0.9096334,0.14120916,effusion_dose,effusion,00000376_001.png,376,0.2
1,11.0362625,0.9999839,0.86479783,effusion_dose,effusion,00000376_001.png,376,0.4
1,14.325825,0.9999994,0.9619302,effusion_dose,effusion,00000376_001.png,376,0.6
1,13.951971,0.99999917,0.9570632,effusion_dose,effusion,00000376_001.png,376,0.8
1,14.546663,0.9999995,0.97337043,effusion_dose,effusion,00000376_001.png,376,1.0
1,0.1651249,0.54118764,0.06341981,effusion_dose,effusion,00014779_000.png,14779,0.2
1,10.776531,0.99997914,0.8646527,effusion_dose,effusion,00014779_000.png,14779,0.4
1,6.3242054,0.9982108,0.5262986,effusion_dose,effusion,00014779_000.png,14779,0.6
1,9.097229,0.99988806,0.72732323,effusion_dose,effusion,00014779_000.png,14779,0.8
1,14.592205,0.9999995,0.9834993,effusion_dose,effusion,00014779_000.png,14779,1.0
1,9.963469,0.9999529,0.7517289,effusion_dose,effusion,00002219_007.png,2219,0.2
1,13.549631,0.9999987,0.93151695,effusion_dose,effusion,00002219_007.png,2219,0.4
1,14.009741,0.99999917,0.95715934,effusion_dose,effusion,00002219_007.png,2219,0.6
1,14.394672,0.9999994,0.96191335,effusion_dose,effusion,00002219_007.png,2219,0.8
1,14.081726,0.9999993,0.95715106,effusion_dose,effusion,00002219_007.png,2219,1.0
1,8.170456,0.9997172,0.7943209,effusion_dose,effusion,00002000_007.png,2000,0.2
1,13.321232,0.99999833,0.9617594,effusion_dose,effusion,00002000_007.png,2000,0.4
1,15.326473,0.99999976,0.99205875,effusion_dose,effusion,00002000_007.png,2000,0.6
1,15.553265,0.9999999,0.9929858,effusion_dose,effusion,00002000_007.png,2000,0.8
1,15.463588,0.99999976,0.9921305,effusion_dose,effusion,00002000_007.png,2000,1.0
1,-2.8403988,0.05517974,0.055465385,effusion_dose,effusion,00016800_009.png,16800,0.2
1,4.1668377,0.98473537,0.24499965,effusion_dose,effusion,00016800_009.png,16800,0.4
1,8.627159,0.9998209,0.7015233,effusion_dose,effusion,00016800_009.png,16800,0.6
1,14.370217,0.9999994,0.9734277,effusion_dose,effusion,00016800_009.png,16800,0.8
1,14.286714,0.9999994,0.97349644,effusion_dose,effusion,00016800_009.png,16800,1.0
1,2.4039402,0.91712725,0.081089035,effusion_dose,effusion,00016450_001.png,16450,0.2
1,3.9734344,0.98153853,0.16462208,effusion_dose,effusion,00016450_001.png,16450,0.4
1,14.055198,0.99999917,0.9569342,effusion_dose,effusion,00016450_001.png,16450,0.6
1,14.208807,0.9999993,0.9659431,effusion_dose,effusion,00016450_001.png,16450,0.8
1,14.896359,0.99999964,0.9790696,effusion_dose,effusion,00016450_001.png,16450,1.0
1,-0.19351959,0.4517705,0.071059786,effusion_dose,effusion,00020074_003.png,20074,0.2
1,10.564085,0.99997413,0.84965676,effusion_dose,effusion,00020074_003.png,20074,0.4
1,12.419947,0.99999595,0.9309406,effusion_dose,effusion,00020074_003.png,20074,0.6
1,11.845596,0.99999285,0.89145535,effusion_dose,effusion,00020074_003.png,20074,0.8
1,11.155094,0.9999857,0.8784931,effusion_dose,effusion,00020074_003.png,20074,1.0
1,3.4176235,0.96825075,0.29574478,effusion_dose,effusion,00014671_001.png,14671,0.2
1,11.613129,0.99999094,0.9223176,effusion_dose,effusion,00014671_001.png,14671,0.4
1,12.126656,0.99999464,0.93112135,effusion_dose,effusion,00014671_001.png,14671,0.6
1,12.578915,0.99999654,0.94542676,effusion_dose,effusion,00014671_001.png,14671,0.8
1,13.317545,0.99999833,0.95683324,effusion_dose,effusion,00014671_001.png,14671,1.0
1,-1.8003387,0.14180984,0.085792355,effusion_dose,effusion,00026204_013.png,26204,0.2
1,11.032063,0.9999838,0.9023986,effusion_dose,effusion,00026204_013.png,26204,0.4
1,14.337175,0.9999994,0.9763456,effusion_dose,effusion,00026204_013.png,26204,0.6
1,14.412508,0.9999994,0.9732897,effusion_dose,effusion,00026204_013.png,26204,0.8
1,13.981194,0.99999917,0.9699322,effusion_dose,effusion,00026204_013.png,26204,1.0
1,5.430456,0.9956381,0.5564861,effusion_dose,effusion,00008076_000.png,8076,0.2
1,11.582584,0.9999907,0.91290694,effusion_dose,effusion,00008076_000.png,8076,0.4
1,13.253513,0.9999982,0.9512879,effusion_dose,effusion,00008076_000.png,8076,0.6
1,11.49091,0.99998975,0.92217207,effusion_dose,effusion,00008076_000.png,8076,0.8
1,13.753279,0.9999989,0.96169597,effusion_dose,effusion,00008076_000.png,8076,1.0
1,14.403551,0.9999994,0.9871511,effusion_dose,effusion,00027120_001.png,27120,0.2
1,14.88043,0.99999964,0.98996544,effusion_dose,effusion,00027120_001.png,27120,0.4
1,15.55504,0.9999999,0.99449307,effusion_dose,effusion,00027120_001.png,27120,0.6
1,15.711031,0.9999999,0.99449325,effusion_dose,effusion,00027120_001.png,27120,0.8
1,15.603653,0.9999999,0.99205613,effusion_dose,effusion,00027120_001.png,27120,1.0
1,15.663002,0.9999999,0.9899597,effusion_dose,effusion,00027465_005.png,27465,0.2
1,15.767285,0.9999999,0.9899604,effusion_dose,effusion,00027465_005.png,27465,0.4
1,15.649555,0.9999999,0.9911289,effusion_dose,effusion,00027465_005.png,27465,0.6
1,15.881514,0.9999999,0.99213344,effusion_dose,effusion,00027465_005.png,27465,0.8
1,15.819547,0.9999999,0.993015,effusion_dose,effusion,00027465_005.png,27465,1.0
1,-0.72190094,0.32697454,0.066714175,effusion_dose,effusion,00002580_004.png,2580,0.2
1,10.316914,0.999967,0.83242005,effusion_dose,effusion,00002580_004.png,2580,0.4
1,9.677288,0.9999373,0.7942913,effusion_dose,effusion,00002580_004.png,2580,0.6
1,14.665027,0.9999995,0.9835536,effusion_dose,effusion,00002580_004.png,2580,0.8
1,14.865112,0.99999964,0.98147494,effusion_dose,effusion,00002580_004.png,2580,1.0
1,8.172081,0.99971765,0.70158637,effusion_dose,effusion,00022156_000.png,22156,0.2
1,14.723957,0.99999964,0.97914755,effusion_dose,effusion,00022156_000.png,22156,0.4
1,15.239304,0.99999976,0.98715574,effusion_dose,effusion,00022156_000.png,22156,0.6
1,15.512564,0.99999976,0.9885487,effusion_dose,effusion,00022156_000.png,22156,0.8
1,15.832308,0.9999999,0.99101096,effusion_dose,effusion,00022156_000.png,22156,1.0
1,5.9634533,0.9974356,0.52511597,effusion_dose,effusion,00008145_000.png,8145,0.2
1,10.750307,0.99997854,0.83327717,effusion_dose,effusion,00008145_000.png,8145,0.4
1,13.583099,0.9999987,0.96173805,effusion_dose,effusion,00008145_000.png,8145,0.6
1,13.825491,0.99999905,0.9732037,effusion_dose,effusion,00008145_000.png,8145,0.8
1,14.209127,0.9999993,0.97629386,effusion_dose,effusion,00008145_000.png,8145,1.0
1,5.903307,0.9972771,0.556995,effusion_dose,effusion,00005225_000.png,5225,0.2
1,11.728088,0.9999919,0.92224103,effusion_dose,effusion,00005225_000.png,5225,0.4
1,12.327602,0.9999956,0.9309191,effusion_dose,effusion,00005225_000.png,5225,0.6
1,14.897911,0.99999964,0.9834914,effusion_dose,effusion,00005225_000.png,5225,0.8
1,14.4661455,0.9999995,0.96984136,effusion_dose,effusion,00005225_000.png,5225,1.0
1,-1.8002071,0.14182585,0.084749475,effusion_dose,effusion,00001288_000.png,1288,0.2
1,-3.0266247,0.04623745,0.09787699,effusion_dose,effusion,00001288_000.png,1288,0.4
1,3.4879131,0.9703419,0.29524207,effusion_dose,effusion,00001288_000.png,1288,0.6
1,4.05599,0.98297644,0.29286674,effusion_dose,effusion,00001288_000.png,1288,0.8
1,8.8030205,0.9998497,0.750747,effusion_dose,effusion,00001288_000.png,1288,1.0
