kind,image,patient_id,growth,question,log_odds,p_yes,yes_no_mass
real,00000023_002.png,23,,cardiomegaly_0,-4.6557274,0.009417463,0.8395319
real,00000041_002.png,41,,cardiomegaly_0,-2.3887062,0.08403797,0.39876208
real,00000041_006.png,41,,cardiomegaly_0,-4.8257084,0.007957048,0.8568029
real,00000078_001.png,78,,cardiomegaly_0,-4.5668926,0.01028335,0.7611766
real,00000121_006.png,121,,cardiomegaly_0,-5.066513,0.0062648687,0.8378235
real,00000121_007.png,121,,cardiomegaly_0,-5.1038074,0.006036912,0.87089396
real,00000148_001.png,148,,cardiomegaly_0,-5.5331345,0.003938008,0.9168448
real,00000148_002.png,148,,cardiomegaly_0,-5.72563,0.0032506972,0.9406684
real,00000176_001.png,176,,cardiomegaly_0,4.689028,0.99088824,0.9610836
real,00000176_002.png,176,,cardiomegaly_0,5.4607697,0.9957677,0.9659916
real,00000200_001.png,200,,cardiomegaly_0,6.101589,0.99776566,0.95706123
real,00000240_000.png,240,,cardiomegaly_0,6.793331,0.99887997,0.9812714
real,00000246_008.png,246,,cardiomegaly_0,-2.6053162,0.06879706,0.37744132
real,00000246_012.png,246,,cardiomegaly_0,-4.531431,0.010650602,0.81363523
real,00000246_013.png,246,,cardiomegaly_0,-3.5136433,0.028926522,0.57626563
real,00000284_004.png,284,,cardiomegaly_0,1.7518787,0.85218966,0.3067443
real,00000284_005.png,284,,cardiomegaly_0,5.352337,0.99528533,0.96303946
real,00000337_000.png,337,,cardiomegaly_0,-5.337715,0.004783846,0.9323138
real,00000404_002.png,404,,cardiomegaly_0,-4.772833,0.008385479,0.8529464
real,00000457_002.png,457,,cardiomegaly_0,6.621748,0.9986707,0.9833401
real,00000457_003.png,457,,cardiomegaly_0,7.0894985,0.99916685,0.9865246
real,00000457_004.png,457,,cardiomegaly_0,5.470688,0.9958093,0.95595235
real,00000499_002.png,499,,cardiomegaly_0,-5.123392,0.0059205242,0.82522774
real,00000499_003.png,499,,cardiomegaly_0,-4.809845,0.008083251,0.7728811
real,00000591_001.png,591,,cardiomegaly_0,-3.9597454,0.018711183,0.7146571
real,00000591_002.png,591,,cardiomegaly_0,-2.1746273,0.10205221,0.3081295
real,00000591_004.png,591,,cardiomegaly_0,-3.942751,0.019025788,0.72613883
real,00000591_005.png,591,,cardiomegaly_0,-4.0475388,0.017165506,0.7207837
real,00000591_006.png,591,,cardiomegaly_0,-0.123910904,0.46906182,0.18796648
real,00000591_007.png,591,,cardiomegaly_0,-2.482767,0.07707514,0.31585202
real,00000591_009.png,591,,cardiomegaly_0,-4.6717205,0.009269432,0.7993257
real,00000591_010.png,591,,cardiomegaly_0,-4.346447,0.012787124,0.7400612
real,00000591_011.png,591,,cardiomegaly_0,-3.6132183,0.026256908,0.59712285
real,00000591_012.png,591,,cardiomegaly_0,-1.3097305,0.21253195,0.18552095
real,00000591_013.png,591,,cardiomegaly_0,-2.7807465,0.05837351,0.40935242
real,00000591_014.png,591,,cardiomegaly_0,-2.783144,0.05824187,0.39909396
real,00000591_015.png,591,,cardiomegaly_0,-2.778654,0.058488626,0.4137319
real,00000591_016.png,591,,cardiomegaly_0,-3.713335,0.023815034,0.6268941
real,00000591_018.png,591,,cardiomegaly_0,-4.521902,0.01075148,0.7926401
real,00000591_019.png,591,,cardiomegaly_0,-3.6269608,0.025907828,0.6275333
real,00000622_000.png,622,,cardiomegaly_0,-4.254717,0.013998374,0.63620704
real,00000661_001.png,661,,cardiomegaly_0,6.734192,0.99881184,0.9769952
real,00000661_000.png,661,,cardiomegaly_0,6.553419,0.99857676,0.9771867
real,00000707_002.png,707,,cardiomegaly_0,-4.788862,0.008253237,0.7233905
real,00000787_002.png,787,,cardiomegaly_0,5.8334827,0.9970806,0.94059783
real,00000848_000.png,848,,cardiomegaly_0,-1.8458176,0.13636471,0.29904675
real,00000869_008.png,869,,cardiomegaly_0,2.135851,0.89433914,0.4959103
real,00000949_005.png,949,,cardiomegaly_0,-5.7225933,0.0032605503,0.910176
real,00001075_038.png,1075,,cardiomegaly_0,-0.16827774,0.45802957,0.17919078
real,00001075_045.png,1075,,cardiomegaly_0,-3.8630886,0.020570975,0.6667826
real,00001075_046.png,1075,,cardiomegaly_0,4.3286915,0.9869868,0.8321753
real,00001075_047.png,1075,,cardiomegaly_0,0.12893677,0.5321896,0.14851491
real,00001075_007.png,1075,,cardiomegaly_0,-4.180664,0.015058138,0.6924517
real,00001075_022.png,1075,,cardiomegaly_0,-3.7309093,0.02340987,0.43082875
real,00001075_033.png,1075,,cardiomegaly_0,6.7655582,0.99884856,0.969045
real,00001096_001.png,1096,,cardiomegaly_0,1.6802158,0.8429331,0.2112219
real,00001104_022.png,1104,,cardiomegaly_0,-4.7124767,0.008902535,0.76439124
real,00001170_006.png,1170,,cardiomegaly_0,-3.892849,0.019979848,0.66535276
real,00001170_020.png,1170,,cardiomegaly_0,-4.6300926,0.009659637,0.7543926
real,00001170_021.png,1170,,cardiomegaly_0,-4.9624577,0.0069471137,0.8368735
real,00001170_023.png,1170,,cardiomegaly_0,-4.8238277,0.007971907,0.85257494
real,00001170_030.png,1170,,cardiomegaly_0,-4.841501,0.007833347,0.80675507
real,00001170_034.png,1170,,cardiomegaly_0,-4.614031,0.009814505,0.80772287
real,00001170_035.png,1170,,cardiomegaly_0,-4.0059757,0.017880965,0.6674016
real,00001170_036.png,1170,,cardiomegaly_0,-4.4945736,0.011046065,0.79661256
real,00001170_037.png,1170,,cardiomegaly_0,-4.5962124,0.009989189,0.78360075
real,00001170_039.png,1170,,cardiomegaly_0,-4.8570805,0.0077131893,0.8348863
real,00001170_040.png,1170,,cardiomegaly_0,-4.453747,0.011501078,0.72883314
real,00001170_045.png,1170,,cardiomegaly_0,-4.6714344,0.00927206,0.8010597
real,00001170_046.png,1170,,cardiomegaly_0,-5.1507854,0.005761465,0.8722294
real,00001170_047.png,1170,,cardiomegaly_0,-5.1868763,0.0055583715,0.87754685
real,00001187_001.png,1187,,cardiomegaly_0,-0.8767719,0.29384714,0.24427779
real,00001248_022.png,1248,,cardiomegaly_0,-4.117222,0.016028605,0.6883085
real,00001248_023.png,1248,,cardiomegaly_0,-3.632084,0.02577885,0.60508347
real,00001248_024.png,1248,,cardiomegaly_0,-3.9843502,0.018264724,0.77088994
real,00001248_025.png,1248,,cardiomegaly_0,-4.657465,0.009401268,0.8040317
real,00001248_028.png,1248,,cardiomegaly_0,-4.5958557,0.009992718,0.83090204
real,00001248_036.png,1248,,cardiomegaly_0,-4.559042,0.010363558,0.78422415
real,00001248_038.png,1248,,cardiomegaly_0,-4.7947655,0.008205058,0.8739214
real,00001248_000.png,1248,,cardiomegaly_0,-4.3387356,0.012884836,0.77847373
real,00001248_002.png,1248,,cardiomegaly_0,1.6663303,0.841086,0.34449607
real,00001248_003.png,1248,,cardiomegaly_0,0.04319954,0.5107982,0.21771237
real,00001248_004.png,1248,,cardiomegaly_0,-1.6430416,0.1620516,0.35690632
real,00001248_016.png,1248,,cardiomegaly_0,-0.80677605,0.30857795,0.20321608
real,00001248_017.png,1248,,cardiomegaly_0,-2.3602257,0.08625641,0.42530066
real,00001309_002.png,1309,,cardiomegaly_0,-5.477627,0.0041618426,0.9021711
real,00001458_001.png,1458,,cardiomegaly_0,-5.2602386,0.005167226,0.89403534
real,00001470_006.png,1470,,cardiomegaly_0,-4.633938,0.009622921,0.82273895
real,00001470_007.png,1470,,cardiomegaly_0,-4.2137394,0.0145753715,0.71637887
real,00001775_001.png,1775,,cardiomegaly_0,-3.565567,0.027503131,0.4997121
real,00001775_002.png,1775,,cardiomegaly_0,-3.5335693,0.028372025,0.4964576
real,00001775_004.png,1775,,cardiomegaly_0,-2.6246128,0.06757108,0.28483507
real,00001775_005.png,1775,,cardiomegaly_0,-2.3282356,0.08881134,0.27196687
real,00001782_000.png,1782,,cardiomegaly_0,-4.832426,0.007904195,0.83939034
real,00001784_000.png,1784,,cardiomegaly_0,3.7269573,0.9764996,0.8161687
real,00001974_000.png,1974,,cardiomegaly_0,-4.740946,0.008654824,0.8464491
real,00001974_003.png,1974,,cardiomegaly_0,-5.4011555,0.004491104,0.87657523
real,00001989_011.png,1989,,cardiomegaly_0,-0.19760132,0.45075977,0.17764908
real,00002046_003.png,2046,,cardiomegaly_0,-3.8128185,0.021608599,0.70771945
real,00002083_000.png,2083,,cardiomegaly_0,6.282236,0.9981343,0.95458955
real,00002120_005.png,2120,,cardiomegaly_0,-4.335476,0.0129263615,0.6712991
real,00002239_002.png,2239,,cardiomegaly_0,-3.397417,0.032376286,0.6553097
real,00002239_005.png,2239,,cardiomegaly_0,-4.7429714,0.008637463,0.8828209
real,00002239_006.png,2239,,cardiomegaly_0,-4.287779,0.013549294,0.835965
real,00002239_007.png,2239,,cardiomegaly_0,-4.3559017,0.012668319,0.7907264
real,00002239_008.png,2239,,cardiomegaly_0,-5.869177,0.0028172387,0.94820166
real,00002239_009.png,2239,,cardiomegaly_0,-6.1920204,0.002041513,0.9580819
real,00002299_007.png,2299,,cardiomegaly_0,-5.662054,0.0034633344,0.9092932
real,00002299_010.png,2299,,cardiomegaly_0,-5.831955,0.0029237652,0.9380863
real,00002299_001.png,2299,,cardiomegaly_0,-6.0044327,0.002461714,0.9377908
real,00002299_002.png,2299,,cardiomegaly_0,-5.452297,0.0042681512,0.87764186
real,00002300_000.png,2300,,cardiomegaly_0,-4.766672,0.008436862,0.794709
real,00002339_007.png,2339,,cardiomegaly_0,1.0177441,0.73453295,0.19115494
real,00002355_004.png,2355,,cardiomegaly_0,-5.945223,0.0026114811,0.91407347
real,00002355_006.png,2355,,cardiomegaly_0,-6.0474854,0.0023582242,0.9189801
real,00002355_002.png,2355,,cardiomegaly_0,-5.919283,0.0026799252,0.92217684
real,00002424_013.png,2424,,cardiomegaly_0,-5.5669823,0.0038074448,0.8799007
real,00002490_000.png,2490,,cardiomegaly_0,-6.035343,0.0023869642,0.94887877
real,00002492_016.png,2492,,cardiomegaly_0,3.2003403,0.9608471,0.71490186
real,00002492_002.png,2492,,cardiomegaly_0,-3.472271,0.030111587,0.52932674
real,00002492_003.png,2492,,cardiomegaly_0,-4.777506,0.008346711,0.824645
real,00002533_004.png,2533,,cardiomegaly_0,-1.0653915,0.25628048,0.18391186
real,00002533_005.png,2533,,cardiomegaly_0,0.020692825,0.505173,0.17281944
real,00002552_001.png,2552,,cardiomegaly_0,6.800276,0.99888784,0.966012
real,00002585_000.png,2585,,cardiomegaly_0,-4.5115013,0.010862667,0.83533037
real,00002585_003.png,2585,,cardiomegaly_0,-4.7695713,0.008412643,0.88386476
real,00002599_001.png,2599,,cardiomegaly_0,-3.956789,0.018765545,0.6616629
real,00002609_000.png,2609,,cardiomegaly_0,-5.2710667,0.0051118615,0.9097584
real,00002685_002.png,2685,,cardiomegaly_0,-5.100115,0.00605911,0.83514106
real,00002686_001.png,2686,,cardiomegaly_0,0.5279827,0.6290125,0.24654083
real,00002825_007.png,2825,,cardiomegaly_0,-6.05875,0.0023318701,0.93171024
real,00002825_008.png,2825,,cardiomegaly_0,-5.9748707,0.0025353862,0.9470931
real,00002825_011.png,2825,,cardiomegaly_0,-5.845949,0.0028832515,0.90683246
real,00002924_001.png,2924,,cardiomegaly_0,-1.385952,0.2000548,0.2858305
real,00003013_011.png,3013,,cardiomegaly_0,-5.390684,0.004538165,0.8771559
real,00003013_013.png,3013,,cardiomegaly_0,-5.2110615,0.0054262737,0.8731574
real,00003013_014.png,3013,,cardiomegaly_0,-5.3898067,0.00454213,0.9081257
real,00003015_000.png,3015,,cardiomegaly_0,5.8708954,0.99718755,0.94595647
real,00003064_003.png,3064,,cardiomegaly_0,-6.0124435,0.00244212,0.9506353
real,00003064_005.png,3064,,cardiomegaly_0,-5.8492126,0.0028738845,0.9188677
real,00003064_006.png,3064,,cardiomegaly_0,-6.2386074,0.0019487676,0.9444902
real,00003064_007.png,3064,,cardiomegaly_0,3.0477257,0.95468426,0.6222762
real,00003064_035.png,3064,,cardiomegaly_0,-5.5957203,0.003699983,0.91373175
real,00003064_037.png,3064,,cardiomegaly_0,-5.9482193,0.002603688,0.9210336
real,00003064_038.png,3064,,cardiomegaly_0,-3.2705956,0.036593825,0.4906963
real,00003064_039.png,3064,,cardiomegaly_0,-2.858015,0.054268487,0.43854013
real,00003064_043.png,3064,,cardiomegaly_0,-5.8113422,0.0029844756,0.931116
real,00003064_048.png,3064,,cardiomegaly_0,-5.7070446,0.003311475,0.9286419
real,00003064_050.png,3064,,cardiomegaly_0,-5.890896,0.0027568776,0.9399641
real,00003064_052.png,3064,,cardiomegaly_0,-5.603033,0.003673123,0.9202128
real,00003362_006.png,3362,,cardiomegaly_0,-3.332222,0.034482177,0.48511314
real,00003423_002.png,3423,,cardiomegaly_0,-1.8830032,0.13204429,0.3794649
real,00003423_003.png,3423,,cardiomegaly_0,-3.232109,0.03797512,0.5256266
real,00003423_005.png,3423,,cardiomegaly_0,-4.6824036,0.009171836,0.8082007
real,00003423_011.png,3423,,cardiomegaly_0,-1.9887352,0.120390736,0.2581821
real,00003423_015.png,3423,,cardiomegaly_0,1.9434433,0.87473,0.3831152
real,00003423_021.png,3423,,cardiomegaly_0,-1.5555363,0.1742881,0.3355528
real,00003428_000.png,3428,,cardiomegaly_0,-4.3150463,0.013189639,0.77000135
real,00003439_002.png,3439,,cardiomegaly_0,-5.89765,0.0027383715,0.9575005
real,00003439_003.png,3439,,cardiomegaly_0,-5.719267,0.003271379,0.9462958
real,00003570_002.png,3570,,cardiomegaly_0,5.2510033,0.99478513,0.90807486
real,00003570_004.png,3570,,cardiomegaly_0,-5.9152164,0.0026908156,0.93065506
real,00003611_002.png,3611,,cardiomegaly_0,-5.008747,0.0066349497,0.8671723
real,00003611_004.png,3611,,cardiomegaly_0,-4.436434,0.011699579,0.78661186
real,00003611_005.png,3611,,cardiomegaly_0,-4.926491,0.007199696,0.8535297
real,00003611_006.png,3611,,cardiomegaly_0,-4.7130527,0.0088974545,0.856676
real,00003706_001.png,3706,,cardiomegaly_0,1.5200672,0.82054836,0.25886846
real,00003737_000.png,3737,,cardiomegaly_0,-3.00132,0.047366276,0.43441442
real,00003737_001.png,3737,,cardiomegaly_0,-5.1197166,0.0059421957,0.8899073
real,00003789_009.png,3789,,cardiomegaly_0,5.742935,0.99680495,0.9605974
real,00003856_003.png,3856,,cardiomegaly_0,-3.2019043,0.039094124,0.52771425
real,00003916_001.png,3916,,cardiomegaly_0,2.6879272,0.93631047,0.4673606
real,00003916_002.png,3916,,cardiomegaly_0,-2.6851425,0.063855775,0.4072342
real,00003937_000.png,3937,,cardiomegaly_0,-5.8386974,0.002904175,0.94807905
real,00003996_020.png,3996,,cardiomegaly_0,-4.7351437,0.008704748,0.7785581
real,00004003_000.png,4003,,cardiomegaly_0,-3.1571999,0.040808517,0.62725556
real,00004080_000.png,4080,,cardiomegaly_0,-5.1234493,0.005920188,0.88280255
real,00004080_001.png,4080,,cardiomegaly_0,-4.350561,0.012735292,0.76310635
real,00004081_000.png,4081,,cardiomegaly_0,-4.8082066,0.008096398,0.78537923
real,00004220_000.png,4220,,cardiomegaly_0,-5.6167297,0.003623338,0.93398523
real,00004233_000.png,4233,,cardiomegaly_0,0.18659973,0.54651505,0.17079473
real,00004263_000.png,4263,,cardiomegaly_0,-2.2331524,0.09681265,0.34070247
real,00004344_013.png,4344,,cardiomegaly_0,7.10524,0.9991799,0.99121684
real,00004344_014.png,4344,,cardiomegaly_0,6.7055073,0.99877733,0.9845168
real,00004344_046.png,4344,,cardiomegaly_0,6.9864902,0.9990766,0.9862519
real,00004344_047.png,4344,,cardiomegaly_0,6.916252,0.9990094,0.98635864
real,00004404_008.png,4404,,cardiomegaly_0,5.7324715,0.9967714,0.95328486
real,00004511_000.png,4511,,cardiomegaly_0,4.8950844,0.99257237,0.89359605
real,00004547_020.png,4547,,cardiomegaly_0,-5.119808,0.0059416555,0.8605702
real,00004583_000.png,4583,,cardiomegaly_0,-1.899128,0.13020721,0.33562538
real,00004608_008.png,4608,,cardiomegaly_0,-2.6415558,0.06651137,0.34516546
real,00004608_009.png,4608,,cardiomegaly_0,3.5934315,0.9732324,0.7361919
real,00004608_011.png,4608,,cardiomegaly_0,-1.1086788,0.24811728,0.2923241
real,00004646_002.png,4646,,cardiomegaly_0,-4.769947,0.008409509,0.78265643
real,00004750_004.png,4750,,cardiomegaly_0,-2.7286167,0.06130572,0.5210007
real,00004750_006.png,4750,,cardiomegaly_0,-4.371353,0.012476503,0.84506565
real,00004833_014.png,4833,,cardiomegaly_0,-4.8754463,0.007573886,0.85993934
real,00004862_000.png,4862,,cardiomegaly_0,-2.9495678,0.049756948,0.5039244
real,00004909_006.png,4909,,cardiomegaly_0,4.292738,0.98651683,0.9188945
real,00004909_007.png,4909,,cardiomegaly_0,3.7461166,0.97693527,0.8566654
real,00004976_000.png,4976,,cardiomegaly_0,2.610857,0.93155706,0.56028533
real,00005038_000.png,5038,,cardiomegaly_0,4.2598343,0.9860721,0.84401983
real,00005101_002.png,5101,,cardiomegaly_0,-6.175623,0.0020751948,0.95317656
real,00005108_000.png,5108,,cardiomegaly_0,-0.18200302,0.4546244,0.19372934
real,00005110_009.png,5110,,cardiomegaly_0,-5.7366753,0.003215104,0.91201806
real,00005395_006.png,5395,,cardiomegaly_0,-4.5347443,0.010615747,0.77308893
real,00005395_007.png,5395,,cardiomegaly_0,-3.0016346,0.047352083,0.46109146
real,00005395_010.png,5395,,cardiomegaly_0,-5.007963,0.0066401185,0.8355477
real,00005395_011.png,5395,,cardiomegaly_0,-2.426838,0.08114893,0.32664442
real,00005401_000.png,5401,,cardiomegaly_0,-1.6260586,0.16437101,0.21307825
real,00005410_002.png,5410,,cardiomegaly_0,-3.5529213,0.027843388,0.5726467
real,00005520_007.png,5520,,cardiomegaly_0,-5.7114124,0.0032970903,0.9096225
real,00005532_031.png,5532,,cardiomegaly_0,4.0662403,0.9831472,0.7466869
real,00005532_037.png,5532,,cardiomegaly_0,2.1544647,0.89608526,0.37963638
real,00005532_042.png,5532,,cardiomegaly_0,5.194847,0.99448556,0.93588334
real,00005532_043.png,5532,,cardiomegaly_0,4.2723675,0.9862432,0.8598902
real,00005532_000.png,5532,,cardiomegaly_0,1.5393543,0.8233708,0.21707414
real,00005532_004.png,5532,,cardiomegaly_0,6.328539,0.9982185,0.97147816
real,00005532_005.png,5532,,cardiomegaly_0,3.805645,0.97823924,0.74801683
real,00005532_007.png,5532,,cardiomegaly_0,6.572981,0.99860436,0.9628151
real,00005532_008.png,5532,,cardiomegaly_0,3.045784,0.95460016,0.51545364
real,00005532_010.png,5532,,cardiomegaly_0,0.1359539,0.5339362,0.11632678
real,00005532_011.png,5532,,cardiomegaly_0,0.6011677,0.64592344,0.14392322
real,00005532_012.png,5532,,cardiomegaly_0,-2.081831,0.11087534,0.23624489
real,00005532_013.png,5532,,cardiomegaly_0,4.579077,0.9898399,0.90561175
real,00005532_014.png,5532,,cardiomegaly_0,5.8963165,0.99725795,0.97030497
real,00005532_016.png,5532,,cardiomegaly_0,5.9972973,0.9975206,0.96444213
real,00005532_018.png,5532,,cardiomegaly_0,3.848175,0.97912645,0.80999136
real,00005532_019.png,5532,,cardiomegaly_0,4.5107307,0.98912907,0.9176147
real,00005556_000.png,5556,,cardiomegaly_0,2.7579517,0.9403609,0.60811126
real,00005556_008.png,5556,,cardiomegaly_0,-4.440813,0.011649051,0.77867246
real,00005579_002.png,5579,,cardiomegaly_0,0.2645073,0.5657439,0.201025
real,00005626_002.png,5626,,cardiomegaly_0,-4.9395847,0.0071067032,0.88278925
real,00005641_003.png,5641,,cardiomegaly_0,5.3743477,0.9953875,0.934275
real,00005641_006.png,5641,,cardiomegaly_0,6.426733,0.99838495,0.96648633
real,00005641_012.png,5641,,cardiomegaly_0,5.7147865,0.996714,0.96940744
real,00005666_004.png,5666,,cardiomegaly_0,4.5258446,0.9892904,0.89779866
real,00005666_010.png,5666,,cardiomegaly_0,4.5405216,0.9894448,0.92915785
real,00005666_011.png,5666,,cardiomegaly_0,4.7304287,0.9912545,0.92691416
real,00005666_012.png,5666,,cardiomegaly_0,4.610977,0.9901558,0.8974493
real,00005666_013.png,5666,,cardiomegaly_0,4.7394314,0.9913322,0.88781613
real,00005666_018.png,5666,,cardiomegaly_0,4.354244,0.9873109,0.87784576
real,00005666_019.png,5666,,cardiomegaly_0,4.320839,0.98688555,0.87599796
real,00005766_004.png,5766,,cardiomegaly_0,-4.7166367,0.008865906,0.81121004
real,00005869_001.png,5869,,cardiomegaly_0,5.040943,0.99357384,0.94480735
real,00005895_003.png,5895,,cardiomegaly_0,-3.1071587,0.04281293,0.44860202
real,00005895_005.png,5895,,cardiomegaly_0,0.27654457,0.5686989,0.25781026
real,00005895_007.png,5895,,cardiomegaly_0,2.603468,0.93108445,0.63377565
real,00005895_009.png,5895,,cardiomegaly_0,3.932085,0.9807741,0.89977294
real,00005895_013.png,5895,,cardiomegaly_0,4.8820934,0.9924759,0.97830147
real,00005895_023.png,5895,,cardiomegaly_0,2.7820435,0.9416978,0.7118302
real,00005920_003.png,5920,,cardiomegaly_0,4.3918095,0.987773,0.91849715
real,00006166_000.png,6166,,cardiomegaly_0,2.9138546,0.94852716,0.45399395
real,00006298_003.png,6298,,cardiomegaly_0,-4.589794,0.010052862,0.7718985
real,00006298_004.png,6298,,cardiomegaly_0,-5.0952663,0.00608838,0.84054935
real,00006298_005.png,6298,,cardiomegaly_0,-5.2050533,0.0054587955,0.85887593
real,00006359_000.png,6359,,cardiomegaly_0,2.8668404,0.9461827,0.578306
real,00006368_000.png,6368,,cardiomegaly_0,-6.126562,0.0021793167,0.9653363
real,00006436_012.png,6436,,cardiomegaly_0,-4.142433,0.015635796,0.65820414
real,00006483_000.png,6483,,cardiomegaly_0,-5.7906246,0.0030467615,0.9274239
real,00006537_000.png,6537,,cardiomegaly_0,-1.9331608,0.12640114,0.3032712
real,00006626_000.png,6626,,cardiomegaly_0,-5.419573,0.0044095083,0.8951295
real,00006626_006.png,6626,,cardiomegaly_0,-5.849167,0.0028740158,0.9326167
real,00006683_002.png,6683,,cardiomegaly_0,-5.184559,0.0055711954,0.90117866
real,00006683_003.png,6683,,cardiomegaly_0,-5.048792,0.0063761645,0.89853406
real,00006683_004.png,6683,,cardiomegaly_0,-5.386835,0.004555586,0.9148556
real,00006683_005.png,6683,,cardiomegaly_0,-5.5662594,0.0038101878,0.92764044
real,00006683_006.png,6683,,cardiomegaly_0,-3.8399029,0.021043349,0.6094389
real,00006694_002.png,6694,,cardiomegaly_0,-5.600485,0.0036824606,0.91916156
real,00006694_003.png,6694,,cardiomegaly_0,-5.939909,0.0026253585,0.93910044
real,00006774_001.png,6774,,cardiomegaly_0,-4.9938984,0.0067335367,0.87381893
real,00006791_006.png,6791,,cardiomegaly_0,-5.1245785,0.005913547,0.8577731
real,00006832_005.png,6832,,cardiomegaly_0,-5.1102505,0.005998374,0.90025157
real,00006850_027.png,6850,,cardiomegaly_0,-5.0907803,0.006115587,0.8597356
real,00006850_028.png,6850,,cardiomegaly_0,-6.0345116,0.002388945,0.9534085
real,00006851_022.png,6851,,cardiomegaly_0,4.6805897,0.9908117,0.9588204
real,00006851_023.png,6851,,cardiomegaly_0,2.4036713,0.9171068,0.5923505
real,00006851_024.png,6851,,cardiomegaly_0,-1.9927101,0.11997045,0.29499865
real,00006851_009.png,6851,,cardiomegaly_0,1.0122356,0.7334574,0.33233282
real,00006851_010.png,6851,,cardiomegaly_0,-0.29759598,0.42614526,0.18475933
real,00006890_003.png,6890,,cardiomegaly_0,5.4255753,0.9956168,0.96630085
real,00006936_001.png,6936,,cardiomegaly_0,-4.8090973,0.008089249,0.8763202
real,00006964_011.png,6964,,cardiomegaly_0,-5.24374,0.0052527334,0.878787
real,00006981_001.png,6981,,cardiomegaly_0,-5.569832,0.0037966515,0.91488796
real,00006981_002.png,6981,,cardiomegaly_0,-5.9829597,0.0025150115,0.9565561
real,00006981_009.png,6981,,cardiomegaly_0,-5.858675,0.002846896,0.93150127
real,00006981_010.png,6981,,cardiomegaly_0,-3.9457035,0.01897076,0.62849504
real,00006981_011.png,6981,,cardiomegaly_0,-5.798527,0.0030228528,0.9414856
real,00006981_014.png,6981,,cardiomegaly_0,-5.7600155,0.0031411648,0.93890184
real,00006981_016.png,6981,,cardiomegaly_0,-5.6727276,0.0034266913,0.9267048
real,00006996_002.png,6996,,cardiomegaly_0,-5.1304836,0.0058789332,0.83203566
real,00007033_001.png,7033,,cardiomegaly_0,-4.695896,0.009050028,0.85002476
real,00007033_002.png,7033,,cardiomegaly_0,-5.751795,0.0031670118,0.9556851
real,00007033_004.png,7033,,cardiomegaly_0,-5.3138924,0.004898614,0.9099436
real,00007109_018.png,7109,,cardiomegaly_0,-3.1743698,0.040141705,0.39238837
real,00007156_000.png,7156,,cardiomegaly_0,-3.7402153,0.023198059,0.5405165
real,00007156_001.png,7156,,cardiomegaly_0,-3.9429302,0.01902244,0.6215661
real,00007340_014.png,7340,,cardiomegaly_0,-5.791462,0.0030442192,0.9565949
real,00007405_014.png,7405,,cardiomegaly_0,-4.759165,0.008499899,0.8508484
real,00007482_009.png,7482,,cardiomegaly_0,-5.4328575,0.00435157,0.9398794
real,00007482_015.png,7482,,cardiomegaly_0,-1.0043869,0.26807976,0.23506856
real,00007482_023.png,7482,,cardiomegaly_0,-6.0483303,0.0023562373,0.9583451
real,00007482_026.png,7482,,cardiomegaly_0,-5.894039,0.0027482493,0.9484853
real,00007519_003.png,7519,,cardiomegaly_0,3.1673222,0.9595858,0.78083366
real,00007519_004.png,7519,,cardiomegaly_0,-5.291664,0.005008169,0.89366645
real,00007551_021.png,7551,,cardiomegaly_0,5.8726788,0.99719256,0.94710743
real,00007652_000.png,7652,,cardiomegaly_0,2.7653503,0.94077444,0.34329304
real,00007679_000.png,7679,,cardiomegaly_0,2.848402,0.9452361,0.75067574
real,00007679_001.png,7679,,cardiomegaly_0,1.0850754,0.7474533,0.32839066
real,00007679_003.png,7679,,cardiomegaly_0,3.0826397,0.9561709,0.72849995
real,00007679_004.png,7679,,cardiomegaly_0,3.8478832,0.9791204,0.8587271
real,00007679_005.png,7679,,cardiomegaly_0,2.3076515,0.9095087,0.5750549
real,00007718_000.png,7718,,cardiomegaly_0,-3.874817,0.020336,0.6605266
real,00007718_001.png,7718,,cardiomegaly_0,-5.1523285,0.0057526324,0.8807274
real,00007718_005.png,7718,,cardiomegaly_0,2.4724903,0.92219067,0.6110968
real,00007718_006.png,7718,,cardiomegaly_0,-3.8891678,0.020052057,0.6374462
real,00007718_007.png,7718,,cardiomegaly_0,-5.744995,0.0031885507,0.94285893
real,00007718_009.png,7718,,cardiomegaly_0,-5.7048264,0.0033188045,0.94415426
real,00007718_010.png,7718,,cardiomegaly_0,-4.310034,0.01325504,0.79079384
real,00007740_000.png,7740,,cardiomegaly_0,0.9908962,0.7292649,0.3410301
real,00007769_002.png,7769,,cardiomegaly_0,-2.8542995,0.054459497,0.40529832
real,00007772_000.png,7772,,cardiomegaly_0,-5.3541946,0.0047060247,0.9293472
real,00007833_000.png,7833,,cardiomegaly_0,-0.18775749,0.45319805,0.22924334
real,00007833_001.png,7833,,cardiomegaly_0,-5.6103706,0.0036463682,0.9329977
real,00007833_002.png,7833,,cardiomegaly_0,4.816023,0.9919661,0.8866622
real,00007833_003.png,7833,,cardiomegaly_0,3.0801334,0.9560658,0.68699175
real,00007848_001.png,7848,,cardiomegaly_0,-5.274622,0.005093812,0.8942476
real,00007848_004.png,7848,,cardiomegaly_0,-2.7270908,0.06139359,0.49858707
real,00007848_005.png,7848,,cardiomegaly_0,-4.3081913,0.01327916,0.755686
real,00007848_006.png,7848,,cardiomegaly_0,-4.6411514,0.009554416,0.82594067
real,00007865_001.png,7865,,cardiomegaly_0,-2.2585812,0.09461184,0.40547767
real,00007865_003.png,7865,,cardiomegaly_0,-4.304661,0.013325498,0.70360965
real,00007865_005.png,7865,,cardiomegaly_0,-2.4954472,0.07617797,0.28415442
real,00007869_004.png,7869,,cardiomegaly_0,-1.0985279,0.25001583,0.3049686
real,00007882_000.png,7882,,cardiomegaly_0,-3.4403973,0.031056529,0.62713504
real,00007882_001.png,7882,,cardiomegaly_0,-3.4422016,0.031002278,0.59038013
real,00007908_000.png,7908,,cardiomegaly_0,5.7193527,0.9967289,0.97864825
real,00007989_000.png,7989,,cardiomegaly_0,1.1733551,0.7637509,0.20475067
real,00007989_001.png,7989,,cardiomegaly_0,4.890171,0.99253607,0.8987993
real,00007989_002.png,7989,,cardiomegaly_0,5.428547,0.99562967,0.9472205
real,00008013_003.png,8013,,cardiomegaly_0,-3.063774,0.04462652,0.51003855
real,00008013_006.png,8013,,cardiomegaly_0,-4.3356857,0.012923685,0.65197897
real,00008037_000.png,8037,,cardiomegaly_0,-5.475996,0.004168607,0.8937364
real,00008037_001.png,8037,,cardiomegaly_0,-4.1199512,0.015985614,0.67515177
real,00008037_002.png,8037,,cardiomegaly_0,-5.22711,0.0053403475,0.8718003
real,00008103_000.png,8103,,cardiomegaly_0,1.5343018,0.8226348,0.43133345
real,00008112_000.png,8112,,cardiomegaly_0,3.0320606,0.95400167,0.72589874
real,00008147_013.png,8147,,cardiomegaly_0,-4.5331097,0.010632929,0.8112047
real,00008184_007.png,8184,,cardiomegaly_0,-5.7578983,0.0031478012,0.9210067
real,00008185_003.png,8185,,cardiomegaly_0,-2.7375336,0.060794584,0.41346267
real,00008185_005.png,8185,,cardiomegaly_0,-5.2895603,0.0050186636,0.89609003
real,00008191_001.png,8191,,cardiomegaly_0,-5.3085613,0.004924669,0.818001
real,00008195_000.png,8195,,cardiomegaly_0,-5.712866,0.0032923177,0.9434773
real,00008339_000.png,8339,,cardiomegaly_0,5.267462,0.9948698,0.96315414
real,00008339_003.png,8339,,cardiomegaly_0,3.2117767,0.96127504,0.7953262
real,00008339_005.png,8339,,cardiomegaly_0,4.9196644,0.99275136,0.9391408
real,00008339_010.png,8339,,cardiomegaly_0,5.8471146,0.99712014,0.94300497
real,00008342_012.png,8342,,cardiomegaly_0,-3.9472866,0.018941319,0.6728677
real,00008342_015.png,8342,,cardiomegaly_0,-2.8210697,0.056196176,0.38309786
real,00008342_016.png,8342,,cardiomegaly_0,-3.8700848,0.02043049,0.62190145
real,00008342_025.png,8342,,cardiomegaly_0,-4.8700275,0.007614725,0.83877164
real,00008404_000.png,8404,,cardiomegaly_0,-1.6012669,0.16780463,0.2573023
real,00008465_004.png,8465,,cardiomegaly_0,-4.810957,0.00807434,0.7826878
real,00008465_006.png,8465,,cardiomegaly_0,-5.5972996,0.0036941657,0.9127927
real,00008471_000.png,8471,,cardiomegaly_0,-5.438507,0.004327161,0.9279458
real,00008477_001.png,8477,,cardiomegaly_0,-4.72666,0.008778262,0.79955935
real,00008477_005.png,8477,,cardiomegaly_0,-3.863041,0.020571938,0.6847032
real,00008477_006.png,8477,,cardiomegaly_0,-3.3236313,0.034769334,0.6250212
real,00008477_007.png,8477,,cardiomegaly_0,-4.840111,0.00784416,0.8481435
real,00008489_025.png,8489,,cardiomegaly_0,-5.548876,0.0038767422,0.91302866
real,00008637_000.png,8637,,cardiomegaly_0,0.20829582,0.5518865,0.16287927
real,00008637_001.png,8637,,cardiomegaly_0,-5.837158,0.002908636,0.9360515
real,00008738_000.png,8738,,cardiomegaly_0,2.0624084,0.88719547,0.32216293
real,00008802_005.png,8802,,cardiomegaly_0,-2.2454548,0.09574225,0.2880744
real,00008806_014.png,8806,,cardiomegaly_0,-0.49020386,0.37984556,0.12178142
real,00008827_000.png,8827,,cardiomegaly_0,0.17284203,0.5431033,0.25944078
real,00008866_004.png,8866,,cardiomegaly_0,-4.282015,0.013626551,0.7909013
real,00008898_000.png,8898,,cardiomegaly_0,6.3402596,0.9982393,0.95034
real,00008970_002.png,8970,,cardiomegaly_0,-5.8407936,0.0028981112,0.9307881
real,00009034_004.png,9034,,cardiomegaly_0,0.4675274,0.61479837,0.23778453
real,00009105_007.png,9105,,cardiomegaly_0,-5.891449,0.0027553574,0.9171153
real,00009141_000.png,9141,,cardiomegaly_0,-3.726736,0.023505468,0.6614648
real,00009163_000.png,9163,,cardiomegaly_0,-4.5021534,0.0109635675,0.77204174
real,00009163_001.png,9163,,cardiomegaly_0,-4.824478,0.007966764,0.84981984
real,00009174_000.png,9174,,cardiomegaly_0,3.5441513,0.9719183,0.8474746
real,00009185_006.png,9185,,cardiomegaly_0,3.5192184,0.9712297,0.8362452
real,00009189_002.png,9189,,cardiomegaly_0,-5.031912,0.0064840047,0.8678191
real,00009189_004.png,9189,,cardiomegaly_0,-3.745926,0.023069007,0.5951935
real,00009189_005.png,9189,,cardiomegaly_0,-3.7680225,0.022576233,0.5907947
real,00009189_006.png,9189,,cardiomegaly_0,-4.637598,0.009588101,0.80762833
real,00009229_000.png,9229,,cardiomegaly_0,4.5821686,0.98987097,0.8968317
real,00009286_003.png,9286,,cardiomegaly_0,-0.2263813,0.44364518,0.23090157
real,00009326_000.png,9326,,cardiomegaly_0,-5.911865,0.0026998238,0.92274946
real,00009326_001.png,9326,,cardiomegaly_0,-5.684227,0.0033876447,0.91612923
real,00009349_001.png,9349,,cardiomegaly_0,-2.251463,0.09522335,0.40784797
real,00009349_012.png,9349,,cardiomegaly_0,-3.5616035,0.027609339,0.70343405
real,00009349_014.png,9349,,cardiomegaly_0,-4.286972,0.013560083,0.7083001
real,00009349_015.png,9349,,cardiomegaly_0,-2.736494,0.060853958,0.41982532
real,00009349_016.png,9349,,cardiomegaly_0,-3.8964882,0.019908715,0.67656964
real,00009349_019.png,9349,,cardiomegaly_0,-3.9181938,0.01948957,0.7275376
real,00009349_020.png,9349,,cardiomegaly_0,-3.9072018,0.01970074,0.7312745
real,00009349_021.png,9349,,cardiomegaly_0,-4.317461,0.013158248,0.7885274
real,00009349_024.png,9349,,cardiomegaly_0,-4.0457363,0.017195944,0.707697
real,00009349_025.png,9349,,cardiomegaly_0,-4.25086,0.014051705,0.7845893
real,00009349_026.png,9349,,cardiomegaly_0,-4.421362,0.01187514,0.77213615
real,00009349_027.png,9349,,cardiomegaly_0,-4.612154,0.009832762,0.8040199
real,00009349_028.png,9349,,cardiomegaly_0,-4.8283386,0.007936312,0.81682396
real,00009349_029.png,9349,,cardiomegaly_0,-4.8225384,0.00798211,0.84465855
real,00009373_000.png,9373,,cardiomegaly_0,-4.963728,0.0069383555,0.84292924
real,00009373_001.png,9373,,cardiomegaly_0,-5.6251926,0.0035929128,0.9188973
real,00009378_005.png,9378,,cardiomegaly_0,-6.179558,0.0020670618,0.9539124
real,00009378_010.png,9378,,cardiomegaly_0,-5.3125896,0.004904968,0.85722584
real,00009378_013.png,9378,,cardiomegaly_0,-5.638792,0.003544554,0.9223946
real,00009378_014.png,9378,,cardiomegaly_0,-0.23064232,0.44259366,0.13214348
real,00009378_016.png,9378,,cardiomegaly_0,2.9081345,0.9482471,0.6324882
real,00009457_003.png,9457,,cardiomegaly_0,-5.207733,0.0054442654,0.89266914
real,00009457_004.png,9457,,cardiomegaly_0,3.0638504,0.95537674,0.736715
real,00009516_003.png,9516,,cardiomegaly_0,-2.3614311,0.08616144,0.42460445
real,00009571_001.png,9571,,cardiomegaly_0,-5.654648,0.0034889902,0.9358726
real,00009571_002.png,9571,,cardiomegaly_0,-5.5802135,0.003757587,0.9406309
real,00009571_003.png,9571,,cardiomegaly_0,-5.68322,0.0033910463,0.9406301
real,00009571_004.png,9571,,cardiomegaly_0,-5.586624,0.0037336654,0.9334677
real,00009641_011.png,9641,,cardiomegaly_0,3.3704681,0.96676874,0.756832
real,00009665_004.png,9665,,cardiomegaly_0,-5.3527813,0.004712649,0.9037381
real,00009665_005.png,9665,,cardiomegaly_0,-5.1692333,0.005656748,0.8343816
real,00009709_010.png,9709,,cardiomegaly_0,-5.899996,0.0027319721,0.93475133
real,00009709_011.png,9709,,cardiomegaly_0,-6.0697765,0.0023063582,0.9585122
real,00009812_000.png,9812,,cardiomegaly_0,-4.1768913,0.015114196,0.74297523
real,00009908_001.png,9908,,cardiomegaly_0,-2.1795502,0.10160198,0.36698154
real,00009908_002.png,9908,,cardiomegaly_0,-4.145046,0.015595627,0.7483595
real,00009932_008.png,9932,,cardiomegaly_0,1.2196941,0.77200973,0.15210131
real,00009934_007.png,9934,,cardiomegaly_0,2.4475288,0.9203806,0.5473178
real,00009934_008.png,9934,,cardiomegaly_0,2.6941948,0.93668324,0.68186396
real,00009934_009.png,9934,,cardiomegaly_0,4.631279,0.99035174,0.9456832
real,00010071_003.png,10071,,cardiomegaly_0,-3.9829636,0.018289603,0.74862003
real,00010071_004.png,10071,,cardiomegaly_0,-3.7980843,0.021922309,0.6728735
real,00010071_007.png,10071,,cardiomegaly_0,-4.125635,0.015896453,0.7494573
real,00010071_008.png,10071,,cardiomegaly_0,-4.3218765,0.013101033,0.76131105
real,00010071_010.png,10071,,cardiomegaly_0,-4.9599266,0.006964597,0.8442525
real,00010071_011.png,10071,,cardiomegaly_0,-5.0411015,0.006425073,0.85770506
real,00010071_012.png,10071,,cardiomegaly_0,-4.7742863,0.008373403,0.81671065
real,00010120_021.png,10120,,cardiomegaly_0,-5.040169,0.0064310306,0.8600658
real,00010131_007.png,10131,,cardiomegaly_0,-5.353367,0.004709903,0.87209284
real,00010177_000.png,10177,,cardiomegaly_0,4.9550323,0.99300146,0.8864703
real,00010275_000.png,10275,,cardiomegaly_0,-4.5831184,0.0101195155,0.8017668
real,00010279_003.png,10279,,cardiomegaly_0,3.981861,0.9816906,0.9052968
real,00010279_004.png,10279,,cardiomegaly_0,0.80195236,0.69039196,0.21033071
real,00010279_005.png,10279,,cardiomegaly_0,0.9239063,0.71583736,0.18555509
real,00010335_001.png,10335,,cardiomegaly_0,-4.4382133,0.011679022,0.77247584
real,00010335_002.png,10335,,cardiomegaly_0,-5.1115913,0.0059903846,0.8818151
real,00010335_003.png,10335,,cardiomegaly_0,-4.564287,0.010309901,0.76908815
real,00010335_005.png,10335,,cardiomegaly_0,-4.364012,0.01256728,0.74218726
real,00010354_002.png,10354,,cardiomegaly_0,1.8967323,0.86952126,0.35674307
real,00010427_009.png,10427,,cardiomegaly_0,-5.935032,0.00263816,0.95021045
real,00010443_001.png,10443,,cardiomegaly_0,-5.7573853,0.0031494116,0.9055742
real,00010465_004.png,10465,,cardiomegaly_0,-4.536293,0.010599493,0.8115174
real,00010469_002.png,10469,,cardiomegaly_0,-2.4610462,0.0786345,0.45779148
real,00010521_002.png,10521,,cardiomegaly_0,-5.556305,0.0038481583,0.91760546
real,00010536_000.png,10536,,cardiomegaly_0,3.3727016,0.9668404,0.7100763
real,00010571_006.png,10571,,cardiomegaly_0,-4.511627,0.010861315,0.73466426
real,00010575_002.png,10575,,cardiomegaly_0,-4.98892,0.006766914,0.8805962
real,00010575_003.png,10575,,cardiomegaly_0,-5.286867,0.0050321296,0.8935366
real,00010625_000.png,10625,,cardiomegaly_0,6.32987,0.99822086,0.9791452
real,00010625_010.png,10625,,cardiomegaly_0,6.8902187,0.9989833,0.9807406
real,00010625_014.png,10625,,cardiomegaly_0,5.5135307,0.9959843,0.9395493
real,00010638_001.png,10638,,cardiomegaly_0,4.1996193,0.98522043,0.80974954
real,00010695_007.png,10695,,cardiomegaly_0,-5.1041393,0.006034921,0.8449338
real,00010695_008.png,10695,,cardiomegaly_0,-5.5297356,0.003951363,0.9170689
real,00010695_013.png,10695,,cardiomegaly_0,-5.310795,0.004913736,0.8678031
real,00010695_014.png,10695,,cardiomegaly_0,-5.271353,0.005110407,0.8101013
real,00010695_015.png,10695,,cardiomegaly_0,-5.012615,0.0066095046,0.79739684
real,00010695_017.png,10695,,cardiomegaly_0,-5.3801823,0.004585855,0.8712181
real,00010695_016.png,10695,,cardiomegaly_0,-5.2227287,0.0053636697,0.8525846
real,00010767_001.png,10767,,cardiomegaly_0,2.7236156,0.9384059,0.41616946
real,00010767_017.png,10767,,cardiomegaly_0,-4.817669,0.0080207605,0.8215772
real,00010767_015.png,10767,,cardiomegaly_0,-5.0329094,0.006477582,0.8512715
real,00010767_016.png,10767,,cardiomegaly_0,-5.2682877,0.005126015,0.891327
real,00010767_022.png,10767,,cardiomegaly_0,-0.9549732,0.27788576,0.22329073
real,00010767_023.png,10767,,cardiomegaly_0,-2.516365,0.07471886,0.5174254
real,00010767_024.png,10767,,cardiomegaly_0,-4.1531086,0.015472331,0.77943
real,00010767_025.png,10767,,cardiomegaly_0,-4.7771072,0.008350012,0.8154863
real,00010767_026.png,10767,,cardiomegaly_0,-4.751318,0.008566285,0.8200157
real,00010772_002.png,10772,,cardiomegaly_0,-5.199938,0.0054866383,0.87144464
real,00010772_003.png,10772,,cardiomegaly_0,-5.0503693,0.00636618,0.84033185
real,00010772_007.png,10772,,cardiomegaly_0,4.0319023,0.9825686,0.76512915
real,00010772_010.png,10772,,cardiomegaly_0,-4.840069,0.007844487,0.8796907
real,00010772_012.png,10772,,cardiomegaly_0,-3.041565,0.04558304,0.5221536
real,00010772_015.png,10772,,cardiomegaly_0,-2.098442,0.10924833,0.33423698
real,00010790_003.png,10790,,cardiomegaly_0,1.3508091,0.7942619,0.21453296
real,00010828_000.png,10828,,cardiomegaly_0,-4.6999264,0.0090139555,0.7352991
real,00010936_008.png,10936,,cardiomegaly_0,-0.7449417,0.32192448,0.2243996
real,00010936_009.png,10936,,cardiomegaly_0,0.79641724,0.68920755,0.22962798
real,00010936_010.png,10936,,cardiomegaly_0,-0.45274353,0.38870865,0.24212249
real,00010936_016.png,10936,,cardiomegaly_0,0.31730652,0.5786677,0.20738241
real,00010936_017.png,10936,,cardiomegaly_0,2.2466373,0.90436006,0.52382416
real,00010936_018.png,10936,,cardiomegaly_0,-3.6998138,0.024131406,0.6347344
real,00010936_019.png,10936,,cardiomegaly_0,-2.6185875,0.067951694,0.3425272
real,00010936_021.png,10936,,cardiomegaly_0,-1.676693,0.15753388,0.3294083
real,00010936_023.png,10936,,cardiomegaly_0,-4.0714874,0.01676611,0.7510101
real,00010936_024.png,10936,,cardiomegaly_0,-0.8459759,0.30027768,0.23673847
real,00010940_000.png,10940,,cardiomegaly_0,-5.001976,0.006679727,0.84270924
real,00010953_000.png,10953,,cardiomegaly_0,-4.9394093,0.0071079414,0.8707397
real,00010953_003.png,10953,,cardiomegaly_0,-2.9929104,0.047747187,0.4981795
real,00010953_004.png,10953,,cardiomegaly_0,-1.5498676,0.1751054,0.38612592
real,00010953_009.png,10953,,cardiomegaly_0,-4.68441,0.009153619,0.84588677
real,00010953_011.png,10953,,cardiomegaly_0,-2.8712845,0.053591467,0.49989116
real,00010953_012.png,10953,,cardiomegaly_0,-2.8106995,0.05674873,0.5313943
real,00010970_000.png,10970,,cardiomegaly_0,4.528347,0.9893169,0.8417481
real,00010992_000.png,10992,,cardiomegaly_0,-3.9768047,0.018400516,0.6605413
real,00010992_006.png,10992,,cardiomegaly_0,-2.962597,0.04914451,0.4864608
real,00010992_007.png,10992,,cardiomegaly_0,-3.9068108,0.01970829,0.59855336
real,00010992_008.png,10992,,cardiomegaly_0,-4.1319885,0.015797367,0.6278262
real,00010992_009.png,10992,,cardiomegaly_0,-4.1561584,0.015425943,0.6774151
real,00010992_010.png,10992,,cardiomegaly_0,-4.5430336,0.010529037,0.79809874
real,00010992_011.png,10992,,cardiomegaly_0,-4.857773,0.0077078915,0.8398844
real,00010992_012.png,10992,,cardiomegaly_0,-4.618183,0.009774235,0.79144776
real,00010994_003.png,10994,,cardiomegaly_0,6.964098,0.9990557,0.98102033
real,00010994_005.png,10994,,cardiomegaly_0,6.809967,0.9988985,0.9848083
real,00010994_007.png,10994,,cardiomegaly_0,6.6381836,0.99869233,0.9864279
real,00010994_009.png,10994,,cardiomegaly_0,6.8827744,0.99897575,0.98637396
real,00010994_010.png,10994,,cardiomegaly_0,6.409914,0.9983575,0.9748923
real,00010994_011.png,10994,,cardiomegaly_0,7.0024967,0.99909127,0.98466736
real,00010994_012.png,10994,,cardiomegaly_0,6.7365704,0.9988147,0.97827435
real,00010994_013.png,10994,,cardiomegaly_0,6.6289406,0.9986802,0.98063755
real,00010994_000.png,10994,,cardiomegaly_0,6.833847,0.99892443,0.97863907
real,00011139_000.png,11139,,cardiomegaly_0,-1.1937923,0.23258136,0.23386472
real,00011237_001.png,11237,,cardiomegaly_0,1.3366394,0.79193676,0.28851148
real,00011279_002.png,11279,,cardiomegaly_0,-5.5872726,0.003731254,0.92287225
real,00011380_005.png,11380,,cardiomegaly_0,-4.5540905,0.010414465,0.7529882
real,00011380_006.png,11380,,cardiomegaly_0,-5.0204315,0.006558381,0.81777155
real,00011380_009.png,11380,,cardiomegaly_0,-5.233568,0.005306151,0.8600762
real,00011380_010.png,11380,,cardiomegaly_0,-5.2886963,0.00502298,0.86033857
real,00011380_011.png,11380,,cardiomegaly_0,-5.4522457,0.00426837,0.8800439
real,00011380_012.png,11380,,cardiomegaly_0,-5.4201736,0.0044068717,0.8557818
real,00011380_014.png,11380,,cardiomegaly_0,-1.8790092,0.1325027,0.35258076
real,00011380_015.png,11380,,cardiomegaly_0,-5.002445,0.0066766148,0.857687
real,00011380_016.png,11380,,cardiomegaly_0,-3.3867874,0.03271095,0.6300514
real,00011380_018.png,11380,,cardiomegaly_0,-4.307104,0.013293412,0.75065213
real,00011380_019.png,11380,,cardiomegaly_0,-5.1189194,0.0059469067,0.88353723
real,00011380_020.png,11380,,cardiomegaly_0,-3.4734,0.030078629,0.55595994
real,00011380_021.png,11380,,cardiomegaly_0,-1.8354416,0.1375913,0.34430736
real,00011380_023.png,11380,,cardiomegaly_0,-4.8840084,0.0075097997,0.7570542
real,00011380_024.png,11380,,cardiomegaly_0,-5.3071365,0.004931656,0.8776128
real,00011380_025.png,11380,,cardiomegaly_0,-5.4226894,0.004395847,0.89637476
real,00011380_026.png,11380,,cardiomegaly_0,-5.124731,0.0059126494,0.8694051
real,00011423_002.png,11423,,cardiomegaly_0,-5.6750526,0.0034187604,0.93668777
real,00011423_003.png,11423,,cardiomegaly_0,-5.1839485,0.005574578,0.83309597
real,00011423_006.png,11423,,cardiomegaly_0,-5.388584,0.004547661,0.91892105
real,00011423_008.png,11423,,cardiomegaly_0,-5.4483967,0.0042847604,0.9130735
real,00011423_000.png,11423,,cardiomegaly_0,-5.7965183,0.003028912,0.9480397
real,00011423_001.png,11423,,cardiomegaly_0,-5.4211903,0.004402413,0.90174556
real,00011654_004.png,11654,,cardiomegaly_0,-4.6065407,0.009887565,0.8690738
real,00011748_000.png,11748,,cardiomegaly_0,-4.427971,0.011797839,0.78140736
real,00011764_004.png,11764,,cardiomegaly_0,-4.2161903,0.01454021,0.6886422
real,00011770_010.png,11770,,cardiomegaly_0,-5.1605663,0.005705707,0.83467036
real,00011831_004.png,11831,,cardiomegaly_0,-3.8255215,0.021341661,0.698158
real,00011831_007.png,11831,,cardiomegaly_0,-2.2756233,0.09316205,0.426919
real,00011831_008.png,11831,,cardiomegaly_0,-2.2870426,0.09220179,0.307061
real,00011831_009.png,11831,,cardiomegaly_0,-1.9038391,0.12967457,0.2971237
real,00011831_010.png,11831,,cardiomegaly_0,-2.5539017,0.072164804,0.5150418
real,00011831_016.png,11831,,cardiomegaly_0,-3.5513363,0.027886325,0.62825906
real,00011831_017.png,11831,,cardiomegaly_0,-2.2046337,0.09933515,0.42862388
real,00011831_020.png,11831,,cardiomegaly_0,-4.6832085,0.009164525,0.8659994
real,00011831_021.png,11831,,cardiomegaly_0,-5.1722984,0.0056395335,0.92334855
real,00011949_000.png,11949,,cardiomegaly_0,5.1844025,0.9944279,0.9250255
real,00011950_013.png,11950,,cardiomegaly_0,-4.445484,0.011595394,0.7853693
real,00011950_015.png,11950,,cardiomegaly_0,-3.789278,0.022111928,0.64745235
real,00011950_016.png,11950,,cardiomegaly_0,-0.6532116,0.34226617,0.23500402
real,00011950_018.png,11950,,cardiomegaly_0,-4.899803,0.0073929857,0.8242441
real,00011987_008.png,11987,,cardiomegaly_0,-2.6463375,0.066215105,0.42701292
real,00012021_001.png,12021,,cardiomegaly_0,-3.3108616,0.035200447,0.54151815
real,00012043_012.png,12043,,cardiomegaly_0,-5.201521,0.005478007,0.9068444
real,00012043_013.png,12043,,cardiomegaly_0,-4.08255,0.016584715,0.75447994
real,00012043_015.png,12043,,cardiomegaly_0,-4.8068886,0.00810699,0.88771665
real,00012043_016.png,12043,,cardiomegaly_0,-5.3936844,0.0045246305,0.91919
real,00012092_003.png,12092,,cardiomegaly_0,-0.5794563,0.3590577,0.11535217
real,00012178_000.png,12178,,cardiomegaly_0,-0.48174477,0.38184023,0.17739722
real,00012178_001.png,12178,,cardiomegaly_0,-1.5509777,0.1749451,0.170392
real,00012263_000.png,12263,,cardiomegaly_0,-5.041256,0.006424087,0.835682
real,00012263_002.png,12263,,cardiomegaly_0,-4.285103,0.013585107,0.76151085
real,00012263_005.png,12263,,cardiomegaly_0,-4.4116554,0.011989579,0.79955137
real,00012263_006.png,12263,,cardiomegaly_0,-4.0427322,0.017246787,0.75848335
real,00012263_007.png,12263,,cardiomegaly_0,-5.0827484,0.0061646,0.894338
real,00012415_002.png,12415,,cardiomegaly_0,-4.4979153,0.011009619,0.72228223
real,00012415_004.png,12415,,cardiomegaly_0,-4.758728,0.0085035805,0.7570154
real,00012415_005.png,12415,,cardiomegaly_0,-4.482439,0.011179411,0.71550786
real,00012415_006.png,12415,,cardiomegaly_0,-5.002449,0.0066765896,0.79253906
real,00012460_002.png,12460,,cardiomegaly_0,-5.6005936,0.0036820618,0.9179141
real,00012460_003.png,12460,,cardiomegaly_0,-5.9825325,0.0025160834,0.94023794
real,00012523_000.png,12523,,cardiomegaly_0,2.4138317,0.91787595,0.39139554
real,00012536_003.png,12536,,cardiomegaly_0,-3.4276028,0.031443857,0.5150984
real,00012604_000.png,12604,,cardiomegaly_0,-5.0838203,0.006158036,0.8819395
real,00012604_004.png,12604,,cardiomegaly_0,-4.095331,0.01637754,0.70873946
real,00012604_005.png,12604,,cardiomegaly_0,-4.0592327,0.016969329,0.6828956
real,00012626_015.png,12626,,cardiomegaly_0,-5.216152,0.0053988695,0.8738162
real,00012653_002.png,12653,,cardiomegaly_0,-4.8566647,0.0077163717,0.86584187
real,00012707_000.png,12707,,cardiomegaly_0,2.6900616,0.9364376,0.48729527
real,00012722_000.png,12722,,cardiomegaly_0,-5.5372143,0.0039220373,0.94878185
real,00012722_001.png,12722,,cardiomegaly_0,-5.224571,0.0053538494,0.9188268
real,00012722_002.png,12722,,cardiomegaly_0,-4.6882153,0.009119172,0.831269
real,00012722_005.png,12722,,cardiomegaly_0,-4.853842,0.0077380165,0.8837231
real,00012799_001.png,12799,,cardiomegaly_0,-4.3697853,0.012495835,0.7363297
real,00012827_001.png,12827,,cardiomegaly_0,-3.232544,0.037959237,0.54346293
real,00012827_002.png,12827,,cardiomegaly_0,-4.306875,0.013296414,0.6745135
real,00012939_002.png,12939,,cardiomegaly_0,-2.878811,0.05321101,0.4607888
real,00012949_002.png,12949,,cardiomegaly_0,-4.8940067,0.0074356436,0.7630846
real,00012973_017.png,12973,,cardiomegaly_0,-3.6003475,0.026587998,0.64443016
real,00012973_015.png,12973,,cardiomegaly_0,-4.752653,0.008554952,0.8064107
real,00012973_016.png,12973,,cardiomegaly_0,-4.339367,0.012876808,0.7384066
real,00012973_019.png,12973,,cardiomegaly_0,-3.46146,0.030428927,0.51893634
real,00012973_020.png,12973,,cardiomegaly_0,-5.249592,0.0052222456,0.8511479
real,00012973_021.png,12973,,cardiomegaly_0,-5.7597694,0.0031419352,0.9402113
real,00012975_000.png,12975,,cardiomegaly_0,-1.0698757,0.25542673,0.22753042
real,00013205_001.png,13205,,cardiomegaly_0,-4.768709,0.008419838,0.78297526
real,00013205_003.png,13205,,cardiomegaly_0,-4.755327,0.0085323015,0.7658098
real,00013205_004.png,13205,,cardiomegaly_0,-4.989702,0.00676166,0.7932304
real,00013205_006.png,13205,,cardiomegaly_0,-5.74275,0.003195694,0.876798
real,00013237_000.png,13237,,cardiomegaly_0,-5.0345955,0.0064667393,0.82365113
real,00013285_000.png,13285,,cardiomegaly_0,-5.1359024,0.005847349,0.8609722
real,00013285_002.png,13285,,cardiomegaly_0,-4.8797245,0.007541796,0.84483063
real,00013285_003.png,13285,,cardiomegaly_0,-3.5113468,0.028991098,0.52534413
real,00013370_005.png,13370,,cardiomegaly_0,3.3332653,0.9655525,0.6890487
real,00013408_007.png,13408,,cardiomegaly_0,-5.442871,0.0043083993,0.893168
real,00013408_008.png,13408,,cardiomegaly_0,-4.929781,0.007176216,0.7724701
real,00013408_016.png,13408,,cardiomegaly_0,-1.8230515,0.13906813,0.26131696
real,00013408_017.png,13408,,cardiomegaly_0,-4.0198383,0.017639142,0.6831655
real,00013408_018.png,13408,,cardiomegaly_0,-5.602335,0.0036756787,0.8941999
real,00013458_002.png,13458,,cardiomegaly_0,-5.544321,0.003894371,0.8999303
real,00013499_000.png,13499,,cardiomegaly_0,-4.4458447,0.011591263,0.8103373
real,00013519_001.png,13519,,cardiomegaly_0,-3.6997185,0.024133652,0.5677311
real,00013522_000.png,13522,,cardiomegaly_0,-4.799883,0.008163519,0.79462844
real,00013534_006.png,13534,,cardiomegaly_0,-2.354103,0.08674019,0.31635487
real,00013534_008.png,13534,,cardiomegaly_0,-4.231056,0.014328731,0.64000654
real,00013534_010.png,13534,,cardiomegaly_0,-4.242304,0.01417074,0.5509297
real,00013591_003.png,13591,,cardiomegaly_0,-0.7294121,0.32532376,0.17997019
real,00013591_005.png,13591,,cardiomegaly_0,-5.4762516,0.0041675465,0.9301441
real,00013608_006.png,13608,,cardiomegaly_0,-3.8451939,0.020934626,0.67341053
real,00013608_007.png,13608,,cardiomegaly_0,-2.191101,0.10055247,0.31588018
real,00013608_008.png,13608,,cardiomegaly_0,-4.267788,0.013819103,0.73989004
real,00013608_011.png,13608,,cardiomegaly_0,-4.616995,0.0097857425,0.820588
real,00013608_012.png,13608,,cardiomegaly_0,-4.4772186,0.011237268,0.8374953
real,00013608_013.png,13608,,cardiomegaly_0,-4.5397816,0.010562971,0.8047035
real,00013608_017.png,13608,,cardiomegaly_0,-4.397772,0.01215516,0.80740017
real,00013608_021.png,13608,,cardiomegaly_0,-3.084507,0.043750867,0.45083323
real,00013625_004.png,13625,,cardiomegaly_0,-4.0639153,0.016891396,0.73540497
real,00013625_061.png,13625,,cardiomegaly_0,0.3218994,0.5797871,0.19610167
real,00013678_000.png,13678,,cardiomegaly_0,-5.245798,0.005241991,0.8739238
real,00013678_001.png,13678,,cardiomegaly_0,-0.54639435,0.36670133,0.22663599
real,00013709_000.png,13709,,cardiomegaly_0,-5.621729,0.0036053343,0.9262765
real,00013743_001.png,13743,,cardiomegaly_0,-3.3982563,0.032350004,0.4940534
real,00013830_000.png,13830,,cardiomegaly_0,0.08658028,0.52163154,0.097473934
real,00013862_004.png,13862,,cardiomegaly_0,-5.257082,0.0051834784,0.89657056
real,00013911_002.png,13911,,cardiomegaly_0,-4.11981,0.015987836,0.62026685
real,00013911_004.png,13911,,cardiomegaly_0,-4.9305286,0.007170891,0.83402324
real,00013911_007.png,13911,,cardiomegaly_0,-3.9769478,0.018397931,0.6953854
real,00013911_012.png,13911,,cardiomegaly_0,-4.7762814,0.008356853,0.82965946
real,00013911_020.png,13911,,cardiomegaly_0,-3.3711433,0.03320958,0.4757698
real,00013911_000.png,13911,,cardiomegaly_0,5.252857,0.99479467,0.94737303
real,00013964_001.png,13964,,cardiomegaly_0,-4.595358,0.0099976435,0.800513
real,00014183_000.png,14183,,cardiomegaly_0,-5.1290436,0.0058873557,0.8377685
real,00014196_002.png,14196,,cardiomegaly_0,-4.7868805,0.008269474,0.7909024
real,00014196_003.png,14196,,cardiomegaly_0,-5.3793964,0.004589444,0.87587136
real,00014289_000.png,14289,,cardiomegaly_0,-3.4421387,0.031004168,0.5428684
real,00014307_004.png,14307,,cardiomegaly_0,-5.0458717,0.0063946927,0.8211856
real,00014307_008.png,14307,,cardiomegaly_0,-5.4982166,0.004077373,0.91174126
real,00014307_011.png,14307,,cardiomegaly_0,-5.254242,0.005198144,0.88017124
real,00014320_011.png,14320,,cardiomegaly_0,4.6910305,0.99090624,0.9079526
real,00014320_012.png,14320,,cardiomegaly_0,4.4912148,0.98891723,0.8564838
real,00014320_033.png,14320,,cardiomegaly_0,-1.2819691,0.21721523,0.19007064
real,00014320_039.png,14320,,cardiomegaly_0,-4.3398438,0.01287075,0.66806775
real,00014387_000.png,14387,,cardiomegaly_0,-5.2000217,0.00548618,0.90201795
real,00014387_008.png,14387,,cardiomegaly_0,-3.3483772,0.033948343,0.5352136
real,00014387_010.png,14387,,cardiomegaly_0,-3.6391525,0.02560192,0.5649137
real,00014475_001.png,14475,,cardiomegaly_0,-5.894827,0.0027460912,0.91891026
real,00014538_000.png,14538,,cardiomegaly_0,-5.2277184,0.0053371163,0.86451834
real,00014574_000.png,14574,,cardiomegaly_0,4.2660465,0.9861572,0.7904252
real,00014648_000.png,14648,,cardiomegaly_0,-5.740158,0.0032039618,0.9227928
real,00014695_004.png,14695,,cardiomegaly_0,7.0832367,0.9991617,0.9850973
real,00014719_006.png,14719,,cardiomegaly_0,-5.4921837,0.0041019446,0.89072824
real,00014719_007.png,14719,,cardiomegaly_0,-5.6702003,0.0034353323,0.90318406
real,00014773_003.png,14773,,cardiomegaly_0,-3.2870674,0.03601753,0.6004456
real,00014773_004.png,14773,,cardiomegaly_0,-3.7110367,0.023868525,0.61481154
real,00014773_006.png,14773,,cardiomegaly_0,-2.686224,0.063791156,0.40055436
real,00014773_005.png,14773,,cardiomegaly_0,-3.1515713,0.04102941,0.4843633
real,00014773_007.png,14773,,cardiomegaly_0,-5.9514637,0.002595276,0.95414615
real,00014943_000.png,14943,,cardiomegaly_0,-4.566971,0.010282555,0.7917668
real,00015064_000.png,15064,,cardiomegaly_0,3.3944244,0.9675298,0.75215286
real,00015080_002.png,15080,,cardiomegaly_0,-4.1438255,0.015614379,0.642886
real,00015114_001.png,15114,,cardiomegaly_0,-5.7020073,0.0033281427,0.92285776
real,00015114_003.png,15114,,cardiomegaly_0,-3.618122,0.026131824,0.621317
real,00015212_001.png,15212,,cardiomegaly_0,-5.6409054,0.003537098,0.9407234
real,00015212_003.png,15212,,cardiomegaly_0,-4.6541443,0.009432243,0.80236065
real,00015212_008.png,15212,,cardiomegaly_0,-2.601038,0.06907165,0.3892484
real,00015228_002.png,15228,,cardiomegaly_0,-4.5589294,0.010364712,0.78412235
real,00015242_000.png,15242,,cardiomegaly_0,0.15047073,0.5375469,0.1910436
real,00015244_002.png,15244,,cardiomegaly_0,-5.8087406,0.002992227,0.90835863
real,00015244_000.png,15244,,cardiomegaly_0,-5.8510494,0.0028686258,0.9114442
real,00015254_001.png,15254,,cardiomegaly_0,-4.6202545,0.009754207,0.7801068
real,00015254_002.png,15254,,cardiomegaly_0,-4.2544346,0.01400227,0.6875883
real,00015282_000.png,15282,,cardiomegaly_0,7.095127,0.9991716,0.9758883
real,00015313_000.png,15313,,cardiomegaly_0,5.570795,0.996207,0.9402176
real,00015313_003.png,15313,,cardiomegaly_0,-0.72247887,0.32684734,0.2002341
real,00015313_005.png,15313,,cardiomegaly_0,1.0404358,0.7389341,0.20130216
real,00015313_006.png,15313,,cardiomegaly_0,1.6152115,0.8341337,0.2510033
real,00015313_007.png,15313,,cardiomegaly_0,-4.1000824,0.016301177,0.6264461
real,00015313_008.png,15313,,cardiomegaly_0,-4.286484,0.013566616,0.7488126
real,00015318_007.png,15318,,cardiomegaly_0,-3.4859657,0.029714197,0.4412519
real,00015318_008.png,15318,,cardiomegaly_0,2.9359894,0.9495971,0.63765043
real,00015376_002.png,15376,,cardiomegaly_0,-1.0777016,0.2539412,0.18215717
real,00015376_037.png,15376,,cardiomegaly_0,3.6814976,0.97543347,0.83179027
real,00015388_004.png,15388,,cardiomegaly_0,-5.2411327,0.005266375,0.83989114
real,00015423_001.png,15423,,cardiomegaly_0,-0.3122139,0.42257443,0.15430395
real,00015423_002.png,15423,,cardiomegaly_0,0.5185585,0.6268106,0.19579005
real,00015423_003.png,15423,,cardiomegaly_0,1.5423183,0.82380146,0.2697389
real,00015423_004.png,15423,,cardiomegaly_0,1.0998707,0.75023586,0.19331709
real,00015423_005.png,15423,,cardiomegaly_0,-0.38663864,0.40452674,0.17266019
real,00015423_006.png,15423,,cardiomegaly_0,0.22511864,0.55604315,0.15949373
real,00015448_003.png,15448,,cardiomegaly_0,-5.6384296,0.0035458345,0.91357124
real,00015492_002.png,15492,,cardiomegaly_0,-5.136797,0.005842151,0.8297453
real,00015497_000.png,15497,,cardiomegaly_0,0.10943222,0.52733076,0.14260842
real,00015497_001.png,15497,,cardiomegaly_0,6.38064,0.9983088,0.9636227
real,00015562_004.png,15562,,cardiomegaly_0,-5.95253,0.0025925178,0.95988953
real,00015654_000.png,15654,,cardiomegaly_0,-5.772726,0.0031016145,0.9117753
real,00015654_001.png,15654,,cardiomegaly_0,-2.6721287,0.064638145,0.44390625
real,00015654_002.png,15654,,cardiomegaly_0,-1.3034554,0.21358407,0.22611605
real,00015654_003.png,15654,,cardiomegaly_0,-5.010685,0.00662219,0.8448782
real,00015654_004.png,15654,,cardiomegaly_0,-3.813755,0.021588808,0.64258677
real,00015654_005.png,15654,,cardiomegaly_0,-3.1438465,0.041334428,0.58347356
real,00015654_006.png,15654,,cardiomegaly_0,-3.8311176,0.021225091,0.68072027
real,00015716_000.png,15716,,cardiomegaly_0,-0.96359825,0.27615833,0.17676134
real,00015985_000.png,15985,,cardiomegaly_0,-1.5864372,0.16988574,0.36752263
real,00016041_000.png,16041,,cardiomegaly_0,-4.961958,0.006950563,0.8799203
real,00016184_016.png,16184,,cardiomegaly_0,-3.9128628,0.019591708,0.58474505
real,00016191_001.png,16191,,cardiomegaly_0,-5.3529243,0.004711978,0.8959142
real,00016191_015.png,16191,,cardiomegaly_0,-5.0782433,0.0061922623,0.84962094
real,00016191_016.png,16191,,cardiomegaly_0,-5.578703,0.0037632466,0.9149887
real,00016191_021.png,16191,,cardiomegaly_0,-4.1238155,0.015924942,0.6885938
real,00016191_026.png,16191,,cardiomegaly_0,-4.087492,0.016504306,0.656838
real,00016191_027.png,16191,,cardiomegaly_0,-4.5385323,0.010576036,0.78711754
real,00016202_000.png,16202,,cardiomegaly_0,-2.0281353,0.11628041,0.46151742
real,00016205_005.png,16205,,cardiomegaly_0,-4.3553123,0.012675693,0.634656
real,00016205_007.png,16205,,cardiomegaly_0,-3.672636,0.024779763,0.5702324
real,00016205_008.png,16205,,cardiomegaly_0,-4.5767956,0.010183049,0.7347911
real,00016205_009.png,16205,,cardiomegaly_0,-4.686823,0.009131761,0.7721207
real,00016238_007.png,16238,,cardiomegaly_0,-3.2125168,0.0386974,0.568216
real,00016238_008.png,16238,,cardiomegaly_0,-5.4500065,0.0042778975,0.9125956
real,00016353_000.png,16353,,cardiomegaly_0,-5.578987,0.0037621811,0.8969311
real,00016417_000.png,16417,,cardiomegaly_0,-2.749382,0.06012156,0.45023197
real,00016417_001.png,16417,,cardiomegaly_0,-2.2624645,0.09427971,0.4409411
real,00016417_002.png,16417,,cardiomegaly_0,-3.1113644,0.042640913,0.43662125
real,00016417_004.png,16417,,cardiomegaly_0,-3.1868362,0.039664116,0.45398915
real,00016417_006.png,16417,,cardiomegaly_0,-3.9707432,0.01851032,0.6457594
real,00016417_007.png,16417,,cardiomegaly_0,-3.5776043,0.027182998,0.55003196
real,00016417_008.png,16417,,cardiomegaly_0,-2.8208122,0.056209832,0.50832886
real,00016417_009.png,16417,,cardiomegaly_0,-4.415226,0.011947355,0.6697277
real,00016484_002.png,16484,,cardiomegaly_0,6.6153336,0.9986621,0.9729896
real,00016484_018.png,16484,,cardiomegaly_0,6.231474,0.9980373,0.9567978
real,00016484_030.png,16484,,cardiomegaly_0,5.5167427,0.9959972,0.8965386
real,00016548_000.png,16548,,cardiomegaly_0,-5.5058537,0.0040464783,0.921404
real,00016568_005.png,16568,,cardiomegaly_0,-4.884077,0.0075092874,0.8464196
real,00016568_015.png,16568,,cardiomegaly_0,-3.4188595,0.03171123,0.5650261
real,00016568_016.png,16568,,cardiomegaly_0,-3.5873356,0.026926843,0.5617821
real,00016568_017.png,16568,,cardiomegaly_0,-3.2218418,0.038352,0.4943296
real,00016568_018.png,16568,,cardiomegaly_0,-4.15485,0.015445828,0.7432326
real,00016568_019.png,16568,,cardiomegaly_0,-3.9858952,0.018237041,0.68780065
real,00016568_020.png,16568,,cardiomegaly_0,-4.078842,0.016645297,0.7335297
real,00016568_021.png,16568,,cardiomegaly_0,-3.1718407,0.040239267,0.6059611
real,00016568_022.png,16568,,cardiomegaly_0,-4.307482,0.01328846,0.76833314
real,00016568_023.png,16568,,cardiomegaly_0,-3.8930588,0.01997574,0.7022593
real,00016568_024.png,16568,,cardiomegaly_0,-3.9710255,0.01850519,0.7506263
real,00016568_025.png,16568,,cardiomegaly_0,-4.244158,0.014144865,0.7798125
real,00016568_028.png,16568,,cardiomegaly_0,-3.8993645,0.019852668,0.7526899
real,00016568_029.png,16568,,cardiomegaly_0,-4.6258144,0.009700649,0.85612696
real,00016568_032.png,16568,,cardiomegaly_0,-4.8063755,0.0081111165,0.86788774
real,00016568_036.png,16568,,cardiomegaly_0,-3.879078,0.020251283,0.64299524
real,00016568_037.png,16568,,cardiomegaly_0,-4.2028694,0.014732323,0.7332295
real,00016568_038.png,16568,,cardiomegaly_0,-4.987005,0.006779797,0.84068596
real,00016568_039.png,16568,,cardiomegaly_0,-4.8722343,0.0075980667,0.8638012
real,00016568_040.png,16568,,cardiomegaly_0,-4.480776,0.011197813,0.78781193
real,00016568_041.png,16568,,cardiomegaly_0,-4.335226,0.012929549,0.7583688
real,00016568_042.png,16568,,cardiomegaly_0,-4.620037,0.009756307,0.79576904
real,00016568_043.png,16568,,cardiomegaly_0,-4.8031616,0.008137014,0.85123754
real,00016568_044.png,16568,,cardiomegaly_0,-4.4161854,0.011936036,0.7616306
real,00016568_047.png,16568,,cardiomegaly_0,-4.4048023,0.012071031,0.7262974
real,00016568_051.png,16568,,cardiomegaly_0,-4.1793194,0.015078094,0.65514195
real,00016677_004.png,16677,,cardiomegaly_0,3.1045437,0.95707977,0.7000127
real,00016677_000.png,16677,,cardiomegaly_0,1.6298256,0.83614576,0.3538908
real,00016724_000.png,16724,,cardiomegaly_0,-3.0191708,0.046567276,0.4788236
real,00016724_001.png,16724,,cardiomegaly_0,-5.2904205,0.0050143697,0.9006564
real,00016724_003.png,16724,,cardiomegaly_0,-5.5629864,0.0038226312,0.9300198
real,00016757_003.png,16757,,cardiomegaly_0,-4.748108,0.00859359,0.7590571
real,00016801_000.png,16801,,cardiomegaly_0,-1.2595387,0.22105333,0.21607283
real,00016801_006.png,16801,,cardiomegaly_0,-2.525465,0.074092165,0.3965956
real,00016801_008.png,16801,,cardiomegaly_0,-3.098154,0.043183457,0.45841601
real,00016862_000.png,16862,,cardiomegaly_0,-4.131548,0.01580422,0.71861255
real,00016975_010.png,16975,,cardiomegaly_0,-5.3693104,0.0046357517,0.90860647
real,00016975_013.png,16975,,cardiomegaly_0,-5.5003185,0.004068847,0.9189385
real,00016975_017.png,16975,,cardiomegaly_0,-3.8490257,0.02085623,0.67745733
real,00016975_018.png,16975,,cardiomegaly_0,-4.0763035,0.016686903,0.5915005
real,00016990_000.png,16990,,cardiomegaly_0,6.299322,0.9981659,0.95835316
real,00017258_002.png,17258,,cardiomegaly_0,-4.9751167,0.0068603237,0.8772315
real,00017258_003.png,17258,,cardiomegaly_0,-5.205406,0.00545688,0.9378938
real,00017258_004.png,17258,,cardiomegaly_0,-4.522621,0.010743835,0.84283894
real,00017258_005.png,17258,,cardiomegaly_0,-5.4951115,0.004090002,0.9399354
real,00017258_006.png,17258,,cardiomegaly_0,-4.83753,0.00786427,0.8331175
real,00017258_007.png,17258,,cardiomegaly_0,-4.85553,0.007725067,0.89370894
real,00017258_008.png,17258,,cardiomegaly_0,-4.625551,0.009703179,0.87063366
real,00017258_009.png,17258,,cardiomegaly_0,-4.2908344,0.013508515,0.858166
real,00017258_010.png,17258,,cardiomegaly_0,-4.3870525,0.012284547,0.8716262
real,00017258_011.png,17258,,cardiomegaly_0,-3.139391,0.041511346,0.62442833
real,00017258_016.png,17258,,cardiomegaly_0,-3.7389812,0.02322604,0.6109597
real,00017258_017.png,17258,,cardiomegaly_0,-4.4088326,0.012023063,0.78029394
real,00017258_019.png,17258,,cardiomegaly_0,-5.091873,0.0061089476,0.8850523
real,00017263_000.png,17263,,cardiomegaly_0,0.02517128,0.50629246,0.15979135
real,00017395_001.png,17395,,cardiomegaly_0,-4.1310215,0.01581241,0.68864584
real,00017395_002.png,17395,,cardiomegaly_0,-4.8008785,0.008155462,0.84076947
real,00017395_003.png,17395,,cardiomegaly_0,-5.436838,0.004334357,0.9223151
real,00017443_012.png,17443,,cardiomegaly_0,-5.050968,0.0063623916,0.80798346
real,00017443_013.png,17443,,cardiomegaly_0,-5.3068943,0.004932845,0.8644341
real,00017529_000.png,17529,,cardiomegaly_0,6.7809525,0.9988661,0.97932374
real,00017607_000.png,17607,,cardiomegaly_0,-5.17181,0.005642272,0.76220727
real,00017618_004.png,17618,,cardiomegaly_0,-3.0211601,0.04647903,0.39982733
real,00017618_005.png,17618,,cardiomegaly_0,-2.6048946,0.068824075,0.2956104
real,00017618_006.png,17618,,cardiomegaly_0,-2.990841,0.047841374,0.4297751
real,00017618_008.png,17618,,cardiomegaly_0,-0.9651451,0.27584925,0.14411159
real,00017618_009.png,17618,,cardiomegaly_0,-3.0826607,0.04382818,0.4748642
real,00017618_010.png,17618,,cardiomegaly_0,-2.0474548,0.11430981,0.29234588
real,00017618_011.png,17618,,cardiomegaly_0,0.53375816,0.63035923,0.21770638
real,00017618_014.png,17618,,cardiomegaly_0,4.2225895,0.98555124,0.86350787
real,00017618_015.png,17618,,cardiomegaly_0,0.33350754,0.5826125,0.14077307
real,00017618_019.png,17618,,cardiomegaly_0,-2.4287796,0.08100427,0.2776205
real,00017618_020.png,17618,,cardiomegaly_0,1.2318268,0.77413815,0.20339863
real,00017618_021.png,17618,,cardiomegaly_0,2.5874844,0.93005174,0.47937512
real,00017618_022.png,17618,,cardiomegaly_0,4.3200245,0.986875,0.8934804
real,00017618_023.png,17618,,cardiomegaly_0,4.1043625,0.9837673,0.87517846
real,00017618_032.png,17618,,cardiomegaly_0,2.9340572,0.94950455,0.65105885
real,00017691_014.png,17691,,cardiomegaly_0,-5.067333,0.0062597645,0.84607387
real,00017702_001.png,17702,,cardiomegaly_0,-5.3302803,0.0048193736,0.9296947
real,00017747_053.png,17747,,cardiomegaly_0,-3.3886395,0.032652404,0.68511117
real,00017747_054.png,17747,,cardiomegaly_0,-3.5296726,0.028479643,0.6873143
real,00017747_055.png,17747,,cardiomegaly_0,-2.8300495,0.05572179,0.5287117
real,00017747_056.png,17747,,cardiomegaly_0,-3.1491394,0.0411252,0.6294007
real,00017747_057.png,17747,,cardiomegaly_0,-3.0873508,0.043632045,0.6022031
real,00017747_004.png,17747,,cardiomegaly_0,-0.9282608,0.2832777,0.19973716
real,00017747_005.png,17747,,cardiomegaly_0,-2.6166039,0.068077445,0.48261642
real,00017747_008.png,17747,,cardiomegaly_0,-2.7235794,0.061596245,0.53626937
real,00017747_010.png,17747,,cardiomegaly_0,-3.44952,0.030783175,0.66463447
real,00017747_011.png,17747,,cardiomegaly_0,-3.7726994,0.022473263,0.7695371
real,00017747_012.png,17747,,cardiomegaly_0,-3.777811,0.022361243,0.73835146
real,00017763_003.png,17763,,cardiomegaly_0,-5.162115,0.005696927,0.84969676
real,00017763_004.png,17763,,cardiomegaly_0,-5.156418,0.00572929,0.833248
real,00017786_005.png,17786,,cardiomegaly_0,-3.7345982,0.023325684,0.50550294
real,00017786_010.png,17786,,cardiomegaly_0,-5.1936913,0.0055208285,0.84592354
real,00017786_012.png,17786,,cardiomegaly_0,-4.8060436,0.0081137875,0.77698576
real,00017786_000.png,17786,,cardiomegaly_0,0.07146835,0.51785946,0.14376837
real,00017822_000.png,17822,,cardiomegaly_0,1.2715931,0.78101534,0.19419268
real,00017835_032.png,17835,,cardiomegaly_0,-4.311779,0.013232233,0.73295647
real,00017846_000.png,17846,,cardiomegaly_0,-4.8842735,0.0075078234,0.8130454
real,00017930_004.png,17930,,cardiomegaly_0,-3.6940727,0.024266973,0.70743304
real,00017930_005.png,17930,,cardiomegaly_0,-4.9850636,0.006792885,0.88336
real,00017939_000.png,17939,,cardiomegaly_0,6.648117,0.99870515,0.9737645
real,00017945_000.png,17945,,cardiomegaly_0,2.1136894,0.89222664,0.41217834
real,00017953_000.png,17953,,cardiomegaly_0,6.1187286,0.9978036,0.9677263
real,00017963_005.png,17963,,cardiomegaly_0,-1.5097885,0.18097013,0.2054089
real,00017963_006.png,17963,,cardiomegaly_0,-5.471342,0.0041879714,0.9078335
real,00018011_003.png,18011,,cardiomegaly_0,-1.4838905,0.1848405,0.22026725
real,00018011_005.png,18011,,cardiomegaly_0,-4.786854,0.008269694,0.8015803
real,00018011_006.png,18011,,cardiomegaly_0,-4.8395576,0.007848467,0.81601566
real,00018011_008.png,18011,,cardiomegaly_0,-2.7464619,0.060286783,0.35446674
real,00018065_005.png,18065,,cardiomegaly_0,-4.529766,0.010668161,0.7607589
real,00018065_006.png,18065,,cardiomegaly_0,-5.196968,0.0055028666,0.8594809
real,00018065_007.png,18065,,cardiomegaly_0,-5.4323845,0.0043536196,0.8685872
real,00018090_000.png,18090,,cardiomegaly_0,-2.6460514,0.06623279,0.45705286
real,00018102_001.png,18102,,cardiomegaly_0,-3.8269157,0.02131256,0.6696095
real,00018102_002.png,18102,,cardiomegaly_0,-4.157818,0.01540076,0.7785901
real,00018102_004.png,18102,,cardiomegaly_0,-4.2779045,0.013681908,0.7757123
real,00018148_001.png,18148,,cardiomegaly_0,-4.5298233,0.010667558,0.7726333
real,00018284_003.png,18284,,cardiomegaly_0,-3.0387688,0.04570484,0.51399916
real,00018284_004.png,18284,,cardiomegaly_0,-3.7054424,0.02399921,0.626279
real,00018374_000.png,18374,,cardiomegaly_0,-4.3808193,0.012360409,0.7556845
real,00018463_000.png,18463,,cardiomegaly_0,0.6562214,0.6584111,0.14805983
real,00018488_005.png,18488,,cardiomegaly_0,-5.053953,0.0063435487,0.8950718
real,00018521_005.png,18521,,cardiomegaly_0,-3.1115875,0.0426318,0.5045844
real,00018521_007.png,18521,,cardiomegaly_0,-4.9989853,0.0066996003,0.8844028
real,00018521_008.png,18521,,cardiomegaly_0,-4.402754,0.012095484,0.778247
real,00018521_009.png,18521,,cardiomegaly_0,-4.5799217,0.0101515865,0.8142211
real,00018521_010.png,18521,,cardiomegaly_0,-4.52034,0.010768107,0.801577
real,00018521_011.png,18521,,cardiomegaly_0,-4.3234787,0.013080334,0.8157933
real,00018521_014.png,18521,,cardiomegaly_0,-5.5403423,0.003909836,0.948847
real,00018521_015.png,18521,,cardiomegaly_0,-5.0456276,0.0063962433,0.9143018
real,00018524_002.png,18524,,cardiomegaly_0,-2.0184345,0.11728096,0.20315301
real,00018524_003.png,18524,,cardiomegaly_0,-2.312313,0.09010832,0.25911224
real,00018524_005.png,18524,,cardiomegaly_0,-2.2541046,0.094996,0.2517564
real,00018531_000.png,18531,,cardiomegaly_0,-5.1624756,0.0056948857,0.79553825
real,00018592_002.png,18592,,cardiomegaly_0,-4.230732,0.0143333115,0.7105286
real,00018592_007.png,18592,,cardiomegaly_0,-6.09186,0.0022560982,0.93820053
real,00018626_010.png,18626,,cardiomegaly_0,-2.118414,0.10731993,0.24560982
real,00018626_012.png,18626,,cardiomegaly_0,-4.830261,0.007921189,0.83149713
real,00018626_013.png,18626,,cardiomegaly_0,-4.0253525,0.017543845,0.65089303
real,00018626_014.png,18626,,cardiomegaly_0,-4.6280384,0.009679308,0.78307366
real,00018626_017.png,18626,,cardiomegaly_0,-5.291424,0.0050093667,0.8994861
real,00018672_000.png,18672,,cardiomegaly_0,1.6371517,0.837147,0.30294326
real,00018678_000.png,18678,,cardiomegaly_0,-5.1077423,0.0060133464,0.85807735
real,00018964_004.png,18964,,cardiomegaly_0,-5.1214256,0.0059321094,0.83843195
real,00018964_005.png,18964,,cardiomegaly_0,-5.2623997,0.005156129,0.86537766
real,00018964_006.png,18964,,cardiomegaly_0,-5.175394,0.0056222,0.8812205
real,00019125_000.png,19125,,cardiomegaly_0,-1.0319576,0.26270473,0.23190363
real,00019154_000.png,19154,,cardiomegaly_0,-4.5973682,0.009977765,0.85203975
real,00019154_001.png,19154,,cardiomegaly_0,-0.6082897,0.35244942,0.17264582
real,00019201_002.png,19201,,cardiomegaly_0,-3.600462,0.026585035,0.56286514
real,00019231_001.png,19231,,cardiomegaly_0,-1.1446228,0.24147262,0.16224533
real,00019395_006.png,19395,,cardiomegaly_0,1.5213985,0.82074434,0.26590565
real,00019395_012.png,19395,,cardiomegaly_0,-1.73769,0.14960659,0.27486482
real,00019395_014.png,19395,,cardiomegaly_0,-3.5661297,0.027488085,0.5665841
real,00019395_015.png,19395,,cardiomegaly_0,-1.9902153,0.12023409,0.27381694
real,00019395_016.png,19395,,cardiomegaly_0,-1.2946205,0.21507178,0.205503
real,00019395_017.png,19395,,cardiomegaly_0,-1.3235893,0.21022175,0.22481766
real,00019395_018.png,19395,,cardiomegaly_0,0.4073429,0.6004506,0.16593216
real,00019395_020.png,19395,,cardiomegaly_0,1.9194889,0.87208146,0.35387284
real,00019395_021.png,19395,,cardiomegaly_0,-1.6271362,0.16422305,0.22800848
real,00019395_022.png,19395,,cardiomegaly_0,-1.702734,0.15410852,0.33098087
real,00019395_023.png,19395,,cardiomegaly_0,1.5339832,0.8225884,0.31623313
real,00019395_026.png,19395,,cardiomegaly_0,2.714075,0.93785214,0.50783986
real,00019406_007.png,19406,,cardiomegaly_0,-5.687912,0.0033752264,0.90950114
real,00019409_000.png,19409,,cardiomegaly_0,-5.6009216,0.0036808585,0.8976541
real,00019437_000.png,19437,,cardiomegaly_0,0.4711094,0.6156463,0.13929415
real,00019486_001.png,19486,,cardiomegaly_0,5.4915657,0.9958955,0.88409394
real,00019486_000.png,19486,,cardiomegaly_0,1.744564,0.85126585,0.35215324
real,00019592_006.png,19592,,cardiomegaly_0,-4.674595,0.009243072,0.7636326
real,00019592_007.png,19592,,cardiomegaly_0,-4.4449043,0.011602041,0.6901485
real,00019592_008.png,19592,,cardiomegaly_0,-3.0052166,0.047190763,0.50308293
real,00019637_004.png,19637,,cardiomegaly_0,-4.4959583,0.011030948,0.7380402
real,00019637_008.png,19637,,cardiomegaly_0,4.6613464,0.99063474,0.9192754
real,00019637_003.png,19637,,cardiomegaly_0,-4.0590897,0.016971717,0.7182647
real,00019761_000.png,19761,,cardiomegaly_0,-4.421196,0.011877088,0.7433529
real,00019863_006.png,19863,,cardiomegaly_0,-5.219036,0.005383406,0.81760186
real,00019863_008.png,19863,,cardiomegaly_0,-4.379631,0.012374924,0.6790397
real,00019917_000.png,19917,,cardiomegaly_0,-5.2253456,0.0053497273,0.91001016
real,00019919_016.png,19919,,cardiomegaly_0,-5.429287,0.004367067,0.86544603
real,00019919_017.png,19919,,cardiomegaly_0,-3.840683,0.021027284,0.6027277
real,00019919_018.png,19919,,cardiomegaly_0,-4.940733,0.0070986054,0.8005691
real,00019919_020.png,19919,,cardiomegaly_0,-4.2787304,0.013670768,0.7180425
real,00019919_021.png,19919,,cardiomegaly_0,-3.5075912,0.02909701,0.55379784
real,00019919_003.png,19919,,cardiomegaly_0,-5.94672,0.0026075842,0.95516187
real,00019927_005.png,19927,,cardiomegaly_0,-5.7115555,0.0032966202,0.93531156
real,00019927_007.png,19927,,cardiomegaly_0,-5.664278,0.0034556675,0.93311185
real,00019927_008.png,19927,,cardiomegaly_0,-5.3479214,0.004735499,0.90784717
real,00019927_009.png,19927,,cardiomegaly_0,-5.7266655,0.003247343,0.95397025
real,00019927_010.png,19927,,cardiomegaly_0,-5.747286,0.003181278,0.9523604
real,00019964_000.png,19964,,cardiomegaly_0,-5.18392,0.0055747367,0.82379407
real,00020234_000.png,20234,,cardiomegaly_0,-5.586481,0.0037341975,0.8814754
real,00020286_004.png,20286,,cardiomegaly_0,-3.5032444,0.02922006,0.5787511
real,00020286_003.png,20286,,cardiomegaly_0,-2.8416653,0.055113755,0.49909168
real,00020286_002.png,20286,,cardiomegaly_0,-2.5006733,0.07581099,0.42676154
real,00020286_008.png,20286,,cardiomegaly_0,-3.3793716,0.032946408,0.51649016
real,00020286_009.png,20286,,cardiomegaly_0,-3.0427666,0.04553079,0.43102452
real,00020286_012.png,20286,,cardiomegaly_0,-2.720024,0.061802074,0.37047428
real,00020286_011.png,20286,,cardiomegaly_0,-3.3329277,0.034458686,0.56932586
real,00020286_014.png,20286,,cardiomegaly_0,-3.7345467,0.023326857,0.60363317
real,00020286_015.png,20286,,cardiomegaly_0,-3.5144672,0.028903386,0.5629565
real,00020286_028.png,20286,,cardiomegaly_0,-2.0966167,0.109426096,0.35744104
real,00020286_023.png,20286,,cardiomegaly_0,-3.601593,0.026555782,0.563593
real,00020286_026.png,20286,,cardiomegaly_0,-3.879284,0.020247197,0.6190914
real,00020312_018.png,20312,,cardiomegaly_0,-5.082615,0.0061654174,0.80964315
real,00020318_035.png,20318,,cardiomegaly_0,-5.7724113,0.0031025875,0.9336259
real,00020318_002.png,20318,,cardiomegaly_0,0.40997696,0.6010824,0.24125239
real,00020318_003.png,20318,,cardiomegaly_0,-2.291254,0.09184989,0.40337098
real,00020318_004.png,20318,,cardiomegaly_0,-4.073683,0.016729958,0.6848422
real,00020318_006.png,20318,,cardiomegaly_0,-3.7817173,0.022276005,0.66911834
real,00020318_008.png,20318,,cardiomegaly_0,-4.2446938,0.014137392,0.70152
real,00020318_010.png,20318,,cardiomegaly_0,-2.8800106,0.0531506,0.4715173
real,00020318_011.png,20318,,cardiomegaly_0,-3.1432438,0.041358314,0.5076061
real,00020318_012.png,20318,,cardiomegaly_0,-3.2122555,0.038707122,0.53314793
real,00020318_014.png,20318,,cardiomegaly_0,-3.3913612,0.03256654,0.5914223
real,00020318_015.png,20318,,cardiomegaly_0,-3.121004,0.042249124,0.5455143
real,00020318_017.png,20318,,cardiomegaly_0,-3.946045,0.018964404,0.72195727
real,00020318_018.png,20318,,cardiomegaly_0,-3.0932941,0.043384712,0.53255236
real,00020318_019.png,20318,,cardiomegaly_0,-4.03689,0.017346088,0.7603256
real,00020318_020.png,20318,,cardiomegaly_0,-4.105919,0.016207851,0.7300389
real,00020318_021.png,20318,,cardiomegaly_0,-4.7327576,0.008725362,0.840454
real,00020318_022.png,20318,,cardiomegaly_0,-4.994665,0.0067284107,0.8806569
real,00020318_023.png,20318,,cardiomegaly_0,-4.1820583,0.015037473,0.7675654
real,00020382_000.png,20382,,cardiomegaly_0,-3.473503,0.030075623,0.6021037
real,00020393_003.png,20393,,cardiomegaly_0,-5.4552364,0.004255678,0.8862648
real,00020393_004.png,20393,,cardiomegaly_0,-5.8417187,0.0028954395,0.93324023
real,00020399_000.png,20399,,cardiomegaly_0,-3.950245,0.018886423,0.7238896
real,00020428_000.png,20428,,cardiomegaly_0,2.8620987,0.94594073,0.4775741
real,00020485_000.png,20485,,cardiomegaly_0,-6.125311,0.0021820392,0.9699719
real,00020629_006.png,20629,,cardiomegaly_0,-3.1957684,0.039325275,0.56119
real,00020629_007.png,20629,,cardiomegaly_0,-5.1376553,0.005837168,0.86266327
real,00020629_008.png,20629,,cardiomegaly_0,-4.776516,0.008354909,0.8150327
real,00020629_011.png,20629,,cardiomegaly_0,4.8710537,0.992393,0.934758
real,00020629_012.png,20629,,cardiomegaly_0,4.8981323,0.9925948,0.91901726
real,00020629_014.png,20629,,cardiomegaly_0,-2.7630272,0.05935513,0.3969005
real,00020629_016.png,20629,,cardiomegaly_0,-5.66181,0.0034641773,0.9168076
real,00020642_002.png,20642,,cardiomegaly_0,-3.6265087,0.02591924,0.5789745
real,00020642_003.png,20642,,cardiomegaly_0,-4.6780205,0.009211754,0.7863765
real,00020671_000.png,20671,,cardiomegaly_0,-3.475544,0.030016147,0.591072
real,00020671_003.png,20671,,cardiomegaly_0,-3.5514698,0.027882706,0.62699187
real,00020671_004.png,20671,,cardiomegaly_0,-1.280117,0.2175303,0.17544208
real,00020671_005.png,20671,,cardiomegaly_0,-3.572424,0.027320324,0.62589425
real,00020671_006.png,20671,,cardiomegaly_0,-3.2766762,0.036380056,0.5480242
real,00020671_008.png,20671,,cardiomegaly_0,-3.271408,0.036565192,0.52148324
real,00020671_009.png,20671,,cardiomegaly_0,-4.511484,0.0108628515,0.83000535
real,00020671_010.png,20671,,cardiomegaly_0,-4.1679173,0.015248363,0.78743154
real,00020671_015.png,20671,,cardiomegaly_0,-0.5434952,0.3673749,0.18081774
real,00020671_016.png,20671,,cardiomegaly_0,-1.5824966,0.1704422,0.34194884
real,00020671_017.png,20671,,cardiomegaly_0,-2.074524,0.111597724,0.36825818
real,00020671_018.png,20671,,cardiomegaly_0,-3.6956425,0.024229832,0.6405125
real,00020683_000.png,20683,,cardiomegaly_0,-4.154379,0.015452994,0.66862947
real,00020683_001.png,20683,,cardiomegaly_0,-3.9034367,0.019773584,0.6052438
real,00020758_001.png,20758,,cardiomegaly_0,4.7235413,0.9911945,0.9197244
real,00020810_004.png,20810,,cardiomegaly_0,-5.2146034,0.005407192,0.84659773
real,00020811_013.png,20811,,cardiomegaly_0,-4.723566,0.008805222,0.83295923
real,00020811_014.png,20811,,cardiomegaly_0,-5.088892,0.0061270744,0.8268979
real,00020811_004.png,20811,,cardiomegaly_0,-5.076399,0.0062036226,0.8832044
real,00020811_008.png,20811,,cardiomegaly_0,-3.8373299,0.02109642,0.6000846
real,00020819_002.png,20819,,cardiomegaly_0,4.851383,0.9922431,0.9545139
real,00020819_006.png,20819,,cardiomegaly_0,-4.7409706,0.008654612,0.84869146
real,00020819_010.png,20819,,cardiomegaly_0,4.6273746,0.9903143,0.9365613
real,00020819_012.png,20819,,cardiomegaly_0,4.1944942,0.98514557,0.9210118
real,00020819_013.png,20819,,cardiomegaly_0,1.9250526,0.8727008,0.4232514
real,00020819_014.png,20819,,cardiomegaly_0,0.45430183,0.61166155,0.2744651
real,00020819_015.png,20819,,cardiomegaly_0,0.17996979,0.5448714,0.2031158
real,00020819_016.png,20819,,cardiomegaly_0,-0.45314407,0.3886135,0.23821107
real,00020869_007.png,20869,,cardiomegaly_0,-5.2141685,0.0054095313,0.8665332
real,00020880_002.png,20880,,cardiomegaly_0,-4.0075645,0.017853085,0.5708874
real,00020880_004.png,20880,,cardiomegaly_0,-4.4150047,0.011949968,0.72041947
real,00020928_001.png,20928,,cardiomegaly_0,-3.258747,0.03701384,0.60698694
real,00020934_000.png,20934,,cardiomegaly_0,0.7220154,0.67305064,0.16440918
real,00021023_005.png,21023,,cardiomegaly_0,-3.072733,0.04424611,0.39991716
real,00021023_007.png,21023,,cardiomegaly_0,-3.7327824,0.023367088,0.5851991
real,00021023_020.png,21023,,cardiomegaly_0,-4.035494,0.017369902,0.67889506
real,00021107_001.png,21107,,cardiomegaly_0,6.2168903,0.99800855,0.9640015
real,00021107_002.png,21107,,cardiomegaly_0,5.7830677,0.9969302,0.9235399
real,00021200_003.png,21200,,cardiomegaly_0,6.4273605,0.9983859,0.97644037
real,00021245_002.png,21245,,cardiomegaly_0,-2.1696491,0.10250932,0.28028253
real,00021245_003.png,21245,,cardiomegaly_0,-1.7061062,0.15366945,0.2613781
real,00021260_005.png,21260,,cardiomegaly_0,-1.8966846,0.13048416,0.3290061
real,00021362_003.png,21362,,cardiomegaly_0,-0.7116604,0.32923207,0.2363451
real,00021362_004.png,21362,,cardiomegaly_0,3.983879,0.98172677,0.81737894
real,00021362_005.png,21362,,cardiomegaly_0,3.0786839,0.95600486,0.56616366
real,00021398_000.png,21398,,cardiomegaly_0,-4.126026,0.015890338,0.76635736
real,00021398_001.png,21398,,cardiomegaly_0,-3.2496834,0.037338268,0.49142995
real,00021409_003.png,21409,,cardiomegaly_0,-1.4729404,0.18649608,0.28411996
real,00021409_004.png,21409,,cardiomegaly_0,0.1409874,0.5351886,0.22429505
real,00021409_005.png,21409,,cardiomegaly_0,2.7083073,0.937515,0.60562444
real,00021409_009.png,21409,,cardiomegaly_0,-1.8068924,0.14101411,0.3187573
real,00021455_000.png,21455,,cardiomegaly_0,-5.5077305,0.0040389216,0.9398245
real,00021455_001.png,21455,,cardiomegaly_0,-5.3344173,0.0047995723,0.8972093
real,00021455_005.png,21455,,cardiomegaly_0,-0.024244308,0.49393925,0.2240313
real,00021455_006.png,21455,,cardiomegaly_0,-0.60323143,0.35360476,0.2636429
real,00021455_007.png,21455,,cardiomegaly_0,-0.4309883,0.39389035,0.23580296
real,00021455_009.png,21455,,cardiomegaly_0,-4.201992,0.014745064,0.7893231
real,00021495_002.png,21495,,cardiomegaly_0,-5.244896,0.0052466975,0.90978426
real,00021495_006.png,21495,,cardiomegaly_0,-4.614931,0.009805761,0.8245631
real,00021495_007.png,21495,,cardiomegaly_0,-3.8063087,0.021746654,0.66644776
real,00021495_008.png,21495,,cardiomegaly_0,-4.6951656,0.009056582,0.79931515
real,00021648_009.png,21648,,cardiomegaly_0,-4.983347,0.0068044756,0.833856
real,00021649_001.png,21649,,cardiomegaly_0,-5.685629,0.003382915,0.8934151
real,00021684_000.png,21684,,cardiomegaly_0,-5.262169,0.0051573133,0.8780771
real,00021707_003.png,21707,,cardiomegaly_0,-4.311798,0.0132319825,0.751742
real,00021707_004.png,21707,,cardiomegaly_0,-3.5153198,0.028879467,0.53560483
real,00021803_000.png,21803,,cardiomegaly_0,-5.3864975,0.0045571174,0.88766795
real,00021803_001.png,21803,,cardiomegaly_0,-5.7953396,0.0030324734,0.93311554
real,00021845_000.png,21845,,cardiomegaly_0,2.66786,0.9351033,0.4497867
real,00021845_003.png,21845,,cardiomegaly_0,-5.7318573,0.0032305818,0.93847394
real,00021972_025.png,21972,,cardiomegaly_0,-0.8235321,0.3050144,0.2050233
real,00021972_027.png,21972,,cardiomegaly_0,-1.5216961,0.1792119,0.2848143
real,00021972_028.png,21972,,cardiomegaly_0,-3.9937649,0.01809667,0.71125764
real,00021972_029.png,21972,,cardiomegaly_0,-4.476349,0.011246936,0.8021686
real,00021972_030.png,21972,,cardiomegaly_0,-1.773365,0.14512435,0.2954742
real,00021972_032.png,21972,,cardiomegaly_0,-3.7366886,0.023278108,0.5774295
real,00021972_001.png,21972,,cardiomegaly_0,-2.8314571,0.05564777,0.49920687
real,00021972_003.png,21972,,cardiomegaly_0,-4.0644264,0.01688291,0.7426471
real,00021972_005.png,21972,,cardiomegaly_0,-2.175705,0.10195351,0.31068304
real,00021972_007.png,21972,,cardiomegaly_0,-4.2866287,0.013564675,0.75040025
real,00021972_009.png,21972,,cardiomegaly_0,2.0514545,0.8860945,0.43701217
real,00021972_010.png,21972,,cardiomegaly_0,2.6947346,0.93671525,0.687581
real,00021976_004.png,21976,,cardiomegaly_0,-3.787756,0.022144863,0.58161414
real,00021976_005.png,21976,,cardiomegaly_0,-4.835804,0.00787775,0.75855005
real,00021976_006.png,21976,,cardiomegaly_0,-4.3152103,0.013187504,0.62730676
real,00021976_007.png,21976,,cardiomegaly_0,-4.48748,0.011123822,0.68188226
real,00021976_008.png,21976,,cardiomegaly_0,-4.7534065,0.008548565,0.7510736
real,00021976_009.png,21976,,cardiomegaly_0,-4.1229916,0.015937861,0.6305095
real,00021976_010.png,21976,,cardiomegaly_0,-4.990202,0.006758305,0.79457825
real,00021976_011.png,21976,,cardiomegaly_0,-4.976282,0.006852388,0.74800754
real,00021976_013.png,21976,,cardiomegaly_0,-4.924366,0.0072148996,0.776038
real,00021976_012.png,21976,,cardiomegaly_0,-4.6991615,0.00902079,0.73015726
real,00022147_005.png,22147,,cardiomegaly_0,4.3388767,0.987117,0.8145481
real,00022147_000.png,22147,,cardiomegaly_0,1.2694263,0.78064454,0.1785412
real,00022155_003.png,22155,,cardiomegaly_0,-3.8413925,0.021012682,0.6199272
real,00022155_004.png,22155,,cardiomegaly_0,-3.390604,0.032590408,0.5378367
real,00022155_005.png,22155,,cardiomegaly_0,-1.6642323,0.1591947,0.29045203
real,00022155_008.png,22155,,cardiomegaly_0,-3.7677155,0.022583012,0.5795453
real,00022155_010.png,22155,,cardiomegaly_0,-1.7248192,0.15125147,0.18798433
real,00022155_011.png,22155,,cardiomegaly_0,-3.98806,0.01819832,0.56389695
real,00022155_013.png,22155,,cardiomegaly_0,-0.21294212,0.4469647,0.14373131
real,00022155_021.png,22155,,cardiomegaly_0,-0.13010216,0.4675203,0.30066097
real,00022175_001.png,22175,,cardiomegaly_0,2.0729542,0.8882465,0.34833086
real,00022341_005.png,22341,,cardiomegaly_0,1.3215866,0.7894455,0.29690948
real,00022574_000.png,22574,,cardiomegaly_0,-5.8981895,0.0027368977,0.9451192
real,00022651_001.png,22651,,cardiomegaly_0,2.0140648,0.8822659,0.4203948
real,00022651_003.png,22651,,cardiomegaly_0,2.636139,0.9331515,0.5255459
real,00022651_004.png,22651,,cardiomegaly_0,-1.0861664,0.25234085,0.275564
real,00022651_005.png,22651,,cardiomegaly_0,1.0007076,0.73119766,0.2420071
real,00022651_006.png,22651,,cardiomegaly_0,-2.9850998,0.04810357,0.57089245
real,00022651_007.png,22651,,cardiomegaly_0,-3.6391907,0.02560097,0.63731974
real,00022651_008.png,22651,,cardiomegaly_0,-4.297102,0.013425247,0.77428937
real,00022651_009.png,22651,,cardiomegaly_0,-4.2969456,0.013427319,0.7404058
real,00022651_010.png,22651,,cardiomegaly_0,-4.482464,0.011179137,0.8249428
real,00022651_013.png,22651,,cardiomegaly_0,-0.3891735,0.40391627,0.18373126
real,00022651_015.png,22651,,cardiomegaly_0,-2.0765743,0.111394614,0.29008484
real,00022651_016.png,22651,,cardiomegaly_0,-3.709158,0.023912335,0.58736145
real,00022651_017.png,22651,,cardiomegaly_0,-4.092907,0.016416641,0.6886173
real,00022651_018.png,22651,,cardiomegaly_0,-3.6068306,0.026420722,0.61243534
real,00022651_019.png,22651,,cardiomegaly_0,-3.4331036,0.031276762,0.4817477
real,00022651_023.png,22651,,cardiomegaly_0,-0.25086403,0.43761086,0.14328721
real,00022677_002.png,22677,,cardiomegaly_0,5.007227,0.99335504,0.910666
real,00022716_000.png,22716,,cardiomegaly_0,-3.5943184,0.026744483,0.5810359
real,00022789_000.png,22789,,cardiomegaly_0,-2.349123,0.0871355,0.42089847
real,00022789_001.png,22789,,cardiomegaly_0,-5.59708,0.0036949727,0.88745797
real,00022818_000.png,22818,,cardiomegaly_0,-5.7546043,0.0031581542,0.9245918
real,00022883_002.png,22883,,cardiomegaly_0,-1.322113,0.21046695,0.19031005
real,00022883_011.png,22883,,cardiomegaly_0,-4.859539,0.007694395,0.78730303
real,00022883_012.png,22883,,cardiomegaly_0,-4.13492,0.015751852,0.65550995
real,00023073_008.png,23073,,cardiomegaly_0,-5.5339794,0.0039346954,0.9437573
real,00023093_007.png,23093,,cardiomegaly_0,4.7400684,0.99133766,0.9185634
real,00023093_009.png,23093,,cardiomegaly_0,6.444401,0.9984131,0.96643144
real,00023093_011.png,23093,,cardiomegaly_0,5.330061,0.99517953,0.9056076
real,00023093_012.png,23093,,cardiomegaly_0,6.608366,0.9986527,0.9658656
real,00023093_017.png,23093,,cardiomegaly_0,6.140024,0.9978498,0.9524979
real,00023097_000.png,23097,,cardiomegaly_0,-4.615263,0.009802539,0.8765856
real,00023097_001.png,23097,,cardiomegaly_0,-4.5153275,0.010821633,0.8246736
real,00023097_002.png,23097,,cardiomegaly_0,-4.7182064,0.008852123,0.8506583
real,00023097_007.png,23097,,cardiomegaly_0,-5.1379604,0.005835397,0.9050057
real,00023156_002.png,23156,,cardiomegaly_0,-0.8503094,0.29936796,0.2674883
real,00023156_004.png,23156,,cardiomegaly_0,0.820446,0.694331,0.29091817
real,00023156_005.png,23156,,cardiomegaly_0,-1.752325,0.14775418,0.33239856
real,00023156_010.png,23156,,cardiomegaly_0,-3.7113705,0.023860747,0.57685137
real,00023156_013.png,23156,,cardiomegaly_0,-4.1504173,0.015513381,0.77583796
real,00023156_014.png,23156,,cardiomegaly_0,-4.4459248,0.011590346,0.7735037
real,00023156_020.png,23156,,cardiomegaly_0,-5.0441227,0.0064058155,0.8816487
real,00023156_021.png,23156,,cardiomegaly_0,-3.305153,0.035394836,0.6298468
real,00023156_022.png,23156,,cardiomegaly_0,-5.1187706,0.0059477864,0.91410077
real,00023176_017.png,23176,,cardiomegaly_0,4.6077785,0.9901245,0.94639647
real,00023196_003.png,23196,,cardiomegaly_0,5.431774,0.99564373,0.9517947
real,00023319_000.png,23319,,cardiomegaly_0,-5.7608433,0.0031385738,0.92481565
real,00023325_013.png,23325,,cardiomegaly_0,4.388214,0.9877295,0.910031
real,00023325_014.png,23325,,cardiomegaly_0,5.958786,0.99742365,0.96984786
real,00024073_000.png,24073,,cardiomegaly_0,-2.5416737,0.07298785,0.3686057
real,00024116_001.png,24116,,cardiomegaly_0,-1.4424171,0.19117132,0.16564916
real,00024264_000.png,24264,,cardiomegaly_0,0.367424,0.59083635,0.18981104
real,00024692_001.png,24692,,cardiomegaly_0,3.5085297,0.97092944,0.7312131
real,00024749_000.png,24749,,cardiomegaly_0,-5.628792,0.0035800508,0.9114806
real,00025252_000.png,25252,,cardiomegaly_0,-2.9267044,0.050849147,0.4859864
real,00025252_001.png,25252,,cardiomegaly_0,-3.628479,0.025869539,0.61188084
real,00025261_000.png,25261,,cardiomegaly_0,-5.282385,0.005054621,0.9064127
real,00025261_001.png,25261,,cardiomegaly_0,-4.7689495,0.008417832,0.7969247
real,00025261_002.png,25261,,cardiomegaly_0,-4.1171627,0.016029539,0.67272073
real,00025261_004.png,25261,,cardiomegaly_0,-3.9260178,0.019340618,0.6491505
real,00025290_032.png,25290,,cardiomegaly_0,5.1198826,0.99405885,0.89435846
real,00025416_001.png,25416,,cardiomegaly_0,-0.52822495,0.370931,0.108295746
real,00025517_000.png,25517,,cardiomegaly_0,-3.460102,0.030469017,0.45089558
real,00025527_009.png,25527,,cardiomegaly_0,-5.2430134,0.0052565318,0.88591397
real,00025635_000.png,25635,,cardiomegaly_0,-2.1883736,0.10079942,0.4002462
real,00025635_001.png,25635,,cardiomegaly_0,2.4206123,0.9183856,0.48103237
real,00025635_008.png,25635,,cardiomegaly_0,1.9988155,0.8806727,0.37265292
real,00025688_001.png,25688,,cardiomegaly_0,-4.9776497,0.0068430877,0.7955767
real,00025688_002.png,25688,,cardiomegaly_0,-5.454876,0.004257206,0.8989526
real,00025696_000.png,25696,,cardiomegaly_0,5.632778,0.9964341,0.9705195
real,00025696_001.png,25696,,cardiomegaly_0,3.560772,0.97236836,0.8639023
real,00025707_008.png,25707,,cardiomegaly_0,-3.6879768,0.024411732,0.5414506
real,00025707_010.png,25707,,cardiomegaly_0,-4.6065445,0.009887528,0.72088194
real,00025707_013.png,25707,,cardiomegaly_0,-2.3481503,0.08721291,0.2617888
real,00025784_000.png,25784,,cardiomegaly_0,3.5733433,0.9727041,0.72827125
real,00025784_001.png,25784,,cardiomegaly_0,0.58499527,0.64221597,0.15428811
real,00025832_007.png,25832,,cardiomegaly_0,-2.8577938,0.05427984,0.3297323
real,00025924_003.png,25924,,cardiomegaly_0,-5.14439,0.005798215,0.86570525
real,00025924_006.png,25924,,cardiomegaly_0,-5.5970097,0.003695233,0.9420263
real,00025924_016.png,25924,,cardiomegaly_0,-5.2808113,0.005062541,0.9043377
real,00025924_025.png,25924,,cardiomegaly_0,-4.401682,0.0121083,0.7763722
real,00025924_026.png,25924,,cardiomegaly_0,-4.825535,0.007958418,0.83374685
real,00025924_027.png,25924,,cardiomegaly_0,-5.4175854,0.004418242,0.907528
real,00026657_000.png,26657,,cardiomegaly_0,-3.4026985,0.032211237,0.4995128
real,00026715_002.png,26715,,cardiomegaly_0,5.457052,0.995752,0.97674096
real,00026715_003.png,26715,,cardiomegaly_0,4.9216633,0.99276567,0.95933825
real,00026715_004.png,26715,,cardiomegaly_0,5.379883,0.99541277,0.9738533
real,00026738_005.png,26738,,cardiomegaly_0,-5.277937,0.0050770394,0.90010434
real,00026751_000.png,26751,,cardiomegaly_0,-3.9771023,0.018395143,0.58792406
real,00026815_000.png,26815,,cardiomegaly_0,-5.3240643,0.0048492784,0.84642476
real,00026815_002.png,26815,,cardiomegaly_0,-6.0392323,0.002377721,0.94137496
real,00026889_000.png,26889,,cardiomegaly_0,1.2066307,0.76970226,0.3233661
real,00026889_001.png,26889,,cardiomegaly_0,-1.0497742,0.25926846,0.2797682
real,00026889_002.png,26889,,cardiomegaly_0,-2.5810852,0.07036571,0.45312437
real,00026911_006.png,26911,,cardiomegaly_0,-3.6979733,0.024174787,0.6000595
real,00026912_000.png,26912,,cardiomegaly_0,-6.0308228,0.0023977526,0.9380558
real,00026913_000.png,26913,,cardiomegaly_0,-5.673895,0.0034227073,0.9117454
real,00026967_002.png,26967,,cardiomegaly_0,-2.863779,0.053973418,0.34547922
real,00026999_000.png,26999,,cardiomegaly_0,-5.6457043,0.0035202238,0.92297316
real,00027011_000.png,27011,,cardiomegaly_0,-5.1691036,0.005657478,0.875811
real,00027061_001.png,27061,,cardiomegaly_0,6.53821,0.998555,0.96969944
real,00027092_004.png,27092,,cardiomegaly_0,-1.6132374,0.16613963,0.19979444
real,00027092_005.png,27092,,cardiomegaly_0,-1.8669605,0.13389379,0.31419793
real,00027092_006.png,27092,,cardiomegaly_0,-5.015938,0.006587724,0.83397
real,00027142_008.png,27142,,cardiomegaly_0,-4.8602104,0.0076892697,0.7600713
real,00027142_009.png,27142,,cardiomegaly_0,-4.6557045,0.009417676,0.7392141
real,00027306_000.png,27306,,cardiomegaly_0,-5.6213818,0.0036065816,0.9065709
real,00027389_002.png,27389,,cardiomegaly_0,5.081812,0.99382967,0.92401266
real,00027389_003.png,27389,,cardiomegaly_0,6.061241,0.9976739,0.9722773
real,00027420_002.png,27420,,cardiomegaly_0,-4.622307,0.009734403,0.85560846
real,00027420_003.png,27420,,cardiomegaly_0,-5.4371815,0.004332876,0.89137954
real,00027422_003.png,27422,,cardiomegaly_0,-4.1024723,0.0162629,0.6379604
real,00027441_025.png,27441,,cardiomegaly_0,-4.278387,0.013675398,0.6723584
real,00027474_005.png,27474,,cardiomegaly_0,-2.5910969,0.06971361,0.3128548
real,00027474_007.png,27474,,cardiomegaly_0,-2.8512306,0.054617736,0.40071535
real,00027474_008.png,27474,,cardiomegaly_0,-4.098755,0.016322479,0.6255915
real,00027474_009.png,27474,,cardiomegaly_0,-4.8601933,0.0076894006,0.7700346
real,00027485_001.png,27485,,cardiomegaly_0,-2.1566525,0.10371121,0.39414927
real,00027514_008.png,27514,,cardiomegaly_0,-5.8316,0.0029247997,0.9346362
real,00027618_006.png,27618,,cardiomegaly_0,1.5049133,0.8183061,0.3613759
real,00027618_008.png,27618,,cardiomegaly_0,-3.5043564,0.029188534,0.43429047
real,00027618_009.png,27618,,cardiomegaly_0,-3.1751614,0.040111218,0.4250525
real,00027815_001.png,27815,,cardiomegaly_0,3.1999283,0.9608315,0.51616716
real,00027907_001.png,27907,,cardiomegaly_0,5.737816,0.9967886,0.9438598
real,00028013_004.png,28013,,cardiomegaly_0,-5.341587,0.004765447,0.8940349
real,00028013_005.png,28013,,cardiomegaly_0,-3.3496647,0.033906147,0.5270855
real,00028013_006.png,28013,,cardiomegaly_0,-4.542366,0.010535994,0.7938146
real,00028013_010.png,28013,,cardiomegaly_0,-5.475752,0.0041696206,0.9209938
real,00028013_011.png,28013,,cardiomegaly_0,-5.2044125,0.005462276,0.89517903
real,00028013_013.png,28013,,cardiomegaly_0,-5.3249245,0.004845129,0.91467696
real,00028018_000.png,28018,,cardiomegaly_0,5.742525,0.99680364,0.91867197
real,00028027_000.png,28027,,cardiomegaly_0,3.2257862,0.9617932,0.67534506
real,00028027_003.png,28027,,cardiomegaly_0,-4.5150948,0.010824123,0.8297868
real,00028027_004.png,28027,,cardiomegaly_0,-4.227131,0.014384276,0.78897464
real,00028036_000.png,28036,,cardiomegaly_0,-1.6796322,0.15714417,0.30631375
real,00028105_000.png,28105,,cardiomegaly_0,-2.2897816,0.09197279,0.40580827
real,00028148_005.png,28148,,cardiomegaly_0,-4.203535,0.014722663,0.64529806
real,00028148_006.png,28148,,cardiomegaly_0,-5.269747,0.005118578,0.8819131
real,00028148_008.png,28148,,cardiomegaly_0,-5.480566,0.004149679,0.87287325
real,00028148_010.png,28148,,cardiomegaly_0,-1.4651508,0.18768078,0.24282163
real,00028148_013.png,28148,,cardiomegaly_0,-3.109932,0.042699423,0.43538773
real,00028148_014.png,28148,,cardiomegaly_0,-3.4809246,0.029859886,0.5473657
real,00028148_011.png,28148,,cardiomegaly_0,-3.7211475,0.023634084,0.54095984
real,00028148_012.png,28148,,cardiomegaly_0,-1.3910904,0.19923373,0.20309247
real,00028148_017.png,28148,,cardiomegaly_0,-4.0437164,0.017230112,0.72853917
real,00028256_003.png,28256,,cardiomegaly_0,-4.257227,0.01396377,0.74021345
real,00028256_001.png,28256,,cardiomegaly_0,-2.0937366,0.10970708,0.35282797
real,00028256_004.png,28256,,cardiomegaly_0,-4.454628,0.011491063,0.8033895
real,00028256_005.png,28256,,cardiomegaly_0,-5.635128,0.0035575188,0.90340495
real,00028274_000.png,28274,,cardiomegaly_0,-4.8405037,0.007841104,0.8818634
real,00028392_001.png,28392,,cardiomegaly_0,-5.4082985,0.004459281,0.92804897
real,00028392_004.png,28392,,cardiomegaly_0,-5.5726604,0.0037859685,0.9370257
real,00028392_005.png,28392,,cardiomegaly_0,-4.610735,0.009846588,0.8133737
real,00028412_000.png,28412,,cardiomegaly_0,-3.1352196,0.041677635,0.5021572
real,00028558_000.png,28558,,cardiomegaly_0,-4.4531136,0.011508279,0.7417726
real,00028625_000.png,28625,,cardiomegaly_0,-2.2046509,0.099333614,0.3076044
real,00028628_006.png,28628,,cardiomegaly_0,-2.9715824,0.04872632,0.47475722
real,00028628_007.png,28628,,cardiomegaly_0,-3.7907257,0.022080647,0.5915788
real,00028628_008.png,28628,,cardiomegaly_0,-3.1422405,0.041398115,0.5029279
real,00028628_009.png,28628,,cardiomegaly_0,-4.061514,0.016931318,0.6669164
real,00028628_010.png,28628,,cardiomegaly_0,-4.4882717,0.011115119,0.7326793
real,00028628_016.png,28628,,cardiomegaly_0,-3.2698154,0.036621336,0.53940946
real,00028628_017.png,28628,,cardiomegaly_0,-2.0450935,0.11454909,0.34743175
real,00028628_022.png,28628,,cardiomegaly_0,-3.4742146,0.030054875,0.6221762
real,00028703_000.png,28703,,cardiomegaly_0,-5.5236397,0.0039754277,0.93087995
real,00028764_004.png,28764,,cardiomegaly_0,-5.942255,0.0026192227,0.95645547
real,00028766_000.png,28766,,cardiomegaly_0,-1.8921299,0.1310018,0.2909144
real,00028772_000.png,28772,,cardiomegaly_0,-3.7584019,0.022789506,0.65953404
real,00028811_000.png,28811,,cardiomegaly_0,-4.4237328,0.011847353,0.79971904
real,00028811_001.png,28811,,cardiomegaly_0,-3.3714848,0.03319862,0.53519696
real,00028811_002.png,28811,,cardiomegaly_0,-4.514637,0.010829026,0.83003825
real,00028811_006.png,28811,,cardiomegaly_0,-4.5014954,0.010970705,0.85989743
real,00028811_007.png,28811,,cardiomegaly_0,-5.216957,0.0053945486,0.9212513
real,00028882_005.png,28882,,cardiomegaly_0,-5.815443,0.0029722985,0.91993314
real,00028897_002.png,28897,,cardiomegaly_0,-5.843485,0.0028903447,0.9495092
real,00028897_003.png,28897,,cardiomegaly_0,-5.8431664,0.002891263,0.9253759
real,00028897_011.png,28897,,cardiomegaly_0,-3.2645626,0.036807112,0.5063997
real,00028897_012.png,28897,,cardiomegaly_0,0.029468536,0.5073666,0.24378856
real,00028897_013.png,28897,,cardiomegaly_0,-2.9293442,0.05072189,0.45765695
real,00028897_015.png,28897,,cardiomegaly_0,-3.7689247,0.022556335,0.62045944
real,00028897_016.png,28897,,cardiomegaly_0,-2.9000473,0.052151226,0.4683074
real,00028897_018.png,28897,,cardiomegaly_0,-3.9940472,0.018091656,0.68440187
real,00028897_019.png,28897,,cardiomegaly_0,-3.9863243,0.01822936,0.7131447
real,00028934_001.png,28934,,cardiomegaly_0,-2.2682934,0.09378315,0.3384243
real,00029021_000.png,29021,,cardiomegaly_0,-4.7970276,0.008186671,0.80179274
real,00029022_000.png,29022,,cardiomegaly_0,-2.1088524,0.10823939,0.36554867
real,00029031_000.png,29031,,cardiomegaly_0,-5.566572,0.0038090004,0.91806513
real,00029058_004.png,29058,,cardiomegaly_0,-5.386301,0.0045580086,0.894872
real,00029105_001.png,29105,,cardiomegaly_0,4.7673035,0.9915684,0.9499292
real,00029105_002.png,29105,,cardiomegaly_0,5.4858913,0.9958723,0.97697604
real,00029105_007.png,29105,,cardiomegaly_0,1.2302914,0.7738695,0.38101447
real,00029105_009.png,29105,,cardiomegaly_0,4.6083355,0.99013,0.94993055
real,00029105_010.png,29105,,cardiomegaly_0,2.8681412,0.9462489,0.7409906
real,00029105_011.png,29105,,cardiomegaly_0,2.404049,0.9171356,0.6156674
real,00029105_014.png,29105,,cardiomegaly_0,-0.36190224,0.41049916,0.22724225
real,00029105_015.png,29105,,cardiomegaly_0,-0.64110184,0.34499753,0.26083794
real,00029225_000.png,29225,,cardiomegaly_0,5.492443,0.99589914,0.96212727
real,00029297_000.png,29297,,cardiomegaly_0,-5.872671,0.002807439,0.93957686
real,00029297_003.png,29297,,cardiomegaly_0,-1.7381935,0.14954253,0.27636543
real,00029297_004.png,29297,,cardiomegaly_0,-4.365427,0.01254973,0.73971987
real,00029297_005.png,29297,,cardiomegaly_0,-3.8394318,0.021053053,0.70618165
real,00029459_002.png,29459,,cardiomegaly_0,3.0768604,0.955928,0.7122678
real,00029459_004.png,29459,,cardiomegaly_0,5.1660175,0.9943251,0.95408934
real,00029500_000.png,29500,,cardiomegaly_0,5.63538,0.99644333,0.9758781
real,00029510_000.png,29510,,cardiomegaly_0,3.9485931,0.9810829,0.8332535
real,00029551_000.png,29551,,cardiomegaly_0,-3.8030396,0.021816311,0.6922173
real,00029551_003.png,29551,,cardiomegaly_0,-4.2868137,0.013562201,0.7602319
real,00029551_004.png,29551,,cardiomegaly_0,-3.9057827,0.019728165,0.63701624
real,00029551_005.png,29551,,cardiomegaly_0,-3.0238953,0.046357963,0.45665342
real,00029552_000.png,29552,,cardiomegaly_0,4.5778065,0.98982716,0.87144893
real,00029579_000.png,29579,,cardiomegaly_0,-0.20572281,0.44874993,0.2077172
real,00029579_004.png,29579,,cardiomegaly_0,0.10227203,0.5255458,0.20752913
real,00029579_005.png,29579,,cardiomegaly_0,1.8994808,0.86983275,0.47157067
real,00029579_009.png,29579,,cardiomegaly_0,-1.2482986,0.2229948,0.26746097
real,00029579_014.png,29579,,cardiomegaly_0,-4.0927525,0.016419135,0.7256155
real,00029579_012.png,29579,,cardiomegaly_0,-3.8829002,0.020175584,0.7298576
real,00029579_015.png,29579,,cardiomegaly_0,-4.2986374,0.013404926,0.79308265
real,00029631_004.png,29631,,cardiomegaly_0,2.2938156,0.9083635,0.55332774
real,00029631_006.png,29631,,cardiomegaly_0,-4.9429035,0.0070833233,0.8891794
real,00029631_007.png,29631,,cardiomegaly_0,-4.2853127,0.013582297,0.80183357
real,00029631_012.png,29631,,cardiomegaly_0,-4.7016563,0.008998516,0.84342504
real,00029631_013.png,29631,,cardiomegaly_0,-4.0433846,0.017235734,0.709488
real,00029747_002.png,29747,,cardiomegaly_0,-5.675905,0.0034158567,0.9159214
real,00029756_000.png,29756,,cardiomegaly_0,-5.543871,0.0038961174,0.91419756
real,00029794_000.png,29794,,cardiomegaly_0,6.2595387,0.9980915,0.94721127
real,00029821_013.png,29821,,cardiomegaly_0,0.5117321,0.62521243,0.24448997
real,00029821_014.png,29821,,cardiomegaly_0,5.550766,0.9961306,0.9517886
real,00029839_008.png,29839,,cardiomegaly_0,-5.289526,0.005018835,0.9232573
real,00029839_009.png,29839,,cardiomegaly_0,-5.7519283,0.00316659,0.9452036
real,00029943_002.png,29943,,cardiomegaly_0,-4.0692616,0.016802842,0.7339514
real,00029943_004.png,29943,,cardiomegaly_0,-5.2599163,0.005168883,0.90818864
real,00029943_005.png,29943,,cardiomegaly_0,-5.2049007,0.005459624,0.89870805
real,00029943_007.png,29943,,cardiomegaly_0,-5.400078,0.004495925,0.9094017
real,00029943_006.png,29943,,cardiomegaly_0,-4.5596046,0.01035779,0.8214167
real,00029943_008.png,29943,,cardiomegaly_0,-4.67696,0.009221438,0.8473363
real,00029981_004.png,29981,,cardiomegaly_0,4.0142555,0.98226386,0.89166534
real,00029981_007.png,29981,,cardiomegaly_0,0.760046,0.6813637,0.2624654
real,00030059_009.png,30059,,cardiomegaly_0,0.45279503,0.61130357,0.32789806
real,00030059_011.png,30059,,cardiomegaly_0,-1.7687035,0.14570363,0.38495827
real,00030070_000.png,30070,,cardiomegaly_0,-4.9652824,0.006927653,0.87701297
real,00030153_004.png,30153,,cardiomegaly_0,-4.7673416,0.008431263,0.8430246
real,00030162_023.png,30162,,cardiomegaly_0,-4.418785,0.011905415,0.738564
real,00030183_004.png,30183,,cardiomegaly_0,-4.890972,0.0074580736,0.8601336
real,00030183_005.png,30183,,cardiomegaly_0,-5.049202,0.006373567,0.87371993
real,00030183_006.png,30183,,cardiomegaly_0,-5.174692,0.005626126,0.87252045
real,00030196_001.png,30196,,cardiomegaly_0,-3.6732159,0.024765754,0.7009802
real,00030196_002.png,30196,,cardiomegaly_0,-3.9072533,0.019699743,0.6673553
real,00030207_000.png,30207,,cardiomegaly_0,3.2189465,0.96154106,0.7629634
real,00030276_000.png,30276,,cardiomegaly_0,-1.7776451,0.14459416,0.27193868
real,00030389_005.png,30389,,cardiomegaly_0,2.4554176,0.92095673,0.5007015
real,00030389_006.png,30389,,cardiomegaly_0,-0.0085430145,0.49786422,0.18566689
real,00030389_007.png,30389,,cardiomegaly_0,1.2350407,0.77469957,0.31592938
real,00030389_008.png,30389,,cardiomegaly_0,4.295418,0.9865524,0.8980009
real,00030389_009.png,30389,,cardiomegaly_0,4.9284782,0.9928145,0.9326016
real,00030389_010.png,30389,,cardiomegaly_0,4.320038,0.9868752,0.9061404
real,00030389_011.png,30389,,cardiomegaly_0,4.9334335,0.9928497,0.94035983
real,00030389_012.png,30389,,cardiomegaly_0,5.8967495,0.99725914,0.97338885
real,00030389_013.png,30389,,cardiomegaly_0,4.0728874,0.983257,0.90281534
real,00030436_000.png,30436,,cardiomegaly_0,-5.7133846,0.0032906153,0.9368571
real,00030490_000.png,30490,,cardiomegaly_0,2.942625,0.9499138,0.59813255
real,00030541_005.png,30541,,cardiomegaly_0,-4.504345,0.010939829,0.8408709
real,00030561_005.png,30561,,cardiomegaly_0,-4.6322517,0.009639004,0.83136034
real,00030561_006.png,30561,,cardiomegaly_0,-4.9365997,0.0071277977,0.85443413
real,00030561_007.png,30561,,cardiomegaly_0,-3.6585045,0.025123565,0.72597873
real,00030561_010.png,30561,,cardiomegaly_0,-4.862108,0.0076748026,0.85287756
real,00030561_011.png,30561,,cardiomegaly_0,-4.9983196,0.006704031,0.8946314
real,00030561_013.png,30561,,cardiomegaly_0,-5.4051323,0.004473359,0.9301949
real,00030561_014.png,30561,,cardiomegaly_0,-5.480686,0.0041491822,0.93718296
real,00030561_017.png,30561,,cardiomegaly_0,-5.224102,0.0053563486,0.9211978
real,00030561_018.png,30561,,cardiomegaly_0,-5.41897,0.004412155,0.9210594
real,00030632_000.png,30632,,cardiomegaly_0,-2.0727024,0.11177845,0.3351942
real,00030650_000.png,30650,,cardiomegaly_0,-4.981085,0.006819781,0.88363886
real,00030650_001.png,30650,,cardiomegaly_0,-4.2776566,0.013685255,0.80768365
real,00030650_002.png,30650,,cardiomegaly_0,-4.93264,0.0071558743,0.8662717
real,00030650_003.png,30650,,cardiomegaly_0,-4.322809,0.01308898,0.8009533
real,00030650_007.png,30650,,cardiomegaly_0,-4.1944046,0.0148557,0.7586136
real,00030650_008.png,30650,,cardiomegaly_0,-3.5386677,0.028231818,0.711246
real,00030650_009.png,30650,,cardiomegaly_0,-3.8563251,0.020707687,0.72736907
real,00030659_000.png,30659,,cardiomegaly_0,-2.7700195,0.05896593,0.37249115
real,00030668_000.png,30668,,cardiomegaly_0,-5.116091,0.0059636524,0.8629895
real,00002793_006.png,2793,,cardiomegaly_0,-5.950369,0.0025981118,0.92431235
real,00014954_000.png,14954,,cardiomegaly_0,-5.8142586,0.0029758106,0.93777007
real,00026982_005.png,26982,,cardiomegaly_0,-5.4461994,0.004294145,0.91995335
real,00014719_000.png,14719,,cardiomegaly_0,-6.079033,0.0022851566,0.9403594
real,00003321_001.png,3321,,cardiomegaly_0,-5.9784317,0.0025263964,0.94733787
real,00001430_001.png,1430,,cardiomegaly_0,1.8488655,0.8639939,0.3819902
real,00012460_000.png,12460,,cardiomegaly_0,-5.7214966,0.003264117,0.9267781
real,00008806_003.png,8806,,cardiomegaly_0,-3.0647411,0.044585306,0.51261663
real,00010931_003.png,10931,,cardiomegaly_0,-5.891531,0.002755132,0.9435029
real,00026815_001.png,26815,,cardiomegaly_0,-5.4078465,0.004461288,0.8531248
real,00028980_001.png,28980,,cardiomegaly_0,-3.9738522,0.01845392,0.75778174
real,00019376_000.png,19376,,cardiomegaly_0,-1.5291424,0.1781192,0.27934057
real,00020318_024.png,20318,,cardiomegaly_0,-4.8876743,0.007482525,0.8671213
real,00004909_001.png,4909,,cardiomegaly_0,-1.35602,0.20488791,0.21908297
real,00000582_000.png,582,,cardiomegaly_0,-5.967972,0.0025528932,0.9339747
real,00006576_000.png,6576,,cardiomegaly_0,-5.815794,0.0029712587,0.94821674
real,00022712_000.png,22712,,cardiomegaly_0,-5.8596516,0.0028441253,0.95005286
real,00018361_000.png,18361,,cardiomegaly_0,-5.7848454,0.0030643668,0.9501464
real,00011380_001.png,11380,,cardiomegaly_0,-5.3442135,0.004753007,0.852425
real,00009306_000.png,9306,,cardiomegaly_0,-5.927723,0.0026574614,0.95402753
real,00029058_000.png,29058,,cardiomegaly_0,-0.9644089,0.27599633,0.23279695
real,00011611_000.png,11611,,cardiomegaly_0,-5.6751575,0.003418403,0.8999966
real,00024476_000.png,24476,,cardiomegaly_0,-5.725567,0.0032509011,0.92578673
real,00012478_000.png,12478,,cardiomegaly_0,-5.800991,0.0030154353,0.9114339
real,00010673_000.png,10673,,cardiomegaly_0,-4.7352276,0.008704025,0.7937635
real,00010933_000.png,10933,,cardiomegaly_0,-5.780775,0.0030768262,0.9438051
real,00007431_000.png,7431,,cardiomegaly_0,-5.0463943,0.006391373,0.83334804
real,00028628_005.png,28628,,cardiomegaly_0,-2.7538948,0.05986707,0.40201518
real,00002736_000.png,2736,,cardiomegaly_0,-0.06788635,0.48303488,0.18978031
real,00026148_002.png,26148,,cardiomegaly_0,-5.982832,0.002515332,0.9599269
real,00021716_004.png,21716,,cardiomegaly_0,-5.0015697,0.006682423,0.7857639
real,00005364_000.png,5364,,cardiomegaly_0,-6.0760117,0.0022920554,0.94786155
real,00008623_002.png,8623,,cardiomegaly_0,-6.140623,0.0021489535,0.95641446
real,00015553_003.png,15553,,cardiomegaly_0,-2.0999317,0.109103456,0.35768268
real,00015552_000.png,15552,,cardiomegaly_0,-4.4551773,0.011484825,0.7327452
real,00004158_000.png,4158,,cardiomegaly_0,-5.7828827,0.0030703682,0.9327258
real,00008802_002.png,8802,,cardiomegaly_0,3.2930336,0.9641891,0.69252276
real,00004699_000.png,4699,,cardiomegaly_0,-5.6926327,0.0033593837,0.9260328
real,00015795_002.png,15795,,cardiomegaly_0,-5.811697,0.0029834204,0.924891
real,00014429_018.png,14429,,cardiomegaly_0,-5.073187,0.006223457,0.8470246
real,00010920_003.png,10920,,cardiomegaly_0,-5.2704544,0.0051149763,0.89704835
real,00006490_001.png,6490,,cardiomegaly_0,-5.527115,0.0039616907,0.91420335
real,00020060_005.png,20060,,cardiomegaly_0,-5.3884315,0.004548352,0.88216203
real,00013970_000.png,13970,,cardiomegaly_0,-4.58918,0.010058976,0.7907773
real,00012352_000.png,12352,,cardiomegaly_0,-0.8676319,0.29574728,0.16289051
real,00001199_006.png,1199,,cardiomegaly_0,-4.949295,0.007038512,0.81731087
real,00019771_000.png,19771,,cardiomegaly_0,-3.8432255,0.02097501,0.6893697
real,00000304_000.png,304,,cardiomegaly_0,-3.9983578,0.01801524,0.7493914
real,00028287_000.png,28287,,cardiomegaly_0,-5.409525,0.0044538397,0.86498326
real,00015000_007.png,15000,,cardiomegaly_0,-5.475683,0.0041699056,0.90620124
real,00018476_000.png,18476,,cardiomegaly_0,-6.2292595,0.0019670338,0.9502765
real,00027035_000.png,27035,,cardiomegaly_0,-5.7840614,0.0030667624,0.9289219
real,00002228_000.png,2228,,cardiomegaly_0,-5.942894,0.002617554,0.9348304
real,00019640_000.png,19640,,cardiomegaly_0,-5.9370594,0.0026328308,0.9373304
real,00010175_000.png,10175,,cardiomegaly_0,-5.714958,0.0032854585,0.9056301
real,00003940_006.png,3940,,cardiomegaly_0,-6.008148,0.0024526066,0.9412275
real,00014387_006.png,14387,,cardiomegaly_0,-4.126747,0.015879065,0.69462705
real,00021375_002.png,21375,,cardiomegaly_0,-6.0801163,0.002282688,0.9580226
real,00001230_006.png,1230,,cardiomegaly_0,-5.6486797,0.003509802,0.88085985
real,00012772_003.png,12772,,cardiomegaly_0,-5.4959793,0.0040864684,0.90372676
real,00026354_001.png,26354,,cardiomegaly_0,-4.9170647,0.0072673867,0.8070323
real,00028962_000.png,28962,,cardiomegaly_0,-5.73048,0.003235019,0.9418751
real,00007876_000.png,7876,,cardiomegaly_0,-6.1306725,0.002170397,0.974323
real,00006921_000.png,6921,,cardiomegaly_0,-5.7581425,0.0031470351,0.90471935
real,00008576_000.png,8576,,cardiomegaly_0,2.3661423,0.91420877,0.4311052
real,00021871_000.png,21871,,cardiomegaly_0,3.840187,0.9789625,0.8156163
real,00019774_008.png,19774,,cardiomegaly_0,-4.5502777,0.010453833,0.7788581
real,00026911_003.png,26911,,cardiomegaly_0,-0.8824272,0.29267505,0.2609136
real,00009761_000.png,9761,,cardiomegaly_0,-3.9042263,0.019758284,0.664964
real,00005511_000.png,5511,,cardiomegaly_0,-5.0820866,0.0061686556,0.87892157
real,00000517_004.png,517,,cardiomegaly_0,-0.5780697,0.35937688,0.15514943
real,00027025_000.png,27025,,cardiomegaly_0,-5.387617,0.004552041,0.8952897
real,00009061_001.png,9061,,cardiomegaly_0,-6.0278263,0.0024049308,0.9600312
real,00006851_029.png,6851,,cardiomegaly_0,-5.2455196,0.0052434434,0.84386957
real,00020193_000.png,20193,,cardiomegaly_0,-5.9452724,0.002611352,0.942324
real,00029105_019.png,29105,,cardiomegaly_0,2.6189919,0.9320739,0.69131285
real,00018284_013.png,18284,,cardiomegaly_0,-3.6298237,0.025835674,0.5916235
real,00016990_001.png,16990,,cardiomegaly_0,-2.4616356,0.07859181,0.43386295
real,00001563_000.png,1563,,cardiomegaly_0,-5.88776,0.0027655119,0.9290864
real,00010465_001.png,10465,,cardiomegaly_0,-5.5629787,0.0038226603,0.9219675
real,00020568_000.png,20568,,cardiomegaly_0,3.9238262,0.9806177,0.7283888
real,00022920_000.png,22920,,cardiomegaly_0,-4.8474503,0.0077872463,0.7848998
real,00016907_000.png,16907,,cardiomegaly_0,-5.486845,0.0041238116,0.8684379
real,00005401_001.png,5401,,cardiomegaly_0,-5.090414,0.0061178124,0.82037157
real,00004734_001.png,4734,,cardiomegaly_0,-0.6274719,0.348084,0.1561315
real,00002793_001.png,2793,,cardiomegaly_0,-5.7463512,0.0031842433,0.9231166
real,00030153_002.png,30153,,cardiomegaly_0,-5.7070904,0.003311324,0.9537437
real,00023937_000.png,23937,,cardiomegaly_0,-5.632807,0.0035657568,0.93428594
real,00029879_001.png,29879,,cardiomegaly_0,-2.7121582,0.06225973,0.41505125
real,00009907_001.png,9907,,cardiomegaly_0,-2.0166836,0.117462344,0.2667183
real,00007088_000.png,7088,,cardiomegaly_0,-5.5890293,0.0037247296,0.9203158
real,00017618_001.png,17618,,cardiomegaly_0,-5.537113,0.003922432,0.9070029
real,00026342_000.png,26342,,cardiomegaly_0,-5.689081,0.0033712953,0.93476295
real,00006936_006.png,6936,,cardiomegaly_0,-5.798094,0.0030241578,0.9244164
real,00019503_000.png,19503,,cardiomegaly_0,-5.9610176,0.0025706626,0.93644464
real,00021239_001.png,21239,,cardiomegaly_0,-6.1691036,0.0020887395,0.9548988
real,00015762_000.png,15762,,cardiomegaly_0,-6.1537304,0.0021210297,0.96386224
real,00012129_000.png,12129,,cardiomegaly_0,-5.991844,0.0024928215,0.9492102
real,00007589_000.png,7589,,cardiomegaly_0,-6.242201,0.001941791,0.966189
real,00011310_000.png,11310,,cardiomegaly_0,-5.2502155,0.0052190064,0.89204067
real,00011029_001.png,11029,,cardiomegaly_0,-6.1724663,0.002081742,0.95360875
real,00017824_000.png,17824,,cardiomegaly_0,-5.7241783,0.0032554036,0.9023734
real,00003013_002.png,3013,,cardiomegaly_0,-5.6943398,0.0033536733,0.9165699
real,00013541_000.png,13541,,cardiomegaly_0,-4.609041,0.009863114,0.80176204
real,00010905_017.png,10905,,cardiomegaly_0,-5.404564,0.004475891,0.88903564
real,00012784_000.png,12784,,cardiomegaly_0,-5.7224865,0.003260898,0.93126506
real,00023943_000.png,23943,,cardiomegaly_0,-6.297455,0.0018376015,0.9676867
real,00001470_001.png,1470,,cardiomegaly_0,-1.8722591,0.13328053,0.32189876
real,00016417_005.png,16417,,cardiomegaly_0,-4.2156696,0.014547674,0.63121265
real,00017014_000.png,17014,,cardiomegaly_0,-6.2700043,0.0018886469,0.9642749
real,00001223_001.png,1223,,cardiomegaly_0,1.7934303,0.85734737,0.30117822
real,00022677_003.png,22677,,cardiomegaly_0,-0.44602776,0.39030564,0.11641279
real,00026292_004.png,26292,,cardiomegaly_0,0.9772568,0.7265636,0.17174953
real,00007113_000.png,7113,,cardiomegaly_0,-4.2616806,0.013902582,0.80667806
real,00021976_001.png,21976,,cardiomegaly_0,-5.9522896,0.0025931392,0.9454006
real,00017729_006.png,17729,,cardiomegaly_0,-5.8957825,0.0027434756,0.94104683
real,00015149_000.png,15149,,cardiomegaly_0,-3.903799,0.019766562,0.6135997
real,00029340_001.png,29340,,cardiomegaly_0,-5.635189,0.003557303,0.930966
real,00011985_000.png,11985,,cardiomegaly_0,-4.6261406,0.009697516,0.7952948
real,00025037_000.png,25037,,cardiomegaly_0,-5.910923,0.002702362,0.95326793
real,00009757_000.png,9757,,cardiomegaly_0,-1.7792816,0.14439186,0.25340408
real,00001995_000.png,1995,,cardiomegaly_0,-5.96241,0.002567095,0.93154985
real,00014560_000.png,14560,,cardiomegaly_0,-5.820631,0.0029569636,0.94151384
real,00025738_000.png,25738,,cardiomegaly_0,-5.773802,0.0030982902,0.93267554
real,00024116_002.png,24116,,cardiomegaly_0,0.0739975,0.51849097,0.14787422
real,00012537_000.png,12537,,cardiomegaly_0,-5.752901,0.0031635212,0.9240544
real,00006005_000.png,6005,,cardiomegaly_0,-4.038763,0.01731419,0.6686116
real,00023422_000.png,23422,,cardiomegaly_0,-5.6965885,0.0033461654,0.94438136
real,00014662_001.png,14662,,cardiomegaly_0,-5.6939983,0.0033548146,0.9224961
real,00015783_000.png,15783,,cardiomegaly_0,-1.7366695,0.14973645,0.32578236
real,00025058_000.png,25058,,cardiomegaly_0,-5.7810097,0.0030761068,0.94677997
real,00008142_005.png,8142,,cardiomegaly_0,-6.036728,0.002383669,0.95645756
real,00016219_000.png,16219,,cardiomegaly_0,-5.734598,0.0032217677,0.9324028
real,00020699_003.png,20699,,cardiomegaly_0,2.0729332,0.88824445,0.34700868
real,00020139_000.png,20139,,cardiomegaly_0,-5.877836,0.0027930164,0.9346046
real,00011237_004.png,11237,,cardiomegaly_0,-1.9817085,0.12113683,0.3675323
real,00004466_000.png,4466,,cardiomegaly_0,-5.8332195,0.0029200811,0.944696
real,00003785_001.png,3785,,cardiomegaly_0,-2.6553402,0.06566063,0.5066601
real,00022033_000.png,22033,,cardiomegaly_0,-5.9876423,0.0025032917,0.9225156
real,00016341_001.png,16341,,cardiomegaly_0,-5.640646,0.003538012,0.93254155
real,00009498_000.png,9498,,cardiomegaly_0,-5.764433,0.0031273628,0.92606306
real,00003105_000.png,3105,,cardiomegaly_0,-6.0105534,0.0024467292,0.96077824
real,00020912_001.png,20912,,cardiomegaly_0,-6.2460213,0.0019344009,0.96461797
real,00026599_001.png,26599,,cardiomegaly_0,-5.5813236,0.003753434,0.9073568
real,00007379_000.png,7379,,cardiomegaly_0,-6.118881,0.0021960835,0.95052516
real,00010920_006.png,10920,,cardiomegaly_0,-4.0863934,0.016522149,0.7463022
real,00004562_000.png,4562,,cardiomegaly_0,-5.6813602,0.0033973372,0.93616223
real,00023219_000.png,23219,,cardiomegaly_0,-5.7027264,0.0033257578,0.91484076
real,00003640_001.png,3640,,cardiomegaly_0,-5.842497,0.0028931939,0.9482978
real,00001170_003.png,1170,,cardiomegaly_0,3.5390453,0.9717785,0.84668463
real,00001203_017.png,1203,,cardiomegaly_0,-5.7738876,0.003098025,0.9178318
real,00008185_001.png,8185,,cardiomegaly_0,-3.5569153,0.027735487,0.590389
real,00022389_000.png,22389,,cardiomegaly_0,-5.987032,0.002504816,0.9404962
real,00021424_000.png,21424,,cardiomegaly_0,-4.618496,0.009771207,0.75142896
real,00030332_000.png,30332,,cardiomegaly_0,-6.09676,0.002245095,0.95655805
real,00002225_002.png,2225,,cardiomegaly_0,2.4308815,0.919152,0.39573234
real,00001803_013.png,1803,,cardiomegaly_0,1.8027477,0.8584831,0.25832433
real,00023043_000.png,23043,,cardiomegaly_0,-2.406477,0.08268013,0.5205923
real,00005530_001.png,5530,,cardiomegaly_0,-1.4122467,0.19587992,0.243205
real,00030650_004.png,30650,,cardiomegaly_0,-3.948244,0.018923534,0.69159365
real,00026736_000.png,26736,,cardiomegaly_0,-5.4991856,0.00407344,0.89997685
real,00011491_000.png,11491,,cardiomegaly_0,-5.072386,0.0062284134,0.88073736
real,00000705_002.png,705,,cardiomegaly_0,-5.2262077,0.0053451415,0.82129973
real,00016509_001.png,16509,,cardiomegaly_0,-6.1021843,0.0022329765,0.9500301
real,00003320_002.png,3320,,cardiomegaly_0,-5.5326805,0.0039397893,0.90628934
real,00006030_000.png,6030,,cardiomegaly_0,-5.8390884,0.0029030433,0.9372546
real,00012304_009.png,12304,,cardiomegaly_0,-4.8292675,0.007929002,0.810587
real,00010445_001.png,10445,,cardiomegaly_0,-5.982544,0.0025160548,0.9557332
real,00030196_003.png,30196,,cardiomegaly_0,-3.3588924,0.033605173,0.5389417
real,00007258_004.png,7258,,cardiomegaly_0,-5.39909,0.0045003486,0.89750874
real,00020292_000.png,20292,,cardiomegaly_0,-6.1179333,0.0021981618,0.9549155
real,00007389_001.png,7389,,cardiomegaly_0,0.5259361,0.6285348,0.22153887
real,00005401_003.png,5401,,cardiomegaly_0,-5.9961777,0.002482069,0.94906956
real,00024497_000.png,24497,,cardiomegaly_0,-5.8807487,0.0027849162,0.95377
real,00021409_007.png,21409,,cardiomegaly_0,4.0342083,0.98260814,0.8836604
real,00022159_000.png,22159,,cardiomegaly_0,-5.984289,0.0025116785,0.9681499
real,00002837_000.png,2837,,cardiomegaly_0,-4.137518,0.015711626,0.6402455
real,00014939_000.png,14939,,cardiomegaly_0,-5.4365196,0.004335732,0.86607033
real,00002114_000.png,2114,,cardiomegaly_0,-5.8447247,0.002886774,0.9270461
real,00024641_000.png,24641,,cardiomegaly_0,-5.6310863,0.0035718752,0.89966154
real,00028148_003.png,28148,,cardiomegaly_0,-2.4842987,0.076966256,0.42565265
real,00025230_000.png,25230,,cardiomegaly_0,-5.81563,0.0029717444,0.93981034
real,00002793_003.png,2793,,cardiomegaly_0,-5.051178,0.006361065,0.8338133
real,00019640_003.png,19640,,cardiomegaly_0,-5.86335,0.0028336556,0.93738216
real,00005347_000.png,5347,,cardiomegaly_0,-6.1993675,0.0020265991,0.9609578
real,00024875_000.png,24875,,cardiomegaly_0,-6.0953903,0.0022481647,0.9539886
real,00017754_000.png,17754,,cardiomegaly_0,-3.7624626,0.022699248,0.56235176
real,00019868_002.png,19868,,cardiomegaly_0,-5.4072227,0.004464059,0.8838099
real,00025020_000.png,25020,,cardiomegaly_0,-5.757368,0.0031494654,0.92217165
real,00002736_001.png,2736,,cardiomegaly_0,0.6897335,0.6659077,0.20894861
real,00017592_000.png,17592,,cardiomegaly_0,-5.7747517,0.0030953577,0.92608726
real,00023012_004.png,23012,,cardiomegaly_0,-5.8196545,0.0029598442,0.9586983
real,00010152_001.png,10152,,cardiomegaly_0,-3.3150444,0.035058666,0.44772783
real,00002685_001.png,2685,,cardiomegaly_0,-5.637623,0.0035486866,0.93305117
real,00027847_002.png,27847,,cardiomegaly_0,1.7126808,0.8471837,0.34271058
real,00026957_000.png,26957,,cardiomegaly_0,-4.372776,0.012458984,0.7139534
real,00014695_002.png,14695,,cardiomegaly_0,4.9104805,0.99268496,0.9459896
real,00029105_028.png,29105,,cardiomegaly_0,-5.3024445,0.0049547357,0.8898372
real,00008335_000.png,8335,,cardiomegaly_0,-6.1486454,0.0021318193,0.9514034
real,00000246_018.png,246,,cardiomegaly_0,-5.330677,0.004817471,0.8495925
real,00015177_000.png,15177,,cardiomegaly_0,-5.5979843,0.003691646,0.9137736
real,00002831_000.png,2831,,cardiomegaly_0,-5.7840443,0.003066815,0.91978866
real,00024326_000.png,24326,,cardiomegaly_0,-5.993044,0.00248984,0.96269524
real,00005053_001.png,5053,,cardiomegaly_0,-5.5660496,0.003810984,0.91026455
real,00003804_012.png,3804,,cardiomegaly_0,-6.0340023,0.002390159,0.9513257
real,00021970_005.png,21970,,cardiomegaly_0,-6.0134144,0.0024397564,0.9659982
real,00016484_027.png,16484,,cardiomegaly_0,6.3596935,0.99827313,0.9629398
real,00010892_000.png,10892,,cardiomegaly_0,-4.9876842,0.006775226,0.8603377
real,00014145_000.png,14145,,cardiomegaly_0,-5.2225685,0.0053645247,0.89977354
real,00027625_000.png,27625,,cardiomegaly_0,-5.511923,0.004022092,0.88490975
real,00025215_000.png,25215,,cardiomegaly_0,-3.4281006,0.031428702,0.55443585
real,00002355_005.png,2355,,cardiomegaly_0,-4.82119,0.007992795,0.8359527
real,00011932_006.png,11932,,cardiomegaly_0,-5.9961624,0.0024821067,0.9372251
real,00014087_000.png,14087,,cardiomegaly_0,-5.83288,0.0029210697,0.9407209
real,00004899_000.png,4899,,cardiomegaly_0,-5.4244843,0.0043879994,0.8599235
real,00001775_003.png,1775,,cardiomegaly_0,-2.208065,0.09902858,0.2767928
real,00028598_000.png,28598,,cardiomegaly_0,-3.2248,0.03824304,0.6176973
real,00019815_000.png,19815,,cardiomegaly_0,-5.5281086,0.003957771,0.9157675
real,00024789_001.png,24789,,cardiomegaly_0,-5.784979,0.0030639588,0.91273516
real,00005002_000.png,5002,,cardiomegaly_0,3.0304718,0.95393187,0.57454205
real,00003013_003.png,3013,,cardiomegaly_0,-5.5501366,0.0038718765,0.9128097
real,00025438_000.png,25438,,cardiomegaly_0,-5.724146,0.003255509,0.92594206
real,00029382_000.png,29382,,cardiomegaly_0,-5.850889,0.002869084,0.94998735
real,00015313_013.png,15313,,cardiomegaly_0,-3.7557297,0.022849094,0.5516441
real,00024474_000.png,24474,,cardiomegaly_0,-5.8446617,0.0028869554,0.9407418
real,00006694_001.png,6694,,cardiomegaly_0,-5.7931747,0.0030390255,0.9344024
real,00003576_000.png,3576,,cardiomegaly_0,-6.089121,0.0022622717,0.9549124
real,00013288_001.png,13288,,cardiomegaly_0,-1.298296,0.21445195,0.1808012
real,00001727_000.png,1727,,cardiomegaly_0,-1.4707203,0.18683316,0.24048406
real,00018844_000.png,18844,,cardiomegaly_0,3.9271622,0.9806811,0.8497782
real,00013162_000.png,13162,,cardiomegaly_0,-5.8717422,0.002810041,0.9066837
real,00018345_000.png,18345,,cardiomegaly_0,-5.2227516,0.0053635477,0.8484852
real,00020341_000.png,20341,,cardiomegaly_0,-5.892624,0.002752131,0.9388272
real,00003804_000.png,3804,,cardiomegaly_0,-5.8009224,0.0030156418,0.93087924
real,00014809_010.png,14809,,cardiomegaly_0,-5.6862984,0.0033806586,0.9282528
real,00029487_001.png,29487,,cardiomegaly_0,-5.9754715,0.002533867,0.9378536
real,00029211_000.png,29211,,cardiomegaly_0,-5.630289,0.0035747138,0.9178187
real,00004435_004.png,4435,,cardiomegaly_0,-5.484022,0.004135421,0.8995093
real,00008142_001.png,8142,,cardiomegaly_0,-5.9265423,0.0026605923,0.9458577
real,00003499_004.png,3499,,cardiomegaly_0,-0.44005966,0.3917268,0.14545205
real,00019163_000.png,19163,,cardiomegaly_0,-5.7458534,0.003185824,0.91720045
real,00010120_020.png,10120,,cardiomegaly_0,-5.743351,0.0031937808,0.91917497
real,00002402_000.png,2402,,cardiomegaly_0,-2.2955494,0.09149222,0.38995203
real,00029025_004.png,29025,,cardiomegaly_0,-5.6342163,0.0035607526,0.9236308
real,00011598_020.png,11598,,cardiomegaly_0,-4.843893,0.007814779,0.78635633
real,00012855_000.png,12855,,cardiomegaly_0,3.5728855,0.97269195,0.69580865
real,00030389_014.png,30389,,cardiomegaly_0,3.703905,0.9759647,0.80687606
real,00024171_000.png,24171,,cardiomegaly_0,-5.700268,0.0033339176,0.9152051
real,00007851_004.png,7851,,cardiomegaly_0,-6.4120674,0.0016389366,0.9693489
real,00011932_005.png,11932,,cardiomegaly_0,-5.386858,0.004555482,0.86798775
real,00027422_000.png,27422,,cardiomegaly_0,-5.8221016,0.0029526309,0.93220335
real,00013397_000.png,13397,,cardiomegaly_0,-5.816759,0.002968401,0.9222707
real,00000318_009.png,318,,cardiomegaly_0,-5.709469,0.0033034836,0.91455597
real,00025924_005.png,25924,,cardiomegaly_0,-5.7413635,0.003200114,0.9491119
real,00001507_002.png,1507,,cardiomegaly_0,-5.3149643,0.004893391,0.8951418
real,00007851_001.png,7851,,cardiomegaly_0,-6.0375996,0.0023815972,0.97141945
real,00026354_000.png,26354,,cardiomegaly_0,-2.5500622,0.0724223,0.44678918
real,00018642_001.png,18642,,cardiomegaly_0,-5.4482594,0.0042853463,0.9094623
real,00016245_000.png,16245,,cardiomegaly_0,-6.2329025,0.001959895,0.9695755
real,00007340_004.png,7340,,cardiomegaly_0,-5.5228996,0.0039783586,0.9124624
real,00000273_009.png,273,,cardiomegaly_0,-4.520647,0.010764837,0.6941164
real,00017778_000.png,17778,,cardiomegaly_0,4.7571716,0.9914833,0.92844933
real,00023339_000.png,23339,,cardiomegaly_0,-3.415184,0.03182428,0.53659725
real,00006981_017.png,6981,,cardiomegaly_0,-5.7923164,0.003041627,0.9154215
real,00017013_001.png,17013,,cardiomegaly_0,-5.9242897,0.0026665765,0.9539823
real,00019574_000.png,19574,,cardiomegaly_0,-2.3222065,0.089300446,0.3969001
real,00029200_001.png,29200,,cardiomegaly_0,-5.0336304,0.0064729434,0.8491434
real,00012772_006.png,12772,,cardiomegaly_0,-6.0174065,0.0024300595,0.9473758
real,00020624_013.png,20624,,cardiomegaly_0,-5.559244,0.003836908,0.91736484
real,00020060_004.png,20060,,cardiomegaly_0,-4.7168636,0.008863912,0.7970042
real,00017747_018.png,17747,,cardiomegaly_0,-1.3660336,0.20326145,0.25418094
real,00000318_007.png,318,,cardiomegaly_0,-5.9010944,0.0027289805,0.938716
real,00017930_002.png,17930,,cardiomegaly_0,-0.8752403,0.29416507,0.14076595
real,00021023_024.png,21023,,cardiomegaly_0,-5.7797356,0.0030800162,0.91182995
real,00011929_000.png,11929,,cardiomegaly_0,-5.517967,0.0039979513,0.90845555
real,00015142_000.png,15142,,cardiomegaly_0,2.2676182,0.90615946,0.42033353
real,00001222_007.png,1222,,cardiomegaly_0,-5.5895557,0.0037227764,0.89953494
real,00007159_000.png,7159,,cardiomegaly_0,-5.0623436,0.00629088,0.84421116
real,00012669_000.png,12669,,cardiomegaly_0,-5.8883076,0.0027640027,0.9308188
real,00027427_005.png,27427,,cardiomegaly_0,-4.0975285,0.016342182,0.66815734
real,00016484_003.png,16484,,cardiomegaly_0,5.4125767,0.9955597,0.9408113
real,00001336_000.png,1336,,cardiomegaly_0,-5.9339485,0.0026410122,0.9572872
real,00028358_000.png,28358,,cardiomegaly_0,3.9725857,0.9815231,0.8114524
real,00010015_000.png,10015,,cardiomegaly_0,-5.7068005,0.0033122809,0.924015
real,00006002_000.png,6002,,cardiomegaly_0,-2.845478,0.054915536,0.52815795
real,00000246_000.png,246,,cardiomegaly_0,-5.494238,0.004093562,0.9142507
real,00013098_000.png,13098,,cardiomegaly_0,-5.8976727,0.002738309,0.91457844
real,00018869_000.png,18869,,cardiomegaly_0,-5.8725758,0.0028077061,0.9312193
real,00025696_002.png,25696,,cardiomegaly_0,4.809347,0.9919127,0.9633014
real,00001977_000.png,1977,,cardiomegaly_0,-5.542982,0.003899569,0.8865428
real,00014335_000.png,14335,,cardiomegaly_0,-5.666191,0.0034490856,0.9226066
real,00025924_001.png,25924,,cardiomegaly_0,-4.517601,0.010797323,0.7733446
real,00026180_000.png,26180,,cardiomegaly_0,-5.4667034,0.004207361,0.8911976
real,00022312_001.png,22312,,cardiomegaly_0,-5.4326954,0.0043522725,0.8951197
real,00005768_005.png,5768,,cardiomegaly_0,-5.565647,0.0038125122,0.89945287
real,00019260_003.png,19260,,cardiomegaly_0,-5.480444,0.0041501834,0.9171653
real,00003548_002.png,3548,,cardiomegaly_0,-4.681566,0.009179449,0.7739558
real,00010695_018.png,10695,,cardiomegaly_0,-5.6003532,0.0036829435,0.9212257
real,00029428_000.png,29428,,cardiomegaly_0,-5.717314,0.0032777537,0.93447435
real,00026292_006.png,26292,,cardiomegaly_0,-5.0816936,0.006171065,0.8368023
real,00004580_000.png,4580,,cardiomegaly_0,-6.10837,0.0022192376,0.9683942
real,00019554_000.png,19554,,cardiomegaly_0,-6.1595936,0.002108656,0.9485056
real,00011139_001.png,11139,,cardiomegaly_0,-0.05673027,0.48582122,0.10893766
real,00014126_000.png,14126,,cardiomegaly_0,-5.759327,0.0031433217,0.94231814
real,00009815_004.png,9815,,cardiomegaly_0,-5.475212,0.0041718623,0.9017964
real,00017747_060.png,17747,,cardiomegaly_0,-4.504631,0.010936734,0.8011074
real,00003464_001.png,3464,,cardiomegaly_0,-5.953493,0.002590028,0.9343351
real,00024003_000.png,24003,,cardiomegaly_0,-4.432377,0.011746582,0.64923507
real,00014171_001.png,14171,,cardiomegaly_0,-4.529188,0.010674262,0.7659893
real,00021983_000.png,21983,,cardiomegaly_0,-5.699747,0.0033356478,0.89425606
real,00006566_000.png,6566,,cardiomegaly_0,-1.9031563,0.12975165,0.31654164
real,00021562_001.png,21562,,cardiomegaly_0,-3.8826294,0.020180939,0.68177986
real,00016698_001.png,16698,,cardiomegaly_0,-6.0449524,0.002364191,0.95117104
real,00017747_021.png,17747,,cardiomegaly_0,-1.7534885,0.14760771,0.3088396
real,00020458_003.png,20458,,cardiomegaly_0,-2.6936512,0.06334902,0.37629682
real,00026833_000.png,26833,,cardiomegaly_0,-5.1112213,0.005992588,0.86223596
real,00002962_000.png,2962,,cardiomegaly_0,-5.969158,0.002549874,0.9551131
real,00016865_000.png,16865,,cardiomegaly_0,-6.093399,0.002252636,0.9451754
real,00008157_000.png,8157,,cardiomegaly_0,-2.3374157,0.08807126,0.41721433
real,00005063_000.png,5063,,cardiomegaly_0,-6.0501537,0.0023519548,0.95520777
real,00007424_001.png,7424,,cardiomegaly_0,-5.9937286,0.00248814,0.9376695
real,00010964_000.png,10964,,cardiomegaly_0,-5.71904,0.0032721192,0.9431722
real,00023372_000.png,23372,,cardiomegaly_0,-4.9032764,0.007367541,0.86819994
real,00024386_000.png,24386,,cardiomegaly_0,-5.626728,0.00358742,0.9258579
real,00010481_033.png,10481,,cardiomegaly_0,-4.997967,0.006706381,0.8274532
real,00001222_003.png,1222,,cardiomegaly_0,-6.088537,0.0022635898,0.95345944
real,00001104_006.png,1104,,cardiomegaly_0,-4.804178,0.0081288135,0.7952187
real,00016568_006.png,16568,,cardiomegaly_0,-4.8672256,0.0076359278,0.8216638
real,00017835_011.png,17835,,cardiomegaly_0,-2.108366,0.10828634,0.28339067
real,00006527_000.png,6527,,cardiomegaly_0,-6.246834,0.0019328329,0.96554244
real,00001136_002.png,1136,,cardiomegaly_0,-4.9620953,0.0069496147,0.85235095
real,00028457_000.png,28457,,cardiomegaly_0,-1.9243622,0.12737592,0.32425344
real,00009378_006.png,9378,,cardiomegaly_0,-5.999714,0.002473329,0.9427558
real,00021976_000.png,21976,,cardiomegaly_0,-5.214012,0.005410373,0.8306733
real,00029569_000.png,29569,,cardiomegaly_0,-5.1944733,0.0055165365,0.9020277
real,00007082_000.png,7082,,cardiomegaly_0,-3.5968704,0.026678137,0.55272275
real,00015795_000.png,15795,,cardiomegaly_0,-5.11944,0.0059438297,0.85044765
real,00018616_000.png,18616,,cardiomegaly_0,-1.1748047,0.2359876,0.2586782
real,00019345_000.png,19345,,cardiomegaly_0,-4.8300133,0.007923137,0.74563783
real,00007389_002.png,7389,,cardiomegaly_0,1.6723232,0.8418853,0.41110215
real,00017836_001.png,17836,,cardiomegaly_0,-3.14637,0.041234553,0.39190736
real,00023372_003.png,23372,,cardiomegaly_0,-5.277294,0.005080288,0.90277207
real,00009090_001.png,9090,,cardiomegaly_0,-4.1726704,0.015177156,0.74970347
real,00001222_000.png,1222,,cardiomegaly_0,-6.1047153,0.0022273446,0.95272213
real,00030690_000.png,30690,,cardiomegaly_0,-6.030796,0.0023978164,0.9585379
real,00025054_000.png,25054,,cardiomegaly_0,-6.1269054,0.0021785705,0.9529219
real,00007153_000.png,7153,,cardiomegaly_0,-4.805977,0.008114325,0.8217798
real,00012913_001.png,12913,,cardiomegaly_0,-5.9094753,0.0027062662,0.93508595
real,00022266_000.png,22266,,cardiomegaly_0,-5.739002,0.0032076552,0.9358323
real,00027857_001.png,27857,,cardiomegaly_0,-6.032795,0.0023930396,0.9464137
real,00012178_004.png,12178,,cardiomegaly_0,-4.72517,0.008791233,0.7689699
real,00029847_000.png,29847,,cardiomegaly_0,-5.5823174,0.0037497198,0.93910325
real,00006040_000.png,6040,,cardiomegaly_0,-5.5728397,0.0037852924,0.89044935
real,00020359_000.png,20359,,cardiomegaly_0,-5.9912186,0.0024943775,0.95771194
real,00008802_004.png,8802,,cardiomegaly_0,5.5969315,0.9963045,0.9592516
real,00030783_000.png,30783,,cardiomegaly_0,-5.305174,0.0049412968,0.87126637
real,00001733_002.png,1733,,cardiomegaly_0,-5.759638,0.0031423473,0.9235136
real,00026105_000.png,26105,,cardiomegaly_0,-5.932804,0.0026440283,0.93684876
real,00022135_010.png,22135,,cardiomegaly_0,-5.973652,0.0025384703,0.956282
real,00029487_000.png,29487,,cardiomegaly_0,-5.488039,0.004118911,0.88469493
real,00016975_007.png,16975,,cardiomegaly_0,-5.51729,0.0040006484,0.92563665
real,00001122_001.png,1122,,cardiomegaly_0,4.960287,0.9930379,0.907045
real,00017465_001.png,17465,,cardiomegaly_0,-5.9559345,0.0025837289,0.94010824
real,00021710_000.png,21710,,cardiomegaly_0,-5.763052,0.0031316709,0.9188881
real,00015347_000.png,15347,,cardiomegaly_0,-1.0353413,0.26204988,0.19404465
real,00013408_015.png,13408,,cardiomegaly_0,-3.7128124,0.023827186,0.65000653
real,00000705_001.png,705,,cardiomegaly_0,-5.5814877,0.003752821,0.8491606
real,00014809_020.png,14809,,cardiomegaly_0,-6.0553017,0.0023399063,0.94711906
real,00008013_004.png,8013,,cardiomegaly_0,-3.428503,0.031416453,0.56969094
real,00023156_007.png,23156,,cardiomegaly_0,1.1608734,0.76149136,0.37982154
real,00029885_000.png,29885,,cardiomegaly_0,-5.957508,0.002579677,0.95109546
real,00013723_001.png,13723,,cardiomegaly_0,-5.8186016,0.0029629527,0.9351509
real,00004493_000.png,4493,,cardiomegaly_0,-2.8218098,0.05615693,0.53854734
real,00007616_002.png,7616,,cardiomegaly_0,-1.9086208,0.12913588,0.27369416
real,00018008_000.png,18008,,cardiomegaly_0,-5.778845,0.0030827527,0.90757865
real,00024125_000.png,24125,,cardiomegaly_0,1.8148003,0.85994107,0.2789319
real,00012304_003.png,12304,,cardiomegaly_0,-4.530262,0.010662928,0.6785813
real,00004057_000.png,4057,,cardiomegaly_0,-5.931101,0.0026485235,0.91621643
real,00013625_018.png,13625,,cardiomegaly_0,-3.472662,0.030100169,0.67815214
real,00021475_000.png,21475,,cardiomegaly_0,-5.7569466,0.0031507888,0.91714334
real,00020060_002.png,20060,,cardiomegaly_0,-3.6038055,0.02649865,0.5173052
real,00015009_004.png,15009,,cardiomegaly_0,-5.1261425,0.005904359,0.8441417
real,00003439_006.png,3439,,cardiomegaly_0,-5.9721622,0.0025422447,0.94981956
real,00012585_007.png,12585,,cardiomegaly_0,-5.2793255,0.0050700307,0.87533766
real,00005768_008.png,5768,,cardiomegaly_0,-5.7705517,0.0031083452,0.91158175
real,00028027_005.png,28027,,cardiomegaly_0,-4.5630226,0.010322812,0.81373084
real,00019911_001.png,19911,,cardiomegaly_0,-6.098013,0.0022422897,0.94773203
real,00029678_000.png,29678,,cardiomegaly_0,-3.0727139,0.044246916,0.5292187
real,00002825_003.png,2825,,cardiomegaly_0,-6.0151443,0.0024355494,0.93851876
real,00002383_001.png,2383,,cardiomegaly_0,4.2703495,0.9862157,0.88770163
real,00003570_003.png,3570,,cardiomegaly_0,-6.0077724,0.0024535262,0.93831974
real,00012975_006.png,12975,,cardiomegaly_0,-3.402008,0.032232765,0.57437146
real,00002816_001.png,2816,,cardiomegaly_0,-6.0555477,0.0023393324,0.9553772
real,00007325_000.png,7325,,cardiomegaly_0,-1.5852089,0.17005903,0.38647342
real,00013372_001.png,13372,,cardiomegaly_0,-4.844076,0.00781336,0.75736433
real,00006574_000.png,6574,,cardiomegaly_0,-5.7857685,0.0030615474,0.93885964
real,00014295_001.png,14295,,cardiomegaly_0,-5.905287,0.0027175946,0.93154275
real,00006024_011.png,6024,,cardiomegaly_0,-5.900202,0.0027314108,0.955846
real,00013489_000.png,13489,,cardiomegaly_0,-5.70216,0.0033276363,0.90389043
real,00029870_000.png,29870,,cardiomegaly_0,-5.4742985,0.0041756597,0.89835846
real,00023506_000.png,23506,,cardiomegaly_0,-6.075279,0.0022937309,0.9649803
real,00000865_008.png,865,,cardiomegaly_0,-5.5710697,0.003791973,0.890607
real,00000877_033.png,877,,cardiomegaly_0,-6.1517467,0.002125232,0.9662962
real,00011726_000.png,11726,,cardiomegaly_0,-4.8521423,0.007751076,0.8442586
real,00017785_000.png,17785,,cardiomegaly_0,-5.366535,0.0046485746,0.7993331
real,00027829_000.png,27829,,cardiomegaly_0,-5.8909683,0.0027566785,0.92256993
real,00000023_000.png,23,,cardiomegaly_0,-5.0026836,0.0066750334,0.85476226
real,00026299_000.png,26299,,cardiomegaly_0,-4.508318,0.010896926,0.7563749
real,00019963_000.png,19963,,cardiomegaly_0,-5.669319,0.0034383505,0.92285097
real,00005579_001.png,5579,,cardiomegaly_0,-4.688286,0.009118534,0.8286636
real,00015338_011.png,15338,,cardiomegaly_0,-3.5436802,0.028094625,0.56599647
real,00009090_003.png,9090,,cardiomegaly_0,-0.6290016,0.34773695,0.14313783
real,00010042_004.png,10042,,cardiomegaly_0,-5.6341457,0.003561003,0.9495114
real,00025527_001.png,25527,,cardiomegaly_0,-5.06386,0.0062814075,0.8293081
real,00022827_000.png,22827,,cardiomegaly_0,-5.8587246,0.0028467553,0.9509417
real,00021305_000.png,21305,,cardiomegaly_0,-5.884342,0.0027749543,0.94195396
real,00004018_000.png,4018,,cardiomegaly_0,-6.1369514,0.0021568409,0.9585171
real,00014922_000.png,14922,,cardiomegaly_0,-6.010542,0.0024467574,0.9498724
real,00002566_000.png,2566,,cardiomegaly_0,-2.859541,0.054190222,0.47398415
real,00008136_000.png,8136,,cardiomegaly_0,-5.733263,0.0032260583,0.9286878
real,00008929_000.png,8929,,cardiomegaly_0,-1.7870178,0.14343873,0.3651833
real,00000949_009.png,949,,cardiomegaly_0,-5.9023495,0.0027255672,0.9207937
real,00028533_000.png,28533,,cardiomegaly_0,-5.35907,0.0046832445,0.87238306
real,00001170_044.png,1170,,cardiomegaly_0,-4.637995,0.009584335,0.7916961
real,00010905_011.png,10905,,cardiomegaly_0,-5.5043316,0.004052617,0.91760033
real,00000169_001.png,169,,cardiomegaly_0,-5.6226864,0.0036018963,0.92803466
real,00000318_000.png,318,,cardiomegaly_0,-5.9516163,0.0025948812,0.9551847
real,00022334_000.png,22334,,cardiomegaly_0,-5.743578,0.0031930583,0.92421144
real,00016195_000.png,16195,,cardiomegaly_0,4.1139793,0.98392016,0.72570884
real,00008698_000.png,8698,,cardiomegaly_0,5.8721867,0.99719125,0.94734716
real,00015313_012.png,15313,,cardiomegaly_0,-5.893448,0.0027498703,0.93424565
real,00026815_003.png,26815,,cardiomegaly_0,-5.799158,0.0030209508,0.92097145
real,00008386_001.png,8386,,cardiomegaly_0,-5.945778,0.0026100357,0.9610894
real,00028766_004.png,28766,,cardiomegaly_0,-2.6121998,0.06835738,0.41957894
real,00006674_001.png,6674,,cardiomegaly_0,-5.7355137,0.0032188285,0.9225688
real,00014719_002.png,14719,,cardiomegaly_0,-5.6459656,0.0035193074,0.8940623
real,00003174_013.png,3174,,cardiomegaly_0,-6.1824207,0.002061165,0.9598727
real,00005347_001.png,5347,,cardiomegaly_0,-5.627136,0.0035859614,0.91576123
real,00024931_000.png,24931,,cardiomegaly_0,-5.736538,0.0032155442,0.91544527
real,00010120_000.png,10120,,cardiomegaly_0,-5.7629833,0.003131885,0.9221104
real,00012653_001.png,12653,,cardiomegaly_0,-4.759451,0.008497488,0.8188039
real,00015840_000.png,15840,,cardiomegaly_0,-5.682947,0.003391968,0.92189974
real,00010713_001.png,10713,,cardiomegaly_0,-3.368353,0.03329929,0.41922233
real,00021344_000.png,21344,,cardiomegaly_0,-2.7071018,0.062555596,0.4394651
real,00002073_001.png,2073,,cardiomegaly_0,-4.0382996,0.017322078,0.6748408
real,00026111_001.png,26111,,cardiomegaly_0,-5.37747,0.0045982525,0.8793311
real,00016484_023.png,16484,,cardiomegaly_0,1.3652458,0.79661095,0.14546393
real,00028566_000.png,28566,,cardiomegaly_0,-6.304596,0.0018245495,0.96939313
real,00007931_000.png,7931,,cardiomegaly_0,-5.205967,0.0054538376,0.8892479
real,00003042_001.png,3042,,cardiomegaly_0,-5.823099,0.0029496958,0.9241016
real,00011153_000.png,11153,,cardiomegaly_0,0.8867779,0.7082248,0.1979839
real,00021716_002.png,21716,,cardiomegaly_0,-4.3252125,0.013057971,0.69663227
real,00025676_000.png,25676,,cardiomegaly_0,-6.0040836,0.0024625713,0.95020264
real,00006123_003.png,6123,,cardiomegaly_0,-6.1460285,0.0021373935,0.9596973
real,00004773_001.png,4773,,cardiomegaly_0,-5.9437714,0.0026152644,0.93934715
real,00012797_000.png,12797,,cardiomegaly_0,-5.9968586,0.0024803835,0.93804663
real,00016842_002.png,16842,,cardiomegaly_0,-5.870199,0.002814368,0.94357115
real,00011732_000.png,11732,,cardiomegaly_0,-5.4969997,0.0040823175,0.8718449
real,00009777_000.png,9777,,cardiomegaly_0,-6.08972,0.0022609204,0.9521127
real,00024861_000.png,24861,,cardiomegaly_0,-5.8902817,0.0027585665,0.93691504
real,00029926_000.png,29926,,cardiomegaly_0,-5.485056,0.0041311653,0.9050283
real,00010071_001.png,10071,,cardiomegaly_0,-5.728382,0.0032417916,0.93224704
real,00022788_004.png,22788,,cardiomegaly_0,-5.6207485,0.003608858,0.93824947
real,00029648_000.png,29648,,cardiomegaly_0,-6.0659084,0.0023152758,0.9571162
real,00011910_009.png,11910,,cardiomegaly_0,-5.811178,0.002984964,0.93420714
real,00021972_024.png,21972,,cardiomegaly_0,1.4652462,0.8123337,0.3162724
real,00016410_000.png,16410,,cardiomegaly_0,-5.9648876,0.0025607587,0.95092344
real,00013181_003.png,13181,,cardiomegaly_0,-5.687275,0.00337737,0.9297125
real,00005614_001.png,5614,,cardiomegaly_0,-5.99469,0.0024857551,0.9440329
real,00014110_000.png,14110,,cardiomegaly_0,-1.1184044,0.24630736,0.18540071
real,00028148_015.png,28148,,cardiomegaly_0,-3.0016232,0.047352597,0.4041368
real,00013427_000.png,13427,,cardiomegaly_0,-5.899721,0.0027327205,0.9261314
real,00016879_000.png,16879,,cardiomegaly_0,-5.4466343,0.004292286,0.87685657
real,00013723_000.png,13723,,cardiomegaly_0,-5.544323,0.0038943635,0.9381988
real,00000085_000.png,85,,cardiomegaly_0,-4.2504635,0.014057202,0.70131254
real,00026599_000.png,26599,,cardiomegaly_0,-5.6340466,0.0035613547,0.9137366
real,00017729_001.png,17729,,cardiomegaly_0,-5.854906,0.0028576152,0.9363968
real,00016255_000.png,16255,,cardiomegaly_0,-2.0722733,0.11182107,0.32042068
real,00020758_000.png,20758,,cardiomegaly_0,5.030802,0.9935088,0.91512996
real,00030029_000.png,30029,,cardiomegaly_0,-6.0131416,0.0024404204,0.95986366
real,00006098_006.png,6098,,cardiomegaly_0,-5.436632,0.004335246,0.8681073
real,00023625_000.png,23625,,cardiomegaly_0,-5.953768,0.0025893187,0.94754124
real,00009034_006.png,9034,,cardiomegaly_0,2.432953,0.91930586,0.5049397
real,00009061_000.png,9061,,cardiomegaly_0,-5.9860725,0.0025072144,0.95961183
real,00008359_000.png,8359,,cardiomegaly_0,-0.90773964,0.2874626,0.21147928
real,00001170_004.png,1170,,cardiomegaly_0,-3.3552284,0.033724368,0.57976234
real,00015087_011.png,15087,,cardiomegaly_0,-5.7501354,0.0031722547,0.93184763
real,00005401_007.png,5401,,cardiomegaly_0,-0.8392639,0.30168983,0.16242112
real,00020631_001.png,20631,,cardiomegaly_0,-5.61475,0.0036304924,0.90499884
real,00010984_003.png,10984,,cardiomegaly_0,-3.2905426,0.03589706,0.62550527
real,00025075_005.png,25075,,cardiomegaly_0,-3.4596615,0.030482037,0.55051386
real,00018448_017.png,18448,,cardiomegaly_0,-5.914446,0.0026928843,0.9506447
real,00000341_000.png,341,,cardiomegaly_0,-5.9722767,0.0025419546,0.93648905
real,00006955_000.png,6955,,cardiomegaly_0,-5.8158092,0.0029712133,0.93907845
real,00002168_000.png,2168,,cardiomegaly_0,-6.211319,0.0020025708,0.95988756
real,00025483_000.png,25483,,cardiomegaly_0,-1.4442177,0.19089307,0.19731495
real,00008562_000.png,8562,,cardiomegaly_0,-6.3934746,0.0016696426,0.97408
real,00028614_000.png,28614,,cardiomegaly_0,-5.965002,0.0025604663,0.94596326
real,00005014_014.png,5014,,cardiomegaly_0,-3.1752472,0.040107917,0.45470396
real,00024583_000.png,24583,,cardiomegaly_0,-5.939907,0.0026253636,0.9476656
real,00026264_000.png,26264,,cardiomegaly_0,-5.944397,0.002613633,0.92705065
real,00017111_006.png,17111,,cardiomegaly_0,-5.2933273,0.0049998877,0.9154069
real,00012074_000.png,12074,,cardiomegaly_0,-5.6208725,0.0036084123,0.899848
real,00013303_000.png,13303,,cardiomegaly_0,-5.92239,0.0026716334,0.94769865
real,00005552_000.png,5552,,cardiomegaly_0,1.8994122,0.869825,0.35498583
real,00016205_006.png,16205,,cardiomegaly_0,-3.9325829,0.019216493,0.63516796
real,00010481_029.png,10481,,cardiomegaly_0,-5.470459,0.0041916557,0.92105234
real,00022788_003.png,22788,,cardiomegaly_0,-5.8286533,0.002933406,0.95956993
real,00020802_000.png,20802,,cardiomegaly_0,-6.1823616,0.0020612865,0.96418303
real,00023133_002.png,23133,,cardiomegaly_0,-3.8128204,0.021608558,0.71195763
real,00011770_008.png,11770,,cardiomegaly_0,-3.6655598,0.02495134,0.542844
real,00029286_000.png,29286,,cardiomegaly_0,-5.936365,0.0026346543,0.95588773
real,00029203_000.png,29203,,cardiomegaly_0,1.6641636,0.8407962,0.27446842
real,00021424_004.png,21424,,cardiomegaly_0,-5.033457,0.0064740595,0.757556
real,00021409_000.png,21409,,cardiomegaly_0,4.4749165,0.9887371,0.9314181
real,00011932_007.png,11932,,cardiomegaly_0,-5.7889404,0.0030518814,0.8960446
real,00001713_000.png,1713,,cardiomegaly_0,1.8255863,0.8612351,0.29011917
real,00012980_000.png,12980,,cardiomegaly_0,-3.2733402,0.036497187,0.5074942
real,00028229_000.png,28229,,cardiomegaly_0,-5.826803,0.0029388221,0.9456714
real,00028282_000.png,28282,,cardiomegaly_0,-5.4899616,0.0041110325,0.9148709
real,00013533_001.png,13533,,cardiomegaly_0,-5.8982964,0.002736606,0.9363452
real,00004318_000.png,4318,,cardiomegaly_0,-5.7265205,0.0032478124,0.9176744
real,00001974_007.png,1974,,cardiomegaly_0,-4.9398823,0.007104604,0.80899245
real,00009699_000.png,9699,,cardiomegaly_0,2.0898476,0.8899125,0.47905484
real,00014838_000.png,14838,,cardiomegaly_0,-5.7166824,0.0032798168,0.93510634
real,00012919_000.png,12919,,cardiomegaly_0,2.338173,0.91198957,0.36925125
real,00006526_000.png,6526,,cardiomegaly_0,-5.855274,0.0028565666,0.92882997
real,00008054_000.png,8054,,cardiomegaly_0,-6.05476,0.0023411715,0.9491995
real,00009652_000.png,9652,,cardiomegaly_0,4.191887,0.98510736,0.847538
real,00012585_002.png,12585,,cardiomegaly_0,-5.5047245,0.004051031,0.9178947
real,00012086_000.png,12086,,cardiomegaly_0,-5.5931854,0.0037093386,0.9160802
real,00025908_000.png,25908,,cardiomegaly_0,-5.8935547,0.0027495774,0.93897134
real,00016842_000.png,16842,,cardiomegaly_0,-5.9883175,0.002501606,0.9613589
real,00008593_002.png,8593,,cardiomegaly_0,-5.853277,0.0028622604,0.9602927
real,00019857_001.png,19857,,cardiomegaly_0,-5.450901,0.004274089,0.89300245
real,00017111_008.png,17111,,cardiomegaly_0,-5.3380795,0.004782112,0.88509476
real,00021652_000.png,21652,,cardiomegaly_0,-6.171301,0.0020841644,0.966009
real,00022883_016.png,22883,,cardiomegaly_0,-0.48614693,0.38080165,0.2927294
real,00004378_001.png,4378,,cardiomegaly_0,-6.1084194,0.0022191277,0.9594789
real,00021705_000.png,21705,,cardiomegaly_0,-5.85178,0.002866537,0.9509166
real,00016769_000.png,16769,,cardiomegaly_0,2.9965935,0.95242006,0.5456507
real,00008806_009.png,8806,,cardiomegaly_0,-1.2308903,0.22602564,0.12283165
real,00016789_006.png,16789,,cardiomegaly_0,-5.4862537,0.0041262405,0.90325844
real,00018044_004.png,18044,,cardiomegaly_0,-5.0408764,0.00642651,0.7370192
real,00000463_000.png,463,,cardiomegaly_0,-5.828041,0.0029351974,0.9061299
real,00012017_000.png,12017,,cardiomegaly_0,-5.581711,0.0037519864,0.9245301
real,00009369_000.png,9369,,cardiomegaly_0,-6.041464,0.0023724332,0.942366
real,00001059_006.png,1059,,cardiomegaly_0,-5.4983864,0.004076684,0.8713969
real,00005532_033.png,5532,,cardiomegaly_0,3.9767818,0.98159903,0.6355251
real,00009409_002.png,9409,,cardiomegaly_0,-6.0552273,0.0023400802,0.9531738
real,00025432_000.png,25432,,cardiomegaly_0,-4.279854,0.013655628,0.68786573
real,00014523_000.png,14523,,cardiomegaly_0,-5.503586,0.004055628,0.89262724
real,00027084_000.png,27084,,cardiomegaly_0,-6.032093,0.002394716,0.9559269
real,00007719_000.png,7719,,cardiomegaly_0,-5.861479,0.0028389478,0.93865514
real,00012585_014.png,12585,,cardiomegaly_0,-5.599283,0.0036868716,0.89436036
real,00006791_002.png,6791,,cardiomegaly_0,-2.3609467,0.0861996,0.34524402
real,00016789_008.png,16789,,cardiomegaly_0,-5.7109795,0.0032985134,0.93006253
real,00018603_000.png,18603,,cardiomegaly_0,-5.4253597,0.004384176,0.88200027
real,00012400_000.png,12400,,cardiomegaly_0,-6.049423,0.0023536694,0.9378026
real,00026299_001.png,26299,,cardiomegaly_0,-5.3300133,0.0048206546,0.8608126
real,00000821_000.png,821,,cardiomegaly_0,-5.2333508,0.005307299,0.84993726
real,00003570_005.png,3570,,cardiomegaly_0,-5.861103,0.0028400116,0.93905824
real,00012476_001.png,12476,,cardiomegaly_0,-5.9652023,0.002559955,0.9552904
real,00023964_000.png,23964,,cardiomegaly_0,-5.6211147,0.003607541,0.88678515
real,00006002_003.png,6002,,cardiomegaly_0,-5.6770782,0.0034118658,0.8871026
real,00008806_000.png,8806,,cardiomegaly_0,-4.567648,0.010275666,0.76518947
real,00030149_000.png,30149,,cardiomegaly_0,-6.065386,0.0023164835,0.94645023
real,00010936_001.png,10936,,cardiomegaly_0,-4.6916237,0.009088425,0.7836078
real,00024948_000.png,24948,,cardiomegaly_0,-5.989958,0.0024975163,0.94081926
real,00029393_000.png,29393,,cardiomegaly_0,-5.319805,0.004869875,0.88279927
real,00023266_005.png,23266,,cardiomegaly_0,-4.8558636,0.007722508,0.77789795
real,00018284_023.png,18284,,cardiomegaly_0,-5.1141376,0.0059752413,0.88367665
real,00006024_002.png,6024,,cardiomegaly_0,-5.26416,0.0051471065,0.9177716
real,00016724_002.png,16724,,cardiomegaly_0,-5.356144,0.004696903,0.9050497
real,00009936_000.png,9936,,cardiomegaly_0,0.7922478,0.6883138,0.18775353
real,00010682_000.png,10682,,cardiomegaly_0,-5.608797,0.0036520895,0.88015336
real,00003785_006.png,3785,,cardiomegaly_0,-5.2302704,0.0053235856,0.8558782
real,00015938_000.png,15938,,cardiomegaly_0,-5.559208,0.003837047,0.90960616
real,00013952_006.png,13952,,cardiomegaly_0,-3.474949,0.030033475,0.4908807
real,00014352_004.png,14352,,cardiomegaly_0,-6.108673,0.0022185661,0.9411666
real,00004547_000.png,4547,,cardiomegaly_0,-5.9368744,0.0026333164,0.9613805
real,00029140_000.png,29140,,cardiomegaly_0,-4.925314,0.0072081126,0.86737865
real,00012625_012.png,12625,,cardiomegaly_0,-6.102497,0.0022322799,0.9659548
real,00011987_000.png,11987,,cardiomegaly_0,-5.56283,0.0038232266,0.91042054
real,00016388_000.png,16388,,cardiomegaly_0,-5.625469,0.0035919226,0.94169194
real,00021362_000.png,21362,,cardiomegaly_0,-5.4390564,0.0043247947,0.90327305
real,00002515_001.png,2515,,cardiomegaly_0,-5.5204906,0.003987916,0.88524395
real,00028465_001.png,28465,,cardiomegaly_0,-5.787859,0.0030551737,0.90603054
real,00025466_000.png,25466,,cardiomegaly_0,-6.178993,0.002068227,0.9631296
real,00018822_000.png,18822,,cardiomegaly_0,-5.890997,0.0027565998,0.9418682
real,00010481_004.png,10481,,cardiomegaly_0,-5.7610874,0.0031378102,0.9421342
real,00024245_000.png,24245,,cardiomegaly_0,-5.8573723,0.0028505968,0.94066685
real,00022341_000.png,22341,,cardiomegaly_0,-5.942068,0.002619711,0.9487407
real,00008318_000.png,8318,,cardiomegaly_0,4.2742043,0.98626804,0.73363745
real,00022532_000.png,22532,,cardiomegaly_0,-6.0192013,0.0024257123,0.9619562
real,00018044_041.png,18044,,cardiomegaly_0,-2.7050838,0.06267404,0.37729636
real,00001248_034.png,1248,,cardiomegaly_0,-4.628582,0.009674099,0.7929136
real,00030001_000.png,30001,,cardiomegaly_0,-5.352358,0.0047146357,0.923187
real,00016123_000.png,16123,,cardiomegaly_0,-5.2633686,0.0051511615,0.8843678
real,00001075_044.png,1075,,cardiomegaly_0,3.924305,0.9806269,0.7958173
real,00022155_017.png,22155,,cardiomegaly_0,-1.8003559,0.14180773,0.29883936
real,00020312_030.png,20312,,cardiomegaly_0,-5.1425495,0.005808835,0.8592427
real,00003362_002.png,3362,,cardiomegaly_0,-5.492481,0.0041007292,0.934707
real,00020572_001.png,20572,,cardiomegaly_0,-5.63278,0.0035658518,0.885887
real,00009138_022.png,9138,,cardiomegaly_0,0.5909405,0.6435809,0.28468975
real,00007131_006.png,7131,,cardiomegaly_0,-6.0495205,0.002353441,0.9461036
real,00012329_001.png,12329,,cardiomegaly_0,-5.744383,0.0031904974,0.9105949
real,00008185_000.png,8185,,cardiomegaly_0,2.5400276,0.9269007,0.6340883
real,00018547_000.png,18547,,cardiomegaly_0,-5.9198895,0.0026783042,0.94665146
real,00029423_000.png,29423,,cardiomegaly_0,-4.5991974,0.009959713,0.8637517
real,00017326_001.png,17326,,cardiomegaly_0,-6.113245,0.0022084687,0.95421237
real,00014307_001.png,14307,,cardiomegaly_0,-6.077139,0.0022894791,0.94783324
real,00006674_000.png,6674,,cardiomegaly_0,-6.125778,0.0021810222,0.959397
real,00018044_003.png,18044,,cardiomegaly_0,-5.197996,0.0054972433,0.8486439
real,00019406_000.png,19406,,cardiomegaly_0,-5.6905384,0.0033664028,0.9248408
real,00003896_004.png,3896,,cardiomegaly_0,-5.758335,0.0031464307,0.9531312
real,00011932_003.png,11932,,cardiomegaly_0,-1.8334217,0.13783115,0.31829256
real,00019317_000.png,19317,,cardiomegaly_0,-5.6226673,0.0036019648,0.9059664
real,00002139_000.png,2139,,cardiomegaly_0,-6.061167,0.0023262547,0.9454967
real,00013678_003.png,13678,,cardiomegaly_0,-5.095564,0.006086579,0.85901856
real,00016512_001.png,16512,,cardiomegaly_0,-4.7136726,0.0088919895,0.7683793
real,00008502_000.png,8502,,cardiomegaly_0,-6.029047,0.0024020039,0.96019953
real,00014294_003.png,14294,,cardiomegaly_0,-4.3082047,0.0132789835,0.73705226
real,00018011_000.png,18011,,cardiomegaly_0,-5.788912,0.0030519685,0.92494184
real,00001203_002.png,1203,,cardiomegaly_0,-5.7310295,0.0032332481,0.92376614
real,00005250_001.png,5250,,cardiomegaly_0,-5.4078407,0.0044613136,0.8982751
real,00028042_000.png,28042,,cardiomegaly_0,-5.9563293,0.0025827116,0.9270446
real,00017330_000.png,17330,,cardiomegaly_0,-5.6672325,0.003445508,0.94861686
real,00010936_003.png,10936,,cardiomegaly_0,-2.596058,0.069392554,0.37220776
real,00011380_022.png,11380,,cardiomegaly_0,-4.6181793,0.009774272,0.7575416
real,00009105_003.png,9105,,cardiomegaly_0,-5.550062,0.0038721634,0.9024823
real,00006012_000.png,6012,,cardiomegaly_0,-5.814316,0.0029756408,0.9480055
real,00006040_005.png,6040,,cardiomegaly_0,-4.830845,0.007916603,0.80170745
real,00011279_000.png,11279,,cardiomegaly_0,-5.0944233,0.0060934834,0.87152207
real,00016485_000.png,16485,,cardiomegaly_0,-0.5669346,0.36194447,0.11202363
real,00003094_003.png,3094,,cardiomegaly_0,-4.9852448,0.006791662,0.7558332
real,00020699_001.png,20699,,cardiomegaly_0,-1.8575268,0.13499159,0.35292023
real,00001213_003.png,1213,,cardiomegaly_0,-5.729767,0.0032373203,0.92808443
real,00028764_000.png,28764,,cardiomegaly_0,-6.1623936,0.0021027725,0.9673069
real,00005501_000.png,5501,,cardiomegaly_0,-6.320616,0.0017956054,0.96626544
real,00012051_004.png,12051,,cardiomegaly_0,-5.874876,0.0028012733,0.93512124
real,00023621_000.png,23621,,cardiomegaly_0,-5.8207397,0.0029566428,0.93656534
real,00001174_000.png,1174,,cardiomegaly_0,-5.499094,0.0040738117,0.9334373
real,00012536_001.png,12536,,cardiomegaly_0,-3.803833,0.021799386,0.62636566
real,00004490_005.png,4490,,cardiomegaly_0,-5.7382545,0.0032100468,0.9319417
real,00014462_001.png,14462,,cardiomegaly_0,-5.725298,0.0032517728,0.9271726
real,00007623_002.png,7623,,cardiomegaly_0,-5.88233,0.0027805283,0.961977
real,00015449_000.png,15449,,cardiomegaly_0,-2.4919682,0.07642316,0.4529945
real,00002585_001.png,2585,,cardiomegaly_0,-4.709402,0.008929704,0.85673946
real,00001292_000.png,1292,,cardiomegaly_0,-5.707947,0.0033084988,0.91907555
real,00007313_002.png,7313,,cardiomegaly_0,-4.2540646,0.01400738,0.8066533
real,00024273_000.png,24273,,cardiomegaly_0,-5.781843,0.0030735515,0.893643
real,00008728_000.png,8728,,cardiomegaly_0,-5.900585,0.0027303668,0.9419723
real,00025832_003.png,25832,,cardiomegaly_0,-4.596861,0.009982778,0.69639784
real,00010453_000.png,10453,,cardiomegaly_0,-5.883831,0.0027763692,0.929558
real,00004589_000.png,4589,,cardiomegaly_0,-5.392626,0.004529401,0.90117025
real,00021375_007.png,21375,,cardiomegaly_0,-5.736471,0.0032157581,0.9500811
real,00007019_001.png,7019,,cardiomegaly_0,-6.135998,0.0021588947,0.9421616
real,00011910_003.png,11910,,cardiomegaly_0,-5.7049294,0.0033184637,0.9131314
real,00015056_005.png,15056,,cardiomegaly_0,-5.6007576,0.0036814597,0.94112587
real,00028766_002.png,28766,,cardiomegaly_0,-4.3915386,0.012230233,0.79556125
real,00017020_000.png,17020,,cardiomegaly_0,-4.447542,0.011571831,0.67947054
real,00016939_000.png,16939,,cardiomegaly_0,-5.7969933,0.003027478,0.92184967
real,00015795_003.png,15795,,cardiomegaly_0,-5.166437,0.005672497,0.86651164
real,00006024_006.png,6024,,cardiomegaly_0,-5.277258,0.005080471,0.87951154
real,00016191_019.png,16191,,cardiomegaly_0,-5.6690464,0.0034392853,0.92296576
real,00017747_061.png,17747,,cardiomegaly_0,-5.0750046,0.0062122247,0.9329796
real,00010246_000.png,10246,,cardiomegaly_0,-1.1016045,0.24943937,0.2062737
real,00004943_000.png,4943,,cardiomegaly_0,-5.401146,0.0044911467,0.8594315
real,00021288_000.png,21288,,cardiomegaly_0,-5.8340836,0.0029175666,0.94364023
real,00025046_000.png,25046,,cardiomegaly_0,-5.824774,0.002944775,0.9328896
real,00015338_003.png,15338,,cardiomegaly_0,-5.6724052,0.003427792,0.9148391
real,00014504_000.png,14504,,cardiomegaly_0,-5.419594,0.0044094166,0.91676444
real,00014281_000.png,14281,,cardiomegaly_0,-5.7720394,0.0031037384,0.90815204
real,00006098_007.png,6098,,cardiomegaly_0,-5.720564,0.0032671527,0.8936459
real,00004695_000.png,4695,,cardiomegaly_0,-5.7008915,0.0033318454,0.90490085
real,00027153_001.png,27153,,cardiomegaly_0,-3.4827652,0.029806612,0.6226132
real,00028027_002.png,28027,,cardiomegaly_0,-1.7284164,0.15079023,0.25294393
real,00004834_000.png,4834,,cardiomegaly_0,-5.988041,0.0025022964,0.95445615
real,00006002_001.png,6002,,cardiomegaly_0,-5.7810917,0.003075855,0.93042284
real,00002825_001.png,2825,,cardiomegaly_0,-5.7369995,0.0032140652,0.91078705
real,00021569_000.png,21569,,cardiomegaly_0,-5.6952553,0.0033506143,0.9354222
real,00013138_002.png,13138,,cardiomegaly_0,-5.5463715,0.0038864254,0.89982826
real,00014029_000.png,14029,,cardiomegaly_0,-6.1350727,0.0021608882,0.9557695
real,00021614_001.png,21614,,cardiomegaly_0,-5.937706,0.0026311332,0.93559146
real,00014045_000.png,14045,,cardiomegaly_0,-3.9838562,0.018273583,0.6422059
real,00006202_000.png,6202,,cardiomegaly_0,5.359686,0.99531966,0.94978935
real,00020060_007.png,20060,,cardiomegaly_0,-0.50909996,0.37540454,0.24659999
real,00001587_000.png,1587,,cardiomegaly_0,-5.8227005,0.0029508686,0.9288599
real,00020674_000.png,20674,,cardiomegaly_0,-5.723646,0.0032571307,0.92009693
real,00022763_000.png,22763,,cardiomegaly_0,-5.0719566,0.0062310705,0.8503525
real,00025832_004.png,25832,,cardiomegaly_0,-4.469198,0.011326733,0.6808485
real,00000877_007.png,877,,cardiomegaly_0,-6.025217,0.0024111988,0.93937963
real,00008733_000.png,8733,,cardiomegaly_0,-5.8846207,0.0027741836,0.9424523
real,00005903_000.png,5903,,cardiomegaly_0,-5.3134975,0.0049005384,0.89382696
real,00030781_000.png,30781,,cardiomegaly_0,3.4495773,0.96921855,0.6455793
real,00026409_000.png,26409,,cardiomegaly_0,-5.6587124,0.003474887,0.9137589
real,00000872_000.png,872,,cardiomegaly_0,-5.6613884,0.0034656327,0.8859602
real,00015597_000.png,15597,,cardiomegaly_0,-5.82069,0.0029567895,0.9159537
real,00005395_001.png,5395,,cardiomegaly_0,-1.3657494,0.20330748,0.23491253
real,00008081_019.png,8081,,cardiomegaly_0,-3.9416523,0.019046301,0.7202132
real,00001733_001.png,1733,,cardiomegaly_0,-5.7994595,0.0030200435,0.9292878
real,00020642_006.png,20642,,cardiomegaly_0,-5.64694,0.003515891,0.93956816
real,00008489_015.png,8489,,cardiomegaly_0,-5.1972294,0.005501437,0.87278855
real,00019575_000.png,19575,,cardiomegaly_0,3.8100433,0.9783327,0.69752955
real,00008342_023.png,8342,,cardiomegaly_0,-5.4300175,0.004363892,0.8976374
real,00024797_000.png,24797,,cardiomegaly_0,-5.6911526,0.003364343,0.932998
real,00008779_000.png,8779,,cardiomegaly_0,-5.8196487,0.002959861,0.9280078
real,00003812_002.png,3812,,cardiomegaly_0,-6.0011177,0.002469868,0.9613824
real,00019544_000.png,19544,,cardiomegaly_0,-5.8667583,0.0028240413,0.92849624
real,00003804_001.png,3804,,cardiomegaly_0,-5.742344,0.0031969885,0.9487444
real,00004909_005.png,4909,,cardiomegaly_0,0.57956696,0.6409678,0.23720528
real,00029543_002.png,29543,,cardiomegaly_0,2.10281,0.8911759,0.44438398
real,00022582_001.png,22582,,cardiomegaly_0,-5.980896,0.002520194,0.9388391
real,00000463_001.png,463,,cardiomegaly_0,-5.570881,0.0037926862,0.9160561
real,00000796_004.png,796,,cardiomegaly_0,2.737196,0.93918616,0.6732469
real,00022155_012.png,22155,,cardiomegaly_0,-0.7167225,0.3281151,0.15493274
real,00012304_002.png,12304,,cardiomegaly_0,-4.248167,0.014089066,0.6964601
real,00003570_001.png,3570,,cardiomegaly_0,-5.9678326,0.0025532478,0.9508576
real,00015449_002.png,15449,,cardiomegaly_0,-5.596655,0.003696539,0.89553875
real,00023776_000.png,23776,,cardiomegaly_0,-5.3327045,0.0048077605,0.8835894
real,00001606_004.png,1606,,cardiomegaly_0,-5.7358074,0.0032178867,0.91769046
real,00026795_000.png,26795,,cardiomegaly_0,-5.353056,0.0047113607,0.895096
real,00030805_000.png,30805,,cardiomegaly_0,-5.975647,0.0025334237,0.94063604
real,00017747_023.png,17747,,cardiomegaly_0,-3.840332,0.021034509,0.70131665
real,00010348_001.png,10348,,cardiomegaly_0,-6.099535,0.0022388871,0.9532746
real,00016929_001.png,16929,,cardiomegaly_0,1.891571,0.8689345,0.24889335
real,00002120_001.png,2120,,cardiomegaly_0,-4.9665794,0.006918736,0.8323663
real,00011598_028.png,11598,,cardiomegaly_0,-4.6828804,0.0091675045,0.7862791
real,00003064_010.png,3064,,cardiomegaly_0,-6.129078,0.0021738529,0.94142705
real,00014076_000.png,14076,,cardiomegaly_0,-6.1375065,0.002155647,0.9636241
real,00001059_005.png,1059,,cardiomegaly_0,-3.889408,0.020047333,0.5389257
real,00015977_000.png,15977,,cardiomegaly_0,-5.784086,0.0030666867,0.9308122
real,00010135_000.png,10135,,cardiomegaly_0,-0.027471542,0.4931325,0.15865064
real,00014025_000.png,14025,,cardiomegaly_0,-4.4021416,0.012102803,0.8208674
real,00005587_000.png,5587,,cardiomegaly_0,-6.1043625,0.0022281287,0.9534052
real,00011764_007.png,11764,,cardiomegaly_0,1.5838451,0.8297484,0.2288512
real,00028256_000.png,28256,,cardiomegaly_0,-5.717703,0.003276483,0.91747284
real,00010131_001.png,10131,,cardiomegaly_0,-5.814848,0.0029740625,0.9420461
real,00008184_003.png,8184,,cardiomegaly_0,-5.8937244,0.002749112,0.9452236
real,00003916_000.png,3916,,cardiomegaly_0,-0.48064995,0.38209867,0.14592753
real,00000273_004.png,273,,cardiomegaly_0,-1.154644,0.23964188,0.20263049
real,00023343_000.png,23343,,cardiomegaly_0,-5.501133,0.0040655476,0.90849143
real,00001292_001.png,1292,,cardiomegaly_0,-2.4305878,0.080869764,0.3474455
real,00001470_002.png,1470,,cardiomegaly_0,-4.615923,0.009796135,0.8416953
real,00017545_000.png,17545,,cardiomegaly_0,-5.401232,0.004490763,0.8633643
real,00013441_000.png,13441,,cardiomegaly_0,-5.2475452,0.0052328883,0.8697901
real,00010920_004.png,10920,,cardiomegaly_0,-5.7730503,0.003100612,0.91646373
real,00007313_001.png,7313,,cardiomegaly_0,-5.722048,0.0032623238,0.9401555
real,00000304_001.png,304,,cardiomegaly_0,-3.6558056,0.025189754,0.67476
real,00010481_031.png,10481,,cardiomegaly_0,-5.692896,0.0033585026,0.90850466
real,00022155_024.png,22155,,cardiomegaly_0,-5.3768635,0.0046010297,0.8328129
real,00011603_000.png,11603,,cardiomegaly_0,-5.7212353,0.0032649671,0.9120368
real,00001230_001.png,1230,,cardiomegaly_0,-6.1055527,0.0022254842,0.940539
real,00017824_001.png,17824,,cardiomegaly_0,-5.6338234,0.0035621468,0.8701468
real,00028706_000.png,28706,,cardiomegaly_0,-0.8623562,0.2968473,0.2694095
real,00012989_001.png,12989,,cardiomegaly_0,-4.938944,0.007111226,0.77105373
real,00029493_000.png,29493,,cardiomegaly_0,-5.921774,0.0026732755,0.9398502
real,00005579_000.png,5579,,cardiomegaly_0,-5.770096,0.0031097576,0.908855
real,00015795_004.png,15795,,cardiomegaly_0,-4.570307,0.01024866,0.79335916
real,00000262_000.png,262,,cardiomegaly_0,-5.974367,0.0025366598,0.9320853
real,00019413_000.png,19413,,cardiomegaly_0,-4.582424,0.0101264715,0.816943
real,00008147_000.png,8147,,cardiomegaly_0,-6.0512543,0.002349374,0.96000624
real,00012951_000.png,12951,,cardiomegaly_0,-3.8780823,0.020271048,0.54626787
real,00024613_000.png,24613,,cardiomegaly_0,-5.66317,0.0034594855,0.9042648
real,00003577_000.png,3577,,cardiomegaly_0,-5.978531,0.0025261466,0.93757176
real,00014352_007.png,14352,,cardiomegaly_0,-4.244238,0.014143747,0.65224195
real,00016509_000.png,16509,,cardiomegaly_0,-3.911131,0.019625,0.7414259
real,00010696_000.png,10696,,cardiomegaly_0,-5.5200424,0.0039896965,0.8921072
real,00013591_000.png,13591,,cardiomegaly_0,-5.793253,0.0030387884,0.94328904
real,00027305_000.png,27305,,cardiomegaly_0,-5.9906406,0.002495816,0.9571692
real,00018488_002.png,18488,,cardiomegaly_0,-5.243326,0.0052548964,0.8892291
real,00012626_005.png,12626,,cardiomegaly_0,-5.780777,0.0030768204,0.9412643
real,00023423_000.png,23423,,cardiomegaly_0,-5.991787,0.0024929638,0.95864606
real,00010481_040.png,10481,,cardiomegaly_0,-5.46653,0.0042080884,0.90983915
real,00015111_000.png,15111,,cardiomegaly_0,-5.8688354,0.0028181977,0.93488497
real,00023085_009.png,23085,,cardiomegaly_0,-5.206888,0.005448843,0.9179984
real,00011328_000.png,11328,,cardiomegaly_0,-5.912445,0.0026982632,0.9414846
real,00028475_000.png,28475,,cardiomegaly_0,-5.36961,0.00463437,0.902408
real,00022677_005.png,22677,,cardiomegaly_0,0.73944473,0.67687446,0.16254902
real,00003464_000.png,3464,,cardiomegaly_0,-5.9702663,0.002547057,0.94257796
real,00010295_000.png,10295,,cardiomegaly_0,-5.700527,0.0033330556,0.9324102
real,00022527_000.png,22527,,cardiomegaly_0,-6.0128975,0.0024410146,0.9164638
real,00013970_009.png,13970,,cardiomegaly_0,-5.4111176,0.0044467836,0.9010999
real,00001203_003.png,1203,,cardiomegaly_0,-5.8416367,0.0028956765,0.9440133
real,00015228_000.png,15228,,cardiomegaly_0,-0.53422356,0.36953238,0.14994225
real,00001136_001.png,1136,,cardiomegaly_0,0.08901405,0.5222388,0.15454811
real,00006040_009.png,6040,,cardiomegaly_0,-5.4507084,0.004274909,0.84426886
real,00008441_000.png,8441,,cardiomegaly_0,-6.138241,0.0021540679,0.9587251
real,00015740_000.png,15740,,cardiomegaly_0,-5.7822895,0.0030721843,0.90883553
real,00007109_011.png,7109,,cardiomegaly_0,-5.26672,0.0051340163,0.83535784
real,00019496_000.png,19496,,cardiomegaly_0,-5.736168,0.0032167304,0.89673316
real,00022882_000.png,22882,,cardiomegaly_0,-5.999588,0.0024736396,0.958207
real,00022500_000.png,22500,,cardiomegaly_0,-4.844349,0.0078112446,0.8399685
real,00011380_008.png,11380,,cardiomegaly_0,-5.4758644,0.0041691535,0.8801957
real,00000386_000.png,386,,cardiomegaly_0,-5.6701813,0.003435398,0.93399745
real,00022196_002.png,22196,,cardiomegaly_0,-4.126541,0.015882285,0.6829765
real,00018597_002.png,18597,,cardiomegaly_0,-5.9603157,0.002572463,0.940139
real,00013969_008.png,13969,,cardiomegaly_0,-5.618252,0.0036178469,0.9164218
real,00029579_007.png,29579,,cardiomegaly_0,-1.492199,0.1835919,0.31142536
real,00020485_005.png,20485,,cardiomegaly_0,-5.488098,0.0041186684,0.8631348
real,00005002_001.png,5002,,cardiomegaly_0,3.9616032,0.9813229,0.79216605
real,00028053_000.png,28053,,cardiomegaly_0,-6.2662716,0.0018956962,0.96309465
real,00000417_003.png,417,,cardiomegaly_0,-5.162983,0.0056920135,0.85196984
real,00016439_000.png,16439,,cardiomegaly_0,-5.9539394,0.0025888754,0.9481366
real,00020531_000.png,20531,,cardiomegaly_0,-5.835327,0.002913951,0.91486716
real,00015435_001.png,15435,,cardiomegaly_0,-5.6096554,0.0036489672,0.90970427
real,00002595_001.png,2595,,cardiomegaly_0,-5.906391,0.0027146032,0.92128336
real,00016512_000.png,16512,,cardiomegaly_0,-5.5972347,0.0036944044,0.91768265
real,00021023_004.png,21023,,cardiomegaly_0,1.9994411,0.88073844,0.34213144
real,00009273_002.png,9273,,cardiomegaly_0,-5.0768204,0.0062010246,0.8746801
real,00002292_001.png,2292,,cardiomegaly_0,-5.883028,0.0027785932,0.92621696
real,00000757_000.png,757,,cardiomegaly_0,-5.489691,0.004112141,0.91593826
real,00006711_000.png,6711,,cardiomegaly_0,0.9027462,0.7115135,0.29635978
real,00016261_001.png,16261,,cardiomegaly_0,2.5296555,0.9261948,0.42457432
real,00002816_003.png,2816,,cardiomegaly_0,-5.5150795,0.004009467,0.90559024
real,00009378_002.png,9378,,cardiomegaly_0,-5.7774544,0.0030870289,0.9351726
real,00023266_004.png,23266,,cardiomegaly_0,-5.865095,0.0028287286,0.93004954
real,00003094_004.png,3094,,cardiomegaly_0,-4.6700726,0.009284577,0.7476555
real,00026807_000.png,26807,,cardiomegaly_0,-6.0666656,0.0023135275,0.9555787
real,00012086_001.png,12086,,cardiomegaly_0,-5.206171,0.005452731,0.84854984
real,00003917_000.png,3917,,cardiomegaly_0,-5.5079575,0.0040380084,0.89511883
real,00010445_003.png,10445,,cardiomegaly_0,-5.8970604,0.0027399813,0.9441527
real,00016184_001.png,16184,,cardiomegaly_0,-5.1250114,0.005911002,0.8230717
real,00011598_017.png,11598,,cardiomegaly_0,-5.5815907,0.0037524356,0.9115222
real,00025290_002.png,25290,,cardiomegaly_0,-4.777584,0.008346064,0.839318
real,00012363_004.png,12363,,cardiomegaly_0,-5.942568,0.0026184055,0.95757955
real,00011813_000.png,11813,,cardiomegaly_0,-5.7800922,0.0030789215,0.8926818
real,00010732_000.png,10732,,cardiomegaly_0,-2.7858562,0.058093283,0.425352
real,00026927_000.png,26927,,cardiomegaly_0,-3.7227535,0.023597052,0.707037
real,00017786_013.png,17786,,cardiomegaly_0,-5.702715,0.003325796,0.91819966
real,00018642_000.png,18642,,cardiomegaly_0,-3.3018608,0.035507407,0.51334476
real,00009668_000.png,9668,,cardiomegaly_0,-6.0363903,0.0023844717,0.96454924
real,00005245_000.png,5245,,cardiomegaly_0,-5.6675014,0.0034445848,0.91215545
real,00010120_004.png,10120,,cardiomegaly_0,-5.5539246,0.0038572943,0.92733866
real,00007018_005.png,7018,,cardiomegaly_0,-6.1932106,0.0020390898,0.95596546
real,00030385_000.png,30385,,cardiomegaly_0,-5.8569202,0.0028518818,0.9415958
real,00021631_001.png,21631,,cardiomegaly_0,-5.717304,0.003277785,0.94932336
real,00005443_000.png,5443,,cardiomegaly_0,-5.4133415,0.004436949,0.9106357
real,00003439_007.png,3439,,cardiomegaly_0,-5.8698215,0.002815428,0.94891024
real,00021114_001.png,21114,,cardiomegaly_0,-4.980133,0.00682623,0.8577841
real,00006135_000.png,6135,,cardiomegaly_0,5.201704,0.9945229,0.91362125
real,00006123_001.png,6123,,cardiomegaly_0,-6.263483,0.0019009799,0.9687424
real,00004926_000.png,4926,,cardiomegaly_0,3.3775692,0.9669961,0.75272214
real,00019435_003.png,19435,,cardiomegaly_0,-6.081566,0.002279389,0.95304567
real,00019535_002.png,19535,,cardiomegaly_0,-6.161484,0.0021046826,0.94621706
real,00008342_001.png,8342,,cardiomegaly_0,2.0544014,0.8863916,0.31724322
real,00014843_000.png,14843,,cardiomegaly_0,-4.2371655,0.014242702,0.70498526
real,00002492_010.png,2492,,cardiomegaly_0,-5.793623,0.0030376676,0.9262681
real,00020716_002.png,20716,,cardiomegaly_0,-3.7990742,0.021901095,0.66953856
real,00027353_000.png,27353,,cardiomegaly_0,-5.8760414,0.0027980197,0.91164047
real,00013969_007.png,13969,,cardiomegaly_0,-5.7580795,0.0031472326,0.9448293
real,00010489_000.png,10489,,cardiomegaly_0,-5.110319,0.005997964,0.85826343
real,00018011_009.png,18011,,cardiomegaly_0,-4.990202,0.006758305,0.82952726
real,00016518_000.png,16518,,cardiomegaly_0,-5.0833225,0.0061610835,0.8367588
real,00013214_001.png,13214,,cardiomegaly_0,-5.6555862,0.0034857295,0.91889125
real,00007792_000.png,7792,,cardiomegaly_0,-6.2127914,0.0019996301,0.9654904
real,00012949_001.png,12949,,cardiomegaly_0,-5.9495144,0.002600327,0.94862735
real,00028570_000.png,28570,,cardiomegaly_0,-5.3056145,0.004939131,0.89220417
real,00003628_000.png,3628,,cardiomegaly_0,-5.4523067,0.0042681103,0.90495294
real,00026658_002.png,26658,,cardiomegaly_0,-5.7539444,0.0031602327,0.9205218
real,00006490_000.png,6490,,cardiomegaly_0,-5.704216,0.0033208241,0.934516
real,00012178_002.png,12178,,cardiomegaly_0,-3.463646,0.030364506,0.45436522
real,00018037_019.png,18037,,cardiomegaly_0,-5.543125,0.0038990132,0.9036447
real,00013360_000.png,13360,,cardiomegaly_0,-5.4465923,0.0042924653,0.8548376
real,00003640_000.png,3640,,cardiomegaly_0,-6.0608044,0.002327096,0.9480351
real,00016568_001.png,16568,,cardiomegaly_0,-5.4384193,0.004327539,0.87630683
real,00015475_000.png,15475,,cardiomegaly_0,-5.948456,0.0026030738,0.9295638
real,00029314_000.png,29314,,cardiomegaly_0,-6.067671,0.0023112085,0.94941115
real,00018011_019.png,18011,,cardiomegaly_0,-5.8054523,0.003002053,0.93624747
real,00009709_007.png,9709,,cardiomegaly_0,-5.627817,0.0035835293,0.91438323
real,00002686_000.png,2686,,cardiomegaly_0,0.2182064,0.55433613,0.20252268
real,00025453_000.png,25453,,cardiomegaly_0,-5.605459,0.0036642551,0.8932964
real,00019716_003.png,19716,,cardiomegaly_0,4.6799355,0.9908057,0.7838793
real,00003792_001.png,3792,,cardiomegaly_0,-4.483082,0.011172309,0.7905052
real,00008184_002.png,8184,,cardiomegaly_0,-5.9665413,0.0025565382,0.9445515
real,00000869_006.png,869,,cardiomegaly_0,-5.5055485,0.004047708,0.86965626
real,00022574_001.png,22574,,cardiomegaly_0,-5.7275887,0.0032443565,0.9485615
real,00030139_000.png,30139,,cardiomegaly_0,-4.7617245,0.008478354,0.7645974
real,00010131_005.png,10131,,cardiomegaly_0,-5.774605,0.0030958108,0.9258569
real,00018016_005.png,18016,,cardiomegaly_0,-1.4280319,0.19340551,0.28198376
real,00030091_000.png,30091,,cardiomegaly_0,-5.937195,0.0026324752,0.9273615
real,00029426_000.png,29426,,cardiomegaly_0,-6.102276,0.0022327725,0.9500071
real,00012902_001.png,12902,,cardiomegaly_0,-5.797718,0.0030252913,0.9537471
real,00016865_001.png,16865,,cardiomegaly_0,-6.0571346,0.0023356313,0.9460284
real,00008802_008.png,8802,,cardiomegaly_0,-5.6922626,0.0033606226,0.9020469
real,00029295_000.png,29295,,cardiomegaly_0,-6.1088047,0.0022182749,0.9555266
real,00003689_004.png,3689,,cardiomegaly_0,-6.015167,0.0024354937,0.9536758
real,00003064_042.png,3064,,cardiomegaly_0,-6.1312466,0.0021691541,0.92694855
real,00017835_006.png,17835,,cardiomegaly_0,-5.04891,0.006375416,0.8522386
real,00011690_000.png,11690,,cardiomegaly_0,-5.931656,0.002647058,0.9459149
real,00004976_003.png,4976,,cardiomegaly_0,-4.655712,0.009417606,0.77685654
real,00009381_000.png,9381,,cardiomegaly_0,2.8434944,0.94498146,0.48991767
real,00010600_000.png,10600,,cardiomegaly_0,-5.509733,0.0040308735,0.9123243
real,00028889_000.png,28889,,cardiomegaly_0,-5.1213894,0.005932323,0.8765564
real,00027693_000.png,27693,,cardiomegaly_0,-2.5552578,0.072074056,0.35884836
real,00003769_002.png,3769,,cardiomegaly_0,-4.370184,0.012490917,0.7362822
real,00019303_000.png,19303,,cardiomegaly_0,-5.7927284,0.0030403777,0.91278213
real,00013759_000.png,13759,,cardiomegaly_0,-5.919632,0.0026789925,0.96536803
real,00016083_003.png,16083,,cardiomegaly_0,-5.854456,0.0028588984,0.9350015
real,00006981_018.png,6981,,cardiomegaly_0,-5.9375,0.002631674,0.9443072
real,00024924_000.png,24924,,cardiomegaly_0,-6.0209675,0.0024214427,0.95422435
real,00005532_041.png,5532,,cardiomegaly_0,-0.6915817,0.33368132,0.15231663
real,00011149_000.png,11149,,cardiomegaly_0,-5.641268,0.0035358209,0.9316873
real,00005623_000.png,5623,,cardiomegaly_0,-6.0315247,0.0023960741,0.9351705
real,00011116_000.png,11116,,cardiomegaly_0,-5.6714764,0.0034309668,0.91884005
real,00028822_001.png,28822,,cardiomegaly_0,-5.445919,0.0042953445,0.8994767
real,00005410_003.png,5410,,cardiomegaly_0,-2.6974487,0.06312407,0.55053204
real,00023468_000.png,23468,,cardiomegaly_0,-6.086849,0.002267405,0.9422883
real,00010465_005.png,10465,,cardiomegaly_0,-5.4688625,0.004198325,0.9182952
real,00012536_004.png,12536,,cardiomegaly_0,-4.136879,0.015721513,0.6631469
real,00012772_000.png,12772,,cardiomegaly_0,-5.831543,0.0029249666,0.9429585
real,00009905_000.png,9905,,cardiomegaly_0,-2.5047855,0.07552338,0.39768204
real,00014094_000.png,14094,,cardiomegaly_0,-4.444441,0.011607357,0.7140974
real,00021346_000.png,21346,,cardiomegaly_0,-2.2052746,0.09927783,0.31454694
real,00016801_003.png,16801,,cardiomegaly_0,-3.2070713,0.038900483,0.4522292
real,00009335_000.png,9335,,cardiomegaly_0,-3.280611,0.03624237,0.6302698
real,00009932_006.png,9932,,cardiomegaly_0,-0.24427795,0.4392324,0.13007908
real,00024029_000.png,24029,,cardiomegaly_0,-5.484356,0.004134047,0.88338274
real,00005708_000.png,5708,,cardiomegaly_0,-6.2114334,0.002002342,0.95966035
real,00019911_000.png,19911,,cardiomegaly_0,-5.2485733,0.0052275397,0.8939539
real,00004608_000.png,4608,,cardiomegaly_0,-4.808218,0.008096307,0.8687631
real,00010071_005.png,10071,,cardiomegaly_0,-4.4572372,0.011461464,0.805861
real,00001548_000.png,1548,,cardiomegaly_0,-5.8132324,0.002978857,0.93044794
real,00011910_012.png,11910,,cardiomegaly_0,-5.855833,0.0028549752,0.9344177
real,00020811_020.png,20811,,cardiomegaly_0,-5.9072475,0.0027122858,0.93253785
real,00029311_003.png,29311,,cardiomegaly_0,-5.8565426,0.002852956,0.95022035
real,00003174_002.png,3174,,cardiomegaly_0,-6.082262,0.0022778064,0.9599324
real,00024737_001.png,24737,,cardiomegaly_0,-6.096855,0.0022448814,0.95991015
real,00027582_002.png,27582,,cardiomegaly_0,2.731018,0.93883234,0.54880077
real,00003752_000.png,3752,,cardiomegaly_0,-5.9290752,0.0026538798,0.9485391
real,00010279_002.png,10279,,cardiomegaly_0,1.1612778,0.7615648,0.20795159
real,00020502_001.png,20502,,cardiomegaly_0,-5.019331,0.006565555,0.8745592
real,00029742_002.png,29742,,cardiomegaly_0,-5.6142654,0.003632245,0.88717186
real,00017381_000.png,17381,,cardiomegaly_0,-6.2080517,0.0020091115,0.96133006
real,00027326_000.png,27326,,cardiomegaly_0,-5.942852,0.0026176637,0.9462602
real,00011359_000.png,11359,,cardiomegaly_0,-5.9402103,0.0026245695,0.94528913
real,00005401_005.png,5401,,cardiomegaly_0,-5.358692,0.004685005,0.87729627
real,00020884_000.png,20884,,cardiomegaly_0,-5.5436573,0.0038969468,0.9435388
real,00007795_000.png,7795,,cardiomegaly_0,-4.9341164,0.0071453936,0.82678163
real,00023636_000.png,23636,,cardiomegaly_0,-6.128315,0.0021755085,0.94526416
real,00019201_010.png,19201,,cardiomegaly_0,-5.7869263,0.0030580158,0.93561804
real,00014319_000.png,14319,,cardiomegaly_0,-0.052143097,0.4869672,0.19416556
real,00016498_001.png,16498,,cardiomegaly_0,-5.8679028,0.0028208203,0.9450863
real,00020286_025.png,20286,,cardiomegaly_0,-2.8699703,0.05365816,0.45697525
real,00024192_000.png,24192,,cardiomegaly_0,-5.983921,0.002512601,0.94820315
real,00013886_000.png,13886,,cardiomegaly_0,-5.679121,0.003404927,0.88893414
real,00004490_004.png,4490,,cardiomegaly_0,-5.827692,0.0029362189,0.92390895
real,00017603_029.png,17603,,cardiomegaly_0,-5.581379,0.0037532276,0.8680592
real,00007935_000.png,7935,,cardiomegaly_0,4.7817287,0.9916882,0.8757727
real,00010650_000.png,10650,,cardiomegaly_0,-5.1793118,0.0056003407,0.8290326
real,00007505_000.png,7505,,cardiomegaly_0,-5.934721,0.0026389782,0.9314545
real,00010286_001.png,10286,,cardiomegaly_0,-5.5728054,0.0037854214,0.89688057
real,00017835_002.png,17835,,cardiomegaly_0,-5.7659187,0.003122734,0.93055993
edit,00001059_006.png,1059,0.0,cardiomegaly_0,-5.2520695,0.00520939,0.84638286
edit,00001174_000.png,1174,0.0,cardiomegaly_0,-5.590189,0.0037204288,0.9207192
edit,00001470_001.png,1470,0.0,cardiomegaly_0,-0.7082176,0.3299928,0.31450695
edit,00001606_004.png,1606,0.0,cardiomegaly_0,-3.1851826,0.03972715,0.58664167
edit,00002139_000.png,2139,0.0,cardiomegaly_0,-5.9355316,0.0026368455,0.93866843
edit,00002355_005.png,2355,0.0,cardiomegaly_0,-1.2174263,0.2283897,0.22696534
edit,00002492_010.png,2492,0.0,cardiomegaly_0,-5.891966,0.0027539374,0.92645186
edit,00002566_000.png,2566,0.0,cardiomegaly_0,-4.038721,0.017314905,0.7244686
edit,00003064_010.png,3064,0.0,cardiomegaly_0,-6.04492,0.0023642674,0.93564093
edit,00003804_012.png,3804,0.0,cardiomegaly_0,-5.788862,0.0030521194,0.93789613
edit,00003917_000.png,3917,0.0,cardiomegaly_0,-4.4920444,0.011073727,0.75371027
edit,00004057_000.png,4057,0.0,cardiomegaly_0,-5.858984,0.002846019,0.90169686
edit,00005623_000.png,5623,0.0,cardiomegaly_0,-5.9416294,0.0026208574,0.9269954
edit,00006012_000.png,6012,0.0,cardiomegaly_0,-5.8695984,0.0028160545,0.9417722
edit,00006791_002.png,6791,0.0,cardiomegaly_0,-1.7551765,0.14739546,0.27960977
edit,00006921_000.png,6921,0.0,cardiomegaly_0,-5.6384544,0.0035457467,0.8924732
edit,00006981_017.png,6981,0.0,cardiomegaly_0,-5.562269,0.0038253628,0.8839394
edit,00007082_000.png,7082,0.0,cardiomegaly_0,-1.4787464,0.18561685,0.21247336
edit,00007159_000.png,7159,0.0,cardiomegaly_0,-2.5345192,0.07347341,0.39943543
edit,00007340_004.png,7340,0.0,cardiomegaly_0,-5.308876,0.004923127,0.8958909
edit,00007589_000.png,7589,0.0,cardiomegaly_0,-6.134674,0.0021617478,0.9647231
edit,00007931_000.png,7931,0.0,cardiomegaly_0,-3.2815685,0.03620894,0.55653536
edit,00008142_005.png,8142,0.0,cardiomegaly_0,-6.079674,0.002283696,0.9528348
edit,00008147_000.png,8147,0.0,cardiomegaly_0,-6.0683594,0.0023096213,0.9544151
edit,00008184_003.png,8184,0.0,cardiomegaly_0,-5.6910095,0.0033648224,0.93121636
edit,00008359_000.png,8359,0.0,cardiomegaly_0,-1.5707817,0.17210498,0.28137782
edit,00008386_001.png,8386,0.0,cardiomegaly_0,-6.0558777,0.0023385622,0.9650833
edit,00008802_008.png,8802,0.0,cardiomegaly_0,-5.4293957,0.0043665944,0.886816
edit,00009090_001.png,9090,0.0,cardiomegaly_0,-1.6828575,0.15671746,0.23145795
edit,00009105_003.png,9105,0.0,cardiomegaly_0,-5.4093113,0.004454787,0.8813535
edit,00009306_000.png,9306,0.0,cardiomegaly_0,-5.9784317,0.0025263964,0.9485066
edit,00009335_000.png,9335,0.0,cardiomegaly_0,-4.1084557,0.01616745,0.667957
edit,00009409_002.png,9409,0.0,cardiomegaly_0,-5.7705555,0.003108333,0.9311454
edit,00009761_000.png,9761,0.0,cardiomegaly_0,2.0505562,0.88600385,0.37332636
edit,00010465_001.png,10465,0.0,cardiomegaly_0,-4.9191723,0.007252196,0.8581209
edit,00010892_000.png,10892,0.0,cardiomegaly_0,-4.928877,0.00718266,0.86412305
edit,00010931_003.png,10931,0.0,cardiomegaly_0,-5.7920246,0.0030425119,0.9246637
edit,00010964_000.png,10964,0.0,cardiomegaly_0,-5.2677517,0.0051287487,0.9225677
edit,00011611_000.png,11611,0.0,cardiomegaly_0,-5.5995293,0.0036859682,0.8868308
edit,00012129_000.png,12129,0.0,cardiomegaly_0,-6.1174965,0.00219912,0.9580336
edit,00012400_000.png,12400,0.0,cardiomegaly_0,-5.8225594,0.0029512837,0.9288516
edit,00012772_003.png,12772,0.0,cardiomegaly_0,-5.5591774,0.003837163,0.90381664
edit,00012902_001.png,12902,0.0,cardiomegaly_0,-5.548044,0.0038799548,0.9238357
edit,00013441_000.png,13441,0.0,cardiomegaly_0,-4.206747,0.014676144,0.70291054
edit,00013678_003.png,13678,0.0,cardiomegaly_0,-4.4340515,0.011727157,0.7129814
edit,00013759_000.png,13759,0.0,cardiomegaly_0,-5.93544,0.0026370864,0.9658426
edit,00014281_000.png,14281,0.0,cardiomegaly_0,-5.839819,0.0029009294,0.9169715
edit,00014295_001.png,14295,0.0,cardiomegaly_0,-5.9415684,0.0026210172,0.9425383
edit,00014387_006.png,14387,0.0,cardiomegaly_0,0.25363922,0.563072,0.2298845
edit,00014838_000.png,14838,0.0,cardiomegaly_0,-3.6537075,0.025241325,0.65015304
edit,00014954_000.png,14954,0.0,cardiomegaly_0,-5.7281666,0.003242488,0.9445604
edit,00015056_005.png,15056,0.0,cardiomegaly_0,-0.8090534,0.30809224,0.22683883
edit,00015087_011.png,15087,0.0,cardiomegaly_0,-3.608181,0.02638601,0.68147445
edit,00016191_019.png,16191,0.0,cardiomegaly_0,-5.127056,0.005898999,0.8536857
edit,00016245_000.png,16245,0.0,cardiomegaly_0,-6.246311,0.0019338413,0.9612093
edit,00016498_001.png,16498,0.0,cardiomegaly_0,-5.9569473,0.00258112,0.9513158
edit,00016509_001.png,16509,0.0,cardiomegaly_0,-5.459078,0.0042394307,0.89477015
edit,00016512_001.png,16512,0.0,cardiomegaly_0,-4.5273876,0.010693294,0.6913185
edit,00016724_002.png,16724,0.0,cardiomegaly_0,-4.0276947,0.01750352,0.720802
edit,00016865_000.png,16865,0.0,cardiomegaly_0,-5.886305,0.0027695282,0.93554443
edit,00016907_000.png,16907,0.0,cardiomegaly_0,-5.555624,0.0038507695,0.8936768
edit,00017381_000.png,17381,0.0,cardiomegaly_0,-6.1342773,0.002162604,0.956167
edit,00018008_000.png,18008,0.0,cardiomegaly_0,-5.4183044,0.00441508,0.8823196
edit,00018011_000.png,18011,0.0,cardiomegaly_0,-5.254448,0.0051970794,0.8346645
edit,00018488_002.png,18488,0.0,cardiomegaly_0,-5.119297,0.005944675,0.88945305
edit,00018616_000.png,18616,0.0,cardiomegaly_0,-0.9804554,0.27280143,0.24563362
edit,00019435_003.png,19435,0.0,cardiomegaly_0,-6.192816,0.0020398933,0.9582433
edit,00019535_002.png,19535,0.0,cardiomegaly_0,-5.9315643,0.0026472998,0.9214605
edit,00019544_000.png,19544,0.0,cardiomegaly_0,-5.507847,0.004038453,0.8951677
edit,00019911_001.png,19911,0.0,cardiomegaly_0,-6.082266,0.0022777976,0.9522558
edit,00020318_024.png,20318,0.0,cardiomegaly_0,-4.7970333,0.008186624,0.85557514
edit,00020341_000.png,20341,0.0,cardiomegaly_0,-5.7473965,0.0031809276,0.9321825
edit,00020642_006.png,20642,0.0,cardiomegaly_0,-5.6123104,0.0036393276,0.9244696
edit,00020674_000.png,20674,0.0,cardiomegaly_0,-5.501528,0.004063949,0.9112508
edit,00020716_002.png,20716,0.0,cardiomegaly_0,-1.9945621,0.11977504,0.25084728
edit,00020802_000.png,20802,0.0,cardiomegaly_0,-6.058155,0.0023332548,0.94874555
edit,00021023_024.png,21023,0.0,cardiomegaly_0,-5.737772,0.0032115912,0.9067466
edit,00021569_000.png,21569,0.0,cardiomegaly_0,-5.754883,0.0031572778,0.93238854
edit,00022341_000.png,22341,0.0,cardiomegaly_0,-5.784685,0.003064856,0.9416938
edit,00022582_001.png,22582,0.0,cardiomegaly_0,-5.2334003,0.0053070374,0.8783669
edit,00022712_000.png,22712,0.0,cardiomegaly_0,-5.2964725,0.004984265,0.91013646
edit,00023621_000.png,23621,0.0,cardiomegaly_0,-5.50276,0.004058965,0.8936404
edit,00023776_000.png,23776,0.0,cardiomegaly_0,-5.45689,0.004248676,0.88564503
edit,00024192_000.png,24192,0.0,cardiomegaly_0,-5.826853,0.002938677,0.9287064
edit,00024326_000.png,24326,0.0,cardiomegaly_0,-6.12698,0.0021784087,0.96938163
edit,00024474_000.png,24474,0.0,cardiomegaly_0,-5.595522,0.0037007139,0.92423224
edit,00024583_000.png,24583,0.0,cardiomegaly_0,-6.0104218,0.0024470505,0.9520743
edit,00025054_000.png,25054,0.0,cardiomegaly_0,-6.072653,0.002299749,0.95661086
edit,00026354_001.png,26354,0.0,cardiomegaly_0,-2.3403587,0.08783516,0.32914445
edit,00026807_000.png,26807,0.0,cardiomegaly_0,-6.01807,0.002428451,0.9546413
edit,00027305_000.png,27305,0.0,cardiomegaly_0,-5.5751553,0.0037765705,0.92317176
edit,00028027_005.png,28027,0.0,cardiomegaly_0,-3.5770168,0.027198538,0.65202004
edit,00028053_000.png,28053,0.0,cardiomegaly_0,-5.9952507,0.0024843651,0.9592705
edit,00028457_000.png,28457,0.0,cardiomegaly_0,-2.6579628,0.06549992,0.39738512
edit,00028962_000.png,28962,0.0,cardiomegaly_0,-5.8120937,0.0029822402,0.9348978
edit,00029393_000.png,29393,0.0,cardiomegaly_0,-1.140419,0.24224345,0.12531655
edit,00029569_000.png,29569,0.0,cardiomegaly_0,-2.9378033,0.050316136,0.53786725
edit,00029648_000.png,29648,0.0,cardiomegaly_0,-5.803686,0.003007344,0.9390547
edit,00030332_000.png,30332,0.0,cardiomegaly_0,-6.0337086,0.0023908596,0.9437324
edit,00030805_000.png,30805,0.0,cardiomegaly_0,-5.7149544,0.0032854711,0.93555915
edit,00001059_006.png,1059,0.06,cardiomegaly_0,-3.421505,0.0316301,0.5356078
edit,00001174_000.png,1174,0.06,cardiomegaly_0,-5.497341,0.00408093,0.9115155
edit,00001470_001.png,1470,0.06,cardiomegaly_0,0.49424744,0.6211065,0.21859476
edit,00001606_004.png,1606,0.06,cardiomegaly_0,-0.019233704,0.49519172,0.1608528
edit,00002139_000.png,2139,0.06,cardiomegaly_0,-5.833332,0.0029197535,0.92516106
edit,00002355_005.png,2355,0.06,cardiomegaly_0,3.0042171,0.9527642,0.75678366
edit,00002492_010.png,2492,0.06,cardiomegaly_0,-5.6403713,0.0035389808,0.90181416
edit,00002566_000.png,2566,0.06,cardiomegaly_0,-1.0641747,0.2565125,0.23418365
edit,00003064_010.png,3064,0.06,cardiomegaly_0,-5.867985,0.0028205893,0.9171284
edit,00003804_012.png,3804,0.06,cardiomegaly_0,-5.576315,0.0037722096,0.9210043
edit,00003917_000.png,3917,0.06,cardiomegaly_0,-3.151184,0.041044645,0.4573346
edit,00004057_000.png,4057,0.06,cardiomegaly_0,-5.8534145,0.0028618686,0.90003896
edit,00005623_000.png,5623,0.06,cardiomegaly_0,-5.8041153,0.0030060573,0.9316425
edit,00006012_000.png,6012,0.06,cardiomegaly_0,-5.1125355,0.005984765,0.8831478
edit,00006791_002.png,6791,0.06,cardiomegaly_0,-0.024291992,0.49392727,0.19562595
edit,00006921_000.png,6921,0.06,cardiomegaly_0,-5.566204,0.0038103973,0.8808377
edit,00006981_017.png,6981,0.06,cardiomegaly_0,-5.488489,0.004117065,0.8683927
edit,00007082_000.png,7082,0.06,cardiomegaly_0,-0.13355446,0.46666092,0.16682056
edit,00007159_000.png,7159,0.06,cardiomegaly_0,-0.18575478,0.4536944,0.1723852
edit,00007340_004.png,7340,0.06,cardiomegaly_0,-4.592697,0.010024014,0.7995183
edit,00007589_000.png,7589,0.06,cardiomegaly_0,-6.1096687,0.0022163633,0.9565538
edit,00007931_000.png,7931,0.06,cardiomegaly_0,-0.74567986,0.32176334,0.18409844
edit,00008142_005.png,8142,0.06,cardiomegaly_0,-5.983921,0.002512601,0.9527379
edit,00008147_000.png,8147,0.06,cardiomegaly_0,-6.071888,0.0023015046,0.960017
edit,00008184_003.png,8184,0.06,cardiomegaly_0,-4.686043,0.0091388235,0.841869
edit,00008359_000.png,8359,0.06,cardiomegaly_0,-0.81752014,0.30629033,0.17712474
edit,00008386_001.png,8386,0.06,cardiomegaly_0,-5.9245987,0.0026657549,0.960483
edit,00008802_008.png,8802,0.06,cardiomegaly_0,-5.2375946,0.005284942,0.86557794
edit,00009090_001.png,9090,0.06,cardiomegaly_0,5.4417877,0.99568695,0.94868016
edit,00009105_003.png,9105,0.06,cardiomegaly_0,-4.617735,0.009778573,0.75013304
edit,00009306_000.png,9306,0.06,cardiomegaly_0,-5.8831043,0.0027783818,0.9383713
edit,00009335_000.png,9335,0.06,cardiomegaly_0,-2.2478352,0.095536366,0.31450275
edit,00009409_002.png,9409,0.06,cardiomegaly_0,-5.4272957,0.004375734,0.9105887
edit,00009761_000.png,9761,0.06,cardiomegaly_0,3.209772,0.96120036,0.7535793
edit,00010465_001.png,10465,0.06,cardiomegaly_0,-3.1166134,0.04242715,0.4445724
edit,00010892_000.png,10892,0.06,cardiomegaly_0,-4.5602283,0.010351399,0.80507445
edit,00010931_003.png,10931,0.06,cardiomegaly_0,-5.6756096,0.0034168633,0.9107418
edit,00010964_000.png,10964,0.06,cardiomegaly_0,-2.7768288,0.058589224,0.5513172
edit,00011611_000.png,11611,0.06,cardiomegaly_0,-5.515274,0.00400869,0.87720287
edit,00012129_000.png,12129,0.06,cardiomegaly_0,-5.997116,0.0024797465,0.9519815
edit,00012400_000.png,12400,0.06,cardiomegaly_0,-5.019823,0.006562346,0.8202954
edit,00012772_003.png,12772,0.06,cardiomegaly_0,-5.4788284,0.004156865,0.9015001
edit,00012902_001.png,12902,0.06,cardiomegaly_0,-5.456381,0.0042508314,0.9149266
edit,00013441_000.png,13441,0.06,cardiomegaly_0,-3.472271,0.030111587,0.51486754
edit,00013678_003.png,13678,0.06,cardiomegaly_0,-2.666874,0.064956576,0.33374655
edit,00013759_000.png,13759,0.06,cardiomegaly_0,-5.978695,0.0025257333,0.9653069
edit,00014281_000.png,14281,0.06,cardiomegaly_0,-5.715025,0.0032852397,0.9008954
edit,00014295_001.png,14295,0.06,cardiomegaly_0,-5.926527,0.002660633,0.9426984
edit,00014387_006.png,14387,0.06,cardiomegaly_0,0.9767189,0.72645664,0.30006874
edit,00014838_000.png,14838,0.06,cardiomegaly_0,-1.1561298,0.23937124,0.20468104
edit,00014954_000.png,14954,0.06,cardiomegaly_0,-5.6948776,0.0033518756,0.9374577
edit,00015056_005.png,15056,0.06,cardiomegaly_0,1.8854713,0.86823833,0.4180919
edit,00015087_011.png,15087,0.06,cardiomegaly_0,-0.9475384,0.27938014,0.24031842
edit,00016191_019.png,16191,0.06,cardiomegaly_0,-4.680914,0.009185384,0.78281283
edit,00016245_000.png,16245,0.06,cardiomegaly_0,-6.2910748,0.0018493412,0.96411127
edit,00016498_001.png,16498,0.06,cardiomegaly_0,-5.946373,0.0026084871,0.9424194
edit,00016509_001.png,16509,0.06,cardiomegaly_0,-0.048826218,0.48779586,0.14133377
edit,00016512_001.png,16512,0.06,cardiomegaly_0,-2.8843536,0.052932464,0.368122
edit,00016724_002.png,16724,0.06,cardiomegaly_0,-2.167141,0.10274029,0.35019222
edit,00016865_000.png,16865,0.06,cardiomegaly_0,-3.271675,0.036555786,0.6203267
edit,00016907_000.png,16907,0.06,cardiomegaly_0,-5.4854546,0.004129526,0.88246536
edit,00017381_000.png,17381,0.06,cardiomegaly_0,-6.09881,0.0022405067,0.953853
edit,00018008_000.png,18008,0.06,cardiomegaly_0,-5.222519,0.005364789,0.8544865
edit,00018011_000.png,18011,0.06,cardiomegaly_0,-2.0544453,0.11360398,0.30779168
edit,00018488_002.png,18488,0.06,cardiomegaly_0,-4.9665966,0.006918617,0.8773016
edit,00018616_000.png,18616,0.06,cardiomegaly_0,-0.35103226,0.41313213,0.2388808
edit,00019435_003.png,19435,0.06,cardiomegaly_0,-6.2298126,0.0019659484,0.9573058
edit,00019535_002.png,19535,0.06,cardiomegaly_0,-5.7878723,0.003055133,0.9171216
edit,00019544_000.png,19544,0.06,cardiomegaly_0,-3.9693642,0.018535389,0.69385535
edit,00019911_001.png,19911,0.06,cardiomegaly_0,-5.983246,0.0025142937,0.9412217
edit,00020318_024.png,20318,0.06,cardiomegaly_0,-4.663706,0.009343325,0.84056985
edit,00020341_000.png,20341,0.06,cardiomegaly_0,-5.707758,0.0033091211,0.9242668
edit,00020642_006.png,20642,0.06,cardiomegaly_0,-4.9089775,0.007325964,0.85708493
edit,00020674_000.png,20674,0.06,cardiomegaly_0,-5.5042915,0.0040527787,0.91144633
edit,00020716_002.png,20716,0.06,cardiomegaly_0,0.09876633,0.52467155,0.10508871
edit,00020802_000.png,20802,0.06,cardiomegaly_0,-5.9733925,0.0025391271,0.9476096
edit,00021023_024.png,21023,0.06,cardiomegaly_0,-5.645529,0.0035208396,0.88663304
edit,00021569_000.png,21569,0.06,cardiomegaly_0,-5.4283867,0.0043709837,0.9089985
edit,00022341_000.png,22341,0.06,cardiomegaly_0,-5.7550716,0.0031566834,0.933969
edit,00022582_001.png,22582,0.06,cardiomegaly_0,-3.8428688,0.020982333,0.64954686
edit,00022712_000.png,22712,0.06,cardiomegaly_0,-5.093811,0.0060971924,0.89032567
edit,00023621_000.png,23621,0.06,cardiomegaly_0,-3.1206207,0.042264637,0.47253773
edit,00023776_000.png,23776,0.06,cardiomegaly_0,-5.5172424,0.0040008384,0.8925099
edit,00024192_000.png,24192,0.06,cardiomegaly_0,-5.3387375,0.0047789807,0.8857006
edit,00024326_000.png,24326,0.06,cardiomegaly_0,-6.1415005,0.0021470727,0.968908
edit,00024474_000.png,24474,0.06,cardiomegaly_0,-5.4465103,0.004292816,0.9091288
edit,00024583_000.png,24583,0.06,cardiomegaly_0,-5.973467,0.002538939,0.9474585
edit,00025054_000.png,25054,0.06,cardiomegaly_0,-5.730797,0.0032339983,0.93950915
edit,00026354_001.png,26354,0.06,cardiomegaly_0,0.41362762,0.6019574,0.13854674
edit,00026807_000.png,26807,0.06,cardiomegaly_0,-6.018093,0.0024283957,0.95019525
edit,00027305_000.png,27305,0.06,cardiomegaly_0,-5.6402054,0.0035395657,0.93184364
edit,00028027_005.png,28027,0.06,cardiomegaly_0,-2.7789154,0.058474243,0.45642444
edit,00028053_000.png,28053,0.06,cardiomegaly_0,-6.0977345,0.0022429128,0.957833
edit,00028457_000.png,28457,0.06,cardiomegaly_0,2.8511524,0.94537824,0.7138467
edit,00028962_000.png,28962,0.06,cardiomegaly_0,-5.882227,0.002780814,0.9346939
edit,00029393_000.png,29393,0.06,cardiomegaly_0,1.6912422,0.8443875,0.19010894
edit,00029569_000.png,29569,0.06,cardiomegaly_0,-0.22782516,0.44328877,0.1415437
edit,00029648_000.png,29648,0.06,cardiomegaly_0,-3.4166393,0.03177947,0.6201326
edit,00030332_000.png,30332,0.06,cardiomegaly_0,-5.93964,0.0026260628,0.93921393
edit,00030805_000.png,30805,0.06,cardiomegaly_0,-4.5910225,0.010040646,0.80514944
edit,00001059_006.png,1059,0.12,cardiomegaly_0,-1.2200336,0.22793055,0.21018548
edit,00001174_000.png,1174,0.12,cardiomegaly_0,-3.2349815,0.037870318,0.61267084
edit,00001470_001.png,1470,0.12,cardiomegaly_0,0.7799282,0.68566465,0.24835427
edit,00001606_004.png,1606,0.12,cardiomegaly_0,4.655264,0.99057823,0.8835509
edit,00002139_000.png,2139,0.12,cardiomegaly_0,-2.380375,0.0846815,0.40112942
edit,00002355_005.png,2355,0.12,cardiomegaly_0,4.7566547,0.991479,0.92543083
edit,00002492_010.png,2492,0.12,cardiomegaly_0,-4.805588,0.008117457,0.8065764
edit,00002566_000.png,2566,0.12,cardiomegaly_0,5.0410385,0.99357456,0.9474121
edit,00003064_010.png,3064,0.12,cardiomegaly_0,-3.4051876,0.032133732,0.5522023
edit,00003804_012.png,3804,0.12,cardiomegaly_0,-5.376213,0.0046040094,0.8921546
edit,00003917_000.png,3917,0.12,cardiomegaly_0,-1.3712673,0.20241518,0.15648152
edit,00004057_000.png,4057,0.12,cardiomegaly_0,-5.719141,0.0032717895,0.88414574
edit,00005623_000.png,5623,0.12,cardiomegaly_0,-5.88365,0.002776871,0.9203424
edit,00006012_000.png,6012,0.12,cardiomegaly_0,-2.0274372,0.11635215,0.33769384
edit,00006791_002.png,6791,0.12,cardiomegaly_0,4.5084953,0.9891049,0.91900986
edit,00006921_000.png,6921,0.12,cardiomegaly_0,-5.5423164,0.0039021554,0.88203514
edit,00006981_017.png,6981,0.12,cardiomegaly_0,-5.481882,0.0041442434,0.8755174
edit,00007082_000.png,7082,0.12,cardiomegaly_0,3.7095985,0.97609794,0.7360574
edit,00007159_000.png,7159,0.12,cardiomegaly_0,4.1378765,0.984294,0.8784132
edit,00007340_004.png,7340,0.12,cardiomegaly_0,-2.7767086,0.058595855,0.4654821
edit,00007589_000.png,7589,0.12,cardiomegaly_0,-5.896826,0.0027406225,0.9472177
edit,00007931_000.png,7931,0.12,cardiomegaly_0,1.170948,0.7633163,0.22923131
edit,00008142_005.png,8142,0.12,cardiomegaly_0,-5.9344864,0.002639596,0.95264554
edit,00008147_000.png,8147,0.12,cardiomegaly_0,-5.938038,0.0026302626,0.951036
edit,00008184_003.png,8184,0.12,cardiomegaly_0,-4.1294746,0.0158365,0.7682259
edit,00008359_000.png,8359,0.12,cardiomegaly_0,4.1676235,0.9847473,0.75268656
edit,00008386_001.png,8386,0.12,cardiomegaly_0,-5.7258396,0.0032500173,0.94209623
edit,00008802_008.png,8802,0.12,cardiomegaly_0,-2.607439,0.06866119,0.36008817
edit,00009090_001.png,9090,0.12,cardiomegaly_0,6.4343185,0.99839705,0.97128236
edit,00009105_003.png,9105,0.12,cardiomegaly_0,-1.0595341,0.25739852,0.2361049
edit,00009306_000.png,9306,0.12,cardiomegaly_0,-5.428419,0.004370842,0.90833026
edit,00009335_000.png,9335,0.12,cardiomegaly_0,3.3735695,0.9668683,0.6988566
edit,00009409_002.png,9409,0.12,cardiomegaly_0,-3.6348858,0.025708577,0.62617576
edit,00009761_000.png,9761,0.12,cardiomegaly_0,4.9756374,0.9931432,0.945929
edit,00010465_001.png,10465,0.12,cardiomegaly_0,0.40790176,0.6005846,0.13240105
edit,00010892_000.png,10892,0.12,cardiomegaly_0,-3.8604393,0.020624423,0.6957464
edit,00010931_003.png,10931,0.12,cardiomegaly_0,-4.5498924,0.01045782,0.7297683
edit,00010964_000.png,10964,0.12,cardiomegaly_0,0.060840607,0.51520544,0.17125118
edit,00011611_000.png,11611,0.12,cardiomegaly_0,-4.7752,0.00836582,0.76817656
edit,00012129_000.png,12129,0.12,cardiomegaly_0,-4.8069534,0.008106468,0.86986524
edit,00012400_000.png,12400,0.12,cardiomegaly_0,2.0149727,0.88236016,0.26260263
edit,00012772_003.png,12772,0.12,cardiomegaly_0,-5.3900375,0.0045410865,0.8903524
edit,00012902_001.png,12902,0.12,cardiomegaly_0,-4.084448,0.016553791,0.70104045
edit,00013441_000.png,13441,0.12,cardiomegaly_0,-0.61999893,0.3497817,0.109810784
edit,00013678_003.png,13678,0.12,cardiomegaly_0,2.180687,0.89850175,0.38003862
edit,00013759_000.png,13759,0.12,cardiomegaly_0,-5.9734135,0.002539074,0.9616341
edit,00014281_000.png,14281,0.12,cardiomegaly_0,-5.5463734,0.0038864182,0.8768984
edit,00014295_001.png,14295,0.12,cardiomegaly_0,-5.856262,0.0028537535,0.9344723
edit,00014387_006.png,14387,0.12,cardiomegaly_0,0.43900108,0.608021,0.22482057
edit,00014838_000.png,14838,0.12,cardiomegaly_0,2.6754265,0.93556094,0.5453564
edit,00014954_000.png,14954,0.12,cardiomegaly_0,-5.6617336,0.0034644406,0.92952144
edit,00015056_005.png,15056,0.12,cardiomegaly_0,4.280115,0.9863479,0.892292
edit,00015087_011.png,15087,0.12,cardiomegaly_0,2.9160156,0.9486325,0.6917534
edit,00016191_019.png,16191,0.12,cardiomegaly_0,-2.238041,0.09638603,0.3770653
edit,00016245_000.png,16245,0.12,cardiomegaly_0,-6.182276,0.002061463,0.9548922
edit,00016498_001.png,16498,0.12,cardiomegaly_0,-5.827959,0.0029354375,0.9286391
edit,00016509_001.png,16509,0.12,cardiomegaly_0,3.340767,0.9658012,0.642873
edit,00016512_001.png,16512,0.12,cardiomegaly_0,0.30491066,0.5756425,0.07920155
edit,00016724_002.png,16724,0.12,cardiomegaly_0,0.35707855,0.5883331,0.14185481
edit,00016865_000.png,16865,0.12,cardiomegaly_0,-0.15699577,0.4608315,0.16633622
edit,00016907_000.png,16907,0.12,cardiomegaly_0,-5.546444,0.0038861448,0.887886
edit,00017381_000.png,17381,0.12,cardiomegaly_0,-5.71591,0.0032823433,0.92415863
edit,00018008_000.png,18008,0.12,cardiomegaly_0,-5.243557,0.0052536903,0.84725505
edit,00018011_000.png,18011,0.12,cardiomegaly_0,2.2503147,0.9046776,0.28651586
edit,00018488_002.png,18488,0.12,cardiomegaly_0,-4.7629433,0.008468114,0.860633
edit,00018616_000.png,18616,0.12,cardiomegaly_0,2.801115,0.9427361,0.6228358
edit,00019435_003.png,19435,0.12,cardiomegaly_0,-6.093689,0.0022519843,0.9538647
edit,00019535_002.png,19535,0.12,cardiomegaly_0,-5.2494755,0.0052228495,0.85086536
edit,00019544_000.png,19544,0.12,cardiomegaly_0,-0.09864044,0.47535986,0.13426507
edit,00019911_001.png,19911,0.12,cardiomegaly_0,-5.151003,0.005760219,0.87869227
edit,00020318_024.png,20318,0.12,cardiomegaly_0,-4.2910995,0.013504983,0.80683374
edit,00020341_000.png,20341,0.12,cardiomegaly_0,-5.647331,0.0035145215,0.92317104
edit,00020642_006.png,20642,0.12,cardiomegaly_0,-2.9947243,0.047664784,0.52974325
edit,00020674_000.png,20674,0.12,cardiomegaly_0,-5.321539,0.0048614806,0.88054967
edit,00020716_002.png,20716,0.12,cardiomegaly_0,3.1416912,0.9585801,0.6605422
edit,00020802_000.png,20802,0.12,cardiomegaly_0,-5.9418106,0.0026203839,0.9420972
edit,00021023_024.png,21023,0.12,cardiomegaly_0,-5.4880753,0.0041187624,0.8621986
edit,00021569_000.png,21569,0.12,cardiomegaly_0,-4.4766235,0.011243883,0.7820657
edit,00022341_000.png,22341,0.12,cardiomegaly_0,-5.3529396,0.0047119064,0.8604617
edit,00022582_001.png,22582,0.12,cardiomegaly_0,0.4542675,0.6116534,0.13392971
edit,00022712_000.png,22712,0.12,cardiomegaly_0,-2.9244022,0.050960366,0.51186955
edit,00023621_000.png,23621,0.12,cardiomegaly_0,3.491499,0.97044486,0.65398633
edit,00023776_000.png,23776,0.12,cardiomegaly_0,-5.11199,0.0059880107,0.83751225
edit,00024192_000.png,24192,0.12,cardiomegaly_0,-2.500473,0.07582503,0.42615724
edit,00024326_000.png,24326,0.12,cardiomegaly_0,-6.0732555,0.0022983667,0.96884817
edit,00024474_000.png,24474,0.12,cardiomegaly_0,-4.5139236,0.01083667,0.7852347
edit,00024583_000.png,24583,0.12,cardiomegaly_0,-5.950638,0.0025974147,0.9466558
edit,00025054_000.png,25054,0.12,cardiomegaly_0,-4.5252666,0.010715755,0.79297763
edit,00026354_001.png,26354,0.12,cardiomegaly_0,4.7152176,0.99112165,0.8830917
edit,00026807_000.png,26807,0.12,cardiomegaly_0,-5.956272,0.002582859,0.9496472
edit,00027305_000.png,27305,0.12,cardiomegaly_0,-5.535227,0.003929809,0.9253861
edit,00028027_005.png,28027,0.12,cardiomegaly_0,-2.5300655,0.07377717,0.37456393
edit,00028053_000.png,28053,0.12,cardiomegaly_0,-5.944784,0.0026126239,0.94690365
edit,00028457_000.png,28457,0.12,cardiomegaly_0,5.071043,0.99376327,0.9470982
edit,00028962_000.png,28962,0.12,cardiomegaly_0,-5.1878414,0.005553039,0.8704193
edit,00029393_000.png,29393,0.12,cardiomegaly_0,3.401867,0.9677628,0.598342
edit,00029569_000.png,29569,0.12,cardiomegaly_0,3.6712894,0.97518766,0.7074555
edit,00029648_000.png,29648,0.12,cardiomegaly_0,-0.30007744,0.42553854,0.15549847
edit,00030332_000.png,30332,0.12,cardiomegaly_0,-5.4816666,0.0041451333,0.89925706
edit,00030805_000.png,30805,0.12,cardiomegaly_0,-1.240408,0.22436498,0.15000756
edit,00001059_006.png,1059,0.18,cardiomegaly_0,-0.128788,0.46784747,0.15381889
edit,00001174_000.png,1174,0.18,cardiomegaly_0,-0.08587837,0.4785436,0.14814733
edit,00001470_001.png,1470,0.18,cardiomegaly_0,1.8603706,0.8653401,0.44068882
edit,00001606_004.png,1606,0.18,cardiomegaly_0,5.481352,0.99585354,0.9254656
edit,00002139_000.png,2139,0.18,cardiomegaly_0,2.1099567,0.89186716,0.43802464
edit,00002355_005.png,2355,0.18,cardiomegaly_0,5.8563957,0.99714667,0.9566186
edit,00002492_010.png,2492,0.18,cardiomegaly_0,-0.8933792,0.290413,0.21188638
edit,00002566_000.png,2566,0.18,cardiomegaly_0,5.812647,0.99701935,0.9665171
edit,00003064_010.png,3064,0.18,cardiomegaly_0,0.6663742,0.6606908,0.17273897
edit,00003804_012.png,3804,0.18,cardiomegaly_0,-3.8942184,0.019953052,0.61726016
edit,00003917_000.png,3917,0.18,cardiomegaly_0,2.5227127,0.9257188,0.3664334
edit,00004057_000.png,4057,0.18,cardiomegaly_0,-5.67844,0.0034072387,0.8840676
edit,00005623_000.png,5623,0.18,cardiomegaly_0,-5.567581,0.0038051738,0.90066195
edit,00006012_000.png,6012,0.18,cardiomegaly_0,-0.40587616,0.3999014,0.18189448
edit,00006791_002.png,6791,0.18,cardiomegaly_0,5.9198933,0.9973218,0.9670435
edit,00006921_000.png,6921,0.18,cardiomegaly_0,-5.3101482,0.0049168984,0.8440241
edit,00006981_017.png,6981,0.18,cardiomegaly_0,-5.30455,0.0049443645,0.8383697
edit,00007082_000.png,7082,0.18,cardiomegaly_0,5.655115,0.9965126,0.9486998
edit,00007159_000.png,7159,0.18,cardiomegaly_0,5.871916,0.9971904,0.96286005
edit,00007340_004.png,7340,0.18,cardiomegaly_0,0.34762192,0.58604074,0.18730286
edit,00007589_000.png,7589,0.18,cardiomegaly_0,-2.8527222,0.054540772,0.5026762
edit,00007931_000.png,7931,0.18,cardiomegaly_0,4.740061,0.99133754,0.9183199
edit,00008142_005.png,8142,0.18,cardiomegaly_0,-5.8565445,0.0028529505,0.9439376
edit,00008147_000.png,8147,0.18,cardiomegaly_0,-5.711643,0.0032963317,0.93298703
edit,00008184_003.png,8184,0.18,cardiomegaly_0,1.7695904,0.8544067,0.39172778
edit,00008359_000.png,8359,0.18,cardiomegaly_0,5.3952026,0.9954822,0.91977274
edit,00008386_001.png,8386,0.18,cardiomegaly_0,-4.2404537,0.014196609,0.7537167
edit,00008802_008.png,8802,0.18,cardiomegaly_0,2.2656555,0.9059924,0.293151
edit,00009090_001.png,9090,0.18,cardiomegaly_0,6.780266,0.99886537,0.9794451
edit,00009105_003.png,9105,0.18,cardiomegaly_0,1.9988041,0.88067144,0.35204092
edit,00009306_000.png,9306,0.18,cardiomegaly_0,0.32310104,0.5800798,0.19967844
edit,00009335_000.png,9335,0.18,cardiomegaly_0,5.349842,0.99527353,0.92332405
edit,00009409_002.png,9409,0.18,cardiomegaly_0,-0.7540455,0.31994045,0.13815781
edit,00009761_000.png,9761,0.18,cardiomegaly_0,5.4951153,0.99591005,0.9613979
edit,00010465_001.png,10465,0.18,cardiomegaly_0,4.0931168,0.9835867,0.74821544
edit,00010892_000.png,10892,0.18,cardiomegaly_0,-1.228817,0.22638856,0.16563019
edit,00010931_003.png,10931,0.18,cardiomegaly_0,1.2644272,0.77978724,0.1307036
edit,00010964_000.png,10964,0.18,cardiomegaly_0,4.2840996,0.9864014,0.848477
edit,00011611_000.png,11611,0.18,cardiomegaly_0,-2.118929,0.1072706,0.2816624
edit,00012129_000.png,12129,0.18,cardiomegaly_0,-1.8747902,0.13298842,0.35260212
edit,00012400_000.png,12400,0.18,cardiomegaly_0,4.6781063,0.990789,0.8261153
edit,00012772_003.png,12772,0.18,cardiomegaly_0,-4.918867,0.0072543942,0.8130494
edit,00012902_001.png,12902,0.18,cardiomegaly_0,-2.7575455,0.059661925,0.42372513
edit,00013441_000.png,13441,0.18,cardiomegaly_0,4.9849854,0.9932066,0.8412021
edit,00013678_003.png,13678,0.18,cardiomegaly_0,5.0734577,0.9937782,0.89753723
edit,00013759_000.png,13759,0.18,cardiomegaly_0,-5.5920467,0.0037135493,0.9501931
edit,00014281_000.png,14281,0.18,cardiomegaly_0,-4.610592,0.009847983,0.7359964
edit,00014295_001.png,14295,0.18,cardiomegaly_0,-5.780054,0.0030790383,0.919676
edit,00014387_006.png,14387,0.18,cardiomegaly_0,1.9989357,0.88068527,0.42972788
edit,00014838_000.png,14838,0.18,cardiomegaly_0,4.79751,0.9918173,0.88770497
edit,00014954_000.png,14954,0.18,cardiomegaly_0,-5.5633965,0.0038210698,0.9208612
edit,00015056_005.png,15056,0.18,cardiomegaly_0,5.488989,0.99588495,0.9544731
edit,00015087_011.png,15087,0.18,cardiomegaly_0,3.9690857,0.9814595,0.86521757
edit,00016191_019.png,16191,0.18,cardiomegaly_0,0.56554604,0.63773483,0.2594946
edit,00016245_000.png,16245,0.18,cardiomegaly_0,-5.9604797,0.0025720422,0.95039886
edit,00016498_001.png,16498,0.18,cardiomegaly_0,-4.1249046,0.015907886,0.72706836
edit,00016509_001.png,16509,0.18,cardiomegaly_0,6.009184,0.99754995,0.9560427
edit,00016512_001.png,16512,0.18,cardiomegaly_0,3.3953686,0.96755946,0.50098807
edit,00016724_002.png,16724,0.18,cardiomegaly_0,3.1714783,0.9597468,0.7174361
edit,00016865_000.png,16865,0.18,cardiomegaly_0,3.339777,0.96576846,0.6583695
edit,00016907_000.png,16907,0.18,cardiomegaly_0,-5.575638,0.0037747556,0.88829005
edit,00017381_000.png,17381,0.18,cardiomegaly_0,-2.4094276,0.08245661,0.324124
edit,00018008_000.png,18008,0.18,cardiomegaly_0,-4.835333,0.007881433,0.7994423
edit,00018011_000.png,18011,0.18,cardiomegaly_0,4.2226486,0.985552,0.7252832
edit,00018488_002.png,18488,0.18,cardiomegaly_0,-4.365431,0.0125496825,0.8175947
edit,00018616_000.png,18616,0.18,cardiomegaly_0,4.30529,0.9866828,0.85765475
edit,00019435_003.png,19435,0.18,cardiomegaly_0,-4.1242294,0.015918458,0.7165621
edit,00019535_002.png,19535,0.18,cardiomegaly_0,-2.5298977,0.073788635,0.35059276
edit,00019544_000.png,19544,0.18,cardiomegaly_0,2.6675148,0.9350824,0.4260379
edit,00019911_001.png,19911,0.18,cardiomegaly_0,-3.8515797,0.02080414,0.72580457
edit,00020318_024.png,20318,0.18,cardiomegaly_0,0.66300774,0.6599357,0.25859776
edit,00020341_000.png,20341,0.18,cardiomegaly_0,-5.648819,0.003509315,0.8977662
edit,00020642_006.png,20642,0.18,cardiomegaly_0,1.5021324,0.8178923,0.26239565
edit,00020674_000.png,20674,0.18,cardiomegaly_0,-3.114994,0.042492986,0.47013256
edit,00020716_002.png,20716,0.18,cardiomegaly_0,5.526579,0.99603623,0.94241244
edit,00020802_000.png,20802,0.18,cardiomegaly_0,-5.8471813,0.0028797113,0.9336101
edit,00021023_024.png,21023,0.18,cardiomegaly_0,-5.1294327,0.0058850786,0.79726493
edit,00021569_000.png,21569,0.18,cardiomegaly_0,0.90548325,0.712075,0.16022584
edit,00022341_000.png,22341,0.18,cardiomegaly_0,-1.8206425,0.13935679,0.21834472
edit,00022582_001.png,22582,0.18,cardiomegaly_0,2.8761082,0.94665265,0.5179878
edit,00022712_000.png,22712,0.18,cardiomegaly_0,0.9470978,0.72053117,0.18184245
edit,00023621_000.png,23621,0.18,cardiomegaly_0,5.4128284,0.99556077,0.91874135
edit,00023776_000.png,23776,0.18,cardiomegaly_0,-1.8016739,0.14164743,0.23767105
edit,00024192_000.png,24192,0.18,cardiomegaly_0,0.9534645,0.72181135,0.14960834
edit,00024326_000.png,24326,0.18,cardiomegaly_0,-6.000183,0.0024721716,0.968603
edit,00024474_000.png,24474,0.18,cardiomegaly_0,-3.2361526,0.03782767,0.5613342
edit,00024583_000.png,24583,0.18,cardiomegaly_0,-5.89855,0.002735914,0.94144154
edit,00025054_000.png,25054,0.18,cardiomegaly_0,-0.34391785,0.41485807,0.14453252
edit,00026354_001.png,26354,0.18,cardiomegaly_0,6.087631,0.9977343,0.945906
edit,00026807_000.png,26807,0.18,cardiomegaly_0,-6.068098,0.0023102236,0.9519626
edit,00027305_000.png,27305,0.18,cardiomegaly_0,-3.4588203,0.030506905,0.62428284
edit,00028027_005.png,28027,0.18,cardiomegaly_0,-2.230442,0.09704991,0.37862954
edit,00028053_000.png,28053,0.18,cardiomegaly_0,-5.197748,0.0054985993,0.87835926
edit,00028457_000.png,28457,0.18,cardiomegaly_0,6.0568275,0.9976636,0.9701639
edit,00028962_000.png,28962,0.18,cardiomegaly_0,-0.8996868,0.28911486,0.3093761
edit,00029393_000.png,29393,0.18,cardiomegaly_0,4.816065,0.9919665,0.8621559
edit,00029569_000.png,29569,0.18,cardiomegaly_0,5.4722805,0.99581593,0.9090698
edit,00029648_000.png,29648,0.18,cardiomegaly_0,4.5149784,0.9891746,0.8604504
edit,00030332_000.png,30332,0.18,cardiomegaly_0,-3.9713936,0.018498505,0.689673
edit,00030805_000.png,30805,0.18,cardiomegaly_0,2.7145348,0.93787885,0.36738864
edit,00001059_006.png,1059,0.24,cardiomegaly_0,4.3521156,0.9872843,0.91117644
edit,00001174_000.png,1174,0.24,cardiomegaly_0,3.1674976,0.95959264,0.5660575
edit,00001470_001.png,1470,0.24,cardiomegaly_0,2.6935883,0.93664724,0.71530426
edit,00001606_004.png,1606,0.24,cardiomegaly_0,5.961216,0.9974298,0.9410384
edit,00002139_000.png,2139,0.24,cardiomegaly_0,4.6914673,0.9909101,0.8738463
edit,00002355_005.png,2355,0.24,cardiomegaly_0,6.468006,0.99845004,0.97307
edit,00002492_010.png,2492,0.24,cardiomegaly_0,1.1942406,0.7674986,0.24207631
edit,00002566_000.png,2566,0.24,cardiomegaly_0,6.1788197,0.99793136,0.97346175
edit,00003064_010.png,3064,0.24,cardiomegaly_0,3.6527977,0.97473633,0.77317286
edit,00003804_012.png,3804,0.24,cardiomegaly_0,-2.430851,0.08085021,0.38203663
edit,00003917_000.png,3917,0.24,cardiomegaly_0,4.9792404,0.9931677,0.8993802
edit,00004057_000.png,4057,0.24,cardiomegaly_0,-5.604393,0.0036681497,0.88526976
edit,00005623_000.png,5623,0.24,cardiomegaly_0,-5.2091637,0.0054365257,0.855091
edit,00006012_000.png,6012,0.24,cardiomegaly_0,3.1336193,0.95825833,0.67535603
edit,00006791_002.png,6791,0.24,cardiomegaly_0,6.452284,0.9984256,0.98138696
edit,00006921_000.png,6921,0.24,cardiomegaly_0,-4.4847107,0.011154328,0.7402854
edit,00006981_017.png,6981,0.24,cardiomegaly_0,-4.6351852,0.00961104,0.7348839
edit,00007082_000.png,7082,0.24,cardiomegaly_0,6.743334,0.9988226,0.9741746
edit,00007159_000.png,7159,0.24,cardiomegaly_0,6.3068924,0.9981797,0.97052264
edit,00007340_004.png,7340,0.24,cardiomegaly_0,1.9858685,0.8793053,0.41005287
edit,00007589_000.png,7589,0.24,cardiomegaly_0,1.7089615,0.8467015,0.35867205
edit,00007931_000.png,7931,0.24,cardiomegaly_0,5.790392,0.99695253,0.9662205
edit,00008142_005.png,8142,0.24,cardiomegaly_0,-4.981209,0.0068189413,0.874623
edit,00008147_000.png,8147,0.24,cardiomegaly_0,-5.19907,0.005491376,0.89409214
edit,00008184_003.png,8184,0.24,cardiomegaly_0,5.3443565,0.99524766,0.934013
edit,00008359_000.png,8359,0.24,cardiomegaly_0,6.1248283,0.9978169,0.94909114
edit,00008386_001.png,8386,0.24,cardiomegaly_0,2.3595963,0.91369396,0.55481416
edit,00008802_008.png,8802,0.24,cardiomegaly_0,5.637497,0.9964509,0.93323475
edit,00009090_001.png,9090,0.24,cardiomegaly_0,6.9288635,0.9990219,0.9816411
edit,00009105_003.png,9105,0.24,cardiomegaly_0,4.2701817,0.9862135,0.7703204
edit,00009306_000.png,9306,0.24,cardiomegaly_0,3.3126488,0.96486014,0.70351547
edit,00009335_000.png,9335,0.24,cardiomegaly_0,5.8996487,0.9972671,0.95177275
edit,00009409_002.png,9409,0.24,cardiomegaly_0,1.7465153,0.85151273,0.2143491
edit,00009761_000.png,9761,0.24,cardiomegaly_0,6.0131664,0.99755967,0.969607
edit,00010465_001.png,10465,0.24,cardiomegaly_0,5.694788,0.9966478,0.91587514
edit,00010892_000.png,10892,0.24,cardiomegaly_0,2.619835,0.93212724,0.39987594
edit,00010931_003.png,10931,0.24,cardiomegaly_0,5.1624813,0.9943051,0.8960142
edit,00010964_000.png,10964,0.24,cardiomegaly_0,6.0159626,0.99756646,0.95416486
edit,00011611_000.png,11611,0.24,cardiomegaly_0,1.7502193,0.85198045,0.23936637
edit,00012129_000.png,12129,0.24,cardiomegaly_0,3.0493202,0.9547531,0.68138003
edit,00012400_000.png,12400,0.24,cardiomegaly_0,6.0185547,0.9975727,0.9241736
edit,00012772_003.png,12772,0.24,cardiomegaly_0,-2.5063076,0.07541717,0.33338633
edit,00012902_001.png,12902,0.24,cardiomegaly_0,-0.0065307617,0.49836728,0.16947171
edit,00013441_000.png,13441,0.24,cardiomegaly_0,5.650738,0.99649745,0.8974821
edit,00013678_003.png,13678,0.24,cardiomegaly_0,6.0887775,0.99773693,0.9465598
edit,00013759_000.png,13759,0.24,cardiomegaly_0,-2.9053974,0.051887397,0.60897344
edit,00014281_000.png,14281,0.24,cardiomegaly_0,-0.7159538,0.32828462,0.16224648
edit,00014295_001.png,14295,0.24,cardiomegaly_0,-5.7574863,0.003149094,0.92678213
edit,00014387_006.png,14387,0.24,cardiomegaly_0,2.9461174,0.9500797,0.6293986
edit,00014838_000.png,14838,0.24,cardiomegaly_0,6.273159,0.9981173,0.958241
edit,00014954_000.png,14954,0.24,cardiomegaly_0,-4.017708,0.017676096,0.6636479
edit,00015056_005.png,15056,0.24,cardiomegaly_0,6.0163994,0.99756753,0.96741587
edit,00015087_011.png,15087,0.24,cardiomegaly_0,5.601204,0.9963201,0.96291465
edit,00016191_019.png,16191,0.24,cardiomegaly_0,3.5902405,0.9731492,0.8169494
edit,00016245_000.png,16245,0.24,cardiomegaly_0,-2.997284,0.047548726,0.5478244
edit,00016498_001.png,16498,0.24,cardiomegaly_0,-3.07234,0.04426273,0.4899952
edit,00016509_001.png,16509,0.24,cardiomegaly_0,6.2435646,0.9980609,0.9620852
edit,00016512_001.png,16512,0.24,cardiomegaly_0,5.661333,0.9965341,0.89804775
edit,00016724_002.png,16724,0.24,cardiomegaly_0,4.715645,0.9911254,0.94880885
edit,00016865_000.png,16865,0.24,cardiomegaly_0,4.6151543,0.99019635,0.8584036
edit,00016907_000.png,16907,0.24,cardiomegaly_0,-5.5739174,0.0037812304,0.8878645
edit,00017381_000.png,17381,0.24,cardiomegaly_0,3.2242165,0.9617355,0.65008456
edit,00018008_000.png,18008,0.24,cardiomegaly_0,-4.858362,0.007703385,0.7929152
edit,00018011_000.png,18011,0.24,cardiomegaly_0,5.4608536,0.9957681,0.871037
edit,00018488_002.png,18488,0.24,cardiomegaly_0,-4.3274956,0.013028582,0.7977055
edit,00018616_000.png,18616,0.24,cardiomegaly_0,4.5338955,0.98937535,0.88502485
edit,00019435_003.png,19435,0.24,cardiomegaly_0,-0.484766,0.38112733,0.12455052
edit,00019535_002.png,19535,0.24,cardiomegaly_0,1.3637943,0.7963757,0.3020574
edit,00019544_000.png,19544,0.24,cardiomegaly_0,4.879818,0.9924589,0.8318555
edit,00019911_001.png,19911,0.24,cardiomegaly_0,1.8490849,0.8640196,0.33815584
edit,00020318_024.png,20318,0.24,cardiomegaly_0,0.99318504,0.7297166,0.2843004
edit,00020341_000.png,20341,0.24,cardiomegaly_0,-1.6242409,0.16462083,0.3299375
edit,00020642_006.png,20642,0.24,cardiomegaly_0,4.3163013,0.98682666,0.8305139
edit,00020674_000.png,20674,0.24,cardiomegaly_0,2.2209244,0.9021128,0.3166781
edit,00020716_002.png,20716,0.24,cardiomegaly_0,6.212015,0.9979988,0.9633354
edit,00020802_000.png,20802,0.24,cardiomegaly_0,-5.1113033,0.0059920996,0.8575825
edit,00021023_024.png,21023,0.24,cardiomegaly_0,-4.6309204,0.009651721,0.7248416
edit,00021569_000.png,21569,0.24,cardiomegaly_0,2.988884,0.95206934,0.5079077
edit,00022341_000.png,22341,0.24,cardiomegaly_0,2.2256927,0.9025332,0.29064408
edit,00022582_001.png,22582,0.24,cardiomegaly_0,5.767437,0.99688196,0.9355767
edit,00022712_000.png,22712,0.24,cardiomegaly_0,2.5395012,0.92686504,0.48939064
edit,00023621_000.png,23621,0.24,cardiomegaly_0,6.420788,0.9983753,0.9634466
edit,00023776_000.png,23776,0.24,cardiomegaly_0,1.4388332,0.8082739,0.20955619
edit,00024192_000.png,24192,0.24,cardiomegaly_0,3.2388172,0.96226925,0.57359207
edit,00024326_000.png,24326,0.24,cardiomegaly_0,-5.8131943,0.0029789698,0.9455038
edit,00024474_000.png,24474,0.24,cardiomegaly_0,-0.5762062,0.359806,0.12311808
edit,00024583_000.png,24583,0.24,cardiomegaly_0,-3.4377365,0.031136693,0.53026295
edit,00025054_000.png,25054,0.24,cardiomegaly_0,3.7037659,0.9759615,0.7771402
edit,00026354_001.png,26354,0.24,cardiomegaly_0,6.7304344,0.99880743,0.97024035
edit,00026807_000.png,26807,0.24,cardiomegaly_0,-5.9290047,0.0026540663,0.95115775
edit,00027305_000.png,27305,0.24,cardiomegaly_0,0.798542,0.6896625,0.20993772
edit,00028027_005.png,28027,0.24,cardiomegaly_0,-1.2819328,0.2172214,0.25143108
edit,00028053_000.png,28053,0.24,cardiomegaly_0,-0.8429737,0.30090883,0.1874097
edit,00028457_000.png,28457,0.24,cardiomegaly_0,6.5516148,0.99857426,0.9790911
edit,00028962_000.png,28962,0.24,cardiomegaly_0,2.964754,0.95095617,0.7765101
edit,00029393_000.png,29393,0.24,cardiomegaly_0,5.4085045,0.99554163,0.9115718
edit,00029569_000.png,29569,0.24,cardiomegaly_0,6.0973587,0.9977563,0.94736665
edit,00029648_000.png,29648,0.24,cardiomegaly_0,5.9075813,0.9972886,0.94752586
edit,00030332_000.png,30332,0.24,cardiomegaly_0,-0.9012222,0.28879938,0.20028119
edit,00030805_000.png,30805,0.24,cardiomegaly_0,5.4360676,0.9956623,0.8877955
edit,00001059_006.png,1059,0.3,cardiomegaly_0,5.3463383,0.9952571,0.94806856
edit,00001174_000.png,1174,0.3,cardiomegaly_0,5.2525883,0.99479324,0.89819497
edit,00001470_001.png,1470,0.3,cardiomegaly_0,3.6997948,0.9758681,0.8777739
edit,00001606_004.png,1606,0.3,cardiomegaly_0,6.16498,0.99790263,0.9573576
edit,00002139_000.png,2139,0.3,cardiomegaly_0,5.5262966,0.99603504,0.92584497
edit,00002355_005.png,2355,0.3,cardiomegaly_0,6.568144,0.99859756,0.97544605
edit,00002492_010.png,2492,0.3,cardiomegaly_0,1.6396408,0.8374861,0.25444317
edit,00002566_000.png,2566,0.3,cardiomegaly_0,6.090124,0.99774003,0.973632
edit,00003064_010.png,3064,0.3,cardiomegaly_0,5.7403164,0.99679655,0.9340201
edit,00003804_012.png,3804,0.3,cardiomegaly_0,1.4121132,0.804099,0.2385219
edit,00003917_000.png,3917,0.3,cardiomegaly_0,6.2017403,0.99797827,0.9526246
edit,00004057_000.png,4057,0.3,cardiomegaly_0,-4.3149853,0.013190433,0.6859205
edit,00005623_000.png,5623,0.3,cardiomegaly_0,-2.1427364,0.105011925,0.26324838
edit,00006012_000.png,6012,0.3,cardiomegaly_0,4.520046,0.9892287,0.855687
edit,00006791_002.png,6791,0.3,cardiomegaly_0,6.5712605,0.998602,0.9794307
edit,00006921_000.png,6921,0.3,cardiomegaly_0,-0.6869564,0.33471048,0.12338077
edit,00006981_017.png,6981,0.3,cardiomegaly_0,-0.27562332,0.4315271,0.15746358
edit,00007082_000.png,7082,0.3,cardiomegaly_0,6.711273,0.99878436,0.9768635
edit,00007159_000.png,7159,0.3,cardiomegaly_0,6.4456234,0.998415,0.9740412
edit,00007340_004.png,7340,0.3,cardiomegaly_0,5.10244,0.99395484,0.9180718
edit,00007589_000.png,7589,0.3,cardiomegaly_0,3.1596794,0.9592884,0.71116734
edit,00007931_000.png,7931,0.3,cardiomegaly_0,6.109373,0.997783,0.9707799
edit,00008142_005.png,8142,0.3,cardiomegaly_0,-2.9073315,0.05179233,0.5145376
edit,00008147_000.png,8147,0.3,cardiomegaly_0,-1.1639099,0.23795758,0.24886997
edit,00008184_003.png,8184,0.3,cardiomegaly_0,5.9333935,0.99735755,0.95795286
edit,00008359_000.png,8359,0.3,cardiomegaly_0,6.541792,0.99856013,0.9581668
edit,00008386_001.png,8386,0.3,cardiomegaly_0,4.547241,0.9895147,0.93374556
edit,00008802_008.png,8802,0.3,cardiomegaly_0,6.447754,0.99841845,0.958256
edit,00009090_001.png,9090,0.3,cardiomegaly_0,7.0383644,0.99912316,0.98529047
edit,00009105_003.png,9105,0.3,cardiomegaly_0,5.9790115,0.9974751,0.9237033
edit,00009306_000.png,9306,0.3,cardiomegaly_0,3.937151,0.9808694,0.80858904
edit,00009335_000.png,9335,0.3,cardiomegaly_0,6.3553123,0.99826556,0.9629567
edit,00009409_002.png,9409,0.3,cardiomegaly_0,4.05081,0.9828896,0.7325237
edit,00009761_000.png,9761,0.3,cardiomegaly_0,6.2878075,0.9981446,0.9697674
edit,00010465_001.png,10465,0.3,cardiomegaly_0,6.3692226,0.9982894,0.9521537
edit,00010892_000.png,10892,0.3,cardiomegaly_0,4.9852676,0.99320847,0.9183197
edit,00010931_003.png,10931,0.3,cardiomegaly_0,6.0933475,0.99774724,0.95129585
edit,00010964_000.png,10964,0.3,cardiomegaly_0,6.563431,0.9985909,0.97119296
edit,00011611_000.png,11611,0.3,cardiomegaly_0,4.175272,0.98486173,0.7872252
edit,00012129_000.png,12129,0.3,cardiomegaly_0,5.5102863,0.9959714,0.9466998
edit,00012400_000.png,12400,0.3,cardiomegaly_0,6.6652317,0.99872714,0.961225
edit,00012772_003.png,12772,0.3,cardiomegaly_0,0.1025753,0.52562135,0.11382123
edit,00012902_001.png,12902,0.3,cardiomegaly_0,3.9833374,0.9817171,0.78956974
edit,00013441_000.png,13441,0.3,cardiomegaly_0,6.28277,0.9981352,0.9415562
edit,00013678_003.png,13678,0.3,cardiomegaly_0,6.3256607,0.9982134,0.9528853
edit,00013759_000.png,13759,0.3,cardiomegaly_0,0.5928936,0.64402884,0.17535996
edit,00014281_000.png,14281,0.3,cardiomegaly_0,4.1488743,0.9844631,0.794961
edit,00014295_001.png,14295,0.3,cardiomegaly_0,-3.848465,0.020867685,0.6370461
edit,00014387_006.png,14387,0.3,cardiomegaly_0,3.4983273,0.9706401,0.774161
edit,00014838_000.png,14838,0.3,cardiomegaly_0,6.3088245,0.9981831,0.96289617
edit,00014954_000.png,14954,0.3,cardiomegaly_0,-1.3592243,0.2043664,0.14640296
edit,00015056_005.png,15056,0.3,cardiomegaly_0,6.3677025,0.9982868,0.97714597
edit,00015087_011.png,15087,0.3,cardiomegaly_0,6.0043907,0.9975382,0.97095984
edit,00016191_019.png,16191,0.3,cardiomegaly_0,5.1645584,0.9943169,0.9482691
edit,00016245_000.png,16245,0.3,cardiomegaly_0,0.54087067,0.63201493,0.16666548
edit,00016498_001.png,16498,0.3,cardiomegaly_0,-0.099882126,0.47505024,0.16552933
edit,00016509_001.png,16509,0.3,cardiomegaly_0,6.4213696,0.99837625,0.9698402
edit,00016512_001.png,16512,0.3,cardiomegaly_0,6.4039135,0.99834764,0.9473393
edit,00016724_002.png,16724,0.3,cardiomegaly_0,5.4383163,0.995672,0.9712873
edit,00016865_000.png,16865,0.3,cardiomegaly_0,4.960911,0.99304223,0.8865655
edit,00016907_000.png,16907,0.3,cardiomegaly_0,-5.5201874,0.0039891205,0.883023
edit,00017381_000.png,17381,0.3,cardiomegaly_0,5.9493923,0.99739933,0.9519756
edit,00018008_000.png,18008,0.3,cardiomegaly_0,-3.982401,0.01829971,0.6428097
edit,00018011_000.png,18011,0.3,cardiomegaly_0,5.85264,0.9971359,0.9053149
edit,00018488_002.png,18488,0.3,cardiomegaly_0,-4.0495186,0.017132139,0.76229185
edit,00018616_000.png,18616,0.3,cardiomegaly_0,5.014494,0.9934028,0.9250529
edit,00019435_003.png,19435,0.3,cardiomegaly_0,4.660696,0.9906288,0.8433982
edit,00019535_002.png,19535,0.3,cardiomegaly_0,4.0273037,0.9824898,0.86157954
edit,00019544_000.png,19544,0.3,cardiomegaly_0,5.4766006,0.9958339,0.9101297
edit,00019911_001.png,19911,0.3,cardiomegaly_0,4.7444916,0.9913755,0.90168065
edit,00020318_024.png,20318,0.3,cardiomegaly_0,3.9584064,0.98126423,0.90347344
edit,00020341_000.png,20341,0.3,cardiomegaly_0,2.5432014,0.92711544,0.5871633
edit,00020642_006.png,20642,0.3,cardiomegaly_0,5.9465504,0.99739194,0.9530577
edit,00020674_000.png,20674,0.3,cardiomegaly_0,4.164715,0.9847035,0.8072501
edit,00020716_002.png,20716,0.3,cardiomegaly_0,6.576437,0.9986091,0.97101015
edit,00020802_000.png,20802,0.3,cardiomegaly_0,-1.8288326,0.1383774,0.29881674
edit,00021023_024.png,21023,0.3,cardiomegaly_0,1.6788864,0.84275705,0.18719427
edit,00021569_000.png,21569,0.3,cardiomegaly_0,5.692152,0.996639,0.93403786
edit,00022341_000.png,22341,0.3,cardiomegaly_0,3.9838772,0.98172677,0.67473805
edit,00022582_001.png,22582,0.3,cardiomegaly_0,6.47147,0.9984554,0.96376914
edit,00022712_000.png,22712,0.3,cardiomegaly_0,3.5157776,0.97113335,0.7309441
edit,00023621_000.png,23621,0.3,cardiomegaly_0,6.8167057,0.9989059,0.9743555
edit,00023776_000.png,23776,0.3,cardiomegaly_0,4.284691,0.9864094,0.8050056
edit,00024192_000.png,24192,0.3,cardiomegaly_0,5.493582,0.9959038,0.9116103
edit,00024326_000.png,24326,0.3,cardiomegaly_0,-4.573063,0.01022074,0.8180852
edit,00024474_000.png,24474,0.3,cardiomegaly_0,3.7388325,0.9767705,0.6483871
edit,00024583_000.png,24583,0.3,cardiomegaly_0,-2.1016197,0.1089395,0.24435884
edit,00025054_000.png,25054,0.3,cardiomegaly_0,5.1744347,0.99437237,0.9279274
edit,00026354_001.png,26354,0.3,cardiomegaly_0,7.1340733,0.99920315,0.97843164
edit,00026807_000.png,26807,0.3,cardiomegaly_0,-5.815796,0.002971253,0.9405092
edit,00027305_000.png,27305,0.3,cardiomegaly_0,4.9706154,0.99310887,0.94306356
edit,00028027_005.png,28027,0.3,cardiomegaly_0,0.43302917,0.60659677,0.24736303
edit,00028053_000.png,28053,0.3,cardiomegaly_0,3.9668846,0.98141944,0.76545656
edit,00028457_000.png,28457,0.3,cardiomegaly_0,6.723049,0.9987986,0.98133206
edit,00028962_000.png,28962,0.3,cardiomegaly_0,4.3349457,0.9870669,0.91798615
edit,00029393_000.png,29393,0.3,cardiomegaly_0,6.2532444,0.99807954,0.9598293
edit,00029569_000.png,29569,0.3,cardiomegaly_0,6.230997,0.99803644,0.953749
edit,00029648_000.png,29648,0.3,cardiomegaly_0,6.5861588,0.99862254,0.9630645
edit,00030332_000.png,30332,0.3,cardiomegaly_0,3.683857,0.97549,0.75517595
edit,00030805_000.png,30805,0.3,cardiomegaly_0,6.1518993,0.9978751,0.9476827
sham,00001059_006.png,1059,0.3,cardiomegaly_0,3.256483,0.96290535,0.7993777
sham,00001174_000.png,1174,0.3,cardiomegaly_0,-5.6092014,0.0036506183,0.92795223
sham,00001470_001.png,1470,0.3,cardiomegaly_0,-2.9634914,0.049102727,0.43872407
sham,00001606_004.png,1606,0.3,cardiomegaly_0,-0.86330223,0.29664987,0.17323923
sham,00002139_000.png,2139,0.3,cardiomegaly_0,-0.55478287,0.36475545,0.17779619
sham,00002355_005.png,2355,0.3,cardiomegaly_0,-2.469738,0.07800707,0.42244655
sham,00002492_010.png,2492,0.3,cardiomegaly_0,-5.6209354,0.0036081858,0.9038416
sham,00002566_000.png,2566,0.3,cardiomegaly_0,-5.6971016,0.0033444546,0.93509513
sham,00003064_010.png,3064,0.3,cardiomegaly_0,-5.349333,0.0047288514,0.865467
sham,00003804_012.png,3804,0.3,cardiomegaly_0,-5.8140774,0.0029763484,0.93110406
sham,00003917_000.png,3917,0.3,cardiomegaly_0,-5.912113,0.0026991563,0.9225629
sham,00004057_000.png,4057,0.3,cardiomegaly_0,-5.8563805,0.002853417,0.9117084
sham,00005623_000.png,5623,0.3,cardiomegaly_0,-5.966461,0.0025567426,0.93659395
sham,00006012_000.png,6012,0.3,cardiomegaly_0,-5.8158474,0.0029711004,0.9419916
sham,00006791_002.png,6791,0.3,cardiomegaly_0,-4.3377724,0.012897094,0.7637472
sham,00006921_000.png,6921,0.3,cardiomegaly_0,-5.784254,0.0030661733,0.90169126
sham,00006981_017.png,6981,0.3,cardiomegaly_0,-5.7878494,0.0030552028,0.90870124
sham,00007082_000.png,7082,0.3,cardiomegaly_0,-2.0502396,0.11402818,0.2704133
sham,00007159_000.png,7159,0.3,cardiomegaly_0,-4.4533157,0.011505979,0.76745516
sham,00007340_004.png,7340,0.3,cardiomegaly_0,-5.3392334,0.004776623,0.90018487
sham,00007589_000.png,7589,0.3,cardiomegaly_0,-6.2468624,0.0019327777,0.96811974
sham,00007931_000.png,7931,0.3,cardiomegaly_0,-5.76799,0.0031162926,0.93309814
sham,00008142_005.png,8142,0.3,cardiomegaly_0,-5.9903736,0.002496481,0.9522426
sham,00008147_000.png,8147,0.3,cardiomegaly_0,-5.826399,0.0029400075,0.94978374
sham,00008184_003.png,8184,0.3,cardiomegaly_0,-5.8585396,0.0028472806,0.9436643
sham,00008359_000.png,8359,0.3,cardiomegaly_0,-0.84464455,0.3005575,0.20299727
sham,00008386_001.png,8386,0.3,cardiomegaly_0,-5.9232864,0.0026692457,0.95648617
sham,00008802_008.png,8802,0.3,cardiomegaly_0,-5.647337,0.0035145013,0.9071364
sham,00009090_001.png,9090,0.3,cardiomegaly_0,-2.4728775,0.07778157,0.40143707
sham,00009105_003.png,9105,0.3,cardiomegaly_0,-5.5358047,0.0039275475,0.8900419
sham,00009306_000.png,9306,0.3,cardiomegaly_0,-6.000658,0.0024710007,0.95295477
sham,00009335_000.png,9335,0.3,cardiomegaly_0,-5.967104,0.002555104,0.94178337
sham,00009409_002.png,9409,0.3,cardiomegaly_0,-5.9706326,0.0025461267,0.95196915
sham,00009761_000.png,9761,0.3,cardiomegaly_0,-4.824953,0.007963012,0.8443763
sham,00010465_001.png,10465,0.3,cardiomegaly_0,-5.662201,0.003462828,0.9176464
sham,00010892_000.png,10892,0.3,cardiomegaly_0,-5.4844475,0.0041336697,0.8944291
sham,00010931_003.png,10931,0.3,cardiomegaly_0,-5.904827,0.0027188407,0.94323945
sham,00010964_000.png,10964,0.3,cardiomegaly_0,-5.714863,0.0032857708,0.9371328
sham,00011611_000.png,11611,0.3,cardiomegaly_0,-5.6876507,0.003376105,0.9076203
sham,00012129_000.png,12129,0.3,cardiomegaly_0,-6.0331936,0.0023920883,0.9546628
sham,00012400_000.png,12400,0.3,cardiomegaly_0,-6.0855064,0.0022704448,0.9477421
sham,00012772_003.png,12772,0.3,cardiomegaly_0,-5.506359,0.0040444415,0.8996842
sham,00012902_001.png,12902,0.3,cardiomegaly_0,-5.889406,0.0027609759,0.95169264
sham,00013441_000.png,13441,0.3,cardiomegaly_0,-5.1325016,0.0058671515,0.84676933
sham,00013678_003.png,13678,0.3,cardiomegaly_0,-4.318817,0.01314065,0.69776136
sham,00013759_000.png,13759,0.3,cardiomegaly_0,-5.9349194,0.0026384562,0.95643455
sham,00014281_000.png,14281,0.3,cardiomegaly_0,-5.710911,0.0032987392,0.90525705
sham,00014295_001.png,14295,0.3,cardiomegaly_0,-5.9668026,0.002555872,0.94482124
sham,00014387_006.png,14387,0.3,cardiomegaly_0,-4.6338253,0.009623994,0.7888659
sham,00014838_000.png,14838,0.3,cardiomegaly_0,-4.7337093,0.008717135,0.8368031
sham,00014954_000.png,14954,0.3,cardiomegaly_0,-5.9743595,0.0025366792,0.9495114
sham,00015056_005.png,15056,0.3,cardiomegaly_0,-0.97541046,0.2738034,0.24367644
sham,00015087_011.png,15087,0.3,cardiomegaly_0,-2.539751,0.073118046,0.38797775
sham,00016191_019.png,16191,0.3,cardiomegaly_0,-4.766409,0.008439065,0.81313956
sham,00016245_000.png,16245,0.3,cardiomegaly_0,-6.2893715,0.0018524879,0.9638405
sham,00016498_001.png,16498,0.3,cardiomegaly_0,-5.8563366,0.002853542,0.9394306
sham,00016509_001.png,16509,0.3,cardiomegaly_0,1.2315941,0.7740975,0.26811475
sham,00016512_001.png,16512,0.3,cardiomegaly_0,-5.345501,0.0047469204,0.846484
sham,00016724_002.png,16724,0.3,cardiomegaly_0,3.9967422,0.9819562,0.8799325
sham,00016865_000.png,16865,0.3,cardiomegaly_0,-6.0474205,0.0023583767,0.9461511
sham,00016907_000.png,16907,0.3,cardiomegaly_0,-5.4988766,0.004074694,0.8671023
sham,00017381_000.png,17381,0.3,cardiomegaly_0,-0.7551975,0.31968984,0.33911872
sham,00018008_000.png,18008,0.3,cardiomegaly_0,-5.7549763,0.0031569835,0.9141951
sham,00018011_000.png,18011,0.3,cardiomegaly_0,-5.827776,0.0029359735,0.92735416
sham,00018488_002.png,18488,0.3,cardiomegaly_0,-3.641533,0.02554261,0.6173493
sham,00018616_000.png,18616,0.3,cardiomegaly_0,-4.6323605,0.009637966,0.77498424
sham,00019435_003.png,19435,0.3,cardiomegaly_0,-2.1795406,0.10160285,0.36579153
sham,00019535_002.png,19535,0.3,cardiomegaly_0,-4.7687855,0.008419201,0.7972502
sham,00019544_000.png,19544,0.3,cardiomegaly_0,-5.9681263,0.0025524998,0.93641245
sham,00019911_001.png,19911,0.3,cardiomegaly_0,-4.723955,0.008801827,0.8199268
sham,00020318_024.png,20318,0.3,cardiomegaly_0,-5.0503864,0.006366071,0.891319
sham,00020341_000.png,20341,0.3,cardiomegaly_0,-5.845339,0.0028850066,0.9304323
sham,00020642_006.png,20642,0.3,cardiomegaly_0,-5.6282463,0.0035819972,0.9296578
sham,00020674_000.png,20674,0.3,cardiomegaly_0,-2.7425709,0.06050759,0.46798176
sham,00020716_002.png,20716,0.3,cardiomegaly_0,-4.3169727,0.013164588,0.7419665
sham,00020802_000.png,20802,0.3,cardiomegaly_0,-6.193117,0.00203928,0.96012574
sham,00021023_024.png,21023,0.3,cardiomegaly_0,-5.8000603,0.003018235,0.90857893
sham,00021569_000.png,21569,0.3,cardiomegaly_0,-5.826187,0.002940628,0.9394998
sham,00022341_000.png,22341,0.3,cardiomegaly_0,-5.8479824,0.0028774121,0.9412753
sham,00022582_001.png,22582,0.3,cardiomegaly_0,-5.951092,0.0025962393,0.9450493
sham,00022712_000.png,22712,0.3,cardiomegaly_0,-5.601753,0.00367781,0.9055767
sham,00023621_000.png,23621,0.3,cardiomegaly_0,-5.9265785,0.0026604964,0.9419186
sham,00023776_000.png,23776,0.3,cardiomegaly_0,-5.449398,0.0042804903,0.894187
sham,00024192_000.png,24192,0.3,cardiomegaly_0,-6.062008,0.0023243034,0.9485246
sham,00024326_000.png,24326,0.3,cardiomegaly_0,-6.0672207,0.0023122467,0.9700728
sham,00024474_000.png,24474,0.3,cardiomegaly_0,-5.8649178,0.002829229,0.938815
sham,00024583_000.png,24583,0.3,cardiomegaly_0,-5.9746094,0.0025360473,0.94164693
sham,00025054_000.png,25054,0.3,cardiomegaly_0,-6.091568,0.002256755,0.95017356
sham,00026354_001.png,26354,0.3,cardiomegaly_0,-5.206846,0.00544907,0.8581314
sham,00026807_000.png,26807,0.3,cardiomegaly_0,-5.9927177,0.0024906504,0.95583165
sham,00027305_000.png,27305,0.3,cardiomegaly_0,-5.93198,0.002646202,0.9566832
sham,00028027_005.png,28027,0.3,cardiomegaly_0,-4.1657295,0.015281248,0.76880115
sham,00028053_000.png,28053,0.3,cardiomegaly_0,-6.1947517,0.002035956,0.96324784
sham,00028457_000.png,28457,0.3,cardiomegaly_0,-4.6901455,0.009101747,0.7952421
sham,00028962_000.png,28962,0.3,cardiomegaly_0,-5.718788,0.0032729402,0.9361024
sham,00029393_000.png,29393,0.3,cardiomegaly_0,4.7151604,0.99112105,0.843992
sham,00029569_000.png,29569,0.3,cardiomegaly_0,-1.8608704,0.13460164,0.31499544
sham,00029648_000.png,29648,0.3,cardiomegaly_0,-5.9932327,0.002489371,0.9552865
sham,00030332_000.png,30332,0.3,cardiomegaly_0,-5.1237984,0.0059181345,0.87001485
sham,00030805_000.png,30805,0.3,cardiomegaly_0,-6.126425,0.0021796154,0.9530839
blank,00001059_006.png,1059,,cardiomegaly_0,-4.848772,0.0077770404,0.62720686
blank,00001174_000.png,1174,,cardiomegaly_0,-4.7871437,0.008267315,0.6286084
blank,00001470_001.png,1470,,cardiomegaly_0,-5.0541725,0.006342166,0.66185606
blank,00001606_004.png,1606,,cardiomegaly_0,-5.0329266,0.0064774714,0.66832596
blank,00002139_000.png,2139,,cardiomegaly_0,-5.2388916,0.005278128,0.69289595
blank,00002355_005.png,2355,,cardiomegaly_0,-4.80513,0.008121143,0.6092066
blank,00002492_010.png,2492,,cardiomegaly_0,-4.8447094,0.007808453,0.6375296
blank,00002566_000.png,2566,,cardiomegaly_0,-4.9673214,0.0069136396,0.6662571
blank,00003064_010.png,3064,,cardiomegaly_0,-5.0541725,0.006342166,0.66185606
blank,00003804_012.png,3804,,cardiomegaly_0,-4.771555,0.008396112,0.6143158
blank,00003917_000.png,3917,,cardiomegaly_0,-4.8927937,0.007444602,0.65363026
blank,00004057_000.png,4057,,cardiomegaly_0,-5.139221,0.005828088,0.68321735
blank,00005623_000.png,5623,,cardiomegaly_0,-4.778599,0.008337671,0.6237702
blank,00006012_000.png,6012,,cardiomegaly_0,-5.0951805,0.006088899,0.66153514
blank,00006791_002.png,6791,,cardiomegaly_0,-4.8416157,0.007832457,0.61443335
blank,00006921_000.png,6921,,cardiomegaly_0,-4.8416157,0.007832457,0.61443335
blank,00006981_017.png,6981,,cardiomegaly_0,-4.848772,0.0077770404,0.62720686
blank,00007082_000.png,7082,,cardiomegaly_0,-5.189167,0.0055457237,0.685227
blank,00007159_000.png,7159,,cardiomegaly_0,-5.104063,0.0060353787,0.6787119
blank,00007340_004.png,7340,,cardiomegaly_0,-5.2214146,0.005370685,0.69344795
blank,00007589_000.png,7589,,cardiomegaly_0,-5.0541725,0.006342166,0.66185606
blank,00007931_000.png,7931,,cardiomegaly_0,-5.3078327,0.004928241,0.7112617
blank,00008142_005.png,8142,,cardiomegaly_0,-5.108942,0.00600618,0.68313396
blank,00008147_000.png,8147,,cardiomegaly_0,-5.0148926,0.006594568,0.6432491
blank,00008184_003.png,8184,,cardiomegaly_0,-5.0148926,0.006594568,0.6432491
blank,00008359_000.png,8359,,cardiomegaly_0,-4.8447094,0.007808453,0.6375296
blank,00008386_001.png,8386,,cardiomegaly_0,-4.7683964,0.00842245,0.6075755
blank,00008802_008.png,8802,,cardiomegaly_0,-4.7793922,0.008331113,0.6501865
blank,00009090_001.png,9090,,cardiomegaly_0,-5.0541725,0.006342166,0.66185606
blank,00009105_003.png,9105,,cardiomegaly_0,-4.840191,0.007843537,0.643067
blank,00009306_000.png,9306,,cardiomegaly_0,-5.3513966,0.0047191484,0.70921755
blank,00009335_000.png,9335,,cardiomegaly_0,-5.163275,0.005690362,0.68541867
blank,00009409_002.png,9409,,cardiomegaly_0,-5.3513966,0.0047191484,0.70921755
blank,00009761_000.png,9761,,cardiomegaly_0,-4.987459,0.0067767403,0.6607049
blank,00010465_001.png,10465,,cardiomegaly_0,-4.829548,0.007926797,0.61448145
blank,00010892_000.png,10892,,cardiomegaly_0,-4.858614,0.0077014603,0.608836
blank,00010931_003.png,10931,,cardiomegaly_0,-4.848772,0.0077770404,0.62720686
blank,00010964_000.png,10964,,cardiomegaly_0,-4.7909546,0.008236129,0.6374329
blank,00011611_000.png,11611,,cardiomegaly_0,-4.8577976,0.007707702,0.62868875
blank,00012129_000.png,12129,,cardiomegaly_0,-4.8447094,0.007808453,0.6375296
blank,00012400_000.png,12400,,cardiomegaly_0,-4.7871437,0.008267315,0.6286084
blank,00012772_003.png,12772,,cardiomegaly_0,-4.89649,0.007417338,0.637677
blank,00012902_001.png,12902,,cardiomegaly_0,-4.8910103,0.007457791,0.6335521
blank,00013441_000.png,13441,,cardiomegaly_0,-4.793087,0.008218728,0.6372482
blank,00013678_003.png,13678,,cardiomegaly_0,-4.829548,0.007926797,0.61448145
blank,00013759_000.png,13759,,cardiomegaly_0,-4.7722015,0.00839073,0.637239
blank,00014281_000.png,14281,,cardiomegaly_0,-4.8319836,0.007907665,0.6433001
blank,00014295_001.png,14295,,cardiomegaly_0,-4.8617706,0.007677375,0.63714653
blank,00014387_006.png,14387,,cardiomegaly_0,-4.8710155,0.007607263,0.6374978
blank,00014838_000.png,14838,,cardiomegaly_0,-4.824188,0.007969056,0.64504373
blank,00014954_000.png,14954,,cardiomegaly_0,-4.813093,0.008057249,0.6283558
blank,00015056_005.png,15056,,cardiomegaly_0,-5.163275,0.005690362,0.68541867
blank,00015087_011.png,15087,,cardiomegaly_0,-5.3815765,0.004579495,0.7318278
blank,00016191_019.png,16191,,cardiomegaly_0,-4.8885803,0.0074758,0.6219415
blank,00016245_000.png,16245,,cardiomegaly_0,-5.156746,0.0057274224,0.6907489
blank,00016498_001.png,16498,,cardiomegaly_0,-4.8319836,0.007907665,0.6433001
blank,00016509_001.png,16509,,cardiomegaly_0,-4.809532,0.00808576,0.6357239
blank,00016512_001.png,16512,,cardiomegaly_0,-5.0804863,0.006178474,0.70089257
blank,00016724_002.png,16724,,cardiomegaly_0,-4.947157,0.0070534716,0.6544245
blank,00016865_000.png,16865,,cardiomegaly_0,-4.80513,0.008121143,0.6092066
blank,00016907_000.png,16907,,cardiomegaly_0,-4.848772,0.0077770404,0.62720686
blank,00017381_000.png,17381,,cardiomegaly_0,-4.7683964,0.00842245,0.6075755
blank,00018008_000.png,18008,,cardiomegaly_0,-5.193062,0.0055242847,0.71651196
blank,00018011_000.png,18011,,cardiomegaly_0,-4.840191,0.007843537,0.643067
blank,00018488_002.png,18488,,cardiomegaly_0,-4.874138,0.007583727,0.6443962
blank,00018616_000.png,18616,,cardiomegaly_0,-4.8617706,0.007677375,0.63714653
blank,00019435_003.png,19435,,cardiomegaly_0,-4.858614,0.0077014603,0.608836
blank,00019535_002.png,19535,,cardiomegaly_0,-4.8715153,0.0076034907,0.638052
blank,00019544_000.png,19544,,cardiomegaly_0,-4.832205,0.00790593,0.6374225
blank,00019911_001.png,19911,,cardiomegaly_0,-4.808983,0.008090167,0.6141604
blank,00020318_024.png,20318,,cardiomegaly_0,-4.838789,0.007854455,0.6508828
blank,00020341_000.png,20341,,cardiomegaly_0,-4.7683964,0.00842245,0.6075755
blank,00020642_006.png,20642,,cardiomegaly_0,-4.817713,0.008020411,0.6087882
blank,00020674_000.png,20674,,cardiomegaly_0,-4.8710155,0.007607263,0.6374978
blank,00020716_002.png,20716,,cardiomegaly_0,-4.7871437,0.008267315,0.6286084
blank,00020802_000.png,20802,,cardiomegaly_0,-4.80513,0.008121143,0.6092066
blank,00021023_024.png,21023,,cardiomegaly_0,-4.8577976,0.007707702,0.62868875
blank,00021569_000.png,21569,,cardiomegaly_0,-5.0141296,0.006599568,0.6765064
blank,00022341_000.png,22341,,cardiomegaly_0,-4.7871437,0.008267315,0.6286084
blank,00022582_001.png,22582,,cardiomegaly_0,-4.8617706,0.007677375,0.63714653
blank,00022712_000.png,22712,,cardiomegaly_0,-4.9572334,0.0069832476,0.650728
blank,00023621_000.png,23621,,cardiomegaly_0,-4.9572334,0.0069832476,0.650728
blank,00023776_000.png,23776,,cardiomegaly_0,-4.914402,0.007286621,0.6470864
blank,00024192_000.png,24192,,cardiomegaly_0,-4.8144913,0.008046083,0.63766587
blank,00024326_000.png,24326,,cardiomegaly_0,-4.987459,0.0067767403,0.6607049
blank,00024474_000.png,24474,,cardiomegaly_0,-4.8186398,0.00801304,0.63759935
blank,00024583_000.png,24583,,cardiomegaly_0,-4.8978596,0.0074072615,0.6166462
blank,00025054_000.png,25054,,cardiomegaly_0,-4.819708,0.008004554,0.6427356
blank,00026354_001.png,26354,,cardiomegaly_0,-4.808344,0.008095295,0.6379034
blank,00026807_000.png,26807,,cardiomegaly_0,-4.7391453,0.008670286,0.60617584
blank,00027305_000.png,27305,,cardiomegaly_0,-4.8302956,0.007920919,0.6376434
blank,00028027_005.png,28027,,cardiomegaly_0,-4.9052525,0.0073531047,0.6535231
blank,00028053_000.png,28053,,cardiomegaly_0,-4.819708,0.008004554,0.6427356
blank,00028457_000.png,28457,,cardiomegaly_0,-4.8582573,0.007704187,0.657651
blank,00028962_000.png,28962,,cardiomegaly_0,-4.8751125,0.0075763953,0.63795763
blank,00029393_000.png,29393,,cardiomegaly_0,-4.8751125,0.0075763953,0.63795763
blank,00029569_000.png,29569,,cardiomegaly_0,-4.775505,0.008363289,0.6370556
blank,00029648_000.png,29648,,cardiomegaly_0,-4.8751125,0.0075763953,0.63795763
blank,00030332_000.png,30332,,cardiomegaly_0,-4.8379,0.007861383,0.64628905
blank,00030805_000.png,30805,,cardiomegaly_0,-5.091921,0.0061086575,0.67659825
real,00000023_002.png,23,,cardiomegaly_1,-4.1611843,0.015349796,0.7819262
real,00000041_002.png,41,,cardiomegaly_1,-3.021885,0.04644692,0.46597725
real,00000041_006.png,41,,cardiomegaly_1,-4.3540382,0.012691649,0.75565284
real,00000078_001.png,78,,cardiomegaly_1,-4.2714176,0.013769724,0.7316598
real,00000121_006.png,121,,cardiomegaly_1,-4.409315,0.012017334,0.69962555
real,00000121_007.png,121,,cardiomegaly_1,-4.5548973,0.010406154,0.78036225
real,00000148_001.png,148,,cardiomegaly_1,-5.0793266,0.006185599,0.87943786
real,00000148_002.png,148,,cardiomegaly_1,-5.142292,0.0058103222,0.8745084
real,00000176_001.png,176,,cardiomegaly_1,4.2236347,0.9855661,0.95103985
real,00000176_002.png,176,,cardiomegaly_1,5.0975513,0.9939254,0.9715179
real,00000200_001.png,200,,cardiomegaly_1,5.7681885,0.9968843,0.96122116
real,00000240_000.png,240,,cardiomegaly_1,6.721092,0.9987962,0.9832521
real,00000246_008.png,246,,cardiomegaly_1,-3.8667889,0.020496557,0.59570235
real,00000246_012.png,246,,cardiomegaly_1,-4.5088634,0.010891046,0.75016576
real,00000246_013.png,246,,cardiomegaly_1,-3.8499012,0.02083836,0.6042802
real,00000284_004.png,284,,cardiomegaly_1,0.49324036,0.62086946,0.22892119
real,00000284_005.png,284,,cardiomegaly_1,4.535824,0.98939556,0.9475736
real,00000337_000.png,337,,cardiomegaly_1,-5.0938053,0.0060972273,0.90093887
real,00000404_002.png,404,,cardiomegaly_1,-3.9976845,0.018027155,0.6905627
real,00000457_002.png,457,,cardiomegaly_1,6.3650436,0.9982823,0.9853701
real,00000457_003.png,457,,cardiomegaly_1,6.993944,0.9990834,0.990823
real,00000457_004.png,457,,cardiomegaly_1,5.2270584,0.99465936,0.9522824
real,00000499_002.png,499,,cardiomegaly_1,-4.3457203,0.0127962995,0.6706539
real,00000499_003.png,499,,cardiomegaly_1,-4.1960144,0.014832158,0.69992924
real,00000591_001.png,591,,cardiomegaly_1,-3.6908112,0.024344321,0.6776886
real,00000591_002.png,591,,cardiomegaly_1,-2.4919643,0.07642343,0.395167
real,00000591_004.png,591,,cardiomegaly_1,-3.6461143,0.025428822,0.6986154
real,00000591_005.png,591,,cardiomegaly_1,-3.796711,0.021951776,0.69309646
real,00000591_006.png,591,,cardiomegaly_1,-1.9625549,0.123190805,0.29780778
real,00000591_007.png,591,,cardiomegaly_1,-3.0097427,0.04698766,0.39340046
real,00000591_009.png,591,,cardiomegaly_1,-4.304926,0.0133220125,0.740427
real,00000591_010.png,591,,cardiomegaly_1,-3.8924885,0.019986907,0.6167638
real,00000591_011.png,591,,cardiomegaly_1,-3.518118,0.028801095,0.59174967
real,00000591_012.png,591,,cardiomegaly_1,-2.444191,0.07986438,0.31082818
real,00000591_013.png,591,,cardiomegaly_1,-3.1630325,0.04058082,0.45581573
real,00000591_014.png,591,,cardiomegaly_1,-3.6103363,0.026330695,0.5240609
real,00000591_015.png,591,,cardiomegaly_1,-3.2578278,0.037046622,0.4391115
real,00000591_016.png,591,,cardiomegaly_1,-3.8532562,0.020770015,0.6095544
real,00000591_018.png,591,,cardiomegaly_1,-4.2623825,0.013892963,0.7479983
real,00000591_019.png,591,,cardiomegaly_1,-3.8051777,0.021770729,0.63044304
real,00000622_000.png,622,,cardiomegaly_1,-3.8589268,0.020654997,0.56640404
real,00000661_001.png,661,,cardiomegaly_1,6.545063,0.9985649,0.9816621
real,00000661_000.png,661,,cardiomegaly_1,6.452923,0.99842656,0.9788651
real,00000707_002.png,707,,cardiomegaly_1,-4.3639545,0.01256799,0.6444602
real,00000787_002.png,787,,cardiomegaly_1,5.402605,0.9955154,0.9463565
real,00000848_000.png,848,,cardiomegaly_1,-1.8902493,0.13121605,0.37244552
real,00000869_008.png,869,,cardiomegaly_1,0.45360565,0.61149615,0.34461468
real,00000949_005.png,949,,cardiomegaly_1,-5.066351,0.0062658777,0.84308875
real,00001075_038.png,1075,,cardiomegaly_1,-1.1598644,0.23869193,0.24255057
real,00001075_045.png,1075,,cardiomegaly_1,-3.8258858,0.021334052,0.66201794
real,00001075_046.png,1075,,cardiomegaly_1,3.575653,0.9727653,0.83227986
real,00001075_047.png,1075,,cardiomegaly_1,-0.9748726,0.27391034,0.19538039
real,00001075_007.png,1075,,cardiomegaly_1,-4.177477,0.015105481,0.7302177
real,00001075_022.png,1075,,cardiomegaly_1,-4.050516,0.017115349,0.5827444
real,00001075_033.png,1075,,cardiomegaly_1,6.5683155,0.9985978,0.97213393
real,00001096_001.png,1096,,cardiomegaly_1,0.47228622,0.6159247,0.19033119
real,00001104_022.png,1104,,cardiomegaly_1,-4.379238,0.012379726,0.70804507
real,00001170_006.png,1170,,cardiomegaly_1,-3.5938625,0.026756352,0.57121474
real,00001170_020.png,1170,,cardiomegaly_1,-4.129471,0.015836561,0.6125404
real,00001170_021.png,1170,,cardiomegaly_1,-4.38509,0.012308383,0.7207836
real,00001170_023.png,1170,,cardiomegaly_1,-4.3481655,0.012765449,0.77285314
real,00001170_030.png,1170,,cardiomegaly_1,-4.522106,0.01074931,0.7379709
real,00001170_034.png,1170,,cardiomegaly_1,-4.20294,0.014731299,0.71777034
real,00001170_035.png,1170,,cardiomegaly_1,-3.8478546,0.02088016,0.5755049
real,00001170_036.png,1170,,cardiomegaly_1,-4.182823,0.015026149,0.6620165
real,00001170_037.png,1170,,cardiomegaly_1,-4.3963547,0.012172189,0.71839947
real,00001170_039.png,1170,,cardiomegaly_1,-4.550934,0.010447049,0.7428873
real,00001170_040.png,1170,,cardiomegaly_1,-4.0873203,0.016507091,0.5817274
real,00001170_045.png,1170,,cardiomegaly_1,-4.2265167,0.014392986,0.62783206
real,00001170_046.png,1170,,cardiomegaly_1,-4.380581,0.012363319,0.72766316
real,00001170_047.png,1170,,cardiomegaly_1,-4.5494995,0.010461886,0.7862348
real,00001187_001.png,1187,,cardiomegaly_1,-1.3118992,0.21216923,0.2862092
real,00001248_022.png,1248,,cardiomegaly_1,-4.270817,0.013777886,0.73042685
real,00001248_023.png,1248,,cardiomegaly_1,-4.19425,0.014857961,0.6469919
real,00001248_024.png,1248,,cardiomegaly_1,-4.0348034,0.01738169,0.7459015
real,00001248_025.png,1248,,cardiomegaly_1,-4.617834,0.009777614,0.7857396
real,00001248_028.png,1248,,cardiomegaly_1,-4.3795147,0.012376346,0.7979574
real,00001248_036.png,1248,,cardiomegaly_1,-4.426153,0.01181905,0.74632525
real,00001248_038.png,1248,,cardiomegaly_1,-4.446869,0.011579535,0.79337054
real,00001248_000.png,1248,,cardiomegaly_1,-4.1763306,0.015122545,0.7308284
real,00001248_002.png,1248,,cardiomegaly_1,-0.09606743,0.47600156,0.2704445
real,00001248_003.png,1248,,cardiomegaly_1,-1.5320358,0.17769602,0.3307566
real,00001248_004.png,1248,,cardiomegaly_1,-2.6951618,0.063259445,0.52669084
real,00001248_016.png,1248,,cardiomegaly_1,-2.0704231,0.11200495,0.34282386
real,00001248_017.png,1248,,cardiomegaly_1,-3.037426,0.045763444,0.5579324
real,00001309_002.png,1309,,cardiomegaly_1,-4.793024,0.008219242,0.78822803
real,00001458_001.png,1458,,cardiomegaly_1,-4.8497334,0.0077696256,0.8483391
real,00001470_006.png,1470,,cardiomegaly_1,-4.4759407,0.011251476,0.814193
real,00001470_007.png,1470,,cardiomegaly_1,-4.2791233,0.013665471,0.73867464
real,00001775_001.png,1775,,cardiomegaly_1,-3.8560429,0.020713413,0.5697474
real,00001775_002.png,1775,,cardiomegaly_1,-3.8290882,0.021267291,0.5829356
real,00001775_004.png,1775,,cardiomegaly_1,-3.4647121,0.03033313,0.4894056
real,00001775_005.png,1775,,cardiomegaly_1,-3.0960655,0.04326984,0.4187774
real,00001782_000.png,1782,,cardiomegaly_1,-4.614298,0.009811911,0.81327313
real,00001784_000.png,1784,,cardiomegaly_1,3.5718899,0.97266555,0.8511122
real,00001974_000.png,1974,,cardiomegaly_1,-4.3951797,0.012186323,0.7539525
real,00001974_003.png,1974,,cardiomegaly_1,-5.1809425,0.0055912663,0.81880075
real,00001989_011.png,1989,,cardiomegaly_1,-1.5061703,0.18150705,0.25086716
real,00002046_003.png,2046,,cardiomegaly_1,-3.7420483,0.023156561,0.7099156
real,00002083_000.png,2083,,cardiomegaly_1,6.005253,0.99754035,0.9634569
real,00002120_005.png,2120,,cardiomegaly_1,-3.7968636,0.0219485,0.54406226
real,00002239_002.png,2239,,cardiomegaly_1,-3.0257702,0.046275146,0.6168382
real,00002239_005.png,2239,,cardiomegaly_1,-4.5338726,0.010624906,0.8581706
real,00002239_006.png,2239,,cardiomegaly_1,-4.3474064,0.012775019,0.83817255
real,00002239_007.png,2239,,cardiomegaly_1,-4.222227,0.014453964,0.7670736
real,00002239_008.png,2239,,cardiomegaly_1,-5.2724876,0.00510464,0.9098985
real,00002239_009.png,2239,,cardiomegaly_1,-5.5302353,0.0039493963,0.9280479
real,00002299_007.png,2299,,cardiomegaly_1,-5.08486,0.0061516776,0.78565013
real,00002299_010.png,2299,,cardiomegaly_1,-5.2756824,0.00508844,0.8755055
real,00002299_001.png,2299,,cardiomegaly_1,-5.365013,0.0046556224,0.84962404
real,00002299_002.png,2299,,cardiomegaly_1,-5.0435467,0.006409482,0.8085498
real,00002300_000.png,2300,,cardiomegaly_1,-4.33247,0.012964772,0.6560933
real,00002339_007.png,2339,,cardiomegaly_1,-0.6990204,0.33202946,0.20263109
real,00002355_004.png,2355,,cardiomegaly_1,-5.2763805,0.005084907,0.8253131
real,00002355_006.png,2355,,cardiomegaly_1,-5.458641,0.0042412747,0.844584
real,00002355_002.png,2355,,cardiomegaly_1,-5.3335323,0.004803801,0.86117345
real,00002424_013.png,2424,,cardiomegaly_1,-4.875019,0.0075770975,0.8193895
real,00002490_000.png,2490,,cardiomegaly_1,-5.565008,0.0038149396,0.90707225
real,00002492_016.png,2492,,cardiomegaly_1,1.4409542,0.8086024,0.42354703
real,00002492_002.png,2492,,cardiomegaly_1,-3.3502827,0.033885907,0.48181218
real,00002492_003.png,2492,,cardiomegaly_1,-4.2020073,0.014744843,0.6939595
real,00002533_004.png,2533,,cardiomegaly_1,-2.307438,0.090508826,0.3071308
real,00002533_005.png,2533,,cardiomegaly_1,-1.4224834,0.19427255,0.22604932
real,00002552_001.png,2552,,cardiomegaly_1,6.447298,0.99841774,0.9696582
real,00002585_000.png,2585,,cardiomegaly_1,-4.360922,0.01260568,0.80107206
real,00002585_003.png,2585,,cardiomegaly_1,-4.479332,0.011213811,0.8349895
real,00002599_001.png,2599,,cardiomegaly_1,-3.8874474,0.02008589,0.60715246
real,00002609_000.png,2609,,cardiomegaly_1,-4.627243,0.009686935,0.882109
real,00002685_002.png,2685,,cardiomegaly_1,-4.7123966,0.008903242,0.72695947
real,00002686_001.png,2686,,cardiomegaly_1,-0.41859627,0.3968527,0.28891388
real,00002825_007.png,2825,,cardiomegaly_1,-5.544159,0.003895,0.8772261
real,00002825_008.png,2825,,cardiomegaly_1,-5.421934,0.0043991543,0.8988249
real,00002825_011.png,2825,,cardiomegaly_1,-5.257435,0.005181659,0.82804877
real,00002924_001.png,2924,,cardiomegaly_1,-1.9618225,0.12326994,0.33937687
real,00003013_011.png,3013,,cardiomegaly_1,-5.023876,0.0065359757,0.8083613
real,00003013_013.png,3013,,cardiomegaly_1,-4.9112663,0.007309338,0.83581805
real,00003013_014.png,3013,,cardiomegaly_1,-4.856621,0.007716708,0.8204543
real,00003015_000.png,3015,,cardiomegaly_1,5.7360516,0.9967829,0.9594162
real,00003064_003.png,3064,,cardiomegaly_1,-5.4595566,0.00423741,0.90924215
real,00003064_005.png,3064,,cardiomegaly_1,-4.974478,0.0068646786,0.8283938
real,00003064_006.png,3064,,cardiomegaly_1,-5.444639,0.004300821,0.8936546
real,00003064_007.png,3064,,cardiomegaly_1,2.380558,0.91533273,0.54430807
real,00003064_035.png,3064,,cardiomegaly_1,-4.939583,0.007106717,0.84740007
real,00003064_037.png,3064,,cardiomegaly_1,-5.2196007,0.0053803837,0.82707244
real,00003064_038.png,3064,,cardiomegaly_1,-3.7581406,0.022795329,0.5965841
real,00003064_039.png,3064,,cardiomegaly_1,-3.781519,0.022280326,0.57704693
real,00003064_043.png,3064,,cardiomegaly_1,-5.2303715,0.00532305,0.8751159
real,00003064_048.png,3064,,cardiomegaly_1,-5.23543,0.0052963346,0.89717567
real,00003064_050.png,3064,,cardiomegaly_1,-5.1818542,0.0055862,0.8663872
real,00003064_052.png,3064,,cardiomegaly_1,-4.978554,0.0068369457,0.86228615
real,00003362_006.png,3362,,cardiomegaly_1,-3.4581375,0.030527107,0.5614293
real,00003423_002.png,3423,,cardiomegaly_1,-2.5763416,0.07067664,0.5323033
real,00003423_003.png,3423,,cardiomegaly_1,-3.4204407,0.031662714,0.6345451
real,00003423_005.png,3423,,cardiomegaly_1,-4.172407,0.015181091,0.72486585
real,00003423_011.png,3423,,cardiomegaly_1,-2.6771927,0.06433265,0.3739149
real,00003423_015.png,3423,,cardiomegaly_1,0.05183792,0.5129566,0.2346392
real,00003423_021.png,3423,,cardiomegaly_1,-2.5868683,0.069988355,0.49821278
real,00003428_000.png,3428,,cardiomegaly_1,-3.9522705,0.018848926,0.7163785
real,00003439_002.png,3439,,cardiomegaly_1,-5.6155415,0.0036276304,0.93308866
real,00003439_003.png,3439,,cardiomegaly_1,-5.3505325,0.0047232085,0.9064115
real,00003570_002.png,3570,,cardiomegaly_1,4.878187,0.99244666,0.914036
real,00003570_004.png,3570,,cardiomegaly_1,-5.2041454,0.005463727,0.86694574
real,00003611_002.png,3611,,cardiomegaly_1,-4.5127583,0.010849169,0.8121185
real,00003611_004.png,3611,,cardiomegaly_1,-4.081362,0.016604107,0.7501998
real,00003611_005.png,3611,,cardiomegaly_1,-4.7846813,0.008287529,0.81211895
real,00003611_006.png,3611,,cardiomegaly_1,-4.272852,0.013750258,0.80373913
real,00003706_001.png,3706,,cardiomegaly_1,0.20137596,0.55017453,0.20116882
real,00003737_000.png,3737,,cardiomegaly_1,-3.3705864,0.033227466,0.4957487
real,00003737_001.png,3737,,cardiomegaly_1,-4.332775,0.012960867,0.7573833
real,00003789_009.png,3789,,cardiomegaly_1,5.445566,0.99570316,0.96103793
real,00003856_003.png,3856,,cardiomegaly_1,-3.2717285,0.036553904,0.45239398
real,00003916_001.png,3916,,cardiomegaly_1,1.8015594,0.85833865,0.44655058
real,00003916_002.png,3916,,cardiomegaly_1,-2.6520634,0.06586195,0.44674549
real,00003937_000.png,3937,,cardiomegaly_1,-5.2211475,0.005372112,0.903572
real,00003996_020.png,3996,,cardiomegaly_1,-4.5143394,0.010832214,0.70246977
real,00004003_000.png,4003,,cardiomegaly_1,-2.956152,0.04944656,0.5814857
real,00004080_000.png,4080,,cardiomegaly_1,-4.6413937,0.009552124,0.8451964
real,00004080_001.png,4080,,cardiomegaly_1,-3.8796864,0.020239217,0.7055847
real,00004081_000.png,4081,,cardiomegaly_1,-4.231535,0.014321971,0.71008915
real,00004220_000.png,4220,,cardiomegaly_1,-4.7718143,0.008393953,0.8481389
real,00004233_000.png,4233,,cardiomegaly_1,-0.89811325,0.28943837,0.25948814
real,00004263_000.png,4263,,cardiomegaly_1,-2.3858051,0.08426155,0.35719833
real,00004344_013.png,4344,,cardiomegaly_1,6.99518,0.9990846,0.98985535
real,00004344_014.png,4344,,cardiomegaly_1,6.482149,0.9984718,0.9829393
real,00004344_046.png,4344,,cardiomegaly_1,6.830923,0.9989213,0.98692983
real,00004344_047.png,4344,,cardiomegaly_1,6.7186604,0.99879324,0.9848868
real,00004404_008.png,4404,,cardiomegaly_1,5.1854515,0.9944338,0.9567176
real,00004511_000.png,4511,,cardiomegaly_1,4.579056,0.9898397,0.90380305
real,00004547_020.png,4547,,cardiomegaly_1,-4.677759,0.00921414,0.83356863
real,00004583_000.png,4583,,cardiomegaly_1,-3.1739597,0.04015751,0.5462067
real,00004608_008.png,4608,,cardiomegaly_1,-3.783184,0.022244083,0.5478442
real,00004608_009.png,4608,,cardiomegaly_1,-1.0996151,0.24981202,0.20620744
real,00004608_011.png,4608,,cardiomegaly_1,-3.3643303,0.033429023,0.4571059
real,00004646_002.png,4646,,cardiomegaly_1,-4.1742916,0.015152942,0.71445286
real,00004750_004.png,4750,,cardiomegaly_1,-3.089182,0.043555703,0.6245787
real,00004750_006.png,4750,,cardiomegaly_1,-4.0941296,0.01639691,0.7739035
real,00004833_014.png,4833,,cardiomegaly_1,-4.5573196,0.010381238,0.84627527
real,00004862_000.png,4862,,cardiomegaly_1,-2.917513,0.0512946,0.54715335
real,00004909_006.png,4909,,cardiomegaly_1,3.4689884,0.96979237,0.86320204
real,00004909_007.png,4909,,cardiomegaly_1,2.61203,0.93163174,0.6808299
real,00004976_000.png,4976,,cardiomegaly_1,1.9752464,0.8781735,0.5682256
real,00005038_000.png,5038,,cardiomegaly_1,3.549385,0.97206074,0.81094193
real,00005101_002.png,5101,,cardiomegaly_1,-5.326359,0.004838218,0.89016056
real,00005108_000.png,5108,,cardiomegaly_1,-1.8799515,0.13239443,0.37126046
real,00005110_009.png,5110,,cardiomegaly_1,-5.2179146,0.0053894143,0.862318
real,00005395_006.png,5395,,cardiomegaly_1,-4.421694,0.011871247,0.76435196
real,00005395_007.png,5395,,cardiomegaly_1,-3.3528976,0.033800405,0.6001811
real,00005395_010.png,5395,,cardiomegaly_1,-4.655735,0.009417392,0.7866938
real,00005395_011.png,5395,,cardiomegaly_1,-2.864891,0.053916667,0.4267137
real,00005401_000.png,5401,,cardiomegaly_1,-1.2756653,0.21828897,0.2568543
real,00005410_002.png,5410,,cardiomegaly_1,-3.3623276,0.033493795,0.53503156
real,00005520_007.png,5520,,cardiomegaly_1,-4.9988003,0.0067008315,0.8340154
real,00005532_031.png,5532,,cardiomegaly_1,3.2251053,0.96176815,0.7209519
real,00005532_037.png,5532,,cardiomegaly_1,1.5795116,0.82913536,0.38921493
real,00005532_042.png,5532,,cardiomegaly_1,4.878086,0.992446,0.9405987
real,00005532_043.png,5532,,cardiomegaly_1,3.5905323,0.9731568,0.8109872
real,00005532_000.png,5532,,cardiomegaly_1,0.23064232,0.5574063,0.19682439
real,00005532_004.png,5532,,cardiomegaly_1,6.1940193,0.9979626,0.9703197
real,00005532_005.png,5532,,cardiomegaly_1,3.3113537,0.9648162,0.72155863
real,00005532_007.png,5532,,cardiomegaly_1,6.2262497,0.998027,0.9656641
real,00005532_008.png,5532,,cardiomegaly_1,2.5136375,0.92509234,0.5153027
real,00005532_010.png,5532,,cardiomegaly_1,-1.3128052,0.21201783,0.18676248
real,00005532_011.png,5532,,cardiomegaly_1,-0.79530334,0.3110311,0.19452812
real,00005532_012.png,5532,,cardiomegaly_1,-2.3337536,0.08836581,0.32161748
real,00005532_013.png,5532,,cardiomegaly_1,3.8026428,0.9781753,0.82702506
real,00005532_014.png,5532,,cardiomegaly_1,5.5173016,0.99599946,0.9654045
real,00005532_016.png,5532,,cardiomegaly_1,5.708639,0.99669373,0.9597131
real,00005532_018.png,5532,,cardiomegaly_1,2.761589,0.9405645,0.6713818
real,00005532_019.png,5532,,cardiomegaly_1,3.773409,0.9775423,0.8871564
real,00005556_000.png,5556,,cardiomegaly_1,1.6279564,0.83588946,0.47347862
real,00005556_008.png,5556,,cardiomegaly_1,-4.3127003,0.013220209,0.7269112
real,00005579_002.png,5579,,cardiomegaly_1,0.034547806,0.5086361,0.23805054
real,00005626_002.png,5626,,cardiomegaly_1,-4.726959,0.008775657,0.8668627
real,00005641_003.png,5641,,cardiomegaly_1,4.98975,0.9932387,0.9399816
real,00005641_006.png,5641,,cardiomegaly_1,5.968878,0.99744934,0.96514535
real,00005641_012.png,5641,,cardiomegaly_1,5.201643,0.9945227,0.9538658
real,00005666_004.png,5666,,cardiomegaly_1,3.653595,0.9747559,0.86282384
real,00005666_010.png,5666,,cardiomegaly_1,4.126095,0.9841107,0.91187924
real,00005666_011.png,5666,,cardiomegaly_1,4.2842865,0.98640394,0.9159798
real,00005666_012.png,5666,,cardiomegaly_1,4.2156487,0.985452,0.8960122
real,00005666_013.png,5666,,cardiomegaly_1,4.383278,0.98766965,0.91096175
real,00005666_018.png,5666,,cardiomegaly_1,3.6898594,0.975633,0.86503017
real,00005666_019.png,5666,,cardiomegaly_1,3.7863998,0.97782576,0.89860225
real,00005766_004.png,5766,,cardiomegaly_1,-4.049103,0.01713914,0.65127695
real,00005869_001.png,5869,,cardiomegaly_1,4.55978,0.98964405,0.93221045
real,00005895_003.png,5895,,cardiomegaly_1,-3.466568,0.03027859,0.49940544
real,00005895_005.png,5895,,cardiomegaly_1,-1.508688,0.18113331,0.23448552
real,00005895_007.png,5895,,cardiomegaly_1,0.7885628,0.68752265,0.30802304
real,00005895_009.png,5895,,cardiomegaly_1,2.3193626,0.91046804,0.6038724
real,00005895_013.png,5895,,cardiomegaly_1,4.640396,0.9904384,0.9727447
real,00005895_023.png,5895,,cardiomegaly_1,0.7360916,0.6761406,0.3516383
real,00005920_003.png,5920,,cardiomegaly_1,3.481781,0.97016495,0.81779695
real,00006166_000.png,6166,,cardiomegaly_1,2.4226265,0.9185365,0.4603407
real,00006298_003.png,6298,,cardiomegaly_1,-4.323805,0.013076126,0.78785455
real,00006298_004.png,6298,,cardiomegaly_1,-4.6983585,0.009027972,0.8059678
real,00006298_005.png,6298,,cardiomegaly_1,-4.6794834,0.009198412,0.8080915
real,00006359_000.png,6359,,cardiomegaly_1,2.1755676,0.898034,0.5808683
real,00006368_000.png,6368,,cardiomegaly_1,-5.552084,0.0038643728,0.9358202
real,00006436_012.png,6436,,cardiomegaly_1,-4.0937138,0.016403617,0.7086708
real,00006483_000.png,6483,,cardiomegaly_1,-4.9930744,0.0067390497,0.83019656
real,00006537_000.png,6537,,cardiomegaly_1,-1.9608746,0.12337242,0.3656202
real,00006626_000.png,6626,,cardiomegaly_1,-4.774563,0.008371106,0.8235748
real,00006626_006.png,6626,,cardiomegaly_1,-5.0898037,0.006121525,0.8844058
real,00006683_002.png,6683,,cardiomegaly_1,-4.7708855,0.008401688,0.87455654
real,00006683_003.png,6683,,cardiomegaly_1,-4.7819195,0.008310259,0.8633331
real,00006683_004.png,6683,,cardiomegaly_1,-4.8736706,0.0075872443,0.8477148
real,00006683_005.png,6683,,cardiomegaly_1,-5.143053,0.005805928,0.9103491
real,00006683_006.png,6683,,cardiomegaly_1,-4.090685,0.016452558,0.6442563
real,00006694_002.png,6694,,cardiomegaly_1,-5.0027084,0.00667487,0.8793549
real,00006694_003.png,6694,,cardiomegaly_1,-5.319813,0.0048698382,0.9172243
real,00006774_001.png,6774,,cardiomegaly_1,-4.7680264,0.00842554,0.82022476
real,00006791_006.png,6791,,cardiomegaly_1,-4.7316875,0.008734623,0.7665826
real,00006832_005.png,6832,,cardiomegaly_1,-4.6225204,0.009732345,0.8234822
real,00006850_027.png,6850,,cardiomegaly_1,-4.497059,0.011018948,0.76541877
real,00006850_028.png,6850,,cardiomegaly_1,-5.2894764,0.005019082,0.9062517
real,00006851_022.png,6851,,cardiomegaly_1,3.7055874,0.97600424,0.90366864
real,00006851_023.png,6851,,cardiomegaly_1,1.062418,0.7431524,0.44777745
real,00006851_024.png,6851,,cardiomegaly_1,-2.3015537,0.090994366,0.37347943
real,00006851_009.png,6851,,cardiomegaly_1,-0.41817284,0.39695406,0.2729936
real,00006851_010.png,6851,,cardiomegaly_1,-1.5976906,0.16830464,0.24579579
real,00006890_003.png,6890,,cardiomegaly_1,4.930004,0.9928254,0.9618227
real,00006936_001.png,6936,,cardiomegaly_1,-4.267645,0.013821051,0.8250756
real,00006964_011.png,6964,,cardiomegaly_1,-4.601061,0.009941354,0.75962853
real,00006981_001.png,6981,,cardiomegaly_1,-4.876688,0.0075645586,0.82026905
real,00006981_002.png,6981,,cardiomegaly_1,-5.52462,0.0039715474,0.92886573
real,00006981_009.png,6981,,cardiomegaly_1,-5.158951,0.00571488,0.8821948
real,00006981_010.png,6981,,cardiomegaly_1,-4.2830753,0.013612305,0.72187304
real,00006981_011.png,6981,,cardiomegaly_1,-5.1812286,0.005589676,0.9053074
real,00006981_014.png,6981,,cardiomegaly_1,-5.3208637,0.0048647476,0.9201204
real,00006981_016.png,6981,,cardiomegaly_1,-5.1522865,0.005752872,0.8956523
real,00006996_002.png,6996,,cardiomegaly_1,-4.555744,0.010397436,0.7659876
real,00007033_001.png,7033,,cardiomegaly_1,-4.438919,0.011670878,0.78032774
real,00007033_002.png,7033,,cardiomegaly_1,-5.43655,0.0043356004,0.9114483
real,00007033_004.png,7033,,cardiomegaly_1,-5.112461,0.0059852074,0.89865804
real,00007109_018.png,7109,,cardiomegaly_1,-3.2702427,0.036606267,0.4201867
real,00007156_000.png,7156,,cardiomegaly_1,-3.6342125,0.025725447,0.56249803
real,00007156_001.png,7156,,cardiomegaly_1,-3.8839111,0.02015561,0.60472274
real,00007340_014.png,7340,,cardiomegaly_1,-5.3729267,0.0046190945,0.9319419
real,00007405_014.png,7405,,cardiomegaly_1,-4.449108,0.011553934,0.8285222
real,00007482_009.png,7482,,cardiomegaly_1,-5.0642586,0.00627892,0.9016568
real,00007482_015.png,7482,,cardiomegaly_1,-1.8334484,0.13782798,0.3409394
real,00007482_023.png,7482,,cardiomegaly_1,-5.5041447,0.0040533715,0.92105585
real,00007482_026.png,7482,,cardiomegaly_1,-5.318571,0.0048758592,0.89659756
real,00007519_003.png,7519,,cardiomegaly_1,2.62459,0.93242747,0.75907457
real,00007519_004.png,7519,,cardiomegaly_1,-4.827986,0.00793909,0.83896226
real,00007551_021.png,7551,,cardiomegaly_1,5.7564487,0.9968477,0.9630812
real,00007652_000.png,7652,,cardiomegaly_1,2.0435886,0.88529813,0.38048062
real,00007679_000.png,7679,,cardiomegaly_1,-0.49138832,0.37956658,0.255762
real,00007679_001.png,7679,,cardiomegaly_1,-1.6649628,0.15909694,0.30446088
real,00007679_003.png,7679,,cardiomegaly_1,-0.10242462,0.4744162,0.2708239
real,00007679_004.png,7679,,cardiomegaly_1,2.0330029,0.8842188,0.5578902
real,00007679_005.png,7679,,cardiomegaly_1,-1.3927917,0.19896244,0.33101875
real,00007718_000.png,7718,,cardiomegaly_1,-3.7627525,0.022692818,0.6825436
real,00007718_001.png,7718,,cardiomegaly_1,-4.62887,0.00967134,0.82474345
real,00007718_005.png,7718,,cardiomegaly_1,0.041456223,0.51036257,0.33077306
real,00007718_006.png,7718,,cardiomegaly_1,-4.073736,0.01672908,0.67052823
real,00007718_007.png,7718,,cardiomegaly_1,-4.9798164,0.0068283775,0.86843264
real,00007718_009.png,7718,,cardiomegaly_1,-5.0104256,0.0066238963,0.8956676
real,00007718_010.png,7718,,cardiomegaly_1,-3.9959393,0.018058075,0.7333364
real,00007740_000.png,7740,,cardiomegaly_1,-0.065589905,0.48360842,0.34444743
real,00007769_002.png,7769,,cardiomegaly_1,-2.8532257,0.054514814,0.39377385
real,00007772_000.png,7772,,cardiomegaly_1,-5.1220264,0.0059285676,0.9002944
real,00007833_000.png,7833,,cardiomegaly_1,-0.83771324,0.30201665,0.36406282
real,00007833_001.png,7833,,cardiomegaly_1,-5.055107,0.0063362787,0.8797426
real,00007833_002.png,7833,,cardiomegaly_1,4.2940483,0.98653424,0.89822966
real,00007833_003.png,7833,,cardiomegaly_1,2.447916,0.92040896,0.6614505
real,00007848_001.png,7848,,cardiomegaly_1,-4.9868813,0.006780632,0.9006576
real,00007848_004.png,7848,,cardiomegaly_1,-3.861557,0.020601857,0.7013887
real,00007848_005.png,7848,,cardiomegaly_1,-4.5376167,0.01058562,0.8193894
real,00007848_006.png,7848,,cardiomegaly_1,-4.6452312,0.009515885,0.85108423
real,00007865_001.png,7865,,cardiomegaly_1,-2.6165142,0.06808313,0.5370886
real,00007865_003.png,7865,,cardiomegaly_1,-4.3022747,0.013356907,0.6409449
real,00007865_005.png,7865,,cardiomegaly_1,-3.1717548,0.040242586,0.35713267
real,00007869_004.png,7869,,cardiomegaly_1,-2.0514717,0.11390377,0.41474378
real,00007882_000.png,7882,,cardiomegaly_1,-3.4386215,0.031110007,0.6624379
real,00007882_001.png,7882,,cardiomegaly_1,-3.4053173,0.032129698,0.6223458
real,00007908_000.png,7908,,cardiomegaly_1,5.5354595,0.9960711,0.9759525
real,00007989_000.png,7989,,cardiomegaly_1,0.61948013,0.6501003,0.27869463
real,00007989_001.png,7989,,cardiomegaly_1,3.9949436,0.98192424,0.84178555
real,00007989_002.png,7989,,cardiomegaly_1,4.259413,0.9860663,0.8956364
real,00008013_003.png,8013,,cardiomegaly_1,-3.3633823,0.033459667,0.5952175
real,00008013_006.png,8013,,cardiomegaly_1,-4.149994,0.015519851,0.651288
real,00008037_000.png,8037,,cardiomegaly_1,-4.976713,0.006849455,0.87488896
real,00008037_001.png,8037,,cardiomegaly_1,-4.1538258,0.015461411,0.72285223
real,00008037_002.png,8037,,cardiomegaly_1,-4.8552017,0.007727582,0.8305034
real,00008103_000.png,8103,,cardiomegaly_1,0.65317535,0.65772563,0.38321218
real,00008112_000.png,8112,,cardiomegaly_1,1.6191025,0.8346713,0.46610692
real,00008147_013.png,8147,,cardiomegaly_1,-4.5366573,0.010595674,0.8278985
real,00008184_007.png,8184,,cardiomegaly_1,-5.136654,0.005842982,0.84500307
real,00008185_003.png,8185,,cardiomegaly_1,-3.0916786,0.043451812,0.45809585
real,00008185_005.png,8185,,cardiomegaly_1,-4.749752,0.008579594,0.8222536
real,00008191_001.png,8191,,cardiomegaly_1,-4.7990723,0.008170085,0.79620737
real,00008195_000.png,8195,,cardiomegaly_1,-5.312336,0.0049062064,0.9187241
real,00008339_000.png,8339,,cardiomegaly_1,4.838028,0.99213964,0.95817137
real,00008339_003.png,8339,,cardiomegaly_1,1.8285351,0.86158717,0.61748403
real,00008339_005.png,8339,,cardiomegaly_1,4.381748,0.98765093,0.9243447
real,00008339_010.png,8339,,cardiomegaly_1,5.4856606,0.99587137,0.9234895
real,00008342_012.png,8342,,cardiomegaly_1,-3.867899,0.020474283,0.6286932
real,00008342_015.png,8342,,cardiomegaly_1,-2.9423695,0.050098393,0.45956466
real,00008342_016.png,8342,,cardiomegaly_1,-3.6901455,0.024360135,0.5706649
real,00008342_025.png,8342,,cardiomegaly_1,-4.4314346,0.011757525,0.75878626
real,00008404_000.png,8404,,cardiomegaly_1,-1.5828285,0.17039527,0.29577553
real,00008465_004.png,8465,,cardiomegaly_1,-4.2096863,0.014633701,0.63954777
real,00008465_006.png,8465,,cardiomegaly_1,-4.9864845,0.0067833043,0.8188894
real,00008471_000.png,8471,,cardiomegaly_1,-5.1043205,0.006033834,0.8990983
real,00008477_001.png,8477,,cardiomegaly_1,-4.229603,0.014349273,0.6803798
real,00008477_005.png,8477,,cardiomegaly_1,-3.6789398,0.024627881,0.62151635
real,00008477_006.png,8477,,cardiomegaly_1,-3.1232338,0.04215899,0.61547214
real,00008477_007.png,8477,,cardiomegaly_1,-4.4463234,0.0115857795,0.78407055
real,00008489_025.png,8489,,cardiomegaly_1,-4.8206806,0.007996834,0.8242327
real,00008637_000.png,8637,,cardiomegaly_1,-1.0959339,0.25050253,0.24755047
real,00008637_001.png,8637,,cardiomegaly_1,-5.28965,0.005018216,0.8749467
real,00008738_000.png,8738,,cardiomegaly_1,1.0991268,0.7500965,0.27466512
real,00008802_005.png,8802,,cardiomegaly_1,-2.4621525,0.07855439,0.3404104
real,00008806_014.png,8806,,cardiomegaly_1,-0.8793068,0.29332146,0.16583338
real,00008827_000.png,8827,,cardiomegaly_1,-1.0120258,0.2665836,0.34322083
real,00008866_004.png,8866,,cardiomegaly_1,-4.0354824,0.017370095,0.74409175
real,00008898_000.png,8898,,cardiomegaly_1,5.9388847,0.9973719,0.9587651
real,00008970_002.png,8970,,cardiomegaly_1,-5.360222,0.0046778778,0.874933
real,00009034_004.png,9034,,cardiomegaly_1,-1.5646839,0.17297557,0.24317524
real,00009105_007.png,9105,,cardiomegaly_1,-5.073866,0.006219259,0.8147263
real,00009141_000.png,9141,,cardiomegaly_1,-3.9734592,0.018461037,0.7540749
real,00009163_000.png,9163,,cardiomegaly_1,-4.3499947,0.012742417,0.73908395
real,00009163_001.png,9163,,cardiomegaly_1,-4.5956135,0.009995115,0.80175054
real,00009174_000.png,9174,,cardiomegaly_1,3.0353642,0.9541464,0.83253425
real,00009185_006.png,9185,,cardiomegaly_1,2.7924023,0.9422639,0.76703507
real,00009189_002.png,9189,,cardiomegaly_1,-4.6399097,0.009566174,0.793126
real,00009189_004.png,9189,,cardiomegaly_1,-4.139282,0.015684366,0.65621
real,00009189_005.png,9189,,cardiomegaly_1,-4.116478,0.016040342,0.67424136
real,00009189_006.png,9189,,cardiomegaly_1,-4.4538307,0.011500123,0.7902308
real,00009229_000.png,9229,,cardiomegaly_1,4.213112,0.98541564,0.8844341
real,00009286_003.png,9286,,cardiomegaly_1,-1.889925,0.13125302,0.27475262
real,00009326_000.png,9326,,cardiomegaly_1,-5.328768,0.0048266333,0.8653288
real,00009326_001.png,9326,,cardiomegaly_1,-5.0459023,0.0063944985,0.8171019
real,00009349_001.png,9349,,cardiomegaly_1,-2.796444,0.057516642,0.54042995
real,00009349_012.png,9349,,cardiomegaly_1,-3.754572,0.022874957,0.70232403
real,00009349_014.png,9349,,cardiomegaly_1,-4.2203045,0.014481377,0.6585089
real,00009349_015.png,9349,,cardiomegaly_1,-3.1106224,0.04267121,0.45783937
real,00009349_016.png,9349,,cardiomegaly_1,-4.0015087,0.017959582,0.67725176
real,00009349_019.png,9349,,cardiomegaly_1,-4.1196556,0.015990267,0.7135785
real,00009349_020.png,9349,,cardiomegaly_1,-4.1506443,0.015509916,0.73488915
real,00009349_021.png,9349,,cardiomegaly_1,-3.9893627,0.018175058,0.71731555
real,00009349_024.png,9349,,cardiomegaly_1,-4.0914116,0.016440803,0.71337414
real,00009349_025.png,9349,,cardiomegaly_1,-4.099928,0.016303655,0.71095806
real,00009349_026.png,9349,,cardiomegaly_1,-3.7234535,0.02358093,0.68262935
real,00009349_027.png,9349,,cardiomegaly_1,-4.1748123,0.015145174,0.70587325
real,00009349_028.png,9349,,cardiomegaly_1,-4.2972755,0.013422949,0.7313955
real,00009349_029.png,9349,,cardiomegaly_1,-4.559759,0.0103562055,0.8020654
real,00009373_000.png,9373,,cardiomegaly_1,-4.821478,0.007990511,0.84769684
real,00009373_001.png,9373,,cardiomegaly_1,-4.9943714,0.006730374,0.84496003
real,00009378_005.png,9378,,cardiomegaly_1,-5.8300667,0.0029292752,0.9314223
real,00009378_010.png,9378,,cardiomegaly_1,-4.727894,0.008767531,0.79551643
real,00009378_013.png,9378,,cardiomegaly_1,-5.2722607,0.0051057925,0.8797933
real,00009378_014.png,9378,,cardiomegaly_1,-1.6662388,0.15892628,0.24096552
real,00009378_016.png,9378,,cardiomegaly_1,1.9032574,0.87025976,0.49619988
real,00009457_003.png,9457,,cardiomegaly_1,-4.78574,0.008278833,0.8423793
real,00009457_004.png,9457,,cardiomegaly_1,1.8831844,0.8679765,0.5636528
real,00009516_003.png,9516,,cardiomegaly_1,-2.7647095,0.05926127,0.49958315
real,00009571_001.png,9571,,cardiomegaly_1,-5.0284004,0.006506664,0.91016704
real,00009571_002.png,9571,,cardiomegaly_1,-5.1138783,0.0059767826,0.9265751
real,00009571_003.png,9571,,cardiomegaly_1,-5.0939274,0.0060964874,0.8896889
real,00009571_004.png,9571,,cardiomegaly_1,-5.0750065,0.0062122135,0.89262575
real,00009641_011.png,9641,,cardiomegaly_1,1.5857067,0.83001125,0.5105429
real,00009665_004.png,9665,,cardiomegaly_1,-4.7024937,0.008991051,0.8738627
real,00009665_005.png,9665,,cardiomegaly_1,-4.313278,0.0132126715,0.71169966
real,00009709_010.png,9709,,cardiomegaly_1,-5.0658092,0.006269252,0.8504184
real,00009709_011.png,9709,,cardiomegaly_1,-5.542938,0.0038997394,0.9028051
real,00009812_000.png,9812,,cardiomegaly_1,-3.4697075,0.030186545,0.57581437
real,00009908_001.png,9908,,cardiomegaly_1,-2.6996956,0.06299132,0.41476426
real,00009908_002.png,9908,,cardiomegaly_1,-3.6506195,0.025317412,0.6667974
real,00009932_008.png,9932,,cardiomegaly_1,0.43255424,0.60648346,0.1537828
real,00009934_007.png,9934,,cardiomegaly_1,1.2999363,0.78582424,0.35570487
real,00009934_008.png,9934,,cardiomegaly_1,1.4198723,0.8053184,0.38742474
real,00009934_009.png,9934,,cardiomegaly_1,4.2675266,0.9861773,0.9379519
real,00010071_003.png,10071,,cardiomegaly_1,-3.6785488,0.024637276,0.70328504
real,00010071_004.png,10071,,cardiomegaly_1,-3.7216568,0.023622336,0.67490226
real,00010071_007.png,10071,,cardiomegaly_1,-3.859253,0.0206484,0.6988911
real,00010071_008.png,10071,,cardiomegaly_1,-3.7912407,0.022069529,0.667715
real,00010071_010.png,10071,,cardiomegaly_1,-4.3173027,0.013160303,0.72161126
real,00010071_011.png,10071,,cardiomegaly_1,-4.5922184,0.010028766,0.77266717
real,00010071_012.png,10071,,cardiomegaly_1,-4.2849827,0.013586719,0.7513898
real,00010120_021.png,10120,,cardiomegaly_1,-4.6417656,0.009548606,0.7555394
real,00010131_007.png,10131,,cardiomegaly_1,-4.410429,0.012004116,0.79457194
real,00010177_000.png,10177,,cardiomegaly_1,4.5428467,0.98946893,0.89749694
real,00010275_000.png,10275,,cardiomegaly_1,-4.252184,0.014033378,0.7380948
real,00010279_003.png,10279,,cardiomegaly_1,2.6393738,0.933353,0.7319939
real,00010279_004.png,10279,,cardiomegaly_1,-1.3167343,0.21136214,0.2387764
real,00010279_005.png,10279,,cardiomegaly_1,-0.1041317,0.47399062,0.23412023
real,00010335_001.png,10335,,cardiomegaly_1,-4.5531178,0.010424495,0.7770748
real,00010335_002.png,10335,,cardiomegaly_1,-4.6727448,0.00926003,0.86488587
real,00010335_003.png,10335,,cardiomegaly_1,-4.652378,0.009448759,0.7842901
real,00010335_005.png,10335,,cardiomegaly_1,-4.4044495,0.012075239,0.77104974
real,00010354_002.png,10354,,cardiomegaly_1,-1.1010857,0.24953654,0.2670804
real,00010427_009.png,10427,,cardiomegaly_1,-5.3747444,0.0046107452,0.9139412
real,00010443_001.png,10443,,cardiomegaly_1,-5.2512417,0.005213681,0.8497744
real,00010465_004.png,10465,,cardiomegaly_1,-4.2069874,0.014672668,0.7540771
real,00010469_002.png,10469,,cardiomegaly_1,-2.8301353,0.05571728,0.62288064
real,00010521_002.png,10521,,cardiomegaly_1,-4.940523,0.007100085,0.8103119
real,00010536_000.png,10536,,cardiomegaly_1,2.6361465,0.93315196,0.6642975
real,00010571_006.png,10571,,cardiomegaly_1,-4.3418655,0.012845087,0.7467618
real,00010575_002.png,10575,,cardiomegaly_1,-4.4978848,0.011009951,0.8125847
real,00010575_003.png,10575,,cardiomegaly_1,-4.907345,0.0073378473,0.84929115
real,00010625_000.png,10625,,cardiomegaly_1,5.800699,0.9969837,0.9760461
real,00010625_010.png,10625,,cardiomegaly_1,6.696825,0.9987668,0.98619485
real,00010625_014.png,10625,,cardiomegaly_1,3.9263496,0.9806656,0.8249082
real,00010638_001.png,10638,,cardiomegaly_1,3.5032463,0.97078,0.7880475
real,00010695_007.png,10695,,cardiomegaly_1,-4.5042095,0.010941295,0.79291284
real,00010695_008.png,10695,,cardiomegaly_1,-4.938183,0.007116603,0.8741414
real,00010695_013.png,10695,,cardiomegaly_1,-4.6305695,0.009655076,0.76031214
real,00010695_014.png,10695,,cardiomegaly_1,-4.6437244,0.009530098,0.71281564
real,00010695_015.png,10695,,cardiomegaly_1,-4.2480354,0.014090894,0.6381497
real,00010695_017.png,10695,,cardiomegaly_1,-4.8098583,0.008083144,0.78455716
real,00010695_016.png,10695,,cardiomegaly_1,-4.6003647,0.009948209,0.7787517
real,00010767_001.png,10767,,cardiomegaly_1,1.2324638,0.7742495,0.27719682
real,00010767_017.png,10767,,cardiomegaly_1,-4.495016,0.011041231,0.7685436
real,00010767_015.png,10767,,cardiomegaly_1,-4.7164364,0.008867666,0.7910864
real,00010767_016.png,10767,,cardiomegaly_1,-4.8972893,0.007411456,0.8290853
real,00010767_022.png,10767,,cardiomegaly_1,-2.0642357,0.112621814,0.3691514
real,00010767_023.png,10767,,cardiomegaly_1,-2.9329586,0.050548147,0.56710744
real,00010767_024.png,10767,,cardiomegaly_1,-3.9446716,0.018989973,0.733783
real,00010767_025.png,10767,,cardiomegaly_1,-4.31781,0.013153715,0.73329455
real,00010767_026.png,10767,,cardiomegaly_1,-4.4936237,0.011056445,0.7446226
real,00010772_002.png,10772,,cardiomegaly_1,-4.7718716,0.008393477,0.8138302
real,00010772_003.png,10772,,cardiomegaly_1,-4.501436,0.010971348,0.7471279
real,00010772_007.png,10772,,cardiomegaly_1,2.718502,0.93810964,0.6097689
real,00010772_010.png,10772,,cardiomegaly_1,-4.6364975,0.009598559,0.8362146
real,00010772_012.png,10772,,cardiomegaly_1,-2.9616337,0.049189545,0.508641
real,00010772_015.png,10772,,cardiomegaly_1,-2.6783943,0.064260356,0.42644152
real,00010790_003.png,10790,,cardiomegaly_1,0.4540367,0.6115986,0.20329075
real,00010828_000.png,10828,,cardiomegaly_1,-4.473007,0.011284158,0.77140623
real,00010936_008.png,10936,,cardiomegaly_1,-2.0050907,0.118669465,0.3486043
real,00010936_009.png,10936,,cardiomegaly_1,-0.45584106,0.3879729,0.20723026
real,00010936_010.png,10936,,cardiomegaly_1,-1.3573341,0.20467392,0.298351
real,00010936_016.png,10936,,cardiomegaly_1,-1.0755844,0.25434253,0.26276928
real,00010936_017.png,10936,,cardiomegaly_1,0.8442364,0.6993567,0.38361487
real,00010936_018.png,10936,,cardiomegaly_1,-3.6150703,0.0262096,0.62293386
real,00010936_019.png,10936,,cardiomegaly_1,-2.8333702,0.055547327,0.35524994
real,00010936_021.png,10936,,cardiomegaly_1,-1.973217,0.122043766,0.34833527
real,00010936_023.png,10936,,cardiomegaly_1,-3.69549,0.02423344,0.6580201
real,00010936_024.png,10936,,cardiomegaly_1,-1.7360134,0.14982001,0.30413383
real,00010940_000.png,10940,,cardiomegaly_1,-4.47332,0.011280669,0.78766984
real,00010953_000.png,10953,,cardiomegaly_1,-4.7352505,0.008703828,0.8292339
real,00010953_003.png,10953,,cardiomegaly_1,-3.365406,0.03339428,0.6084839
real,00010953_004.png,10953,,cardiomegaly_1,-2.289545,0.09199254,0.5008372
real,00010953_009.png,10953,,cardiomegaly_1,-4.4011116,0.012115124,0.832033
real,00010953_011.png,10953,,cardiomegaly_1,-3.4643326,0.030344294,0.5987585
real,00010953_012.png,10953,,cardiomegaly_1,-3.5819416,0.027068535,0.65514666
real,00010970_000.png,10970,,cardiomegaly_1,3.8558273,0.97928226,0.7893829
real,00010992_000.png,10992,,cardiomegaly_1,-4.0569286,0.017007807,0.6450374
real,00010992_006.png,10992,,cardiomegaly_1,-3.489956,0.029599369,0.58596134
real,00010992_007.png,10992,,cardiomegaly_1,-4.1073074,0.016185725,0.6472053
real,00010992_008.png,10992,,cardiomegaly_1,-4.058344,0.016984163,0.5960942
real,00010992_009.png,10992,,cardiomegaly_1,-3.9818916,0.018308861,0.7063222
real,00010992_010.png,10992,,cardiomegaly_1,-4.320961,0.013112877,0.77928346
real,00010992_011.png,10992,,cardiomegaly_1,-4.4146576,0.011954066,0.8081364
real,00010992_012.png,10992,,cardiomegaly_1,-4.5276146,0.010690892,0.77967685
real,00010994_003.png,10994,,cardiomegaly_1,6.992687,0.9990822,0.98714834
real,00010994_005.png,10994,,cardiomegaly_1,6.893255,0.9989864,0.9897771
real,00010994_007.png,10994,,cardiomegaly_1,6.740387,0.9988192,0.9885679
real,00010994_009.png,10994,,cardiomegaly_1,6.9734497,0.9990645,0.99015653
real,00010994_010.png,10994,,cardiomegaly_1,6.2244415,0.9980235,0.979295
real,00010994_011.png,10994,,cardiomegaly_1,7.024023,0.9991105,0.9884318
real,00010994_012.png,10994,,cardiomegaly_1,6.6195908,0.99866784,0.9852767
real,00010994_013.png,10994,,cardiomegaly_1,6.4869366,0.99847907,0.9850642
real,00010994_000.png,10994,,cardiomegaly_1,6.8204136,0.99890995,0.9866511
real,00011139_000.png,11139,,cardiomegaly_1,-2.1615505,0.10325679,0.36838028
real,00011237_001.png,11237,,cardiomegaly_1,-0.39238358,0.40314364,0.23638925
real,00011279_002.png,11279,,cardiomegaly_1,-4.9223576,0.0072292993,0.8226063
real,00011380_005.png,11380,,cardiomegaly_1,-3.823185,0.021390518,0.5477447
real,00011380_006.png,11380,,cardiomegaly_1,-4.247389,0.014099879,0.68537253
real,00011380_009.png,11380,,cardiomegaly_1,-4.515745,0.010817163,0.7683041
real,00011380_010.png,11380,,cardiomegaly_1,-4.7445354,0.008624081,0.804504
real,00011380_011.png,11380,,cardiomegaly_1,-4.696661,0.009043171,0.7810471
real,00011380_012.png,11380,,cardiomegaly_1,-4.6979504,0.0090316245,0.7496286
real,00011380_014.png,11380,,cardiomegaly_1,-2.4746418,0.077655114,0.4331941
real,00011380_015.png,11380,,cardiomegaly_1,-4.0628777,0.016908634,0.7208537
real,00011380_016.png,11380,,cardiomegaly_1,-3.3721771,0.033176407,0.633986
real,00011380_018.png,11380,,cardiomegaly_1,-4.0459824,0.017191784,0.7279081
real,00011380_019.png,11380,,cardiomegaly_1,-4.7459965,0.008611597,0.8639853
real,00011380_020.png,11380,,cardiomegaly_1,-3.544775,0.028064745,0.5720743
real,00011380_021.png,11380,,cardiomegaly_1,-2.5852718,0.070092335,0.47510234
real,00011380_023.png,11380,,cardiomegaly_1,-4.2349186,0.014274282,0.65457284
real,00011380_024.png,11380,,cardiomegaly_1,-4.8087025,0.008092417,0.82582337
real,00011380_025.png,11380,,cardiomegaly_1,-4.9087315,0.0073277536,0.8313376
real,00011380_026.png,11380,,cardiomegaly_1,-4.6752396,0.00923717,0.80429256
real,00011423_002.png,11423,,cardiomegaly_1,-5.2872925,0.00503,0.8965748
real,00011423_003.png,11423,,cardiomegaly_1,-4.5146694,0.010828679,0.6913222
real,00011423_006.png,11423,,cardiomegaly_1,-4.791073,0.008235162,0.83262277
real,00011423_008.png,11423,,cardiomegaly_1,-4.67194,0.009267418,0.79315835
real,00011423_000.png,11423,,cardiomegaly_1,-4.9452763,0.0070666554,0.85062283
real,00011423_001.png,11423,,cardiomegaly_1,-4.686552,0.0091342125,0.7722654
real,00011654_004.png,11654,,cardiomegaly_1,-3.976059,0.018413989,0.76739067
real,00011748_000.png,11748,,cardiomegaly_1,-4.418516,0.011908579,0.73300844
real,00011764_004.png,11764,,cardiomegaly_1,-3.684063,0.024505116,0.5860008
real,00011770_010.png,11770,,cardiomegaly_1,-4.48518,0.011149154,0.71961486
real,00011831_004.png,11831,,cardiomegaly_1,-3.6922264,0.024310727,0.64104474
real,00011831_007.png,11831,,cardiomegaly_1,-2.777361,0.05855988,0.46611175
real,00011831_008.png,11831,,cardiomegaly_1,-2.7887268,0.057936408,0.3933506
real,00011831_009.png,11831,,cardiomegaly_1,-2.6531658,0.065794155,0.41156077
real,00011831_010.png,11831,,cardiomegaly_1,-2.8535595,0.05449761,0.53565776
real,00011831_016.png,11831,,cardiomegaly_1,-3.42704,0.031461,0.5563942
real,00011831_017.png,11831,,cardiomegaly_1,-2.4972649,0.07605014,0.5045363
real,00011831_020.png,11831,,cardiomegaly_1,-4.37434,0.012439755,0.81921077
real,00011831_021.png,11831,,cardiomegaly_1,-4.8897133,0.0074673984,0.91212076
real,00011949_000.png,11949,,cardiomegaly_1,4.763012,0.9915325,0.9240314
real,00011950_013.png,11950,,cardiomegaly_1,-4.0754414,0.016701054,0.6935588
real,00011950_015.png,11950,,cardiomegaly_1,-3.6763,0.024691371,0.5986274
real,00011950_016.png,11950,,cardiomegaly_1,-3.0586185,0.04484684,0.49067616
real,00011950_018.png,11950,,cardiomegaly_1,-4.346472,0.012786811,0.7064559
real,00011987_008.png,11987,,cardiomegaly_1,-3.9485645,0.018917585,0.580859
real,00012021_001.png,12021,,cardiomegaly_1,-3.6701355,0.024840262,0.6242674
real,00012043_012.png,12043,,cardiomegaly_1,-4.751814,0.008562074,0.87961847
real,00012043_013.png,12043,,cardiomegaly_1,-4.1905193,0.014912666,0.7234754
real,00012043_015.png,12043,,cardiomegaly_1,-4.4738026,0.011275288,0.87757874
real,00012043_016.png,12043,,cardiomegaly_1,-4.986122,0.0067857457,0.9079255
real,00012092_003.png,12092,,cardiomegaly_1,-1.5804462,0.17073229,0.22556093
real,00012178_000.png,12178,,cardiomegaly_1,-1.6859398,0.15631054,0.24034707
real,00012178_001.png,12178,,cardiomegaly_1,-2.5136204,0.074908845,0.26762664
real,00012263_000.png,12263,,cardiomegaly_1,-4.2784157,0.013675013,0.6930002
real,00012263_002.png,12263,,cardiomegaly_1,-4.155735,0.015432375,0.6949468
real,00012263_005.png,12263,,cardiomegaly_1,-4.1864967,0.014971876,0.7373513
real,00012263_006.png,12263,,cardiomegaly_1,-3.8751373,0.020329619,0.72706175
real,00012263_007.png,12263,,cardiomegaly_1,-4.656708,0.009408323,0.8212868
real,00012415_002.png,12415,,cardiomegaly_1,-4.342188,0.012840999,0.6883015
real,00012415_004.png,12415,,cardiomegaly_1,-4.3550167,0.012679393,0.6897145
real,00012415_005.png,12415,,cardiomegaly_1,-4.522169,0.010748641,0.76369303
real,00012415_006.png,12415,,cardiomegaly_1,-4.491539,0.011079264,0.7534699
real,00012460_002.png,12460,,cardiomegaly_1,-4.8780804,0.007554113,0.83209604
real,00012460_003.png,12460,,cardiomegaly_1,-5.3107224,0.0049140905,0.89199764
real,00012523_000.png,12523,,cardiomegaly_1,0.97283936,0.72568506,0.22711375
real,00012536_003.png,12536,,cardiomegaly_1,-3.0828152,0.043821704,0.3868004
real,00012604_000.png,12604,,cardiomegaly_1,-4.6854057,0.009144594,0.84565353
real,00012604_004.png,12604,,cardiomegaly_1,-3.9925537,0.018118205,0.67042637
real,00012604_005.png,12604,,cardiomegaly_1,-4.036234,0.017357275,0.61671126
real,00012626_015.png,12626,,cardiomegaly_1,-4.9821415,0.006812627,0.8591618
real,00012653_002.png,12653,,cardiomegaly_1,-4.540161,0.010559005,0.82165
real,00012707_000.png,12707,,cardiomegaly_1,1.9059544,0.8705639,0.44006598
real,00012722_000.png,12722,,cardiomegaly_1,-5.013527,0.006603521,0.9262815
real,00012722_001.png,12722,,cardiomegaly_1,-4.92099,0.0072391215,0.89971846
real,00012722_002.png,12722,,cardiomegaly_1,-4.1663055,0.015272584,0.76493263
real,00012722_005.png,12722,,cardiomegaly_1,-4.617264,0.009783137,0.84945387
real,00012799_001.png,12799,,cardiomegaly_1,-3.9419384,0.019040957,0.6971175
real,00012827_001.png,12827,,cardiomegaly_1,-3.6261845,0.025927428,0.5496638
real,00012827_002.png,12827,,cardiomegaly_1,-4.525341,0.010714966,0.7153468
real,00012939_002.png,12939,,cardiomegaly_1,-3.23098,0.038016394,0.55997413
real,00012949_002.png,12949,,cardiomegaly_1,-4.2414474,0.014182709,0.5830303
real,00012973_017.png,12973,,cardiomegaly_1,-3.5006084,0.029294925,0.6157894
real,00012973_015.png,12973,,cardiomegaly_1,-4.476099,0.011249715,0.7895891
real,00012973_016.png,12973,,cardiomegaly_1,-3.8600655,0.020631975,0.63536584
real,00012973_019.png,12973,,cardiomegaly_1,-3.3137207,0.035103478,0.4668672
real,00012973_020.png,12973,,cardiomegaly_1,-4.5047703,0.010935228,0.7438519
real,00012973_021.png,12973,,cardiomegaly_1,-5.215006,0.0054050284,0.92135537
real,00012975_000.png,12975,,cardiomegaly_1,-1.9516029,0.12437869,0.3381175
real,00013205_001.png,13205,,cardiomegaly_1,-4.067358,0.016834319,0.63510305
real,00013205_003.png,13205,,cardiomegaly_1,-4.1128902,0.016097065,0.637828
real,00013205_004.png,13205,,cardiomegaly_1,-4.196295,0.01482806,0.6582059
real,00013205_006.png,13205,,cardiomegaly_1,-5.1766205,0.0056153485,0.802129
real,00013237_000.png,13237,,cardiomegaly_1,-4.4975452,0.0110136485,0.7120001
real,00013285_000.png,13285,,cardiomegaly_1,-4.828327,0.007936402,0.82973087
real,00013285_002.png,13285,,cardiomegaly_1,-4.5779037,0.010171885,0.8265391
real,00013285_003.png,13285,,cardiomegaly_1,-4.021656,0.017607672,0.67735535
real,00013370_005.png,13370,,cardiomegaly_1,2.7047863,0.9373085,0.6375617
real,00013408_007.png,13408,,cardiomegaly_1,-4.5163116,0.010811103,0.7793892
real,00013408_008.png,13408,,cardiomegaly_1,-4.2103043,0.014624793,0.64865744
real,00013408_016.png,13408,,cardiomegaly_1,-2.3091354,0.09036919,0.3669496
real,00013408_017.png,13408,,cardiomegaly_1,-3.3665085,0.033358715,0.5696261
real,00013408_018.png,13408,,cardiomegaly_1,-4.768835,0.008418787,0.7493557
real,00013458_002.png,13458,,cardiomegaly_1,-5.0742817,0.0062166895,0.8294848
real,00013499_000.png,13499,,cardiomegaly_1,-4.137062,0.015718678,0.7163914
real,00013519_001.png,13519,,cardiomegaly_1,-3.4646797,0.030334082,0.49185136
real,00013522_000.png,13522,,cardiomegaly_1,-4.758339,0.0085068615,0.75876355
real,00013534_006.png,13534,,cardiomegaly_1,-3.281124,0.03622445,0.4223313
real,00013534_008.png,13534,,cardiomegaly_1,-3.9872532,0.018212741,0.5789949
real,00013534_010.png,13534,,cardiomegaly_1,-4.0465107,0.01718286,0.5025934
real,00013591_003.png,13591,,cardiomegaly_1,-1.8246136,0.1388812,0.3098609
real,00013591_005.png,13591,,cardiomegaly_1,-5.0468407,0.0063885385,0.88954383
real,00013608_006.png,13608,,cardiomegaly_1,-4.0073566,0.017856732,0.673165
real,00013608_007.png,13608,,cardiomegaly_1,-3.2299805,0.038052958,0.46737483
real,00013608_008.png,13608,,cardiomegaly_1,-4.190235,0.014916843,0.7058513
real,00013608_011.png,13608,,cardiomegaly_1,-4.0781097,0.016657291,0.72021633
real,00013608_012.png,13608,,cardiomegaly_1,-4.230932,0.014330481,0.7719677
real,00013608_013.png,13608,,cardiomegaly_1,-4.2858315,0.013575347,0.74607795
real,00013608_017.png,13608,,cardiomegaly_1,-4.096718,0.016355218,0.7017849
real,00013608_021.png,13608,,cardiomegaly_1,-3.3815727,0.032876354,0.53238106
real,00013625_004.png,13625,,cardiomegaly_1,-3.5946121,0.02673684,0.6114078
real,00013625_061.png,13625,,cardiomegaly_1,-1.2230682,0.22739695,0.26410255
real,00013678_000.png,13678,,cardiomegaly_1,-4.772497,0.008388272,0.82740545
real,00013678_001.png,13678,,cardiomegaly_1,-2.1708565,0.10239828,0.3625233
real,00013709_000.png,13709,,cardiomegaly_1,-4.9425793,0.007085605,0.85405076
real,00013743_001.png,13743,,cardiomegaly_1,-3.602188,0.0265404,0.46230868
real,00013830_000.png,13830,,cardiomegaly_1,-0.79834366,0.31037992,0.163042
real,00013862_004.png,13862,,cardiomegaly_1,-4.672348,0.009263671,0.835649
real,00013911_002.png,13911,,cardiomegaly_1,-3.7447586,0.02309533,0.5310342
real,00013911_004.png,13911,,cardiomegaly_1,-4.633154,0.009630396,0.7631456
real,00013911_007.png,13911,,cardiomegaly_1,-4.242813,0.014163628,0.72237885
real,00013911_012.png,13911,,cardiomegaly_1,-4.6173935,0.00978188,0.7751501
real,00013911_020.png,13911,,cardiomegaly_1,-2.8059273,0.057004716,0.3330027
real,00013911_000.png,13911,,cardiomegaly_1,4.255686,0.98601496,0.8953176
real,00013964_001.png,13964,,cardiomegaly_1,-4.524721,0.010721538,0.78216857
real,00014183_000.png,14183,,cardiomegaly_1,-4.596878,0.009982608,0.6965499
real,00014196_002.png,14196,,cardiomegaly_1,-4.2600346,0.013925166,0.6925522
real,00014196_003.png,14196,,cardiomegaly_1,-4.5557823,0.010397043,0.75696623
real,00014289_000.png,14289,,cardiomegaly_1,-4.151762,0.015492858,0.68724704
real,00014307_004.png,14307,,cardiomegaly_1,-4.574745,0.010203737,0.7813134
real,00014307_008.png,14307,,cardiomegaly_1,-4.8817425,0.007526707,0.8424411
real,00014307_011.png,14307,,cardiomegaly_1,-4.712593,0.0089015085,0.78901136
real,00014320_011.png,14320,,cardiomegaly_1,3.8739872,0.9796475,0.8695454
real,00014320_012.png,14320,,cardiomegaly_1,3.6116848,0.9737039,0.8057565
real,00014320_033.png,14320,,cardiomegaly_1,-1.4346809,0.1923704,0.22485785
real,00014320_039.png,14320,,cardiomegaly_1,-4.044113,0.017223395,0.6300132
real,00014387_000.png,14387,,cardiomegaly_1,-4.7796116,0.008329301,0.8316481
real,00014387_008.png,14387,,cardiomegaly_1,-3.4590225,0.030500928,0.5273897
real,00014387_010.png,14387,,cardiomegaly_1,-3.9573364,0.018755468,0.5881211
real,00014475_001.png,14475,,cardiomegaly_1,-5.391424,0.0045348224,0.8543435
real,00014538_000.png,14538,,cardiomegaly_1,-4.778158,0.008341314,0.7560455
real,00014574_000.png,14574,,cardiomegaly_1,3.3231277,0.9652138,0.72054917
real,00014648_000.png,14648,,cardiomegaly_1,-5.1082535,0.0060102916,0.83096784
real,00014695_004.png,14695,,cardiomegaly_1,6.9881344,0.99907804,0.9855543
real,00014719_006.png,14719,,cardiomegaly_1,-5.135332,0.005850665,0.8179869
real,00014719_007.png,14719,,cardiomegaly_1,-5.31155,0.0049100444,0.8638028
real,00014773_003.png,14773,,cardiomegaly_1,-3.4727707,0.030096997,0.67709416
real,00014773_004.png,14773,,cardiomegaly_1,-3.907734,0.019690465,0.62835145
real,00014773_006.png,14773,,cardiomegaly_1,-3.0783062,0.044011027,0.50336826
real,00014773_005.png,14773,,cardiomegaly_1,-3.3414917,0.03417489,0.56756437
real,00014773_007.png,14773,,cardiomegaly_1,-5.4284153,0.004370859,0.91148466
real,00014943_000.png,14943,,cardiomegaly_1,-3.7189064,0.023685854,0.59718704
real,00015064_000.png,15064,,cardiomegaly_1,2.6092682,0.9314557,0.680198
real,00015080_002.png,15080,,cardiomegaly_1,-3.5683956,0.027427576,0.51020646
real,00015114_001.png,15114,,cardiomegaly_1,-5.113243,0.005980557,0.8609591
real,00015114_003.png,15114,,cardiomegaly_1,-3.8150978,0.021560464,0.6608188
real,00015212_001.png,15212,,cardiomegaly_1,-5.256956,0.005184127,0.93432534
real,00015212_003.png,15212,,cardiomegaly_1,-4.293886,0.013467907,0.74861443
real,00015212_008.png,15212,,cardiomegaly_1,-3.3706303,0.033226058,0.51237905
real,00015228_002.png,15228,,cardiomegaly_1,-3.959446,0.018716684,0.6864655
real,00015242_000.png,15242,,cardiomegaly_1,-0.49092484,0.37967575,0.18278614
real,00015244_002.png,15244,,cardiomegaly_1,-5.2471256,0.005235073,0.8110703
real,00015244_000.png,15244,,cardiomegaly_1,-5.0930862,0.006101586,0.8176259
real,00015254_001.png,15254,,cardiomegaly_1,-4.4718494,0.0112970825,0.7350195
real,00015254_002.png,15254,,cardiomegaly_1,-4.3802185,0.012367746,0.6912444
real,00015282_000.png,15282,,cardiomegaly_1,6.976036,0.9990669,0.98434615
real,00015313_000.png,15313,,cardiomegaly_1,5.2031116,0.9945306,0.9394205
real,00015313_003.png,15313,,cardiomegaly_1,-2.7409172,0.060601663,0.37868032
real,00015313_005.png,15313,,cardiomegaly_1,-0.5299778,0.37052208,0.16569598
real,00015313_006.png,15313,,cardiomegaly_1,0.081632614,0.5203968,0.18708774
real,00015313_007.png,15313,,cardiomegaly_1,-3.7120724,0.023844404,0.48531926
real,00015313_008.png,15313,,cardiomegaly_1,-3.620737,0.026065359,0.6048345
real,00015318_007.png,15318,,cardiomegaly_1,-3.6061401,0.026438488,0.5330647
real,00015318_008.png,15318,,cardiomegaly_1,0.9729099,0.7256991,0.30788988
real,00015376_002.png,15376,,cardiomegaly_1,-2.0893135,0.11013984,0.31590453
real,00015376_037.png,15376,,cardiomegaly_1,2.6710358,0.93529576,0.7560392
real,00015388_004.png,15388,,cardiomegaly_1,-4.467806,0.0113423355,0.70249766
real,00015423_001.png,15423,,cardiomegaly_1,-1.4383354,0.19180325,0.22682795
real,00015423_002.png,15423,,cardiomegaly_1,-1.0155449,0.2658961,0.231155
real,00015423_003.png,15423,,cardiomegaly_1,0.02598381,0.5064956,0.27391717
real,00015423_004.png,15423,,cardiomegaly_1,-0.3963337,0.40219352,0.18290012
real,00015423_005.png,15423,,cardiomegaly_1,-1.3404045,0.20744355,0.24088155
real,00015423_006.png,15423,,cardiomegaly_1,-0.9743023,0.2740238,0.1817763
real,00015448_003.png,15448,,cardiomegaly_1,-5.0669537,0.0062621264,0.82885647
real,00015492_002.png,15492,,cardiomegaly_1,-4.440317,0.011654763,0.65564615
real,00015497_000.png,15497,,cardiomegaly_1,-1.4120178,0.195916,0.22333537
real,00015497_001.png,15497,,cardiomegaly_1,6.342848,0.9982438,0.97047365
real,00015562_004.png,15562,,cardiomegaly_1,-5.4375305,0.0043313703,0.9121729
real,00015654_000.png,15654,,cardiomegaly_1,-5.1246586,0.0059130755,0.85601217
real,00015654_001.png,15654,,cardiomegaly_1,-2.938755,0.05027068,0.4298285
real,00015654_002.png,15654,,cardiomegaly_1,-2.746973,0.06025783,0.33128348
real,00015654_003.png,15654,,cardiomegaly_1,-4.580366,0.010147123,0.81902903
real,00015654_004.png,15654,,cardiomegaly_1,-3.8466587,0.020904623,0.6331436
real,00015654_005.png,15654,,cardiomegaly_1,-3.1585598,0.04075532,0.51026094
real,00015654_006.png,15654,,cardiomegaly_1,-3.8835945,0.020161865,0.6207428
real,00015716_000.png,15716,,cardiomegaly_1,-1.7980232,0.14209187,0.2630008
real,00015985_000.png,15985,,cardiomegaly_1,-2.1481152,0.104507476,0.43129924
real,00016041_000.png,16041,,cardiomegaly_1,-4.7124577,0.008902703,0.82345694
real,00016184_016.png,16184,,cardiomegaly_1,-3.7303543,0.023422562,0.5756263
real,00016191_001.png,16191,,cardiomegaly_1,-4.8378754,0.007861577,0.8298661
real,00016191_015.png,16191,,cardiomegaly_1,-4.414303,0.011958258,0.74256855
real,00016191_016.png,16191,,cardiomegaly_1,-5.0609837,0.006299387,0.8602112
real,00016191_021.png,16191,,cardiomegaly_1,-4.061964,0.016923828,0.6715549
real,00016191_026.png,16191,,cardiomegaly_1,-4.047781,0.017161421,0.667393
real,00016191_027.png,16191,,cardiomegaly_1,-4.2722836,0.01375797,0.7079647
real,00016202_000.png,16202,,cardiomegaly_1,-2.263651,0.09417845,0.48808312
real,00016205_005.png,16205,,cardiomegaly_1,-4.127344,0.015869739,0.5515314
real,00016205_007.png,16205,,cardiomegaly_1,-3.5222626,0.028685387,0.51271063
real,00016205_008.png,16205,,cardiomegaly_1,-4.286623,0.013564752,0.6387006
real,00016205_009.png,16205,,cardiomegaly_1,-4.2581882,0.013950541,0.67107505
real,00016238_007.png,16238,,cardiomegaly_1,-3.9675827,0.018567823,0.707574
real,00016238_008.png,16238,,cardiomegaly_1,-5.0294514,0.006499874,0.9061313
real,00016353_000.png,16353,,cardiomegaly_1,-4.844555,0.007809649,0.8323673
real,00016417_000.png,16417,,cardiomegaly_1,-3.2178822,0.038498305,0.50312287
real,00016417_001.png,16417,,cardiomegaly_1,-2.9429646,0.050070077,0.54698783
real,00016417_002.png,16417,,cardiomegaly_1,-3.2338295,0.03791232,0.44966856
real,00016417_004.png,16417,,cardiomegaly_1,-3.0682049,0.044437993,0.36473328
real,00016417_006.png,16417,,cardiomegaly_1,-3.5378265,0.028254902,0.46884975
real,00016417_007.png,16417,,cardiomegaly_1,-3.5080357,0.029084453,0.5275205
real,00016417_008.png,16417,,cardiomegaly_1,-3.2663155,0.03674502,0.47413677
real,00016417_009.png,16417,,cardiomegaly_1,-3.442377,0.030997006,0.42851746
real,00016484_002.png,16484,,cardiomegaly_1,6.452759,0.9984263,0.97589964
real,00016484_018.png,16484,,cardiomegaly_1,5.8929596,0.9972488,0.9658955
real,00016484_030.png,16484,,cardiomegaly_1,5.1194267,0.9940561,0.89892817
real,00016548_000.png,16548,,cardiomegaly_1,-5.1485386,0.0057743494,0.8690478
real,00016568_005.png,16568,,cardiomegaly_1,-4.5194016,0.010778109,0.779826
real,00016568_015.png,16568,,cardiomegaly_1,-3.7269382,0.02350083,0.5867611
real,00016568_016.png,16568,,cardiomegaly_1,-3.9415016,0.019049117,0.6392484
real,00016568_017.png,16568,,cardiomegaly_1,-3.7532845,0.02290375,0.5709162
real,00016568_018.png,16568,,cardiomegaly_1,-4.136793,0.01572284,0.73961616
real,00016568_019.png,16568,,cardiomegaly_1,-4.183983,0.015008994,0.71128696
real,00016568_020.png,16568,,cardiomegaly_1,-3.9418163,0.019043237,0.70265466
real,00016568_021.png,16568,,cardiomegaly_1,-3.3294868,0.034573354,0.6239584
real,00016568_022.png,16568,,cardiomegaly_1,-4.2355328,0.0142656425,0.79193234
real,00016568_023.png,16568,,cardiomegaly_1,-3.81641,0.021532796,0.6968772
real,00016568_024.png,16568,,cardiomegaly_1,-3.9260921,0.019339208,0.7613881
real,00016568_025.png,16568,,cardiomegaly_1,-4.0892143,0.016476372,0.73116785
real,00016568_028.png,16568,,cardiomegaly_1,-3.892868,0.019979473,0.7503082
real,00016568_029.png,16568,,cardiomegaly_1,-4.3253307,0.013056449,0.7917794
real,00016568_032.png,16568,,cardiomegaly_1,-4.3808155,0.0123604555,0.80364007
real,00016568_036.png,16568,,cardiomegaly_1,-4.095007,0.016382765,0.69553035
real,00016568_037.png,16568,,cardiomegaly_1,-4.1304035,0.01582203,0.7032427
real,00016568_038.png,16568,,cardiomegaly_1,-4.5914574,0.010036324,0.76678276
real,00016568_039.png,16568,,cardiomegaly_1,-4.609274,0.0098608425,0.829312
real,00016568_040.png,16568,,cardiomegaly_1,-4.3932095,0.012210065,0.7530314
real,00016568_041.png,16568,,cardiomegaly_1,-4.2543907,0.014002875,0.7137453
real,00016568_042.png,16568,,cardiomegaly_1,-4.327608,0.013027134,0.7132295
real,00016568_043.png,16568,,cardiomegaly_1,-4.509569,0.010883448,0.82294625
real,00016568_044.png,16568,,cardiomegaly_1,-4.080595,0.01661663,0.6877253
real,00016568_047.png,16568,,cardiomegaly_1,-4.336685,0.012910941,0.72848153
real,00016568_051.png,16568,,cardiomegaly_1,-4.178568,0.015089259,0.628825
real,00016677_004.png,16677,,cardiomegaly_1,1.1976986,0.7681151,0.34184706
real,00016677_000.png,16677,,cardiomegaly_1,-0.4055481,0.3999801,0.24962358
real,00016724_000.png,16724,,cardiomegaly_1,-3.1617222,0.040631868,0.4904511
real,00016724_001.png,16724,,cardiomegaly_1,-4.8707695,0.0076091196,0.87597626
real,00016724_003.png,16724,,cardiomegaly_1,-5.095785,0.0060852403,0.8862631
real,00016757_003.png,16757,,cardiomegaly_1,-4.5315075,0.0106497975,0.76698893
real,00016801_000.png,16801,,cardiomegaly_1,-1.420557,0.19457428,0.26317134
real,00016801_006.png,16801,,cardiomegaly_1,-3.48637,0.029702539,0.5013215
real,00016801_008.png,16801,,cardiomegaly_1,-3.1263428,0.042033624,0.4647303
real,00016862_000.png,16862,,cardiomegaly_1,-3.5303783,0.028460126,0.6335042
real,00016975_010.png,16975,,cardiomegaly_1,-4.9784966,0.0068373345,0.85854
real,00016975_013.png,16975,,cardiomegaly_1,-5.1987133,0.0054933242,0.87388474
real,00016975_017.png,16975,,cardiomegaly_1,-4.3088417,0.01327064,0.73600656
real,00016975_018.png,16975,,cardiomegaly_1,-4.023821,0.017570265,0.5685715
real,00016990_000.png,16990,,cardiomegaly_1,6.121746,0.9978102,0.9697497
real,00017258_002.png,17258,,cardiomegaly_1,-4.6315346,0.009645852,0.8065123
real,00017258_003.png,17258,,cardiomegaly_1,-4.9347076,0.0071411994,0.88864326
real,00017258_004.png,17258,,cardiomegaly_1,-4.607607,0.009877132,0.83083767
real,00017258_005.png,17258,,cardiomegaly_1,-4.809786,0.008083725,0.883605
real,00017258_006.png,17258,,cardiomegaly_1,-4.2742424,0.013731415,0.77944183
real,00017258_007.png,17258,,cardiomegaly_1,-4.5453033,0.010505416,0.87433803
real,00017258_008.png,17258,,cardiomegaly_1,-4.4871807,0.011127117,0.8421171
real,00017258_009.png,17258,,cardiomegaly_1,-4.33304,0.012957475,0.8576916
real,00017258_010.png,17258,,cardiomegaly_1,-4.5291157,0.010675027,0.8632829
real,00017258_011.png,17258,,cardiomegaly_1,-4.00177,0.017954974,0.74050957
real,00017258_016.png,17258,,cardiomegaly_1,-3.4335709,0.031262606,0.49414942
real,00017258_017.png,17258,,cardiomegaly_1,-3.941616,0.019046979,0.63422143
real,00017258_019.png,17258,,cardiomegaly_1,-4.3807774,0.012360922,0.7557096
real,00017263_000.png,17263,,cardiomegaly_1,-0.7973137,0.31060046,0.19322747
real,00017395_001.png,17395,,cardiomegaly_1,-4.0437603,0.017229369,0.72008634
real,00017395_002.png,17395,,cardiomegaly_1,-4.2847557,0.01358976,0.7783728
real,00017395_003.png,17395,,cardiomegaly_1,-4.9416943,0.007091834,0.86250603
real,00017443_012.png,17443,,cardiomegaly_1,-4.6838036,0.009159123,0.7703558
real,00017443_013.png,17443,,cardiomegaly_1,-4.8733807,0.0075894278,0.8128317
real,00017529_000.png,17529,,cardiomegaly_1,6.7382584,0.9988167,0.9823945
real,00017607_000.png,17607,,cardiomegaly_1,-4.5914536,0.010036362,0.65266407
real,00017618_004.png,17618,,cardiomegaly_1,-3.4591541,0.030497031,0.47883397
real,00017618_005.png,17618,,cardiomegaly_1,-3.05834,0.04485877,0.4108059
real,00017618_006.png,17618,,cardiomegaly_1,-3.47748,0.029959835,0.5177659
real,00017618_008.png,17618,,cardiomegaly_1,-2.853794,0.054485526,0.35873106
real,00017618_009.png,17618,,cardiomegaly_1,-3.6959152,0.024223385,0.6562487
real,00017618_010.png,17618,,cardiomegaly_1,-3.0525646,0.04510688,0.5011417
real,00017618_011.png,17618,,cardiomegaly_1,-0.9955387,0.26981947,0.2278354
real,00017618_014.png,17618,,cardiomegaly_1,2.4835453,0.9229802,0.5511867
real,00017618_015.png,17618,,cardiomegaly_1,-0.79605865,0.31086925,0.18303737
real,00017618_019.png,17618,,cardiomegaly_1,-2.881424,0.05307952,0.37217486
real,00017618_020.png,17618,,cardiomegaly_1,0.2286644,0.5569183,0.17081873
real,00017618_021.png,17618,,cardiomegaly_1,1.4211903,0.80552495,0.30613682
real,00017618_022.png,17618,,cardiomegaly_1,3.0615368,0.9552779,0.7623173
real,00017618_023.png,17618,,cardiomegaly_1,1.7188702,0.84798324,0.4678038
real,00017618_032.png,17618,,cardiomegaly_1,0.6497059,0.65694416,0.26216984
real,00017691_014.png,17691,,cardiomegaly_1,-4.607086,0.009882227,0.76566815
real,00017702_001.png,17702,,cardiomegaly_1,-4.845337,0.007803592,0.90946114
real,00017747_053.png,17747,,cardiomegaly_1,-3.5438652,0.028089574,0.70720375
real,00017747_054.png,17747,,cardiomegaly_1,-3.9201145,0.0194529,0.7066609
real,00017747_055.png,17747,,cardiomegaly_1,-3.208559,0.0388449,0.6104238
real,00017747_056.png,17747,,cardiomegaly_1,-3.4390793,0.031096213,0.707605
real,00017747_057.png,17747,,cardiomegaly_1,-3.4014645,0.032249726,0.68179846
real,00017747_004.png,17747,,cardiomegaly_1,-1.7495365,0.14810567,0.3053452
real,00017747_005.png,17747,,cardiomegaly_1,-2.7487469,0.060157456,0.54380715
real,00017747_008.png,17747,,cardiomegaly_1,-3.1134186,0.04255713,0.58403194
real,00017747_010.png,17747,,cardiomegaly_1,-3.612934,0.026264176,0.7091361
real,00017747_011.png,17747,,cardiomegaly_1,-3.842844,0.020982845,0.7458644
real,00017747_012.png,17747,,cardiomegaly_1,-4.084217,0.016557548,0.77953416
real,00017763_003.png,17763,,cardiomegaly_1,-4.419527,0.01189669,0.711343
real,00017763_004.png,17763,,cardiomegaly_1,-4.404188,0.012078358,0.70334876
real,00017786_005.png,17786,,cardiomegaly_1,-3.552084,0.027866066,0.47416088
real,00017786_010.png,17786,,cardiomegaly_1,-4.894125,0.0074347705,0.8085687
real,00017786_012.png,17786,,cardiomegaly_1,-4.614355,0.009811355,0.7810304
real,00017786_000.png,17786,,cardiomegaly_1,-1.5122719,0.18060236,0.20297717
real,00017822_000.png,17822,,cardiomegaly_1,-0.3062935,0.42401972,0.1905058
real,00017835_032.png,17835,,cardiomegaly_1,-3.405632,0.03211991,0.49540424
real,00017846_000.png,17846,,cardiomegaly_1,-4.452957,0.011510058,0.7199995
real,00017930_004.png,17930,,cardiomegaly_1,-4.211254,0.014611111,0.7710842
real,00017930_005.png,17930,,cardiomegaly_1,-4.6912975,0.009091362,0.8622565
real,00017939_000.png,17939,,cardiomegaly_1,6.4077244,0.99835396,0.9816206
real,00017945_000.png,17945,,cardiomegaly_1,2.0740776,0.888358,0.47458848
real,00017953_000.png,17953,,cardiomegaly_1,5.7747173,0.99690455,0.96653324
real,00017963_005.png,17963,,cardiomegaly_1,-2.7487774,0.06015574,0.3792893
real,00017963_006.png,17963,,cardiomegaly_1,-4.952053,0.0070192628,0.81865525
real,00018011_003.png,18011,,cardiomegaly_1,-1.6843204,0.15652421,0.2539704
real,00018011_005.png,18011,,cardiomegaly_1,-3.7928238,0.022035386,0.62957716
real,00018011_006.png,18011,,cardiomegaly_1,-4.0870686,0.01651118,0.6822849
real,00018011_008.png,18011,,cardiomegaly_1,-2.1900826,0.10064462,0.31186074
real,00018065_005.png,18065,,cardiomegaly_1,-4.0063343,0.017874671,0.6602634
real,00018065_006.png,18065,,cardiomegaly_1,-4.6269703,0.009689552,0.75345474
real,00018065_007.png,18065,,cardiomegaly_1,-4.6571045,0.009404626,0.7688644
real,00018090_000.png,18090,,cardiomegaly_1,-3.1894226,0.039565716,0.5376303
real,00018102_001.png,18102,,cardiomegaly_1,-3.7330875,0.023360124,0.6256129
real,00018102_002.png,18102,,cardiomegaly_1,-4.112671,0.01610054,0.7650288
real,00018102_004.png,18102,,cardiomegaly_1,-4.0991974,0.016315376,0.74198467
real,00018148_001.png,18148,,cardiomegaly_1,-4.5751514,0.010199634,0.75256026
real,00018284_003.png,18284,,cardiomegaly_1,-3.6741428,0.024743374,0.604811
real,00018284_004.png,18284,,cardiomegaly_1,-3.9585094,0.01873389,0.6427349
real,00018374_000.png,18374,,cardiomegaly_1,-3.797884,0.021926606,0.66040015
real,00018463_000.png,18463,,cardiomegaly_1,-0.5934868,0.35583523,0.18801585
real,00018488_005.png,18488,,cardiomegaly_1,-4.737797,0.008681885,0.8521377
real,00018521_005.png,18521,,cardiomegaly_1,-3.202818,0.039059818,0.55700344
real,00018521_007.png,18521,,cardiomegaly_1,-4.749468,0.008582012,0.83424926
real,00018521_008.png,18521,,cardiomegaly_1,-4.1798553,0.015070137,0.6845604
real,00018521_009.png,18521,,cardiomegaly_1,-4.2197704,0.014489,0.7583643
real,00018521_010.png,18521,,cardiomegaly_1,-4.368353,0.012513523,0.72587
real,00018521_011.png,18521,,cardiomegaly_1,-4.0354214,0.017371139,0.7558344
real,00018521_014.png,18521,,cardiomegaly_1,-5.148361,0.0057753674,0.9003537
real,00018521_015.png,18521,,cardiomegaly_1,-4.8149147,0.008042703,0.86575186
real,00018524_002.png,18524,,cardiomegaly_1,-2.8196983,0.05626895,0.30104128
real,00018524_003.png,18524,,cardiomegaly_1,-3.226532,0.038179394,0.39060712
real,00018524_005.png,18524,,cardiomegaly_1,-2.644415,0.06633408,0.3007672
real,00018531_000.png,18531,,cardiomegaly_1,-4.2885475,0.013539025,0.6286989
real,00018592_002.png,18592,,cardiomegaly_1,-4.161707,0.0153418975,0.69874465
real,00018592_007.png,18592,,cardiomegaly_1,-5.446268,0.004293851,0.85739464
real,00018626_010.png,18626,,cardiomegaly_1,-2.8915997,0.052570388,0.39284235
real,00018626_012.png,18626,,cardiomegaly_1,-4.500311,0.010983565,0.8127388
real,00018626_013.png,18626,,cardiomegaly_1,-4.1232986,0.015933046,0.72468233
real,00018626_014.png,18626,,cardiomegaly_1,-4.450485,0.011538217,0.7569507
real,00018626_017.png,18626,,cardiomegaly_1,-4.8921394,0.0074494374,0.85146904
real,00018672_000.png,18672,,cardiomegaly_1,0.33386993,0.58270067,0.23535898
real,00018678_000.png,18678,,cardiomegaly_1,-4.816496,0.008030099,0.813489
real,00018964_004.png,18964,,cardiomegaly_1,-4.489828,0.011098024,0.7174316
real,00018964_005.png,18964,,cardiomegaly_1,-4.574257,0.010208669,0.79398906
real,00018964_006.png,18964,,cardiomegaly_1,-4.4886475,0.011110989,0.79522884
real,00019125_000.png,19125,,cardiomegaly_1,-1.9943562,0.11979676,0.3113857
real,00019154_000.png,19154,,cardiomegaly_1,-4.5102882,0.010875709,0.8281536
real,00019154_001.png,19154,,cardiomegaly_1,-1.6082802,0.16682753,0.24368887
real,00019201_002.png,19201,,cardiomegaly_1,-3.1366043,0.041622363,0.39873934
real,00019231_001.png,19231,,cardiomegaly_1,-1.8521938,0.13561551,0.21888004
real,00019395_006.png,19395,,cardiomegaly_1,-0.19448662,0.451531,0.23515281
real,00019395_012.png,19395,,cardiomegaly_1,-2.7599258,0.059528515,0.49759936
real,00019395_014.png,19395,,cardiomegaly_1,-3.7374573,0.023260638,0.61721426
real,00019395_015.png,19395,,cardiomegaly_1,-2.554552,0.07212127,0.36560917
real,00019395_016.png,19395,,cardiomegaly_1,-1.9935913,0.11987743,0.34241873
real,00019395_017.png,19395,,cardiomegaly_1,-2.0603943,0.1130063,0.3438534
real,00019395_018.png,19395,,cardiomegaly_1,-1.3069668,0.21299486,0.18479146
real,00019395_020.png,19395,,cardiomegaly_1,0.66607475,0.66062367,0.27293763
real,00019395_021.png,19395,,cardiomegaly_1,-2.2872486,0.09218455,0.31742248
real,00019395_022.png,19395,,cardiomegaly_1,-2.3141155,0.08996065,0.48443902
real,00019395_023.png,19395,,cardiomegaly_1,0.31179428,0.57732314,0.27352718
real,00019395_026.png,19395,,cardiomegaly_1,0.78803444,0.6874091,0.2789846
real,00019406_007.png,19406,,cardiomegaly_1,-5.1316643,0.0058720373,0.8410039
real,00019409_000.png,19409,,cardiomegaly_1,-4.921734,0.0072337766,0.8142542
real,00019437_000.png,19437,,cardiomegaly_1,-1.2804718,0.21746992,0.20639916
real,00019486_001.png,19486,,cardiomegaly_1,5.3378544,0.99521685,0.9215951
real,00019486_000.png,19486,,cardiomegaly_1,0.62339973,0.6509913,0.26567236
real,00019592_006.png,19592,,cardiomegaly_1,-4.072529,0.016748952,0.63871163
real,00019592_007.png,19592,,cardiomegaly_1,-4.2238216,0.014431267,0.6762913
real,00019592_008.png,19592,,cardiomegaly_1,-3.7469482,0.023045981,0.63769925
real,00019637_004.png,19637,,cardiomegaly_1,-3.9367485,0.019138139,0.6376397
real,00019637_008.png,19637,,cardiomegaly_1,3.828556,0.97872156,0.87607574
real,00019637_003.png,19637,,cardiomegaly_1,-3.6647224,0.024971722,0.6320272
real,00019761_000.png,19761,,cardiomegaly_1,-4.4726715,0.011287903,0.75700915
real,00019863_006.png,19863,,cardiomegaly_1,-4.6679745,0.009303897,0.7326346
real,00019863_008.png,19863,,cardiomegaly_1,-4.2735634,0.013740615,0.64434135
real,00019917_000.png,19917,,cardiomegaly_1,-4.547104,0.010486716,0.8250121
real,00019919_016.png,19919,,cardiomegaly_1,-4.749918,0.008578183,0.74219996
real,00019919_017.png,19919,,cardiomegaly_1,-3.889494,0.020045647,0.6490179
real,00019919_018.png,19919,,cardiomegaly_1,-4.683592,0.009161044,0.77552396
real,00019919_020.png,19919,,cardiomegaly_1,-3.9100056,0.019646663,0.599346
real,00019919_021.png,19919,,cardiomegaly_1,-3.2060585,0.038938366,0.47772446
real,00019919_003.png,19919,,cardiomegaly_1,-5.325821,0.0048408085,0.8999251
real,00019927_005.png,19927,,cardiomegaly_1,-5.2988834,0.004972323,0.87253517
real,00019927_007.png,19927,,cardiomegaly_1,-5.469965,0.0041937185,0.9085893
real,00019927_008.png,19927,,cardiomegaly_1,-4.9093075,0.0073235654,0.8214487
real,00019927_009.png,19927,,cardiomegaly_1,-5.3617935,0.004670566,0.90097654
real,00019927_010.png,19927,,cardiomegaly_1,-5.3965855,0.0045115827,0.9098819
real,00019964_000.png,19964,,cardiomegaly_1,-4.4117584,0.011988359,0.6997558
real,00020234_000.png,20234,,cardiomegaly_1,-4.8916283,0.0074532176,0.80685663
real,00020286_004.png,20286,,cardiomegaly_1,-3.1395645,0.041504443,0.4175663
real,00020286_003.png,20286,,cardiomegaly_1,-3.114128,0.042528227,0.41024324
real,00020286_002.png,20286,,cardiomegaly_1,-2.7738304,0.05875482,0.34192887
real,00020286_008.png,20286,,cardiomegaly_1,-3.3208504,0.034862783,0.3840493
real,00020286_009.png,20286,,cardiomegaly_1,-2.7199554,0.061806053,0.31841213
real,00020286_012.png,20286,,cardiomegaly_1,-2.8410206,0.05514733,0.31816617
real,00020286_011.png,20286,,cardiomegaly_1,-3.03401,0.045912854,0.42439258
real,00020286_014.png,20286,,cardiomegaly_1,-3.5231037,0.028661963,0.51176924
real,00020286_015.png,20286,,cardiomegaly_1,-3.306301,0.035355654,0.44985974
real,00020286_028.png,20286,,cardiomegaly_1,-2.679758,0.06417841,0.30633348
real,00020286_023.png,20286,,cardiomegaly_1,-3.6476784,0.02539009,0.4732387
real,00020286_026.png,20286,,cardiomegaly_1,-3.7335758,0.023348985,0.5116598
real,00020312_018.png,20312,,cardiomegaly_1,-4.547329,0.010484381,0.7071263
real,00020318_035.png,20318,,cardiomegaly_1,-4.8760624,0.0075692562,0.8186571
real,00020318_002.png,20318,,cardiomegaly_1,-1.7337532,0.15010813,0.28925073
real,00020318_003.png,20318,,cardiomegaly_1,-3.132618,0.041781668,0.49128965
real,00020318_004.png,20318,,cardiomegaly_1,-4.3723354,0.012464407,0.7105096
real,00020318_006.png,20318,,cardiomegaly_1,-3.9962826,0.018051988,0.62137806
real,00020318_008.png,20318,,cardiomegaly_1,-4.450817,0.011534432,0.6689333
real,00020318_010.png,20318,,cardiomegaly_1,-3.7677956,0.022581242,0.60034865
real,00020318_011.png,20318,,cardiomegaly_1,-3.9512558,0.018867701,0.656782
real,00020318_012.png,20318,,cardiomegaly_1,-3.5422783,0.028132929,0.5863427
real,00020318_014.png,20318,,cardiomegaly_1,-3.8370094,0.021103038,0.6248645
real,00020318_015.png,20318,,cardiomegaly_1,-3.6892948,0.024380364,0.60568583
real,00020318_017.png,20318,,cardiomegaly_1,-4.0356846,0.017366648,0.6520573
real,00020318_018.png,20318,,cardiomegaly_1,-3.7164516,0.023742687,0.5871047
real,00020318_019.png,20318,,cardiomegaly_1,-4.339464,0.012875573,0.7493685
real,00020318_020.png,20318,,cardiomegaly_1,-4.5908012,0.010042845,0.7994583
real,00020318_021.png,20318,,cardiomegaly_1,-4.557228,0.010382178,0.7759118
real,00020318_022.png,20318,,cardiomegaly_1,-4.699398,0.009018676,0.81772304
real,00020318_023.png,20318,,cardiomegaly_1,-4.395067,0.012187678,0.7834493
real,00020382_000.png,20382,,cardiomegaly_1,-4.035946,0.017362189,0.71070147
real,00020393_003.png,20393,,cardiomegaly_1,-4.8499584,0.0077678906,0.83706564
real,00020393_004.png,20393,,cardiomegaly_1,-5.319195,0.0048728343,0.87744737
real,00020399_000.png,20399,,cardiomegaly_1,-4.038288,0.017322272,0.6997477
real,00020428_000.png,20428,,cardiomegaly_1,1.4036674,0.8027652,0.30200487
real,00020485_000.png,20485,,cardiomegaly_1,-5.596245,0.0036980496,0.93902016
real,00020629_006.png,20629,,cardiomegaly_1,-3.362154,0.033499412,0.6135021
real,00020629_007.png,20629,,cardiomegaly_1,-4.95146,0.0070233988,0.8103973
real,00020629_008.png,20629,,cardiomegaly_1,-4.374304,0.0124402,0.70084715
real,00020629_011.png,20629,,cardiomegaly_1,3.8177528,0.9784954,0.87698185
real,00020629_012.png,20629,,cardiomegaly_1,4.168562,0.98476136,0.8976803
real,00020629_014.png,20629,,cardiomegaly_1,-2.952919,0.049598735,0.46137482
real,00020629_016.png,20629,,cardiomegaly_1,-5.160288,0.0057072868,0.85711944
real,00020642_002.png,20642,,cardiomegaly_1,-3.8733578,0.020365091,0.6735384
real,00020642_003.png,20642,,cardiomegaly_1,-4.4534245,0.011504743,0.7921611
real,00020671_000.png,20671,,cardiomegaly_1,-3.5091267,0.02905366,0.61772484
real,00020671_003.png,20671,,cardiomegaly_1,-3.7698917,0.022535026,0.6808747
real,00020671_004.png,20671,,cardiomegaly_1,-2.3552399,0.08665018,0.29391557
real,00020671_005.png,20671,,cardiomegaly_1,-3.962843,0.018654395,0.7040605
real,00020671_006.png,20671,,cardiomegaly_1,-3.778513,0.022345902,0.60071933
real,00020671_008.png,20671,,cardiomegaly_1,-3.6581726,0.025131693,0.6254935
real,00020671_009.png,20671,,cardiomegaly_1,-4.3763943,0.012414546,0.7745239
real,00020671_010.png,20671,,cardiomegaly_1,-4.280142,0.013651749,0.7942427
real,00020671_015.png,20671,,cardiomegaly_1,-1.0948315,0.25070956,0.24101341
real,00020671_016.png,20671,,cardiomegaly_1,-2.0351105,0.11556556,0.46544942
real,00020671_017.png,20671,,cardiomegaly_1,-2.8814068,0.053080384,0.4807466
real,00020671_018.png,20671,,cardiomegaly_1,-3.4547882,0.030626388,0.6311161
real,00020683_000.png,20683,,cardiomegaly_1,-4.2500973,0.014062279,0.67587656
real,00020683_001.png,20683,,cardiomegaly_1,-4.3851433,0.012307734,0.731434
real,00020758_001.png,20758,,cardiomegaly_1,3.3735924,0.96686894,0.80406195
real,00020810_004.png,20810,,cardiomegaly_1,-4.4271755,0.011807116,0.77776754
real,00020811_013.png,20811,,cardiomegaly_1,-4.2357006,0.014263283,0.7272486
real,00020811_014.png,20811,,cardiomegaly_1,-4.504118,0.010942286,0.70131767
real,00020811_004.png,20811,,cardiomegaly_1,-4.766615,0.008437341,0.8476696
real,00020811_008.png,20811,,cardiomegaly_1,-4.1213303,0.015963936,0.69739044
real,00020819_002.png,20819,,cardiomegaly_1,3.8666382,0.9795004,0.9001693
real,00020819_006.png,20819,,cardiomegaly_1,-4.3688126,0.012507844,0.7877704
real,00020819_010.png,20819,,cardiomegaly_1,3.5581074,0.97229666,0.79502064
real,00020819_012.png,20819,,cardiomegaly_1,2.4630775,0.92151254,0.58817506
real,00020819_013.png,20819,,cardiomegaly_1,-0.42275238,0.39585832,0.19406272
real,00020819_014.png,20819,,cardiomegaly_1,-1.0390587,0.26133168,0.25189447
real,00020819_015.png,20819,,cardiomegaly_1,-1.6867771,0.15620014,0.21643393
real,00020819_016.png,20819,,cardiomegaly_1,-1.8268661,0.13861203,0.2598047
real,00020869_007.png,20869,,cardiomegaly_1,-4.689968,0.009103347,0.7460188
real,00020880_002.png,20880,,cardiomegaly_1,-3.5819778,0.027067581,0.51223904
real,00020880_004.png,20880,,cardiomegaly_1,-3.9057426,0.019728936,0.6055119
real,00020928_001.png,20928,,cardiomegaly_1,-3.7308083,0.02341218,0.63731134
real,00020934_000.png,20934,,cardiomegaly_1,-0.03908348,0.49023035,0.18207942
real,00021023_005.png,21023,,cardiomegaly_1,-3.7329597,0.023363039,0.4790403
real,00021023_007.png,21023,,cardiomegaly_1,-3.8882904,0.020069303,0.60961616
real,00021023_020.png,21023,,cardiomegaly_1,-3.6942997,0.0242616,0.5348666
real,00021107_001.png,21107,,cardiomegaly_1,5.855646,0.9971445,0.9671951
real,00021107_002.png,21107,,cardiomegaly_1,5.434391,0.99565506,0.9282948
real,00021200_003.png,21200,,cardiomegaly_1,6.3833637,0.9983134,0.9836508
real,00021245_002.png,21245,,cardiomegaly_1,-2.7737026,0.05876189,0.43497974
real,00021245_003.png,21245,,cardiomegaly_1,-2.6466389,0.06619648,0.39786068
real,00021260_005.png,21260,,cardiomegaly_1,-1.9186096,0.1280167,0.31536883
real,00021362_003.png,21362,,cardiomegaly_1,-2.6950245,0.06326759,0.41740593
real,00021362_004.png,21362,,cardiomegaly_1,2.9522343,0.950369,0.7076202
real,00021362_005.png,21362,,cardiomegaly_1,1.2487621,0.7770855,0.31528383
real,00021398_000.png,21398,,cardiomegaly_1,-3.9591217,0.018722638,0.75806904
real,00021398_001.png,21398,,cardiomegaly_1,-3.466671,0.030275565,0.51798
real,00021409_003.png,21409,,cardiomegaly_1,-2.4566784,0.07895154,0.47340772
real,00021409_004.png,21409,,cardiomegaly_1,-2.1456947,0.10473422,0.3801297
real,00021409_005.png,21409,,cardiomegaly_1,0.96686745,0.7244947,0.37346065
real,00021409_009.png,21409,,cardiomegaly_1,-2.8178673,0.056366265,0.5107002
real,00021455_000.png,21455,,cardiomegaly_1,-5.0450478,0.0063999295,0.9078671
real,00021455_001.png,21455,,cardiomegaly_1,-4.7733955,0.008380801,0.82885784
real,00021455_005.png,21455,,cardiomegaly_1,-1.2949467,0.21501672,0.327946
real,00021455_006.png,21455,,cardiomegaly_1,-1.6272106,0.16421284,0.36265695
real,00021455_007.png,21455,,cardiomegaly_1,-1.493187,0.18344387,0.3696208
real,00021455_009.png,21455,,cardiomegaly_1,-4.0785656,0.016649825,0.7469918
real,00021495_002.png,21495,,cardiomegaly_1,-4.663677,0.00934359,0.8709291
real,00021495_006.png,21495,,cardiomegaly_1,-4.397526,0.012158115,0.74232197
real,00021495_007.png,21495,,cardiomegaly_1,-4.263941,0.01387163,0.7347176
real,00021495_008.png,21495,,cardiomegaly_1,-4.48938,0.011102946,0.80693954
real,00021648_009.png,21648,,cardiomegaly_1,-4.385109,0.012308152,0.7200997
real,00021649_001.png,21649,,cardiomegaly_1,-5.004053,0.0066659595,0.7877453
real,00021684_000.png,21684,,cardiomegaly_1,-4.450983,0.011532541,0.76166224
real,00021707_003.png,21707,,cardiomegaly_1,-4.066044,0.016856084,0.7254924
real,00021707_004.png,21707,,cardiomegaly_1,-3.4599857,0.030472457,0.5579265
real,00021803_000.png,21803,,cardiomegaly_1,-4.9398994,0.007104483,0.8435834
real,00021803_001.png,21803,,cardiomegaly_1,-5.163742,0.0056877187,0.86821806
real,00021845_000.png,21845,,cardiomegaly_1,2.6409988,0.93345404,0.53354293
real,00021845_003.png,21845,,cardiomegaly_1,-5.046116,0.006393141,0.8604086
real,00021972_025.png,21972,,cardiomegaly_1,-1.3777714,0.20136715,0.26576874
real,00021972_027.png,21972,,cardiomegaly_1,-2.3007221,0.09106318,0.3815596
real,00021972_028.png,21972,,cardiomegaly_1,-3.7523232,0.022925274,0.6291043
real,00021972_029.png,21972,,cardiomegaly_1,-4.325592,0.013053082,0.70321435
real,00021972_030.png,21972,,cardiomegaly_1,-2.2271404,0.09733961,0.35247785
real,00021972_032.png,21972,,cardiomegaly_1,-3.7174568,0.023719398,0.54395777
real,00021972_001.png,21972,,cardiomegaly_1,-3.2539253,0.03718609,0.54710203
real,00021972_003.png,21972,,cardiomegaly_1,-4.0427246,0.017246915,0.70322394
real,00021972_005.png,21972,,cardiomegaly_1,-2.556675,0.07197933,0.37705693
real,00021972_007.png,21972,,cardiomegaly_1,-4.140978,0.01565821,0.642386
real,00021972_009.png,21972,,cardiomegaly_1,0.1914444,0.5477154,0.23589444
real,00021972_010.png,21972,,cardiomegaly_1,1.0623817,0.74314547,0.39943835
real,00021976_004.png,21976,,cardiomegaly_1,-3.7856789,0.022189887,0.5028594
real,00021976_005.png,21976,,cardiomegaly_1,-4.5632915,0.010320066,0.6385504
real,00021976_006.png,21976,,cardiomegaly_1,-4.316023,0.013176935,0.5764373
real,00021976_007.png,21976,,cardiomegaly_1,-4.502491,0.010959908,0.6642658
real,00021976_008.png,21976,,cardiomegaly_1,-4.611868,0.009835548,0.6417316
real,00021976_009.png,21976,,cardiomegaly_1,-4.121029,0.015968671,0.56835014
real,00021976_010.png,21976,,cardiomegaly_1,-4.7908573,0.008236923,0.71440357
real,00021976_011.png,21976,,cardiomegaly_1,-4.585596,0.010094726,0.63349485
real,00021976_013.png,21976,,cardiomegaly_1,-4.5812855,0.010137893,0.6682784
real,00021976_012.png,21976,,cardiomegaly_1,-4.51416,0.010834135,0.64348984
real,00022147_005.png,22147,,cardiomegaly_1,3.953947,0.98118204,0.8502656
real,00022147_000.png,22147,,cardiomegaly_1,0.31934357,0.57916427,0.17430416
real,00022155_003.png,22155,,cardiomegaly_1,-3.7847652,0.022209719,0.49495485
real,00022155_004.png,22155,,cardiomegaly_1,-3.6715717,0.024805496,0.4729741
real,00022155_005.png,22155,,cardiomegaly_1,-2.5523834,0.07226653,0.32037315
real,00022155_008.png,22155,,cardiomegaly_1,-3.3290558,0.034587745,0.44243276
real,00022155_010.png,22155,,cardiomegaly_1,-2.1564102,0.103733726,0.22819786
real,00022155_011.png,22155,,cardiomegaly_1,-3.7334747,0.023351291,0.49336103
real,00022155_013.png,22155,,cardiomegaly_1,-1.3215733,0.21055667,0.18898
real,00022155_021.png,22155,,cardiomegaly_1,-1.5211048,0.17929888,0.29000992
real,00022175_001.png,22175,,cardiomegaly_1,-0.079236984,0.4802011,0.20878452
real,00022341_005.png,22341,,cardiomegaly_1,-0.4147873,0.3977648,0.23866738
real,00022574_000.png,22574,,cardiomegaly_1,-5.0932446,0.006100626,0.877072
real,00022651_001.png,22651,,cardiomegaly_1,-0.3259411,0.41922855,0.3614089
real,00022651_003.png,22651,,cardiomegaly_1,1.0608349,0.7428501,0.3555347
real,00022651_004.png,22651,,cardiomegaly_1,-2.2655983,0.094012454,0.4784871
real,00022651_005.png,22651,,cardiomegaly_1,-0.6363201,0.34607884,0.30089855
real,00022651_006.png,22651,,cardiomegaly_1,-3.5350494,0.028331252,0.7078367
real,00022651_007.png,22651,,cardiomegaly_1,-3.5521984,0.027862966,0.6652748
real,00022651_008.png,22651,,cardiomegaly_1,-3.9729176,0.018470855,0.7331979
real,00022651_009.png,22651,,cardiomegaly_1,-4.072027,0.016757214,0.7355384
real,00022651_010.png,22651,,cardiomegaly_1,-4.014349,0.017734513,0.7689802
real,00022651_013.png,22651,,cardiomegaly_1,-1.817236,0.13976586,0.26151785
real,00022651_015.png,22651,,cardiomegaly_1,-2.7588577,0.05958834,0.42861617
real,00022651_016.png,22651,,cardiomegaly_1,-4.0698147,0.016793707,0.64679337
real,00022651_017.png,22651,,cardiomegaly_1,-4.389988,0.01224898,0.7281966
real,00022651_018.png,22651,,cardiomegaly_1,-4.0688095,0.016810313,0.6725679
real,00022651_019.png,22651,,cardiomegaly_1,-4.0034313,0.017925704,0.62049437
real,00022651_023.png,22651,,cardiomegaly_1,-1.1133461,0.24724758,0.23518506
real,00022677_002.png,22677,,cardiomegaly_1,4.6813965,0.99081904,0.92717075
real,00022716_000.png,22716,,cardiomegaly_1,-3.3370438,0.034322005,0.5790517
real,00022789_000.png,22789,,cardiomegaly_1,-2.5978794,0.06927502,0.4768104
real,00022789_001.png,22789,,cardiomegaly_1,-4.7193356,0.008842221,0.7663704
real,00022818_000.png,22818,,cardiomegaly_1,-5.3087845,0.004923576,0.89208263
real,00022883_002.png,22883,,cardiomegaly_1,-2.2990742,0.09119967,0.27020603
real,00022883_011.png,22883,,cardiomegaly_1,-4.4755325,0.011256018,0.6852051
real,00022883_012.png,22883,,cardiomegaly_1,-4.1720467,0.015186481,0.6991893
real,00023073_008.png,23073,,cardiomegaly_1,-5.15646,0.0057290513,0.91202116
real,00023093_007.png,23093,,cardiomegaly_1,3.5235634,0.9713508,0.8462797
real,00023093_009.png,23093,,cardiomegaly_1,6.157257,0.99788636,0.972508
real,00023093_011.png,23093,,cardiomegaly_1,4.7111034,0.99108535,0.9022463
real,00023093_012.png,23093,,cardiomegaly_1,6.3855743,0.9983171,0.9752164
real,00023093_017.png,23093,,cardiomegaly_1,5.651619,0.9965005,0.9572856
real,00023097_000.png,23097,,cardiomegaly_1,-4.332754,0.012961136,0.82074904
real,00023097_001.png,23097,,cardiomegaly_1,-4.0628643,0.016908856,0.7278851
real,00023097_002.png,23097,,cardiomegaly_1,-4.296013,0.01343968,0.7864539
real,00023097_007.png,23097,,cardiomegaly_1,-4.726654,0.008778311,0.85078996
real,00023156_002.png,23156,,cardiomegaly_1,-1.8652344,0.13409412,0.37448752
real,00023156_004.png,23156,,cardiomegaly_1,-0.93992805,0.28091487,0.24865742
real,00023156_005.png,23156,,cardiomegaly_1,-2.4734974,0.077737115,0.4490835
real,00023156_010.png,23156,,cardiomegaly_1,-3.9609451,0.018689169,0.6435853
real,00023156_013.png,23156,,cardiomegaly_1,-4.3489285,0.012755836,0.81603754
real,00023156_014.png,23156,,cardiomegaly_1,-4.159239,0.015379227,0.75705886
real,00023156_020.png,23156,,cardiomegaly_1,-4.6171474,0.0097842645,0.8101839
real,00023156_021.png,23156,,cardiomegaly_1,-3.6831741,0.024526374,0.6571291
real,00023156_022.png,23156,,cardiomegaly_1,-4.870367,0.00761216,0.8628117
real,00023176_017.png,23176,,cardiomegaly_1,2.41988,0.9183307,0.6319994
real,00023196_003.png,23196,,cardiomegaly_1,4.6721077,0.9907341,0.9293727
real,00023319_000.png,23319,,cardiomegaly_1,-5.040657,0.006427911,0.8327936
real,00023325_013.png,23325,,cardiomegaly_1,3.114725,0.9574961,0.75905144
real,00023325_014.png,23325,,cardiomegaly_1,5.3625298,0.9953329,0.9661523
real,00024073_000.png,24073,,cardiomegaly_1,-2.526392,0.07402859,0.38803908
real,00024116_001.png,24116,,cardiomegaly_1,-1.8927746,0.13092844,0.24025123
real,00024264_000.png,24264,,cardiomegaly_1,-0.55410385,0.3649128,0.26533693
real,00024692_001.png,24692,,cardiomegaly_1,2.95615,0.9505534,0.71334594
real,00024749_000.png,24749,,cardiomegaly_1,-4.5466595,0.010491329,0.76258504
real,00025252_000.png,25252,,cardiomegaly_1,-3.950714,0.018877732,0.6436798
real,00025252_001.png,25252,,cardiomegaly_1,-4.1282597,0.015855448,0.735447
real,00025261_000.png,25261,,cardiomegaly_1,-4.751787,0.0085623,0.82092637
real,00025261_001.png,25261,,cardiomegaly_1,-4.1304436,0.015821405,0.6796526
real,00025261_002.png,25261,,cardiomegaly_1,-4.2048817,0.014703142,0.6708653
real,00025261_004.png,25261,,cardiomegaly_1,-3.975399,0.018425923,0.65569305
real,00025290_032.png,25290,,cardiomegaly_1,4.6244946,0.9902866,0.8816417
real,00025416_001.png,25416,,cardiomegaly_1,-1.2778034,0.21792437,0.19387145
real,00025517_000.png,25517,,cardiomegaly_1,-3.403267,0.032193523,0.4101391
real,00025527_009.png,25527,,cardiomegaly_1,-4.7438736,0.008629741,0.7872829
real,00025635_000.png,25635,,cardiomegaly_1,-2.4969387,0.07607307,0.4139577
real,00025635_001.png,25635,,cardiomegaly_1,0.80181503,0.69036263,0.27932802
real,00025635_008.png,25635,,cardiomegaly_1,0.811018,0.69232637,0.2811648
real,00025688_001.png,25688,,cardiomegaly_1,-4.6209984,0.009747025,0.73360974
real,00025688_002.png,25688,,cardiomegaly_1,-4.8921375,0.007449452,0.8216599
real,00025696_000.png,25696,,cardiomegaly_1,4.934967,0.9928606,0.9599938
real,00025696_001.png,25696,,cardiomegaly_1,2.089756,0.88990355,0.64607483
real,00025707_008.png,25707,,cardiomegaly_1,-3.3597488,0.03357737,0.43581674
real,00025707_010.png,25707,,cardiomegaly_1,-4.0920525,0.016430443,0.5892015
real,00025707_013.png,25707,,cardiomegaly_1,-3.1683102,0.040375836,0.43836793
real,00025784_000.png,25784,,cardiomegaly_1,2.6133919,0.93171847,0.59815925
real,00025784_001.png,25784,,cardiomegaly_1,-0.53676605,0.3689402,0.16313875
real,00025832_007.png,25832,,cardiomegaly_1,-2.8224106,0.056125097,0.4007882
real,00025924_003.png,25924,,cardiomegaly_1,-4.5960007,0.009991284,0.77828836
real,00025924_006.png,25924,,cardiomegaly_1,-4.8989697,0.0073991045,0.86821795
real,00025924_016.png,25924,,cardiomegaly_1,-4.7343273,0.008711796,0.835546
real,00025924_025.png,25924,,cardiomegaly_1,-4.634678,0.009615871,0.8046516
real,00025924_026.png,25924,,cardiomegaly_1,-4.850006,0.0077675222,0.8217071
real,00025924_027.png,25924,,cardiomegaly_1,-4.8328133,0.007901159,0.7913843
real,00026657_000.png,26657,,cardiomegaly_1,-3.5554028,0.0277763,0.5072288
real,00026715_002.png,26715,,cardiomegaly_1,5.086649,0.99385923,0.97064245
real,00026715_003.png,26715,,cardiomegaly_1,4.409437,0.9879842,0.94234234
real,00026715_004.png,26715,,cardiomegaly_1,5.230234,0.99467623,0.9731376
real,00026738_005.png,26738,,cardiomegaly_1,-4.614727,0.009807743,0.80129385
real,00026751_000.png,26751,,cardiomegaly_1,-3.6159515,0.026187118,0.4720718
real,00026815_000.png,26815,,cardiomegaly_1,-4.5612698,0.010340735,0.66221064
real,00026815_002.png,26815,,cardiomegaly_1,-5.5490875,0.003875925,0.8983967
real,00026889_000.png,26889,,cardiomegaly_1,-0.44989395,0.389386,0.31861266
real,00026889_001.png,26889,,cardiomegaly_1,-2.0510693,0.11394438,0.37528014
real,00026889_002.png,26889,,cardiomegaly_1,-3.418888,0.03171035,0.56126696
real,00026911_006.png,26911,,cardiomegaly_1,-3.7529755,0.022910668,0.61701715
real,00026912_000.png,26912,,cardiomegaly_1,-5.2943172,0.0049949656,0.8385167
real,00026913_000.png,26913,,cardiomegaly_1,-4.9647408,0.0069313804,0.8073371
real,00026967_002.png,26967,,cardiomegaly_1,-2.9457798,0.049936347,0.36111444
real,00026999_000.png,26999,,cardiomegaly_1,-5.2214413,0.0053705424,0.8615753
real,00027011_000.png,27011,,cardiomegaly_1,-4.612118,0.009833114,0.7890461
real,00027061_001.png,27061,,cardiomegaly_1,6.1250076,0.9978173,0.97171533
real,00027092_004.png,27092,,cardiomegaly_1,-2.542736,0.072916,0.3017899
real,00027092_005.png,27092,,cardiomegaly_1,-2.7588062,0.05959123,0.4782932
real,00027092_006.png,27092,,cardiomegaly_1,-4.731209,0.008738769,0.7618656
real,00027142_008.png,27142,,cardiomegaly_1,-4.4319153,0.011751941,0.6586862
real,00027142_009.png,27142,,cardiomegaly_1,-4.4243546,0.011840075,0.6628986
real,00027306_000.png,27306,,cardiomegaly_1,-5.0187473,0.006569363,0.81585383
real,00027389_002.png,27389,,cardiomegaly_1,4.6587753,0.9906109,0.92238784
real,00027389_003.png,27389,,cardiomegaly_1,5.47834,0.9958411,0.96498096
real,00027420_002.png,27420,,cardiomegaly_1,-4.54467,0.010512001,0.8046384
real,00027420_003.png,27420,,cardiomegaly_1,-4.986315,0.0067844484,0.8221061
real,00027422_003.png,27422,,cardiomegaly_1,-4.0739555,0.016725473,0.65216064
real,00027441_025.png,27441,,cardiomegaly_1,-4.104479,0.016230829,0.62335944
real,00027474_005.png,27474,,cardiomegaly_1,-2.9651146,0.049026992,0.36332437
real,00027474_007.png,27474,,cardiomegaly_1,-3.0371628,0.045774937,0.46233115
real,00027474_008.png,27474,,cardiomegaly_1,-4.010931,0.017794153,0.64221585
real,00027474_009.png,27474,,cardiomegaly_1,-4.7190304,0.008844896,0.73229975
real,00027485_001.png,27485,,cardiomegaly_1,-2.6419086,0.06648947,0.4646402
real,00027514_008.png,27514,,cardiomegaly_1,-5.1184235,0.0059498395,0.85214937
real,00027618_006.png,27618,,cardiomegaly_1,0.08127785,0.5203083,0.32149845
real,00027618_008.png,27618,,cardiomegaly_1,-3.1402454,0.04147736,0.34347752
real,00027618_009.png,27618,,cardiomegaly_1,-2.6660805,0.06500479,0.33201537
real,00027815_001.png,27815,,cardiomegaly_1,2.4349499,0.91945386,0.49221274
real,00027907_001.png,27907,,cardiomegaly_1,5.325138,0.99515593,0.94083476
real,00028013_004.png,28013,,cardiomegaly_1,-4.7973804,0.008183806,0.78923494
real,00028013_005.png,28013,,cardiomegaly_1,-3.4854336,0.029729543,0.5595602
real,00028013_006.png,28013,,cardiomegaly_1,-4.581749,0.010133243,0.7908642
real,00028013_010.png,28013,,cardiomegaly_1,-4.9461308,0.0070606624,0.85681975
real,00028013_011.png,28013,,cardiomegaly_1,-4.619713,0.009759441,0.8040692
real,00028013_013.png,28013,,cardiomegaly_1,-4.714142,0.008887855,0.8437558
real,00028018_000.png,28018,,cardiomegaly_1,5.41749,0.9955813,0.94142807
real,00028027_000.png,28027,,cardiomegaly_1,2.4159603,0.9180363,0.58609337
real,00028027_003.png,28027,,cardiomegaly_1,-4.3889275,0.012261819,0.74983156
real,00028027_004.png,28027,,cardiomegaly_1,-3.9325428,0.019217247,0.707445
real,00028036_000.png,28036,,cardiomegaly_1,-2.5154,0.07478561,0.44674292
real,00028105_000.png,28105,,cardiomegaly_1,-2.4765034,0.07752188,0.45710173
real,00028148_005.png,28148,,cardiomegaly_1,-3.8404884,0.021031288,0.52012646
real,00028148_006.png,28148,,cardiomegaly_1,-4.812397,0.008062815,0.82528615
real,00028148_008.png,28148,,cardiomegaly_1,-4.9481754,0.0070463414,0.78137124
real,00028148_010.png,28148,,cardiomegaly_1,-2.2240238,0.09761379,0.3616742
real,00028148_013.png,28148,,cardiomegaly_1,-3.7734356,0.022457095,0.55905575
real,00028148_014.png,28148,,cardiomegaly_1,-3.796177,0.021963244,0.5673068
real,00028148_011.png,28148,,cardiomegaly_1,-3.9595127,0.018715456,0.60899097
real,00028148_012.png,28148,,cardiomegaly_1,-2.186409,0.10097762,0.28761587
real,00028148_017.png,28148,,cardiomegaly_1,-4.1727886,0.01517539,0.71949786
real,00028256_003.png,28256,,cardiomegaly_1,-4.179203,0.015079821,0.6881947
real,00028256_001.png,28256,,cardiomegaly_1,-2.4372902,0.080372974,0.4240269
real,00028256_004.png,28256,,cardiomegaly_1,-4.3616467,0.012596662,0.75964963
real,00028256_005.png,28256,,cardiomegaly_1,-4.904274,0.0073602493,0.78721213
real,00028274_000.png,28274,,cardiomegaly_1,-4.689537,0.009107236,0.8561327
real,00028392_001.png,28392,,cardiomegaly_1,-4.8264027,0.007951569,0.86680055
real,00028392_004.png,28392,,cardiomegaly_1,-4.867056,0.007637214,0.87080145
real,00028392_005.png,28392,,cardiomegaly_1,-3.7828598,0.022251137,0.6345369
real,00028412_000.png,28412,,cardiomegaly_1,-3.152769,0.040982306,0.55012625
real,00028558_000.png,28558,,cardiomegaly_1,-3.7692509,0.022549147,0.59563327
real,00028625_000.png,28625,,cardiomegaly_1,-3.407467,0.032062918,0.4420876
real,00028628_006.png,28628,,cardiomegaly_1,-3.8311348,0.021224735,0.63367945
real,00028628_007.png,28628,,cardiomegaly_1,-4.136774,0.015723133,0.6639828
real,00028628_008.png,28628,,cardiomegaly_1,-4.0147305,0.017727869,0.66988766
real,00028628_009.png,28628,,cardiomegaly_1,-4.188425,0.014943463,0.727886
real,00028628_010.png,28628,,cardiomegaly_1,-4.2188187,0.014502598,0.6708385
real,00028628_016.png,28628,,cardiomegaly_1,-3.9383602,0.019107908,0.68131953
real,00028628_017.png,28628,,cardiomegaly_1,-3.587572,0.026920646,0.59902394
real,00028628_022.png,28628,,cardiomegaly_1,-4.0577564,0.016993973,0.68993586
real,00028703_000.png,28703,,cardiomegaly_1,-5.1854706,0.0055661467,0.8883807
real,00028764_004.png,28764,,cardiomegaly_1,-5.271845,0.0051079053,0.91054446
real,00028766_000.png,28766,,cardiomegaly_1,-2.399706,0.08319513,0.385918
real,00028772_000.png,28772,,cardiomegaly_1,-3.7151833,0.023772104,0.6372682
real,00028811_000.png,28811,,cardiomegaly_1,-3.99712,0.018037152,0.7125254
real,00028811_001.png,28811,,cardiomegaly_1,-3.481617,0.029839836,0.5730555
real,00028811_002.png,28811,,cardiomegaly_1,-4.606962,0.009883439,0.8364247
real,00028811_006.png,28811,,cardiomegaly_1,-4.595892,0.009992359,0.836683
real,00028811_007.png,28811,,cardiomegaly_1,-4.89102,0.00745772,0.9017125
real,00028882_005.png,28882,,cardiomegaly_1,-4.9989834,0.006699613,0.84293634
real,00028897_002.png,28897,,cardiomegaly_1,-5.190048,0.005540866,0.8775006
real,00028897_003.png,28897,,cardiomegaly_1,-5.284769,0.005042645,0.87221694
real,00028897_011.png,28897,,cardiomegaly_1,-4.013216,0.01775426,0.65245235
real,00028897_012.png,28897,,cardiomegaly_1,-2.914196,0.051456247,0.36476228
real,00028897_013.png,28897,,cardiomegaly_1,-3.7427845,0.02313991,0.6078187
real,00028897_015.png,28897,,cardiomegaly_1,-4.0633125,0.016901407,0.67252827
real,00028897_016.png,28897,,cardiomegaly_1,-3.352951,0.033798657,0.53312033
real,00028897_018.png,28897,,cardiomegaly_1,-3.9646778,0.018620836,0.70067394
real,00028897_019.png,28897,,cardiomegaly_1,-3.7287655,0.023458933,0.6826382
real,00028934_001.png,28934,,cardiomegaly_1,-2.9597359,0.049278382,0.51516014
real,00029021_000.png,29021,,cardiomegaly_1,-4.0137787,0.01774445,0.6328487
real,00029022_000.png,29022,,cardiomegaly_1,-2.1237946,0.10680553,0.33670196
real,00029031_000.png,29031,,cardiomegaly_1,-4.858614,0.0077014603,0.83501333
real,00029058_004.png,29058,,cardiomegaly_1,-4.6839504,0.00915779,0.80054647
real,00029105_001.png,29105,,cardiomegaly_1,4.200699,0.98523617,0.9123166
real,00029105_002.png,29105,,cardiomegaly_1,4.9246464,0.99278706,0.96277845
real,00029105_007.png,29105,,cardiomegaly_1,-0.42752266,0.39471805,0.2931379
real,00029105_009.png,29105,,cardiomegaly_1,3.966238,0.9814076,0.9360398
real,00029105_010.png,29105,,cardiomegaly_1,1.466486,0.8125227,0.5140892
real,00029105_011.png,29105,,cardiomegaly_1,0.6253395,0.651432,0.38380745
real,00029105_014.png,29105,,cardiomegaly_1,-1.5078392,0.18125924,0.3232198
real,00029105_015.png,29105,,cardiomegaly_1,-1.5199337,0.17947128,0.35826007
real,00029225_000.png,29225,,cardiomegaly_1,5.162508,0.9943053,0.96494
real,00029297_000.png,29297,,cardiomegaly_1,-5.347889,0.0047356524,0.89400417
real,00029297_003.png,29297,,cardiomegaly_1,-2.442213,0.080009855,0.3573291
real,00029297_004.png,29297,,cardiomegaly_1,-4.139715,0.015677683,0.68603504
real,00029297_005.png,29297,,cardiomegaly_1,-3.5030575,0.02922536,0.6401001
real,00029459_002.png,29459,,cardiomegaly_1,1.756815,0.8528103,0.5003005
real,00029459_004.png,29459,,cardiomegaly_1,4.566389,0.9897115,0.9312044
real,00029500_000.png,29500,,cardiomegaly_1,4.884388,0.9924931,0.95160294
real,00029510_000.png,29510,,cardiomegaly_1,3.215496,0.9614133,0.8151328
real,00029551_000.png,29551,,cardiomegaly_1,-4.150799,0.015507556,0.73030376
real,00029551_003.png,29551,,cardiomegaly_1,-4.0968895,0.016352456,0.71776044
real,00029551_004.png,29551,,cardiomegaly_1,-3.9721851,0.01848414,0.63332
real,00029551_005.png,29551,,cardiomegaly_1,-2.990017,0.047878917,0.44234234
real,00029552_000.png,29552,,cardiomegaly_1,3.8432617,0.9790258,0.8557745
real,00029579_000.png,29579,,cardiomegaly_1,-2.1412315,0.10515344,0.3288991
real,00029579_004.png,29579,,cardiomegaly_1,-1.2545147,0.2219196,0.28883043
real,00029579_005.png,29579,,cardiomegaly_1,0.0719738,0.5179857,0.30868936
real,00029579_009.png,29579,,cardiomegaly_1,-2.4985237,0.07596174,0.46132475
real,00029579_014.png,29579,,cardiomegaly_1,-4.5181313,0.01079166,0.77171785
real,00029579_012.png,29579,,cardiomegaly_1,-3.9956017,0.018064061,0.7434299
real,00029579_015.png,29579,,cardiomegaly_1,-4.2014713,0.01475263,0.77214795
real,00029631_004.png,29631,,cardiomegaly_1,-0.0043678284,0.49890804,0.27379677
real,00029631_006.png,29631,,cardiomegaly_1,-4.696598,0.009043735,0.83506185
real,00029631_007.png,29631,,cardiomegaly_1,-4.2678127,0.013818766,0.7760837
real,00029631_012.png,29631,,cardiomegaly_1,-4.494402,0.011047939,0.8071367
real,00029631_013.png,29631,,cardiomegaly_1,-4.1470985,0.01556415,0.7356097
real,00029747_002.png,29747,,cardiomegaly_1,-4.953884,0.0070065116,0.8267098
real,00029756_000.png,29756,,cardiomegaly_1,-5.0413074,0.0064237583,0.8463624
real,00029794_000.png,29794,,cardiomegaly_1,5.9506493,0.9974026,0.96193093
real,00029821_013.png,29821,,cardiomegaly_1,-0.92601776,0.2837333,0.23151411
real,00029821_014.png,29821,,cardiomegaly_1,4.710066,0.9910761,0.9234987
real,00029839_008.png,29839,,cardiomegaly_1,-4.8774433,0.00755889,0.8606372
real,00029839_009.png,29839,,cardiomegaly_1,-5.375084,0.0046091867,0.91118586
real,00029943_002.png,29943,,cardiomegaly_1,-3.5820541,0.027065571,0.6054795
real,00029943_004.png,29943,,cardiomegaly_1,-4.930889,0.0071683247,0.84161943
real,00029943_005.png,29943,,cardiomegaly_1,-4.8140545,0.00804957,0.8240503
real,00029943_007.png,29943,,cardiomegaly_1,-5.163946,0.005686565,0.86925143
real,00029943_006.png,29943,,cardiomegaly_1,-4.5826283,0.010124426,0.7895501
real,00029943_008.png,29943,,cardiomegaly_1,-4.8185043,0.008014116,0.83168525
real,00029981_004.png,29981,,cardiomegaly_1,2.611246,0.9315819,0.71399176
real,00029981_007.png,29981,,cardiomegaly_1,-1.0580826,0.25767604,0.2179054
real,00030059_009.png,30059,,cardiomegaly_1,-1.8360767,0.13751595,0.36701894
real,00030059_011.png,30059,,cardiomegaly_1,-3.3961506,0.032415986,0.62689984
real,00030070_000.png,30070,,cardiomegaly_1,-4.49934,0.010994117,0.7795286
real,00030153_004.png,30153,,cardiomegaly_1,-4.400688,0.012120192,0.74894243
real,00030162_023.png,30162,,cardiomegaly_1,-4.2506046,0.014055246,0.6858211
real,00030183_004.png,30183,,cardiomegaly_1,-4.510191,0.010876755,0.77324283
real,00030183_005.png,30183,,cardiomegaly_1,-4.54591,0.010499113,0.77482575
real,00030183_006.png,30183,,cardiomegaly_1,-4.5575256,0.010379122,0.7678905
real,00030196_001.png,30196,,cardiomegaly_1,-4.183895,0.015010292,0.750594
real,00030196_002.png,30196,,cardiomegaly_1,-4.4736214,0.011277308,0.7276865
real,00030207_000.png,30207,,cardiomegaly_1,2.093584,0.890278,0.6423525
real,00030276_000.png,30276,,cardiomegaly_1,-1.7929134,0.1427159,0.32092008
real,00030389_005.png,30389,,cardiomegaly_1,-0.124723434,0.4688595,0.26195258
real,00030389_006.png,30389,,cardiomegaly_1,-1.6702156,0.15839544,0.23839113
real,00030389_007.png,30389,,cardiomegaly_1,-1.2029514,0.2309506,0.32724926
real,00030389_008.png,30389,,cardiomegaly_1,3.1014557,0.9569528,0.77328056
real,00030389_009.png,30389,,cardiomegaly_1,3.9343777,0.9808173,0.88046575
real,00030389_010.png,30389,,cardiomegaly_1,2.9202843,0.9488401,0.75056237
real,00030389_011.png,30389,,cardiomegaly_1,3.740162,0.9768007,0.85739213
real,00030389_012.png,30389,,cardiomegaly_1,5.218788,0.99461526,0.9662871
real,00030389_013.png,30389,,cardiomegaly_1,2.8535366,0.9455012,0.75854605
real,00030436_000.png,30436,,cardiomegaly_1,-4.712435,0.0089029055,0.82387435
real,00030490_000.png,30490,,cardiomegaly_1,2.3071136,0.9094644,0.6041479
real,00030541_005.png,30541,,cardiomegaly_1,-4.315218,0.013187405,0.75157243
real,00030561_005.png,30561,,cardiomegaly_1,-4.284178,0.013597512,0.7051469
real,00030561_006.png,30561,,cardiomegaly_1,-4.695408,0.009054408,0.77900696
real,00030561_007.png,30561,,cardiomegaly_1,-3.5484543,0.027964558,0.64626086
real,00030561_010.png,30561,,cardiomegaly_1,-4.5877323,0.010073402,0.7707306
real,00030561_011.png,30561,,cardiomegaly_1,-4.7924614,0.008223831,0.83528084
real,00030561_013.png,30561,,cardiomegaly_1,-5.0338993,0.006471214,0.8779242
real,00030561_014.png,30561,,cardiomegaly_1,-5.240795,0.005268144,0.90538925
real,00030561_017.png,30561,,cardiomegaly_1,-4.99963,0.0066953115,0.86512053
real,00030561_018.png,30561,,cardiomegaly_1,-5.2207317,0.0053743343,0.8779659
real,00030632_000.png,30632,,cardiomegaly_1,-2.6447544,0.06631306,0.4208531
real,00030650_000.png,30650,,cardiomegaly_1,-4.601841,0.009933679,0.85822904
real,00030650_001.png,30650,,cardiomegaly_1,-4.413683,0.011965585,0.83869624
real,00030650_002.png,30650,,cardiomegaly_1,-4.5031586,0.010952673,0.8250054
real,00030650_003.png,30650,,cardiomegaly_1,-4.170334,0.01521212,0.7864698
real,00030650_007.png,30650,,cardiomegaly_1,-4.2853756,0.013581454,0.77373767
real,00030650_008.png,30650,,cardiomegaly_1,-3.8629017,0.020574741,0.772404
real,00030650_009.png,30650,,cardiomegaly_1,-4.1669254,0.015263262,0.76049984
real,00030659_000.png,30659,,cardiomegaly_1,-3.1391544,0.041520756,0.43230316
real,00030668_000.png,30668,,cardiomegaly_1,-4.751974,0.008560713,0.8373257
real,00002793_006.png,2793,,cardiomegaly_1,-5.259157,0.005172788,0.8520278
real,00014954_000.png,14954,,cardiomegaly_1,-5.1712265,0.005645548,0.87046385
real,00026982_005.png,26982,,cardiomegaly_1,-4.96476,0.006931249,0.8419147
real,00014719_000.png,14719,,cardiomegaly_1,-5.503895,0.00405438,0.89339155
real,00003321_001.png,3321,,cardiomegaly_1,-5.2416744,0.005263538,0.89850235
real,00001430_001.png,1430,,cardiomegaly_1,0.437994,0.60778093,0.26286325
real,00012460_000.png,12460,,cardiomegaly_1,-5.0962353,0.0060825194,0.86491513
real,00008806_003.png,8806,,cardiomegaly_1,-2.6982365,0.063077495,0.42407525
real,00010931_003.png,10931,,cardiomegaly_1,-5.457445,0.0042463285,0.92132026
real,00026815_001.png,26815,,cardiomegaly_1,-4.7828026,0.008302985,0.71521175
real,00028980_001.png,28980,,cardiomegaly_1,-3.9752293,0.018428992,0.71837956
real,00019376_000.png,19376,,cardiomegaly_1,-2.360855,0.08620681,0.47325125
real,00020318_024.png,20318,,cardiomegaly_1,-4.6624107,0.00935532,0.8428915
real,00004909_001.png,4909,,cardiomegaly_1,-1.7155571,0.15244433,0.28906852
real,00000582_000.png,582,,cardiomegaly_1,-5.285816,0.005037395,0.8740584
real,00006576_000.png,6576,,cardiomegaly_1,-5.2584915,0.005176215,0.90806687
real,00022712_000.png,22712,,cardiomegaly_1,-5.432501,0.0043531153,0.91980916
real,00018361_000.png,18361,,cardiomegaly_1,-5.2627563,0.0051543,0.90880245
real,00011380_001.png,11380,,cardiomegaly_1,-4.646782,0.00950128,0.73776317
real,00009306_000.png,9306,,cardiomegaly_1,-5.483341,0.004138226,0.92545193
real,00029058_000.png,29058,,cardiomegaly_1,-1.3128548,0.21200952,0.2717558
real,00011611_000.png,11611,,cardiomegaly_1,-4.9632626,0.0069415634,0.8062033
real,00024476_000.png,24476,,cardiomegaly_1,-5.121769,0.005930085,0.8760343
real,00012478_000.png,12478,,cardiomegaly_1,-4.900711,0.0073863263,0.8265825
real,00010673_000.png,10673,,cardiomegaly_1,-4.329487,0.013003,0.7648633
real,00010933_000.png,10933,,cardiomegaly_1,-5.166725,0.0056708734,0.9011665
real,00007431_000.png,7431,,cardiomegaly_1,-4.4551964,0.01148461,0.78958285
real,00028628_005.png,28628,,cardiomegaly_1,-3.8647232,0.020538067,0.5678517
real,00002736_000.png,2736,,cardiomegaly_1,-1.0246582,0.26412106,0.2835591
real,00026148_002.png,26148,,cardiomegaly_1,-5.574745,0.0037781138,0.91838837
real,00021716_004.png,21716,,cardiomegaly_1,-4.397547,0.012157863,0.62916195
real,00005364_000.png,5364,,cardiomegaly_1,-5.5389023,0.003915448,0.8970097
real,00008623_002.png,8623,,cardiomegaly_1,-5.586092,0.0037356452,0.90689546
real,00015553_003.png,15553,,cardiomegaly_1,-2.6987457,0.06304741,0.4472546
real,00015552_000.png,15552,,cardiomegaly_1,-4.1481857,0.015547502,0.70772207
real,00004158_000.png,4158,,cardiomegaly_1,-5.19779,0.005498369,0.8668547
real,00008802_002.png,8802,,cardiomegaly_1,2.1334572,0.89411277,0.56019974
real,00004699_000.png,4699,,cardiomegaly_1,-4.987276,0.0067779734,0.8372973
real,00015795_002.png,15795,,cardiomegaly_1,-5.23238,0.005312427,0.8656749
real,00014429_018.png,14429,,cardiomegaly_1,-4.6157665,0.009797652,0.76892483
real,00010920_003.png,10920,,cardiomegaly_1,-4.764887,0.00845181,0.87404346
real,00006490_001.png,6490,,cardiomegaly_1,-5.0752144,0.00621093,0.8670114
real,00020060_005.png,20060,,cardiomegaly_1,-4.724592,0.008796271,0.8213924
real,00013970_000.png,13970,,cardiomegaly_1,-3.8625507,0.020581817,0.6514549
real,00012352_000.png,12352,,cardiomegaly_1,-1.2653313,0.2200575,0.2652002
real,00001199_006.png,1199,,cardiomegaly_1,-4.2832623,0.013609795,0.73378927
real,00019771_000.png,19771,,cardiomegaly_1,-3.4033756,0.032190137,0.57512367
real,00000304_000.png,304,,cardiomegaly_1,-3.68989,0.024366211,0.6455295
real,00028287_000.png,28287,,cardiomegaly_1,-5.005726,0.006654892,0.8094723
real,00015000_007.png,15000,,cardiomegaly_1,-5.1441765,0.0057994467,0.87996954
real,00018476_000.png,18476,,cardiomegaly_1,-5.5683823,0.0038021384,0.8923114
real,00027035_000.png,27035,,cardiomegaly_1,-5.002016,0.006679462,0.8387313
real,00002228_000.png,2228,,cardiomegaly_1,-5.1269455,0.0058996477,0.8547264
real,00019640_000.png,19640,,cardiomegaly_1,-5.3420715,0.00476315,0.87983704
real,00010175_000.png,10175,,cardiomegaly_1,-5.173462,0.0056330124,0.81616634
real,00003940_006.png,3940,,cardiomegaly_1,-5.3178062,0.004879572,0.86854696
real,00014387_006.png,14387,,cardiomegaly_1,-4.058115,0.016987985,0.6349405
real,00021375_002.png,21375,,cardiomegaly_1,-5.4137325,0.0044352217,0.8894116
real,00001230_006.png,1230,,cardiomegaly_1,-4.9127674,0.0072984546,0.74417335
real,00012772_003.png,12772,,cardiomegaly_1,-4.9950485,0.006725849,0.83319646
real,00026354_001.png,26354,,cardiomegaly_1,-4.058182,0.016986871,0.63566077
real,00028962_000.png,28962,,cardiomegaly_1,-5.312603,0.0049049025,0.8724117
real,00007876_000.png,7876,,cardiomegaly_1,-5.4566574,0.0042496608,0.9539803
real,00006921_000.png,6921,,cardiomegaly_1,-5.0647087,0.0062761125,0.8077469
real,00008576_000.png,8576,,cardiomegaly_1,1.3094063,0.7874138,0.5368733
real,00021871_000.png,21871,,cardiomegaly_1,3.1105576,0.9573262,0.8141493
real,00019774_008.png,19774,,cardiomegaly_1,-4.002041,0.017950198,0.6524768
real,00026911_003.png,26911,,cardiomegaly_1,-2.3382988,0.08800035,0.3012739
real,00009761_000.png,9761,,cardiomegaly_1,-3.4910336,0.029568434,0.51271665
real,00005511_000.png,5511,,cardiomegaly_1,-4.4096317,0.012013574,0.75950444
real,00000517_004.png,517,,cardiomegaly_1,-1.7861023,0.14355125,0.2769281
real,00027025_000.png,27025,,cardiomegaly_1,-4.864418,0.007657232,0.8049583
real,00009061_001.png,9061,,cardiomegaly_1,-5.451622,0.0042710216,0.9212136
real,00006851_029.png,6851,,cardiomegaly_1,-4.3613663,0.012600151,0.6449483
real,00020193_000.png,20193,,cardiomegaly_1,-5.2752094,0.005090836,0.8803661
real,00029105_019.png,29105,,cardiomegaly_1,1.231041,0.7740007,0.46488053
real,00018284_013.png,18284,,cardiomegaly_1,-3.8603344,0.02062654,0.6162854
real,00016990_001.png,16990,,cardiomegaly_1,-2.5391426,0.073159285,0.4804354
real,00001563_000.png,1563,,cardiomegaly_1,-5.4820595,0.004143512,0.88013566
real,00010465_001.png,10465,,cardiomegaly_1,-5.24395,0.005251637,0.8847774
real,00020568_000.png,20568,,cardiomegaly_1,3.1003036,0.9569053,0.68143344
real,00022920_000.png,22920,,cardiomegaly_1,-4.2278786,0.01437368,0.6639651
real,00016907_000.png,16907,,cardiomegaly_1,-5.1004696,0.0060569737,0.8273421
real,00005401_001.png,5401,,cardiomegaly_1,-4.4208336,0.011881341,0.7744745
real,00004734_001.png,4734,,cardiomegaly_1,-1.7606621,0.14670743,0.30383453
real,00002793_001.png,2793,,cardiomegaly_1,-4.917822,0.0072619254,0.8750996
real,00030153_002.png,30153,,cardiomegaly_1,-5.018011,0.0065741697,0.86513704
real,00023937_000.png,23937,,cardiomegaly_1,-4.9543056,0.00700358,0.8907017
real,00029879_001.png,29879,,cardiomegaly_1,-2.6881447,0.06367654,0.39818302
real,00009907_001.png,9907,,cardiomegaly_1,-2.5182877,0.07458605,0.35441533
real,00007088_000.png,7088,,cardiomegaly_1,-4.9585876,0.006973863,0.8793269
real,00017618_001.png,17618,,cardiomegaly_1,-4.8672886,0.007635451,0.8020097
real,00026342_000.png,26342,,cardiomegaly_1,-4.9533806,0.0070100157,0.8612932
real,00006936_006.png,6936,,cardiomegaly_1,-5.123905,0.005917506,0.8450498
real,00019503_000.png,19503,,cardiomegaly_1,-5.400139,0.0044956515,0.9051792
real,00021239_001.png,21239,,cardiomegaly_1,-5.712549,0.0032933564,0.9208659
real,00015762_000.png,15762,,cardiomegaly_1,-5.8244934,0.0029455982,0.9495893
real,00012129_000.png,12129,,cardiomegaly_1,-5.4523735,0.004267827,0.9063945
real,00007589_000.png,7589,,cardiomegaly_1,-5.6898003,0.0033688804,0.93985206
real,00011310_000.png,11310,,cardiomegaly_1,-4.7393456,0.008668565,0.8309975
real,00011029_001.png,11029,,cardiomegaly_1,-5.4695225,0.0041955668,0.8994034
real,00017824_000.png,17824,,cardiomegaly_1,-5.096678,0.0060798447,0.83370584
real,00003013_002.png,3013,,cardiomegaly_1,-5.2078495,0.005443636,0.8596041
real,00013541_000.png,13541,,cardiomegaly_1,-4.5680847,0.010271224,0.7920149
real,00010905_017.png,10905,,cardiomegaly_1,-4.9754963,0.006857739,0.83871
real,00012784_000.png,12784,,cardiomegaly_1,-5.1341953,0.005857281,0.85782766
real,00023943_000.png,23943,,cardiomegaly_1,-5.7222576,0.0032616418,0.9412665
real,00001470_001.png,1470,,cardiomegaly_1,-2.4198227,0.08167355,0.37458265
real,00016417_005.png,16417,,cardiomegaly_1,-3.3975277,0.03237282,0.41919076
real,00017014_000.png,17014,,cardiomegaly_1,-5.5329494,0.003938734,0.9163498
real,00001223_001.png,1223,,cardiomegaly_1,0.66761017,0.66096777,0.31785598
real,00022677_003.png,22677,,cardiomegaly_1,-0.6800003,0.33626124,0.17115286
real,00026292_004.png,26292,,cardiomegaly_1,-0.7289276,0.3254301,0.1778721
real,00007113_000.png,7113,,cardiomegaly_1,-3.897047,0.019897811,0.73850554
real,00021976_001.png,21976,,cardiomegaly_1,-5.0889187,0.006126912,0.87147146
real,00017729_006.png,17729,,cardiomegaly_1,-5.489588,0.004112563,0.9061782
real,00015149_000.png,15149,,cardiomegaly_1,-3.4967976,0.029403487,0.48322967
real,00029340_001.png,29340,,cardiomegaly_1,-5.0182495,0.0065726126,0.86085993
real,00011985_000.png,11985,,cardiomegaly_1,-4.051859,0.017092776,0.6710203
real,00025037_000.png,25037,,cardiomegaly_1,-5.1839275,0.0055746944,0.8812055
real,00009757_000.png,9757,,cardiomegaly_1,-2.2933617,0.09167424,0.36857462
real,00001995_000.png,1995,,cardiomegaly_1,-5.260378,0.00516651,0.84515667
real,00014560_000.png,14560,,cardiomegaly_1,-5.334923,0.0047971588,0.8998473
real,00025738_000.png,25738,,cardiomegaly_1,-5.2929306,0.005001862,0.88404524
real,00024116_002.png,24116,,cardiomegaly_1,-0.5067253,0.3759615,0.20552057
real,00012537_000.png,12537,,cardiomegaly_1,-5.1670475,0.005669056,0.8731045
real,00006005_000.png,6005,,cardiomegaly_1,-3.824524,0.021362508,0.5769188
real,00023422_000.png,23422,,cardiomegaly_1,-4.9130745,0.00729623,0.8757116
real,00014662_001.png,14662,,cardiomegaly_1,-5.268032,0.005127318,0.8850926
real,00015783_000.png,15783,,cardiomegaly_1,-1.7689018,0.14567895,0.30547228
real,00025058_000.png,25058,,cardiomegaly_1,-5.067091,0.006261272,0.87854713
real,00008142_005.png,8142,,cardiomegaly_1,-5.572117,0.0037880188,0.9200239
real,00016219_000.png,16219,,cardiomegaly_1,-5.2067375,0.0054496597,0.8732764
real,00020699_003.png,20699,,cardiomegaly_1,1.0382538,0.73851293,0.3001732
real,00020139_000.png,20139,,cardiomegaly_1,-5.425602,0.004383119,0.90707487
real,00011237_004.png,11237,,cardiomegaly_1,-2.6364098,0.066831596,0.4856047
real,00004466_000.png,4466,,cardiomegaly_1,-5.105261,0.006028197,0.8739994
real,00003785_001.png,3785,,cardiomegaly_1,-3.2667713,0.036728885,0.6361639
real,00022033_000.png,22033,,cardiomegaly_1,-5.12504,0.005910834,0.83604944
real,00016341_001.png,16341,,cardiomegaly_1,-5.160742,0.0057047117,0.88773805
real,00009498_000.png,9498,,cardiomegaly_1,-5.0567665,0.00632584,0.8366947
real,00003105_000.png,3105,,cardiomegaly_1,-5.455984,0.0042525106,0.92955834
real,00020912_001.png,20912,,cardiomegaly_1,-5.679533,0.0034035293,0.93533707
real,00026599_001.png,26599,,cardiomegaly_1,-4.7395782,0.008666566,0.7680961
real,00007379_000.png,7379,,cardiomegaly_1,-5.47036,0.0041920696,0.91349906
real,00010920_006.png,10920,,cardiomegaly_1,-3.8100224,0.021667793,0.6552577
real,00004562_000.png,4562,,cardiomegaly_1,-5.325243,0.004843593,0.9093174
real,00023219_000.png,23219,,cardiomegaly_1,-5.024105,0.00653449,0.8157285
real,00003640_001.png,3640,,cardiomegaly_1,-5.3046246,0.0049439985,0.9090507
real,00001170_003.png,1170,,cardiomegaly_1,2.3045216,0.9092508,0.6062315
real,00001203_017.png,1203,,cardiomegaly_1,-4.778162,0.008341283,0.8160017
real,00008185_001.png,8185,,cardiomegaly_1,-3.5430183,0.028112702,0.5637886
real,00022389_000.png,22389,,cardiomegaly_1,-5.2599335,0.005168795,0.8437636
real,00021424_000.png,21424,,cardiomegaly_1,-3.9265728,0.019330094,0.60642904
real,00030332_000.png,30332,,cardiomegaly_1,-5.3975677,0.0045071733,0.88811
real,00002225_002.png,2225,,cardiomegaly_1,1.2316475,0.77410674,0.2805974
real,00001803_013.png,1803,,cardiomegaly_1,-0.31222725,0.4225712,0.24456805
real,00023043_000.png,23043,,cardiomegaly_1,-2.61615,0.06810625,0.5985052
real,00005530_001.png,5530,,cardiomegaly_1,-2.808485,0.05686738,0.49095348
real,00030650_004.png,30650,,cardiomegaly_1,-3.9728832,0.018471478,0.70323193
real,00026736_000.png,26736,,cardiomegaly_1,-4.891815,0.007451835,0.7883726
real,00011491_000.png,11491,,cardiomegaly_1,-4.3091583,0.0132664945,0.7833191
real,00000705_002.png,705,,cardiomegaly_1,-4.5922565,0.0100283865,0.68961716
real,00016509_001.png,16509,,cardiomegaly_1,-5.192032,0.005529946,0.8352258
real,00003320_002.png,3320,,cardiomegaly_1,-4.9065666,0.007343518,0.81232274
real,00006030_000.png,6030,,cardiomegaly_1,-5.1160717,0.0059637646,0.8793071
real,00012304_009.png,12304,,cardiomegaly_1,-4.595955,0.009991736,0.7468667
real,00010445_001.png,10445,,cardiomegaly_1,-5.406727,0.0044662636,0.909439
real,00030196_003.png,30196,,cardiomegaly_1,-4.2894726,0.013526675,0.7079906
real,00007258_004.png,7258,,cardiomegaly_1,-4.780182,0.008324591,0.85750794
real,00020292_000.png,20292,,cardiomegaly_1,-5.5820713,0.0037506393,0.91916394
real,00007389_001.png,7389,,cardiomegaly_1,-0.5507393,0.3656929,0.26013428
real,00005401_003.png,5401,,cardiomegaly_1,-5.2670097,0.0051325355,0.8852253
real,00024497_000.png,24497,,cardiomegaly_1,-5.468931,0.0041980376,0.91748196
real,00021409_007.png,21409,,cardiomegaly_1,3.3794785,0.967057,0.8698547
real,00022159_000.png,22159,,cardiomegaly_1,-5.2971363,0.0049809744,0.9190574
real,00002837_000.png,2837,,cardiomegaly_1,-3.88525,0.020129183,0.5946672
real,00014939_000.png,14939,,cardiomegaly_1,-4.9435673,0.0070786574,0.766056
real,00002114_000.png,2114,,cardiomegaly_1,-5.107353,0.0060156723,0.8678846
real,00024641_000.png,24641,,cardiomegaly_1,-4.849283,0.007773096,0.8397395
real,00028148_003.png,28148,,cardiomegaly_1,-2.8679085,0.053762954,0.5043585
real,00025230_000.png,25230,,cardiomegaly_1,-5.2839146,0.0050469344,0.8780978
real,00002793_003.png,2793,,cardiomegaly_1,-4.6519794,0.009452491,0.76257044
real,00019640_003.png,19640,,cardiomegaly_1,-5.345293,0.004747903,0.8938546
real,00005347_000.png,5347,,cardiomegaly_1,-5.577173,0.0037689859,0.91757715
real,00024875_000.png,24875,,cardiomegaly_1,-5.432312,0.004353934,0.90998054
real,00017754_000.png,17754,,cardiomegaly_1,-3.431303,0.03133136,0.52599806
real,00019868_002.png,19868,,cardiomegaly_1,-4.8302727,0.007921099,0.826839
real,00025020_000.png,25020,,cardiomegaly_1,-5.128193,0.005892337,0.8469166
real,00002736_001.png,2736,,cardiomegaly_1,-0.21844482,0.44560498,0.21165629
real,00017592_000.png,17592,,cardiomegaly_1,-5.222027,0.005367416,0.8664643
real,00023012_004.png,23012,,cardiomegaly_1,-5.4728413,0.0041817236,0.93609834
real,00010152_001.png,10152,,cardiomegaly_1,-3.3041134,0.035430346,0.5436106
real,00002685_001.png,2685,,cardiomegaly_1,-5.2238426,0.0053577307,0.85571885
real,00027847_002.png,27847,,cardiomegaly_1,0.9936638,0.729811,0.33629528
real,00026957_000.png,26957,,cardiomegaly_1,-3.6139412,0.026238434,0.54369193
real,00014695_002.png,14695,,cardiomegaly_1,3.8391762,0.9789417,0.85909677
real,00029105_028.png,29105,,cardiomegaly_1,-4.7778206,0.008344107,0.79483366
real,00008335_000.png,8335,,cardiomegaly_1,-5.43021,0.004363055,0.9104373
real,00000246_018.png,246,,cardiomegaly_1,-4.651449,0.009457458,0.727383
real,00015177_000.png,15177,,cardiomegaly_1,-4.9512844,0.0070246225,0.83771515
real,00002831_000.png,2831,,cardiomegaly_1,-5.092037,0.0061079515,0.83330077
real,00024326_000.png,24326,,cardiomegaly_1,-5.5825176,0.0037489717,0.93325853
real,00005053_001.png,5053,,cardiomegaly_1,-4.832638,0.007902535,0.8321055
real,00003804_012.png,3804,,cardiomegaly_1,-5.1940174,0.005519038,0.87968636
real,00021970_005.png,21970,,cardiomegaly_1,-5.4051437,0.0044733076,0.9323573
real,00016484_027.png,16484,,cardiomegaly_1,6.0568905,0.99766386,0.9651174
real,00010892_000.png,10892,,cardiomegaly_1,-4.495165,0.011039606,0.79918504
real,00014145_000.png,14145,,cardiomegaly_1,-4.5178375,0.010794797,0.8161625
real,00027625_000.png,27625,,cardiomegaly_1,-5.010601,0.006622742,0.79847836
real,00025215_000.png,25215,,cardiomegaly_1,-3.323679,0.034767732,0.5233259
real,00002355_005.png,2355,,cardiomegaly_1,-4.3331585,0.012955964,0.69515735
real,00011932_006.png,11932,,cardiomegaly_1,-5.4434547,0.0043058963,0.8978273
real,00014087_000.png,14087,,cardiomegaly_1,-5.3258705,0.0048405696,0.9028384
real,00004899_000.png,4899,,cardiomegaly_1,-4.4320564,0.011750302,0.72942233
real,00001775_003.png,1775,,cardiomegaly_1,-3.0542202,0.045035627,0.43053472
real,00028598_000.png,28598,,cardiomegaly_1,-3.1549225,0.040897757,0.57023466
real,00019815_000.png,19815,,cardiomegaly_1,-5.2076626,0.005444648,0.8997679
real,00024789_001.png,24789,,cardiomegaly_1,-5.1009426,0.0060541267,0.8430848
real,00005002_000.png,5002,,cardiomegaly_1,1.9271984,0.87293905,0.5528176
real,00003013_003.png,3013,,cardiomegaly_1,-5.171957,0.0056414483,0.87093174
real,00025438_000.png,25438,,cardiomegaly_1,-5.1138344,0.005977043,0.8629688
real,00029382_000.png,29382,,cardiomegaly_1,-5.212719,0.005417336,0.8767818
real,00015313_013.png,15313,,cardiomegaly_1,-3.8938675,0.019959915,0.5020169
real,00024474_000.png,24474,,cardiomegaly_1,-5.20965,0.0054338966,0.8933451
real,00006694_001.png,6694,,cardiomegaly_1,-5.261339,0.005161572,0.90478086
real,00003576_000.png,3576,,cardiomegaly_1,-5.0170937,0.0065801647,0.8701017
real,00013288_001.png,13288,,cardiomegaly_1,-1.7600174,0.14678816,0.25980324
real,00001727_000.png,1727,,cardiomegaly_1,-2.1331863,0.10591289,0.39228857
real,00018844_000.png,18844,,cardiomegaly_1,3.779293,0.97767115,0.88158923
real,00013162_000.png,13162,,cardiomegaly_1,-5.14345,0.0058036377,0.8118103
real,00018345_000.png,18345,,cardiomegaly_1,-4.3520947,0.012716026,0.6462743
real,00020341_000.png,20341,,cardiomegaly_1,-5.0846825,0.0061527616,0.8200669
real,00003804_000.png,3804,,cardiomegaly_1,-5.024706,0.006530591,0.8462373
real,00014809_010.png,14809,,cardiomegaly_1,-5.151041,0.0057600006,0.872572
real,00029487_001.png,29487,,cardiomegaly_1,-5.1803017,0.0055948305,0.84681034
real,00029211_000.png,29211,,cardiomegaly_1,-5.0155983,0.0065899463,0.8243539
real,00004435_004.png,4435,,cardiomegaly_1,-4.9025536,0.0073728296,0.83620876
real,00008142_001.png,8142,,cardiomegaly_1,-5.3977356,0.00450642,0.90765876
real,00003499_004.png,3499,,cardiomegaly_1,-1.5112247,0.18075736,0.2501021
real,00019163_000.png,19163,,cardiomegaly_1,-4.9814167,0.006817533,0.82998896
real,00010120_020.png,10120,,cardiomegaly_1,-5.028908,0.0065033855,0.84261525
real,00002402_000.png,2402,,cardiomegaly_1,-2.3517513,0.08692667,0.41710266
real,00029025_004.png,29025,,cardiomegaly_1,-5.1120586,0.0059876023,0.8638816
real,00011598_020.png,11598,,cardiomegaly_1,-4.2726784,0.013752613,0.6865225
real,00012855_000.png,12855,,cardiomegaly_1,2.559719,0.9282238,0.6026543
real,00030389_014.png,30389,,cardiomegaly_1,2.8497696,0.9453068,0.7224658
real,00024171_000.png,24171,,cardiomegaly_1,-5.013447,0.0066040466,0.84607947
real,00007851_004.png,7851,,cardiomegaly_1,-5.6994476,0.0033366438,0.95570576
real,00011932_005.png,11932,,cardiomegaly_1,-4.9575043,0.00698137,0.78518414
real,00027422_000.png,27422,,cardiomegaly_1,-5.3564854,0.0046953075,0.8814567
real,00013397_000.png,13397,,cardiomegaly_1,-5.122244,0.005927286,0.83740485
real,00000318_009.png,318,,cardiomegaly_1,-5.314354,0.004896364,0.8989513
real,00025924_005.png,25924,,cardiomegaly_1,-5.0537167,0.0063450397,0.8825834
real,00001507_002.png,1507,,cardiomegaly_1,-4.7672176,0.0084323,0.8374985
real,00007851_001.png,7851,,cardiomegaly_1,-5.478901,0.0041565658,0.9561133
real,00026354_000.png,26354,,cardiomegaly_1,-2.582285,0.07028727,0.41038492
real,00018642_001.png,18642,,cardiomegaly_1,-4.7096043,0.008927915,0.81164545
real,00016245_000.png,16245,,cardiomegaly_1,-5.7424126,0.0031967699,0.93745124
real,00007340_004.png,7340,,cardiomegaly_1,-5.074703,0.0062140855,0.8785121
real,00000273_009.png,273,,cardiomegaly_1,-4.1116505,0.016116714,0.5932752
real,00017778_000.png,17778,,cardiomegaly_1,3.8059845,0.97824645,0.883543
real,00023339_000.png,23339,,cardiomegaly_1,-3.4966335,0.029408168,0.5906281
real,00006981_017.png,6981,,cardiomegaly_1,-5.1210804,0.005934146,0.84935945
real,00017013_001.png,17013,,cardiomegaly_1,-5.6205235,0.0036096678,0.9277242
real,00019574_000.png,19574,,cardiomegaly_1,-2.6912136,0.06349382,0.4647958
real,00029200_001.png,29200,,cardiomegaly_1,-4.5449696,0.010508887,0.7702201
real,00012772_006.png,12772,,cardiomegaly_1,-5.460003,0.0042355275,0.9026522
real,00020624_013.png,20624,,cardiomegaly_1,-4.9860897,0.006785965,0.85146767
real,00020060_004.png,20060,,cardiomegaly_1,-4.1907387,0.014909444,0.70295984
real,00017747_018.png,17747,,cardiomegaly_1,-2.2182045,0.09812759,0.38971913
real,00000318_007.png,318,,cardiomegaly_1,-5.489109,0.004114524,0.8837132
real,00017930_002.png,17930,,cardiomegaly_1,-1.9780674,0.121525,0.24957633
real,00021023_024.png,21023,,cardiomegaly_1,-5.163349,0.0056899413,0.8250557
real,00011929_000.png,11929,,cardiomegaly_1,-4.7812614,0.008315684,0.7787908
real,00015142_000.png,15142,,cardiomegaly_1,0.56254196,0.6370405,0.24214105
real,00001222_007.png,1222,,cardiomegaly_1,-4.9168415,0.0072689964,0.77933365
real,00007159_000.png,7159,,cardiomegaly_1,-4.234459,0.014280752,0.72318506
real,00012669_000.png,12669,,cardiomegaly_1,-5.2150383,0.005404854,0.85947967
real,00027427_005.png,27427,,cardiomegaly_1,-4.113348,0.016089818,0.71477956
real,00016484_003.png,16484,,cardiomegaly_1,5.1060963,0.99397683,0.94852704
real,00001336_000.png,1336,,cardiomegaly_1,-5.3612175,0.0046732444,0.92377
real,00028358_000.png,28358,,cardiomegaly_1,3.0231628,0.9536096,0.75181246
real,00010015_000.png,10015,,cardiomegaly_1,-5.0598392,0.0063065547,0.8573181
real,00006002_000.png,6002,,cardiomegaly_1,-2.827652,0.055848077,0.5343368
real,00000246_000.png,246,,cardiomegaly_1,-4.8123817,0.008062936,0.81241584
real,00013098_000.png,13098,,cardiomegaly_1,-5.19425,0.0055177608,0.8599149
real,00018869_000.png,18869,,cardiomegaly_1,-5.190132,0.0055404035,0.86344814
real,00025696_002.png,25696,,cardiomegaly_1,4.0049915,0.98210174,0.9370029
real,00001977_000.png,1977,,cardiomegaly_1,-4.654829,0.009425848,0.7037011
real,00014335_000.png,14335,,cardiomegaly_1,-5.203308,0.0054682787,0.89749974
real,00025924_001.png,25924,,cardiomegaly_1,-4.2654877,0.013850486,0.6957782
real,00026180_000.png,26180,,cardiomegaly_1,-4.623213,0.009725674,0.7316155
real,00022312_001.png,22312,,cardiomegaly_1,-4.872053,0.0075994334,0.8403096
real,00005768_005.png,5768,,cardiomegaly_1,-4.975956,0.0068546087,0.828289
real,00019260_003.png,19260,,cardiomegaly_1,-4.962227,0.006948706,0.83288175
real,00003548_002.png,3548,,cardiomegaly_1,-3.7346401,0.02332473,0.5831278
real,00010695_018.png,10695,,cardiomegaly_1,-4.9838924,0.0068007903,0.8769986
real,00029428_000.png,29428,,cardiomegaly_1,-4.9137096,0.0072916313,0.8355585
real,00026292_006.png,26292,,cardiomegaly_1,-4.5036373,0.010947489,0.7071655
real,00004580_000.png,4580,,cardiomegaly_1,-5.5921135,0.0037133023,0.9263849
real,00019554_000.png,19554,,cardiomegaly_1,-5.7394886,0.0032061003,0.927039
real,00011139_001.png,11139,,cardiomegaly_1,-0.8004322,0.30993307,0.15320821
real,00014126_000.png,14126,,cardiomegaly_1,-5.4420834,0.00431178,0.9179653
real,00009815_004.png,9815,,cardiomegaly_1,-4.6043816,0.009908725,0.76993686
real,00017747_060.png,17747,,cardiomegaly_1,-4.0892105,0.016476434,0.7424944
real,00003464_001.png,3464,,cardiomegaly_1,-5.436844,0.004334333,0.8926773
real,00024003_000.png,24003,,cardiomegaly_1,-3.9226704,0.01940421,0.55990714
real,00014171_001.png,14171,,cardiomegaly_1,-4.1320972,0.015795678,0.6834032
real,00021983_000.png,21983,,cardiomegaly_1,-4.8963337,0.007418489,0.763539
real,00006566_000.png,6566,,cardiomegaly_1,-2.3095188,0.090337686,0.38199782
real,00021562_001.png,21562,,cardiomegaly_1,-3.4240513,0.0315522,0.56840855
real,00016698_001.png,16698,,cardiomegaly_1,-5.588543,0.0037265345,0.8899589
real,00017747_021.png,17747,,cardiomegaly_1,-2.4411545,0.08008782,0.40930814
real,00020458_003.png,20458,,cardiomegaly_1,-2.9326172,0.05056453,0.3906185
real,00026833_000.png,26833,,cardiomegaly_1,-4.456379,0.011471191,0.7310589
real,00002962_000.png,2962,,cardiomegaly_1,-5.315113,0.004892667,0.91021115
real,00016865_000.png,16865,,cardiomegaly_1,-5.5085926,0.0040354547,0.8992255
real,00008157_000.png,8157,,cardiomegaly_1,-2.8524227,0.054556213,0.5265668
real,00005063_000.png,5063,,cardiomegaly_1,-5.5202713,0.003988787,0.9229517
real,00007424_001.png,7424,,cardiomegaly_1,-5.4182854,0.004415164,0.88567525
real,00010964_000.png,10964,,cardiomegaly_1,-5.019108,0.006567011,0.8798386
real,00023372_000.png,23372,,cardiomegaly_1,-4.106909,0.016192075,0.7392571
real,00024386_000.png,24386,,cardiomegaly_1,-5.03055,0.0064927833,0.87957406
real,00010481_033.png,10481,,cardiomegaly_1,-4.749592,0.008580958,0.7789364
real,00001222_003.png,1222,,cardiomegaly_1,-5.474331,0.004175525,0.88008714
real,00001104_006.png,1104,,cardiomegaly_1,-4.4065914,0.012049715,0.7223187
real,00016568_006.png,16568,,cardiomegaly_1,-4.6100407,0.009853358,0.8120387
real,00017835_011.png,17835,,cardiomegaly_1,-2.6009483,0.06907741,0.37691265
real,00006527_000.png,6527,,cardiomegaly_1,-5.6711197,0.0034321863,0.9440704
real,00001136_002.png,1136,,cardiomegaly_1,-4.3101864,0.013253044,0.7415205
real,00028457_000.png,28457,,cardiomegaly_1,-2.1132202,0.107818514,0.39267313
real,00009378_006.png,9378,,cardiomegaly_1,-5.455652,0.004253916,0.8814651
real,00021976_000.png,21976,,cardiomegaly_1,-4.8569736,0.0077140066,0.7847498
real,00029569_000.png,29569,,cardiomegaly_1,-4.4897747,0.011098611,0.81278795
real,00007082_000.png,7082,,cardiomegaly_1,-3.3975296,0.03237276,0.4802623
real,00015795_000.png,15795,,cardiomegaly_1,-5.110405,0.0059974524,0.8580858
real,00018616_000.png,18616,,cardiomegaly_1,-2.120819,0.10708973,0.34286353
real,00019345_000.png,19345,,cardiomegaly_1,-4.321989,0.013099578,0.68218184
real,00007389_002.png,7389,,cardiomegaly_1,0.23439407,0.5583317,0.33223388
real,00017836_001.png,17836,,cardiomegaly_1,-2.9193058,0.05120742,0.34311885
real,00023372_003.png,23372,,cardiomegaly_1,-4.3125763,0.013221826,0.803052
real,00009090_001.png,9090,,cardiomegaly_1,-3.8290272,0.021268563,0.7237437
real,00001222_000.png,1222,,cardiomegaly_1,-5.63023,0.0035749243,0.9053414
real,00030690_000.png,30690,,cardiomegaly_1,-5.5371323,0.003922358,0.9157646
real,00025054_000.png,25054,,cardiomegaly_1,-5.4425755,0.0043096677,0.86182874
real,00007153_000.png,7153,,cardiomegaly_1,-4.3225555,0.013092258,0.7653433
real,00012913_001.png,12913,,cardiomegaly_1,-5.0145683,0.0065966924,0.8091386
real,00022266_000.png,22266,,cardiomegaly_1,-4.998581,0.006702292,0.8238022
real,00027857_001.png,27857,,cardiomegaly_1,-5.449711,0.004279157,0.89966804
real,00012178_004.png,12178,,cardiomegaly_1,-4.004736,0.01790275,0.66259855
real,00029847_000.png,29847,,cardiomegaly_1,-4.8308525,0.007916544,0.85941815
real,00006040_000.png,6040,,cardiomegaly_1,-4.8857765,0.007496632,0.73779744
real,00020359_000.png,20359,,cardiomegaly_1,-5.1914787,0.0055329893,0.9038254
real,00008802_004.png,8802,,cardiomegaly_1,4.9983845,0.99329644,0.9625117
real,00030783_000.png,30783,,cardiomegaly_1,-4.842827,0.007823051,0.81825906
real,00001733_002.png,1733,,cardiomegaly_1,-5.031378,0.0064874454,0.8198923
real,00026105_000.png,26105,,cardiomegaly_1,-5.218607,0.0053857043,0.8877812
real,00022135_010.png,22135,,cardiomegaly_1,-5.330635,0.0048176725,0.89717054
real,00029487_000.png,29487,,cardiomegaly_1,-4.769436,0.008413773,0.77901614
real,00016975_007.png,16975,,cardiomegaly_1,-5.0766697,0.006201953,0.8857886
real,00001122_001.png,1122,,cardiomegaly_1,4.5233326,0.9892637,0.9068181
real,00017465_001.png,17465,,cardiomegaly_1,-5.268589,0.0051244777,0.83915395
real,00021710_000.png,21710,,cardiomegaly_1,-5.071333,0.0062349336,0.8238107
real,00015347_000.png,15347,,cardiomegaly_1,-1.8429623,0.13670132,0.2695592
real,00013408_015.png,13408,,cardiomegaly_1,-3.418232,0.031730507,0.55238664
real,00000705_001.png,705,,cardiomegaly_1,-4.7957325,0.008197193,0.73657
real,00014809_020.png,14809,,cardiomegaly_1,-5.530031,0.0039501996,0.9027234
real,00008013_004.png,8013,,cardiomegaly_1,-3.7956715,0.021974105,0.67600214
real,00023156_007.png,23156,,cardiomegaly_1,-0.61821175,0.35018826,0.27629846
real,00029885_000.png,29885,,cardiomegaly_1,-5.1449986,0.0057947086,0.8822422
real,00013723_001.png,13723,,cardiomegaly_1,-5.239601,0.0052744043,0.86743355
real,00004493_000.png,4493,,cardiomegaly_1,-2.8319511,0.055621814,0.5111112
real,00007616_002.png,7616,,cardiomegaly_1,-1.9285965,0.12690601,0.27347293
real,00018008_000.png,18008,,cardiomegaly_1,-5.0953655,0.0060877795,0.8020554
real,00024125_000.png,24125,,cardiomegaly_1,0.59353447,0.6441757,0.2536173
real,00012304_003.png,12304,,cardiomegaly_1,-3.916914,0.019514045,0.53426445
real,00004057_000.png,4057,,cardiomegaly_1,-5.2660694,0.005137339,0.85419965
real,00013625_018.png,13625,,cardiomegaly_1,-3.1841354,0.039767116,0.6099097
real,00021475_000.png,21475,,cardiomegaly_1,-5.1175327,0.0059551103,0.8344678
real,00020060_002.png,20060,,cardiomegaly_1,-3.243372,0.037565786,0.47623226
real,00015009_004.png,15009,,cardiomegaly_1,-4.5571136,0.0103833545,0.7466366
real,00003439_006.png,3439,,cardiomegaly_1,-5.53697,0.0039229915,0.9114542
real,00012585_007.png,12585,,cardiomegaly_1,-4.521332,0.010757548,0.7508701
real,00005768_008.png,5768,,cardiomegaly_1,-5.084076,0.006156472,0.8380807
real,00028027_005.png,28027,,cardiomegaly_1,-4.125187,0.015903465,0.7397791
real,00019911_001.png,19911,,cardiomegaly_1,-5.501341,0.0040647057,0.891804
real,00029678_000.png,29678,,cardiomegaly_1,-3.0900593,0.04351917,0.502146
real,00002825_003.png,2825,,cardiomegaly_1,-5.434042,0.004346441,0.8719644
real,00002383_001.png,2383,,cardiomegaly_1,3.6885223,0.97560126,0.86072445
real,00003570_003.png,3570,,cardiomegaly_1,-5.1345863,0.0058550043,0.8800747
real,00012975_006.png,12975,,cardiomegaly_1,-3.57765,0.027181786,0.6106738
real,00002816_001.png,2816,,cardiomegaly_1,-5.5044937,0.0040519624,0.91812956
real,00007325_000.png,7325,,cardiomegaly_1,-1.9289837,0.12686312,0.44599876
real,00013372_001.png,13372,,cardiomegaly_1,-4.279907,0.013654909,0.626988
real,00006574_000.png,6574,,cardiomegaly_1,-5.307205,0.004931319,0.899309
real,00014295_001.png,14295,,cardiomegaly_1,-5.3634987,0.0046626455,0.88612825
real,00006024_011.png,6024,,cardiomegaly_1,-5.126343,0.0059031835,0.90120703
real,00013489_000.png,13489,,cardiomegaly_1,-5.1157093,0.005965913,0.8053471
real,00029870_000.png,29870,,cardiomegaly_1,-4.7544537,0.008539694,0.77396804
real,00023506_000.png,23506,,cardiomegaly_1,-5.618473,0.0036170494,0.9369357
real,00000865_008.png,865,,cardiomegaly_1,-4.9221706,0.007230641,0.8029554
real,00000877_033.png,877,,cardiomegaly_1,-5.712118,0.0032947718,0.9412583
real,00011726_000.png,11726,,cardiomegaly_1,-4.2581005,0.013951749,0.7206699
real,00017785_000.png,17785,,cardiomegaly_1,-4.594652,0.010004631,0.6567531
real,00027829_000.png,27829,,cardiomegaly_1,-5.2114334,0.005424267,0.8356558
real,00000023_000.png,23,,cardiomegaly_1,-4.6162586,0.009792879,0.80696315
real,00026299_000.png,26299,,cardiomegaly_1,-4.0221634,0.017598897,0.6056516
real,00019963_000.png,19963,,cardiomegaly_1,-4.7382717,0.008677798,0.7458392
real,00005579_001.png,5579,,cardiomegaly_1,-4.184078,0.015007585,0.7664915
real,00015338_011.png,15338,,cardiomegaly_1,-3.3621483,0.0334996,0.61199284
real,00009090_003.png,9090,,cardiomegaly_1,-1.670639,0.158339,0.29798427
real,00010042_004.png,10042,,cardiomegaly_1,-5.4151306,0.004429053,0.9416166
real,00025527_001.png,25527,,cardiomegaly_1,-4.3946285,0.012192961,0.70460653
real,00022827_000.png,22827,,cardiomegaly_1,-5.3445683,0.004751329,0.896981
real,00021305_000.png,21305,,cardiomegaly_1,-5.19783,0.0054981504,0.86410075
real,00004018_000.png,4018,,cardiomegaly_1,-5.7618446,0.0031354423,0.93521804
real,00014922_000.png,14922,,cardiomegaly_1,-5.5499725,0.0038725093,0.9084752
real,00002566_000.png,2566,,cardiomegaly_1,-2.8423138,0.055079993,0.526171
real,00008136_000.png,8136,,cardiomegaly_1,-5.0265236,0.0065188077,0.87315714
real,00008929_000.png,8929,,cardiomegaly_1,-2.471325,0.07789302,0.46559468
real,00000949_009.png,949,,cardiomegaly_1,-5.0353794,0.006461705,0.8065313
real,00028533_000.png,28533,,cardiomegaly_1,-4.715292,0.00887773,0.7201453
real,00001170_044.png,1170,,cardiomegaly_1,-4.2112217,0.014611578,0.69229704
real,00010905_011.png,10905,,cardiomegaly_1,-5.005308,0.006657654,0.841202
real,00000169_001.png,169,,cardiomegaly_1,-5.084093,0.006156367,0.84182954
real,00000318_000.png,318,,cardiomegaly_1,-5.149637,0.005768046,0.88474715
real,00022334_000.png,22334,,cardiomegaly_1,-5.273779,0.0050980863,0.8769181
real,00016195_000.png,16195,,cardiomegaly_1,3.6624374,0.9749726,0.7443922
real,00008698_000.png,8698,,cardiomegaly_1,5.4999313,0.99592954,0.95750386
real,00015313_012.png,15313,,cardiomegaly_1,-5.2054787,0.005456487,0.8346052
real,00026815_003.png,26815,,cardiomegaly_1,-5.014927,0.006594343,0.8155923
real,00008386_001.png,8386,,cardiomegaly_1,-5.321102,0.004863594,0.9112984
real,00028766_004.png,28766,,cardiomegaly_1,-2.783865,0.058202337,0.459336
real,00006674_001.png,6674,,cardiomegaly_1,-5.195986,0.005508245,0.8824562
real,00014719_002.png,14719,,cardiomegaly_1,-5.007944,0.0066402447,0.8132614
real,00003174_013.png,3174,,cardiomegaly_1,-5.465494,0.00421243,0.9084029
real,00005347_001.png,5347,,cardiomegaly_1,-5.075598,0.006208564,0.8748671
real,00024931_000.png,24931,,cardiomegaly_1,-5.1176567,0.005954376,0.82872254
real,00010120_000.png,10120,,cardiomegaly_1,-5.140089,0.005823062,0.83282775
real,00012653_001.png,12653,,cardiomegaly_1,-4.25004,0.014063071,0.7150854
real,00015840_000.png,15840,,cardiomegaly_1,-4.9223557,0.0072293133,0.8095016
real,00010713_001.png,10713,,cardiomegaly_1,-2.1516972,0.10417274,0.2315661
real,00021344_000.png,21344,,cardiomegaly_1,-3.0950375,0.04331242,0.42271996
real,00002073_001.png,2073,,cardiomegaly_1,-3.7745419,0.022432823,0.6621448
real,00026111_001.png,26111,,cardiomegaly_1,-4.820608,0.0079974085,0.8440942
real,00016484_023.png,16484,,cardiomegaly_1,-0.35982323,0.4110024,0.17494895
real,00028566_000.png,28566,,cardiomegaly_1,-5.5666428,0.0038087326,0.91977686
real,00007931_000.png,7931,,cardiomegaly_1,-4.561472,0.010338667,0.82873654
real,00003042_001.png,3042,,cardiomegaly_1,-5.1876717,0.0055539766,0.8849988
real,00011153_000.png,11153,,cardiomegaly_1,-0.026359558,0.4934105,0.19666374
real,00021716_002.png,21716,,cardiomegaly_1,-3.9164352,0.019523205,0.6148424
real,00025676_000.png,25676,,cardiomegaly_1,-5.4063377,0.0044679935,0.9070887
real,00006123_003.png,6123,,cardiomegaly_1,-5.6214657,0.0036062803,0.9281682
real,00004773_001.png,4773,,cardiomegaly_1,-5.333582,0.004803564,0.88820827
real,00012797_000.png,12797,,cardiomegaly_1,-5.0661087,0.0062673865,0.8281027
real,00016842_002.png,16842,,cardiomegaly_1,-5.288101,0.0050259545,0.8999784
real,00011732_000.png,11732,,cardiomegaly_1,-4.8487873,0.0077769225,0.76981497
real,00009777_000.png,9777,,cardiomegaly_1,-5.14579,0.00579015,0.87711674
real,00024861_000.png,24861,,cardiomegaly_1,-5.066828,0.0062629096,0.85058266
real,00029926_000.png,29926,,cardiomegaly_1,-4.7183514,0.008850851,0.8005667
real,00010071_001.png,10071,,cardiomegaly_1,-5.06563,0.0062703695,0.85426164
real,00022788_004.png,22788,,cardiomegaly_1,-4.9966106,0.0067154206,0.8654171
real,00029648_000.png,29648,,cardiomegaly_1,-5.417452,0.004418829,0.89776427
real,00011910_009.png,11910,,cardiomegaly_1,-5.383934,0.0045687607,0.8827625
real,00021972_024.png,21972,,cardiomegaly_1,-0.41456795,0.3978173,0.19886483
real,00016410_000.png,16410,,cardiomegaly_1,-5.186371,0.005561166,0.8940693
real,00013181_003.png,13181,,cardiomegaly_1,-5.204777,0.005460297,0.8758363
real,00005614_001.png,5614,,cardiomegaly_1,-5.379463,0.004589139,0.90609455
real,00014110_000.png,14110,,cardiomegaly_1,-1.2571735,0.22146083,0.18764341
real,00028148_015.png,28148,,cardiomegaly_1,-3.4335728,0.031262547,0.4733514
real,00013427_000.png,13427,,cardiomegaly_1,-5.26071,0.005164805,0.8448727
real,00016879_000.png,16879,,cardiomegaly_1,-4.7527065,0.0085545,0.7788353
real,00013723_000.png,13723,,cardiomegaly_1,-4.9788685,0.006834809,0.8722419
real,00000085_000.png,85,,cardiomegaly_1,-3.8355083,0.021134067,0.6083016
real,00026599_000.png,26599,,cardiomegaly_1,-4.732809,0.008724918,0.8204381
real,00017729_001.png,17729,,cardiomegaly_1,-5.400238,0.0044952077,0.8961633
real,00016255_000.png,16255,,cardiomegaly_1,-2.486517,0.07680881,0.4454296
real,00020758_000.png,20758,,cardiomegaly_1,4.486925,0.98887014,0.9275443
real,00030029_000.png,30029,,cardiomegaly_1,-5.4954147,0.004088767,0.90401095
real,00006098_006.png,6098,,cardiomegaly_1,-4.767704,0.008428234,0.77940094
real,00023625_000.png,23625,,cardiomegaly_1,-5.5205517,0.003987673,0.9188627
real,00009034_006.png,9034,,cardiomegaly_1,0.879858,0.70679283,0.3175267
real,00009061_000.png,9061,,cardiomegaly_1,-5.431669,0.0043567214,0.9294596
real,00008359_000.png,8359,,cardiomegaly_1,-1.382225,0.20065187,0.3323621
real,00001170_004.png,1170,,cardiomegaly_1,-3.3173237,0.034981642,0.5694525
real,00015087_011.png,15087,,cardiomegaly_1,-4.869999,0.007614942,0.8288516
real,00005401_007.png,5401,,cardiomegaly_1,-1.5213661,0.17926045,0.25093687
real,00020631_001.png,20631,,cardiomegaly_1,-5.011278,0.0066182883,0.80752367
real,00010984_003.png,10984,,cardiomegaly_1,-3.6330452,0.02575472,0.69918895
real,00025075_005.png,25075,,cardiomegaly_1,-3.156004,0.040855356,0.5095072
real,00018448_017.png,18448,,cardiomegaly_1,-5.4067,0.0044663823,0.929218
real,00000341_000.png,341,,cardiomegaly_1,-5.262907,0.0051535275,0.8567975
real,00006955_000.png,6955,,cardiomegaly_1,-5.212759,0.00541712,0.8867508
real,00002168_000.png,2168,,cardiomegaly_1,-5.7497864,0.0031733583,0.9410392
real,00025483_000.png,25483,,cardiomegaly_1,-1.9725647,0.12211368,0.28274527
real,00008562_000.png,8562,,cardiomegaly_1,-5.669756,0.0034368543,0.954615
real,00028614_000.png,28614,,cardiomegaly_1,-5.498602,0.004075809,0.9313872
real,00005014_014.png,5014,,cardiomegaly_1,-3.1677036,0.040399347,0.46612602
real,00024583_000.png,24583,,cardiomegaly_1,-5.281807,0.0050575286,0.8964064
real,00026264_000.png,26264,,cardiomegaly_1,-5.317848,0.0048793685,0.8436136
real,00017111_006.png,17111,,cardiomegaly_1,-4.8447475,0.007808157,0.87685215
real,00012074_000.png,12074,,cardiomegaly_1,-4.8007927,0.008156156,0.76902556
real,00013303_000.png,13303,,cardiomegaly_1,-5.309757,0.0049188123,0.90123767
real,00005552_000.png,5552,,cardiomegaly_1,0.7857723,0.6869228,0.24958384
real,00016205_006.png,16205,,cardiomegaly_1,-3.6316433,0.025789918,0.5321227
real,00010481_029.png,10481,,cardiomegaly_1,-5.0652733,0.0062725917,0.88116914
real,00022788_003.png,22788,,cardiomegaly_1,-5.2114105,0.0054243905,0.9013719
real,00020802_000.png,20802,,cardiomegaly_1,-5.6248894,0.0035939985,0.9269597
real,00023133_002.png,23133,,cardiomegaly_1,-3.4751682,0.03002709,0.6532543
real,00011770_008.png,11770,,cardiomegaly_1,-3.6017895,0.0265507,0.56519943
real,00029286_000.png,29286,,cardiomegaly_1,-5.272646,0.005103836,0.90050095
real,00029203_000.png,29203,,cardiomegaly_1,0.3701458,0.5914942,0.24315953
real,00021424_004.png,21424,,cardiomegaly_1,-4.285307,0.013582374,0.6760942
real,00021409_000.png,21409,,cardiomegaly_1,3.8192139,0.97852623,0.9035145
real,00011932_007.png,11932,,cardiomegaly_1,-5.4055843,0.004471346,0.8477774
real,00001713_000.png,1713,,cardiomegaly_1,0.38361168,0.5947439,0.22215055
real,00012980_000.png,12980,,cardiomegaly_1,-3.0291119,0.046127886,0.53294426
real,00028229_000.png,28229,,cardiomegaly_1,-5.1108017,0.005995088,0.8560934
real,00028282_000.png,28282,,cardiomegaly_1,-4.6250114,0.009708366,0.8049319
real,00013533_001.png,13533,,cardiomegaly_1,-5.0832996,0.0061612236,0.8403613
real,00004318_000.png,4318,,cardiomegaly_1,-4.8776703,0.0075571877,0.8452484
real,00001974_007.png,1974,,cardiomegaly_1,-4.711588,0.008910381,0.76669866
real,00009699_000.png,9699,,cardiomegaly_1,1.1830883,0.76550263,0.5330819
real,00014838_000.png,14838,,cardiomegaly_1,-4.9694138,0.006899289,0.86760753
real,00012919_000.png,12919,,cardiomegaly_1,1.6645222,0.8408441,0.3831477
real,00006526_000.png,6526,,cardiomegaly_1,-5.1887035,0.0055482807,0.855351
real,00008054_000.png,8054,,cardiomegaly_1,-5.3270283,0.004834996,0.8879499
real,00009652_000.png,9652,,cardiomegaly_1,3.3368511,0.96567166,0.8141507
real,00012585_002.png,12585,,cardiomegaly_1,-4.749466,0.008582028,0.81039107
real,00012086_000.png,12086,,cardiomegaly_1,-4.9538307,0.0070068836,0.8312469
real,00025908_000.png,25908,,cardiomegaly_1,-5.3022823,0.004955535,0.88005036
real,00016842_000.png,16842,,cardiomegaly_1,-5.591587,0.0037152504,0.9253894
real,00008593_002.png,8593,,cardiomegaly_1,-5.4536247,0.004262513,0.9595266
real,00019857_001.png,19857,,cardiomegaly_1,-4.6218452,0.009738854,0.7614681
real,00017111_008.png,17111,,cardiomegaly_1,-4.8974094,0.007410572,0.84729743
real,00021652_000.png,21652,,cardiomegaly_1,-5.6733074,0.0034247115,0.9386227
real,00022883_016.png,22883,,cardiomegaly_1,-1.0882034,0.25195673,0.34774014
real,00004378_001.png,4378,,cardiomegaly_1,-5.624399,0.0035957545,0.93262464
real,00021705_000.png,21705,,cardiomegaly_1,-5.189377,0.005544567,0.89748865
real,00016769_000.png,16769,,cardiomegaly_1,1.7429504,0.85106146,0.43763268
real,00008806_009.png,8806,,cardiomegaly_1,-1.7726746,0.14521003,0.18967448
real,00016789_006.png,16789,,cardiomegaly_1,-4.9131775,0.0072954837,0.8085488
real,00018044_004.png,18044,,cardiomegaly_1,-4.1169987,0.016032126,0.5587642
real,00000463_000.png,463,,cardiomegaly_1,-5.199459,0.005489251,0.82313013
real,00012017_000.png,12017,,cardiomegaly_1,-5.058777,0.006313216,0.8605636
real,00009369_000.png,9369,,cardiomegaly_1,-5.504059,0.004053718,0.89506745
real,00001059_006.png,1059,,cardiomegaly_1,-4.8524456,0.007748744,0.7489156
real,00005532_033.png,5532,,cardiomegaly_1,3.3039742,0.9645649,0.6049991
real,00009409_002.png,9409,,cardiomegaly_1,-5.5328007,0.0039393175,0.9294941
real,00025432_000.png,25432,,cardiomegaly_1,-3.22056,0.0383993,0.48869088
real,00014523_000.png,14523,,cardiomegaly_1,-5.025028,0.006528499,0.8385935
real,00027084_000.png,27084,,cardiomegaly_1,-5.611328,0.0036428908,0.9202039
real,00007719_000.png,7719,,cardiomegaly_1,-5.218523,0.0053861532,0.86882716
real,00012585_014.png,12585,,cardiomegaly_1,-4.839823,0.007846403,0.756377
real,00006791_002.png,6791,,cardiomegaly_1,-2.5866356,0.0700035,0.4485343
real,00016789_008.png,16789,,cardiomegaly_1,-5.2058277,0.005454593,0.898099
real,00018603_000.png,18603,,cardiomegaly_1,-4.6248875,0.009709558,0.753523
real,00012400_000.png,12400,,cardiomegaly_1,-5.29237,0.0050046532,0.87582046
real,00026299_001.png,26299,,cardiomegaly_1,-4.7084637,0.008938014,0.7241288
real,00000821_000.png,821,,cardiomegaly_1,-4.443695,0.011615917,0.73162735
real,00003570_005.png,3570,,cardiomegaly_1,-5.2831955,0.0050505465,0.8952628
real,00012476_001.png,12476,,cardiomegaly_1,-5.314785,0.0048942645,0.895417
real,00023964_000.png,23964,,cardiomegaly_1,-5.0140324,0.0066002063,0.7748182
real,00006002_003.png,6002,,cardiomegaly_1,-4.7757416,0.008361327,0.7420412
real,00008806_000.png,8806,,cardiomegaly_1,-3.9583683,0.018736487,0.64597803
real,00030149_000.png,30149,,cardiomegaly_1,-5.3939075,0.0045236256,0.8919898
real,00010936_001.png,10936,,cardiomegaly_1,-4.0371723,0.017341277,0.57974577
real,00024948_000.png,24948,,cardiomegaly_1,-5.3213596,0.004862348,0.87235105
real,00029393_000.png,29393,,cardiomegaly_1,-4.4856224,0.011144277,0.7654312
real,00023266_005.png,23266,,cardiomegaly_1,-4.699789,0.009015183,0.80662155
real,00018284_023.png,18284,,cardiomegaly_1,-4.8383904,0.007857561,0.83197534
real,00006024_002.png,6024,,cardiomegaly_1,-4.5323143,0.0106413,0.8226121
real,00016724_002.png,16724,,cardiomegaly_1,-4.9294415,0.0071786353,0.89098954
real,00009936_000.png,9936,,cardiomegaly_1,0.011949539,0.5029874,0.17387274
real,00010682_000.png,10682,,cardiomegaly_1,-4.943533,0.007078898,0.7848747
real,00003785_006.png,3785,,cardiomegaly_1,-4.4901733,0.011094236,0.75627977
real,00015938_000.png,15938,,cardiomegaly_1,-4.8596077,0.00769387,0.81061184
real,00013952_006.png,13952,,cardiomegaly_1,-3.4833431,0.029789904,0.53450865
real,00014352_004.png,14352,,cardiomegaly_1,-5.3386745,0.00477928,0.87507004
real,00004547_000.png,4547,,cardiomegaly_1,-5.315031,0.0048930664,0.91389424
real,00029140_000.png,29140,,cardiomegaly_1,-4.3964596,0.012170927,0.7501033
real,00012625_012.png,12625,,cardiomegaly_1,-5.44536,0.0042977347,0.9246388
real,00011987_000.png,11987,,cardiomegaly_1,-5.017601,0.006576849,0.8266574
real,00016388_000.png,16388,,cardiomegaly_1,-5.14209,0.0058114897,0.89135426
real,00021362_000.png,21362,,cardiomegaly_1,-5.103775,0.0060371063,0.8779283
real,00002515_001.png,2515,,cardiomegaly_1,-4.653591,0.009437412,0.76806086
real,00028465_001.png,28465,,cardiomegaly_1,-5.08774,0.0061340937,0.7861383
real,00025466_000.png,25466,,cardiomegaly_1,-5.398655,0.0045022974,0.923395
real,00018822_000.png,18822,,cardiomegaly_1,-5.1842594,0.005572855,0.8751417
real,00010481_004.png,10481,,cardiomegaly_1,-5.230995,0.005319749,0.8845489
real,00024245_000.png,24245,,cardiomegaly_1,-5.1563435,0.005729714,0.88614684
real,00022341_000.png,22341,,cardiomegaly_1,-5.4518566,0.004270024,0.88597906
real,00008318_000.png,8318,,cardiomegaly_1,3.8090057,0.97831064,0.75982285
real,00022532_000.png,22532,,cardiomegaly_1,-5.414295,0.0044327383,0.90657544
real,00018044_041.png,18044,,cardiomegaly_1,-3.663313,0.025006061,0.5185091
real,00001248_034.png,1248,,cardiomegaly_1,-4.4314823,0.011756971,0.73038924
real,00030001_000.png,30001,,cardiomegaly_1,-4.6225433,0.009732123,0.7925673
real,00016123_000.png,16123,,cardiomegaly_1,-4.759472,0.008497311,0.79704106
real,00001075_044.png,1075,,cardiomegaly_1,3.367487,0.96667284,0.8144343
real,00022155_017.png,22155,,cardiomegaly_1,-2.6028175,0.068957314,0.343785
real,00020312_030.png,20312,,cardiomegaly_1,-4.5745163,0.010206048,0.77314335
real,00003362_002.png,3362,,cardiomegaly_1,-4.9904404,0.0067567043,0.8837444
real,00020572_001.png,20572,,cardiomegaly_1,-4.866482,0.0076415665,0.7789406
real,00009138_022.png,9138,,cardiomegaly_1,-1.2138786,0.22901548,0.31785667
real,00007131_006.png,7131,,cardiomegaly_1,-5.371128,0.0046273717,0.8969058
real,00012329_001.png,12329,,cardiomegaly_1,-5.13591,0.0058473046,0.8191131
real,00008185_000.png,8185,,cardiomegaly_1,1.5261841,0.82144725,0.53153527
real,00018547_000.png,18547,,cardiomegaly_1,-5.4098263,0.0044525033,0.88720524
real,00029423_000.png,29423,,cardiomegaly_1,-4.3716583,0.012472744,0.8298159
real,00017326_001.png,17326,,cardiomegaly_1,-5.6566353,0.003482087,0.9265804
real,00014307_001.png,14307,,cardiomegaly_1,-5.4017925,0.0044882568,0.87913996
real,00006674_000.png,6674,,cardiomegaly_1,-5.6009045,0.0036809214,0.91844434
real,00018044_003.png,18044,,cardiomegaly_1,-4.5018215,0.010967167,0.70696634
real,00019406_000.png,19406,,cardiomegaly_1,-5.12348,0.0059200083,0.87389004
real,00003896_004.png,3896,,cardiomegaly_1,-5.265726,0.0051390943,0.9111922
real,00011932_003.png,11932,,cardiomegaly_1,-2.5892487,0.06983357,0.47530776
real,00019317_000.png,19317,,cardiomegaly_1,-5.0357437,0.006459366,0.823911
real,00002139_000.png,2139,,cardiomegaly_1,-5.339678,0.0047745104,0.88292164
real,00013678_003.png,13678,,cardiomegaly_1,-4.4475937,0.011571242,0.7655154
real,00016512_001.png,16512,,cardiomegaly_1,-4.3281307,0.013020417,0.72749865
real,00008502_000.png,8502,,cardiomegaly_1,-5.643423,0.003528235,0.9350854
real,00014294_003.png,14294,,cardiomegaly_1,-4.078375,0.01665295,0.7315373
real,00018011_000.png,18011,,cardiomegaly_1,-5.1111336,0.0059931106,0.8521125
real,00001203_002.png,1203,,cardiomegaly_1,-4.846781,0.00779242,0.8212869
real,00005250_001.png,5250,,cardiomegaly_1,-4.5626507,0.010326613,0.76828355
real,00028042_000.png,28042,,cardiomegaly_1,-5.303707,0.004948514,0.87853473
real,00017330_000.png,17330,,cardiomegaly_1,-5.1020584,0.006047416,0.9110864
real,00010936_003.png,10936,,cardiomegaly_1,-2.6818333,0.06405388,0.36585867
real,00011380_022.png,11380,,cardiomegaly_1,-4.06489,0.016875217,0.6563592
real,00009105_003.png,9105,,cardiomegaly_1,-4.852518,0.0077481866,0.7946035
real,00006012_000.png,6012,,cardiomegaly_1,-5.207819,0.0054438016,0.8899714
real,00006040_005.png,6040,,cardiomegaly_1,-4.2080193,0.014657759,0.71085554
real,00011279_000.png,11279,,cardiomegaly_1,-4.6031113,0.009921194,0.7724432
real,00016485_000.png,16485,,cardiomegaly_1,-1.1548023,0.23961301,0.1808882
real,00003094_003.png,3094,,cardiomegaly_1,-4.6776867,0.009214802,0.7326738
real,00020699_001.png,20699,,cardiomegaly_1,-2.0397396,0.115093246,0.4495588
real,00001213_003.png,1213,,cardiomegaly_1,-5.0114803,0.0066169593,0.8483229
real,00028764_000.png,28764,,cardiomegaly_1,-5.563574,0.0038203949,0.9313732
real,00005501_000.png,5501,,cardiomegaly_1,-5.7650433,0.0031254608,0.91772336
real,00012051_004.png,12051,,cardiomegaly_1,-5.0469055,0.006388128,0.8129724
real,00023621_000.png,23621,,cardiomegaly_1,-5.3021317,0.004956278,0.89356786
real,00001174_000.png,1174,,cardiomegaly_1,-4.7473183,0.008600321,0.85215825
real,00012536_001.png,12536,,cardiomegaly_1,-3.9626713,0.018657535,0.5346504
real,00004490_005.png,4490,,cardiomegaly_1,-5.159279,0.0057130153,0.85698956
real,00014462_001.png,14462,,cardiomegaly_1,-5.2140827,0.005409993,0.8906205
real,00007623_002.png,7623,,cardiomegaly_1,-5.2231655,0.0053613405,0.9134827
real,00015449_000.png,15449,,cardiomegaly_1,-2.6072273,0.06867472,0.46570754
real,00002585_001.png,2585,,cardiomegaly_1,-4.376566,0.01241244,0.80859363
real,00001292_000.png,1292,,cardiomegaly_1,-4.7544193,0.008539985,0.8053527
real,00007313_002.png,7313,,cardiomegaly_1,-3.8617725,0.02059751,0.7537377
real,00024273_000.png,24273,,cardiomegaly_1,-5.2772446,0.0050805383,0.84433645
real,00008728_000.png,8728,,cardiomegaly_1,-5.0510406,0.0063619334,0.86439383
real,00025832_003.png,25832,,cardiomegaly_1,-4.4534454,0.011504504,0.71943724
real,00010453_000.png,10453,,cardiomegaly_1,-5.179144,0.0056012757,0.840758
real,00004589_000.png,4589,,cardiomegaly_1,-4.6106644,0.009847276,0.7879367
real,00021375_007.png,21375,,cardiomegaly_1,-5.130131,0.005880996,0.89769113
real,00007019_001.png,7019,,cardiomegaly_1,-5.611822,0.0036410985,0.90514106
real,00011910_003.png,11910,,cardiomegaly_1,-5.268173,0.0051265983,0.86034214
real,00015056_005.png,15056,,cardiomegaly_1,-5.04591,0.0063944496,0.90522903
real,00028766_002.png,28766,,cardiomegaly_1,-3.9769287,0.018398276,0.66965693
real,00017020_000.png,17020,,cardiomegaly_1,-3.837244,0.02109819,0.5125893
real,00016939_000.png,16939,,cardiomegaly_1,-5.2086163,0.0054394864,0.83596265
real,00015795_003.png,15795,,cardiomegaly_1,-4.831213,0.007913713,0.810503
real,00006024_006.png,6024,,cardiomegaly_1,-4.4268894,0.011810455,0.74090177
real,00016191_019.png,16191,,cardiomegaly_1,-5.275076,0.005091512,0.8682376
real,00017747_061.png,17747,,cardiomegaly_1,-4.746031,0.008611305,0.9191021
real,00010246_000.png,10246,,cardiomegaly_1,-1.7077904,0.15345053,0.2843906
real,00004943_000.png,4943,,cardiomegaly_1,-4.6823254,0.009172547,0.728379
real,00021288_000.png,21288,,cardiomegaly_1,-5.332899,0.0048068296,0.9031229
real,00025046_000.png,25046,,cardiomegaly_1,-5.1010094,0.0060537253,0.85930485
real,00015338_003.png,15338,,cardiomegaly_1,-5.01227,0.006611772,0.85620815
real,00014504_000.png,14504,,cardiomegaly_1,-5.1352177,0.0058513307,0.8819008
real,00014281_000.png,14281,,cardiomegaly_1,-5.064495,0.006277445,0.8216138
real,00006098_007.png,6098,,cardiomegaly_1,-5.0649586,0.0062745535,0.79628956
real,00004695_000.png,4695,,cardiomegaly_1,-4.7732143,0.008382307,0.73446345
real,00027153_001.png,27153,,cardiomegaly_1,-3.1001663,0.043100394,0.4966899
real,00028027_002.png,28027,,cardiomegaly_1,-1.8459187,0.13635279,0.27692527
real,00004834_000.png,4834,,cardiomegaly_1,-5.3353825,0.0047949646,0.9004939
real,00006002_001.png,6002,,cardiomegaly_1,-5.177017,0.005613133,0.8799441
real,00002825_001.png,2825,,cardiomegaly_1,-5.109848,0.006000774,0.8210126
real,00021569_000.png,21569,,cardiomegaly_1,-5.053913,0.006343801,0.89299774
real,00013138_002.png,13138,,cardiomegaly_1,-5.1168365,0.0059592323,0.83464664
real,00014029_000.png,14029,,cardiomegaly_1,-5.133833,0.0058593913,0.8894155
real,00021614_001.png,21614,,cardiomegaly_1,-5.2574787,0.005181433,0.84490234
real,00014045_000.png,14045,,cardiomegaly_1,-3.7889786,0.022118403,0.63282496
real,00006202_000.png,6202,,cardiomegaly_1,5.0485,0.993622,0.95985645
real,00020060_007.png,20060,,cardiomegaly_1,-1.3928318,0.19895606,0.24172106
real,00001587_000.png,1587,,cardiomegaly_1,-5.2179356,0.0053893016,0.8446818
real,00020674_000.png,20674,,cardiomegaly_1,-5.013178,0.006605811,0.8262692
real,00022763_000.png,22763,,cardiomegaly_1,-4.520441,0.010767031,0.751055
real,00025832_004.png,25832,,cardiomegaly_1,-4.2525826,0.014027864,0.6623305
real,00000877_007.png,877,,cardiomegaly_1,-5.410658,0.0044488185,0.88399154
real,00008733_000.png,8733,,cardiomegaly_1,-5.351923,0.0047166767,0.8973174
real,00005903_000.png,5903,,cardiomegaly_1,-4.594063,0.01001047,0.7725598
real,00030781_000.png,30781,,cardiomegaly_1,2.9135323,0.94851136,0.6187371
real,00026409_000.png,26409,,cardiomegaly_1,-5.300596,0.004963856,0.89378273
real,00000872_000.png,872,,cardiomegaly_1,-5.0920143,0.0061080907,0.7996021
real,00015597_000.png,15597,,cardiomegaly_1,-5.1574707,0.0057232957,0.828027
real,00005395_001.png,5395,,cardiomegaly_1,-2.2261658,0.09742528,0.3424817
real,00008081_019.png,8081,,cardiomegaly_1,-4.0967636,0.016354483,0.7143863
real,00001733_001.png,1733,,cardiomegaly_1,-5.196348,0.00550626,0.82111365
real,00020642_006.png,20642,,cardiomegaly_1,-5.1298256,0.0058827805,0.87363803
real,00008489_015.png,8489,,cardiomegaly_1,-4.6592846,0.009384337,0.81923497
real,00019575_000.png,19575,,cardiomegaly_1,3.237877,0.96223503,0.62283653
real,00008342_023.png,8342,,cardiomegaly_1,-4.8624153,0.007672465,0.8338745
real,00024797_000.png,24797,,cardiomegaly_1,-5.2128105,0.0054168426,0.8984732
real,00008779_000.png,8779,,cardiomegaly_1,-5.0395794,0.006434798,0.86022377
real,00003812_002.png,3812,,cardiomegaly_1,-5.53895,0.0039152624,0.93126863
real,00019544_000.png,19544,,cardiomegaly_1,-5.2510204,0.005214829,0.8585594
real,00003804_001.png,3804,,cardiomegaly_1,-5.149742,0.0057674437,0.88154674
real,00004909_005.png,4909,,cardiomegaly_1,-0.28022385,0.43039885,0.23259212
real,00029543_002.png,29543,,cardiomegaly_1,0.17461586,0.54354334,0.32247075
real,00022582_001.png,22582,,cardiomegaly_1,-5.169422,0.005655686,0.86442095
real,00000463_001.png,463,,cardiomegaly_1,-4.855257,0.0077271573,0.80536795
real,00000796_004.png,796,,cardiomegaly_1,1.7062473,0.84634894,0.5458207
real,00022155_012.png,22155,,cardiomegaly_1,-1.7891102,0.14318185,0.25262085
real,00012304_002.png,12304,,cardiomegaly_1,-3.9161777,0.019528134,0.6336155
real,00003570_001.png,3570,,cardiomegaly_1,-5.4973965,0.004080705,0.9190547
real,00015449_002.png,15449,,cardiomegaly_1,-4.9862823,0.006784666,0.80705595
real,00023776_000.png,23776,,cardiomegaly_1,-4.5646935,0.010305757,0.77478033
real,00001606_004.png,1606,,cardiomegaly_1,-4.915043,0.0072819865,0.82061654
real,00026795_000.png,26795,,cardiomegaly_1,-4.784628,0.008287968,0.80635744
real,00030805_000.png,30805,,cardiomegaly_1,-5.032406,0.006480823,0.85159606
real,00017747_023.png,17747,,cardiomegaly_1,-4.040058,0.017292168,0.76449716
real,00010348_001.png,10348,,cardiomegaly_1,-5.3913174,0.004535305,0.91187793
real,00016929_001.png,16929,,cardiomegaly_1,1.1849556,0.76583767,0.26458958
real,00002120_001.png,2120,,cardiomegaly_1,-4.2689857,0.013802789,0.71237177
real,00011598_028.png,11598,,cardiomegaly_1,-4.6335926,0.009626212,0.77747947
real,00003064_010.png,3064,,cardiomegaly_1,-5.3683395,0.0046402332,0.8843359
real,00014076_000.png,14076,,cardiomegaly_1,-5.4740353,0.0041767545,0.92901355
real,00001059_005.png,1059,,cardiomegaly_1,-3.7267456,0.02350525,0.5088881
real,00015977_000.png,15977,,cardiomegaly_1,-5.3114185,0.0049106875,0.8891196
real,00010135_000.png,10135,,cardiomegaly_1,-0.8492737,0.29958525,0.23220232
real,00014025_000.png,14025,,cardiomegaly_1,-3.9339123,0.019191453,0.742532
real,00005587_000.png,5587,,cardiomegaly_1,-5.391741,0.0045333933,0.9002941
real,00011764_007.png,11764,,cardiomegaly_1,0.66926,0.66133744,0.21700081
real,00028256_000.png,28256,,cardiomegaly_1,-4.892105,0.007449691,0.7979555
real,00010131_001.png,10131,,cardiomegaly_1,-5.325857,0.0048406343,0.89745706
real,00008184_003.png,8184,,cardiomegaly_1,-5.16214,0.0056967866,0.8847237
real,00003916_000.png,3916,,cardiomegaly_1,-1.4294758,0.19318037,0.27125692
real,00000273_004.png,273,,cardiomegaly_1,-1.5492306,0.17519742,0.27494133
real,00023343_000.png,23343,,cardiomegaly_1,-5.031746,0.0064850734,0.8610297
real,00001292_001.png,1292,,cardiomegaly_1,-2.582203,0.07029263,0.38722232
real,00001470_002.png,1470,,cardiomegaly_1,-4.316553,0.013170042,0.823652
real,00017545_000.png,17545,,cardiomegaly_1,-4.9111576,0.0073101274,0.75958407
real,00013441_000.png,13441,,cardiomegaly_1,-4.7980137,0.008178668,0.79564446
real,00010920_004.png,10920,,cardiomegaly_1,-5.241829,0.0052627292,0.85055065
real,00007313_001.png,7313,,cardiomegaly_1,-5.030567,0.006492673,0.8853891
real,00000304_001.png,304,,cardiomegaly_1,-3.0322227,0.045991205,0.5481153
real,00010481_031.png,10481,,cardiomegaly_1,-5.1776657,0.0056095147,0.8483843
real,00022155_024.png,22155,,cardiomegaly_1,-4.7698536,0.008410289,0.6662816
real,00011603_000.png,11603,,cardiomegaly_1,-5.0202694,0.006559437,0.8223782
real,00001230_001.png,1230,,cardiomegaly_1,-5.5046253,0.0040514315,0.8849056
real,00017824_001.png,17824,,cardiomegaly_1,-4.9861755,0.0067853862,0.7869579
real,00028706_000.png,28706,,cardiomegaly_1,-1.7383156,0.14952701,0.33098426
real,00012989_001.png,12989,,cardiomegaly_1,-4.25992,0.013926739,0.6204534
real,00029493_000.png,29493,,cardiomegaly_1,-5.1952934,0.0055120387,0.859018
real,00005579_000.png,5579,,cardiomegaly_1,-4.8645496,0.007656232,0.76535577
real,00015795_004.png,15795,,cardiomegaly_1,-4.204981,0.014701705,0.7221362
real,00000262_000.png,262,,cardiomegaly_1,-5.484581,0.00413312,0.8861785
real,00019413_000.png,19413,,cardiomegaly_1,-3.9479408,0.018929163,0.6963814
real,00008147_000.png,8147,,cardiomegaly_1,-5.4637184,0.004219886,0.9287163
real,00012951_000.png,12951,,cardiomegaly_1,-3.4772396,0.029966818,0.44518417
real,00024613_000.png,24613,,cardiomegaly_1,-5.130535,0.0058786324,0.8181211
real,00003577_000.png,3577,,cardiomegaly_1,-5.1182404,0.0059509226,0.85959303
real,00014352_007.png,14352,,cardiomegaly_1,-3.8199482,0.021458376,0.5979932
real,00016509_000.png,16509,,cardiomegaly_1,-3.4709282,0.030150825,0.59437305
real,00010696_000.png,10696,,cardiomegaly_1,-4.863821,0.00766177,0.82090575
real,00013591_000.png,13591,,cardiomegaly_1,-5.514847,0.004010396,0.92460215
real,00027305_000.png,27305,,cardiomegaly_1,-5.2504444,0.005217818,0.89085335
real,00018488_002.png,18488,,cardiomegaly_1,-5.040291,0.0064302506,0.8439419
real,00012626_005.png,12626,,cardiomegaly_1,-5.073763,0.006219895,0.8686641
real,00023423_000.png,23423,,cardiomegaly_1,-5.63043,0.0035742107,0.9375861
real,00010481_040.png,10481,,cardiomegaly_1,-5.0209637,0.006554915,0.836949
real,00015111_000.png,15111,,cardiomegaly_1,-4.745819,0.008613112,0.7768516
real,00023085_009.png,23085,,cardiomegaly_1,-4.841362,0.007834429,0.86041796
real,00011328_000.png,11328,,cardiomegaly_1,-5.382025,0.0045774523,0.8787516
real,00028475_000.png,28475,,cardiomegaly_1,-4.50539,0.0109285265,0.7812738
real,00022677_005.png,22677,,cardiomegaly_1,-0.9201679,0.28492367,0.18658817
real,00003464_000.png,3464,,cardiomegaly_1,-5.417124,0.0044202725,0.90748674
real,00010295_000.png,10295,,cardiomegaly_1,-4.906534,0.007343755,0.81186414
real,00022527_000.png,22527,,cardiomegaly_1,-5.283499,0.0050490224,0.8299446
real,00013970_009.png,13970,,cardiomegaly_1,-5.0182514,0.0065726,0.8601357
real,00001203_003.png,1203,,cardiomegaly_1,-5.152128,0.005753778,0.8561152
real,00015228_000.png,15228,,cardiomegaly_1,-1.1933022,0.23266886,0.22308996
real,00001136_001.png,1136,,cardiomegaly_1,-1.3916798,0.19913973,0.22336802
real,00006040_009.png,6040,,cardiomegaly_1,-4.6475906,0.009493673,0.67436916
real,00008441_000.png,8441,,cardiomegaly_1,-5.6451855,0.003522044,0.93164134
real,00015740_000.png,15740,,cardiomegaly_1,-5.1821537,0.0055845366,0.85181284
real,00007109_011.png,7109,,cardiomegaly_1,-4.429758,0.011777021,0.6669358
real,00019496_000.png,19496,,cardiomegaly_1,-5.1092396,0.006004404,0.80867773
real,00022882_000.png,22882,,cardiomegaly_1,-5.408493,0.004458417,0.9024166
real,00022500_000.png,22500,,cardiomegaly_1,-4.284319,0.013595617,0.7527113
real,00011380_008.png,11380,,cardiomegaly_1,-4.730383,0.0087459255,0.7952648
real,00000386_000.png,386,,cardiomegaly_1,-4.9432774,0.0070806956,0.8511601
real,00022196_002.png,22196,,cardiomegaly_1,-3.269926,0.03661744,0.5124921
real,00018597_002.png,18597,,cardiomegaly_1,-5.2230225,0.005362103,0.850635
real,00013969_008.png,13969,,cardiomegaly_1,-4.87167,0.0076023247,0.8324998
real,00029579_007.png,29579,,cardiomegaly_1,-2.4416351,0.080052406,0.4757081
real,00020485_005.png,20485,,cardiomegaly_1,-4.7879696,0.008260546,0.75450677
real,00005002_001.png,5002,,cardiomegaly_1,2.8315582,0.9443575,0.6783895
real,00028053_000.png,28053,,cardiomegaly_1,-5.6732006,0.003425076,0.91865337
real,00000417_003.png,417,,cardiomegaly_1,-4.705965,0.008960174,0.7915114
real,00016439_000.png,16439,,cardiomegaly_1,-5.4725666,0.0041828672,0.9059234
real,00020531_000.png,20531,,cardiomegaly_1,-5.3276863,0.004831831,0.850073
real,00015435_001.png,15435,,cardiomegaly_1,-4.9057655,0.0073493603,0.8271451
real,00002595_001.png,2595,,cardiomegaly_1,-5.456419,0.00425067,0.89059186
real,00016512_000.png,16512,,cardiomegaly_1,-4.9292984,0.007179655,0.8319515
real,00021023_004.png,21023,,cardiomegaly_1,-0.9987278,0.26919165,0.21470438
real,00009273_002.png,9273,,cardiomegaly_1,-4.944603,0.0070713814,0.86258054
real,00002292_001.png,2292,,cardiomegaly_1,-5.1020317,0.0060475767,0.8155317
real,00000757_000.png,757,,cardiomegaly_1,-5.0045147,0.006662904,0.8897415
real,00006711_000.png,6711,,cardiomegaly_1,-0.061626434,0.48459825,0.29377446
real,00016261_001.png,16261,,cardiomegaly_1,1.1188984,0.75378436,0.28520724
real,00002816_003.png,2816,,cardiomegaly_1,-4.732584,0.008726864,0.7712244
real,00009378_002.png,9378,,cardiomegaly_1,-5.3584824,0.004685984,0.89056134
real,00023266_004.png,23266,,cardiomegaly_1,-5.3895073,0.004543484,0.87244266
real,00003094_004.png,3094,,cardiomegaly_1,-4.843607,0.007816998,0.7627416
real,00026807_000.png,26807,,cardiomegaly_1,-5.362316,0.004668137,0.89771783
real,00012086_001.png,12086,,cardiomegaly_1,-4.550886,0.010447541,0.72077245
real,00003917_000.png,3917,,cardiomegaly_1,-4.4949913,0.011041502,0.7295983
real,00010445_003.png,10445,,cardiomegaly_1,-5.28273,0.0050528855,0.87724394
real,00016184_001.png,16184,,cardiomegaly_1,-4.685564,0.00914316,0.72461987
real,00011598_017.png,11598,,cardiomegaly_1,-4.9102745,0.0073165386,0.8231616
real,00025290_002.png,25290,,cardiomegaly_1,-4.25634,0.013975988,0.7446914
real,00012363_004.png,12363,,cardiomegaly_1,-5.2764187,0.0050847144,0.9240705
real,00011813_000.png,11813,,cardiomegaly_1,-5.0478954,0.0063818465,0.7711751
real,00010732_000.png,10732,,cardiomegaly_1,-2.9771633,0.048468288,0.54152226
real,00026927_000.png,26927,,cardiomegaly_1,-3.2358627,0.037838224,0.6175948
real,00017786_013.png,17786,,cardiomegaly_1,-4.9862823,0.006784666,0.82678854
real,00018642_000.png,18642,,cardiomegaly_1,-3.2295208,0.03806979,0.50983226
real,00009668_000.png,9668,,cardiomegaly_1,-5.4771557,0.0041637956,0.93547636
real,00005245_000.png,5245,,cardiomegaly_1,-5.1956787,0.0055099274,0.852475
real,00010120_004.png,10120,,cardiomegaly_1,-5.1835766,0.005576641,0.8850263
real,00007018_005.png,7018,,cardiomegaly_1,-5.5612564,0.0038292247,0.91901374
real,00030385_000.png,30385,,cardiomegaly_1,-5.4745445,0.0041746367,0.89081657
real,00021631_001.png,21631,,cardiomegaly_1,-5.2898903,0.005017016,0.90714884
real,00005443_000.png,5443,,cardiomegaly_1,-4.744755,0.008622206,0.8252188
real,00003439_007.png,3439,,cardiomegaly_1,-5.3919106,0.0045326273,0.8989739
real,00021114_001.png,21114,,cardiomegaly_1,-4.7954464,0.008199519,0.8174022
real,00006135_000.png,6135,,cardiomegaly_1,4.757889,0.9914894,0.9295336
real,00006123_001.png,6123,,cardiomegaly_1,-5.707697,0.0033093228,0.9355035
real,00004926_000.png,4926,,cardiomegaly_1,2.3009186,0.9089531,0.5890483
real,00019435_003.png,19435,,cardiomegaly_1,-5.550213,0.0038715822,0.91994417
real,00019535_002.png,19535,,cardiomegaly_1,-5.6646423,0.0034544128,0.89860725
real,00008342_001.png,8342,,cardiomegaly_1,1.4420567,0.8087729,0.30686793
real,00014843_000.png,14843,,cardiomegaly_1,-3.5460758,0.028029282,0.57013935
real,00002492_010.png,2492,,cardiomegaly_1,-5.2687607,0.0051236027,0.8598916
real,00020716_002.png,20716,,cardiomegaly_1,-3.6252556,0.025950897,0.6378271
real,00027353_000.png,27353,,cardiomegaly_1,-5.1729717,0.0056357593,0.8322953
real,00013969_007.png,13969,,cardiomegaly_1,-5.1821556,0.0055845254,0.89629406
real,00010489_000.png,10489,,cardiomegaly_1,-4.6486588,0.0094836345,0.7928778
real,00018011_009.png,18011,,cardiomegaly_1,-3.8251877,0.021348635,0.5960414
real,00016518_000.png,16518,,cardiomegaly_1,-4.5745754,0.0102054505,0.7678514
real,00013214_001.png,13214,,cardiomegaly_1,-5.1607246,0.005704809,0.8821581
real,00007792_000.png,7792,,cardiomegaly_1,-5.6830444,0.0033916396,0.9421097
real,00012949_001.png,12949,,cardiomegaly_1,-5.1310005,0.0058759134,0.8605931
real,00028570_000.png,28570,,cardiomegaly_1,-4.33737,0.012902217,0.75767964
real,00003628_000.png,3628,,cardiomegaly_1,-4.8981037,0.0074054673,0.8297616
real,00026658_002.png,26658,,cardiomegaly_1,-5.241232,0.0052658557,0.8558227
real,00006490_000.png,6490,,cardiomegaly_1,-5.163391,0.005689704,0.89581347
real,00012178_002.png,12178,,cardiomegaly_1,-3.4943066,0.029474663,0.47924587
real,00018037_019.png,18037,,cardiomegaly_1,-4.89727,0.007411597,0.83426815
real,00013360_000.png,13360,,cardiomegaly_1,-4.760647,0.008487418,0.73250574
real,00003640_000.png,3640,,cardiomegaly_1,-5.3041267,0.0049464484,0.90047
real,00016568_001.png,16568,,cardiomegaly_1,-4.9018555,0.00737794,0.792264
real,00015475_000.png,15475,,cardiomegaly_1,-5.171711,0.005642829,0.82770276
real,00029314_000.png,29314,,cardiomegaly_1,-5.4637413,0.0042197895,0.88648707
real,00018011_019.png,18011,,cardiomegaly_1,-5.2686462,0.0051241857,0.903497
real,00009709_007.png,9709,,cardiomegaly_1,-4.9253216,0.0072080577,0.8111412
real,00002686_000.png,2686,,cardiomegaly_1,-0.64711,0.3436411,0.3096633
real,00025453_000.png,25453,,cardiomegaly_1,-4.9161434,0.007274036,0.76604795
real,00019716_003.png,19716,,cardiomegaly_1,4.233368,0.9857039,0.7986726
real,00003792_001.png,3792,,cardiomegaly_1,-4.286894,0.013561129,0.73472804
real,00008184_002.png,8184,,cardiomegaly_1,-5.385334,0.0045623984,0.90809816
real,00000869_006.png,869,,cardiomegaly_1,-4.998617,0.0067020506,0.78942347
real,00022574_001.png,22574,,cardiomegaly_1,-5.225277,0.0053500924,0.9098245
real,00030139_000.png,30139,,cardiomegaly_1,-4.2117977,0.014603286,0.63082683
real,00010131_005.png,10131,,cardiomegaly_1,-4.9577007,0.006980008,0.82380575
real,00018016_005.png,18016,,cardiomegaly_1,-2.058424,0.11320394,0.37657467
real,00030091_000.png,30091,,cardiomegaly_1,-5.129677,0.0058836504,0.8326503
real,00029426_000.png,29426,,cardiomegaly_1,-5.4233723,0.00439286,0.88403386
real,00012902_001.png,12902,,cardiomegaly_1,-5.180931,0.0055913306,0.8959419
real,00016865_001.png,16865,,cardiomegaly_1,-5.428337,0.0043711993,0.8856521
real,00008802_008.png,8802,,cardiomegaly_1,-5.1133995,0.005979627,0.8386121
real,00029295_000.png,29295,,cardiomegaly_1,-5.61833,0.003617565,0.91493595
real,00003689_004.png,3689,,cardiomegaly_1,-5.527729,0.003959268,0.91320884
real,00003064_042.png,3064,,cardiomegaly_1,-5.2511883,0.0052139587,0.8436005
real,00017835_006.png,17835,,cardiomegaly_1,-4.321802,0.013101996,0.71286255
real,00011690_000.png,11690,,cardiomegaly_1,-5.3572693,0.004691645,0.89922607
real,00004976_003.png,4976,,cardiomegaly_1,-4.1235027,0.015929846,0.6720129
real,00009381_000.png,9381,,cardiomegaly_1,1.8783188,0.86741793,0.38153824
real,00010600_000.png,10600,,cardiomegaly_1,-5.0552235,0.0063355463,0.8644585
real,00028889_000.png,28889,,cardiomegaly_1,-4.5682583,0.01026946,0.796036
real,00027693_000.png,27693,,cardiomegaly_1,-2.4587078,0.07880409,0.3914613
real,00003769_002.png,3769,,cardiomegaly_1,-4.0156975,0.017711038,0.7021357
real,00019303_000.png,19303,,cardiomegaly_1,-5.2016907,0.005477082,0.816103
real,00013759_000.png,13759,,cardiomegaly_1,-5.3624325,0.0046675964,0.9223027
real,00016083_003.png,16083,,cardiomegaly_1,-5.2435207,0.00525388,0.8673582
real,00006981_018.png,6981,,cardiomegaly_1,-5.266115,0.0051371055,0.8954142
real,00024924_000.png,24924,,cardiomegaly_1,-5.282612,0.00505348,0.887099
real,00005532_041.png,5532,,cardiomegaly_1,-1.2005959,0.23136923,0.19029851
real,00011149_000.png,11149,,cardiomegaly_1,-5.0409355,0.006426133,0.85768735
real,00005623_000.png,5623,,cardiomegaly_1,-5.1421223,0.0058113025,0.8652874
real,00011116_000.png,11116,,cardiomegaly_1,-5.094633,0.006092213,0.8345332
real,00028822_001.png,28822,,cardiomegaly_1,-5.0049076,0.006660304,0.8193542
real,00005410_003.png,5410,,cardiomegaly_1,-2.7721386,0.058848456,0.53761387
real,00023468_000.png,23468,,cardiomegaly_1,-5.551836,0.0038653275,0.9050744
real,00010465_005.png,10465,,cardiomegaly_1,-5.0827026,0.0061648805,0.8911338
real,00012536_004.png,12536,,cardiomegaly_1,-3.8164463,0.021532033,0.57471114
real,00012772_000.png,12772,,cardiomegaly_1,-5.226959,0.005341148,0.88326544
real,00009905_000.png,9905,,cardiomegaly_1,-2.522602,0.0742888,0.44010147
real,00014094_000.png,14094,,cardiomegaly_1,-3.7752342,0.022417644,0.60607374
real,00021346_000.png,21346,,cardiomegaly_1,-3.1290054,0.041926537,0.42564192
real,00016801_003.png,16801,,cardiomegaly_1,-3.7310257,0.023407212,0.55222756
real,00009335_000.png,9335,,cardiomegaly_1,-3.045063,0.045431096,0.5549698
real,00009932_006.png,9932,,cardiomegaly_1,-0.7902756,0.3121095,0.17752916
real,00024029_000.png,24029,,cardiomegaly_1,-5.0622406,0.0062915236,0.8417442
real,00005708_000.png,5708,,cardiomegaly_1,-5.4000473,0.0044960617,0.90421826
real,00019911_000.png,19911,,cardiomegaly_1,-4.4524117,0.0115162665,0.7697187
real,00004608_000.png,4608,,cardiomegaly_1,-4.223341,0.014438106,0.79917186
real,00010071_005.png,10071,,cardiomegaly_1,-4.1086693,0.016164055,0.74151695
real,00001548_000.png,1548,,cardiomegaly_1,-5.364523,0.004657895,0.8835959
real,00011910_012.png,11910,,cardiomegaly_1,-5.189991,0.005541181,0.8606724
real,00020811_020.png,20811,,cardiomegaly_1,-5.196678,0.0055044536,0.8634831
real,00029311_003.png,29311,,cardiomegaly_1,-5.163563,0.005688733,0.8855649
real,00003174_002.png,3174,,cardiomegaly_1,-5.501169,0.004065401,0.9200125
real,00024737_001.png,24737,,cardiomegaly_1,-5.5018826,0.004062514,0.91725624
real,00027582_002.png,27582,,cardiomegaly_1,-0.08451271,0.47888437,0.19520627
real,00003752_000.png,3752,,cardiomegaly_1,-5.370592,0.004629841,0.89756155
real,00010279_002.png,10279,,cardiomegaly_1,-0.51826096,0.37325898,0.19807541
real,00020502_001.png,20502,,cardiomegaly_1,-4.321478,0.013106188,0.74834967
real,00029742_002.png,29742,,cardiomegaly_1,-4.980564,0.006823309,0.78478354
real,00017381_000.png,17381,,cardiomegaly_1,-5.6000195,0.0036841684,0.91412973
real,00027326_000.png,27326,,cardiomegaly_1,-5.4220924,0.004398461,0.9002916
real,00011359_000.png,11359,,cardiomegaly_1,-5.355465,0.004700078,0.91405296
real,00005401_005.png,5401,,cardiomegaly_1,-4.6830673,0.009165807,0.7650427
real,00020884_000.png,20884,,cardiomegaly_1,-5.076332,0.006204034,0.915876
real,00007795_000.png,7795,,cardiomegaly_1,-4.5130615,0.010845915,0.76401466
real,00023636_000.png,23636,,cardiomegaly_1,-5.5137978,0.004014588,0.90812093
real,00019201_010.png,19201,,cardiomegaly_1,-5.6750355,0.0034188188,0.9270133
real,00014319_000.png,14319,,cardiomegaly_1,-0.87402153,0.2944182,0.20957953
real,00016498_001.png,16498,,cardiomegaly_1,-5.2917423,0.005007779,0.87823427
real,00020286_025.png,20286,,cardiomegaly_1,-3.2223034,0.03833498,0.41392586
real,00024192_000.png,24192,,cardiomegaly_1,-5.4427433,0.004308948,0.9082648
real,00013886_000.png,13886,,cardiomegaly_1,-5.0790195,0.006187487,0.81622547
real,00004490_004.png,4490,,cardiomegaly_1,-5.2233715,0.005360242,0.85400444
real,00017603_029.png,17603,,cardiomegaly_1,-4.6744175,0.009244697,0.6863288
real,00007935_000.png,7935,,cardiomegaly_1,4.354471,0.9873138,0.8953926
real,00010650_000.png,10650,,cardiomegaly_1,-4.4548225,0.011488854,0.72580826
real,00007505_000.png,7505,,cardiomegaly_1,-5.438511,0.004327144,0.89779735
real,00010286_001.png,10286,,cardiomegaly_1,-4.6937065,0.009069687,0.7617857
real,00017835_002.png,17835,,cardiomegaly_1,-5.0545406,0.006339847,0.85401773
edit,00001059_006.png,1059,0.0,cardiomegaly_1,-4.6017704,0.009934373,0.70521986
edit,00001174_000.png,1174,0.0,cardiomegaly_1,-4.821707,0.007988697,0.8220613
edit,00001470_001.png,1470,0.0,cardiomegaly_1,-2.1851902,0.10108832,0.3424509
edit,00001606_004.png,1606,0.0,cardiomegaly_1,-3.0499763,0.045218494,0.5007731
edit,00002139_000.png,2139,0.0,cardiomegaly_1,-5.411579,0.0044447402,0.89827126
edit,00002355_005.png,2355,0.0,cardiomegaly_1,-1.6388893,0.16261625,0.2857082
edit,00002492_010.png,2492,0.0,cardiomegaly_1,-5.2866592,0.005033171,0.8597978
edit,00002566_000.png,2566,0.0,cardiomegaly_1,-3.7220078,0.02361424,0.696747
edit,00003064_010.png,3064,0.0,cardiomegaly_1,-5.261404,0.0051612393,0.857104
edit,00003804_012.png,3804,0.0,cardiomegaly_1,-5.1126823,0.005983891,0.86618936
edit,00003917_000.png,3917,0.0,cardiomegaly_1,-3.635601,0.025690667,0.56332296
edit,00004057_000.png,4057,0.0,cardiomegaly_1,-5.329567,0.0048227957,0.84366995
edit,00005623_000.png,5623,0.0,cardiomegaly_1,-5.05995,0.0063058618,0.8340926
edit,00006012_000.png,6012,0.0,cardiomegaly_1,-5.147257,0.0057817125,0.87706906
edit,00006791_002.png,6791,0.0,cardiomegaly_1,-2.151558,0.10418573,0.38919997
edit,00006921_000.png,6921,0.0,cardiomegaly_1,-4.910927,0.007311802,0.7461276
edit,00006981_017.png,6981,0.0,cardiomegaly_1,-4.957361,0.006982362,0.79061234
edit,00007082_000.png,7082,0.0,cardiomegaly_1,-1.9697514,0.122415595,0.30084845
edit,00007159_000.png,7159,0.0,cardiomegaly_1,-2.6172295,0.06803776,0.41252944
edit,00007340_004.png,7340,0.0,cardiomegaly_1,-4.8563023,0.007719147,0.82989144
edit,00007589_000.png,7589,0.0,cardiomegaly_1,-5.637619,0.0035487,0.9400692
edit,00007931_000.png,7931,0.0,cardiomegaly_1,-3.33889,0.034260865,0.5832635
edit,00008142_005.png,8142,0.0,cardiomegaly_1,-5.45912,0.0042392532,0.9121906
edit,00008147_000.png,8147,0.0,cardiomegaly_1,-5.48827,0.0041179643,0.928313
edit,00008184_003.png,8184,0.0,cardiomegaly_1,-4.9469204,0.0070551285,0.8684492
edit,00008359_000.png,8359,0.0,cardiomegaly_1,-2.0034504,0.11884113,0.42333496
edit,00008386_001.png,8386,0.0,cardiomegaly_1,-5.412571,0.0044403537,0.9116503
edit,00008802_008.png,8802,0.0,cardiomegaly_1,-4.907736,0.0073349997,0.79856825
edit,00009090_001.png,9090,0.0,cardiomegaly_1,-2.1050434,0.10860759,0.41612193
edit,00009105_003.png,9105,0.0,cardiomegaly_1,-4.7111473,0.008914273,0.74210954
edit,00009306_000.png,9306,0.0,cardiomegaly_1,-5.414974,0.0044297427,0.90398103
edit,00009335_000.png,9335,0.0,cardiomegaly_1,-3.7350197,0.023316083,0.6438897
edit,00009409_002.png,9409,0.0,cardiomegaly_1,-5.3192577,0.004872529,0.9070602
edit,00009761_000.png,9761,0.0,cardiomegaly_1,0.89591026,0.71010834,0.2577034
edit,00010465_001.png,10465,0.0,cardiomegaly_1,-4.6350174,0.0096126385,0.8197466
edit,00010892_000.png,10892,0.0,cardiomegaly_1,-4.529459,0.010671402,0.8046013
edit,00010931_003.png,10931,0.0,cardiomegaly_1,-5.363592,0.004662212,0.89977926
edit,00010964_000.png,10964,0.0,cardiomegaly_1,-4.582445,0.010126262,0.8354818
edit,00011611_000.png,11611,0.0,cardiomegaly_1,-4.8529453,0.0077449023,0.785448
edit,00012129_000.png,12129,0.0,cardiomegaly_1,-5.4105625,0.0044492413,0.91541487
edit,00012400_000.png,12400,0.0,cardiomegaly_1,-5.0750523,0.006211931,0.83000594
edit,00012772_003.png,12772,0.0,cardiomegaly_1,-4.9771633,0.0068463935,0.8254793
edit,00012902_001.png,12902,0.0,cardiomegaly_1,-4.978176,0.0068395105,0.8613585
edit,00013441_000.png,13441,0.0,cardiomegaly_1,-4.0005264,0.017976915,0.6688913
edit,00013678_003.png,13678,0.0,cardiomegaly_1,-4.1417007,0.015647072,0.6011379
edit,00013759_000.png,13759,0.0,cardiomegaly_1,-5.319462,0.0048715393,0.9211356
edit,00014281_000.png,14281,0.0,cardiomegaly_1,-5.15884,0.005715508,0.8210899
edit,00014295_001.png,14295,0.0,cardiomegaly_1,-5.417301,0.0044194926,0.89785933
edit,00014387_006.png,14387,0.0,cardiomegaly_1,-1.2349606,0.2253144,0.23173347
edit,00014838_000.png,14838,0.0,cardiomegaly_1,-3.5614128,0.027614461,0.66863436
edit,00014954_000.png,14954,0.0,cardiomegaly_1,-5.045122,0.006399457,0.8676187
edit,00015056_005.png,15056,0.0,cardiomegaly_1,-1.4900303,0.18391718,0.3153641
edit,00015087_011.png,15087,0.0,cardiomegaly_1,-3.4706364,0.030159362,0.6392067
edit,00016191_019.png,16191,0.0,cardiomegaly_1,-4.799259,0.008168571,0.82076824
edit,00016245_000.png,16245,0.0,cardiomegaly_1,-5.771717,0.0031047359,0.9411204
edit,00016498_001.png,16498,0.0,cardiomegaly_1,-5.368416,0.004639881,0.88827324
edit,00016509_001.png,16509,0.0,cardiomegaly_1,-4.2701035,0.0137875825,0.65551454
edit,00016512_001.png,16512,0.0,cardiomegaly_1,-4.3175716,0.013156811,0.696536
edit,00016724_002.png,16724,0.0,cardiomegaly_1,-3.8880692,0.020073656,0.7440414
edit,00016865_000.png,16865,0.0,cardiomegaly_1,-5.326866,0.004835776,0.8705516
edit,00016907_000.png,16907,0.0,cardiomegaly_1,-5.066622,0.006264192,0.84882337
edit,00017381_000.png,17381,0.0,cardiomegaly_1,-5.5638733,0.0038192554,0.90402657
edit,00018008_000.png,18008,0.0,cardiomegaly_1,-4.7404537,0.008659048,0.7762905
edit,00018011_000.png,18011,0.0,cardiomegaly_1,-4.540104,0.010559603,0.727778
edit,00018488_002.png,18488,0.0,cardiomegaly_1,-4.863203,0.007666469,0.8461389
edit,00018616_000.png,18616,0.0,cardiomegaly_1,-2.078783,0.11117616,0.3430754
edit,00019435_003.png,19435,0.0,cardiomegaly_1,-5.6432,0.0035290197,0.92642576
edit,00019535_002.png,19535,0.0,cardiomegaly_1,-5.161524,0.0057002776,0.8139958
edit,00019544_000.png,19544,0.0,cardiomegaly_1,-4.9929924,0.0067395996,0.8355615
edit,00019911_001.png,19911,0.0,cardiomegaly_1,-5.508112,0.004037387,0.88648117
edit,00020318_024.png,20318,0.0,cardiomegaly_1,-4.5565968,0.010388668,0.8233349
edit,00020341_000.png,20341,0.0,cardiomegaly_1,-5.0623245,0.0062909992,0.8243267
edit,00020642_006.png,20642,0.0,cardiomegaly_1,-5.2142982,0.0054088333,0.86830014
edit,00020674_000.png,20674,0.0,cardiomegaly_1,-5.0101013,0.0066260304,0.8581588
edit,00020716_002.png,20716,0.0,cardiomegaly_1,-2.5102081,0.07514564,0.38555744
edit,00020802_000.png,20802,0.0,cardiomegaly_1,-5.446762,0.00429174,0.898584
edit,00021023_024.png,21023,0.0,cardiomegaly_1,-5.0151043,0.006593181,0.7955509
edit,00021569_000.png,21569,0.0,cardiomegaly_1,-5.0036488,0.006668638,0.8623646
edit,00022341_000.png,22341,0.0,cardiomegaly_1,-5.303158,0.00495122,0.87015647
edit,00022582_001.png,22582,0.0,cardiomegaly_1,-4.472,0.011295399,0.7805351
edit,00022712_000.png,22712,0.0,cardiomegaly_1,-4.8704586,0.0076114684,0.86233896
edit,00023621_000.png,23621,0.0,cardiomegaly_1,-4.7057343,0.008962223,0.8368357
edit,00023776_000.png,23776,0.0,cardiomegaly_1,-4.73999,0.008663028,0.8155895
edit,00024192_000.png,24192,0.0,cardiomegaly_1,-5.191004,0.005535603,0.86347914
edit,00024326_000.png,24326,0.0,cardiomegaly_1,-5.7045555,0.0033197005,0.9459411
edit,00024474_000.png,24474,0.0,cardiomegaly_1,-4.979973,0.0068273167,0.8623018
edit,00024583_000.png,24583,0.0,cardiomegaly_1,-5.233902,0.0053043896,0.8966093
edit,00025054_000.png,25054,0.0,cardiomegaly_1,-5.201565,0.0054777674,0.84748095
edit,00026354_001.png,26354,0.0,cardiomegaly_1,-2.566719,0.07131128,0.33420226
edit,00026807_000.png,26807,0.0,cardiomegaly_1,-5.2015076,0.0054780794,0.88275224
edit,00027305_000.png,27305,0.0,cardiomegaly_1,-4.88883,0.007473945,0.8342181
edit,00028027_005.png,28027,0.0,cardiomegaly_1,-3.3219013,0.03482744,0.5113826
edit,00028053_000.png,28053,0.0,cardiomegaly_1,-5.392145,0.004531569,0.9073086
edit,00028457_000.png,28457,0.0,cardiomegaly_1,-2.7611065,0.059462447,0.47141752
edit,00028962_000.png,28962,0.0,cardiomegaly_1,-5.2488747,0.0052259727,0.8674148
edit,00029393_000.png,29393,0.0,cardiomegaly_1,-1.8526688,0.13555986,0.19892499
edit,00029569_000.png,29569,0.0,cardiomegaly_1,-2.7003918,0.06295024,0.5184482
edit,00029648_000.png,29648,0.0,cardiomegaly_1,-5.1620426,0.005697338,0.85945594
edit,00030332_000.png,30332,0.0,cardiomegaly_1,-5.3007107,0.004963291,0.85713416
edit,00030805_000.png,30805,0.0,cardiomegaly_1,-4.9181004,0.0072599184,0.8690809
edit,00001059_006.png,1059,0.06,cardiomegaly_1,-3.404913,0.032142274,0.5462531
edit,00001174_000.png,1174,0.06,cardiomegaly_1,-4.702137,0.008994231,0.8029491
edit,00001470_001.png,1470,0.06,cardiomegaly_1,-1.1135883,0.24720253,0.21323207
edit,00001606_004.png,1606,0.06,cardiomegaly_1,-0.37165833,0.4081404,0.22648314
edit,00002139_000.png,2139,0.06,cardiomegaly_1,-5.0809746,0.0061754766,0.8445266
edit,00002355_005.png,2355,0.06,cardiomegaly_1,2.1549702,0.89613235,0.64576924
edit,00002492_010.png,2492,0.06,cardiomegaly_1,-5.07679,0.0062012128,0.83294725
edit,00002566_000.png,2566,0.06,cardiomegaly_1,-1.5252323,0.17869233,0.30155912
edit,00003064_010.png,3064,0.06,cardiomegaly_1,-5.0552216,0.0063355584,0.8323305
edit,00003804_012.png,3804,0.06,cardiomegaly_1,-4.893688,0.0074379947,0.8286378
edit,00003917_000.png,3917,0.06,cardiomegaly_1,-2.6979847,0.06309237,0.33657998
edit,00004057_000.png,4057,0.06,cardiomegaly_1,-5.310354,0.0049158907,0.83856875
edit,00005623_000.png,5623,0.06,cardiomegaly_1,-4.976225,0.0068527777,0.8355097
edit,00006012_000.png,6012,0.06,cardiomegaly_1,-4.5525627,0.010430222,0.79407984
edit,00006791_002.png,6791,0.06,cardiomegaly_1,-0.9571438,0.2774504,0.27341217
edit,00006921_000.png,6921,0.06,cardiomegaly_1,-4.9006824,0.007386536,0.7600518
edit,00006981_017.png,6981,0.06,cardiomegaly_1,-4.939543,0.0071069994,0.7881399
edit,00007082_000.png,7082,0.06,cardiomegaly_1,-1.1018391,0.24939546,0.23516296
edit,00007159_000.png,7159,0.06,cardiomegaly_1,-0.95425797,0.27802932,0.22088589
edit,00007340_004.png,7340,0.06,cardiomegaly_1,-4.2684975,0.013809436,0.73035437
edit,00007589_000.png,7589,0.06,cardiomegaly_1,-5.5958004,0.0036996873,0.93267643
edit,00007931_000.png,7931,0.06,cardiomegaly_1,-1.6592731,0.1598596,0.30040136
edit,00008142_005.png,8142,0.06,cardiomegaly_1,-5.3912697,0.00453552,0.9021296
edit,00008147_000.png,8147,0.06,cardiomegaly_1,-5.497488,0.004080333,0.92846304
edit,00008184_003.png,8184,0.06,cardiomegaly_1,-4.0196934,0.017641654,0.7329701
edit,00008359_000.png,8359,0.06,cardiomegaly_1,-1.3053951,0.21325843,0.2801942
edit,00008386_001.png,8386,0.06,cardiomegaly_1,-5.320568,0.0048661795,0.900981
edit,00008802_008.png,8802,0.06,cardiomegaly_1,-4.8163567,0.008031208,0.7841159
edit,00009090_001.png,9090,0.06,cardiomegaly_1,5.14431,0.99420124,0.9585001
edit,00009105_003.png,9105,0.06,cardiomegaly_1,-4.022278,0.01759692,0.65828925
edit,00009306_000.png,9306,0.06,cardiomegaly_1,-5.3856964,0.004560753,0.8972815
edit,00009335_000.png,9335,0.06,cardiomegaly_1,-2.4304523,0.08087984,0.3386104
edit,00009409_002.png,9409,0.06,cardiomegaly_1,-4.9119377,0.0073044677,0.8594394
edit,00009761_000.png,9761,0.06,cardiomegaly_1,2.3244572,0.9108825,0.58105814
edit,00010465_001.png,10465,0.06,cardiomegaly_1,-3.4225044,0.0315995,0.514588
edit,00010892_000.png,10892,0.06,cardiomegaly_1,-4.2371025,0.014243586,0.7627144
edit,00010931_003.png,10931,0.06,cardiomegaly_1,-5.112278,0.005986297,0.87515205
edit,00010964_000.png,10964,0.06,cardiomegaly_1,-2.6887665,0.063639484,0.5386967
edit,00011611_000.png,11611,0.06,cardiomegaly_1,-4.722372,0.008815649,0.74250484
edit,00012129_000.png,12129,0.06,cardiomegaly_1,-5.4573956,0.004246538,0.9063681
edit,00012400_000.png,12400,0.06,cardiomegaly_1,-4.1198597,0.015987054,0.6734826
edit,00012772_003.png,12772,0.06,cardiomegaly_1,-4.8953857,0.007425472,0.80223984
edit,00012902_001.png,12902,0.06,cardiomegaly_1,-4.718624,0.0088484585,0.82904154
edit,00013441_000.png,13441,0.06,cardiomegaly_1,-3.5415897,0.028151762,0.58481264
edit,00013678_003.png,13678,0.06,cardiomegaly_1,-2.9121857,0.051554456,0.34109214
edit,00013759_000.png,13759,0.06,cardiomegaly_1,-5.363653,0.004661929,0.92110187
edit,00014281_000.png,14281,0.06,cardiomegaly_1,-5.105047,0.0060294773,0.82410944
edit,00014295_001.png,14295,0.06,cardiomegaly_1,-5.2680492,0.00512723,0.8951284
edit,00014387_006.png,14387,0.06,cardiomegaly_1,-0.8185444,0.30607274,0.23429652
edit,00014838_000.png,14838,0.06,cardiomegaly_1,-1.8334923,0.13782276,0.39565563
edit,00014954_000.png,14954,0.06,cardiomegaly_1,-5.091654,0.006110279,0.8670283
edit,00015056_005.png,15056,0.06,cardiomegaly_1,0.88285255,0.707413,0.34847236
edit,00015087_011.png,15087,0.06,cardiomegaly_1,-1.6180382,0.1654756,0.32516322
edit,00016191_019.png,16191,0.06,cardiomegaly_1,-4.5735645,0.010215668,0.77629715
edit,00016245_000.png,16245,0.06,cardiomegaly_1,-5.763708,0.0031296236,0.93430626
edit,00016498_001.png,16498,0.06,cardiomegaly_1,-5.2812233,0.0050604665,0.8854711
edit,00016509_001.png,16509,0.06,cardiomegaly_1,-0.54338074,0.3674015,0.1575727
edit,00016512_001.png,16512,0.06,cardiomegaly_1,-3.2436981,0.037554,0.4661645
edit,00016724_002.png,16724,0.06,cardiomegaly_1,-2.351469,0.08694907,0.42697197
edit,00016865_000.png,16865,0.06,cardiomegaly_1,-3.2516499,0.037267648,0.62320113
edit,00016907_000.png,16907,0.06,cardiomegaly_1,-5.0586147,0.006314233,0.830919
edit,00017381_000.png,17381,0.06,cardiomegaly_1,-5.416046,0.0044250176,0.8922003
edit,00018008_000.png,18008,0.06,cardiomegaly_1,-4.6888103,0.009113796,0.74796873
edit,00018011_000.png,18011,0.06,cardiomegaly_1,-2.2635212,0.09418952,0.3448844
edit,00018488_002.png,18488,0.06,cardiomegaly_1,-4.668844,0.009295884,0.81025374
edit,00018616_000.png,18616,0.06,cardiomegaly_1,-1.6143379,0.16598722,0.30659008
edit,00019435_003.png,19435,0.06,cardiomegaly_1,-5.5860195,0.0037359153,0.92650986
edit,00019535_002.png,19535,0.06,cardiomegaly_1,-5.056885,0.006325097,0.8091861
edit,00019544_000.png,19544,0.06,cardiomegaly_1,-3.5423508,0.028130947,0.64874244
edit,00019911_001.png,19911,0.06,cardiomegaly_1,-5.4014854,0.004489629,0.8737696
edit,00020318_024.png,20318,0.06,cardiomegaly_1,-4.505102,0.01093164,0.8116138
edit,00020341_000.png,20341,0.06,cardiomegaly_1,-4.8925915,0.007446096,0.8007159
edit,00020642_006.png,20642,0.06,cardiomegaly_1,-4.591963,0.010031303,0.79181045
edit,00020674_000.png,20674,0.06,cardiomegaly_1,-4.9564533,0.0069886595,0.82152385
edit,00020716_002.png,20716,0.06,cardiomegaly_1,-0.8505211,0.29932356,0.17486843
edit,00020802_000.png,20802,0.06,cardiomegaly_1,-5.442892,0.004308309,0.8954542
edit,00021023_024.png,21023,0.06,cardiomegaly_1,-4.9658146,0.0069239927,0.79023457
edit,00021569_000.png,21569,0.06,cardiomegaly_1,-4.7125244,0.008902115,0.8166264
edit,00022341_000.png,22341,0.06,cardiomegaly_1,-5.2163773,0.0053976607,0.8662655
edit,00022582_001.png,22582,0.06,cardiomegaly_1,-3.5539207,0.027816352,0.6358781
edit,00022712_000.png,22712,0.06,cardiomegaly_1,-4.621256,0.00974454,0.8321059
edit,00023621_000.png,23621,0.06,cardiomegaly_1,-3.1906624,0.03951863,0.57461447
edit,00023776_000.png,23776,0.06,cardiomegaly_1,-4.744911,0.008620868,0.8116679
edit,00024192_000.png,24192,0.06,cardiomegaly_1,-4.8911743,0.0074565765,0.81958246
edit,00024326_000.png,24326,0.06,cardiomegaly_1,-5.690407,0.0033668443,0.9456209
edit,00024474_000.png,24474,0.06,cardiomegaly_1,-4.731697,0.00873454,0.8505753
edit,00024583_000.png,24583,0.06,cardiomegaly_1,-5.288845,0.005022236,0.89716214
edit,00025054_000.png,25054,0.06,cardiomegaly_1,-4.8946133,0.007431168,0.83147717
edit,00026354_001.png,26354,0.06,cardiomegaly_1,-0.6240978,0.34885004,0.14850356
edit,00026807_000.png,26807,0.06,cardiomegaly_1,-5.3116665,0.004909476,0.8948393
edit,00027305_000.png,27305,0.06,cardiomegaly_1,-4.9098206,0.007319836,0.85050017
edit,00028027_005.png,28027,0.06,cardiomegaly_1,-2.7280655,0.061337445,0.39491868
edit,00028053_000.png,28053,0.06,cardiomegaly_1,-5.4680805,0.004201595,0.91712224
edit,00028457_000.png,28457,0.06,cardiomegaly_1,1.9345531,0.87375253,0.49829337
edit,00028962_000.png,28962,0.06,cardiomegaly_1,-5.21649,0.0053970567,0.8414623
edit,00029393_000.png,29393,0.06,cardiomegaly_1,0.3183174,0.5789141,0.14595574
edit,00029569_000.png,29569,0.06,cardiomegaly_1,-0.90097046,0.2888511,0.20179176
edit,00029648_000.png,29648,0.06,cardiomegaly_1,-3.5205784,0.02873235,0.62071747
edit,00030332_000.png,30332,0.06,cardiomegaly_1,-5.0868645,0.006139433,0.84092516
edit,00030805_000.png,30805,0.06,cardiomegaly_1,-3.912447,0.019599695,0.6928808
edit,00001059_006.png,1059,0.12,cardiomegaly_1,-1.7996979,0.14188784,0.269984
edit,00001174_000.png,1174,0.12,cardiomegaly_1,-2.8720493,0.053552687,0.52752274
edit,00001470_001.png,1470,0.12,cardiomegaly_1,-0.7843876,0.31337503,0.20884468
edit,00001606_004.png,1606,0.12,cardiomegaly_1,4.3110886,0.98675877,0.9078696
edit,00002139_000.png,2139,0.12,cardiomegaly_1,-2.4912376,0.07647474,0.43914974
edit,00002355_005.png,2355,0.12,cardiomegaly_1,4.3320427,0.98702973,0.93323207
edit,00002492_010.png,2492,0.12,cardiomegaly_1,-4.2822247,0.013623733,0.7035099
edit,00002566_000.png,2566,0.12,cardiomegaly_1,4.6294136,0.99033386,0.94099534
edit,00003064_010.png,3064,0.12,cardiomegaly_1,-2.9359875,0.050402977,0.4398657
edit,00003804_012.png,3804,0.12,cardiomegaly_1,-4.7264156,0.008780387,0.81046015
edit,00003917_000.png,3917,0.12,cardiomegaly_1,-1.3722134,0.20226248,0.16348359
edit,00004057_000.png,4057,0.12,cardiomegaly_1,-5.255356,0.005192387,0.8425232
edit,00005623_000.png,5623,0.12,cardiomegaly_1,-5.01153,0.006616634,0.8500561
edit,00006012_000.png,6012,0.12,cardiomegaly_1,-2.407318,0.08261635,0.40507624
edit,00006791_002.png,6791,0.12,cardiomegaly_1,3.834776,0.9788507,0.87740654
edit,00006921_000.png,6921,0.12,cardiomegaly_1,-4.8740425,0.007584445,0.74487704
edit,00006981_017.png,6981,0.12,cardiomegaly_1,-4.874523,0.007580828,0.8034876
edit,00007082_000.png,7082,0.12,cardiomegaly_1,2.3367786,0.9118776,0.52045155
edit,00007159_000.png,7159,0.12,cardiomegaly_1,3.4924316,0.9704717,0.8352339
edit,00007340_004.png,7340,0.12,cardiomegaly_1,-2.9406319,0.050181147,0.5209494
edit,00007589_000.png,7589,0.12,cardiomegaly_1,-5.4418736,0.004312681,0.9159032
edit,00007931_000.png,7931,0.12,cardiomegaly_1,-0.012069702,0.49698266,0.21704137
edit,00008142_005.png,8142,0.12,cardiomegaly_1,-5.437277,0.004332464,0.9029305
edit,00008147_000.png,8147,0.12,cardiomegaly_1,-5.402975,0.004482976,0.9202658
edit,00008184_003.png,8184,0.12,cardiomegaly_1,-3.5956097,0.026710894,0.67894024
edit,00008359_000.png,8359,0.12,cardiomegaly_1,3.4343586,0.9687612,0.72826827
edit,00008386_001.png,8386,0.12,cardiomegaly_1,-5.0550194,0.0063368315,0.881662
edit,00008802_008.png,8802,0.12,cardiomegaly_1,-3.066,0.044531714,0.516792
edit,00009090_001.png,9090,0.12,cardiomegaly_1,6.294136,0.99815625,0.98202986
edit,00009105_003.png,9105,0.12,cardiomegaly_1,-1.508131,0.18121593,0.33837453
edit,00009306_000.png,9306,0.12,cardiomegaly_1,-4.7476788,0.008597247,0.82904387
edit,00009335_000.png,9335,0.12,cardiomegaly_1,2.6243763,0.932414,0.61750495
edit,00009409_002.png,9409,0.12,cardiomegaly_1,-3.3236523,0.03476863,0.5808274
edit,00009761_000.png,9761,0.12,cardiomegaly_1,4.440609,0.9883486,0.92414975
edit,00010465_001.png,10465,0.12,cardiomegaly_1,-0.7672138,0.31708214,0.20295437
edit,00010892_000.png,10892,0.12,cardiomegaly_1,-3.778576,0.022344526,0.6364279
edit,00010931_003.png,10931,0.12,cardiomegaly_1,-3.8051739,0.02177081,0.6532934
edit,00010964_000.png,10964,0.12,cardiomegaly_1,-0.5960922,0.35523823,0.2343986
edit,00011611_000.png,11611,0.12,cardiomegaly_1,-4.1699524,0.015217834,0.66178215
edit,00012129_000.png,12129,0.12,cardiomegaly_1,-4.2227306,0.014446792,0.78148746
edit,00012400_000.png,12400,0.12,cardiomegaly_1,1.6566868,0.8397927,0.3220393
edit,00012772_003.png,12772,0.12,cardiomegaly_1,-4.8323364,0.007904898,0.78273606
edit,00012902_001.png,12902,0.12,cardiomegaly_1,-3.2644672,0.036810495,0.49092734
edit,00013441_000.png,13441,0.12,cardiomegaly_1,-1.3970737,0.19828087,0.20667857
edit,00013678_003.png,13678,0.12,cardiomegaly_1,1.0808697,0.74665856,0.34482425
edit,00013759_000.png,13759,0.12,cardiomegaly_1,-5.379364,0.0045895916,0.9124489
edit,00014281_000.png,14281,0.12,cardiomegaly_1,-4.905594,0.007350612,0.7647688
edit,00014295_001.png,14295,0.12,cardiomegaly_1,-5.3070908,0.0049318806,0.88321453
edit,00014387_006.png,14387,0.12,cardiomegaly_1,-0.9495239,0.27898055,0.25110757
edit,00014838_000.png,14838,0.12,cardiomegaly_1,1.7001553,0.84555507,0.43905684
edit,00014954_000.png,14954,0.12,cardiomegaly_1,-4.977022,0.0068473537,0.84962916
edit,00015056_005.png,15056,0.12,cardiomegaly_1,3.5828686,0.97295594,0.8520925
edit,00015087_011.png,15087,0.12,cardiomegaly_1,2.0233727,0.8832293,0.56433076
edit,00016191_019.png,16191,0.12,cardiomegaly_1,-2.8864536,0.052827287,0.520852
edit,00016245_000.png,16245,0.12,cardiomegaly_1,-5.7264175,0.0032481458,0.9268289
edit,00016498_001.png,16498,0.12,cardiomegaly_1,-4.9614735,0.006953907,0.8420593
edit,00016509_001.png,16509,0.12,cardiomegaly_1,2.908926,0.9482859,0.6120494
edit,00016512_001.png,16512,0.12,cardiomegaly_1,-1.0195827,0.2651087,0.14333658
edit,00016724_002.png,16724,0.12,cardiomegaly_1,-0.48280716,0.38158947,0.19981602
edit,00016865_000.png,16865,0.12,cardiomegaly_1,-1.1478443,0.24088305,0.27359432
edit,00016907_000.png,16907,0.12,cardiomegaly_1,-5.0712547,0.006235418,0.82645994
edit,00017381_000.png,17381,0.12,cardiomegaly_1,-5.1328163,0.0058653164,0.85166574
edit,00018008_000.png,18008,0.12,cardiomegaly_1,-4.665304,0.009328541,0.7542748
edit,00018011_000.png,18011,0.12,cardiomegaly_1,1.5471325,0.8244992,0.31712505
edit,00018488_002.png,18488,0.12,cardiomegaly_1,-4.482065,0.011183545,0.8015868
edit,00018616_000.png,18616,0.12,cardiomegaly_1,1.7165508,0.847684,0.51159215
edit,00019435_003.png,19435,0.12,cardiomegaly_1,-5.60767,0.0036561934,0.92693925
edit,00019535_002.png,19535,0.12,cardiomegaly_1,-4.4964104,0.011026017,0.7035075
edit,00019544_000.png,19544,0.12,cardiomegaly_1,-0.86943245,0.2953724,0.23051015
edit,00019911_001.png,19911,0.12,cardiomegaly_1,-4.4844437,0.011157273,0.7642652
edit,00020318_024.png,20318,0.12,cardiomegaly_1,-4.3315506,0.01297654,0.7881718
edit,00020341_000.png,20341,0.12,cardiomegaly_1,-4.9008827,0.0073850676,0.8016137
edit,00020642_006.png,20642,0.12,cardiomegaly_1,-3.3017082,0.035512634,0.6377195
edit,00020674_000.png,20674,0.12,cardiomegaly_1,-4.7540226,0.008543345,0.7870943
edit,00020716_002.png,20716,0.12,cardiomegaly_1,2.477932,0.92258024,0.5816643
edit,00020802_000.png,20802,0.12,cardiomegaly_1,-5.405216,0.004472985,0.8919942
edit,00021023_024.png,21023,0.12,cardiomegaly_1,-4.8726997,0.007594558,0.74761295
edit,00021569_000.png,21569,0.12,cardiomegaly_1,-4.017376,0.017681861,0.71084255
edit,00022341_000.png,22341,0.12,cardiomegaly_1,-4.8797073,0.0075419247,0.7981743
edit,00022582_001.png,22582,0.12,cardiomegaly_1,-0.44930077,0.38952702,0.20507535
edit,00022712_000.png,22712,0.12,cardiomegaly_1,-2.9832,0.048190635,0.5540617
edit,00023621_000.png,23621,0.12,cardiomegaly_1,2.9202137,0.9488367,0.65107703
edit,00023776_000.png,23776,0.12,cardiomegaly_1,-4.442377,0.0116310585,0.76185155
edit,00024192_000.png,24192,0.12,cardiomegaly_1,-2.8539734,0.05447629,0.5179221
edit,00024326_000.png,24326,0.12,cardiomegaly_1,-5.667322,0.0034452,0.9448634
edit,00024474_000.png,24474,0.12,cardiomegaly_1,-3.9632263,0.018647376,0.7174082
edit,00024583_000.png,24583,0.12,cardiomegaly_1,-5.2286263,0.005332299,0.90508133
edit,00025054_000.png,25054,0.12,cardiomegaly_1,-3.7621517,0.022706145,0.59695965
edit,00026354_001.png,26354,0.12,cardiomegaly_1,4.042906,0.98275614,0.85374016
edit,00026807_000.png,26807,0.12,cardiomegaly_1,-5.205576,0.0054559587,0.88297063
edit,00027305_000.png,27305,0.12,cardiomegaly_1,-4.7530766,0.008551362,0.8164935
edit,00028027_005.png,28027,0.12,cardiomegaly_1,-2.6589756,0.06543795,0.37077457
edit,00028053_000.png,28053,0.12,cardiomegaly_1,-5.1978645,0.005497963,0.8838481
edit,00028457_000.png,28457,0.12,cardiomegaly_1,4.5635586,0.9896827,0.9312702
edit,00028962_000.png,28962,0.12,cardiomegaly_1,-4.633318,0.009628831,0.78522044
edit,00029393_000.png,29393,0.12,cardiomegaly_1,2.6377983,0.93325496,0.48383635
edit,00029569_000.png,29569,0.12,cardiomegaly_1,3.1114902,0.9573642,0.7488432
edit,00029648_000.png,29648,0.12,cardiomegaly_1,-1.2629642,0.22046405,0.26346377
edit,00030332_000.png,30332,0.12,cardiomegaly_1,-4.636137,0.009601986,0.7648281
edit,00030805_000.png,30805,0.12,cardiomegaly_1,-1.3945007,0.1986902,0.20836067
edit,00001059_006.png,1059,0.18,cardiomegaly_1,-0.95378304,0.27812466,0.19557731
edit,00001174_000.png,1174,0.18,cardiomegaly_1,-0.81856155,0.30606908,0.22586696
edit,00001470_001.png,1470,0.18,cardiomegaly_1,0.13810539,0.5344716,0.21413869
edit,00001606_004.png,1606,0.18,cardiomegaly_1,5.253559,0.9947983,0.94575053
edit,00002139_000.png,2139,0.18,cardiomegaly_1,1.4237175,0.80592054,0.39645892
edit,00002355_005.png,2355,0.18,cardiomegaly_1,5.546036,0.9961123,0.9654898
edit,00002492_010.png,2492,0.18,cardiomegaly_1,-1.5396423,0.17658727,0.3044241
edit,00002566_000.png,2566,0.18,cardiomegaly_1,5.48703,0.9958769,0.9697878
edit,00003064_010.png,3064,0.18,cardiomegaly_1,0.2734089,0.56792957,0.23809205
edit,00003804_012.png,3804,0.18,cardiomegaly_1,-3.5151424,0.02888444,0.56374717
edit,00003917_000.png,3917,0.18,cardiomegaly_1,2.0703888,0.8879916,0.36409518
edit,00004057_000.png,4057,0.18,cardiomegaly_1,-5.133318,0.0058623925,0.82129216
edit,00005623_000.png,5623,0.18,cardiomegaly_1,-4.729349,0.008754892,0.7786146
edit,00006012_000.png,6012,0.18,cardiomegaly_1,-1.2055378,0.23049155,0.23907293
edit,00006791_002.png,6791,0.18,cardiomegaly_1,5.453371,0.99573636,0.96566665
edit,00006921_000.png,6921,0.18,cardiomegaly_1,-4.64884,0.009481932,0.7022284
edit,00006981_017.png,6981,0.18,cardiomegaly_1,-4.7102604,0.008922112,0.73718596
edit,00007082_000.png,7082,0.18,cardiomegaly_1,5.0550003,0.9936631,0.9423088
edit,00007159_000.png,7159,0.18,cardiomegaly_1,5.5145054,0.9959882,0.9652153
edit,00007340_004.png,7340,0.18,cardiomegaly_1,-0.593071,0.35593054,0.2539041
edit,00007589_000.png,7589,0.18,cardiomegaly_1,-3.1794014,0.03994829,0.6045144
edit,00007931_000.png,7931,0.18,cardiomegaly_1,4.0586224,0.9830205,0.9079429
edit,00008142_005.png,8142,0.18,cardiomegaly_1,-5.3445396,0.0047514644,0.9013621
edit,00008147_000.png,8147,0.18,cardiomegaly_1,-5.2196484,0.0053801285,0.9006518
edit,00008184_003.png,8184,0.18,cardiomegaly_1,0.89631844,0.7101923,0.3645685
edit,00008359_000.png,8359,0.18,cardiomegaly_1,4.796129,0.99180603,0.92912257
edit,00008386_001.png,8386,0.18,cardiomegaly_1,-4.0171013,0.01768663,0.7507934
edit,00008802_008.png,8802,0.18,cardiomegaly_1,1.2404022,0.775634,0.24553733
edit,00009090_001.png,9090,0.18,cardiomegaly_1,6.708866,0.9987815,0.98730487
edit,00009105_003.png,9105,0.18,cardiomegaly_1,0.99010277,0.7291082,0.2961299
edit,00009306_000.png,9306,0.18,cardiomegaly_1,-0.7917328,0.31179672,0.23988876
edit,00009335_000.png,9335,0.18,cardiomegaly_1,4.866556,0.992359,0.9227341
edit,00009409_002.png,9409,0.18,cardiomegaly_1,-1.1667023,0.23745158,0.19821073
edit,00009761_000.png,9761,0.18,cardiomegaly_1,5.030548,0.99350727,0.9566101
edit,00010465_001.png,10465,0.18,cardiomegaly_1,3.4065628,0.96790904,0.74177045
edit,00010892_000.png,10892,0.18,cardiomegaly_1,-1.8667374,0.13391969,0.26545554
edit,00010931_003.png,10931,0.18,cardiomegaly_1,0.7365322,0.67623705,0.20921934
edit,00010964_000.png,10964,0.18,cardiomegaly_1,3.840168,0.9789621,0.87641436
edit,00011611_000.png,11611,0.18,cardiomegaly_1,-2.5534077,0.07219789,0.33785176
edit,00012129_000.png,12129,0.18,cardiomegaly_1,-2.0170937,0.11741985,0.34481207
edit,00012400_000.png,12400,0.18,cardiomegaly_1,4.487381,0.98887515,0.87280226
edit,00012772_003.png,12772,0.18,cardiomegaly_1,-4.4186935,0.0119064925,0.7249851
edit,00012902_001.png,12902,0.18,cardiomegaly_1,-1.9382534,0.12583986,0.28367797
edit,00013441_000.png,13441,0.18,cardiomegaly_1,4.566469,0.98971236,0.8592282
edit,00013678_003.png,13678,0.18,cardiomegaly_1,4.5455036,0.98949665,0.9160695
edit,00013759_000.png,13759,0.18,cardiomegaly_1,-4.928665,0.0071841697,0.89221424
edit,00014281_000.png,14281,0.18,cardiomegaly_1,-3.8323498,0.02119951,0.5723049
edit,00014295_001.png,14295,0.18,cardiomegaly_1,-5.27668,0.005083393,0.88372934
edit,00014387_006.png,14387,0.18,cardiomegaly_1,0.77705,0.685044,0.32474682
edit,00014838_000.png,14838,0.18,cardiomegaly_1,4.067894,0.9831745,0.88691497
edit,00014954_000.png,14954,0.18,cardiomegaly_1,-4.9135437,0.0072928322,0.83414656
edit,00015056_005.png,15056,0.18,cardiomegaly_1,5.233364,0.99469274,0.95941234
edit,00015087_011.png,15087,0.18,cardiomegaly_1,3.1347027,0.9583017,0.8026563
edit,00016191_019.png,16191,0.18,cardiomegaly_1,-1.2197132,0.22798692,0.3120438
edit,00016245_000.png,16245,0.18,cardiomegaly_1,-5.489912,0.004111235,0.8977905
edit,00016498_001.png,16498,0.18,cardiomegaly_1,-3.434454,0.031235872,0.57766396
edit,00016509_001.png,16509,0.18,cardiomegaly_1,5.7809925,0.99692386,0.9602203
edit,00016512_001.png,16512,0.18,cardiomegaly_1,2.7096672,0.93759465,0.50714165
edit,00016724_002.png,16724,0.18,cardiomegaly_1,2.2979126,0.908704,0.5853677
edit,00016865_000.png,16865,0.18,cardiomegaly_1,2.668684,0.93515325,0.7093697
edit,00016907_000.png,16907,0.18,cardiomegaly_1,-5.0672245,0.006260441,0.8265361
edit,00017381_000.png,17381,0.18,cardiomegaly_1,-2.4725895,0.07780224,0.30670017
edit,00018008_000.png,18008,0.18,cardiomegaly_1,-4.426075,0.011819963,0.6825292
edit,00018011_000.png,18011,0.18,cardiomegaly_1,3.8922386,0.98000824,0.74190366
edit,00018488_002.png,18488,0.18,cardiomegaly_1,-4.1322117,0.015793897,0.7648876
edit,00018616_000.png,18616,0.18,cardiomegaly_1,3.6698933,0.97515386,0.8634319
edit,00019435_003.png,19435,0.18,cardiomegaly_1,-4.2079678,0.014658502,0.78967357
edit,00019535_002.png,19535,0.18,cardiomegaly_1,-2.537672,0.07325907,0.31699023
edit,00019544_000.png,19544,0.18,cardiomegaly_1,1.591959,0.83089155,0.3559277
edit,00019911_001.png,19911,0.18,cardiomegaly_1,-3.5332165,0.028381756,0.6076467
edit,00020318_024.png,20318,0.18,cardiomegaly_1,-0.42055893,0.39638302,0.29023066
edit,00020341_000.png,20341,0.18,cardiomegaly_1,-4.9005985,0.0073871515,0.8014197
edit,00020642_006.png,20642,0.18,cardiomegaly_1,0.17344093,0.5432519,0.19658123
edit,00020674_000.png,20674,0.18,cardiomegaly_1,-2.985447,0.04808768,0.445429
edit,00020716_002.png,20716,0.18,cardiomegaly_1,5.18009,0.99440396,0.9486811
edit,00020802_000.png,20802,0.18,cardiomegaly_1,-5.3297615,0.0048218626,0.8769857
edit,00021023_024.png,21023,0.18,cardiomegaly_1,-4.5954037,0.009997191,0.65254277
edit,00021569_000.png,21569,0.18,cardiomegaly_1,-0.05711174,0.48572597,0.17744611
edit,00022341_000.png,22341,0.18,cardiomegaly_1,-2.3125668,0.090087526,0.36111045
edit,00022582_001.png,22582,0.18,cardiomegaly_1,2.242281,0.90398264,0.4936907
edit,00022712_000.png,22712,0.18,cardiomegaly_1,0.23113441,0.5575277,0.24164434
edit,00023621_000.png,23621,0.18,cardiomegaly_1,5.082836,0.99383587,0.93399096
edit,00023776_000.png,23776,0.18,cardiomegaly_1,-2.2839622,0.09245993,0.3614308
edit,00024192_000.png,24192,0.18,cardiomegaly_1,0.08075905,0.5201788,0.2271427
edit,00024326_000.png,24326,0.18,cardiomegaly_1,-5.4766235,0.004166003,0.9329776
edit,00024474_000.png,24474,0.18,cardiomegaly_1,-2.9757996,0.048531223,0.5564008
edit,00024583_000.png,24583,0.18,cardiomegaly_1,-5.203066,0.005469596,0.8970391
edit,00025054_000.png,25054,0.18,cardiomegaly_1,-1.0305462,0.26297823,0.20274624
edit,00026354_001.png,26354,0.18,cardiomegaly_1,5.6773148,0.99658895,0.94787776
edit,00026807_000.png,26807,0.18,cardiomegaly_1,-5.2197304,0.00537969,0.8834531
edit,00027305_000.png,27305,0.18,cardiomegaly_1,-3.1697369,0.040320598,0.5810672
edit,00028027_005.png,28027,0.18,cardiomegaly_1,-2.2913914,0.09183844,0.34638774
edit,00028053_000.png,28053,0.18,cardiomegaly_1,-4.4505787,0.011537151,0.7801738
edit,00028457_000.png,28457,0.18,cardiomegaly_1,5.687248,0.99662256,0.97139955
edit,00028962_000.png,28962,0.18,cardiomegaly_1,-1.8448448,0.1364793,0.3792278
edit,00029393_000.png,29393,0.18,cardiomegaly_1,4.3559246,0.9873319,0.84573406
edit,00029569_000.png,29569,0.18,cardiomegaly_1,5.333458,0.9951958,0.94514585
edit,00029648_000.png,29648,0.18,cardiomegaly_1,3.834402,0.978843,0.84679794
edit,00030332_000.png,30332,0.18,cardiomegaly_1,-3.7844944,0.022215601,0.6080096
edit,00030805_000.png,30805,0.18,cardiomegaly_1,2.4524822,0.9207428,0.4512983
edit,00001059_006.png,1059,0.24,cardiomegaly_1,3.9813786,0.9816819,0.9085282
edit,00001174_000.png,1174,0.24,cardiomegaly_1,2.3564377,0.9134446,0.502999
edit,00001470_001.png,1470,0.24,cardiomegaly_1,1.0526142,0.74127656,0.34986487
edit,00001606_004.png,1606,0.24,cardiomegaly_1,5.8624077,0.9971637,0.9616222
edit,00002139_000.png,2139,0.24,cardiomegaly_1,4.293047,0.986521,0.88211596
edit,00002355_005.png,2355,0.24,cardiomegaly_1,6.280262,0.9981306,0.9789067
edit,00002492_010.png,2492,0.24,cardiomegaly_1,0.38103294,0.5941222,0.23356652
edit,00002566_000.png,2566,0.24,cardiomegaly_1,5.917818,0.9973162,0.97300005
edit,00003064_010.png,3064,0.24,cardiomegaly_1,3.4431515,0.9690262,0.82790786
edit,00003804_012.png,3804,0.24,cardiomegaly_1,-2.614315,0.0682228,0.4112541
edit,00003917_000.png,3917,0.24,cardiomegaly_1,4.840164,0.99215627,0.89828056
edit,00004057_000.png,4057,0.24,cardiomegaly_1,-5.1640396,0.0056860363,0.81062645
edit,00005623_000.png,5623,0.24,cardiomegaly_1,-4.464964,0.011374249,0.7342608
edit,00006012_000.png,6012,0.24,cardiomegaly_1,2.477663,0.922561,0.6540901
edit,00006791_002.png,6791,0.24,cardiomegaly_1,6.0859795,0.9977307,0.97845656
edit,00006921_000.png,6921,0.24,cardiomegaly_1,-4.1066456,0.016196268,0.62318987
edit,00006981_017.png,6981,0.24,cardiomegaly_1,-4.1201687,0.015982196,0.6845123
edit,00007082_000.png,7082,0.24,cardiomegaly_1,6.3526173,0.9982609,0.9795534
edit,00007159_000.png,7159,0.24,cardiomegaly_1,6.114773,0.99779487,0.97639203
edit,00007340_004.png,7340,0.24,cardiomegaly_1,0.7949848,0.68890065,0.3144133
edit,00007589_000.png,7589,0.24,cardiomegaly_1,0.875824,0.7059561,0.36626342
edit,00007931_000.png,7931,0.24,cardiomegaly_1,5.3966274,0.9954886,0.96952343
edit,00008142_005.png,8142,0.24,cardiomegaly_1,-4.656042,0.0094145285,0.8236142
edit,00008147_000.png,8147,0.24,cardiomegaly_1,-4.7202663,0.008834068,0.8506884
edit,00008184_003.png,8184,0.24,cardiomegaly_1,5.195175,0.99448735,0.9517963
edit,00008359_000.png,8359,0.24,cardiomegaly_1,5.6738243,0.9965771,0.9545193
edit,00008386_001.png,8386,0.24,cardiomegaly_1,1.4716911,0.81331426,0.48640653
edit,00008802_008.png,8802,0.24,cardiomegaly_1,5.346636,0.9952584,0.95137405
edit,00009090_001.png,9090,0.24,cardiomegaly_1,6.9518757,0.999044,0.9887831
edit,00009105_003.png,9105,0.24,cardiomegaly_1,3.4825974,0.9701885,0.7244264
edit,00009306_000.png,9306,0.24,cardiomegaly_1,2.557394,0.9280687,0.6814604
edit,00009335_000.png,9335,0.24,cardiomegaly_1,5.6647015,0.99654585,0.95832753
edit,00009409_002.png,9409,0.24,cardiomegaly_1,1.3744621,0.79810005,0.28969467
edit,00009761_000.png,9761,0.24,cardiomegaly_1,5.678425,0.9965927,0.9717972
edit,00010465_001.png,10465,0.24,cardiomegaly_1,5.4832897,0.9958616,0.93787795
edit,00010892_000.png,10892,0.24,cardiomegaly_1,1.924778,0.8726703,0.43724728
edit,00010931_003.png,10931,0.24,cardiomegaly_1,5.063963,0.9937192,0.9387532
edit,00010964_000.png,10964,0.24,cardiomegaly_1,5.7226925,0.9967398,0.9671341
edit,00011611_000.png,11611,0.24,cardiomegaly_1,0.8083267,0.6917528,0.19216147
edit,00012129_000.png,12129,0.24,cardiomegaly_1,2.6065483,0.93128186,0.6601019
edit,00012400_000.png,12400,0.24,cardiomegaly_1,5.973797,0.9974619,0.9467456
edit,00012772_003.png,12772,0.24,cardiomegaly_1,-2.6759129,0.06440973,0.40660644
edit,00012902_001.png,12902,0.24,cardiomegaly_1,-0.52404594,0.37190664,0.21213299
edit,00013441_000.png,13441,0.24,cardiomegaly_1,5.3332233,0.99519473,0.92546445
edit,00013678_003.png,13678,0.24,cardiomegaly_1,5.8764114,0.997203,0.95605356
edit,00013759_000.png,13759,0.24,cardiomegaly_1,-2.7584019,0.059613895,0.57252127
edit,00014281_000.png,14281,0.24,cardiomegaly_1,-1.1458874,0.24124107,0.21011518
edit,00014295_001.png,14295,0.24,cardiomegaly_1,-5.2098007,0.005433082,0.8703832
edit,00014387_006.png,14387,0.24,cardiomegaly_1,1.8710938,0.8665848,0.4100713
edit,00014838_000.png,14838,0.24,cardiomegaly_1,6.013441,0.99756026,0.97054803
edit,00014954_000.png,14954,0.24,cardiomegaly_1,-3.7363834,0.023285048,0.57960826
edit,00015056_005.png,15056,0.24,cardiomegaly_1,5.909649,0.99729425,0.9769244
edit,00015087_011.png,15087,0.24,cardiomegaly_1,5.1533184,0.994253,0.9592176
edit,00016191_019.png,16191,0.24,cardiomegaly_1,2.3104172,0.90973616,0.66625315
edit,00016245_000.png,16245,0.24,cardiomegaly_1,-3.2174606,0.03851391,0.6403612
edit,00016498_001.png,16498,0.24,cardiomegaly_1,-2.7490768,0.06013881,0.43722478
edit,00016509_001.png,16509,0.24,cardiomegaly_1,5.950762,0.99740285,0.96571136
edit,00016512_001.png,16512,0.24,cardiomegaly_1,5.331007,0.9951841,0.9250994
edit,00016724_002.png,16724,0.24,cardiomegaly_1,4.2812176,0.98636276,0.9413362
edit,00016865_000.png,16865,0.24,cardiomegaly_1,4.3206635,0.9868832,0.9080614
edit,00016907_000.png,16907,0.24,cardiomegaly_1,-5.1012287,0.006052405,0.84301585
edit,00017381_000.png,17381,0.24,cardiomegaly_1,2.6391468,0.9333389,0.5877447
edit,00018008_000.png,18008,0.24,cardiomegaly_1,-4.480047,0.011205883,0.69958633
edit,00018011_000.png,18011,0.24,cardiomegaly_1,5.2352734,0.9947029,0.90393996
edit,00018488_002.png,18488,0.24,cardiomegaly_1,-4.080879,0.016611988,0.74244905
edit,00018616_000.png,18616,0.24,cardiomegaly_1,4.0918465,0.9835662,0.9019785
edit,00019435_003.png,19435,0.24,cardiomegaly_1,-1.505928,0.18154304,0.25557625
edit,00019535_002.png,19535,0.24,cardiomegaly_1,0.6562729,0.65842265,0.3257012
edit,00019544_000.png,19544,0.24,cardiomegaly_1,4.375744,0.98757756,0.85984665
edit,00019911_001.png,19911,0.24,cardiomegaly_1,0.66165733,0.65963256,0.27195004
edit,00020318_024.png,20318,0.24,cardiomegaly_1,-0.19770241,0.45073473,0.30039442
edit,00020341_000.png,20341,0.24,cardiomegaly_1,-1.6234016,0.16473627,0.3234552
edit,00020642_006.png,20642,0.24,cardiomegaly_1,3.6326618,0.9742356,0.7567296
edit,00020674_000.png,20674,0.24,cardiomegaly_1,1.561552,0.826576,0.35826117
edit,00020716_002.png,20716,0.24,cardiomegaly_1,6.0330067,0.99760747,0.9668183
edit,00020802_000.png,20802,0.24,cardiomegaly_1,-4.6838665,0.009158551,0.80825424
edit,00021023_024.png,21023,0.24,cardiomegaly_1,-4.0206738,0.01762467,0.5433728
edit,00021569_000.png,21569,0.24,cardiomegaly_1,2.436201,0.9195465,0.5074537
edit,00022341_000.png,22341,0.24,cardiomegaly_1,1.0850792,0.747454,0.28869054
edit,00022582_001.png,22582,0.24,cardiomegaly_1,5.4503765,0.9957237,0.9425576
edit,00022712_000.png,22712,0.24,cardiomegaly_1,2.1727047,0.8977715,0.55859977
edit,00023621_000.png,23621,0.24,cardiomegaly_1,6.205841,0.99798644,0.97339284
edit,00023776_000.png,23776,0.24,cardiomegaly_1,0.62335014,0.6509801,0.25246868
edit,00024192_000.png,24192,0.24,cardiomegaly_1,2.6632538,0.9348232,0.60199475
edit,00024326_000.png,24326,0.24,cardiomegaly_1,-5.283018,0.0050514378,0.90470356
edit,00024474_000.png,24474,0.24,cardiomegaly_1,-1.0960655,0.25047782,0.22917771
edit,00024583_000.png,24583,0.24,cardiomegaly_1,-2.8853455,0.05288276,0.4257106
edit,00025054_000.png,25054,0.24,cardiomegaly_1,3.337429,0.9656908,0.7985728
edit,00026354_001.png,26354,0.24,cardiomegaly_1,6.523056,0.998533,0.97151566
edit,00026807_000.png,26807,0.24,cardiomegaly_1,-5.186899,0.005558245,0.882709
edit,00027305_000.png,27305,0.24,cardiomegaly_1,-0.107198715,0.47322598,0.22453986
edit,00028027_005.png,28027,0.24,cardiomegaly_1,-1.4902382,0.18388599,0.2429953
edit,00028053_000.png,28053,0.24,cardiomegaly_1,-1.4811993,0.18524635,0.24881013
edit,00028457_000.png,28457,0.24,cardiomegaly_1,6.0746098,0.9977048,0.97862184
edit,00028962_000.png,28962,0.24,cardiomegaly_1,2.0499573,0.8859433,0.68275106
edit,00029393_000.png,29393,0.24,cardiomegaly_1,5.1659546,0.99432474,0.9192394
edit,00029569_000.png,29569,0.24,cardiomegaly_1,5.947403,0.9973942,0.96182877
edit,00029648_000.png,29648,0.24,cardiomegaly_1,5.51532,0.9959915,0.95340556
edit,00030332_000.png,30332,0.24,cardiomegaly_1,-1.718317,0.15208808,0.33806664
edit,00030805_000.png,30805,0.24,cardiomegaly_1,5.2120132,0.99457884,0.9083228
edit,00001059_006.png,1059,0.3,cardiomegaly_1,5.166174,0.99432606,0.9579139
edit,00001174_000.png,1174,0.3,cardiomegaly_1,4.9719334,0.9931179,0.9263816
edit,00001470_001.png,1470,0.3,cardiomegaly_1,2.1003838,0.8909404,0.5852483
edit,00001606_004.png,1606,0.3,cardiomegaly_1,6.1582794,0.9978886,0.9698774
edit,00002139_000.png,2139,0.3,cardiomegaly_1,5.079685,0.99381655,0.93050414
edit,00002355_005.png,2355,0.3,cardiomegaly_1,6.526247,0.99853766,0.9790961
edit,00002492_010.png,2492,0.3,cardiomegaly_1,1.0200901,0.7349902,0.2964952
edit,00002566_000.png,2566,0.3,cardiomegaly_1,5.865259,0.9971717,0.9735091
edit,00003064_010.png,3064,0.3,cardiomegaly_1,5.570347,0.9962053,0.9576917
edit,00003804_012.png,3804,0.3,cardiomegaly_1,-0.07191658,0.48202854,0.21807224
edit,00003917_000.png,3917,0.3,cardiomegaly_1,5.9652634,0.9974402,0.9577131
edit,00004057_000.png,4057,0.3,cardiomegaly_1,-3.952856,0.0188381,0.60610354
edit,00005623_000.png,5623,0.3,cardiomegaly_1,-2.2258244,0.09745531,0.26861817
edit,00006012_000.png,6012,0.3,cardiomegaly_1,4.024122,0.9824349,0.8691028
edit,00006791_002.png,6791,0.3,cardiomegaly_1,6.2931957,0.9981546,0.9814363
edit,00006921_000.png,6921,0.3,cardiomegaly_1,-1.523819,0.17889984,0.20612177
edit,00006981_017.png,6981,0.3,cardiomegaly_1,-0.990366,0.27083978,0.26017657
edit,00007082_000.png,7082,0.3,cardiomegaly_1,6.4798737,0.99846834,0.98407567
edit,00007159_000.png,7159,0.3,cardiomegaly_1,6.253624,0.99808025,0.97610325
edit,00007340_004.png,7340,0.3,cardiomegaly_1,4.6075172,0.990122,0.92757213
edit,00007589_000.png,7589,0.3,cardiomegaly_1,2.5462933,0.9273241,0.71392095
edit,00007931_000.png,7931,0.3,cardiomegaly_1,5.8233776,0.9970511,0.97342485
edit,00008142_005.png,8142,0.3,cardiomegaly_1,-3.0433388,0.04550593,0.56768954
edit,00008147_000.png,8147,0.3,cardiomegaly_1,-1.6985016,0.15466107,0.41003537
edit,00008184_003.png,8184,0.3,cardiomegaly_1,5.7670994,0.996881,0.9665433
edit,00008359_000.png,8359,0.3,cardiomegaly_1,6.2571316,0.9980869,0.97163796
edit,00008386_001.png,8386,0.3,cardiomegaly_1,4.150133,0.9844823,0.92053825
edit,00008802_008.png,8802,0.3,cardiomegaly_1,6.2617054,0.9980957,0.97296214
edit,00009090_001.png,9090,0.3,cardiomegaly_1,6.9378834,0.9990306,0.9901791
edit,00009105_003.png,9105,0.3,cardiomegaly_1,5.61981,0.99638784,0.93775076
edit,00009306_000.png,9306,0.3,cardiomegaly_1,3.3667488,0.966649,0.82988775
edit,00009335_000.png,9335,0.3,cardiomegaly_1,6.096613,0.99775463,0.97092164
edit,00009409_002.png,9409,0.3,cardiomegaly_1,3.7887096,0.9778758,0.77556604
edit,00009761_000.png,9761,0.3,cardiomegaly_1,6.039484,0.9976229,0.973058
edit,00010465_001.png,10465,0.3,cardiomegaly_1,6.09659,0.9977545,0.9646912
edit,00010892_000.png,10892,0.3,cardiomegaly_1,4.463505,0.9886093,0.9179401
edit,00010931_003.png,10931,0.3,cardiomegaly_1,5.93108,0.9973514,0.969013
edit,00010964_000.png,10964,0.3,cardiomegaly_1,6.347908,0.9982527,0.97677445
edit,00011611_000.png,11611,0.3,cardiomegaly_1,3.4936047,0.9705053,0.76268387
edit,00012129_000.png,12129,0.3,cardiomegaly_1,5.45418,0.9957398,0.9618206
edit,00012400_000.png,12400,0.3,cardiomegaly_1,6.5600567,0.9985862,0.97047746
edit,00012772_003.png,12772,0.3,cardiomegaly_1,-0.6753216,0.33730626,0.17750941
edit,00012902_001.png,12902,0.3,cardiomegaly_1,3.240221,0.96232015,0.6963353
edit,00013441_000.png,13441,0.3,cardiomegaly_1,6.2389545,0.9980519,0.96693915
edit,00013678_003.png,13678,0.3,cardiomegaly_1,6.1171837,0.9978002,0.9620982
edit,00013759_000.png,13759,0.3,cardiomegaly_1,0.06891823,0.51722276,0.21118186
edit,00014281_000.png,14281,0.3,cardiomegaly_1,3.5951748,0.97327775,0.7961263
edit,00014295_001.png,14295,0.3,cardiomegaly_1,-3.6847057,0.024489759,0.6428612
edit,00014387_006.png,14387,0.3,cardiomegaly_1,2.6696815,0.93521374,0.6262639
edit,00014838_000.png,14838,0.3,cardiomegaly_1,6.0809803,0.9977192,0.9704642
edit,00014954_000.png,14954,0.3,cardiomegaly_1,-1.8039684,0.14136867,0.22932997
edit,00015056_005.png,15056,0.3,cardiomegaly_1,6.315609,0.99819547,0.9836157
edit,00015087_011.png,15087,0.3,cardiomegaly_1,5.71393,0.99671113,0.9710674
edit,00016191_019.png,16191,0.3,cardiomegaly_1,4.626751,0.99030834,0.94254
edit,00016245_000.png,16245,0.3,cardiomegaly_1,-0.3028469,0.42486167,0.2488257
edit,00016498_001.png,16498,0.3,cardiomegaly_1,-0.94725037,0.27943814,0.23435672
edit,00016509_001.png,16509,0.3,cardiomegaly_1,6.3389816,0.998237,0.9766853
edit,00016512_001.png,16512,0.3,cardiomegaly_1,6.157444,0.99788684,0.9629999
edit,00016724_002.png,16724,0.3,cardiomegaly_1,5.0220356,0.9934521,0.9704108
edit,00016865_000.png,16865,0.3,cardiomegaly_1,4.7906494,0.9917613,0.92493504
edit,00016907_000.png,16907,0.3,cardiomegaly_1,-4.9793015,0.006831871,0.8196044
edit,00017381_000.png,17381,0.3,cardiomegaly_1,5.842205,0.997106,0.96165127
edit,00018008_000.png,18008,0.3,cardiomegaly_1,-3.8022766,0.021832598,0.56912905
edit,00018011_000.png,18011,0.3,cardiomegaly_1,5.6542797,0.99650973,0.923598
edit,00018488_002.png,18488,0.3,cardiomegaly_1,-3.8366356,0.021110762,0.6683439
edit,00018616_000.png,18616,0.3,cardiomegaly_1,4.6595383,0.99061805,0.9368505
edit,00019435_003.png,19435,0.3,cardiomegaly_1,4.3369026,0.9870918,0.8619039
edit,00019535_002.png,19535,0.3,cardiomegaly_1,3.5609245,0.9723724,0.8274174
edit,00019544_000.png,19544,0.3,cardiomegaly_1,5.076008,0.99379396,0.9271213
edit,00019911_001.png,19911,0.3,cardiomegaly_1,4.229109,0.98564374,0.9004365
edit,00020318_024.png,20318,0.3,cardiomegaly_1,3.1666737,0.9595607,0.82140315
edit,00020341_000.png,20341,0.3,cardiomegaly_1,2.0596218,0.8869162,0.5618845
edit,00020642_006.png,20642,0.3,cardiomegaly_1,5.58115,0.9962459,0.94923055
edit,00020674_000.png,20674,0.3,cardiomegaly_1,3.7253952,0.9764638,0.8249193
edit,00020716_002.png,20716,0.3,cardiomegaly_1,6.377083,0.9983028,0.97676927
edit,00020802_000.png,20802,0.3,cardiomegaly_1,-2.267683,0.09383504,0.47309673
edit,00021023_024.png,21023,0.3,cardiomegaly_1,1.0231304,0.7355819,0.17844416
edit,00021569_000.png,21569,0.3,cardiomegaly_1,5.3949585,0.99548113,0.9411159
edit,00022341_000.png,22341,0.3,cardiomegaly_1,3.3460102,0.965974,0.69672614
edit,00022582_001.png,22582,0.3,cardiomegaly_1,6.2112064,0.9979972,0.97128606
edit,00022712_000.png,22712,0.3,cardiomegaly_1,3.3029194,0.96452886,0.81762636
edit,00023621_000.png,23621,0.3,cardiomegaly_1,6.728428,0.99880505,0.97977716
edit,00023776_000.png,23776,0.3,cardiomegaly_1,3.6635456,0.9749996,0.8243685
edit,00024192_000.png,24192,0.3,cardiomegaly_1,5.2825947,0.9949464,0.9417832
edit,00024326_000.png,24326,0.3,cardiomegaly_1,-4.282625,0.01361835,0.8019976
edit,00024474_000.png,24474,0.3,cardiomegaly_1,3.116829,0.9575816,0.65714407
edit,00024583_000.png,24583,0.3,cardiomegaly_1,-1.9722595,0.1221464,0.25902113
edit,00025054_000.png,25054,0.3,cardiomegaly_1,4.7504177,0.9914261,0.9270225
edit,00026354_001.png,26354,0.3,cardiomegaly_1,6.818651,0.99890804,0.9755563
edit,00026807_000.png,26807,0.3,cardiomegaly_1,-5.0440025,0.00640658,0.8698397
edit,00027305_000.png,27305,0.3,cardiomegaly_1,4.3889256,0.98773813,0.9274162
edit,00028027_005.png,28027,0.3,cardiomegaly_1,-0.1435566,0.46417233,0.27570593
edit,00028053_000.png,28053,0.3,cardiomegaly_1,3.544136,0.9719178,0.824918
edit,00028457_000.png,28457,0.3,cardiomegaly_1,6.5021973,0.99850214,0.9836602
edit,00028962_000.png,28962,0.3,cardiomegaly_1,3.8675117,0.9795179,0.925269
edit,00029393_000.png,29393,0.3,cardiomegaly_1,5.944887,0.9973877,0.9644965
edit,00029569_000.png,29569,0.3,cardiomegaly_1,6.145916,0.9978624,0.96742654
edit,00029648_000.png,29648,0.3,cardiomegaly_1,6.2518272,0.9980768,0.97067165
edit,00030332_000.png,30332,0.3,cardiomegaly_1,2.9660454,0.95101637,0.6850415
edit,00030805_000.png,30805,0.3,cardiomegaly_1,6.115013,0.99779546,0.96284926
sham,00001059_006.png,1059,0.3,cardiomegaly_1,2.5806751,0.9296075,0.73487294
sham,00001174_000.png,1174,0.3,cardiomegaly_1,-4.832773,0.007901473,0.83334965
sham,00001470_001.png,1470,0.3,cardiomegaly_1,-3.240696,0.037662655,0.4849513
sham,00001606_004.png,1606,0.3,cardiomegaly_1,-1.4142952,0.19555749,0.26193005
sham,00002139_000.png,2139,0.3,cardiomegaly_1,-0.8798485,0.2932092,0.2610535
sham,00002355_005.png,2355,0.3,cardiomegaly_1,-2.3605232,0.08623296,0.39749557
sham,00002492_010.png,2492,0.3,cardiomegaly_1,-5.0025234,0.0066760965,0.79629457
sham,00002566_000.png,2566,0.3,cardiomegaly_1,-5.1171303,0.0059574926,0.8797162
sham,00003064_010.png,3064,0.3,cardiomegaly_1,-4.417923,0.011915561,0.7158146
sham,00003804_012.png,3804,0.3,cardiomegaly_1,-5.011162,0.006619054,0.8263423
sham,00003917_000.png,3917,0.3,cardiomegaly_1,-5.04319,0.006411754,0.8407787
sham,00004057_000.png,4057,0.3,cardiomegaly_1,-5.280403,0.005064598,0.8675928
sham,00005623_000.png,5623,0.3,cardiomegaly_1,-5.1750584,0.0056240777,0.8745436
sham,00006012_000.png,6012,0.3,cardiomegaly_1,-5.208,0.0054428205,0.8812208
sham,00006791_002.png,6791,0.3,cardiomegaly_1,-3.9134903,0.019579658,0.68793607
sham,00006921_000.png,6921,0.3,cardiomegaly_1,-5.0826416,0.006165254,0.78717977
sham,00006981_017.png,6981,0.3,cardiomegaly_1,-5.111046,0.005993633,0.83692884
sham,00007082_000.png,7082,0.3,cardiomegaly_1,-2.4336128,0.080645196,0.35451964
sham,00007159_000.png,7159,0.3,cardiomegaly_1,-3.8013172,0.021853097,0.6113612
sham,00007340_004.png,7340,0.3,cardiomegaly_1,-4.9084644,0.007329697,0.856279
sham,00007589_000.png,7589,0.3,cardiomegaly_1,-5.74753,0.003180504,0.946866
sham,00007931_000.png,7931,0.3,cardiomegaly_1,-5.0704346,0.006240502,0.89007443
sham,00008142_005.png,8142,0.3,cardiomegaly_1,-5.455454,0.0042547565,0.9275226
sham,00008147_000.png,8147,0.3,cardiomegaly_1,-5.2448826,0.0052467673,0.9146851
sham,00008184_003.png,8184,0.3,cardiomegaly_1,-5.234207,0.0053027803,0.8935205
sham,00008359_000.png,8359,0.3,cardiomegaly_1,-1.369812,0.20265022,0.32895613
sham,00008386_001.png,8386,0.3,cardiomegaly_1,-5.241064,0.0052667344,0.8981808
sham,00008802_008.png,8802,0.3,cardiomegaly_1,-4.9621105,0.0069495095,0.8126146
sham,00009090_001.png,9090,0.3,cardiomegaly_1,-2.7365475,0.060850907,0.5076722
sham,00009105_003.png,9105,0.3,cardiomegaly_1,-4.773649,0.008378694,0.7729626
sham,00009306_000.png,9306,0.3,cardiomegaly_1,-5.6309204,0.0035724659,0.93340343
sham,00009335_000.png,9335,0.3,cardiomegaly_1,-5.2458916,0.005241504,0.88430023
sham,00009409_002.png,9409,0.3,cardiomegaly_1,-5.500723,0.004067208,0.9188
sham,00009761_000.png,9761,0.3,cardiomegaly_1,-4.1103954,0.016136626,0.68376803
sham,00010465_001.png,10465,0.3,cardiomegaly_1,-5.326641,0.004836859,0.9000636
sham,00010892_000.png,10892,0.3,cardiomegaly_1,-4.9720078,0.0068815383,0.8334472
sham,00010931_003.png,10931,0.3,cardiomegaly_1,-5.480217,0.0041511212,0.9365367
sham,00010964_000.png,10964,0.3,cardiomegaly_1,-4.937956,0.007118206,0.86443275
sham,00011611_000.png,11611,0.3,cardiomegaly_1,-5.0007076,0.0066881482,0.8128769
sham,00012129_000.png,12129,0.3,cardiomegaly_1,-5.4707775,0.004190326,0.9064122
sham,00012400_000.png,12400,0.3,cardiomegaly_1,-5.353941,0.0047072126,0.8849891
sham,00012772_003.png,12772,0.3,cardiomegaly_1,-4.947254,0.00705279,0.8245373
sham,00012902_001.png,12902,0.3,cardiomegaly_1,-5.380907,0.0045825476,0.920745
sham,00013441_000.png,13441,0.3,cardiomegaly_1,-4.7626953,0.008470196,0.8009829
sham,00013678_003.png,13678,0.3,cardiomegaly_1,-4.037731,0.017331755,0.65153176
sham,00013759_000.png,13759,0.3,cardiomegaly_1,-5.157276,0.0057244035,0.8905342
sham,00014281_000.png,14281,0.3,cardiomegaly_1,-5.122349,0.005926668,0.8098809
sham,00014295_001.png,14295,0.3,cardiomegaly_1,-5.333233,0.004805233,0.8890977
sham,00014387_006.png,14387,0.3,cardiomegaly_1,-4.1149406,0.016064623,0.67586756
sham,00014838_000.png,14838,0.3,cardiomegaly_1,-4.1148014,0.016066825,0.75821483
sham,00014954_000.png,14954,0.3,cardiomegaly_1,-5.3185673,0.004875878,0.9028041
sham,00015056_005.png,15056,0.3,cardiomegaly_1,-1.6135788,0.16609234,0.31429026
sham,00015087_011.png,15087,0.3,cardiomegaly_1,-2.970789,0.048763115,0.4677465
sham,00016191_019.png,16191,0.3,cardiomegaly_1,-4.6836243,0.00916075,0.8095037
sham,00016245_000.png,16245,0.3,cardiomegaly_1,-5.759947,0.00314138,0.9406942
sham,00016498_001.png,16498,0.3,cardiomegaly_1,-5.2917614,0.005007684,0.86464417
sham,00016509_001.png,16509,0.3,cardiomegaly_1,0.7810497,0.6859063,0.28576192
sham,00016512_001.png,16512,0.3,cardiomegaly_1,-4.7785473,0.008338097,0.7838694
sham,00016724_002.png,16724,0.3,cardiomegaly_1,3.358368,0.96637785,0.85067236
sham,00016865_000.png,16865,0.3,cardiomegaly_1,-5.490326,0.004109541,0.90112615
sham,00016907_000.png,16907,0.3,cardiomegaly_1,-5.1241016,0.00591635,0.8272928
sham,00017381_000.png,17381,0.3,cardiomegaly_1,-0.8257847,0.30453712,0.3643733
sham,00018008_000.png,18008,0.3,cardiomegaly_1,-5.168497,0.0056608906,0.820615
sham,00018011_000.png,18011,0.3,cardiomegaly_1,-5.144676,0.005796566,0.8528564
sham,00018488_002.png,18488,0.3,cardiomegaly_1,-3.5071812,0.029108591,0.589211
sham,00018616_000.png,18616,0.3,cardiomegaly_1,-4.1591797,0.015380124,0.6442012
sham,00019435_003.png,19435,0.3,cardiomegaly_1,-2.680128,0.06415618,0.5177229
sham,00019535_002.png,19535,0.3,cardiomegaly_1,-4.2905197,0.01351271,0.70655155
sham,00019544_000.png,19544,0.3,cardiomegaly_1,-5.2651806,0.005141884,0.8716272
sham,00019911_001.png,19911,0.3,cardiomegaly_1,-4.2176266,0.014519645,0.7269806
sham,00020318_024.png,20318,0.3,cardiomegaly_1,-4.7001076,0.009012337,0.8419773
sham,00020341_000.png,20341,0.3,cardiomegaly_1,-5.083929,0.0061573707,0.8201956
sham,00020642_006.png,20642,0.3,cardiomegaly_1,-5.1636124,0.005688452,0.8562607
sham,00020674_000.png,20674,0.3,cardiomegaly_1,-2.6127682,0.06832119,0.446605
sham,00020716_002.png,20716,0.3,cardiomegaly_1,-4.0208225,0.017622095,0.70415753
sham,00020802_000.png,20802,0.3,cardiomegaly_1,-5.588354,0.003727236,0.92685807
sham,00021023_024.png,21023,0.3,cardiomegaly_1,-5.135624,0.005848968,0.8156457
sham,00021569_000.png,21569,0.3,cardiomegaly_1,-5.090084,0.0061198194,0.8860029
sham,00022341_000.png,22341,0.3,cardiomegaly_1,-5.3332863,0.0048049777,0.88281184
sham,00022582_001.png,22582,0.3,cardiomegaly_1,-5.395935,0.0045145047,0.8999588
sham,00022712_000.png,22712,0.3,cardiomegaly_1,-5.1862373,0.0055619045,0.8826702
sham,00023621_000.png,23621,0.3,cardiomegaly_1,-5.314783,0.0048942734,0.9029045
sham,00023776_000.png,23776,0.3,cardiomegaly_1,-4.6247997,0.009710402,0.77189326
sham,00024192_000.png,24192,0.3,cardiomegaly_1,-5.3863583,0.004557749,0.8915223
sham,00024326_000.png,24326,0.3,cardiomegaly_1,-5.637163,0.0035503122,0.9413684
sham,00024474_000.png,24474,0.3,cardiomegaly_1,-5.2710056,0.005112172,0.88549966
sham,00024583_000.png,24583,0.3,cardiomegaly_1,-5.3054256,0.004940059,0.9043415
sham,00025054_000.png,25054,0.3,cardiomegaly_1,-5.220743,0.005374273,0.83893555
sham,00026354_001.png,26354,0.3,cardiomegaly_1,-4.306698,0.013298742,0.67281336
sham,00026807_000.png,26807,0.3,cardiomegaly_1,-5.4018974,0.0044877883,0.8975741
sham,00027305_000.png,27305,0.3,cardiomegaly_1,-5.216482,0.0053970977,0.89246017
sham,00028027_005.png,28027,0.3,cardiomegaly_1,-3.7888527,0.022121126,0.6677647
sham,00028053_000.png,28053,0.3,cardiomegaly_1,-5.510763,0.004026741,0.9149869
sham,00028457_000.png,28457,0.3,cardiomegaly_1,-4.0568523,0.017009083,0.6708982
sham,00028962_000.png,28962,0.3,cardiomegaly_1,-5.1780605,0.005607313,0.86043525
sham,00029393_000.png,29393,0.3,cardiomegaly_1,4.3488235,0.9872428,0.84363115
sham,00029569_000.png,29569,0.3,cardiomegaly_1,-2.4771366,0.07747661,0.44652498
sham,00029648_000.png,29648,0.3,cardiomegaly_1,-5.1318474,0.0058709686,0.8695134
sham,00030332_000.png,30332,0.3,cardiomegaly_1,-4.622219,0.009735249,0.77174836
sham,00030805_000.png,30805,0.3,cardiomegaly_1,-5.4472218,0.004289776,0.90182596
blank,00001059_006.png,1059,,cardiomegaly_1,-4.5572224,0.010382238,0.7138147
blank,00001174_000.png,1174,,cardiomegaly_1,-4.5795918,0.010154904,0.7297756
blank,00001470_001.png,1470,,cardiomegaly_1,-4.761467,0.008480518,0.75673276
blank,00001606_004.png,1606,,cardiomegaly_1,-4.7400913,0.00866216,0.756032
blank,00002139_000.png,2139,,cardiomegaly_1,-4.8923454,0.007447914,0.80439353
blank,00002355_005.png,2355,,cardiomegaly_1,-4.574623,0.010204969,0.73211694
blank,00002492_010.png,2492,,cardiomegaly_1,-4.5826397,0.010124313,0.7446288
blank,00002566_000.png,2566,,cardiomegaly_1,-4.7465363,0.008606991,0.7545806
blank,00003064_010.png,3064,,cardiomegaly_1,-4.761467,0.008480518,0.75673276
blank,00003804_012.png,3804,,cardiomegaly_1,-4.5736065,0.010215244,0.7374872
blank,00003917_000.png,3917,,cardiomegaly_1,-4.6767063,0.009223756,0.75951254
blank,00004057_000.png,4057,,cardiomegaly_1,-4.809782,0.008083756,0.7873968
blank,00005623_000.png,5623,,cardiomegaly_1,-4.5852013,0.0100986725,0.7466852
blank,00006012_000.png,6012,,cardiomegaly_1,-4.792284,0.008225276,0.76908964
blank,00006791_002.png,6791,,cardiomegaly_1,-4.604809,0.009904535,0.7536379
blank,00006921_000.png,6921,,cardiomegaly_1,-4.604809,0.009904535,0.7536379
blank,00006981_017.png,6981,,cardiomegaly_1,-4.5572224,0.010382238,0.7138147
blank,00007082_000.png,7082,,cardiomegaly_1,-4.8426456,0.007824458,0.7846134
blank,00007159_000.png,7159,,cardiomegaly_1,-4.8228073,0.007979981,0.77677053
blank,00007340_004.png,7340,,cardiomegaly_1,-4.907219,0.007338765,0.7765307
blank,00007589_000.png,7589,,cardiomegaly_1,-4.761467,0.008480518,0.75673276
blank,00007931_000.png,7931,,cardiomegaly_1,-4.926277,0.0072012227,0.80505055
blank,00008142_005.png,8142,,cardiomegaly_1,-4.7871284,0.008267441,0.7668951
blank,00008147_000.png,8147,,cardiomegaly_1,-4.7197685,0.008838427,0.7583215
blank,00008184_003.png,8184,,cardiomegaly_1,-4.7197685,0.008838427,0.7583215
blank,00008359_000.png,8359,,cardiomegaly_1,-4.5826397,0.010124313,0.7446288
blank,00008386_001.png,8386,,cardiomegaly_1,-4.493782,0.011054714,0.71229273
blank,00008802_008.png,8802,,cardiomegaly_1,-4.5594406,0.010359472,0.7443202
blank,00009090_001.png,9090,,cardiomegaly_1,-4.761467,0.008480518,0.75673276
blank,00009105_003.png,9105,,cardiomegaly_1,-4.553953,0.01041588,0.75361276
blank,00009306_000.png,9306,,cardiomegaly_1,-4.92268,0.007226987,0.7902322
blank,00009335_000.png,9335,,cardiomegaly_1,-4.8620377,0.0076753404,0.78910035
blank,00009409_002.png,9409,,cardiomegaly_1,-4.92268,0.007226987,0.7902322
blank,00009761_000.png,9761,,cardiomegaly_1,-4.7060776,0.008959175,0.75713974
blank,00010465_001.png,10465,,cardiomegaly_1,-4.606161,0.009891281,0.745334
blank,00010892_000.png,10892,,cardiomegaly_1,-4.5259132,0.010708903,0.72138774
blank,00010931_003.png,10931,,cardiomegaly_1,-4.5572224,0.010382238,0.7138147
blank,00010964_000.png,10964,,cardiomegaly_1,-4.6042824,0.009909698,0.7381407
blank,00011611_000.png,11611,,cardiomegaly_1,-4.641178,0.0095541645,0.753634
blank,00012129_000.png,12129,,cardiomegaly_1,-4.5826397,0.010124313,0.7446288
blank,00012400_000.png,12400,,cardiomegaly_1,-4.5795918,0.010154904,0.7297756
blank,00012772_003.png,12772,,cardiomegaly_1,-4.6665096,0.009317408,0.75548476
blank,00012902_001.png,12902,,cardiomegaly_1,-4.669119,0.009293355,0.75599027
blank,00013441_000.png,13441,,cardiomegaly_1,-4.5817223,0.010133511,0.7456712
blank,00013678_003.png,13678,,cardiomegaly_1,-4.606161,0.009891281,0.745334
blank,00013759_000.png,13759,,cardiomegaly_1,-4.630045,0.009660093,0.7302039
blank,00014281_000.png,14281,,cardiomegaly_1,-4.571781,0.010233715,0.75237936
blank,00014295_001.png,14295,,cardiomegaly_1,-4.659235,0.009384798,0.7447311
blank,00014387_006.png,14387,,cardiomegaly_1,-4.5951633,0.0099995695,0.7360217
blank,00014838_000.png,14838,,cardiomegaly_1,-4.6289024,0.00967103,0.7556946
blank,00014954_000.png,14954,,cardiomegaly_1,-4.6125546,0.009828863,0.74416816
blank,00015056_005.png,15056,,cardiomegaly_1,-4.8620377,0.0076753404,0.78910035
blank,00015087_011.png,15087,,cardiomegaly_1,-4.9383945,0.0071151066,0.79366
blank,00016191_019.png,16191,,cardiomegaly_1,-4.535639,0.010606356,0.7308829
blank,00016245_000.png,16245,,cardiomegaly_1,-4.8606853,0.0076856473,0.785878
blank,00016498_001.png,16498,,cardiomegaly_1,-4.571781,0.010233715,0.75237936
blank,00016509_001.png,16509,,cardiomegaly_1,-4.557211,0.010382355,0.7303659
blank,00016512_001.png,16512,,cardiomegaly_1,-4.794859,0.008204298,0.7695875
blank,00016724_002.png,16724,,cardiomegaly_1,-4.736307,0.008694715,0.7549321
blank,00016865_000.png,16865,,cardiomegaly_1,-4.574623,0.010204969,0.73211694
blank,00016907_000.png,16907,,cardiomegaly_1,-4.5572224,0.010382238,0.7138147
blank,00017381_000.png,17381,,cardiomegaly_1,-4.493782,0.011054714,0.71229273
blank,00018008_000.png,18008,,cardiomegaly_1,-4.8849964,0.0075024385,0.8233213
blank,00018011_000.png,18011,,cardiomegaly_1,-4.553953,0.01041588,0.75361276
blank,00018488_002.png,18488,,cardiomegaly_1,-4.5821285,0.010129437,0.753373
blank,00018616_000.png,18616,,cardiomegaly_1,-4.659235,0.009384798,0.7447311
blank,00019435_003.png,19435,,cardiomegaly_1,-4.5259132,0.010708903,0.72138774
blank,00019535_002.png,19535,,cardiomegaly_1,-4.642498,0.009541682,0.75311255
blank,00019544_000.png,19544,,cardiomegaly_1,-4.5886,0.010064752,0.7378526
blank,00019911_001.png,19911,,cardiomegaly_1,-4.5768394,0.010182607,0.7385683
blank,00020318_024.png,20318,,cardiomegaly_1,-4.5956974,0.009994284,0.74603075
blank,00020341_000.png,20341,,cardiomegaly_1,-4.493782,0.011054714,0.71229273
blank,00020642_006.png,20642,,cardiomegaly_1,-4.542198,0.010537744,0.73003626
blank,00020674_000.png,20674,,cardiomegaly_1,-4.5951633,0.0099995695,0.7360217
blank,00020716_002.png,20716,,cardiomegaly_1,-4.5795918,0.010154904,0.7297756
blank,00020802_000.png,20802,,cardiomegaly_1,-4.574623,0.010204969,0.73211694
blank,00021023_024.png,21023,,cardiomegaly_1,-4.641178,0.0095541645,0.753634
blank,00021569_000.png,21569,,cardiomegaly_1,-4.7243958,0.008797985,0.76839674
blank,00022341_000.png,22341,,cardiomegaly_1,-4.5795918,0.010154904,0.7297756
blank,00022582_001.png,22582,,cardiomegaly_1,-4.659235,0.009384798,0.7447311
blank,00022712_000.png,22712,,cardiomegaly_1,-4.7014065,0.009000745,0.7578655
blank,00023621_000.png,23621,,cardiomegaly_1,-4.7014065,0.009000745,0.7578655
blank,00023776_000.png,23776,,cardiomegaly_1,-4.6714497,0.00927192,0.7375699
blank,00024192_000.png,24192,,cardiomegaly_1,-4.608158,0.009871743,0.7354985
blank,00024326_000.png,24326,,cardiomegaly_1,-4.7060776,0.008959175,0.75713974
blank,00024474_000.png,24474,,cardiomegaly_1,-4.570341,0.010248313,0.74267435
blank,00024583_000.png,24583,,cardiomegaly_1,-4.6194954,0.009761543,0.755697
blank,00025054_000.png,25054,,cardiomegaly_1,-4.564083,0.010311984,0.7225812
blank,00026354_001.png,26354,,cardiomegaly_1,-4.603306,0.009919283,0.738797
blank,00026807_000.png,26807,,cardiomegaly_1,-4.5837975,0.010112716,0.7441212
blank,00027305_000.png,27305,,cardiomegaly_1,-4.629053,0.009669586,0.74548614
blank,00028027_005.png,28027,,cardiomegaly_1,-4.7278614,0.0087678125,0.75564986
blank,00028053_000.png,28053,,cardiomegaly_1,-4.564083,0.010311984,0.7225812
blank,00028457_000.png,28457,,cardiomegaly_1,-4.5565586,0.01038906,0.755945
blank,00028962_000.png,28962,,cardiomegaly_1,-4.603157,0.009920745,0.7534926
blank,00029393_000.png,29393,,cardiomegaly_1,-4.603157,0.009920745,0.7534926
blank,00029569_000.png,29569,,cardiomegaly_1,-4.562813,0.010324956,0.7298953
blank,00029648_000.png,29648,,cardiomegaly_1,-4.603157,0.009920745,0.7534926
blank,00030332_000.png,30332,,cardiomegaly_1,-4.605402,0.009898718,0.7515187
blank,00030805_000.png,30805,,cardiomegaly_1,-4.7728386,0.008385432,0.7667017
real,00000023_002.png,23,,effusion_0,-2.639328,0.066649824,0.41315812
real,00000041_002.png,41,,effusion_0,-2.2329636,0.09682915,0.76280695
real,00000041_006.png,41,,effusion_0,-0.3319912,0.4177562,0.48800737
real,00000078_001.png,78,,effusion_0,5.638674,0.9964551,0.9906228
real,00000121_006.png,121,,effusion_0,0.12152481,0.5303439,0.4588096
real,00000121_007.png,121,,effusion_0,-1.802969,0.14149004,0.5441704
real,00000148_001.png,148,,effusion_0,4.4810505,0.9888052,0.97295713
real,00000148_002.png,148,,effusion_0,2.6711102,0.9353003,0.7868861
real,00000176_001.png,176,,effusion_0,-5.841469,0.002896161,0.88737893
real,00000176_002.png,176,,effusion_0,-5.9042187,0.0027204908,0.91289866
real,00000200_001.png,200,,effusion_0,-5.101572,0.0060503404,0.8622307
real,00000240_000.png,240,,effusion_0,-4.3912907,0.01223323,0.7551507
real,00000246_008.png,246,,effusion_0,0.4682083,0.61495954,0.37445587
real,00000246_012.png,246,,effusion_0,4.299677,0.9866088,0.92743945
real,00000246_013.png,246,,effusion_0,5.046789,0.99361116,0.97312963
real,00000284_004.png,284,,effusion_0,-6.229555,0.0019664536,0.94386137
real,00000284_005.png,284,,effusion_0,-3.6014519,0.026559431,0.67761725
real,00000337_000.png,337,,effusion_0,5.1496563,0.994232,0.9796138
real,00000404_002.png,404,,effusion_0,2.7690716,0.94098145,0.8455024
real,00000457_002.png,457,,effusion_0,4.8131466,0.99194324,0.9757333
real,00000457_003.png,457,,effusion_0,5.198679,0.99450654,0.98053503
real,00000457_004.png,457,,effusion_0,-6.6193466,0.0013325245,0.96926326
real,00000499_002.png,499,,effusion_0,-4.954397,0.007002943,0.8691607
real,00000499_003.png,499,,effusion_0,-5.680954,0.003398713,0.9297799
real,00000591_001.png,591,,effusion_0,3.713522,0.9761894,0.9077824
real,00000591_002.png,591,,effusion_0,4.302952,0.986652,0.9549275
real,00000591_004.png,591,,effusion_0,5.060713,0.99369895,0.9773201
real,00000591_005.png,591,,effusion_0,4.3803234,0.9876336,0.96068907
real,00000591_006.png,591,,effusion_0,6.1405144,0.9978508,0.9932583
real,00000591_007.png,591,,effusion_0,5.7608356,0.99686146,0.9876782
real,00000591_009.png,591,,effusion_0,4.101185,0.9837165,0.9242045
real,00000591_010.png,591,,effusion_0,4.2708225,0.9862222,0.9398631
real,00000591_011.png,591,,effusion_0,5.0885735,0.993871,0.9798403
real,00000591_012.png,591,,effusion_0,5.817171,0.99703276,0.98799706
real,00000591_013.png,591,,effusion_0,5.341606,0.99523467,0.98656493
real,00000591_014.png,591,,effusion_0,5.6677246,0.99655616,0.98369664
real,00000591_015.png,591,,effusion_0,5.6648827,0.99654645,0.9862626
real,00000591_016.png,591,,effusion_0,5.319128,0.99512684,0.9820215
real,00000591_018.png,591,,effusion_0,5.0246773,0.99346924,0.97955585
real,00000591_019.png,591,,effusion_0,5.1330833,0.9941362,0.9795261
real,00000622_000.png,622,,effusion_0,-6.8942356,0.001012585,0.974436
real,00000661_001.png,661,,effusion_0,-5.904112,0.0027207807,0.9501163
real,00000661_000.png,661,,effusion_0,-5.4010124,0.0044917436,0.9078186
real,00000707_002.png,707,,effusion_0,1.8969173,0.86954224,0.56970394
real,00000787_002.png,787,,effusion_0,-6.3667297,0.0017148219,0.96382517
real,00000848_000.png,848,,effusion_0,3.0327225,0.9540307,0.8860692
real,00000869_008.png,869,,effusion_0,3.0579014,0.9551224,0.83907735
real,00000949_005.png,949,,effusion_0,-5.9791603,0.0025245608,0.92273
real,00001075_038.png,1075,,effusion_0,-6.7796535,0.0011353781,0.98399574
real,00001075_045.png,1075,,effusion_0,-6.7565746,0.0011618553,0.9816841
real,00001075_046.png,1075,,effusion_0,-6.6597366,0.0012798437,0.9676739
real,00001075_047.png,1075,,effusion_0,-6.754471,0.0011642993,0.9758992
real,00001075_007.png,1075,,effusion_0,5.103428,0.99396086,0.9567634
real,00001075_022.png,1075,,effusion_0,-1.85289,0.13553393,0.31781766
real,00001075_033.png,1075,,effusion_0,-5.959553,0.0025744215,0.90633005
real,00001096_001.png,1096,,effusion_0,-6.7100277,0.0012171471,0.9702302
real,00001104_022.png,1104,,effusion_0,4.052822,0.9829233,0.946525
real,00001170_006.png,1170,,effusion_0,-4.3771133,0.012405732,0.7822912
real,00001170_020.png,1170,,effusion_0,0.20785332,0.55177706,0.5462332
real,00001170_021.png,1170,,effusion_0,0.960865,0.723295,0.62318695
real,00001170_023.png,1170,,effusion_0,2.3777447,0.91511434,0.8003188
real,00001170_030.png,1170,,effusion_0,3.0761566,0.9558984,0.9091218
real,00001170_034.png,1170,,effusion_0,1.9104557,0.8710704,0.7918616
real,00001170_035.png,1170,,effusion_0,3.5383701,0.9717601,0.9244155
real,00001170_036.png,1170,,effusion_0,2.7355194,0.93909025,0.87674046
real,00001170_037.png,1170,,effusion_0,3.5447235,0.9719338,0.9271959
real,00001170_039.png,1170,,effusion_0,3.088335,0.95640904,0.9210748
real,00001170_040.png,1170,,effusion_0,3.1046638,0.9570847,0.9079907
real,00001170_045.png,1170,,effusion_0,4.265362,0.98614776,0.96042275
real,00001170_046.png,1170,,effusion_0,4.1027966,0.98374236,0.958708
real,00001170_047.png,1170,,effusion_0,3.3940907,0.9675193,0.915081
real,00001187_001.png,1187,,effusion_0,-4.604349,0.009909042,0.780444
real,00001248_022.png,1248,,effusion_0,2.7817898,0.9416838,0.8676811
real,00001248_023.png,1248,,effusion_0,2.0179253,0.8826663,0.68938583
real,00001248_024.png,1248,,effusion_0,-1.4047356,0.19706573,0.6290088
real,00001248_025.png,1248,,effusion_0,-0.94329834,0.28023458,0.4489498
real,00001248_028.png,1248,,effusion_0,3.2341003,0.96209764,0.89492524
real,00001248_036.png,1248,,effusion_0,5.2445965,0.99475175,0.98187155
real,00001248_038.png,1248,,effusion_0,4.1916904,0.9851045,0.96721035
real,00001248_000.png,1248,,effusion_0,3.287693,0.96400416,0.9194849
real,00001248_002.png,1248,,effusion_0,3.2781372,0.96367115,0.9425903
real,00001248_003.png,1248,,effusion_0,3.2555141,0.9628708,0.9397959
real,00001248_004.png,1248,,effusion_0,3.3432674,0.9658837,0.9427617
real,00001248_016.png,1248,,effusion_0,3.8665028,0.9794977,0.97032064
real,00001248_017.png,1248,,effusion_0,3.7628212,0.9773087,0.97299606
real,00001309_002.png,1309,,effusion_0,-2.708002,0.062502824,0.42018923
real,00001458_001.png,1458,,effusion_0,2.1574078,0.896359,0.7235883
real,00001470_006.png,1470,,effusion_0,0.5825558,0.64165527,0.5394751
real,00001470_007.png,1470,,effusion_0,2.946991,0.9501211,0.78697294
real,00001775_001.png,1775,,effusion_0,4.850197,0.992234,0.9776001
real,00001775_002.png,1775,,effusion_0,5.2366505,0.9947101,0.97929424
real,00001775_004.png,1775,,effusion_0,5.325241,0.9951564,0.9765218
real,00001775_005.png,1775,,effusion_0,5.1533985,0.99425346,0.9781405
real,00001782_000.png,1782,,effusion_0,3.480957,0.97014105,0.8686792
real,00001784_000.png,1784,,effusion_0,-5.482168,0.004143063,0.9118644
real,00001974_000.png,1974,,effusion_0,5.02429,0.9934667,0.97485244
real,00001974_003.png,1974,,effusion_0,-4.7926006,0.0082226945,0.7750102
real,00001989_011.png,1989,,effusion_0,4.0546265,0.98295367,0.9069549
real,00002046_003.png,2046,,effusion_0,2.6543293,0.93427736,0.7616026
real,00002083_000.png,2083,,effusion_0,-6.00963,0.0024489837,0.94259346
real,00002120_005.png,2120,,effusion_0,3.3867607,0.96728826,0.840483
real,00002239_002.png,2239,,effusion_0,-6.7672024,0.0011495869,0.98420876
real,00002239_005.png,2239,,effusion_0,3.3305798,0.96546316,0.89631027
real,00002239_006.png,2239,,effusion_0,4.1240444,0.98407865,0.9579021
real,00002239_007.png,2239,,effusion_0,3.041111,0.95439714,0.86213505
real,00002239_008.png,2239,,effusion_0,-4.887556,0.007483403,0.8966709
real,00002239_009.png,2239,,effusion_0,-7.007004,0.00090469845,0.9837162
real,00002299_007.png,2299,,effusion_0,-6.415449,0.0016334126,0.92483085
real,00002299_010.png,2299,,effusion_0,-6.036108,0.0023851434,0.9356813
real,00002299_001.png,2299,,effusion_0,-6.3047066,0.0018243481,0.9398742
real,00002299_002.png,2299,,effusion_0,-5.565645,0.0038125191,0.92565644
real,00002300_000.png,2300,,effusion_0,4.927103,0.9928047,0.9722321
real,00002339_007.png,2339,,effusion_0,3.9902592,0.9818409,0.88308364
real,00002355_004.png,2355,,effusion_0,-6.933182,0.0009739445,0.96239656
real,00002355_006.png,2355,,effusion_0,-6.8315735,0.0010779954,0.9647484
real,00002355_002.png,2355,,effusion_0,-6.7859173,0.0011282966,0.97317785
real,00002424_013.png,2424,,effusion_0,-6.4733677,0.0015416369,0.9722678
real,00002490_000.png,2490,,effusion_0,-5.6702785,0.0034350648,0.9174199
real,00002492_016.png,2492,,effusion_0,4.3636017,0.9874276,0.94063693
real,00002492_002.png,2492,,effusion_0,-6.7359886,0.0011859925,0.9664465
real,00002492_003.png,2492,,effusion_0,-6.9023438,0.0010044164,0.9771415
real,00002533_004.png,2533,,effusion_0,4.3324966,0.9870356,0.9488618
real,00002533_005.png,2533,,effusion_0,3.8288746,0.97872823,0.91658664
real,00002552_001.png,2552,,effusion_0,-5.661707,0.003464533,0.87077266
real,00002585_000.png,2585,,effusion_0,3.4591122,0.96950173,0.9036624
real,00002585_003.png,2585,,effusion_0,3.7825375,0.9777419,0.9514913
real,00002599_001.png,2599,,effusion_0,4.152359,0.98451626,0.960528
real,00002609_000.png,2609,,effusion_0,5.1629314,0.9943077,0.9847553
real,00002685_002.png,2685,,effusion_0,-6.4420643,0.0015905807,0.95786273
real,00002686_001.png,2686,,effusion_0,-6.774851,0.0011408378,0.9854569
real,00002825_007.png,2825,,effusion_0,-6.992214,0.0009181656,0.9808008
real,00002825_008.png,2825,,effusion_0,-6.8436832,0.0010650337,0.9882394
real,00002825_011.png,2825,,effusion_0,-7.2246532,0.00072787487,0.97971684
real,00002924_001.png,2924,,effusion_0,-6.2065983,0.0020120277,0.97052044
real,00003013_011.png,3013,,effusion_0,-0.61886024,0.3500407,0.3539043
real,00003013_013.png,3013,,effusion_0,1.3096523,0.78745496,0.57007897
real,00003013_014.png,3013,,effusion_0,3.07588,0.9558868,0.8799395
real,00003015_000.png,3015,,effusion_0,-6.2940407,0.0018438743,0.94760513
real,00003064_003.png,3064,,effusion_0,-6.6402416,0.0013050062,0.9781707
real,00003064_005.png,3064,,effusion_0,-6.722891,0.0012016097,0.96023905
real,00003064_006.png,3064,,effusion_0,-6.778143,0.0011370926,0.9615282
real,00003064_007.png,3064,,effusion_0,-6.1084747,0.0022190053,0.942191
real,00003064_035.png,3064,,effusion_0,4.0478516,0.98283976,0.8926302
real,00003064_037.png,3064,,effusion_0,-6.6793385,0.0012550318,0.95107824
real,00003064_038.png,3064,,effusion_0,6.618437,0.9986663,0.9927603
real,00003064_039.png,3064,,effusion_0,5.885174,0.9972274,0.98606694
real,00003064_043.png,3064,,effusion_0,1.4895287,0.81600755,0.46339697
real,00003064_048.png,3064,,effusion_0,3.5308895,0.971554,0.8829334
real,00003064_050.png,3064,,effusion_0,-0.2601738,0.435321,0.3976917
real,00003064_052.png,3064,,effusion_0,2.3875198,0.91587067,0.657284
real,00003362_006.png,3362,,effusion_0,4.770136,0.99159205,0.9686329
real,00003423_002.png,3423,,effusion_0,4.7313423,0.99126244,0.97558606
real,00003423_003.png,3423,,effusion_0,4.399828,0.98786944,0.96253794
real,00003423_005.png,3423,,effusion_0,1.1548748,0.7604002,0.5991698
real,00003423_011.png,3423,,effusion_0,0.74155045,0.6773348,0.5104823
real,00003423_015.png,3423,,effusion_0,-0.7393322,0.3231502,0.44910705
real,00003423_021.png,3423,,effusion_0,1.9933205,0.880094,0.71118087
real,00003428_000.png,3428,,effusion_0,-1.110506,0.24777655,0.39999276
real,00003439_002.png,3439,,effusion_0,-6.745531,0.0011747422,0.98238796
real,00003439_003.png,3439,,effusion_0,-6.833273,0.0010761669,0.9858955
real,00003570_002.png,3570,,effusion_0,-5.8809814,0.0027842699,0.9374077
real,00003570_004.png,3570,,effusion_0,-6.8185406,0.0010921214,0.9605797
real,00003611_002.png,3611,,effusion_0,-3.6324997,0.02576841,0.62122947
real,00003611_004.png,3611,,effusion_0,-2.2238941,0.09762521,0.50568706
real,00003611_005.png,3611,,effusion_0,-3.8453178,0.020932086,0.6996536
real,00003611_006.png,3611,,effusion_0,2.472723,0.9222073,0.6787355
real,00003706_001.png,3706,,effusion_0,-5.6383286,0.0035461918,0.85570896
real,00003737_000.png,3737,,effusion_0,-5.8098927,0.0029887923,0.89788526
real,00003737_001.png,3737,,effusion_0,-6.294689,0.0018426813,0.947805
real,00003789_009.png,3789,,effusion_0,-5.9337444,0.0026415498,0.92824477
real,00003856_003.png,3856,,effusion_0,-5.3271923,0.004834207,0.88584244
real,00003916_001.png,3916,,effusion_0,3.8566723,0.97929937,0.9314537
real,00003916_002.png,3916,,effusion_0,-1.5859547,0.16995381,0.33978567
real,00003937_000.png,3937,,effusion_0,-6.7320747,0.0011906379,0.9812486
real,00003996_020.png,3996,,effusion_0,-5.6842804,0.003387464,0.89433527
real,00004003_000.png,4003,,effusion_0,-6.776205,0.0011392958,0.9850581
real,00004080_000.png,4080,,effusion_0,5.3119335,0.9950918,0.9883332
real,00004080_001.png,4080,,effusion_0,-2.5709915,0.07102886,0.6490641
real,00004081_000.png,4081,,effusion_0,-3.6445541,0.025467517,0.66452324
real,00004220_000.png,4220,,effusion_0,-0.40611458,0.3998441,0.5260639
real,00004233_000.png,4233,,effusion_0,2.9408474,0.94982916,0.9005426
real,00004263_000.png,4263,,effusion_0,3.9392166,0.98090816,0.878993
real,00004344_013.png,4344,,effusion_0,-0.8683777,0.29559198,0.42604575
real,00004344_014.png,4344,,effusion_0,-3.729725,0.023436964,0.6240332
real,00004344_046.png,4344,,effusion_0,0.20272064,0.5505073,0.4594869
real,00004344_047.png,4344,,effusion_0,0.89198494,0.7092996,0.44346958
real,00004404_008.png,4404,,effusion_0,-3.0104637,0.046955388,0.50063074
real,00004511_000.png,4511,,effusion_0,-6.737629,0.001184051,0.96718174
real,00004547_020.png,4547,,effusion_0,-1.9553299,0.12397335,0.62125134
real,00004583_000.png,4583,,effusion_0,6.179905,0.9979336,0.99510705
real,00004608_008.png,4608,,effusion_0,6.2451134,0.99806386,0.9892793
real,00004608_009.png,4608,,effusion_0,6.9642296,0.9990558,0.99337703
real,00004608_011.png,4608,,effusion_0,6.476219,0.9984628,0.9931777
real,00004646_002.png,4646,,effusion_0,4.922764,0.9927736,0.9719414
real,00004750_004.png,4750,,effusion_0,4.574911,0.98979795,0.9713415
real,00004750_006.png,4750,,effusion_0,4.7878704,0.9917386,0.97455704
real,00004833_014.png,4833,,effusion_0,3.722145,0.9763889,0.9702914
real,00004862_000.png,4862,,effusion_0,5.6243763,0.9964042,0.9846268
real,00004909_006.png,4909,,effusion_0,0.9310856,0.7172954,0.4478293
real,00004909_007.png,4909,,effusion_0,1.3200855,0.7891959,0.5207374
real,00004976_000.png,4976,,effusion_0,-6.2047596,0.002015723,0.96254593
real,00005038_000.png,5038,,effusion_0,-6.4496346,0.0015786039,0.967698
real,00005101_002.png,5101,,effusion_0,-5.450598,0.00427538,0.8628415
real,00005108_000.png,5108,,effusion_0,-4.756607,0.008521481,0.84110737
real,00005110_009.png,5110,,effusion_0,-6.5417175,0.0014399333,0.9693834
real,00005395_006.png,5395,,effusion_0,-1.068697,0.25565097,0.6191063
real,00005395_007.png,5395,,effusion_0,-3.2738342,0.03647982,0.5732961
real,00005395_010.png,5395,,effusion_0,-6.241747,0.0019426708,0.94411606
real,00005395_011.png,5395,,effusion_0,-4.8144073,0.008046752,0.7943414
real,00005401_000.png,5401,,effusion_0,-6.8703156,0.0010370729,0.98135006
real,00005410_002.png,5410,,effusion_0,3.1484852,0.95884895,0.8469525
real,00005520_007.png,5520,,effusion_0,-6.7915936,0.0011219174,0.9798977
real,00005532_031.png,5532,,effusion_0,-6.1920567,0.0020414393,0.9123236
real,00005532_037.png,5532,,effusion_0,-5.464838,0.0042151837,0.8836432
real,00005532_042.png,5532,,effusion_0,-6.1042957,0.0022282773,0.9469592
real,00005532_043.png,5532,,effusion_0,-4.313139,0.013214487,0.69941014
real,00005532_000.png,5532,,effusion_0,-6.4005947,0.0016578165,0.9692958
real,00005532_004.png,5532,,effusion_0,-5.720911,0.0032660225,0.87744004
real,00005532_005.png,5532,,effusion_0,-5.9289913,0.0026541017,0.87588125
real,00005532_007.png,5532,,effusion_0,-4.801941,0.008146872,0.7330485
real,00005532_008.png,5532,,effusion_0,-6.3851795,0.0016835268,0.93742514
real,00005532_010.png,5532,,effusion_0,1.7830257,0.85607004,0.44975173
real,00005532_011.png,5532,,effusion_0,2.5992603,0.93081397,0.5766178
real,00005532_012.png,5532,,effusion_0,3.1095238,0.9572839,0.7747051
real,00005532_013.png,5532,,effusion_0,-5.8483696,0.0028763015,0.9023881
real,00005532_014.png,5532,,effusion_0,-5.8865833,0.0027687592,0.93282986
real,00005532_016.png,5532,,effusion_0,-6.395294,0.0016666126,0.9590243
real,00005532_018.png,5532,,effusion_0,-0.59986305,0.354375,0.25342837
real,00005532_019.png,5532,,effusion_0,-6.2361507,0.0019535515,0.9505877
real,00005556_000.png,5556,,effusion_0,-6.352606,0.0017391715,0.9730048
real,00005556_008.png,5556,,effusion_0,-2.3118343,0.09014758,0.57387453
real,00005579_002.png,5579,,effusion_0,-3.143713,0.041339718,0.52394325
real,00005626_002.png,5626,,effusion_0,6.3367844,0.9982331,0.9936615
real,00005641_003.png,5641,,effusion_0,-5.995386,0.0024840294,0.92834425
real,00005641_006.png,5641,,effusion_0,4.0015087,0.9820404,0.9131476
real,00005641_012.png,5641,,effusion_0,4.332758,0.9870389,0.9510873
real,00005666_004.png,5666,,effusion_0,-5.948948,0.0026017965,0.95736486
real,00005666_010.png,5666,,effusion_0,2.411686,0.9177141,0.8225473
real,00005666_011.png,5666,,effusion_0,3.193346,0.9605831,0.892492
real,00005666_012.png,5666,,effusion_0,0.75146866,0.6794987,0.51380634
real,00005666_013.png,5666,,effusion_0,-6.2969704,0.0018384903,0.9478023
real,00005666_018.png,5666,,effusion_0,-6.0372066,0.0023825308,0.9538059
real,00005666_019.png,5666,,effusion_0,-6.220209,0.0019848817,0.9574261
real,00005766_004.png,5766,,effusion_0,-4.519449,0.0107776,0.8285132
real,00005869_001.png,5869,,effusion_0,-1.7344532,0.15001884,0.33183578
real,00005895_003.png,5895,,effusion_0,5.9230824,0.9973302,0.9857593
real,00005895_005.png,5895,,effusion_0,6.020729,0.99757797,0.9919566
real,00005895_007.png,5895,,effusion_0,6.104347,0.9977718,0.99124813
real,00005895_009.png,5895,,effusion_0,5.2717247,0.9948915,0.9851393
real,00005895_013.png,5895,,effusion_0,6.242031,0.9980579,0.9932674
real,00005895_023.png,5895,,effusion_0,6.287901,0.99814475,0.99257493
real,00005920_003.png,5920,,effusion_0,4.077343,0.9833302,0.96220285
real,00006166_000.png,6166,,effusion_0,-6.181595,0.0020628644,0.9783223
real,00006298_003.png,6298,,effusion_0,5.338682,0.9952207,0.98467773
real,00006298_004.png,6298,,effusion_0,5.021578,0.99344915,0.98297834
real,00006298_005.png,6298,,effusion_0,4.3908215,0.98776114,0.9648091
real,00006359_000.png,6359,,effusion_0,-6.584738,0.0013793842,0.96892416
real,00006368_000.png,6368,,effusion_0,-6.9691696,0.00093954994,0.98857623
real,00006436_012.png,6436,,effusion_0,2.2899628,0.9080424,0.6306101
real,00006483_000.png,6483,,effusion_0,-6.557232,0.0014177975,0.9735492
real,00006537_000.png,6537,,effusion_0,-6.8799,0.0010271907,0.98409045
real,00006626_000.png,6626,,effusion_0,6.5103035,0.99851424,0.9929556
real,00006626_006.png,6626,,effusion_0,4.790222,0.9917579,0.9716542
real,00006683_002.png,6683,,effusion_0,5.593561,0.9962921,0.9879685
real,00006683_003.png,6683,,effusion_0,-2.0262432,0.11647498,0.57626647
real,00006683_004.png,6683,,effusion_0,3.2469463,0.9625633,0.8828773
real,00006683_005.png,6683,,effusion_0,-4.4515247,0.011526368,0.84461665
real,00006683_006.png,6683,,effusion_0,4.2640114,0.98612934,0.95275867
real,00006694_002.png,6694,,effusion_0,-2.209467,0.098903574,0.58029836
real,00006694_003.png,6694,,effusion_0,-4.5701904,0.01024984,0.8257424
real,00006774_001.png,6774,,effusion_0,-4.6474457,0.009495037,0.81377274
real,00006791_006.png,6791,,effusion_0,-6.4749794,0.001539158,0.9464219
real,00006832_005.png,6832,,effusion_0,-6.0847855,0.0022720785,0.93815595
real,00006850_027.png,6850,,effusion_0,-5.070837,0.0062380075,0.8700513
real,00006850_028.png,6850,,effusion_0,-6.776989,0.001138404,0.9853089
real,00006851_022.png,6851,,effusion_0,3.4157333,0.96819264,0.8739783
real,00006851_023.png,6851,,effusion_0,2.23728,0.9035477,0.74681234
real,00006851_024.png,6851,,effusion_0,-5.7406006,0.003202549,0.90746695
real,00006851_009.png,6851,,effusion_0,1.4559727,0.8109159,0.6197426
real,00006851_010.png,6851,,effusion_0,-0.4688549,0.3848873,0.41657442
real,00006890_003.png,6890,,effusion_0,3.5553398,0.97222203,0.89882886
real,00006936_001.png,6936,,effusion_0,3.8134956,0.9784057,0.9290301
real,00006964_011.png,6964,,effusion_0,-2.7428837,0.06048982,0.5960825
real,00006981_001.png,6981,,effusion_0,4.558729,0.9896332,0.97995234
real,00006981_002.png,6981,,effusion_0,-6.806883,0.0011049133,0.9813331
real,00006981_009.png,6981,,effusion_0,-0.1069355,0.47329155,0.49121404
real,00006981_010.png,6981,,effusion_0,4.512203,0.98914486,0.9639389
real,00006981_011.png,6981,,effusion_0,-6.1959934,0.0020334348,0.97799313
real,00006981_014.png,6981,,effusion_0,-5.749735,0.0031735215,0.95763546
real,00006981_016.png,6981,,effusion_0,-6.31789,0.0018004973,0.9737512
real,00006996_002.png,6996,,effusion_0,5.19458,0.994484,0.9723141
real,00007033_001.png,7033,,effusion_0,-4.8915806,0.007453571,0.7970876
real,00007033_002.png,7033,,effusion_0,3.314413,0.96492,0.8640222
real,00007033_004.png,7033,,effusion_0,3.6825771,0.97545934,0.89809316
real,00007109_018.png,7109,,effusion_0,-4.255392,0.013989057,0.6688579
real,00007156_000.png,7156,,effusion_0,5.1766014,0.9943845,0.9779301
real,00007156_001.png,7156,,effusion_0,6.2827625,0.9981352,0.9911163
real,00007340_014.png,7340,,effusion_0,-6.811096,0.0011002729,0.98675215
real,00007405_014.png,7405,,effusion_0,3.8641663,0.97945076,0.9183672
real,00007482_009.png,7482,,effusion_0,-3.9191494,0.019471318,0.70509917
real,00007482_015.png,7482,,effusion_0,3.8509846,0.9791837,0.9087526
real,00007482_023.png,7482,,effusion_0,-4.865963,0.0076455013,0.8731838
real,00007482_026.png,7482,,effusion_0,-3.4577637,0.030538172,0.6718013
real,00007519_003.png,7519,,effusion_0,-1.0149384,0.26601452,0.42256713
real,00007519_004.png,7519,,effusion_0,-6.7046337,0.0012237221,0.96934426
real,00007551_021.png,7551,,effusion_0,-6.4787216,0.0015334177,0.97254056
real,00007652_000.png,7652,,effusion_0,-6.8480263,0.0010604231,0.98257214
real,00007679_000.png,7679,,effusion_0,6.5376472,0.99855417,0.9934545
real,00007679_001.png,7679,,effusion_0,6.844158,0.9989355,0.99493146
real,00007679_003.png,7679,,effusion_0,6.5273094,0.9985392,0.98750687
real,00007679_004.png,7679,,effusion_0,5.9817543,0.997482,0.98403674
real,00007679_005.png,7679,,effusion_0,5.4071827,0.99553573,0.9759824
real,00007718_000.png,7718,,effusion_0,6.5111637,0.9985154,0.99267745
real,00007718_001.png,7718,,effusion_0,5.8759537,0.9972018,0.9906445
real,00007718_005.png,7718,,effusion_0,5.4055843,0.99552864,0.9833864
real,00007718_006.png,7718,,effusion_0,5.728689,0.99675924,0.98998624
real,00007718_007.png,7718,,effusion_0,-6.8046513,0.0011073791,0.9824447
real,00007718_009.png,7718,,effusion_0,4.2160664,0.985458,0.96618044
real,00007718_010.png,7718,,effusion_0,4.3398952,0.98712987,0.9611828
real,00007740_000.png,7740,,effusion_0,-4.3820896,0.012344912,0.8373728
real,00007769_002.png,7769,,effusion_0,-0.088487625,0.47789252,0.40569857
real,00007772_000.png,7772,,effusion_0,2.3608437,0.9137923,0.7586928
real,00007833_000.png,7833,,effusion_0,3.3199348,0.96510637,0.83047116
real,00007833_001.png,7833,,effusion_0,-6.6577015,0.0012824477,0.9787346
real,00007833_002.png,7833,,effusion_0,1.769577,0.8544051,0.59856576
real,00007833_003.png,7833,,effusion_0,-2.2406101,0.096162505,0.57471466
real,00007848_001.png,7848,,effusion_0,5.8688087,0.9971818,0.98788434
real,00007848_004.png,7848,,effusion_0,6.2867126,0.9981426,0.99111253
real,00007848_005.png,7848,,effusion_0,5.0933743,0.9939002,0.98307043
real,00007848_006.png,7848,,effusion_0,6.2571545,0.99808705,0.992564
real,00007865_001.png,7865,,effusion_0,-6.432234,0.0016062687,0.97359586
real,00007865_003.png,7865,,effusion_0,-0.258749,0.43567127,0.8294595
real,00007865_005.png,7865,,effusion_0,3.7584267,0.977211,0.9386523
real,00007869_004.png,7869,,effusion_0,6.331213,0.99822325,0.9907226
real,00007882_000.png,7882,,effusion_0,4.682192,0.9908262,0.9749708
real,00007882_001.png,7882,,effusion_0,4.9179306,0.9927389,0.97349817
real,00007908_000.png,7908,,effusion_0,-4.285557,0.013579027,0.6620989
real,00007989_000.png,7989,,effusion_0,-6.9028435,0.0010039151,0.98595434
real,00007989_001.png,7989,,effusion_0,5.4312935,0.9956416,0.97378683
real,00007989_002.png,7989,,effusion_0,6.324644,0.9982116,0.98735636
real,00008013_003.png,8013,,effusion_0,1.6690388,0.84144765,0.5673069
real,00008013_006.png,8013,,effusion_0,0.26581,0.566064,0.35062298
real,00008037_000.png,8037,,effusion_0,5.226261,0.99465513,0.98679656
real,00008037_001.png,8037,,effusion_0,6.0024147,0.9975333,0.9899921
real,00008037_002.png,8037,,effusion_0,3.9031868,0.98022157,0.85706365
real,00008103_000.png,8103,,effusion_0,-6.4355984,0.001600882,0.9776243
real,00008112_000.png,8112,,effusion_0,4.743107,0.99136364,0.9692837
real,00008147_013.png,8147,,effusion_0,-1.1810818,0.23485775,0.4074687
real,00008184_007.png,8184,,effusion_0,-6.833044,0.0010764131,0.97273046
real,00008185_003.png,8185,,effusion_0,-2.1809273,0.10147635,0.4994474
real,00008185_005.png,8185,,effusion_0,-3.5773392,0.027190011,0.5367421
real,00008191_001.png,8191,,effusion_0,0.96949005,0.72501785,0.38671783
real,00008195_000.png,8195,,effusion_0,4.435499,0.9882896,0.9575937
real,00008339_000.png,8339,,effusion_0,-6.191349,0.0020428812,0.9635031
real,00008339_003.png,8339,,effusion_0,-6.581108,0.0013843931,0.95812476
real,00008339_005.png,8339,,effusion_0,-5.958624,0.0025768075,0.91828644
real,00008339_010.png,8339,,effusion_0,-5.4320736,0.0043549677,0.84580195
real,00008342_012.png,8342,,effusion_0,2.164568,0.8970223,0.5061011
real,00008342_015.png,8342,,effusion_0,-5.389969,0.004541397,0.8551125
real,00008342_016.png,8342,,effusion_0,-2.3814812,0.08459579,0.4774163
real,00008342_025.png,8342,,effusion_0,-6.0464897,0.0023605677,0.9477681
real,00008404_000.png,8404,,effusion_0,-6.5052567,0.0014933235,0.9568713
real,00008465_004.png,8465,,effusion_0,-6.5846157,0.0013795524,0.9664491
real,00008465_006.png,8465,,effusion_0,-6.3999023,0.0016589628,0.96815723
real,00008471_000.png,8471,,effusion_0,-5.045889,0.0063945833,0.8462103
real,00008477_001.png,8477,,effusion_0,1.8923492,0.8690232,0.6300966
real,00008477_005.png,8477,,effusion_0,4.1532173,0.9845293,0.9626691
real,00008477_006.png,8477,,effusion_0,1.2423134,0.7759664,0.52654743
real,00008477_007.png,8477,,effusion_0,-1.490511,0.18384504,0.48668748
real,00008489_025.png,8489,,effusion_0,0.27757835,0.56895244,0.48639074
real,00008637_000.png,8637,,effusion_0,2.87253,0.9464717,0.77544737
real,00008637_001.png,8637,,effusion_0,-6.999035,0.00091193005,0.980025
real,00008738_000.png,8738,,effusion_0,-6.758751,0.0011593325,0.97501004
real,00008802_005.png,8802,,effusion_0,-6.8100853,0.0011013845,0.9713109
real,00008806_014.png,8806,,effusion_0,-6.6523533,0.001289316,0.9731088
real,00008827_000.png,8827,,effusion_0,5.871931,0.99719054,0.98814404
real,00008866_004.png,8866,,effusion_0,0.10704613,0.526736,0.82619727
real,00008898_000.png,8898,,effusion_0,-6.02977,0.0024002723,0.93126196
real,00008970_002.png,8970,,effusion_0,-6.838356,0.0010707164,0.97116005
real,00009034_004.png,9034,,effusion_0,5.43334,0.9956506,0.9728619
real,00009105_007.png,9105,,effusion_0,-6.8119793,0.0010993027,0.98329836
real,00009141_000.png,9141,,effusion_0,4.513611,0.98916,0.9698127
real,00009163_000.png,9163,,effusion_0,5.674755,0.9965802,0.9880202
real,00009163_001.png,9163,,effusion_0,6.484829,0.99847585,0.991296
real,00009174_000.png,9174,,effusion_0,-5.1791306,0.0056013498,0.8542995
real,00009185_006.png,9185,,effusion_0,-6.162716,0.002102096,0.94883186
real,00009189_002.png,9189,,effusion_0,4.6084194,0.9901308,0.97246397
real,00009189_004.png,9189,,effusion_0,3.8844376,0.97985476,0.91516566
real,00009189_005.png,9189,,effusion_0,4.8818398,0.992474,0.9703887
real,00009189_006.png,9189,,effusion_0,5.030531,0.99350715,0.9731444
real,00009229_000.png,9229,,effusion_0,-5.506521,0.0040437886,0.90233654
real,00009286_003.png,9286,,effusion_0,4.802498,0.9918576,0.96875226
real,00009326_000.png,9326,,effusion_0,-6.673437,0.0012624508,0.965537
real,00009326_001.png,9326,,effusion_0,-6.4460983,0.0015841874,0.94182503
real,00009349_001.png,9349,,effusion_0,-2.7748737,0.05869715,0.6739875
real,00009349_012.png,9349,,effusion_0,-3.0437717,0.04548713,0.87062734
real,00009349_014.png,9349,,effusion_0,-3.879034,0.020252153,0.8110391
real,00009349_015.png,9349,,effusion_0,-4.7051716,0.008967223,0.88403875
real,00009349_016.png,9349,,effusion_0,-3.7228203,0.023595516,0.745079
real,00009349_019.png,9349,,effusion_0,1.9556961,0.87606645,0.6721212
real,00009349_020.png,9349,,effusion_0,2.451561,0.9206755,0.7678228
real,00009349_021.png,9349,,effusion_0,-2.7669067,0.059138894,0.54547596
real,00009349_024.png,9349,,effusion_0,3.1508064,0.9589405,0.83648545
real,00009349_025.png,9349,,effusion_0,0.7724762,0.6840563,0.744113
real,00009349_026.png,9349,,effusion_0,-3.906187,0.019720344,0.75308996
real,00009349_027.png,9349,,effusion_0,0.1798172,0.5448336,0.6772002
real,00009349_028.png,9349,,effusion_0,1.8695354,0.8664045,0.67274976
real,00009349_029.png,9349,,effusion_0,4.762274,0.9915263,0.97464484
real,00009373_000.png,9373,,effusion_0,6.3555336,0.9982659,0.9911642
real,00009373_001.png,9373,,effusion_0,4.126507,0.9841172,0.9306407
real,00009378_005.png,9378,,effusion_0,-6.8975143,0.0010092739,0.98412794
real,00009378_010.png,9378,,effusion_0,-6.3063564,0.0018213462,0.91634154
real,00009378_013.png,9378,,effusion_0,-6.773697,0.0011421535,0.96619445
real,00009378_014.png,9378,,effusion_0,3.4966335,0.97059184,0.8531966
real,00009378_016.png,9378,,effusion_0,3.7546387,0.97712654,0.8968731
real,00009457_003.png,9457,,effusion_0,3.764454,0.97734493,0.9323006
real,00009457_004.png,9457,,effusion_0,-0.9450073,0.27989,0.3597484
real,00009516_003.png,9516,,effusion_0,0.8413353,0.6987464,0.54189986
real,00009571_001.png,9571,,effusion_0,3.854185,0.9792489,0.94024897
real,00009571_002.png,9571,,effusion_0,3.1403732,0.9585277,0.8935436
real,00009571_003.png,9571,,effusion_0,-6.603344,0.0013539908,0.97835684
real,00009571_004.png,9571,,effusion_0,-5.9215317,0.0026739214,0.95314634
real,00009641_011.png,9641,,effusion_0,5.046425,0.99360883,0.9794769
real,00009665_004.png,9665,,effusion_0,4.0754395,0.98329896,0.94539577
real,00009665_005.png,9665,,effusion_0,-6.021736,0.0024195863,0.9418937
real,00009709_010.png,9709,,effusion_0,-3.5755043,0.027238587,0.66928864
real,00009709_011.png,9709,,effusion_0,-3.7199192,0.023662446,0.6366372
real,00009812_000.png,9812,,effusion_0,-6.610363,0.001344533,0.9729332
real,00009908_001.png,9908,,effusion_0,-6.714098,0.0012122091,0.9745836
real,00009908_002.png,9908,,effusion_0,-6.788395,0.0011255078,0.9794469
real,00009932_008.png,9932,,effusion_0,-6.848152,0.0010602899,0.97887576
real,00009934_007.png,9934,,effusion_0,-4.845951,0.007798839,0.8751313
real,00009934_008.png,9934,,effusion_0,-5.503788,0.004054812,0.9281896
real,00009934_009.png,9934,,effusion_0,-5.637743,0.0035482612,0.9502866
real,00010071_003.png,10071,,effusion_0,-0.019989014,0.4950029,0.6435868
real,00010071_004.png,10071,,effusion_0,3.0778904,0.95597154,0.8197902
real,00010071_007.png,10071,,effusion_0,-0.11558533,0.47113577,0.5411123
real,00010071_008.png,10071,,effusion_0,0.34326744,0.584984,0.61938286
real,00010071_010.png,10071,,effusion_0,4.334589,0.9870623,0.9515726
real,00010071_011.png,10071,,effusion_0,4.6332264,0.99037033,0.96731603
real,00010071_012.png,10071,,effusion_0,3.0833664,0.95620143,0.8638034
real,00010120_021.png,10120,,effusion_0,-6.3248577,0.0017880184,0.9619334
real,00010131_007.png,10131,,effusion_0,4.5251827,0.9892833,0.9660553
real,00010177_000.png,10177,,effusion_0,-6.3340836,0.0017716272,0.95653284
real,00010275_000.png,10275,,effusion_0,5.60161,0.9963217,0.9836446
real,00010279_003.png,10279,,effusion_0,5.8409576,0.9971023,0.9888516
real,00010279_004.png,10279,,effusion_0,5.735882,0.9967823,0.98725736
real,00010279_005.png,10279,,effusion_0,5.2438316,0.9947477,0.9819642
real,00010335_001.png,10335,,effusion_0,4.396036,0.98782396,0.9683496
real,00010335_002.png,10335,,effusion_0,5.6648273,0.9965462,0.9838958
real,00010335_003.png,10335,,effusion_0,4.9764614,0.99314886,0.9583944
real,00010335_005.png,10335,,effusion_0,4.571686,0.9897653,0.9482511
real,00010354_002.png,10354,,effusion_0,0.14316559,0.5357304,0.344752
real,00010427_009.png,10427,,effusion_0,-6.580818,0.001384794,0.9634858
real,00010443_001.png,10443,,effusion_0,-5.534462,0.0039328043,0.89354205
real,00010465_004.png,10465,,effusion_0,2.3378105,0.9119604,0.6701287
real,00010469_002.png,10469,,effusion_0,6.2812195,0.9981324,0.9910862
real,00010521_002.png,10521,,effusion_0,2.7992535,0.9426354,0.6758289
real,00010536_000.png,10536,,effusion_0,-5.053198,0.0063483114,0.9213291
real,00010571_006.png,10571,,effusion_0,0.25234795,0.5627543,0.43810183
real,00010575_002.png,10575,,effusion_0,5.5106144,0.9959727,0.98491997
real,00010575_003.png,10575,,effusion_0,3.9135513,0.9804215,0.94380236
real,00010625_000.png,10625,,effusion_0,4.79562,0.9918019,0.9640735
real,00010625_010.png,10625,,effusion_0,-3.8983192,0.019873017,0.6588742
real,00010625_014.png,10625,,effusion_0,0.23519325,0.5585287,0.3512984
real,00010638_001.png,10638,,effusion_0,-6.0080147,0.0024529335,0.9577761
real,00010695_007.png,10695,,effusion_0,2.248043,0.9044816,0.5992064
real,00010695_008.png,10695,,effusion_0,-6.349266,0.0017449795,0.9577539
real,00010695_013.png,10695,,effusion_0,-6.113037,0.0022089267,0.943643
real,00010695_014.png,10695,,effusion_0,-1.8677826,0.13379851,0.5075362
real,00010695_015.png,10695,,effusion_0,-3.2364426,0.03781712,0.53399277
real,00010695_017.png,10695,,effusion_0,0.8668232,0.7040843,0.4324703
real,00010695_016.png,10695,,effusion_0,1.852562,0.8644276,0.57922035
real,00010767_001.png,10767,,effusion_0,-1.9813709,0.12117278,0.4210217
real,00010767_017.png,10767,,effusion_0,-2.4587631,0.078800075,0.61464775
real,00010767_015.png,10767,,effusion_0,2.902876,0.9479884,0.80464786
real,00010767_016.png,10767,,effusion_0,0.2023201,0.5504082,0.5839951
real,00010767_022.png,10767,,effusion_0,1.673563,0.8420503,0.6522072
real,00010767_023.png,10767,,effusion_0,2.2429943,0.9040445,0.7146658
real,00010767_024.png,10767,,effusion_0,2.9122334,0.9484479,0.85242975
real,00010767_025.png,10767,,effusion_0,3.1016884,0.9569623,0.85440606
real,00010767_026.png,10767,,effusion_0,1.069912,0.7445802,0.58930266
real,00010772_002.png,10772,,effusion_0,5.116268,0.9940374,0.9787986
real,00010772_003.png,10772,,effusion_0,4.9336586,0.9928514,0.9747209
real,00010772_007.png,10772,,effusion_0,2.6319427,0.93288934,0.6877755
real,00010772_010.png,10772,,effusion_0,5.6475925,0.9964864,0.9846671
real,00010772_012.png,10772,,effusion_0,5.814644,0.9970253,0.9880412
real,00010772_015.png,10772,,effusion_0,5.10009,0.9939407,0.97645134
real,00010790_003.png,10790,,effusion_0,-6.227745,0.0019700092,0.89899266
real,00010828_000.png,10828,,effusion_0,3.5540257,0.97218645,0.9129164
real,00010936_008.png,10936,,effusion_0,-3.5551834,0.027782222,0.66282046
real,00010936_009.png,10936,,effusion_0,1.2141018,0.77102387,0.53504443
real,00010936_010.png,10936,,effusion_0,-0.35227585,0.41283065,0.54764736
real,00010936_016.png,10936,,effusion_0,-0.93268394,0.28238052,0.4796294
real,00010936_017.png,10936,,effusion_0,-0.73443794,0.32422158,0.4583329
real,00010936_018.png,10936,,effusion_0,4.174904,0.9848562,0.9443155
real,00010936_019.png,10936,,effusion_0,-0.7250271,0.32628694,0.33066303
real,00010936_021.png,10936,,effusion_0,4.917944,0.9927389,0.97110236
real,00010936_023.png,10936,,effusion_0,5.712202,0.9967055,0.9843762
real,00010936_024.png,10936,,effusion_0,4.2511787,0.98595273,0.9290131
real,00010940_000.png,10940,,effusion_0,5.5806065,0.99624395,0.9873543
real,00010953_000.png,10953,,effusion_0,4.197176,0.9851848,0.9640006
real,00010953_003.png,10953,,effusion_0,3.4064312,0.96790487,0.8970945
real,00010953_004.png,10953,,effusion_0,3.9675617,0.98143184,0.9613516
real,00010953_009.png,10953,,effusion_0,3.9737606,0.9815444,0.96025246
real,00010953_011.png,10953,,effusion_0,5.4256744,0.9956173,0.9845287
real,00010953_012.png,10953,,effusion_0,5.165594,0.9943228,0.9805414
real,00010970_000.png,10970,,effusion_0,-6.7188873,0.0012064242,0.9767883
real,00010992_000.png,10992,,effusion_0,5.775923,0.99690825,0.9897156
real,00010992_006.png,10992,,effusion_0,5.624468,0.9964045,0.98362625
real,00010992_007.png,10992,,effusion_0,3.5740929,0.97272396,0.8328649
real,00010992_008.png,10992,,effusion_0,4.2914696,0.98649997,0.91398144
real,00010992_009.png,10992,,effusion_0,4.216627,0.985466,0.9637326
real,00010992_010.png,10992,,effusion_0,3.9602528,0.9812981,0.9371472
real,00010992_011.png,10992,,effusion_0,0.86603355,0.7039197,0.44922075
real,00010992_012.png,10992,,effusion_0,2.1095066,0.8918237,0.67980796
real,00010994_003.png,10994,,effusion_0,-5.533907,0.003934979,0.91885877
real,00010994_005.png,10994,,effusion_0,-4.7206535,0.008830679,0.828488
real,00010994_007.png,10994,,effusion_0,5.4684277,0.99579984,0.98039
real,00010994_009.png,10994,,effusion_0,-0.2789917,0.430701,0.395257
real,00010994_010.png,10994,,effusion_0,1.4322834,0.8072569,0.45474616
real,00010994_011.png,10994,,effusion_0,-3.3123055,0.035151444,0.6413796
real,00010994_012.png,10994,,effusion_0,-4.670807,0.009277825,0.7910454
real,00010994_013.png,10994,,effusion_0,-3.3987598,0.032334246,0.58686763
real,00010994_000.png,10994,,effusion_0,-5.000189,0.0066915955,0.8488361
real,00011139_000.png,11139,,effusion_0,-6.554636,0.0014214775,0.96304625
real,00011237_001.png,11237,,effusion_0,5.2431393,0.9947442,0.97617424
real,00011279_002.png,11279,,effusion_0,3.078621,0.95600224,0.87491596
real,00011380_005.png,11380,,effusion_0,-5.3015766,0.004959016,0.9023878
real,00011380_006.png,11380,,effusion_0,2.716175,0.9379744,0.6861977
real,00011380_009.png,11380,,effusion_0,2.6948338,0.9367211,0.7665107
real,00011380_010.png,11380,,effusion_0,3.0444736,0.95454335,0.8045098
real,00011380_011.png,11380,,effusion_0,3.5282745,0.9714816,0.87931174
real,00011380_012.png,11380,,effusion_0,3.4733524,0.96992,0.8814395
real,00011380_014.png,11380,,effusion_0,2.689684,0.93641514,0.6919143
real,00011380_015.png,11380,,effusion_0,3.286232,0.96395344,0.86661375
real,00011380_016.png,11380,,effusion_0,3.0452213,0.95457584,0.78780115
real,00011380_018.png,11380,,effusion_0,3.1635551,0.9594395,0.84706634
real,00011380_019.png,11380,,effusion_0,4.3253784,0.9869442,0.947456
real,00011380_020.png,11380,,effusion_0,3.9833164,0.9817167,0.9337742
real,00011380_021.png,11380,,effusion_0,4.470276,0.98868525,0.96059316
real,00011380_023.png,11380,,effusion_0,2.6586437,0.9345417,0.75345445
real,00011380_024.png,11380,,effusion_0,2.3626919,0.91393775,0.7614645
real,00011380_025.png,11380,,effusion_0,2.5785542,0.9294686,0.79064006
real,00011380_026.png,11380,,effusion_0,2.3433437,0.91240376,0.65108573
real,00011423_002.png,11423,,effusion_0,-0.31214905,0.4225903,0.44067657
real,00011423_003.png,11423,,effusion_0,-1.1214561,0.24574126,0.3459583
real,00011423_006.png,11423,,effusion_0,-0.6055336,0.35307872,0.40226823
real,00011423_008.png,11423,,effusion_0,1.8458385,0.8636378,0.5730099
real,00011423_000.png,11423,,effusion_0,0.36354446,0.58989817,0.49568644
real,00011423_001.png,11423,,effusion_0,1.8072643,0.85903096,0.5947929
real,00011654_004.png,11654,,effusion_0,-4.541567,0.010544328,0.8398101
real,00011748_000.png,11748,,effusion_0,0.9222946,0.7155094,0.79334235
real,00011764_004.png,11764,,effusion_0,-6.439699,0.001594341,0.93314856
real,00011770_010.png,11770,,effusion_0,-6.773123,0.0011428087,0.97646636
real,00011831_004.png,11831,,effusion_0,-3.296297,0.03569844,0.8682511
real,00011831_007.png,11831,,effusion_0,-2.449028,0.07950966,0.8422754
real,00011831_008.png,11831,,effusion_0,-2.861496,0.05409011,0.6932278
real,00011831_009.png,11831,,effusion_0,-4.6058273,0.009894551,0.8951366
real,00011831_010.png,11831,,effusion_0,-0.24596405,0.43881717,0.74644583
real,00011831_016.png,11831,,effusion_0,0.28738213,0.5713551,0.56537074
real,00011831_017.png,11831,,effusion_0,6.306095,0.99817824,0.99294204
real,00011831_020.png,11831,,effusion_0,5.2678795,0.9948719,0.9830067
real,00011831_021.png,11831,,effusion_0,4.0003414,0.98201984,0.96335655
real,00011949_000.png,11949,,effusion_0,-6.0050697,0.00246015,0.93374664
real,00011950_013.png,11950,,effusion_0,0.26295662,0.565363,0.43751174
real,00011950_015.png,11950,,effusion_0,2.5667915,0.92869353,0.69891936
real,00011950_016.png,11950,,effusion_0,6.093733,0.9977481,0.98704946
real,00011950_018.png,11950,,effusion_0,2.2882175,0.9078965,0.7085713
real,00011987_008.png,11987,,effusion_0,6.471407,0.9984553,0.98896134
real,00012021_001.png,12021,,effusion_0,4.0702267,0.9832131,0.9147967
real,00012043_012.png,12043,,effusion_0,6.403473,0.9983469,0.9906727
real,00012043_013.png,12043,,effusion_0,6.5695972,0.9985996,0.99354243
real,00012043_015.png,12043,,effusion_0,6.0045586,0.99753857,0.9880757
real,00012043_016.png,12043,,effusion_0,6.1125526,0.99779,0.9880096
real,00012092_003.png,12092,,effusion_0,-4.086439,0.016521404,0.7392311
real,00012178_000.png,12178,,effusion_0,4.5171986,0.9891984,0.9630051
real,00012178_001.png,12178,,effusion_0,2.7234154,0.9383943,0.6785513
real,00012263_000.png,12263,,effusion_0,-4.890915,0.007458497,0.84288186
real,00012263_002.png,12263,,effusion_0,6.035116,0.9976125,0.9893083
real,00012263_005.png,12263,,effusion_0,5.8819485,0.9972184,0.98978525
real,00012263_006.png,12263,,effusion_0,6.5077705,0.9985104,0.992986
real,00012263_007.png,12263,,effusion_0,3.3164558,0.964989,0.94167745
real,00012415_002.png,12415,,effusion_0,0.8977337,0.71048355,0.45807984
real,00012415_004.png,12415,,effusion_0,-4.2477455,0.014094922,0.75484383
real,00012415_005.png,12415,,effusion_0,-3.7743511,0.022437004,0.736351
real,00012415_006.png,12415,,effusion_0,-3.220745,0.03839247,0.6696108
real,00012460_002.png,12460,,effusion_0,-6.732006,0.0011907195,0.97698295
real,00012460_003.png,12460,,effusion_0,-6.7728004,0.0011431767,0.9707884
real,00012523_000.png,12523,,effusion_0,-6.567026,0.0014039984,0.9476802
real,00012536_003.png,12536,,effusion_0,3.5940075,0.9732474,0.8799886
real,00012604_000.png,12604,,effusion_0,4.200716,0.9852364,0.9347634
real,00012604_004.png,12604,,effusion_0,5.393797,0.9954758,0.9836288
real,00012604_005.png,12604,,effusion_0,4.0584354,0.9830173,0.9216581
real,00012626_015.png,12626,,effusion_0,1.7583485,0.8530027,0.5411965
real,00012653_002.png,12653,,effusion_0,3.4301434,0.9686335,0.9121084
real,00012707_000.png,12707,,effusion_0,-6.6860123,0.0012466945,0.9862928
real,00012722_000.png,12722,,effusion_0,4.4593735,0.9885627,0.9819629
real,00012722_001.png,12722,,effusion_0,4.387329,0.9877188,0.97476256
real,00012722_002.png,12722,,effusion_0,4.621477,0.9902576,0.98220205
real,00012722_005.png,12722,,effusion_0,5.0296288,0.99350125,0.98375887
real,00012799_001.png,12799,,effusion_0,-6.4201584,0.0016257508,0.96770364
real,00012827_001.png,12827,,effusion_0,-0.60894394,0.35230014,0.41097754
real,00012827_002.png,12827,,effusion_0,6.0234165,0.99758446,0.98854977
real,00012939_002.png,12939,,effusion_0,2.7694874,0.94100446,0.7151925
real,00012949_002.png,12949,,effusion_0,0.036079407,0.5090189,0.43744302
real,00012973_017.png,12973,,effusion_0,2.2835732,0.90750736,0.7038324
real,00012973_015.png,12973,,effusion_0,3.2183037,0.96151733,0.8768869
real,00012973_016.png,12973,,effusion_0,-0.9467087,0.2795472,0.4723955
real,00012973_019.png,12973,,effusion_0,2.1746101,0.8979462,0.7062999
real,00012973_020.png,12973,,effusion_0,2.1323261,0.89400566,0.58883333
real,00012973_021.png,12973,,effusion_0,2.300352,0.9089062,0.65569973
real,00012975_000.png,12975,,effusion_0,5.3022957,0.99504447,0.9825069
real,00013205_001.png,13205,,effusion_0,-4.237198,0.014242248,0.71384454
real,00013205_003.png,13205,,effusion_0,-2.3739357,0.085181944,0.6182552
real,00013205_004.png,13205,,effusion_0,-3.584135,0.02701083,0.6396151
real,00013205_006.png,13205,,effusion_0,-6.4883194,0.001518793,0.95205605
real,00013237_000.png,13237,,effusion_0,-3.7679768,0.022577245,0.65010375
real,00013285_000.png,13285,,effusion_0,-3.9651394,0.018612402,0.7578441
real,00013285_002.png,13285,,effusion_0,-1.6010036,0.16784137,0.39237842
real,00013285_003.png,13285,,effusion_0,4.160269,0.9846364,0.9095767
real,00013370_005.png,13370,,effusion_0,-1.291275,0.21563707,0.3760867
real,00013408_007.png,13408,,effusion_0,-5.8966866,0.0027410032,0.936337
real,00013408_008.png,13408,,effusion_0,1.6331539,0.8366012,0.38671833
real,00013408_016.png,13408,,effusion_0,-5.3239517,0.004849822,0.85810536
real,00013408_017.png,13408,,effusion_0,2.948923,0.9502126,0.77240634
real,00013408_018.png,13408,,effusion_0,-6.572569,0.0013962487,0.96107644
real,00013458_002.png,13458,,effusion_0,-6.891449,0.0010154078,0.9827568
real,00013499_000.png,13499,,effusion_0,-5.3775387,0.004597938,0.8736111
real,00013519_001.png,13519,,effusion_0,-5.741577,0.003199433,0.9302824
real,00013522_000.png,13522,,effusion_0,-7.0203285,0.00089273416,0.9800261
real,00013534_006.png,13534,,effusion_0,6.1171246,0.99780005,0.98852
real,00013534_008.png,13534,,effusion_0,5.9626255,0.9974335,0.98554957
real,00013534_010.png,13534,,effusion_0,4.9744263,0.993135,0.9743765
real,00013591_003.png,13591,,effusion_0,3.655552,0.97480404,0.89506197
real,00013591_005.png,13591,,effusion_0,-5.2101154,0.0054313825,0.8965562
real,00013608_006.png,13608,,effusion_0,-0.6190586,0.34999558,0.30708566
real,00013608_007.png,13608,,effusion_0,3.3273277,0.9653545,0.88509476
real,00013608_008.png,13608,,effusion_0,1.7397575,0.8506563,0.5968802
real,00013608_011.png,13608,,effusion_0,-3.859377,0.020645892,0.6627434
real,00013608_012.png,13608,,effusion_0,0.34804535,0.5861435,0.37185448
real,00013608_013.png,13608,,effusion_0,2.968933,0.9511507,0.8076703
real,00013608_017.png,13608,,effusion_0,3.6006794,0.9734206,0.85183436
real,00013608_021.png,13608,,effusion_0,2.6417923,0.93350327,0.73128045
real,00013625_004.png,13625,,effusion_0,-6.3937817,0.001669131,0.978063
real,00013625_061.png,13625,,effusion_0,-5.95249,0.0025926211,0.94058967
real,00013678_000.png,13678,,effusion_0,4.014841,0.9822741,0.93270046
real,00013678_001.png,13678,,effusion_0,4.7068634,0.9910478,0.96505874
real,00013709_000.png,13709,,effusion_0,-6.8041973,0.0011078813,0.9826842
real,00013743_001.png,13743,,effusion_0,0.81594086,0.69337404,0.38955152
real,00013830_000.png,13830,,effusion_0,-6.728527,0.0011948643,0.97685057
real,00013862_004.png,13862,,effusion_0,3.661724,0.9749552,0.9100431
real,00013911_002.png,13911,,effusion_0,4.9246807,0.9927873,0.9667359
real,00013911_004.png,13911,,effusion_0,3.529314,0.97151047,0.9051774
real,00013911_007.png,13911,,effusion_0,5.7381096,0.9967895,0.9860592
real,00013911_012.png,13911,,effusion_0,2.775177,0.9413196,0.72921413
real,00013911_020.png,13911,,effusion_0,1.8326263,0.8620743,0.5151991
real,00013911_000.png,13911,,effusion_0,5.9036865,0.99727803,0.98922247
real,00013964_001.png,13964,,effusion_0,-2.2080688,0.099028245,0.5429578
real,00014183_000.png,14183,,effusion_0,-6.7872562,0.0011267886,0.96934515
real,00014196_002.png,14196,,effusion_0,5.172596,0.9943621,0.97090864
real,00014196_003.png,14196,,effusion_0,3.6680908,0.9751101,0.8745489
real,00014289_000.png,14289,,effusion_0,6.579445,0.99861324,0.99244505
real,00014307_004.png,14307,,effusion_0,5.2767887,0.99491715,0.97646767
real,00014307_008.png,14307,,effusion_0,-6.764576,0.0011526067,0.97972023
real,00014307_011.png,14307,,effusion_0,2.3271542,0.9111011,0.5844683
real,00014320_011.png,14320,,effusion_0,2.666771,0.93503714,0.7323675
real,00014320_012.png,14320,,effusion_0,-5.9666424,0.0025562807,0.9474562
real,00014320_033.png,14320,,effusion_0,-6.341711,0.0017581893,0.9429472
real,00014320_039.png,14320,,effusion_0,-5.9755287,0.0025337227,0.8931406
real,00014387_000.png,14387,,effusion_0,-2.129856,0.10622865,0.59175485
real,00014387_008.png,14387,,effusion_0,-4.463127,0.011394922,0.67211086
real,00014387_010.png,14387,,effusion_0,2.7927284,0.94228154,0.696665
real,00014475_001.png,14475,,effusion_0,-7.0340977,0.000880537,0.9768096
real,00014538_000.png,14538,,effusion_0,-0.69179916,0.33363295,0.37636024
real,00014574_000.png,14574,,effusion_0,-6.5325203,0.0014532184,0.96085006
real,00014648_000.png,14648,,effusion_0,-6.966921,0.0009416632,0.9790902
real,00014695_004.png,14695,,effusion_0,-2.149435,0.10438403,0.39677122
real,00014719_006.png,14719,,effusion_0,-3.1637573,0.040552612,0.61581403
real,00014719_007.png,14719,,effusion_0,-6.3016644,0.0018298962,0.94222546
real,00014773_003.png,14773,,effusion_0,-4.8832893,0.0075151613,0.89073384
real,00014773_004.png,14773,,effusion_0,-2.8571968,0.054310497,0.59380877
real,00014773_006.png,14773,,effusion_0,-1.4098873,0.19625184,0.5305191
real,00014773_005.png,14773,,effusion_0,-3.096037,0.043271024,0.60409456
real,00014773_007.png,14773,,effusion_0,-7.0325565,0.0008818939,0.9864052
real,00014943_000.png,14943,,effusion_0,-2.9771214,0.04847022,0.598657
real,00015064_000.png,15064,,effusion_0,-3.3664474,0.03336068,0.70684457
real,00015080_002.png,15080,,effusion_0,0.58156586,0.64142764,0.47635797
real,00015114_001.png,15114,,effusion_0,-5.918152,0.0026829496,0.9594213
real,00015114_003.png,15114,,effusion_0,3.000471,0.95259535,0.85708386
real,00015212_001.png,15212,,effusion_0,5.4655952,0.99578804,0.98429847
real,00015212_003.png,15212,,effusion_0,2.1419525,0.8949144,0.7340805
real,00015212_008.png,15212,,effusion_0,4.0453796,0.98279804,0.93531287
real,00015228_002.png,15228,,effusion_0,-6.346134,0.0017504435,0.97159725
real,00015242_000.png,15242,,effusion_0,-3.2228699,0.0383141,0.5817926
real,00015244_002.png,15244,,effusion_0,-7.030285,0.00088389777,0.983149
real,00015244_000.png,15244,,effusion_0,-6.8212337,0.0010891872,0.9795111
real,00015254_001.png,15254,,effusion_0,-2.4340897,0.08060986,0.47717217
real,00015254_002.png,15254,,effusion_0,6.134247,0.99783736,0.9862979
real,00015282_000.png,15282,,effusion_0,-5.6138306,0.0036338195,0.9237415
real,00015313_000.png,15313,,effusion_0,-3.7922535,0.022047682,0.67954224
real,00015313_003.png,15313,,effusion_0,5.750927,0.9968303,0.9884164
real,00015313_005.png,15313,,effusion_0,5.2009773,0.99451905,0.9744176
real,00015313_006.png,15313,,effusion_0,4.0971355,0.9836516,0.9015538
real,00015313_007.png,15313,,effusion_0,-0.67102814,0.3382667,0.2575423
real,00015313_008.png,15313,,effusion_0,-6.2602654,0.0019070946,0.958633
real,00015318_007.png,15318,,effusion_0,-3.424078,0.031551383,0.5723447
real,00015318_008.png,15318,,effusion_0,5.8550205,0.99714273,0.9826992
real,00015376_002.png,15376,,effusion_0,3.521656,0.97129774,0.92440736
real,00015376_037.png,15376,,effusion_0,-5.108639,0.006007991,0.87313545
real,00015388_004.png,15388,,effusion_0,-6.184992,0.002055883,0.947875
real,00015423_001.png,15423,,effusion_0,-0.30401802,0.42457557,0.4002737
real,00015423_002.png,15423,,effusion_0,-0.26860237,0.43325022,0.4359221
real,00015423_003.png,15423,,effusion_0,-2.732071,0.061107237,0.56729615
real,00015423_004.png,15423,,effusion_0,-0.3187809,0.42097288,0.35586175
real,00015423_005.png,15423,,effusion_0,0.11024284,0.5275329,0.3169607
real,00015423_006.png,15423,,effusion_0,2.273653,0.9066714,0.6666403
real,00015448_003.png,15448,,effusion_0,-7.0043106,0.00090713595,0.98484254
real,00015492_002.png,15492,,effusion_0,-6.529501,0.0014576063,0.9471902
real,00015497_000.png,15497,,effusion_0,5.2145863,0.9945927,0.97693443
real,00015497_001.png,15497,,effusion_0,2.7170048,0.9380227,0.6755438
real,00015562_004.png,15562,,effusion_0,-1.804018,0.14136265,0.47916237
real,00015654_000.png,15654,,effusion_0,3.372387,0.9668304,0.83399254
real,00015654_001.png,15654,,effusion_0,5.0646515,0.9937236,0.97779137
real,00015654_002.png,15654,,effusion_0,5.5025597,0.9959402,0.98061323
real,00015654_003.png,15654,,effusion_0,4.9236584,0.99278,0.9658479
real,00015654_004.png,15654,,effusion_0,5.806099,0.9969998,0.9812917
real,00015654_005.png,15654,,effusion_0,6.5389233,0.9985561,0.9899545
real,00015654_006.png,15654,,effusion_0,6.265108,0.9981021,0.990141
real,00015716_000.png,15716,,effusion_0,-3.5869446,0.02693709,0.63841695
real,00015985_000.png,15985,,effusion_0,2.1568298,0.89630526,0.6788612
real,00016041_000.png,16041,,effusion_0,5.583544,0.9962548,0.981372
real,00016184_016.png,16184,,effusion_0,5.29496,0.99500823,0.980828
real,00016191_001.png,16191,,effusion_0,3.243456,0.9624373,0.85240775
real,00016191_015.png,16191,,effusion_0,-0.59732056,0.35495695,0.32976004
real,00016191_016.png,16191,,effusion_0,-5.755417,0.0031555973,0.9077926
real,00016191_021.png,16191,,effusion_0,4.163742,0.98468876,0.9611811
real,00016191_026.png,16191,,effusion_0,4.9034195,0.9926335,0.957538
real,00016191_027.png,16191,,effusion_0,5.274151,0.9949038,0.98021173
real,00016202_000.png,16202,,effusion_0,-6.657707,0.0012824404,0.97672313
real,00016205_005.png,16205,,effusion_0,2.270855,0.9064343,0.57859516
real,00016205_007.png,16205,,effusion_0,-5.7654953,0.0031240527,0.84884536
real,00016205_008.png,16205,,effusion_0,-4.4839897,0.011162283,0.63617927
real,00016205_009.png,16205,,effusion_0,-4.2390003,0.014216963,0.6117619
real,00016238_007.png,16238,,effusion_0,5.65839,0.9965239,0.98614645
real,00016238_008.png,16238,,effusion_0,1.4807663,0.81468827,0.48689428
real,00016353_000.png,16353,,effusion_0,-6.370348,0.0017086391,0.9640155
real,00016417_000.png,16417,,effusion_0,4.640444,0.9904389,0.97044593
real,00016417_001.png,16417,,effusion_0,4.70611,0.9910411,0.9628949
real,00016417_002.png,16417,,effusion_0,-6.2429695,0.0019403019,0.9543284
real,00016417_004.png,16417,,effusion_0,4.6282005,0.9903223,0.9552711
real,00016417_006.png,16417,,effusion_0,3.4061432,0.9678959,0.82613224
real,00016417_007.png,16417,,effusion_0,5.2075443,0.99455476,0.97291994
real,00016417_008.png,16417,,effusion_0,5.2190914,0.9946169,0.97697455
real,00016417_009.png,16417,,effusion_0,5.8530884,0.9971372,0.9870895
real,00016484_002.png,16484,,effusion_0,-5.232527,0.005311651,0.90640485
real,00016484_018.png,16484,,effusion_0,-6.079962,0.00228304,0.9621897
real,00016484_030.png,16484,,effusion_0,-5.9962215,0.0024819605,0.96090454
real,00016548_000.png,16548,,effusion_0,0.9044914,0.71187156,0.52717257
real,00016568_005.png,16568,,effusion_0,3.3392258,0.9657502,0.90037835
real,00016568_015.png,16568,,effusion_0,3.914421,0.98043823,0.9359091
real,00016568_016.png,16568,,effusion_0,-4.472471,0.0112901395,0.7827692
real,00016568_017.png,16568,,effusion_0,3.0077438,0.9529227,0.85226345
real,00016568_018.png,16568,,effusion_0,4.237007,0.9857551,0.9638049
real,00016568_019.png,16568,,effusion_0,4.627468,0.99031526,0.96832895
real,00016568_020.png,16568,,effusion_0,1.9991112,0.88070375,0.7826742
real,00016568_021.png,16568,,effusion_0,4.703718,0.9910198,0.97596914
real,00016568_022.png,16568,,effusion_0,4.0649834,0.98312634,0.9516606
real,00016568_023.png,16568,,effusion_0,-2.0600147,0.11304435,0.67717767
real,00016568_024.png,16568,,effusion_0,4.162035,0.984663,0.9672354
real,00016568_025.png,16568,,effusion_0,4.7767124,0.9916467,0.9761697
real,00016568_028.png,16568,,effusion_0,4.4993343,0.9890058,0.9610203
real,00016568_029.png,16568,,effusion_0,4.317011,0.98683596,0.95878965
real,00016568_032.png,16568,,effusion_0,2.907627,0.9482222,0.8525967
real,00016568_036.png,16568,,effusion_0,2.4769669,0.9225113,0.7543519
real,00016568_037.png,16568,,effusion_0,3.8300533,0.97875273,0.8960711
real,00016568_038.png,16568,,effusion_0,2.665228,0.9349433,0.76980907
real,00016568_039.png,16568,,effusion_0,3.0765724,0.955916,0.86095786
real,00016568_040.png,16568,,effusion_0,-0.03896141,0.4902609,0.49495748
real,00016568_041.png,16568,,effusion_0,3.0906754,0.9565065,0.8364972
real,00016568_042.png,16568,,effusion_0,-0.52178,0.3724361,0.5067981
real,00016568_043.png,16568,,effusion_0,-1.2778835,0.2179107,0.53154486
real,00016568_044.png,16568,,effusion_0,2.1969872,0.89997864,0.644549
real,00016568_047.png,16568,,effusion_0,1.3310928,0.79102135,0.4755131
real,00016568_051.png,16568,,effusion_0,-1.2802086,0.21751471,0.44132775
real,00016677_004.png,16677,,effusion_0,5.2620296,0.994842,0.9808188
real,00016677_000.png,16677,,effusion_0,4.965416,0.9930733,0.97977114
real,00016724_000.png,16724,,effusion_0,6.323225,0.9982091,0.99105316
real,00016724_001.png,16724,,effusion_0,6.6098423,0.9986547,0.99478906
real,00016724_003.png,16724,,effusion_0,5.218996,0.9946163,0.9831698
real,00016757_003.png,16757,,effusion_0,-5.655033,0.0034876512,0.8637696
real,00016801_000.png,16801,,effusion_0,2.8582745,0.9457448,0.8388409
real,00016801_006.png,16801,,effusion_0,4.988777,0.99323213,0.9776645
real,00016801_008.png,16801,,effusion_0,-3.6627598,0.02501955,0.65410894
real,00016862_000.png,16862,,effusion_0,-2.5497456,0.072443575,0.49300715
real,00016975_010.png,16975,,effusion_0,-6.5560493,0.0014194726,0.9632664
real,00016975_013.png,16975,,effusion_0,-6.7271843,0.0011964679,0.9676614
real,00016975_017.png,16975,,effusion_0,5.757408,0.99685067,0.9842517
real,00016975_018.png,16975,,effusion_0,-3.239048,0.03772243,0.5331264
real,00016990_000.png,16990,,effusion_0,-6.390768,0.0016741602,0.96706754
real,00017258_002.png,17258,,effusion_0,3.0290375,0.95386887,0.85486263
real,00017258_003.png,17258,,effusion_0,-0.38986778,0.4037491,0.4896305
real,00017258_004.png,17258,,effusion_0,6.4193096,0.9983728,0.99173003
real,00017258_005.png,17258,,effusion_0,3.2261143,0.9618053,0.8620923
real,00017258_006.png,17258,,effusion_0,5.014303,0.9934016,0.98337626
real,00017258_007.png,17258,,effusion_0,5.9751606,0.9974654,0.9901707
real,00017258_008.png,17258,,effusion_0,5.8748055,0.9971986,0.9851493
real,00017258_009.png,17258,,effusion_0,5.9366035,0.997366,0.99059755
real,00017258_010.png,17258,,effusion_0,6.123972,0.997815,0.9892779
real,00017258_011.png,17258,,effusion_0,2.8472252,0.94517505,0.823627
real,00017258_016.png,17258,,effusion_0,-1.0078583,0.26739922,0.68486905
real,00017258_017.png,17258,,effusion_0,-3.200636,0.039141797,0.8067259
real,00017258_019.png,17258,,effusion_0,4.4925194,0.9889314,0.96127534
real,00017263_000.png,17263,,effusion_0,-7.017721,0.00089506287,0.9789927
real,00017395_001.png,17395,,effusion_0,5.6941204,0.9966455,0.9777782
real,00017395_002.png,17395,,effusion_0,3.9605598,0.9813037,0.9144671
real,00017395_003.png,17395,,effusion_0,-2.7058506,0.06262901,0.54585665
real,00017443_012.png,17443,,effusion_0,1.6372375,0.8371587,0.54146826
real,00017443_013.png,17443,,effusion_0,-1.3343391,0.20844254,0.44372565
real,00017529_000.png,17529,,effusion_0,1.4050179,0.80297893,0.41766503
real,00017607_000.png,17607,,effusion_0,-6.3163586,0.0018032523,0.9593414
real,00017618_004.png,17618,,effusion_0,5.3339767,0.9951983,0.9805336
real,00017618_005.png,17618,,effusion_0,3.2711086,0.9634242,0.82828635
real,00017618_006.png,17618,,effusion_0,4.333351,0.9870465,0.9710814
real,00017618_008.png,17618,,effusion_0,4.9614563,0.993046,0.9765544
real,00017618_009.png,17618,,effusion_0,5.5622654,0.9961746,0.98609537
real,00017618_010.png,17618,,effusion_0,5.8993797,0.9972664,0.98965794
real,00017618_011.png,17618,,effusion_0,6.1080475,0.99778,0.98849726
real,00017618_014.png,17618,,effusion_0,6.1299934,0.99782807,0.9865015
real,00017618_015.png,17618,,effusion_0,4.0169525,0.9823108,0.9190868
real,00017618_019.png,17618,,effusion_0,3.3968582,0.96760625,0.8328401
real,00017618_020.png,17618,,effusion_0,3.780285,0.9776928,0.9139622
real,00017618_021.png,17618,,effusion_0,4.834133,0.99210924,0.95920306
real,00017618_022.png,17618,,effusion_0,5.79537,0.9969676,0.9882751
real,00017618_023.png,17618,,effusion_0,6.5163116,0.99852306,0.99220777
real,00017618_032.png,17618,,effusion_0,5.481203,0.99585295,0.9823956
real,00017691_014.png,17691,,effusion_0,-4.9131794,0.0072954698,0.8431511
real,00017702_001.png,17702,,effusion_0,5.7863846,0.9969404,0.9891491
real,00017747_053.png,17747,,effusion_0,-3.2669258,0.03672342,0.7538696
real,00017747_054.png,17747,,effusion_0,0.047275543,0.5118167,0.69500685
real,00017747_055.png,17747,,effusion_0,-0.6798401,0.33629698,0.6763465
real,00017747_056.png,17747,,effusion_0,0.13039589,0.5325529,0.6820663
real,00017747_057.png,17747,,effusion_0,-0.88193893,0.29277614,0.769663
real,00017747_004.png,17747,,effusion_0,-1.3727684,0.20217294,0.6193566
real,00017747_005.png,17747,,effusion_0,-0.14495659,0.46382418,0.7333267
real,00017747_008.png,17747,,effusion_0,2.044344,0.88537484,0.8527435
real,00017747_010.png,17747,,effusion_0,1.267189,0.78026116,0.82264465
real,00017747_011.png,17747,,effusion_0,1.5136356,0.8195994,0.81811595
real,00017747_012.png,17747,,effusion_0,1.9358406,0.87389445,0.83448046
real,00017763_003.png,17763,,effusion_0,-5.51009,0.0040294416,0.8879623
real,00017763_004.png,17763,,effusion_0,-6.2464733,0.0019335283,0.94112647
real,00017786_005.png,17786,,effusion_0,3.4228725,0.96841174,0.8652366
real,00017786_010.png,17786,,effusion_0,-5.239094,0.005277067,0.8739595
real,00017786_012.png,17786,,effusion_0,2.341484,0.912255,0.5956225
real,00017786_000.png,17786,,effusion_0,3.8708324,0.97958446,0.9351747
real,00017822_000.png,17822,,effusion_0,-6.0330296,0.0023924797,0.90068257
real,00017835_032.png,17835,,effusion_0,-0.3103466,0.42303014,0.31858805
real,00017846_000.png,17846,,effusion_0,0.88596535,0.70805687,0.52875847
real,00017930_004.png,17930,,effusion_0,5.8379345,0.99709356,0.9903554
real,00017930_005.png,17930,,effusion_0,6.16173,0.99789584,0.99235785
real,00017939_000.png,17939,,effusion_0,-6.6147385,0.001338671,0.9653826
real,00017945_000.png,17945,,effusion_0,-4.505289,0.010929619,0.8392851
real,00017953_000.png,17953,,effusion_0,1.7633,0.8536225,0.5050942
real,00017963_005.png,17963,,effusion_0,5.1034393,0.99396086,0.97573996
real,00017963_006.png,17963,,effusion_0,-6.1541405,0.002120162,0.95998496
real,00018011_003.png,18011,,effusion_0,-4.804537,0.008125923,0.7956466
real,00018011_005.png,18011,,effusion_0,-3.2929688,0.03581319,0.7098007
real,00018011_006.png,18011,,effusion_0,-6.698229,0.0012315753,0.96522486
real,00018011_008.png,18011,,effusion_0,-5.8224583,0.0029515813,0.9246005
real,00018065_005.png,18065,,effusion_0,3.193472,0.96058786,0.90108633
real,00018065_006.png,18065,,effusion_0,3.532631,0.971602,0.9441731
real,00018065_007.png,18065,,effusion_0,2.873478,0.9465197,0.8575879
real,00018090_000.png,18090,,effusion_0,5.0876904,0.99386555,0.98210216
real,00018102_001.png,18102,,effusion_0,3.8600407,0.97936755,0.94051427
real,00018102_002.png,18102,,effusion_0,4.6460133,0.99049145,0.97183186
real,00018102_004.png,18102,,effusion_0,4.1200294,0.9840156,0.9484031
real,00018148_001.png,18148,,effusion_0,6.336565,0.9982327,0.9877454
real,00018284_003.png,18284,,effusion_0,3.6482964,0.97462523,0.95552635
real,00018284_004.png,18284,,effusion_0,3.6037312,0.9734995,0.9615474
real,00018374_000.png,18374,,effusion_0,3.1442928,0.95868325,0.80018
real,00018463_000.png,18463,,effusion_0,-6.8814564,0.0010255949,0.9700407
real,00018488_005.png,18488,,effusion_0,-2.28022,0.09277443,0.699764
real,00018521_005.png,18521,,effusion_0,4.0686226,0.9831866,0.95846283
real,00018521_007.png,18521,,effusion_0,3.9086075,0.9803264,0.9583695
real,00018521_008.png,18521,,effusion_0,4.796892,0.9918122,0.97902113
real,00018521_009.png,18521,,effusion_0,4.264742,0.98613936,0.9737522
real,00018521_010.png,18521,,effusion_0,4.25222,0.9859671,0.9688218
real,00018521_011.png,18521,,effusion_0,5.7970543,0.9969727,0.9917495
real,00018521_014.png,18521,,effusion_0,3.6740627,0.97525465,0.9527705
real,00018521_015.png,18521,,effusion_0,5.608988,0.9963486,0.9902718
real,00018524_002.png,18524,,effusion_0,-3.906931,0.019705972,0.6889265
real,00018524_003.png,18524,,effusion_0,0.5735035,0.6395712,0.35197285
real,00018524_005.png,18524,,effusion_0,2.6319408,0.9328891,0.6883802
real,00018531_000.png,18531,,effusion_0,-6.8747234,0.0010325162,0.9664528
real,00018592_002.png,18592,,effusion_0,3.5023289,0.9707539,0.8780378
real,00018592_007.png,18592,,effusion_0,-6.9642982,0.0009441336,0.9723319
real,00018626_010.png,18626,,effusion_0,2.4607277,0.92134243,0.7006543
real,00018626_012.png,18626,,effusion_0,5.8066063,0.99700135,0.98636574
real,00018626_013.png,18626,,effusion_0,5.158861,0.9942846,0.97410274
real,00018626_014.png,18626,,effusion_0,4.791456,0.991768,0.9700737
real,00018626_017.png,18626,,effusion_0,5.156805,0.9942729,0.9785175
real,00018672_000.png,18672,,effusion_0,-4.804083,0.008129583,0.71882117
real,00018678_000.png,18678,,effusion_0,3.7056084,0.97600466,0.8827627
real,00018964_004.png,18964,,effusion_0,-2.9842453,0.048142713,0.59702104
real,00018964_005.png,18964,,effusion_0,-6.2283344,0.0019688508,0.9485703
real,00018964_006.png,18964,,effusion_0,-6.2562065,0.0019148363,0.9499237
real,00019125_000.png,19125,,effusion_0,4.0202446,0.9823679,0.9394785
real,00019154_000.png,19154,,effusion_0,-2.473011,0.07777199,0.61934626
real,00019154_001.png,19154,,effusion_0,2.5439415,0.92716545,0.8204907
real,00019201_002.png,19201,,effusion_0,-3.5387783,0.02822878,0.58867115
real,00019231_001.png,19231,,effusion_0,-6.1284485,0.0021752187,0.88159543
real,00019395_006.png,19395,,effusion_0,3.9812508,0.98167956,0.93155813
real,00019395_012.png,19395,,effusion_0,6.0283165,0.9975962,0.9911848
real,00019395_014.png,19395,,effusion_0,5.457081,0.9957521,0.9759036
real,00019395_015.png,19395,,effusion_0,5.1597958,0.9942899,0.97125715
real,00019395_016.png,19395,,effusion_0,5.752714,0.9968359,0.985602
real,00019395_017.png,19395,,effusion_0,5.719866,0.99673057,0.9862534
real,00019395_018.png,19395,,effusion_0,5.7108555,0.99670106,0.9826117
real,00019395_020.png,19395,,effusion_0,5.5024757,0.99593985,0.98073965
real,00019395_021.png,19395,,effusion_0,4.250229,0.9859395,0.9431255
real,00019395_022.png,19395,,effusion_0,5.897892,0.99726224,0.98958206
real,00019395_023.png,19395,,effusion_0,5.712862,0.9967077,0.98797756
real,00019395_026.png,19395,,effusion_0,5.9053726,0.9972826,0.98330754
real,00019406_007.png,19406,,effusion_0,-6.7561073,0.0011623978,0.97442484
real,00019409_000.png,19409,,effusion_0,1.6375618,0.8372029,0.6158653
real,00019437_000.png,19437,,effusion_0,3.1394958,0.95849276,0.8065047
real,00019486_001.png,19486,,effusion_0,-6.714493,0.0012117311,0.96703875
real,00019486_000.png,19486,,effusion_0,-6.53924,0.0014435002,0.9600617
real,00019592_006.png,19592,,effusion_0,2.9983616,0.95250005,0.8375469
real,00019592_007.png,19592,,effusion_0,2.1620846,0.8967926,0.6850164
real,00019592_008.png,19592,,effusion_0,4.527502,0.98930794,0.95882666
real,00019637_004.png,19637,,effusion_0,-2.1679955,0.10266155,0.4381246
real,00019637_008.png,19637,,effusion_0,3.3194447,0.9650899,0.86442834
real,00019637_003.png,19637,,effusion_0,-0.112457275,0.4719153,0.47454315
real,00019761_000.png,19761,,effusion_0,4.439739,0.9883386,0.9199897
real,00019863_006.png,19863,,effusion_0,-2.116356,0.10751724,0.37247616
real,00019863_008.png,19863,,effusion_0,-5.29858,0.0049738237,0.780389
real,00019917_000.png,19917,,effusion_0,4.1595497,0.98462546,0.94907075
real,00019919_016.png,19919,,effusion_0,-3.7482758,0.023016112,0.7773648
real,00019919_017.png,19919,,effusion_0,-1.1074543,0.24834578,0.58810854
real,00019919_018.png,19919,,effusion_0,2.3965168,0.91656125,0.72895765
real,00019919_020.png,19919,,effusion_0,-0.052228928,0.48694572,0.45560473
real,00019919_021.png,19919,,effusion_0,3.9144669,0.98043907,0.944887
real,00019919_003.png,19919,,effusion_0,-5.060341,0.006303412,0.8872394
real,00019927_005.png,19927,,effusion_0,-3.6203022,0.0260764,0.7277513
real,00019927_007.png,19927,,effusion_0,-3.3731155,0.033146318,0.7612247
real,00019927_008.png,19927,,effusion_0,2.9812832,0.9517214,0.8085842
real,00019927_009.png,19927,,effusion_0,-5.106779,0.006019106,0.91993034
real,00019927_010.png,19927,,effusion_0,-2.4378624,0.08033069,0.64254814
real,00019964_000.png,19964,,effusion_0,-1.9561462,0.12388472,0.47215244
real,00020234_000.png,20234,,effusion_0,4.0589046,0.9830252,0.94068146
real,00020286_004.png,20286,,effusion_0,-1.4023266,0.19744718,0.47388002
real,00020286_003.png,20286,,effusion_0,0.03564644,0.50891066,0.46323428
real,00020286_002.png,20286,,effusion_0,-2.0648937,0.11255608,0.49714857
real,00020286_008.png,20286,,effusion_0,-5.7296352,0.0032377448,0.8961902
real,00020286_009.png,20286,,effusion_0,-5.0189705,0.006567907,0.8378469
real,00020286_012.png,20286,,effusion_0,-4.772049,0.008392001,0.8064896
real,00020286_011.png,20286,,effusion_0,-3.744873,0.023092749,0.66746336
real,00020286_014.png,20286,,effusion_0,1.9907398,0.8798214,0.6736289
real,00020286_015.png,20286,,effusion_0,4.18001,0.9849321,0.9518896
real,00020286_028.png,20286,,effusion_0,3.2111626,0.9612522,0.8299971
real,00020286_023.png,20286,,effusion_0,3.7110767,0.97613245,0.9205671
real,00020286_026.png,20286,,effusion_0,3.0546303,0.95498204,0.8207183
real,00020312_018.png,20312,,effusion_0,-5.4452553,0.0042981836,0.8343896
real,00020318_035.png,20318,,effusion_0,-6.0323887,0.0023940098,0.9670246
real,00020318_002.png,20318,,effusion_0,3.9773178,0.9816088,0.94654125
real,00020318_003.png,20318,,effusion_0,2.9175377,0.9487066,0.88643533
real,00020318_004.png,20318,,effusion_0,3.0267467,0.9537679,0.8611519
real,00020318_006.png,20318,,effusion_0,-1.5094719,0.18101707,0.778551
real,00020318_008.png,20318,,effusion_0,-0.22501945,0.44398132,0.6977176
real,00020318_010.png,20318,,effusion_0,1.0695858,0.74451816,0.7352606
real,00020318_011.png,20318,,effusion_0,-0.8023796,0.30951673,0.6736696
real,00020318_012.png,20318,,effusion_0,3.0998611,0.95688695,0.9357312
real,00020318_014.png,20318,,effusion_0,2.3878555,0.9158965,0.891605
real,00020318_015.png,20318,,effusion_0,2.7586594,0.94040054,0.9102064
real,00020318_017.png,20318,,effusion_0,2.711586,0.9377068,0.8821717
real,00020318_018.png,20318,,effusion_0,3.2855606,0.9639302,0.90992147
real,00020318_019.png,20318,,effusion_0,0.6762295,0.66289663,0.79660326
real,00020318_020.png,20318,,effusion_0,3.4600563,0.9695296,0.9341049
real,00020318_021.png,20318,,effusion_0,4.0103836,0.9821962,0.969836
real,00020318_022.png,20318,,effusion_0,2.0327148,0.88418937,0.8804704
real,00020318_023.png,20318,,effusion_0,0.41105652,0.6013412,0.7878424
real,00020382_000.png,20382,,effusion_0,4.2509785,0.98594993,0.96472335
real,00020393_003.png,20393,,effusion_0,2.6412392,0.933469,0.8194812
real,00020393_004.png,20393,,effusion_0,-6.946621,0.0009609557,0.9815253
real,00020399_000.png,20399,,effusion_0,3.4160976,0.96820384,0.9110124
real,00020428_000.png,20428,,effusion_0,-6.5170193,0.0014758867,0.9529478
real,00020485_000.png,20485,,effusion_0,-6.9897766,0.00092040433,0.9899297
real,00020629_006.png,20629,,effusion_0,-0.60544205,0.35309964,0.4379126
real,00020629_007.png,20629,,effusion_0,-6.2552166,0.001916729,0.94693214
real,00020629_008.png,20629,,effusion_0,-3.5833492,0.027031489,0.6679167
real,00020629_011.png,20629,,effusion_0,5.0734787,0.99377835,0.97650075
real,00020629_012.png,20629,,effusion_0,4.012333,0.98223037,0.9215776
real,00020629_014.png,20629,,effusion_0,4.4490967,0.988446,0.94965357
real,00020629_016.png,20629,,effusion_0,-6.8245697,0.0010855637,0.971938
real,00020642_002.png,20642,,effusion_0,3.904459,0.98024625,0.8937448
real,00020642_003.png,20642,,effusion_0,2.9158459,0.9486242,0.78367996
real,00020671_000.png,20671,,effusion_0,4.2278423,0.9856258,0.96884245
real,00020671_003.png,20671,,effusion_0,4.203209,0.9852726,0.9693035
real,00020671_004.png,20671,,effusion_0,4.9384384,0.9928852,0.9715536
real,00020671_005.png,20671,,effusion_0,4.4394455,0.98833525,0.967918
real,00020671_006.png,20671,,effusion_0,4.5649376,0.98969674,0.9749157
real,00020671_008.png,20671,,effusion_0,4.8253384,0.99204004,0.9777205
real,00020671_009.png,20671,,effusion_0,4.9040318,0.992638,0.98186606
real,00020671_010.png,20671,,effusion_0,5.076887,0.9937994,0.98418206
real,00020671_015.png,20671,,effusion_0,3.3259602,0.9653087,0.8943883
real,00020671_016.png,20671,,effusion_0,5.2952557,0.99500966,0.984135
real,00020671_017.png,20671,,effusion_0,4.06806,0.98317724,0.94056696
real,00020671_018.png,20671,,effusion_0,3.152094,0.9589911,0.89561737
real,00020683_000.png,20683,,effusion_0,3.7849827,0.977795,0.9066215
real,00020683_001.png,20683,,effusion_0,4.90913,0.9926751,0.9756452
real,00020758_001.png,20758,,effusion_0,1.8201599,0.86058533,0.5098105
real,00020810_004.png,20810,,effusion_0,4.8117294,0.99193186,0.9689603
real,00020811_013.png,20811,,effusion_0,-4.5307045,0.010658261,0.8750477
real,00020811_014.png,20811,,effusion_0,-5.0343037,0.0064686146,0.8424569
real,00020811_004.png,20811,,effusion_0,3.0240479,0.95364875,0.84883094
real,00020811_008.png,20811,,effusion_0,5.991745,0.9975069,0.9873013
real,00020819_002.png,20819,,effusion_0,6.106436,0.99777645,0.9910342
real,00020819_006.png,20819,,effusion_0,-6.6827583,0.0012507525,0.95796436
real,00020819_010.png,20819,,effusion_0,0.70012283,0.668215,0.43299142
real,00020819_012.png,20819,,effusion_0,-2.4138165,0.08212517,0.54660755
real,00020819_013.png,20819,,effusion_0,-3.6278229,0.025886081,0.67603296
real,00020819_014.png,20819,,effusion_0,-4.654148,0.009432208,0.7809945
real,00020819_015.png,20819,,effusion_0,2.7039032,0.93725663,0.78264624
real,00020819_016.png,20819,,effusion_0,-3.5913658,0.026821448,0.7222775
real,00020869_007.png,20869,,effusion_0,-6.650667,0.0012914889,0.96781313
real,00020880_002.png,20880,,effusion_0,1.5699768,0.8277803,0.40121186
real,00020880_004.png,20880,,effusion_0,1.2767963,0.7819039,0.40309703
real,00020928_001.png,20928,,effusion_0,5.358309,0.99531317,0.98969257
real,00020934_000.png,20934,,effusion_0,-6.740549,0.0011806025,0.97395223
real,00021023_005.png,21023,,effusion_0,5.6449127,0.99647695,0.9796808
real,00021023_007.png,21023,,effusion_0,6.141117,0.9978521,0.98826236
real,00021023_020.png,21023,,effusion_0,3.0330963,0.9540471,0.70053214
real,00021107_001.png,21107,,effusion_0,-5.3971367,0.0045091077,0.8164571
real,00021107_002.png,21107,,effusion_0,-6.308296,0.0018178229,0.9238279
real,00021200_003.png,21200,,effusion_0,-6.2398434,0.0019463652,0.9641078
real,00021245_002.png,21245,,effusion_0,4.7627735,0.9915304,0.9725923
real,00021245_003.png,21245,,effusion_0,4.827286,0.99205536,0.97673607
real,00021260_005.png,21260,,effusion_0,-6.8395996,0.0010693871,0.9837007
real,00021362_003.png,21362,,effusion_0,5.5199127,0.9960098,0.98670584
real,00021362_004.png,21362,,effusion_0,4.072319,0.9832476,0.94637334
real,00021362_005.png,21362,,effusion_0,4.883831,0.99248886,0.97554934
real,00021398_000.png,21398,,effusion_0,5.4116917,0.9955558,0.984654
real,00021398_001.png,21398,,effusion_0,3.9463482,0.98104125,0.9350595
real,00021409_003.png,21409,,effusion_0,3.8188381,0.97851825,0.911718
real,00021409_004.png,21409,,effusion_0,5.105793,0.993975,0.98265827
real,00021409_005.png,21409,,effusion_0,4.51684,0.9891945,0.9786756
real,00021409_009.png,21409,,effusion_0,4.975355,0.99314135,0.9716734
real,00021455_000.png,21455,,effusion_0,4.6243114,0.99028486,0.9634753
real,00021455_001.png,21455,,effusion_0,2.1330795,0.894077,0.66126245
real,00021455_005.png,21455,,effusion_0,4.1730957,0.98482925,0.9545759
real,00021455_006.png,21455,,effusion_0,5.2667656,0.99486613,0.98008734
real,00021455_007.png,21455,,effusion_0,4.7747746,0.9916306,0.96967083
real,00021455_009.png,21455,,effusion_0,2.8780441,0.9467504,0.8374257
real,00021495_002.png,21495,,effusion_0,5.507534,0.9959603,0.97308207
real,00021495_006.png,21495,,effusion_0,4.5610332,0.9896569,0.9522295
real,00021495_007.png,21495,,effusion_0,3.7299595,0.97656834,0.84799224
real,00021495_008.png,21495,,effusion_0,4.29521,0.9865497,0.9353236
real,00021648_009.png,21648,,effusion_0,-4.775202,0.008365804,0.874198
real,00021649_001.png,21649,,effusion_0,-6.773245,0.0011426695,0.98161423
real,00021684_000.png,21684,,effusion_0,2.736187,0.93912846,0.7583506
real,00021707_003.png,21707,,effusion_0,-5.9480762,0.0026040594,0.93068814
real,00021707_004.png,21707,,effusion_0,-4.2242775,0.014424786,0.6186714
real,00021803_000.png,21803,,effusion_0,-0.93961143,0.28097883,0.34002784
real,00021803_001.png,21803,,effusion_0,-6.373871,0.0017026407,0.9688726
real,00021845_000.png,21845,,effusion_0,-6.835064,0.0010742433,0.9779763
real,00021845_003.png,21845,,effusion_0,-6.7823334,0.001132343,0.98618484
real,00021972_025.png,21972,,effusion_0,4.578766,0.98983675,0.97011036
real,00021972_027.png,21972,,effusion_0,4.9043503,0.9926403,0.964287
real,00021972_028.png,21972,,effusion_0,4.1881905,0.9850531,0.95312655
real,00021972_029.png,21972,,effusion_0,3.2604961,0.9630484,0.86896265
real,00021972_030.png,21972,,effusion_0,0.48643303,0.6192658,0.4731261
real,00021972_032.png,21972,,effusion_0,-1.7962284,0.1423108,0.45880184
real,00021972_001.png,21972,,effusion_0,5.268339,0.9948743,0.9786524
real,00021972_003.png,21972,,effusion_0,5.4010754,0.99550855,0.98103917
real,00021972_005.png,21972,,effusion_0,5.1115055,0.99400914,0.97389317
real,00021972_007.png,21972,,effusion_0,3.4208736,0.9683506,0.9009116
real,00021972_009.png,21972,,effusion_0,-2.730692,0.061186403,0.5622464
real,00021972_010.png,21972,,effusion_0,-1.7265053,0.15103514,0.450374
real,00021976_004.png,21976,,effusion_0,-0.36944008,0.40867633,0.5655167
real,00021976_005.png,21976,,effusion_0,-4.736969,0.008689012,0.7850434
real,00021976_006.png,21976,,effusion_0,-2.4855309,0.076878764,0.5137449
real,00021976_007.png,21976,,effusion_0,3.3748322,0.9669086,0.7976222
real,00021976_008.png,21976,,effusion_0,2.613802,0.9317446,0.6686391
real,00021976_009.png,21976,,effusion_0,-2.7324753,0.061084043,0.5462264
real,00021976_010.png,21976,,effusion_0,-1.1455936,0.24129486,0.3369601
real,00021976_011.png,21976,,effusion_0,-4.7237587,0.008803541,0.75091887
real,00021976_013.png,21976,,effusion_0,-5.2730255,0.005101909,0.8761074
real,00021976_012.png,21976,,effusion_0,-4.298641,0.013404875,0.67007124
real,00022147_005.png,22147,,effusion_0,-6.5765266,0.0013907413,0.95390546
real,00022147_000.png,22147,,effusion_0,-6.7257175,0.001198222,0.9724882
real,00022155_003.png,22155,,effusion_0,3.579897,0.9728776,0.8887497
real,00022155_004.png,22155,,effusion_0,3.2015743,0.9608935,0.8500773
real,00022155_005.png,22155,,effusion_0,4.1064816,0.98380107,0.9256515
real,00022155_008.png,22155,,effusion_0,2.6698418,0.9352234,0.7533933
real,00022155_010.png,22155,,effusion_0,-1.5594921,0.17371954,0.48503768
real,00022155_011.png,22155,,effusion_0,1.8601837,0.86531836,0.54541844
real,00022155_013.png,22155,,effusion_0,2.2876377,0.907848,0.5192266
real,00022155_021.png,22155,,effusion_0,3.8377132,0.9789115,0.9130429
real,00022175_001.png,22175,,effusion_0,3.1683292,0.9596249,0.6922087
real,00022341_005.png,22341,,effusion_0,-5.888937,0.002762268,0.96100193
real,00022574_000.png,22574,,effusion_0,-6.566246,0.0014050925,0.9633516
real,00022651_001.png,22651,,effusion_0,2.236065,0.9034417,0.69677085
real,00022651_003.png,22651,,effusion_0,3.7256794,0.9764703,0.91795707
real,00022651_004.png,22651,,effusion_0,4.355171,0.9873225,0.9486355
real,00022651_005.png,22651,,effusion_0,3.0083103,0.95294815,0.8185042
real,00022651_006.png,22651,,effusion_0,3.463459,0.96962994,0.871785
real,00022651_007.png,22651,,effusion_0,3.774395,0.9775639,0.9323947
real,00022651_008.png,22651,,effusion_0,2.050621,0.88601035,0.64090884
real,00022651_009.png,22651,,effusion_0,2.3465881,0.9126626,0.67060506
real,00022651_010.png,22651,,effusion_0,3.456211,0.9694158,0.90043455
real,00022651_013.png,22651,,effusion_0,1.1806374,0.7650624,0.5253098
real,00022651_015.png,22651,,effusion_0,2.0947857,0.89039534,0.68650746
real,00022651_016.png,22651,,effusion_0,2.2470684,0.9043973,0.7768942
real,00022651_017.png,22651,,effusion_0,1.1704025,0.76321775,0.5342247
real,00022651_018.png,22651,,effusion_0,3.2163773,0.9614459,0.862292
real,00022651_019.png,22651,,effusion_0,1.3703175,0.79743147,0.5264252
real,00022651_023.png,22651,,effusion_0,1.1673851,0.762672,0.52942705
real,00022677_002.png,22677,,effusion_0,-6.6212063,0.001330052,0.98442096
real,00022716_000.png,22716,,effusion_0,3.0522823,0.95488095,0.75827724
real,00022789_000.png,22789,,effusion_0,-4.7249527,0.008793129,0.8525707
real,00022789_001.png,22789,,effusion_0,-6.594776,0.0013656255,0.978052
real,00022818_000.png,22818,,effusion_0,-6.795025,0.0011180786,0.97837454
real,00022883_002.png,22883,,effusion_0,4.2678413,0.9861816,0.93312067
real,00022883_011.png,22883,,effusion_0,4.147545,0.98444265,0.9245888
real,00022883_012.png,22883,,effusion_0,4.3701153,0.98750824,0.956461
real,00023073_008.png,23073,,effusion_0,-3.340643,0.034202915,0.77958405
real,00023093_007.png,23093,,effusion_0,4.9747543,0.99313724,0.9539626
real,00023093_009.png,23093,,effusion_0,-5.9566517,0.0025818811,0.8985927
real,00023093_011.png,23093,,effusion_0,-6.380289,0.0016917661,0.96268815
real,00023093_012.png,23093,,effusion_0,-6.472046,0.0015436729,0.95657086
real,00023093_017.png,23093,,effusion_0,-5.943861,0.0026150306,0.92202103
real,00023097_000.png,23097,,effusion_0,6.5913277,0.9986297,0.99267036
real,00023097_001.png,23097,,effusion_0,5.8522396,0.9971348,0.9882665
real,00023097_002.png,23097,,effusion_0,6.369013,0.99828905,0.99259
real,00023097_007.png,23097,,effusion_0,6.218609,0.99801195,0.9920642
real,00023156_002.png,23156,,effusion_0,2.5843582,0.92984813,0.80246764
real,00023156_004.png,23156,,effusion_0,3.6778145,0.975345,0.93473774
real,00023156_005.png,23156,,effusion_0,-2.3662872,0.08577985,0.54983103
real,00023156_010.png,23156,,effusion_0,0.6469078,0.6563133,0.42643648
real,00023156_013.png,23156,,effusion_0,3.956335,0.9812261,0.93299776
real,00023156_014.png,23156,,effusion_0,3.9823074,0.98169863,0.9504808
real,00023156_020.png,23156,,effusion_0,3.994133,0.9819099,0.9421298
real,00023156_021.png,23156,,effusion_0,3.4330444,0.9687215,0.91212976
real,00023156_022.png,23156,,effusion_0,3.6760807,0.9753033,0.9258411
real,00023176_017.png,23176,,effusion_0,4.79932,0.99183196,0.97399473
real,00023196_003.png,23196,,effusion_0,3.351738,0.96616167,0.81059515
real,00023319_000.png,23319,,effusion_0,-6.8825836,0.0010244406,0.9826748
real,00023325_013.png,23325,,effusion_0,1.410387,0.803827,0.39503482
real,00023325_014.png,23325,,effusion_0,3.0865421,0.95633423,0.8193141
real,00024073_000.png,24073,,effusion_0,-6.389242,0.0016767125,0.90515184
real,00024116_001.png,24116,,effusion_0,-6.6537094,0.0012875709,0.96590793
real,00024264_000.png,24264,,effusion_0,-6.8320885,0.001077441,0.97948927
real,00024692_001.png,24692,,effusion_0,-6.8631134,0.0010445612,0.97939485
real,00024749_000.png,24749,,effusion_0,-6.6243687,0.0013258582,0.97299904
real,00025252_000.png,25252,,effusion_0,6.428219,0.99838734,0.99302113
real,00025252_001.png,25252,,effusion_0,6.154354,0.99788034,0.9903629
real,00025261_000.png,25261,,effusion_0,4.605488,0.9901022,0.9675798
real,00025261_001.png,25261,,effusion_0,5.494816,0.99590874,0.98333424
real,00025261_002.png,25261,,effusion_0,6.103653,0.9977703,0.98853356
real,00025261_004.png,25261,,effusion_0,5.5374966,0.996079,0.97638315
real,00025290_032.png,25290,,effusion_0,-6.435051,0.0016017572,0.95305693
real,00025416_001.png,25416,,effusion_0,-6.4721813,0.001543464,0.9735338
real,00025517_000.png,25517,,effusion_0,1.9955692,0.8803311,0.5945905
real,00025527_009.png,25527,,effusion_0,3.2510605,0.9627112,0.89284587
real,00025635_000.png,25635,,effusion_0,3.1591263,0.95926684,0.8816322
real,00025635_001.png,25635,,effusion_0,3.6811562,0.9754253,0.9456633
real,00025635_008.png,25635,,effusion_0,4.4512253,0.9884702,0.96797353
real,00025688_001.png,25688,,effusion_0,2.8056316,0.9429794,0.72741735
real,00025688_002.png,25688,,effusion_0,-6.8283176,0.0010815071,0.98316044
real,00025696_000.png,25696,,effusion_0,-0.40828133,0.3993243,0.5163362
real,00025696_001.png,25696,,effusion_0,0.6013603,0.6459674,0.603342
real,00025707_008.png,25707,,effusion_0,5.6525974,0.99650383,0.9804108
real,00025707_010.png,25707,,effusion_0,5.468733,0.99580115,0.9823444
real,00025707_013.png,25707,,effusion_0,4.3664837,0.98746336,0.94065696
real,00025784_000.png,25784,,effusion_0,-5.2446537,0.0052479617,0.7893116
real,00025784_001.png,25784,,effusion_0,-6.2811527,0.0018677472,0.9206829
real,00025832_007.png,25832,,effusion_0,-4.913986,0.0072896294,0.837238
real,00025924_003.png,25924,,effusion_0,-5.3604355,0.004676883,0.9243502
real,00025924_006.png,25924,,effusion_0,-5.975834,0.0025329515,0.9693673
real,00025924_016.png,25924,,effusion_0,-0.5316639,0.3701289,0.4857248
real,00025924_025.png,25924,,effusion_0,4.4391994,0.98833233,0.9661883
real,00025924_026.png,25924,,effusion_0,3.8665504,0.9794987,0.9574352
real,00025924_027.png,25924,,effusion_0,1.5034771,0.81809247,0.6881115
real,00026657_000.png,26657,,effusion_0,5.6972218,0.99665594,0.99001575
real,00026715_002.png,26715,,effusion_0,4.4312954,0.98824084,0.96310204
real,00026715_003.png,26715,,effusion_0,4.279257,0.98633635,0.96304584
real,00026715_004.png,26715,,effusion_0,4.0948563,0.98361474,0.95255095
real,00026738_005.png,26738,,effusion_0,-6.2033463,0.002018568,0.95946366
real,00026751_000.png,26751,,effusion_0,-6.2755966,0.0018781341,0.9442224
real,00026815_000.png,26815,,effusion_0,-6.7788963,0.0011362372,0.9656418
real,00026815_002.png,26815,,effusion_0,-6.950594,0.0009571489,0.98371214
real,00026889_000.png,26889,,effusion_0,1.5238533,0.82110524,0.64446926
real,00026889_001.png,26889,,effusion_0,4.429245,0.98821706,0.97302437
real,00026889_002.png,26889,,effusion_0,4.810297,0.99192035,0.97219235
real,00026911_006.png,26911,,effusion_0,3.50675,0.9708792,0.94194764
real,00026912_000.png,26912,,effusion_0,-6.158064,0.0021118773,0.94588715
real,00026913_000.png,26913,,effusion_0,-6.484356,0.0015248155,0.96010816
real,00026967_002.png,26967,,effusion_0,4.984215,0.99320143,0.9647453
real,00026999_000.png,26999,,effusion_0,2.470995,0.92208326,0.7222502
real,00027011_000.png,27011,,effusion_0,-6.2927036,0.0018463369,0.93525285
real,00027061_001.png,27061,,effusion_0,-3.7543945,0.02287892,0.71190935
real,00027092_004.png,27092,,effusion_0,-3.2457218,0.03748092,0.68845856
real,00027092_005.png,27092,,effusion_0,3.4401588,0.9689363,0.867766
real,00027092_006.png,27092,,effusion_0,-5.5699673,0.0037961395,0.9124652
real,00027142_008.png,27142,,effusion_0,-5.5527115,0.0038619582,0.8800749
real,00027142_009.png,27142,,effusion_0,-1.6450405,0.16178036,0.31565046
real,00027306_000.png,27306,,effusion_0,-6.724453,0.0011997364,0.96778244
real,00027389_002.png,27389,,effusion_0,-6.205862,0.0020135064,0.9190555
real,00027389_003.png,27389,,effusion_0,-6.232708,0.0019602757,0.92282826
real,00027420_002.png,27420,,effusion_0,3.418764,0.96828586,0.9258943
real,00027420_003.png,27420,,effusion_0,-6.6532345,0.0012881819,0.97746325
real,00027422_003.png,27422,,effusion_0,5.1869106,0.9944418,0.9764369
real,00027441_025.png,27441,,effusion_0,5.6544533,0.9965103,0.9765856
real,00027474_005.png,27474,,effusion_0,4.7986984,0.9918269,0.9648738
real,00027474_007.png,27474,,effusion_0,4.520199,0.98923033,0.97267973
real,00027474_008.png,27474,,effusion_0,3.8178635,0.9784978,0.9317995
real,00027474_009.png,27474,,effusion_0,3.6272087,0.9740984,0.8917422
real,00027485_001.png,27485,,effusion_0,2.192194,0.8995464,0.7229432
real,00027514_008.png,27514,,effusion_0,-6.885147,0.0010218205,0.98130786
real,00027618_006.png,27618,,effusion_0,-5.100807,0.0060549416,0.8798851
real,00027618_008.png,27618,,effusion_0,-5.464613,0.0042161285,0.8794879
real,00027618_009.png,27618,,effusion_0,-4.6799183,0.0091944495,0.8164348
real,00027815_001.png,27815,,effusion_0,3.0088043,0.9529703,0.8272003
real,00027907_001.png,27907,,effusion_0,-5.853388,0.002861945,0.9399017
real,00028013_004.png,28013,,effusion_0,1.2332191,0.77438146,0.5210874
real,00028013_005.png,28013,,effusion_0,4.009754,0.9821853,0.9283833
real,00028013_006.png,28013,,effusion_0,3.952053,0.98114705,0.9283233
real,00028013_010.png,28013,,effusion_0,-3.7809353,0.022293044,0.71305174
real,00028013_011.png,28013,,effusion_0,2.9873123,0.95199764,0.80701774
real,00028013_013.png,28013,,effusion_0,3.8216095,0.9785765,0.9121693
real,00028018_000.png,28018,,effusion_0,-6.729582,0.0011936062,0.9782694
real,00028027_000.png,28027,,effusion_0,-6.038208,0.0023801518,0.93670106
real,00028027_003.png,28027,,effusion_0,3.9916782,0.9818662,0.95235205
real,00028027_004.png,28027,,effusion_0,6.5815487,0.9986162,0.9916214
real,00028036_000.png,28036,,effusion_0,5.9416428,0.9973792,0.9899552
real,00028105_000.png,28105,,effusion_0,-6.45899,0.0015639272,0.9813771
real,00028148_005.png,28148,,effusion_0,-0.61491776,0.3509382,0.46124133
real,00028148_006.png,28148,,effusion_0,-0.3049736,0.42434207,0.28709456
real,00028148_008.png,28148,,effusion_0,1.4673176,0.8126493,0.4453859
real,00028148_010.png,28148,,effusion_0,1.3404484,0.7925637,0.5077056
real,00028148_013.png,28148,,effusion_0,-4.9783554,0.0068382933,0.8659714
real,00028148_014.png,28148,,effusion_0,-3.5731049,0.027302234,0.72089463
real,00028148_011.png,28148,,effusion_0,-3.9055023,0.019733585,0.80777276
real,00028148_012.png,28148,,effusion_0,-3.7751865,0.022418689,0.7209629
real,00028148_017.png,28148,,effusion_0,-4.174448,0.015150609,0.8579895
real,00028256_003.png,28256,,effusion_0,-2.142107,0.1050711,0.586971
real,00028256_001.png,28256,,effusion_0,3.5811539,0.97291064,0.9295721
real,00028256_004.png,28256,,effusion_0,0.7501335,0.6792078,0.45786706
real,00028256_005.png,28256,,effusion_0,-5.9888325,0.0025003215,0.94269246
real,00028274_000.png,28274,,effusion_0,6.185747,0.9979457,0.9942052
real,00028392_001.png,28392,,effusion_0,5.3363533,0.99520963,0.9838115
real,00028392_004.png,28392,,effusion_0,5.046547,0.99360967,0.9785623
real,00028392_005.png,28392,,effusion_0,-0.7650871,0.31754282,0.31732258
real,00028412_000.png,28412,,effusion_0,-6.4472675,0.0015823389,0.9766269
real,00028558_000.png,28558,,effusion_0,-5.9466686,0.0026077179,0.9566779
real,00028625_000.png,28625,,effusion_0,5.864439,0.99716944,0.98722535
real,00028628_006.png,28628,,effusion_0,6.7209663,0.9987961,0.9931355
real,00028628_007.png,28628,,effusion_0,6.616537,0.9986638,0.9925042
real,00028628_008.png,28628,,effusion_0,6.6569595,0.9987166,0.9945019
real,00028628_009.png,28628,,effusion_0,6.587921,0.99862504,0.99322915
real,00028628_010.png,28628,,effusion_0,5.739504,0.9967939,0.98044795
real,00028628_016.png,28628,,effusion_0,6.077549,0.9977114,0.98904693
real,00028628_017.png,28628,,effusion_0,6.54047,0.9985582,0.9898183
real,00028628_022.png,28628,,effusion_0,6.174013,0.9979215,0.9889778
real,00028703_000.png,28703,,effusion_0,-6.1128693,0.002209297,0.95761913
real,00028764_004.png,28764,,effusion_0,-6.8553867,0.0010526548,0.98874456
real,00028766_000.png,28766,,effusion_0,-6.741289,0.0011797302,0.9844515
real,00028772_000.png,28772,,effusion_0,-6.206682,0.0020118589,0.9716793
real,00028811_000.png,28811,,effusion_0,4.6160946,0.99020547,0.98049957
real,00028811_001.png,28811,,effusion_0,5.9111004,0.9972982,0.99088866
real,00028811_002.png,28811,,effusion_0,5.8239956,0.9970529,0.9920189
real,00028811_006.png,28811,,effusion_0,6.3233204,0.99820924,0.9940465
real,00028811_007.png,28811,,effusion_0,5.711977,0.99670476,0.99148315
real,00028882_005.png,28882,,effusion_0,-5.3079166,0.00492783,0.86250436
real,00028897_002.png,28897,,effusion_0,2.696268,0.93680614,0.8075572
real,00028897_003.png,28897,,effusion_0,3.2879753,0.964014,0.91896737
real,00028897_011.png,28897,,effusion_0,5.1174355,0.99404436,0.9846722
real,00028897_012.png,28897,,effusion_0,5.757494,0.9968509,0.9868496
real,00028897_013.png,28897,,effusion_0,5.2996044,0.99503124,0.9817776
real,00028897_015.png,28897,,effusion_0,4.2224693,0.9855495,0.9506468
real,00028897_016.png,28897,,effusion_0,4.700367,0.9909899,0.97494024
real,00028897_018.png,28897,,effusion_0,3.7103138,0.97611463,0.9038378
real,00028897_019.png,28897,,effusion_0,3.9094143,0.980342,0.9163249
real,00028934_001.png,28934,,effusion_0,2.7665443,0.9408409,0.7472235
real,00029021_000.png,29021,,effusion_0,-5.858345,0.0028478329,0.942503
real,00029022_000.png,29022,,effusion_0,-4.7053547,0.008965596,0.78566045
real,00029031_000.png,29031,,effusion_0,-6.872843,0.0010344579,0.9874451
real,00029058_004.png,29058,,effusion_0,0.092782974,0.5231791,0.41645262
real,00029105_001.png,29105,,effusion_0,-1.860899,0.1345983,0.5345815
real,00029105_002.png,29105,,effusion_0,-2.3666973,0.085747704,0.6168658
real,00029105_007.png,29105,,effusion_0,-4.1700306,0.0152166635,0.7914306
real,00029105_009.png,29105,,effusion_0,-3.5968056,0.026679821,0.70240337
real,00029105_010.png,29105,,effusion_0,-3.0752335,0.044140488,0.62014645
real,00029105_011.png,29105,,effusion_0,-3.573412,0.02729408,0.6453086
real,00029105_014.png,29105,,effusion_0,-5.213402,0.005413658,0.8395049
real,00029105_015.png,29105,,effusion_0,-4.7695885,0.0084125,0.8027031
real,00029225_000.png,29225,,effusion_0,-6.142231,0.0021455083,0.97237945
real,00029297_000.png,29297,,effusion_0,-6.5005264,0.0015003934,0.980086
real,00029297_003.png,29297,,effusion_0,2.4402294,0.91984403,0.7126175
real,00029297_004.png,29297,,effusion_0,3.0873985,0.95637,0.7652083
real,00029297_005.png,29297,,effusion_0,0.14007759,0.53496224,0.38306263
real,00029459_002.png,29459,,effusion_0,0.14372063,0.5358684,0.4725654
real,00029459_004.png,29459,,effusion_0,0.16196251,0.54040235,0.4618805
real,00029500_000.png,29500,,effusion_0,4.8050632,0.9918784,0.9718983
real,00029510_000.png,29510,,effusion_0,-6.640606,0.0013045315,0.9801479
real,00029551_000.png,29551,,effusion_0,6.209711,0.9979942,0.99176496
real,00029551_003.png,29551,,effusion_0,5.1143703,0.99402606,0.97639215
real,00029551_004.png,29551,,effusion_0,5.1915035,0.99446714,0.97622967
real,00029551_005.png,29551,,effusion_0,1.6460075,0.8383508,0.53701514
real,00029552_000.png,29552,,effusion_0,-6.7246685,0.001199478,0.97687906
real,00029579_000.png,29579,,effusion_0,3.1995964,0.9608191,0.8897893
real,00029579_004.png,29579,,effusion_0,3.213932,0.96135527,0.8825347
real,00029579_005.png,29579,,effusion_0,2.1391811,0.89465344,0.674314
real,00029579_009.png,29579,,effusion_0,-1.0922165,0.25120112,0.40567374
real,00029579_014.png,29579,,effusion_0,2.825943,0.94406176,0.76892364
real,00029579_012.png,29579,,effusion_0,3.8138332,0.9784128,0.9433637
real,00029579_015.png,29579,,effusion_0,4.4495335,0.9884509,0.97003824
real,00029631_004.png,29631,,effusion_0,2.1454067,0.89523876,0.76878595
real,00029631_006.png,29631,,effusion_0,-3.5851593,0.026983922,0.67716503
real,00029631_007.png,29631,,effusion_0,-1.5029106,0.18199182,0.50221974
real,00029631_012.png,29631,,effusion_0,2.5360508,0.9266308,0.8042238
real,00029631_013.png,29631,,effusion_0,4.5411186,0.989451,0.9694643
real,00029747_002.png,29747,,effusion_0,2.1815948,0.8985845,0.66981703
real,00029756_000.png,29756,,effusion_0,3.7335262,0.9766499,0.94356036
real,00029794_000.png,29794,,effusion_0,-6.4264183,0.001615622,0.97742134
real,00029821_013.png,29821,,effusion_0,1.7074795,0.8465091,0.50478697
real,00029821_014.png,29821,,effusion_0,-3.7731628,0.022463083,0.64890134
real,00029839_008.png,29839,,effusion_0,1.4174309,0.80493534,0.6288349
real,00029839_009.png,29839,,effusion_0,-6.6882706,0.0012438856,0.9848083
real,00029943_002.png,29943,,effusion_0,-6.3759193,0.0016991622,0.96356934
real,00029943_004.png,29943,,effusion_0,-6.2627697,0.0019023338,0.96499926
real,00029943_005.png,29943,,effusion_0,-5.454735,0.004257804,0.92204505
real,00029943_007.png,29943,,effusion_0,-6.2270775,0.001971322,0.9559484
real,00029943_006.png,29943,,effusion_0,-5.558819,0.0038385342,0.94499993
real,00029943_008.png,29943,,effusion_0,-5.649811,0.0035058479,0.9532864
real,00029981_004.png,29981,,effusion_0,-4.2332134,0.0142982965,0.7433919
real,00029981_007.png,29981,,effusion_0,-1.7095375,0.15322371,0.4289505
real,00030059_009.png,30059,,effusion_0,5.865591,0.9971726,0.99234426
real,00030059_011.png,30059,,effusion_0,6.167717,0.99790835,0.9944958
real,00030070_000.png,30070,,effusion_0,1.7739792,0.85495186,0.74328446
real,00030153_004.png,30153,,effusion_0,3.5007076,0.9707079,0.9429978
real,00030162_023.png,30162,,effusion_0,3.9973946,0.9819677,0.9332561
real,00030183_004.png,30183,,effusion_0,2.3707676,0.9145708,0.73383313
real,00030183_005.png,30183,,effusion_0,2.5942287,0.93048924,0.7743074
real,00030183_006.png,30183,,effusion_0,0.64530754,0.6559523,0.4698828
real,00030196_001.png,30196,,effusion_0,6.0893364,0.99773824,0.99304354
real,00030196_002.png,30196,,effusion_0,5.6640186,0.99654347,0.9875555
real,00030207_000.png,30207,,effusion_0,-5.50988,0.0040302835,0.91700065
real,00030276_000.png,30276,,effusion_0,-6.731165,0.0011917204,0.9830831
real,00030389_005.png,30389,,effusion_0,0.5638199,0.63733596,0.4084439
real,00030389_006.png,30389,,effusion_0,-1.3617897,0.20394959,0.40271547
real,00030389_007.png,30389,,effusion_0,-1.5210857,0.1793017,0.3831513
real,00030389_008.png,30389,,effusion_0,0.94312096,0.71972966,0.49098268
real,00030389_009.png,30389,,effusion_0,3.1041908,0.9570652,0.8112945
real,00030389_010.png,30389,,effusion_0,2.8918514,0.9474421,0.7268716
real,00030389_011.png,30389,,effusion_0,4.063986,0.9831097,0.9230259
real,00030389_012.png,30389,,effusion_0,5.1821575,0.9944155,0.97762406
real,00030389_013.png,30389,,effusion_0,5.6442165,0.99647456,0.9893817
real,00030436_000.png,30436,,effusion_0,-0.55002403,0.36585882,0.5283267
real,00030490_000.png,30490,,effusion_0,-6.6943474,0.0012363589,0.98642355
real,00030541_005.png,30541,,effusion_0,-0.12300682,0.46928704,0.37760085
real,00030561_005.png,30561,,effusion_0,-5.1912136,0.0055344487,0.87435997
real,00030561_006.png,30561,,effusion_0,-3.9602814,0.018701347,0.79067767
real,00030561_007.png,30561,,effusion_0,-2.0968952,0.10939896,0.5701771
real,00030561_010.png,30561,,effusion_0,-3.6606522,0.025071016,0.72175705
real,00030561_011.png,30561,,effusion_0,-3.8167648,0.021525323,0.7439881
real,00030561_013.png,30561,,effusion_0,-2.6565437,0.06558683,0.6618215
real,00030561_014.png,30561,,effusion_0,3.0665283,0.95549077,0.8734208
real,00030561_017.png,30561,,effusion_0,0.24821472,0.56173706,0.53583634
real,00030561_018.png,30561,,effusion_0,2.0726643,0.88821775,0.730169
real,00030632_000.png,30632,,effusion_0,-6.7133694,0.0012130914,0.9849171
real,00030650_000.png,30650,,effusion_0,3.134964,0.9583121,0.8586934
real,00030650_001.png,30650,,effusion_0,5.240015,0.9947278,0.9783543
real,00030650_002.png,30650,,effusion_0,5.5564957,0.9961526,0.98175776
real,00030650_003.png,30650,,effusion_0,3.977953,0.9816202,0.9414081
real,00030650_007.png,30650,,effusion_0,5.3309917,0.995184,0.9833687
real,00030650_008.png,30650,,effusion_0,5.257433,0.9948184,0.98219055
real,00030650_009.png,30650,,effusion_0,4.815008,0.991958,0.9790604
real,00030659_000.png,30659,,effusion_0,-4.9836063,0.0068027233,0.8238237
real,00030668_000.png,30668,,effusion_0,-0.78845215,0.3125011,0.39284852
real,00002793_006.png,2793,,effusion_0,-6.9343224,0.0009728354,0.98372954
real,00014954_000.png,14954,,effusion_0,-6.848873,0.0010595265,0.9803065
real,00026982_005.png,26982,,effusion_0,-6.5734386,0.0013950366,0.9811224
real,00014719_000.png,14719,,effusion_0,-6.8840466,0.0010229445,0.97858053
real,00003321_001.png,3321,,effusion_0,-6.3983307,0.001661568,0.9673466
real,00001430_001.png,1430,,effusion_0,-6.3168526,0.0018023631,0.9547235
real,00012460_000.png,12460,,effusion_0,-5.7889614,0.0030518176,0.9482149
real,00008806_003.png,8806,,effusion_0,-6.5750237,0.0013928303,0.9696924
real,00010931_003.png,10931,,effusion_0,-6.7590218,0.0011590188,0.9802124
real,00026815_001.png,26815,,effusion_0,-6.702862,0.0012258897,0.95400923
real,00028980_001.png,28980,,effusion_0,5.342272,0.9952378,0.97567993
real,00019376_000.png,19376,,effusion_0,-6.940304,0.00096703944,0.9816089
real,00020318_024.png,20318,,effusion_0,4.8480587,0.9922174,0.9864078
real,00004909_001.png,4909,,effusion_0,-6.133007,0.0021653469,0.94666123
real,00000582_000.png,582,,effusion_0,-7.046406,0.0008697751,0.98459905
real,00006576_000.png,6576,,effusion_0,-6.836977,0.0010721924,0.97875875
real,00022712_000.png,22712,,effusion_0,-7.1678143,0.0007704121,0.990192
real,00018361_000.png,18361,,effusion_0,-6.805748,0.0011061666,0.9835669
real,00011380_001.png,11380,,effusion_0,-6.4632816,0.0015572403,0.96239465
real,00009306_000.png,9306,,effusion_0,-7.0004463,0.00091064506,0.9844841
real,00029058_000.png,29058,,effusion_0,-6.4631157,0.0015574982,0.9785339
real,00011611_000.png,11611,,effusion_0,-6.6471996,0.0012959691,0.97095984
real,00024476_000.png,24476,,effusion_0,-6.8945465,0.0010122707,0.9830448
real,00012478_000.png,12478,,effusion_0,-6.981947,0.00092763244,0.9796477
real,00010673_000.png,10673,,effusion_0,-5.9492874,0.0026009157,0.94118065
real,00010933_000.png,10933,,effusion_0,-6.9571342,0.0009509153,0.9858416
real,00007431_000.png,7431,,effusion_0,-6.6922703,0.0012389265,0.9791142
real,00028628_005.png,28628,,effusion_0,6.18412,0.99794227,0.9915713
real,00002736_000.png,2736,,effusion_0,-6.4576645,0.0015659984,0.9770099
real,00026148_002.png,26148,,effusion_0,-6.762474,0.001155029,0.9906266
real,00021716_004.png,21716,,effusion_0,-6.085722,0.0022699567,0.9376262
real,00005364_000.png,5364,,effusion_0,-6.9391594,0.0009681456,0.9849418
real,00008623_002.png,8623,,effusion_0,-7.066683,0.00085233105,0.98612964
real,00015553_003.png,15553,,effusion_0,-6.683134,0.0012502833,0.9894622
real,00015552_000.png,15552,,effusion_0,-0.8541641,0.29856008,0.4330833
real,00004158_000.png,4158,,effusion_0,-7.142416,0.0007902142,0.9850629
real,00008802_002.png,8802,,effusion_0,-0.67886543,0.33651456,0.27022794
real,00004699_000.png,4699,,effusion_0,-6.7763653,0.0011391133,0.97549444
real,00015795_002.png,15795,,effusion_0,-6.816431,0.0010944251,0.9762379
real,00014429_018.png,14429,,effusion_0,-6.480528,0.0015306546,0.9576302
real,00010920_003.png,10920,,effusion_0,-6.6823425,0.0012512719,0.9853936
real,00006490_001.png,6490,,effusion_0,-6.462927,0.001557792,0.9741003
real,00020060_005.png,20060,,effusion_0,-6.0376377,0.0023815064,0.92809385
real,00013970_000.png,13970,,effusion_0,-6.673897,0.0012618714,0.97609127
real,00012352_000.png,12352,,effusion_0,-6.866909,0.0010406079,0.9850641
real,00001199_006.png,1199,,effusion_0,2.1712246,0.8976356,0.66066074
real,00019771_000.png,19771,,effusion_0,-6.104315,0.002228235,0.9568509
real,00000304_000.png,304,,effusion_0,-6.737789,0.0011838615,0.9774303
real,00028287_000.png,28287,,effusion_0,-6.9923306,0.00091805885,0.9739399
real,00015000_007.png,15000,,effusion_0,-6.941881,0.0009655167,0.9850004
real,00018476_000.png,18476,,effusion_0,-7.1151047,0.0008120757,0.9766694
real,00027035_000.png,27035,,effusion_0,-6.9633007,0.000945075,0.9834619
real,00002228_000.png,2228,,effusion_0,-6.818426,0.0010922462,0.98672706
real,00019640_000.png,19640,,effusion_0,-6.9538,0.0009540879,0.9779181
real,00010175_000.png,10175,,effusion_0,-6.8070984,0.0011046755,0.978089
real,00003940_006.png,3940,,effusion_0,-6.993334,0.00091713906,0.9853811
real,00014387_006.png,14387,,effusion_0,-3.3209858,0.034858227,0.5356685
real,00021375_002.png,21375,,effusion_0,-6.6576233,0.0012825478,0.9783758
real,00001230_006.png,1230,,effusion_0,-6.885418,0.0010215441,0.9704623
real,00012772_003.png,12772,,effusion_0,-6.6852646,0.0012476257,0.9775615
real,00026354_001.png,26354,,effusion_0,-6.467802,0.0015502278,0.96343315
real,00028962_000.png,28962,,effusion_0,-6.536949,0.0014468059,0.96679896
real,00007876_000.png,7876,,effusion_0,-7.1743774,0.00076537614,0.98806083
real,00006921_000.png,6921,,effusion_0,-6.9822063,0.00092739204,0.97574604
real,00008576_000.png,8576,,effusion_0,-6.651989,0.0012897851,0.97389483
real,00021871_000.png,21871,,effusion_0,-5.8401203,0.002900058,0.9539426
real,00019774_008.png,19774,,effusion_0,-6.40082,0.001657444,0.952256
real,00026911_003.png,26911,,effusion_0,0.12260628,0.53061324,0.4867374
real,00009761_000.png,9761,,effusion_0,-6.4402714,0.0015934304,0.9600228
real,00005511_000.png,5511,,effusion_0,-6.876314,0.0010308768,0.98632705
real,00000517_004.png,517,,effusion_0,-6.576006,0.0013914647,0.94981104
real,00027025_000.png,27025,,effusion_0,-6.7903805,0.0011232777,0.97608066
real,00009061_001.png,9061,,effusion_0,-6.85507,0.0010529878,0.9793885
real,00006851_029.png,6851,,effusion_0,-4.3395844,0.012874046,0.78121394
real,00020193_000.png,20193,,effusion_0,-6.8519974,0.0010562249,0.98134077
real,00029105_019.png,29105,,effusion_0,-4.9906864,0.006755053,0.8389781
real,00018284_013.png,18284,,effusion_0,4.975502,0.99314225,0.9832767
real,00016990_001.png,16990,,effusion_0,-6.9234257,0.0009834835,0.9865298
real,00001563_000.png,1563,,effusion_0,-7.0405426,0.0008748853,0.9799227
real,00010465_001.png,10465,,effusion_0,-6.903963,0.0010027927,0.9839362
real,00020568_000.png,20568,,effusion_0,-5.9901104,0.0024971364,0.960414
real,00022920_000.png,22920,,effusion_0,-6.7873974,0.0011266296,0.9791848
real,00016907_000.png,16907,,effusion_0,-7.024946,0.000888625,0.9785129
real,00005401_001.png,5401,,effusion_0,-7.0295315,0.0008845633,0.98301846
real,00004734_001.png,4734,,effusion_0,-5.5914783,0.0037156527,0.90100425
real,00002793_001.png,2793,,effusion_0,-6.866192,0.0010413537,0.98453
real,00030153_002.png,30153,,effusion_0,-6.7371693,0.0011845947,0.9818549
real,00023937_000.png,23937,,effusion_0,-6.5574665,0.0014174654,0.98146075
real,00029879_001.png,29879,,effusion_0,-6.770157,0.0011461994,0.9866535
real,00009907_001.png,9907,,effusion_0,-7.192362,0.0007517446,0.9870908
real,00007088_000.png,7088,,effusion_0,-5.4839954,0.004135531,0.9338687
real,00017618_001.png,17618,,effusion_0,-6.921829,0.0009850534,0.9660867
real,00026342_000.png,26342,,effusion_0,-6.8776226,0.0010295302,0.985166
real,00006936_006.png,6936,,effusion_0,-6.9178104,0.0009890161,0.97987074
real,00019503_000.png,19503,,effusion_0,-6.8806267,0.0010264453,0.98588556
real,00021239_001.png,21239,,effusion_0,-7.187042,0.0007557512,0.9853192
real,00015762_000.png,15762,,effusion_0,-7.031702,0.0008826472,0.98924977
real,00012129_000.png,12129,,effusion_0,-6.8810596,0.0010260015,0.9836388
real,00007589_000.png,7589,,effusion_0,-7.007759,0.00090401596,0.99008036
real,00011310_000.png,11310,,effusion_0,-6.635433,0.0013112881,0.9538998
real,00011029_001.png,11029,,effusion_0,-6.962345,0.00094597763,0.99034244
real,00017824_000.png,17824,,effusion_0,-6.70393,0.0012245827,0.96987647
real,00003013_002.png,3013,,effusion_0,-6.6176567,0.0013347752,0.9726961
real,00013541_000.png,13541,,effusion_0,-6.02721,0.0024064092,0.9451983
real,00010905_017.png,10905,,effusion_0,-6.5639095,0.0014083748,0.9622009
real,00012784_000.png,12784,,effusion_0,-6.805603,0.0011063268,0.97987896
real,00023943_000.png,23943,,effusion_0,-7.0697155,0.00084975234,0.9890776
real,00001470_001.png,1470,,effusion_0,2.1732712,0.89782345,0.78870726
real,00016417_005.png,16417,,effusion_0,4.460062,0.9885705,0.9465743
real,00017014_000.png,17014,,effusion_0,-6.866234,0.0010413101,0.9772179
real,00001223_001.png,1223,,effusion_0,-6.4073143,0.0016467323,0.9704505
real,00022677_003.png,22677,,effusion_0,-6.737278,0.0011844661,0.9794702
real,00026292_004.png,26292,,effusion_0,-5.760933,0.0031382933,0.86280406
real,00007113_000.png,7113,,effusion_0,-6.6119537,0.0013423989,0.9854188
real,00021976_001.png,21976,,effusion_0,-6.8558216,0.0010521975,0.9794076
real,00017729_006.png,17729,,effusion_0,-6.9839935,0.0009257376,0.9866261
real,00015149_000.png,15149,,effusion_0,-6.508278,0.0014888253,0.9597712
real,00029340_001.png,29340,,effusion_0,-6.5946198,0.0013658387,0.98441136
real,00011985_000.png,11985,,effusion_0,-6.8118935,0.001099397,0.9729113
real,00025037_000.png,25037,,effusion_0,-6.8526287,0.001055559,0.9864917
real,00009757_000.png,9757,,effusion_0,-6.540966,0.0014410143,0.9814244
real,00001995_000.png,1995,,effusion_0,-6.945326,0.0009621997,0.98293173
real,00014560_000.png,14560,,effusion_0,-6.835127,0.0010741757,0.98224264
real,00025738_000.png,25738,,effusion_0,-6.736164,0.0011857846,0.98500305
real,00024116_002.png,24116,,effusion_0,-7.031597,0.0008827396,0.9877152
real,00012537_000.png,12537,,effusion_0,-6.9927444,0.0009176793,0.9862727
real,00006005_000.png,6005,,effusion_0,3.6581001,0.97486657,0.92456627
real,00023422_000.png,23422,,effusion_0,-6.8817234,0.0010253214,0.9825078
real,00014662_001.png,14662,,effusion_0,-6.9393044,0.0009680054,0.9854757
real,00015783_000.png,15783,,effusion_0,-6.664503,0.0012737656,0.97640824
real,00025058_000.png,25058,,effusion_0,-6.8101006,0.0011013678,0.9859669
real,00008142_005.png,8142,,effusion_0,-6.904623,0.001002132,0.9844983
real,00016219_000.png,16219,,effusion_0,-6.9367657,0.0009704636,0.96740735
real,00020699_003.png,20699,,effusion_0,-3.9850636,0.018251937,0.80569917
real,00020139_000.png,20139,,effusion_0,-6.9338684,0.0009732766,0.98216736
real,00011237_004.png,11237,,effusion_0,4.6878796,0.9908778,0.9677328
real,00004466_000.png,4466,,effusion_0,-6.8655186,0.0010420544,0.981792
real,00003785_001.png,3785,,effusion_0,-6.073509,0.0022977851,0.9765259
real,00022033_000.png,22033,,effusion_0,-6.883974,0.0010230186,0.9743935
real,00016341_001.png,16341,,effusion_0,-5.96154,0.002569323,0.9509555
real,00009498_000.png,9498,,effusion_0,-6.8576164,0.0010503128,0.9806141
real,00003105_000.png,3105,,effusion_0,-6.9070683,0.0009996869,0.98610437
real,00020912_001.png,20912,,effusion_0,-7.0882587,0.00083415344,0.9881823
real,00026599_001.png,26599,,effusion_0,-6.996525,0.0009142199,0.9841061
real,00007379_000.png,7379,,effusion_0,-7.041876,0.0008737206,0.9844923
real,00010920_006.png,10920,,effusion_0,-7.0751705,0.00084513344,0.98123944
real,00004562_000.png,4562,,effusion_0,-6.8914814,0.001015375,0.9794107
real,00023219_000.png,23219,,effusion_0,-6.8982277,0.0010085548,0.9725137
real,00003640_001.png,3640,,effusion_0,-6.988764,0.0009213362,0.98922986
real,00001170_003.png,1170,,effusion_0,3.8313637,0.97878003,0.9344173
real,00001203_017.png,1203,,effusion_0,-6.640129,0.0013051529,0.97564906
real,00008185_001.png,8185,,effusion_0,-4.3222294,0.013096471,0.6699683
real,00022389_000.png,22389,,effusion_0,-6.937948,0.00096931786,0.9808416
real,00021424_000.png,21424,,effusion_0,-6.486227,0.0015219693,0.9636394
real,00030332_000.png,30332,,effusion_0,-6.840603,0.0010683159,0.9872675
real,00002225_002.png,2225,,effusion_0,-5.678711,0.0034063188,0.8629527
real,00001803_013.png,1803,,effusion_0,-2.0239067,0.116715625,0.46622676
real,00023043_000.png,23043,,effusion_0,-7.077753,0.0008429555,0.98922426
real,00005530_001.png,5530,,effusion_0,-6.688648,0.0012434167,0.985181
real,00030650_004.png,30650,,effusion_0,4.9419384,0.99290985,0.97322893
real,00026736_000.png,26736,,effusion_0,-6.817894,0.001092827,0.98228496
real,00011491_000.png,11491,,effusion_0,-6.404669,0.0016510873,0.97801995
real,00000705_002.png,705,,effusion_0,-6.098675,0.0022408094,0.9527518
real,00016509_001.png,16509,,effusion_0,-6.931587,0.0009754973,0.9788552
real,00003320_002.png,3320,,effusion_0,-6.803133,0.0011090598,0.98116493
real,00006030_000.png,6030,,effusion_0,-6.930462,0.0009765946,0.98789036
real,00012304_009.png,12304,,effusion_0,-6.082987,0.0022761596,0.94179714
real,00010445_001.png,10445,,effusion_0,-6.980318,0.00092914316,0.98069537
real,00030196_003.png,30196,,effusion_0,5.897766,0.9972619,0.9889326
real,00007258_004.png,7258,,effusion_0,-6.4592876,0.0015634627,0.96538806
real,00020292_000.png,20292,,effusion_0,-7.105421,0.0008199712,0.9847145
real,00007389_001.png,7389,,effusion_0,-6.3470592,0.0017488278,0.9634417
real,00005401_003.png,5401,,effusion_0,-6.83235,0.0010771598,0.98447293
real,00024497_000.png,24497,,effusion_0,-6.848879,0.0010595204,0.9869206
real,00021409_007.png,21409,,effusion_0,4.121399,0.98403716,0.9475602
real,00022159_000.png,22159,,effusion_0,-6.9280987,0.000978903,0.9886503
real,00002837_000.png,2837,,effusion_0,-3.0073318,0.04709574,0.55277205
real,00014939_000.png,14939,,effusion_0,-6.9005737,0.0010061939,0.9736591
real,00002114_000.png,2114,,effusion_0,-6.9671593,0.0009414389,0.9833928
real,00024641_000.png,24641,,effusion_0,-6.9938564,0.00091666036,0.97960716
real,00028148_003.png,28148,,effusion_0,0.68000984,0.6637409,0.4854215
real,00025230_000.png,25230,,effusion_0,-6.8534966,0.0010546442,0.98360443
real,00002793_003.png,2793,,effusion_0,-5.802223,0.003011733,0.9533096
real,00019640_003.png,19640,,effusion_0,-7.005665,0.0009059095,0.9784804
real,00005347_000.png,5347,,effusion_0,-6.8648663,0.0010427337,0.98718446
real,00024875_000.png,24875,,effusion_0,-6.852728,0.0010554544,0.98459727
real,00017754_000.png,17754,,effusion_0,-7.0161057,0.00089650863,0.97975236
real,00019868_002.png,19868,,effusion_0,-6.9034634,0.0010032936,0.9785567
real,00025020_000.png,25020,,effusion_0,-6.345745,0.0017511233,0.97016066
real,00002736_001.png,2736,,effusion_0,-6.734564,0.0011876816,0.98065084
real,00017592_000.png,17592,,effusion_0,-6.8988075,0.0010079709,0.9831881
real,00023012_004.png,23012,,effusion_0,-6.6566963,0.0012837357,0.98341817
real,00010152_001.png,10152,,effusion_0,-6.9641075,0.00094431365,0.98167163
real,00002685_001.png,2685,,effusion_0,-6.5213375,0.0014695367,0.9763694
real,00027847_002.png,27847,,effusion_0,-6.459566,0.001563028,0.980666
real,00026957_000.png,26957,,effusion_0,-6.83214,0.0010773855,0.98036355
real,00014695_002.png,14695,,effusion_0,3.1114006,0.9573606,0.8036093
real,00029105_028.png,29105,,effusion_0,-5.4033127,0.0044814693,0.88088346
real,00008335_000.png,8335,,effusion_0,-7.150772,0.0007836438,0.9860146
real,00000246_018.png,246,,effusion_0,-6.500099,0.0015010337,0.95472926
real,00015177_000.png,15177,,effusion_0,-6.3383465,0.0017641045,0.9771989
real,00002831_000.png,2831,,effusion_0,-6.859724,0.0010481038,0.97974515
real,00024326_000.png,24326,,effusion_0,-7.0869694,0.0008352287,0.987678
real,00005053_001.png,5053,,effusion_0,-6.643509,0.0013007548,0.97515166
real,00003804_012.png,3804,,effusion_0,-6.8299484,0.0010797468,0.9769326
real,00021970_005.png,21970,,effusion_0,-6.500992,0.0014996964,0.9784979
real,00016484_027.png,16484,,effusion_0,-5.7934933,0.0030380604,0.93500936
real,00010892_000.png,10892,,effusion_0,-6.6574802,0.0012827311,0.97742975
real,00014145_000.png,14145,,effusion_0,-6.408245,0.0016452027,0.9737493
real,00027625_000.png,27625,,effusion_0,-6.932556,0.00097455346,0.97843605
real,00025215_000.png,25215,,effusion_0,-6.36981,0.0017095567,0.9633684
real,00002355_005.png,2355,,effusion_0,-6.6589737,0.0012808193,0.9686756
real,00011932_006.png,11932,,effusion_0,-6.9651203,0.0009433585,0.98695105
real,00014087_000.png,14087,,effusion_0,-7.0280113,0.0008859079,0.98820305
real,00004899_000.png,4899,,effusion_0,-6.971424,0.0009374361,0.98446393
real,00001775_003.png,1775,,effusion_0,5.068161,0.9937453,0.9730875
real,00028598_000.png,28598,,effusion_0,-6.645994,0.0012975303,0.9865778
real,00019815_000.png,19815,,effusion_0,-6.7827015,0.0011319268,0.98178625
real,00024789_001.png,24789,,effusion_0,-6.8242455,0.0010859154,0.98019105
real,00005002_000.png,5002,,effusion_0,-6.7780895,0.0011371532,0.97710985
real,00003013_003.png,3013,,effusion_0,-6.656351,0.0012841785,0.97524434
real,00025438_000.png,25438,,effusion_0,-6.824667,0.0010854582,0.97905445
real,00029382_000.png,29382,,effusion_0,-6.625866,0.001323877,0.986263
real,00015313_013.png,15313,,effusion_0,-6.927294,0.0009796905,0.9752691
real,00024474_000.png,24474,,effusion_0,-6.909067,0.0009976926,0.9839218
real,00006694_001.png,6694,,effusion_0,-6.5485554,0.0014301349,0.9746745
real,00003576_000.png,3576,,effusion_0,-6.727064,0.0011966116,0.9854023
real,00013288_001.png,13288,,effusion_0,-6.639786,0.0013056005,0.97223777
real,00001727_000.png,1727,,effusion_0,-6.2029514,0.0020193637,0.9424333
real,00018844_000.png,18844,,effusion_0,-5.6063747,0.003660914,0.91489303
real,00013162_000.png,13162,,effusion_0,-6.9913216,0.0009189848,0.9762983
real,00018345_000.png,18345,,effusion_0,-6.704668,0.0012236801,0.96653575
real,00020341_000.png,20341,,effusion_0,-6.6561604,0.001284423,0.9613411
real,00003804_000.png,3804,,effusion_0,-6.7370567,0.0011847279,0.9720168
real,00014809_010.png,14809,,effusion_0,-6.6579094,0.0012821814,0.98430914
real,00029487_001.png,29487,,effusion_0,-6.8862667,0.0010206783,0.9829136
real,00029211_000.png,29211,,effusion_0,-6.725767,0.0011981627,0.9826048
real,00004435_004.png,4435,,effusion_0,-6.2972946,0.0018378953,0.96653557
real,00008142_001.png,8142,,effusion_0,-6.834957,0.001074358,0.97996926
real,00003499_004.png,3499,,effusion_0,-6.626875,0.0013225437,0.97587657
real,00019163_000.png,19163,,effusion_0,-6.855337,0.001052707,0.979951
real,00010120_020.png,10120,,effusion_0,-6.613928,0.001339755,0.9681459
real,00002402_000.png,2402,,effusion_0,-7.006756,0.0009049226,0.9857662
real,00029025_004.png,29025,,effusion_0,-6.4068203,0.0016475447,0.96904165
real,00011598_020.png,11598,,effusion_0,-6.4795322,0.0015321772,0.96467066
real,00012855_000.png,12855,,effusion_0,-5.1305275,0.0058786767,0.7863983
real,00030389_014.png,30389,,effusion_0,-1.658699,0.15993673,0.3263706
real,00024171_000.png,24171,,effusion_0,-6.9922028,0.0009181761,0.9855061
real,00007851_004.png,7851,,effusion_0,-6.905855,0.0010008991,0.98636484
real,00011932_005.png,11932,,effusion_0,-6.9553127,0.0009526473,0.9839058
real,00027422_000.png,27422,,effusion_0,-7.0322113,0.0008821981,0.9852252
real,00013397_000.png,13397,,effusion_0,-7.1116943,0.0008148476,0.97608167
real,00000318_009.png,318,,effusion_0,-6.6306915,0.0013175124,0.96867543
real,00025924_005.png,25924,,effusion_0,-6.6201916,0.0013314005,0.97958064
real,00001507_002.png,1507,,effusion_0,-6.326166,0.0017856845,0.97497827
real,00007851_001.png,7851,,effusion_0,-6.9692764,0.00093944964,0.986316
real,00026354_000.png,26354,,effusion_0,-6.6444016,0.0012995958,0.96996236
real,00018642_001.png,18642,,effusion_0,-6.4704723,0.0015461001,0.9787702
real,00016245_000.png,16245,,effusion_0,-7.1319065,0.000798556,0.9899535
real,00007340_004.png,7340,,effusion_0,-6.684578,0.0012484816,0.9805824
real,00000273_009.png,273,,effusion_0,-6.453106,0.001573142,0.97195065
real,00017778_000.png,17778,,effusion_0,-5.8218193,0.002953462,0.9024416
real,00023339_000.png,23339,,effusion_0,-7.1663895,0.0007715097,0.98694074
real,00006981_017.png,6981,,effusion_0,-6.625477,0.0013243917,0.963629
real,00017013_001.png,17013,,effusion_0,-6.5075684,0.0014898805,0.9812717
real,00019574_000.png,19574,,effusion_0,-5.7956905,0.0030314126,0.9571278
real,00029200_001.png,29200,,effusion_0,-4.7392044,0.008669778,0.87361145
real,00012772_006.png,12772,,effusion_0,-6.961071,0.00094718265,0.9858788
real,00020624_013.png,20624,,effusion_0,-6.2480927,0.001930406,0.96577543
real,00020060_004.png,20060,,effusion_0,-6.3295593,0.0017796466,0.97652066
real,00017747_018.png,17747,,effusion_0,0.36209106,0.5895465,0.68432856
real,00000318_007.png,318,,effusion_0,-6.9255295,0.0009814188,0.97687215
real,00017930_002.png,17930,,effusion_0,2.7600975,0.9404811,0.72112584
real,00021023_024.png,21023,,effusion_0,-6.8529243,0.0010552473,0.97684765
real,00011929_000.png,11929,,effusion_0,-6.753647,0.001165258,0.96988064
real,00015142_000.png,15142,,effusion_0,3.5098324,0.97096616,0.8786303
real,00001222_007.png,1222,,effusion_0,-6.7457657,0.001174467,0.96886647
real,00007159_000.png,7159,,effusion_0,-6.940666,0.0009666893,0.9826915
real,00012669_000.png,12669,,effusion_0,-6.8650436,0.0010425489,0.97939354
real,00027427_005.png,27427,,effusion_0,1.5309868,0.82215065,0.5001223
real,00016484_003.png,16484,,effusion_0,-5.5484066,0.0038785546,0.95555604
real,00001336_000.png,1336,,effusion_0,-6.9905815,0.0009196645,0.98803616
real,00028358_000.png,28358,,effusion_0,-5.7578964,0.0031478072,0.93715996
real,00010015_000.png,10015,,effusion_0,-6.8198757,0.0010906657,0.98158294
real,00006002_000.png,6002,,effusion_0,-6.3923492,0.0016715195,0.9670315
real,00000246_000.png,246,,effusion_0,-6.671652,0.0012647037,0.9821001
real,00013098_000.png,13098,,effusion_0,-6.940752,0.0009666064,0.98088664
real,00018869_000.png,18869,,effusion_0,-6.9300632,0.0009769836,0.97882974
real,00025696_002.png,25696,,effusion_0,2.5336342,0.92646635,0.74323624
real,00001977_000.png,1977,,effusion_0,-6.431694,0.0016071346,0.9717217
real,00014335_000.png,14335,,effusion_0,-6.946104,0.000961452,0.9864221
real,00025924_001.png,25924,,effusion_0,-5.88389,0.0027762055,0.9523286
real,00026180_000.png,26180,,effusion_0,-6.543865,0.0014368485,0.96574396
real,00022312_001.png,22312,,effusion_0,-7.107582,0.0008182025,0.98884887
real,00005768_005.png,5768,,effusion_0,-6.6839294,0.0012492905,0.9696482
real,00019260_003.png,19260,,effusion_0,-6.6977367,0.0012321807,0.98644364
real,00003548_002.png,3548,,effusion_0,-6.61409,0.0013395381,0.97142607
real,00010695_018.png,10695,,effusion_0,3.1805267,0.96009487,0.8329561
real,00029428_000.png,29428,,effusion_0,-6.7488747,0.0011708256,0.98289615
real,00026292_006.png,26292,,effusion_0,-6.883705,0.0010232935,0.97792155
real,00004580_000.png,4580,,effusion_0,-6.8824615,0.0010245655,0.991673
real,00019554_000.png,19554,,effusion_0,-7.0418224,0.0008737672,0.9832897
real,00011139_001.png,11139,,effusion_0,-6.5279064,0.001459929,0.9642006
real,00014126_000.png,14126,,effusion_0,-6.432619,0.0016056509,0.9679248
real,00009815_004.png,9815,,effusion_0,-5.77017,0.003109527,0.9558688
real,00017747_060.png,17747,,effusion_0,3.7727337,0.9775275,0.9464867
real,00003464_001.png,3464,,effusion_0,-6.9135036,0.0009932806,0.9846305
real,00024003_000.png,24003,,effusion_0,-6.516449,0.0014767274,0.96429044
real,00014171_001.png,14171,,effusion_0,-6.448963,0.0015796624,0.97591585
real,00021983_000.png,21983,,effusion_0,-6.886566,0.0010203731,0.9739541
real,00006566_000.png,6566,,effusion_0,-6.8940754,0.0010127471,0.9626173
real,00021562_001.png,21562,,effusion_0,-6.366247,0.0017156482,0.9832812
real,00016698_001.png,16698,,effusion_0,-7.012432,0.00089980516,0.9861119
real,00017747_021.png,17747,,effusion_0,-0.25961494,0.4354584,0.67272115
real,00020458_003.png,20458,,effusion_0,-6.2467976,0.0019329026,0.9429212
real,00026833_000.png,26833,,effusion_0,4.1855907,0.98501474,0.9491693
real,00002962_000.png,2962,,effusion_0,-6.870901,0.0010364663,0.98299897
real,00016865_000.png,16865,,effusion_0,-7.102434,0.0008224219,0.9859642
real,00008157_000.png,8157,,effusion_0,-6.727976,0.0011955224,0.9766623
real,00005063_000.png,5063,,effusion_0,-6.954893,0.0009530467,0.98312837
real,00007424_001.png,7424,,effusion_0,-6.8611603,0.0010466011,0.9848842
real,00010964_000.png,10964,,effusion_0,-5.7906036,0.0030468253,0.9581427
real,00023372_000.png,23372,,effusion_0,-6.538065,0.0014451947,0.9770948
real,00024386_000.png,24386,,effusion_0,-6.852543,0.0010556495,0.983682
real,00010481_033.png,10481,,effusion_0,-6.1634808,0.0021004926,0.97163093
real,00001222_003.png,1222,,effusion_0,-6.745657,0.0011745945,0.98438734
real,00001104_006.png,1104,,effusion_0,-2.645527,0.06626524,0.53453225
real,00016568_006.png,16568,,effusion_0,2.281849,0.9073626,0.85089326
real,00017835_011.png,17835,,effusion_0,-6.6395016,0.0013059711,0.97121555
real,00006527_000.png,6527,,effusion_0,-6.889801,0.001017081,0.9856123
real,00001136_002.png,1136,,effusion_0,-6.688713,0.001243336,0.98145354
real,00028457_000.png,28457,,effusion_0,-6.377054,0.0016972383,0.9614045
real,00009378_006.png,9378,,effusion_0,-6.8130093,0.0010981723,0.9795039
real,00021976_000.png,21976,,effusion_0,-6.3774204,0.0016966179,0.9526791
real,00029569_000.png,29569,,effusion_0,-6.658352,0.0012816149,0.9862366
real,00007082_000.png,7082,,effusion_0,-6.4695244,0.001547564,0.96735835
real,00015795_000.png,15795,,effusion_0,-6.793215,0.001120102,0.97936815
real,00018616_000.png,18616,,effusion_0,-6.4475555,0.001581884,0.97502613
real,00019345_000.png,19345,,effusion_0,-0.04663849,0.48834246,0.28549248
real,00007389_002.png,7389,,effusion_0,-6.186039,0.0020537358,0.9510239
real,00017836_001.png,17836,,effusion_0,-6.458544,0.0015646243,0.941608
real,00023372_003.png,23372,,effusion_0,-6.658207,0.0012818004,0.9825482
real,00009090_001.png,9090,,effusion_0,-6.46208,0.0015591097,0.9797684
real,00001222_000.png,1222,,effusion_0,-7.1497173,0.0007844701,0.9834917
real,00030690_000.png,30690,,effusion_0,-6.0301685,0.0023993182,0.97599065
real,00025054_000.png,25054,,effusion_0,-7.051674,0.000865209,0.98609006
real,00007153_000.png,7153,,effusion_0,-6.4271336,0.0016144688,0.96537954
real,00012913_001.png,12913,,effusion_0,-6.8631153,0.0010445592,0.9763781
real,00022266_000.png,22266,,effusion_0,-6.704836,0.001223475,0.9879785
real,00027857_001.png,27857,,effusion_0,-6.9569244,0.00095111463,0.9865764
real,00012178_004.png,12178,,effusion_0,-6.9225025,0.0009843911,0.98027086
real,00029847_000.png,29847,,effusion_0,-6.665226,0.0012728464,0.9872351
real,00006040_000.png,6040,,effusion_0,-6.8022003,0.0011100936,0.96383
real,00020359_000.png,20359,,effusion_0,-6.953665,0.00095421704,0.98409534
real,00008802_004.png,8802,,effusion_0,-6.5757923,0.0013917616,0.9793246
real,00030783_000.png,30783,,effusion_0,-3.5976791,0.026657145,0.68647426
real,00001733_002.png,1733,,effusion_0,-6.869793,0.0010376144,0.97863936
real,00026105_000.png,26105,,effusion_0,-6.7419815,0.0011789146,0.980083
real,00022135_010.png,22135,,effusion_0,-6.8493786,0.0010589916,0.98722506
real,00029487_000.png,29487,,effusion_0,-6.524248,0.0014652718,0.9533814
real,00016975_007.png,16975,,effusion_0,-6.439089,0.0015953128,0.9671031
real,00001122_001.png,1122,,effusion_0,-6.447504,0.0015819655,0.9748675
real,00017465_001.png,17465,,effusion_0,-6.7371025,0.0011846737,0.97127175
real,00021710_000.png,21710,,effusion_0,-6.6333294,0.001314046,0.9593807
real,00015347_000.png,15347,,effusion_0,2.1449375,0.89519477,0.62260455
real,00013408_015.png,13408,,effusion_0,-5.695587,0.0033495063,0.95309097
real,00000705_001.png,705,,effusion_0,-4.828987,0.007931208,0.7529573
real,00014809_020.png,14809,,effusion_0,-6.7721233,0.0011439502,0.9795265
real,00008013_004.png,8013,,effusion_0,3.904829,0.98025346,0.9312385
real,00023156_007.png,23156,,effusion_0,-0.28754997,0.4286038,0.5175908
real,00029885_000.png,29885,,effusion_0,-6.9073925,0.0009993631,0.98982483
real,00013723_001.png,13723,,effusion_0,-6.877365,0.0010297952,0.98482734
real,00004493_000.png,4493,,effusion_0,-6.5598164,0.001414143,0.9763183
real,00007616_002.png,7616,,effusion_0,-5.513521,0.004015695,0.917034
real,00018008_000.png,18008,,effusion_0,-6.7941704,0.0011190333,0.98244524
real,00024125_000.png,24125,,effusion_0,-6.934738,0.0009724314,0.968033
real,00012304_003.png,12304,,effusion_0,-6.2939816,0.0018439833,0.93844134
real,00004057_000.png,4057,,effusion_0,-6.852072,0.0010561465,0.9676266
real,00013625_018.png,13625,,effusion_0,-6.803501,0.001108652,0.983969
real,00021475_000.png,21475,,effusion_0,-6.7053337,0.0012228669,0.9745248
real,00020060_002.png,20060,,effusion_0,-6.0618534,0.0023246617,0.9043753
real,00015009_004.png,15009,,effusion_0,-6.918598,0.0009882381,0.97882354
real,00003439_006.png,3439,,effusion_0,-7.000246,0.0009108273,0.9853253
real,00012585_007.png,12585,,effusion_0,-6.608694,0.0013467759,0.9723447
real,00005768_008.png,5768,,effusion_0,-6.8702717,0.0010371183,0.9752423
real,00028027_005.png,28027,,effusion_0,4.731146,0.9912607,0.9714253
real,00019911_001.png,19911,,effusion_0,-6.9560432,0.0009519523,0.9781076
real,00029678_000.png,29678,,effusion_0,-6.904827,0.0010019277,0.9808373
real,00002825_003.png,2825,,effusion_0,-7.004463,0.00090699777,0.9873385
real,00002383_001.png,2383,,effusion_0,-6.2034397,0.00201838,0.92180735
real,00003570_003.png,3570,,effusion_0,-6.9208164,0.0009860506,0.9852246
real,00012975_006.png,12975,,effusion_0,3.0905323,0.95650053,0.8825609
real,00002816_001.png,2816,,effusion_0,-7.0521317,0.0008648134,0.98684585
real,00007325_000.png,7325,,effusion_0,-5.384863,0.004564538,0.9515608
real,00013372_001.png,13372,,effusion_0,-6.5443993,0.0014360825,0.9634666
real,00006574_000.png,6574,,effusion_0,-7.002678,0.000908617,0.98515296
real,00014295_001.png,14295,,effusion_0,-7.0018997,0.0009093237,0.98628277
real,00006024_011.png,6024,,effusion_0,-6.937111,0.000970129,0.9859624
real,00013489_000.png,13489,,effusion_0,-6.879492,0.0010276097,0.9813904
real,00029870_000.png,29870,,effusion_0,-6.7747116,0.0011409965,0.97927266
real,00023506_000.png,23506,,effusion_0,-7.01112,0.0009009856,0.9849285
real,00000865_008.png,865,,effusion_0,-6.6596737,0.0012799241,0.9743652
real,00000877_033.png,877,,effusion_0,-7.091507,0.00083145057,0.9869348
real,00011726_000.png,11726,,effusion_0,-6.835211,0.0010740857,0.97612035
real,00017785_000.png,17785,,effusion_0,-6.6039658,0.0013531502,0.9555066
real,00027829_000.png,27829,,effusion_0,-6.890068,0.0010168096,0.9847427
real,00000023_000.png,23,,effusion_0,-6.527294,0.001460822,0.96650726
real,00026299_000.png,26299,,effusion_0,-6.7182503,0.0012071922,0.96054316
real,00019963_000.png,19963,,effusion_0,-6.8435707,0.0010651534,0.96835756
real,00005579_001.png,5579,,effusion_0,-5.5814476,0.0037529706,0.9264011
real,00015338_011.png,15338,,effusion_0,-6.2860565,0.0018586277,0.9622668
real,00009090_003.png,9090,,effusion_0,-6.7425785,0.0011782118,0.9772163
real,00010042_004.png,10042,,effusion_0,-6.569994,0.0013998437,0.98447573
real,00025527_001.png,25527,,effusion_0,-6.644804,0.0012990736,0.9560798
real,00022827_000.png,22827,,effusion_0,-6.848404,0.0010600232,0.9859388
real,00021305_000.png,21305,,effusion_0,-7.1230335,0.00080566737,0.98008287
real,00004018_000.png,4018,,effusion_0,-6.883726,0.001023272,0.9830043
real,00014922_000.png,14922,,effusion_0,-7.0069714,0.0009047278,0.98743385
real,00002566_000.png,2566,,effusion_0,-6.434616,0.0016024528,0.96153194
real,00008136_000.png,8136,,effusion_0,-6.4267635,0.0016150653,0.981189
real,00008929_000.png,8929,,effusion_0,-6.552353,0.0014247218,0.9797273
real,00000949_009.png,949,,effusion_0,-6.25832,0.0019108014,0.9267079
real,00028533_000.png,28533,,effusion_0,-6.558531,0.0014159597,0.9755229
real,00001170_044.png,1170,,effusion_0,4.208029,0.9853424,0.9513241
real,00010905_011.png,10905,,effusion_0,-6.5504837,0.0014273837,0.9764638
real,00000169_001.png,169,,effusion_0,-6.8012867,0.0011111071,0.98265624
real,00000318_000.png,318,,effusion_0,-6.7806168,0.0011342863,0.985022
real,00022334_000.png,22334,,effusion_0,-7.091604,0.0008313698,0.9860894
real,00016195_000.png,16195,,effusion_0,-6.583229,0.001381464,0.96746635
real,00008698_000.png,8698,,effusion_0,-5.990593,0.0024959347,0.9556804
real,00015313_012.png,15313,,effusion_0,-6.659504,0.0012801412,0.981982
real,00026815_003.png,26815,,effusion_0,-6.8348064,0.0010745196,0.9795432
real,00008386_001.png,8386,,effusion_0,-7.0822906,0.00083914236,0.98679763
real,00028766_004.png,28766,,effusion_0,-6.419241,0.0016272407,0.98359704
real,00006674_001.png,6674,,effusion_0,-7.0222607,0.0008910125,0.9865246
real,00014719_002.png,14719,,effusion_0,-6.807127,0.0011046439,0.9726299
real,00003174_013.png,3174,,effusion_0,-6.969763,0.0009389933,0.9861169
real,00005347_001.png,5347,,effusion_0,-6.6948338,0.0012357585,0.9836748
real,00024931_000.png,24931,,effusion_0,-7.1420326,0.0007905169,0.98555136
real,00010120_000.png,10120,,effusion_0,-6.7062016,0.0012218073,0.9635497
real,00012653_001.png,12653,,effusion_0,-4.7566147,0.008521417,0.8446216
real,00015840_000.png,15840,,effusion_0,-6.78817,0.0011257607,0.9821938
real,00010713_001.png,10713,,effusion_0,-6.4466724,0.0015832796,0.9314737
real,00021344_000.png,21344,,effusion_0,-6.443678,0.0015880202,0.9772712
real,00002073_001.png,2073,,effusion_0,6.161112,0.9978946,0.9911912
real,00026111_001.png,26111,,effusion_0,-6.7482624,0.0011715419,0.98382473
real,00016484_023.png,16484,,effusion_0,-6.395502,0.0016662666,0.9745252
real,00028566_000.png,28566,,effusion_0,-7.0447006,0.0008712581,0.98915225
real,00007931_000.png,7931,,effusion_0,-5.8715515,0.0028105753,0.9646035
real,00003042_001.png,3042,,effusion_0,-6.6538467,0.0012873943,0.972698
real,00011153_000.png,11153,,effusion_0,-6.6408157,0.0013042581,0.9739519
real,00021716_002.png,21716,,effusion_0,-5.2907276,0.005012838,0.8903071
real,00025676_000.png,25676,,effusion_0,-6.8776054,0.0010295479,0.9857205
real,00006123_003.png,6123,,effusion_0,-7.075306,0.0008450191,0.9877934
real,00004773_001.png,4773,,effusion_0,-6.3503,0.0017431795,0.95995384
real,00012797_000.png,12797,,effusion_0,-7.0653915,0.00085343147,0.9824896
real,00016842_002.png,16842,,effusion_0,-6.9115047,0.000995266,0.9841548
real,00011732_000.png,11732,,effusion_0,-6.7845516,0.0011298368,0.9697383
real,00009777_000.png,9777,,effusion_0,-7.0083923,0.0009034443,0.9792571
real,00024861_000.png,24861,,effusion_0,-6.317072,0.0018019687,0.96702176
real,00029926_000.png,29926,,effusion_0,-6.6791096,0.0012553188,0.9807327
real,00010071_001.png,10071,,effusion_0,-6.1641407,0.0020991096,0.9684864
real,00022788_004.png,22788,,effusion_0,-6.6633987,0.0012751713,0.9635757
real,00029648_000.png,29648,,effusion_0,-6.935375,0.0009718127,0.99029
real,00011910_009.png,11910,,effusion_0,-6.969118,0.00093959825,0.98442835
real,00021972_024.png,21972,,effusion_0,2.107235,0.89160436,0.6235415
real,00016410_000.png,16410,,effusion_0,-6.8761196,0.0010310772,0.9829457
real,00013181_003.png,13181,,effusion_0,-6.9183483,0.0009884848,0.9803566
real,00005614_001.png,5614,,effusion_0,-6.914469,0.0009923234,0.98265827
real,00014110_000.png,14110,,effusion_0,-6.3715935,0.0017065159,0.93636423
real,00028148_015.png,28148,,effusion_0,-4.2403717,0.014197758,0.7255521
real,00013427_000.png,13427,,effusion_0,-6.8880577,0.0010188537,0.9775245
real,00016879_000.png,16879,,effusion_0,-6.632971,0.0013145168,0.97672457
real,00013723_000.png,13723,,effusion_0,-6.812792,0.0010984109,0.98756987
real,00000085_000.png,85,,effusion_0,-5.5088387,0.004034466,0.91778475
real,00026599_000.png,26599,,effusion_0,-6.851841,0.00105639,0.9844025
real,00017729_001.png,17729,,effusion_0,-7.0832214,0.0008383624,0.98219615
real,00016255_000.png,16255,,effusion_0,-6.7728157,0.0011431593,0.9851164
real,00020758_000.png,20758,,effusion_0,-6.5616035,0.0014116216,0.9474605
real,00030029_000.png,30029,,effusion_0,-6.798565,0.001114132,0.9889082
real,00006098_006.png,6098,,effusion_0,-4.1565533,0.015419947,0.7756752
real,00023625_000.png,23625,,effusion_0,-7.024397,0.0008891128,0.98604155
real,00009034_006.png,9034,,effusion_0,-5.124008,0.0059168995,0.8675034
real,00009061_000.png,9061,,effusion_0,-6.71673,0.0012090263,0.9815871
real,00008359_000.png,8359,,effusion_0,-6.9158516,0.0009909534,0.9843396
real,00001170_004.png,1170,,effusion_0,2.7676315,0.94090146,0.73114014
real,00015087_011.png,15087,,effusion_0,-6.303974,0.0018256824,0.9538864
real,00005401_007.png,5401,,effusion_0,-7.034664,0.00088003883,0.9757873
real,00020631_001.png,20631,,effusion_0,-6.694725,0.0012358928,0.9815768
real,00010984_003.png,10984,,effusion_0,-6.952816,0.0009550264,0.98550045
real,00025075_005.png,25075,,effusion_0,-6.672888,0.0012631435,0.9800011
real,00018448_017.png,18448,,effusion_0,-6.751728,0.0011674934,0.9837119
real,00000341_000.png,341,,effusion_0,-6.816721,0.0010941081,0.9782585
real,00006955_000.png,6955,,effusion_0,-6.7420063,0.0011788853,0.98633534
real,00002168_000.png,2168,,effusion_0,-7.2271614,0.00072605285,0.98883146
real,00025483_000.png,25483,,effusion_0,-1.9959984,0.11962371,0.564174
real,00008562_000.png,8562,,effusion_0,-7.132019,0.0007984662,0.9881626
real,00028614_000.png,28614,,effusion_0,-7.111971,0.0008146224,0.98723334
real,00005014_014.png,5014,,effusion_0,2.9855957,0.9519191,0.77596635
real,00024583_000.png,24583,,effusion_0,-6.7038765,0.001224648,0.97707427
real,00026264_000.png,26264,,effusion_0,-6.7528915,0.0011661374,0.96600103
real,00017111_006.png,17111,,effusion_0,-6.7238407,0.0012004703,0.97878957
real,00012074_000.png,12074,,effusion_0,-6.7835083,0.0011310149,0.97383463
real,00013303_000.png,13303,,effusion_0,-6.6848755,0.0012481107,0.9783792
real,00005552_000.png,5552,,effusion_0,-6.489483,0.0015170296,0.9693652
real,00016205_006.png,16205,,effusion_0,3.10437,0.9570727,0.73674744
real,00010481_029.png,10481,,effusion_0,-6.7317142,0.0011910667,0.98718363
real,00022788_003.png,22788,,effusion_0,-6.6109753,0.0013437114,0.9756329
real,00020802_000.png,20802,,effusion_0,-7.0548706,0.00086245,0.9877293
real,00023133_002.png,23133,,effusion_0,-6.805664,0.0011062593,0.9769266
real,00011770_008.png,11770,,effusion_0,6.80595,0.99889404,0.99349093
real,00029286_000.png,29286,,effusion_0,-6.722376,0.001202228,0.98646975
real,00029203_000.png,29203,,effusion_0,-6.686678,0.001245866,0.97628903
real,00021424_004.png,21424,,effusion_0,-5.6811523,0.003398041,0.9239943
real,00021409_000.png,21409,,effusion_0,5.378042,0.99540436,0.9788623
real,00011932_007.png,11932,,effusion_0,-6.887392,0.0010195315,0.9768129
real,00001713_000.png,1713,,effusion_0,-6.5263615,0.0014621831,0.9631761
real,00012980_000.png,12980,,effusion_0,-6.5001335,0.0015009822,0.9775247
real,00028229_000.png,28229,,effusion_0,-6.788519,0.0011253683,0.98287374
real,00028282_000.png,28282,,effusion_0,-6.7605724,0.001157225,0.9871011
real,00013533_001.png,13533,,effusion_0,-6.603302,0.0013540476,0.9805851
real,00004318_000.png,4318,,effusion_0,-6.8499165,0.0010584228,0.98183155
real,00001974_007.png,1974,,effusion_0,2.4379387,0.91967493,0.57544065
real,00009699_000.png,9699,,effusion_0,-6.8328648,0.0010766059,0.98305476
real,00014838_000.png,14838,,effusion_0,-6.512495,0.0014825693,0.97730833
real,00012919_000.png,12919,,effusion_0,-6.818001,0.0010927104,0.9786955
real,00006526_000.png,6526,,effusion_0,-6.9457855,0.000961758,0.9804635
real,00008054_000.png,8054,,effusion_0,-6.425928,0.0016164129,0.9716409
real,00009652_000.png,9652,,effusion_0,-6.1253986,0.0021818485,0.96626264
real,00012585_002.png,12585,,effusion_0,-6.812153,0.0010991121,0.97961766
real,00012086_000.png,12086,,effusion_0,-6.908066,0.0009986912,0.9798721
real,00025908_000.png,25908,,effusion_0,-6.971697,0.00093718065,0.98598397
real,00016842_000.png,16842,,effusion_0,-6.9112854,0.0009954841,0.98920083
real,00008593_002.png,8593,,effusion_0,-6.665228,0.0012728439,0.98051673
real,00019857_001.png,19857,,effusion_0,-6.7967644,0.0011161376,0.97990054
real,00017111_008.png,17111,,effusion_0,-6.694271,0.0012364533,0.9691897
real,00021652_000.png,21652,,effusion_0,-7.1158276,0.00081148924,0.98764664
real,00022883_016.png,22883,,effusion_0,-6.2526875,0.0019215737,0.97189176
real,00004378_001.png,4378,,effusion_0,-6.891962,0.0010148875,0.98897976
real,00021705_000.png,21705,,effusion_0,-6.891218,0.0010156421,0.9891531
real,00016769_000.png,16769,,effusion_0,-6.3847923,0.0016841777,0.95973635
real,00008806_009.png,8806,,effusion_0,-6.573391,0.001395103,0.94376457
real,00016789_006.png,16789,,effusion_0,-6.57551,0.0013921539,0.97632074
real,00018044_004.png,18044,,effusion_0,-6.2892933,0.0018526325,0.9452813
real,00000463_000.png,463,,effusion_0,2.1859074,0.8989768,0.663658
real,00012017_000.png,12017,,effusion_0,-6.7847176,0.0011296495,0.9836241
real,00009369_000.png,9369,,effusion_0,-7.0958138,0.00082788034,0.98057806
real,00001059_006.png,1059,,effusion_0,-6.7959137,0.0011170864,0.9605271
real,00005532_033.png,5532,,effusion_0,-6.2752953,0.0018786989,0.9110561
real,00009409_002.png,9409,,effusion_0,-6.7951336,0.0011179572,0.98677206
real,00025432_000.png,25432,,effusion_0,-6.878952,0.0010281638,0.9721243
real,00014523_000.png,14523,,effusion_0,-6.875738,0.0010314701,0.98182714
real,00027084_000.png,27084,,effusion_0,-6.8977184,0.0010090682,0.9876473
real,00007719_000.png,7719,,effusion_0,-6.774967,0.0011407053,0.98331743
real,00012585_014.png,12585,,effusion_0,-6.8249416,0.0010851604,0.9696745
real,00006791_002.png,6791,,effusion_0,-6.4221764,0.0016224788,0.9557155
real,00016789_008.png,16789,,effusion_0,-6.79932,0.0011132917,0.98043984
real,00018603_000.png,18603,,effusion_0,-6.678404,0.0012562039,0.9685277
real,00012400_000.png,12400,,effusion_0,-6.927683,0.0009793097,0.98490065
real,00026299_001.png,26299,,effusion_0,-6.639389,0.0013061177,0.9731075
real,00000821_000.png,821,,effusion_0,-6.6665134,0.0012712107,0.9732264
real,00003570_005.png,3570,,effusion_0,-6.976162,0.0009330092,0.98355126
real,00012476_001.png,12476,,effusion_0,-6.918579,0.0009882569,0.9821782
real,00023964_000.png,23964,,effusion_0,-6.620819,0.0013305664,0.9569938
real,00006002_003.png,6002,,effusion_0,-5.9099064,0.0027051033,0.93361604
real,00008806_000.png,8806,,effusion_0,-6.7974586,0.0011153638,0.9664521
real,00030149_000.png,30149,,effusion_0,-6.868931,0.0010385084,0.9843261
real,00010936_001.png,10936,,effusion_0,-5.7766876,0.0030893893,0.9029842
real,00024948_000.png,24948,,effusion_0,-6.852804,0.0010553739,0.9841353
real,00029393_000.png,29393,,effusion_0,-6.911003,0.000995765,0.98335487
real,00023266_005.png,23266,,effusion_0,3.0271893,0.9537874,0.84827495
real,00018284_023.png,18284,,effusion_0,0.08633804,0.52157116,0.8118482
real,00006024_002.png,6024,,effusion_0,-6.6002026,0.0013582452,0.98312676
real,00016724_002.png,16724,,effusion_0,5.6730614,0.9965745,0.98656726
real,00009936_000.png,9936,,effusion_0,-6.565094,0.0014067099,0.956234
real,00010682_000.png,10682,,effusion_0,-6.932825,0.00097429164,0.9724609
real,00003785_006.png,3785,,effusion_0,-6.276684,0.0018760972,0.92740583
real,00015938_000.png,15938,,effusion_0,-6.719801,0.0012053238,0.9731698
real,00013952_006.png,13952,,effusion_0,-5.1452675,0.0057931594,0.87553304
real,00014352_004.png,14352,,effusion_0,-6.7704353,0.0011458806,0.9834537
real,00004547_000.png,4547,,effusion_0,-6.7076893,0.0012199932,0.97940075
real,00029140_000.png,29140,,effusion_0,-5.554859,0.0038537045,0.9570467
real,00012625_012.png,12625,,effusion_0,-7.0375977,0.0008774632,0.9882838
real,00011987_000.png,11987,,effusion_0,-6.87858,0.001028546,0.98314625
real,00016388_000.png,16388,,effusion_0,-6.8628063,0.0010448815,0.9863109
real,00021362_000.png,21362,,effusion_0,-6.621256,0.0013299861,0.96995395
real,00002515_001.png,2515,,effusion_0,-6.504856,0.0014939208,0.96941316
real,00028465_001.png,28465,,effusion_0,-6.8849716,0.0010219996,0.9820857
real,00025466_000.png,25466,,effusion_0,-6.9020443,0.0010047168,0.985994
real,00018822_000.png,18822,,effusion_0,-6.7905083,0.0011231343,0.980765
real,00010481_004.png,10481,,effusion_0,-6.436571,0.0015993279,0.9811183
real,00024245_000.png,24245,,effusion_0,-6.7835255,0.0011309955,0.9833145
real,00022341_000.png,22341,,effusion_0,-6.930313,0.0009767397,0.9857978
real,00008318_000.png,8318,,effusion_0,-6.654522,0.0012865266,0.9753341
real,00022532_000.png,22532,,effusion_0,-6.875559,0.0010316549,0.98775226
real,00018044_041.png,18044,,effusion_0,3.2800598,0.9637384,0.79025084
real,00001248_034.png,1248,,effusion_0,5.2609158,0.99483633,0.9826376
real,00030001_000.png,30001,,effusion_0,-6.6191006,0.0013328518,0.97281265
real,00016123_000.png,16123,,effusion_0,-6.79735,0.001115485,0.9847631
real,00001075_044.png,1075,,effusion_0,-6.7472763,0.0011726962,0.9801687
real,00022155_017.png,22155,,effusion_0,1.983757,0.8790811,0.62063944
real,00020312_030.png,20312,,effusion_0,-6.865883,0.0010416752,0.98462945
real,00003362_002.png,3362,,effusion_0,4.320465,0.98688066,0.9454429
real,00020572_001.png,20572,,effusion_0,-6.9195538,0.0009872952,0.97680926
real,00009138_022.png,9138,,effusion_0,2.3480778,0.9127813,0.67192096
real,00007131_006.png,7131,,effusion_0,-5.6569443,0.003481015,0.9322505
real,00012329_001.png,12329,,effusion_0,-6.9508038,0.0009569483,0.9784424
real,00008185_000.png,8185,,effusion_0,-3.312027,0.035160888,0.54029727
real,00018547_000.png,18547,,effusion_0,-6.9517136,0.00095607893,0.98133904
real,00029423_000.png,29423,,effusion_0,4.8076897,0.9918995,0.9746293
real,00017326_001.png,17326,,effusion_0,-7.05579,0.00086165813,0.98638123
real,00014307_001.png,14307,,effusion_0,-6.8758965,0.0010313072,0.9735308
real,00006674_000.png,6674,,effusion_0,-7.0167904,0.00089589565,0.98620355
real,00018044_003.png,18044,,effusion_0,-6.4105606,0.0016414039,0.9677322
real,00019406_000.png,19406,,effusion_0,-6.800644,0.0011118207,0.9776958
real,00003896_004.png,3896,,effusion_0,-6.8993053,0.0010074697,0.98004836
real,00011932_003.png,11932,,effusion_0,-6.4796753,0.0015319583,0.96834695
real,00019317_000.png,19317,,effusion_0,-6.885357,0.0010216063,0.9836379
real,00002139_000.png,2139,,effusion_0,-6.8813267,0.0010257277,0.97828597
real,00013678_003.png,13678,,effusion_0,-6.6066647,0.0013495081,0.97508335
real,00016512_001.png,16512,,effusion_0,-6.8971786,0.0010096123,0.9784144
real,00008502_000.png,8502,,effusion_0,-7.038704,0.0008764939,0.98931205
real,00014294_003.png,14294,,effusion_0,-5.860279,0.002842346,0.96120274
real,00018011_000.png,18011,,effusion_0,-6.784569,0.0011298175,0.9744423
real,00001203_002.png,1203,,effusion_0,-6.44932,0.0015791,0.9801734
real,00005250_001.png,5250,,effusion_0,-6.9052753,0.0010014791,0.98523307
real,00028042_000.png,28042,,effusion_0,-6.7813206,0.0011334891,0.9828417
real,00017330_000.png,17330,,effusion_0,-6.660263,0.0012791711,0.96299595
real,00010936_003.png,10936,,effusion_0,4.394989,0.9878114,0.9423211
real,00011380_022.png,11380,,effusion_0,4.1106224,0.98386693,0.9279688
real,00009105_003.png,9105,,effusion_0,-6.503193,0.001496404,0.9651476
real,00006012_000.png,6012,,effusion_0,-6.3709354,0.0017076373,0.98042256
real,00006040_005.png,6040,,effusion_0,-6.433277,0.0016045965,0.9654986
real,00011279_000.png,11279,,effusion_0,5.800352,0.99698263,0.9868001
real,00016485_000.png,16485,,effusion_0,-6.6352615,0.0013115129,0.97126174
real,00003094_003.png,3094,,effusion_0,-6.1643753,0.0020986183,0.94814837
real,00020699_001.png,20699,,effusion_0,-6.10363,0.0022297578,0.9445827
real,00001213_003.png,1213,,effusion_0,-6.6731663,0.0012627923,0.97501665
real,00028764_000.png,28764,,effusion_0,-6.875551,0.0010316628,0.99045384
real,00005501_000.png,5501,,effusion_0,-7.0244617,0.0008890552,0.9855531
real,00012051_004.png,12051,,effusion_0,-6.8423634,0.0010664389,0.9850168
real,00023621_000.png,23621,,effusion_0,-7.050602,0.0008661361,0.98833215
real,00001174_000.png,1174,,effusion_0,-6.399311,0.0016599424,0.9756068
real,00012536_001.png,12536,,effusion_0,3.0617218,0.9552859,0.85167617
real,00004490_005.png,4490,,effusion_0,-5.686363,0.0033804402,0.9536908
real,00014462_001.png,14462,,effusion_0,-6.833412,0.0010760173,0.9765719
real,00007623_002.png,7623,,effusion_0,-6.5262337,0.0014623697,0.9811993
real,00015449_000.png,15449,,effusion_0,-6.532509,0.001453235,0.9590121
real,00002585_001.png,2585,,effusion_0,4.5766335,0.98981535,0.96702296
real,00001292_000.png,1292,,effusion_0,-6.625351,0.001324558,0.96631575
real,00007313_002.png,7313,,effusion_0,-6.632971,0.0013145168,0.9837905
real,00024273_000.png,24273,,effusion_0,-6.9708176,0.00093800435,0.9835115
real,00008728_000.png,8728,,effusion_0,-6.7707596,0.0011455095,0.9673146
real,00025832_003.png,25832,,effusion_0,-6.620079,0.0013315502,0.96129316
real,00010453_000.png,10453,,effusion_0,-7.168974,0.0007695199,0.9813434
real,00004589_000.png,4589,,effusion_0,-6.8889885,0.0010179068,0.9764724
real,00021375_007.png,21375,,effusion_0,-5.1372375,0.0058395923,0.9224488
real,00007019_001.png,7019,,effusion_0,-7.0665245,0.00085246586,0.98699343
real,00011910_003.png,11910,,effusion_0,-6.728424,0.0011949872,0.97214645
real,00015056_005.png,15056,,effusion_0,-7.084696,0.0008371282,0.98972636
real,00028766_002.png,28766,,effusion_0,-6.3362236,0.0017678466,0.9785095
real,00017020_000.png,17020,,effusion_0,-6.597927,0.001361335,0.92864877
real,00016939_000.png,16939,,effusion_0,-6.9818,0.0009277685,0.98257697
real,00015795_003.png,15795,,effusion_0,-6.685894,0.0012468417,0.9721977
real,00006024_006.png,6024,,effusion_0,-6.594467,0.001366047,0.9777081
real,00016191_019.png,16191,,effusion_0,-4.113804,0.016082602,0.75746596
real,00017747_061.png,17747,,effusion_0,4.5688095,0.9897362,0.9827409
real,00010246_000.png,10246,,effusion_0,-6.582884,0.0013819403,0.96463454
real,00004943_000.png,4943,,effusion_0,-6.2772408,0.0018750546,0.8969822
real,00021288_000.png,21288,,effusion_0,-6.835594,0.0010736745,0.97725385
real,00025046_000.png,25046,,effusion_0,-6.853815,0.0010543087,0.9869673
real,00015338_003.png,15338,,effusion_0,-6.7441635,0.001176348,0.97651863
real,00014504_000.png,14504,,effusion_0,-6.69998,0.0012294234,0.9767894
real,00014281_000.png,14281,,effusion_0,-6.860613,0.0010471736,0.98088825
real,00006098_007.png,6098,,effusion_0,-6.8926544,0.0010141858,0.9795586
real,00004695_000.png,4695,,effusion_0,-6.4642143,0.0015557907,0.955912
real,00027153_001.png,27153,,effusion_0,-6.5764675,0.0013908234,0.9765919
real,00028027_002.png,28027,,effusion_0,-6.3344173,0.0017710372,0.958997
real,00004834_000.png,4834,,effusion_0,-6.8662605,0.0010412823,0.98188365
real,00006002_001.png,6002,,effusion_0,-6.4823437,0.0015278821,0.9627996
real,00002825_001.png,2825,,effusion_0,-7.0211544,0.0008919979,0.9778204
real,00021569_000.png,21569,,effusion_0,-6.658678,0.0012811975,0.98618287
real,00013138_002.png,13138,,effusion_0,-6.6943607,0.0012363425,0.9829542
real,00014029_000.png,14029,,effusion_0,-6.988304,0.00092175935,0.98613626
real,00021614_001.png,21614,,effusion_0,-6.684641,0.0012484031,0.9843127
real,00014045_000.png,14045,,effusion_0,-6.6320305,0.0013157517,0.95282906
real,00006202_000.png,6202,,effusion_0,-6.364582,0.0017185025,0.98131704
real,00020060_007.png,20060,,effusion_0,-5.3228073,0.0048553483,0.8900444
real,00001587_000.png,1587,,effusion_0,-7.0704594,0.00084912096,0.9795247
real,00020674_000.png,20674,,effusion_0,-6.8951187,0.0010116922,0.9832273
real,00022763_000.png,22763,,effusion_0,-6.6637325,0.0012747463,0.9668239
real,00025832_004.png,25832,,effusion_0,-5.946766,0.002607465,0.8927682
real,00000877_007.png,877,,effusion_0,-7.072777,0.0008471572,0.98399854
real,00008733_000.png,8733,,effusion_0,-7.0333443,0.0008812001,0.9857893
real,00005903_000.png,5903,,effusion_0,-6.7009773,0.0012281991,0.98196924
real,00030781_000.png,30781,,effusion_0,-6.505764,0.0014925672,0.9772678
real,00026409_000.png,26409,,effusion_0,-6.5652313,0.001406517,0.9881023
real,00000872_000.png,872,,effusion_0,-6.8689575,0.0010384807,0.9775012
real,00015597_000.png,15597,,effusion_0,-5.3242283,0.004848487,0.87831557
real,00005395_001.png,5395,,effusion_0,-5.5738525,0.003781475,0.9151598
real,00008081_019.png,8081,,effusion_0,3.9531116,0.98116666,0.9427124
real,00001733_001.png,1733,,effusion_0,-6.872341,0.0010349763,0.9813006
real,00020642_006.png,20642,,effusion_0,-6.8561344,0.0010518689,0.9850481
real,00008489_015.png,8489,,effusion_0,-5.9934444,0.0024888455,0.9480393
real,00019575_000.png,19575,,effusion_0,-6.555771,0.0014198675,0.96969545
real,00008342_023.png,8342,,effusion_0,-6.179817,0.002066527,0.9361875
real,00024797_000.png,24797,,effusion_0,-6.960287,0.0009479247,0.98831993
real,00008779_000.png,8779,,effusion_0,-6.3373547,0.001765852,0.9611416
real,00003812_002.png,3812,,effusion_0,-6.992197,0.0009181813,0.98608106
real,00019544_000.png,19544,,effusion_0,-6.9446316,0.0009628673,0.9861827
real,00003804_001.png,3804,,effusion_0,-6.4483204,0.0015806765,0.9833528
real,00004909_005.png,4909,,effusion_0,-6.0179787,0.002428673,0.9463705
real,00029543_002.png,29543,,effusion_0,-5.231985,0.0053145136,0.9093565
real,00022582_001.png,22582,,effusion_0,-7.077503,0.00084316597,0.9847797
real,00000463_001.png,463,,effusion_0,1.5319138,0.8222861,0.5811761
real,00000796_004.png,796,,effusion_0,-6.5419216,0.0014396398,0.9748886
real,00022155_012.png,22155,,effusion_0,-3.456562,0.030573767,0.48086786
real,00012304_002.png,12304,,effusion_0,-5.574978,0.0037772378,0.87653726
real,00003570_001.png,3570,,effusion_0,-4.972065,0.0068811476,0.9207218
real,00015449_002.png,15449,,effusion_0,-6.861059,0.0010467068,0.98157114
real,00023776_000.png,23776,,effusion_0,-6.9271927,0.0009797893,0.9776908
real,00001606_004.png,1606,,effusion_0,-6.8512897,0.0010569717,0.9728467
real,00026795_000.png,26795,,effusion_0,-6.5770607,0.0013899998,0.9812181
real,00030805_000.png,30805,,effusion_0,-6.922083,0.0009848038,0.98126733
real,00017747_023.png,17747,,effusion_0,-1.6811085,0.15694873,0.76190585
real,00010348_001.png,10348,,effusion_0,-6.2891045,0.0018529817,0.97494
real,00016929_001.png,16929,,effusion_0,-6.483816,0.0015256373,0.97856563
real,00002120_001.png,2120,,effusion_0,-2.5533009,0.07220504,0.6180818
real,00011598_028.png,11598,,effusion_0,-3.9413738,0.019051505,0.7594061
real,00003064_010.png,3064,,effusion_0,-6.814743,0.001096272,0.968244
real,00014076_000.png,14076,,effusion_0,-7.13291,0.0007977559,0.989172
real,00001059_005.png,1059,,effusion_0,-6.1455956,0.002138317,0.94595295
real,00015977_000.png,15977,,effusion_0,-6.8863106,0.0010206336,0.9851582
real,00010135_000.png,10135,,effusion_0,-6.945549,0.00096198526,0.9795064
real,00014025_000.png,14025,,effusion_0,-6.7289085,0.0011944091,0.9851191
real,00005587_000.png,5587,,effusion_0,-6.930483,0.0009765741,0.98914874
real,00011764_007.png,11764,,effusion_0,-6.5576897,0.0014171496,0.9589548
real,00028256_000.png,28256,,effusion_0,-6.741127,0.0011799212,0.9793191
real,00010131_001.png,10131,,effusion_0,-6.839361,0.0010696419,0.982146
real,00008184_003.png,8184,,effusion_0,-6.873152,0.0010341386,0.9829946
real,00003916_000.png,3916,,effusion_0,-0.8523884,0.29893208,0.2982412
real,00000273_004.png,273,,effusion_0,-4.212347,0.014595383,0.73193544
real,00023343_000.png,23343,,effusion_0,-6.9287167,0.0009782987,0.98297274
real,00001292_001.png,1292,,effusion_0,-6.5355854,0.0014487774,0.95870703
real,00001470_002.png,1470,,effusion_0,1.702982,0.8459238,0.7660434
real,00017545_000.png,17545,,effusion_0,-6.792095,0.0011213553,0.963763
real,00013441_000.png,13441,,effusion_0,-6.9297733,0.0009772666,0.98309743
real,00010920_004.png,10920,,effusion_0,-6.8996277,0.0010071453,0.98285294
real,00007313_001.png,7313,,effusion_0,-6.8658714,0.0010416871,0.9880162
real,00000304_001.png,304,,effusion_0,-6.183815,0.002058299,0.96979994
real,00010481_031.png,10481,,effusion_0,-6.672863,0.0012631749,0.9778807
real,00022155_024.png,22155,,effusion_0,-6.9041824,0.0010025732,0.97140837
real,00011603_000.png,11603,,effusion_0,-7.0634956,0.0008550496,0.98172045
real,00001230_001.png,1230,,effusion_0,-7.0682793,0.0008509726,0.98136425
real,00017824_001.png,17824,,effusion_0,-6.6899624,0.0012417856,0.96728915
real,00028706_000.png,28706,,effusion_0,-6.3292828,0.001780138,0.9797896
real,00012989_001.png,12989,,effusion_0,-6.594799,0.0013655943,0.964308
real,00029493_000.png,29493,,effusion_0,-6.8965034,0.0010102936,0.98724407
real,00005579_000.png,5579,,effusion_0,-6.768627,0.0011479519,0.96164256
real,00015795_004.png,15795,,effusion_0,-6.69536,0.001235109,0.9699992
real,00000262_000.png,262,,effusion_0,-7.1453285,0.0007879179,0.9842184
real,00019413_000.png,19413,,effusion_0,-6.7996273,0.0011129503,0.98672575
real,00008147_000.png,8147,,effusion_0,-6.7863884,0.0011277657,0.9869826
real,00012951_000.png,12951,,effusion_0,-6.123514,0.002185955,0.9392004
real,00024613_000.png,24613,,effusion_0,-6.896496,0.0010103013,0.98311675
real,00003577_000.png,3577,,effusion_0,-6.8671417,0.001040366,0.97881323
real,00014352_007.png,14352,,effusion_0,-6.601038,0.0013571125,0.9756782
real,00016509_000.png,16509,,effusion_0,-6.8167095,0.0010941207,0.983082
real,00010696_000.png,10696,,effusion_0,-6.884863,0.0010221106,0.982169
real,00013591_000.png,13591,,effusion_0,-6.940727,0.00096663035,0.9871747
real,00027305_000.png,27305,,effusion_0,-6.7265854,0.0011971837,0.98101807
real,00018488_002.png,18488,,effusion_0,-3.6559868,0.025185304,0.82055986
real,00012626_005.png,12626,,effusion_0,-6.96599,0.0009425392,0.9866039
real,00023423_000.png,23423,,effusion_0,-7.1180344,0.00080970186,0.9872235
real,00010481_040.png,10481,,effusion_0,-6.7658844,0.0011511013,0.97872216
real,00015111_000.png,15111,,effusion_0,-6.65753,0.0012826676,0.97113484
real,00023085_009.png,23085,,effusion_0,-5.133049,0.005863959,0.91101336
real,00011328_000.png,11328,,effusion_0,-6.8719864,0.0010353433,0.9800226
real,00028475_000.png,28475,,effusion_0,-6.6925144,0.0012386244,0.97843957
real,00022677_005.png,22677,,effusion_0,-6.329279,0.0017801448,0.9628898
real,00003464_000.png,3464,,effusion_0,-6.845516,0.0010630853,0.9821369
real,00010295_000.png,10295,,effusion_0,-6.849024,0.0010593671,0.9816317
real,00022527_000.png,22527,,effusion_0,-7.096819,0.00082704925,0.9804536
real,00013970_009.png,13970,,effusion_0,-6.6889954,0.0012429855,0.98433715
real,00001203_003.png,1203,,effusion_0,-5.0624676,0.006290105,0.9303482
real,00015228_000.png,15228,,effusion_0,-5.7624683,0.0031334937,0.91270304
real,00001136_001.png,1136,,effusion_0,-5.8493958,0.0028733602,0.9403062
real,00006040_009.png,6040,,effusion_0,-6.6459827,0.0012975452,0.95506316
real,00008441_000.png,8441,,effusion_0,-6.9137516,0.0009930346,0.9889884
real,00015740_000.png,15740,,effusion_0,-6.856888,0.0010510775,0.9792876
real,00007109_011.png,7109,,effusion_0,-6.712557,0.0012140764,0.96168417
real,00019496_000.png,19496,,effusion_0,-6.801344,0.0011110435,0.97717565
real,00022882_000.png,22882,,effusion_0,-7.116873,0.0008106422,0.98932546
real,00022500_000.png,22500,,effusion_0,-7.005699,0.00090587843,0.98217845
real,00011380_008.png,11380,,effusion_0,0.008302689,0.5020757,0.38994706
real,00000386_000.png,386,,effusion_0,-6.8029747,0.0011092351,0.98298234
real,00022196_002.png,22196,,effusion_0,-6.695261,0.0012352313,0.9732528
real,00018597_002.png,18597,,effusion_0,-6.9040375,0.0010027182,0.9785879
real,00013969_008.png,13969,,effusion_0,-6.7735844,0.0011422819,0.9815677
real,00029579_007.png,29579,,effusion_0,-3.6278858,0.025884494,0.6666539
real,00020485_005.png,20485,,effusion_0,-6.755062,0.0011636119,0.97647595
real,00005002_001.png,5002,,effusion_0,-6.569971,0.0013998756,0.97306013
real,00028053_000.png,28053,,effusion_0,-6.8780346,0.0010291066,0.9841642
real,00000417_003.png,417,,effusion_0,-3.0964203,0.043255154,0.65434235
real,00016439_000.png,16439,,effusion_0,-6.8926697,0.0010141704,0.9839122
real,00020531_000.png,20531,,effusion_0,-6.9229946,0.0009839071,0.9773721
real,00015435_001.png,15435,,effusion_0,-6.685501,0.001247331,0.9621569
real,00002595_001.png,2595,,effusion_0,-6.879858,0.0010272338,0.9824709
real,00016512_000.png,16512,,effusion_0,-6.8276215,0.0010822595,0.9844239
real,00021023_004.png,21023,,effusion_0,6.231619,0.99803764,0.98934484
real,00009273_002.png,9273,,effusion_0,-4.0610447,0.01693913,0.8538686
real,00002292_001.png,2292,,effusion_0,-7.0946293,0.0008288606,0.9763321
real,00000757_000.png,757,,effusion_0,-5.8105965,0.0029866956,0.95220304
real,00006711_000.png,6711,,effusion_0,-6.736185,0.0011857598,0.9834899
real,00016261_001.png,16261,,effusion_0,-6.018461,0.002427504,0.940384
real,00002816_003.png,2816,,effusion_0,-6.730995,0.0011919225,0.96865386
real,00009378_002.png,9378,,effusion_0,-6.8111744,0.001100187,0.98098904
real,00023266_004.png,23266,,effusion_0,-6.8421955,0.0010666177,0.98389393
real,00003094_004.png,3094,,effusion_0,-4.5777645,0.010173287,0.84065354
real,00026807_000.png,26807,,effusion_0,-6.7959404,0.0011170566,0.9887472
real,00012086_001.png,12086,,effusion_0,-6.4320545,0.0016065562,0.9473516
real,00003917_000.png,3917,,effusion_0,-6.7645016,0.0011526924,0.97471696
real,00010445_003.png,10445,,effusion_0,-6.9473,0.000960304,0.9753606
real,00016184_001.png,16184,,effusion_0,-6.529627,0.0014574233,0.96441025
real,00011598_017.png,11598,,effusion_0,-6.510397,0.0014856785,0.9766116
real,00025290_002.png,25290,,effusion_0,-6.6640472,0.0012743457,0.9749032
real,00012363_004.png,12363,,effusion_0,-6.9438667,0.0009636034,0.9847151
real,00011813_000.png,11813,,effusion_0,-6.915516,0.0009912858,0.9744671
real,00010732_000.png,10732,,effusion_0,-6.8524437,0.0010557541,0.98387504
real,00026927_000.png,26927,,effusion_0,-1.0718937,0.25504312,0.5796857
real,00017786_013.png,17786,,effusion_0,-6.69252,0.0012386173,0.97357213
real,00018642_000.png,18642,,effusion_0,-6.3860435,0.0016820751,0.9747085
real,00009668_000.png,9668,,effusion_0,-6.9484673,0.0009591848,0.988817
real,00005245_000.png,5245,,effusion_0,-6.6724796,0.0012636586,0.975365
real,00010120_004.png,10120,,effusion_0,-6.7032413,0.0012254252,0.98304904
real,00007018_005.png,7018,,effusion_0,-7.0479507,0.0008684335,0.98845625
real,00030385_000.png,30385,,effusion_0,-6.82539,0.0010846747,0.9860394
real,00021631_001.png,21631,,effusion_0,-6.908533,0.0009982251,0.98706204
real,00005443_000.png,5443,,effusion_0,-7.0733376,0.00084668264,0.9825609
real,00003439_007.png,3439,,effusion_0,-6.9237537,0.0009831613,0.98631084
real,00021114_001.png,21114,,effusion_0,-2.1978245,0.09994602,0.5823056
real,00006135_000.png,6135,,effusion_0,-6.2479515,0.001930678,0.93548894
real,00006123_001.png,6123,,effusion_0,-6.9029675,0.0010037908,0.98819596
real,00004926_000.png,4926,,effusion_0,-5.2146378,0.005407008,0.8748697
real,00019435_003.png,19435,,effusion_0,-7.0961895,0.0008275695,0.98713446
real,00019535_002.png,19535,,effusion_0,-5.936655,0.002633893,0.9501571
real,00008342_001.png,8342,,effusion_0,-6.8307533,0.0010788789,0.97517896
real,00014843_000.png,14843,,effusion_0,-6.8339825,0.0010754045,0.97790116
real,00002492_010.png,2492,,effusion_0,-6.8292427,0.0010805082,0.975888
real,00020716_002.png,20716,,effusion_0,-6.817257,0.0010935226,0.9799404
real,00027353_000.png,27353,,effusion_0,-6.8517647,0.0010564704,0.9761737
real,00013969_007.png,13969,,effusion_0,-6.783264,0.0011312907,0.98328185
real,00010489_000.png,10489,,effusion_0,-6.6946106,0.001236034,0.9653065
real,00018011_009.png,18011,,effusion_0,-6.3472214,0.0017485446,0.95843863
real,00016518_000.png,16518,,effusion_0,-6.802641,0.0011096051,0.9802242
real,00013214_001.png,13214,,effusion_0,-6.7394924,0.0011818492,0.9813654
real,00007792_000.png,7792,,effusion_0,-6.970234,0.00093855144,0.98695624
real,00012949_001.png,12949,,effusion_0,-6.8316364,0.0010779275,0.9826485
real,00028570_000.png,28570,,effusion_0,-6.807438,0.001104301,0.9841148
real,00003628_000.png,3628,,effusion_0,-6.573742,0.0013946142,0.9796841
real,00026658_002.png,26658,,effusion_0,-6.604782,0.0013520475,0.9753794
real,00006490_000.png,6490,,effusion_0,-6.7491093,0.0011705513,0.97878116
real,00012178_002.png,12178,,effusion_0,-5.0808697,0.0061761206,0.8685384
real,00018037_019.png,18037,,effusion_0,-6.879545,0.0010275549,0.98070663
real,00013360_000.png,13360,,effusion_0,-6.580904,0.0013846752,0.96537805
real,00003640_000.png,3640,,effusion_0,-7.029276,0.00088478916,0.98394954
real,00016568_001.png,16568,,effusion_0,3.1412163,0.95856124,0.9248799
real,00015475_000.png,15475,,effusion_0,-7.082918,0.0008386165,0.9834203
real,00029314_000.png,29314,,effusion_0,-7.0090504,0.0009028505,0.9877324
real,00018011_019.png,18011,,effusion_0,-6.7991066,0.0011135293,0.9800203
real,00009709_007.png,9709,,effusion_0,-2.863865,0.053969033,0.61709446
real,00002686_000.png,2686,,effusion_0,-6.8403034,0.0010686356,0.98735356
real,00025453_000.png,25453,,effusion_0,-6.871876,0.0010354577,0.9708246
real,00019716_003.png,19716,,effusion_0,-6.673605,0.0012622392,0.9670737
real,00003792_001.png,3792,,effusion_0,-6.341856,0.001757935,0.9754804
real,00008184_002.png,8184,,effusion_0,-6.9578915,0.0009501961,0.9828674
real,00000869_006.png,869,,effusion_0,-6.8594265,0.0010484153,0.9687543
real,00022574_001.png,22574,,effusion_0,-6.4754868,0.0015383784,0.95522183
real,00030139_000.png,30139,,effusion_0,-6.2415943,0.0019429668,0.96894544
real,00010131_005.png,10131,,effusion_0,-6.6628933,0.0012758152,0.97191006
real,00018016_005.png,18016,,effusion_0,-6.562397,0.0014105035,0.97138387
real,00030091_000.png,30091,,effusion_0,-6.7386684,0.0011828223,0.9807868
real,00029426_000.png,29426,,effusion_0,-6.9998302,0.0009112057,0.98932517
real,00012902_001.png,12902,,effusion_0,-6.8456993,0.001062891,0.9833166
real,00016865_001.png,16865,,effusion_0,-7.149555,0.00078459724,0.98093724
real,00008802_008.png,8802,,effusion_0,-6.9277077,0.0009792855,0.9822856
real,00029295_000.png,29295,,effusion_0,-6.808605,0.0011030141,0.9902593
real,00003689_004.png,3689,,effusion_0,-7.031824,0.00088253943,0.9890452
real,00003064_042.png,3064,,effusion_0,-6.7297497,0.0011934061,0.9472297
real,00017835_006.png,17835,,effusion_0,-6.678957,0.0012555101,0.9783527
real,00011690_000.png,11690,,effusion_0,-6.5181484,0.0014742237,0.96479964
real,00004976_003.png,4976,,effusion_0,-5.7826157,0.0030711857,0.9150021
real,00009381_000.png,9381,,effusion_0,-6.561226,0.0014121542,0.9809918
real,00010600_000.png,10600,,effusion_0,-6.7489758,0.0011707074,0.9862053
real,00028889_000.png,28889,,effusion_0,-6.589823,0.0013723974,0.9789242
real,00027693_000.png,27693,,effusion_0,-5.0421524,0.0064183683,0.8809323
real,00003769_002.png,3769,,effusion_0,-6.3382072,0.0017643496,0.9333526
real,00019303_000.png,19303,,effusion_0,-6.9230957,0.0009838078,0.9793627
real,00013759_000.png,13759,,effusion_0,-6.870537,0.0010368435,0.9840615
real,00016083_003.png,16083,,effusion_0,-6.594599,0.0013658674,0.9775992
real,00006981_018.png,6981,,effusion_0,-6.926819,0.0009801553,0.98148584
real,00024924_000.png,24924,,effusion_0,-6.7795563,0.0011354884,0.98003584
real,00005532_041.png,5532,,effusion_0,-6.467716,0.0015503606,0.9306908
real,00011149_000.png,11149,,effusion_0,-6.8987045,0.0010080746,0.98328596
real,00005623_000.png,5623,,effusion_0,-6.4799805,0.0015314915,0.9681285
real,00011116_000.png,11116,,effusion_0,-6.8751163,0.0010321111,0.9774905
real,00028822_001.png,28822,,effusion_0,-6.8163834,0.0010944773,0.98366356
real,00005410_003.png,5410,,effusion_0,1.4661484,0.8124713,0.58930725
real,00023468_000.png,23468,,effusion_0,-7.007948,0.0009038454,0.983165
real,00010465_005.png,10465,,effusion_0,-6.6155434,0.0013375952,0.98129654
real,00012536_004.png,12536,,effusion_0,3.269701,0.9633747,0.8260666
real,00012772_000.png,12772,,effusion_0,-6.9151764,0.0009916221,0.9825199
real,00009905_000.png,9905,,effusion_0,-6.9767036,0.00093250454,0.9814936
real,00014094_000.png,14094,,effusion_0,-6.2337017,0.0019583325,0.9615048
real,00021346_000.png,21346,,effusion_0,-2.300352,0.09109381,0.5612241
real,00016801_003.png,16801,,effusion_0,4.758293,0.9914928,0.96528965
real,00009335_000.png,9335,,effusion_0,-6.728979,0.001194325,0.9734785
real,00009932_006.png,9932,,effusion_0,-6.666952,0.0012706539,0.9638364
real,00024029_000.png,24029,,effusion_0,-6.78327,0.0011312842,0.9811037
real,00005708_000.png,5708,,effusion_0,-6.8962555,0.0010105439,0.98361003
real,00019911_000.png,19911,,effusion_0,-6.6353855,0.0013113506,0.96139413
real,00004608_000.png,4608,,effusion_0,-6.9250736,0.0009818658,0.987277
real,00010071_005.png,10071,,effusion_0,-3.55822,0.027700325,0.7138323
real,00001548_000.png,1548,,effusion_0,-7.0228367,0.0008904999,0.98548776
real,00011910_012.png,11910,,effusion_0,-6.937292,0.00096995337,0.9770392
real,00020811_020.png,20811,,effusion_0,-6.944893,0.000962616,0.9799037
real,00029311_003.png,29311,,effusion_0,-6.7831,0.0011314761,0.9870278
real,00003174_002.png,3174,,effusion_0,-6.826124,0.0010838794,0.9800254
real,00024737_001.png,24737,,effusion_0,-7.0622234,0.0008561372,0.9888377
real,00027582_002.png,27582,,effusion_0,5.6954384,0.99665004,0.983797
real,00003752_000.png,3752,,effusion_0,-7.0405254,0.00087490026,0.99014187
real,00010279_002.png,10279,,effusion_0,5.0594425,0.99369097,0.9775934
real,00020502_001.png,20502,,effusion_0,-7.1016865,0.0008230366,0.9905562
real,00029742_002.png,29742,,effusion_0,-6.761055,0.0011566675,0.97282565
real,00017381_000.png,17381,,effusion_0,-6.9681244,0.0009405315,0.98298216
real,00027326_000.png,27326,,effusion_0,-6.9489536,0.0009587188,0.9870295
real,00011359_000.png,11359,,effusion_0,-6.9775867,0.00093168207,0.98561317
real,00005401_005.png,5401,,effusion_0,-6.903431,0.001003326,0.9774341
real,00020884_000.png,20884,,effusion_0,-6.885908,0.001021044,0.98550504
real,00007795_000.png,7795,,effusion_0,-6.7716904,0.001144445,0.9660373
real,00023636_000.png,23636,,effusion_0,-7.044819,0.0008711552,0.98422325
real,00019201_010.png,19201,,effusion_0,-6.9795265,0.0009298784,0.97826695
real,00014319_000.png,14319,,effusion_0,-6.785019,0.0011293095,0.9617784
real,00016498_001.png,16498,,effusion_0,-6.9015617,0.0010052014,0.9859614
real,00020286_025.png,20286,,effusion_0,3.987135,0.9817852,0.9612522
real,00024192_000.png,24192,,effusion_0,-6.897991,0.0010087932,0.985612
real,00013886_000.png,13886,,effusion_0,-6.721588,0.0012031741,0.97605366
real,00004490_004.png,4490,,effusion_0,-6.397524,0.0016629067,0.97920835
real,00017603_029.png,17603,,effusion_0,-6.6608047,0.0012784792,0.9530376
real,00007935_000.png,7935,,effusion_0,-5.9682503,0.0025521843,0.9336387
real,00010650_000.png,10650,,effusion_0,-6.8275814,0.0010823028,0.9749961
real,00007505_000.png,7505,,effusion_0,-6.859461,0.0010483795,0.9783415
real,00010286_001.png,10286,,effusion_0,-6.9672966,0.0009413097,0.9829927
real,00017835_002.png,17835,,effusion_0,-6.754833,0.0011638779,0.9790739
