kind,image,patient_id,growth,question,log_odds,p_yes,yes_no_mass
real,00000023_002.png,23,,cardiomegaly_0,-3.4113178,0.031943623,0.54810995
real,00000041_002.png,41,,cardiomegaly_0,-2.1804123,0.10152331,0.32687947
real,00000041_006.png,41,,cardiomegaly_0,-3.4813347,0.029848007,0.604876
real,00000078_001.png,78,,cardiomegaly_0,-3.768139,0.022573667,0.6074838
real,00000121_006.png,121,,cardiomegaly_0,-3.4395924,0.031080758,0.4970598
real,00000121_007.png,121,,cardiomegaly_0,-3.3663406,0.033364125,0.57130075
real,00000148_001.png,148,,cardiomegaly_0,-4.376728,0.0124104535,0.7944719
real,00000148_002.png,148,,cardiomegaly_0,-4.534464,0.010618692,0.85595673
real,00000176_001.png,176,,cardiomegaly_0,5.987871,0.99749726,0.9763688
real,00000176_002.png,176,,cardiomegaly_0,6.8488216,0.9989404,0.9838531
real,00000200_001.png,200,,cardiomegaly_0,7.2342186,0.9992791,0.9797232
real,00000240_000.png,240,,cardiomegaly_0,7.8568172,0.9996131,0.992167
real,00000246_008.png,246,,cardiomegaly_0,-2.4750957,0.07762261,0.22594725
real,00000246_012.png,246,,cardiomegaly_0,-3.701826,0.024084063,0.5939585
real,00000246_013.png,246,,cardiomegaly_0,-2.6122952,0.068351306,0.3164239
real,00000284_004.png,284,,cardiomegaly_0,-0.5567932,0.36428976,0.13279234
real,00000284_005.png,284,,cardiomegaly_0,6.1203403,0.9978071,0.97746783
real,00000337_000.png,337,,cardiomegaly_0,-4.5308475,0.010656754,0.8475393
real,00000404_002.png,404,,cardiomegaly_0,-4.1782284,0.015094304,0.7218616
real,00000457_002.png,457,,cardiomegaly_0,7.7353897,0.99956304,0.9937468
real,00000457_003.png,457,,cardiomegaly_0,8.299805,0.9997515,0.9943692
real,00000457_004.png,457,,cardiomegaly_0,7.114538,0.9991874,0.98522055
real,00000499_002.png,499,,cardiomegaly_0,-3.970026,0.018523352,0.61328113
real,00000499_003.png,499,,cardiomegaly_0,-3.8121567,0.021622594,0.6448035
real,00000591_001.png,591,,cardiomegaly_0,-2.1861992,0.100996666,0.26454863
real,00000591_002.png,591,,cardiomegaly_0,-0.67152786,0.33815482,0.10219143
real,00000591_004.png,591,,cardiomegaly_0,-2.3314304,0.08855314,0.2839485
real,00000591_005.png,591,,cardiomegaly_0,-2.3456345,0.08741339,0.26021856
real,00000591_006.png,591,,cardiomegaly_0,0.4926548,0.6207316,0.11175572
real,00000591_007.png,591,,cardiomegaly_0,-1.7232838,0.15144868,0.1499721
real,00000591_009.png,591,,cardiomegaly_0,-2.7204056,0.06177995,0.3588656
real,00000591_010.png,591,,cardiomegaly_0,-2.2780704,0.092955515,0.24064237
real,00000591_011.png,591,,cardiomegaly_0,-2.0356789,0.11550747,0.19960849
real,00000591_012.png,591,,cardiomegaly_0,-0.7647495,0.31761596,0.09204063
real,00000591_013.png,591,,cardiomegaly_0,-1.5848446,0.17011046,0.13995874
real,00000591_014.png,591,,cardiomegaly_0,-2.3450298,0.087461635,0.22335209
real,00000591_015.png,591,,cardiomegaly_0,-1.8648472,0.13413908,0.18536845
real,00000591_016.png,591,,cardiomegaly_0,-2.9047909,0.05191724,0.3748009
real,00000591_018.png,591,,cardiomegaly_0,-3.5262394,0.028574789,0.590448
real,00000591_019.png,591,,cardiomegaly_0,-2.759468,0.059554152,0.40148887
real,00000622_000.png,622,,cardiomegaly_0,-3.2729092,0.03651235,0.37099156
real,00000661_001.png,661,,cardiomegaly_0,8.057741,0.9996835,0.9930958
real,00000661_000.png,661,,cardiomegaly_0,7.86738,0.9996171,0.9912895
real,00000707_002.png,707,,cardiomegaly_0,-3.9899693,0.01816424,0.55833167
real,00000787_002.png,787,,cardiomegaly_0,7.157421,0.99922156,0.97502476
real,00000848_000.png,848,,cardiomegaly_0,-1.2803993,0.21748227,0.16913274
real,00000869_008.png,869,,cardiomegaly_0,2.7383404,0.9392515,0.48986763
real,00000949_005.png,949,,cardiomegaly_0,-4.647192,0.009497423,0.8137024
real,00001075_038.png,1075,,cardiomegaly_0,-0.6547241,0.34192574,0.1300019
real,00001075_045.png,1075,,cardiomegaly_0,-3.4687405,0.030214867,0.5380711
real,00001075_046.png,1075,,cardiomegaly_0,4.155861,0.9845695,0.7606013
real,00001075_047.png,1075,,cardiomegaly_0,-0.4227543,0.39585787,0.11071862
real,00001075_007.png,1075,,cardiomegaly_0,-3.8460293,0.02091751,0.5576346
real,00001075_022.png,1075,,cardiomegaly_0,-3.44565,0.03089885,0.33588633
real,00001075_033.png,1075,,cardiomegaly_0,7.9889336,0.99966097,0.98557127
real,00001096_001.png,1096,,cardiomegaly_0,0.5738392,0.63964856,0.102484204
real,00001104_022.png,1104,,cardiomegaly_0,-3.3925114,0.032530323,0.44216213
real,00001170_006.png,1170,,cardiomegaly_0,-3.2945347,0.03575916,0.48366812
real,00001170_020.png,1170,,cardiomegaly_0,-3.8901806,0.020032164,0.57990205
real,00001170_021.png,1170,,cardiomegaly_0,-4.1804943,0.015060656,0.6841355
real,00001170_023.png,1170,,cardiomegaly_0,-3.9263859,0.019333638,0.6838722
real,00001170_030.png,1170,,cardiomegaly_0,-3.9489937,0.018909622,0.6342131
real,00001170_034.png,1170,,cardiomegaly_0,-3.902544,0.019790893,0.66791344
real,00001170_035.png,1170,,cardiomegaly_0,-3.323019,0.03478989,0.49119455
real,00001170_036.png,1170,,cardiomegaly_0,-3.9055538,0.01973259,0.6315922
real,00001170_037.png,1170,,cardiomegaly_0,-3.859087,0.020651756,0.6542326
real,00001170_039.png,1170,,cardiomegaly_0,-3.9463882,0.01895802,0.6604172
real,00001170_040.png,1170,,cardiomegaly_0,-3.5628223,0.027576638,0.5379022
real,00001170_045.png,1170,,cardiomegaly_0,-3.9178448,0.019496242,0.6328683
real,00001170_046.png,1170,,cardiomegaly_0,-4.3442554,0.012814818,0.74394983
real,00001170_047.png,1170,,cardiomegaly_0,-4.445013,0.011600795,0.78057265
real,00001187_001.png,1187,,cardiomegaly_0,-0.58711815,0.35729635,0.16074671
real,00001248_022.png,1248,,cardiomegaly_0,-3.568552,0.027423404,0.5784754
real,00001248_023.png,1248,,cardiomegaly_0,-3.1593037,0.04072625,0.46093237
real,00001248_024.png,1248,,cardiomegaly_0,-3.4405746,0.03105119,0.6322427
real,00001248_025.png,1248,,cardiomegaly_0,-3.9387112,0.019101331,0.6874562
real,00001248_028.png,1248,,cardiomegaly_0,-3.8192844,0.021472318,0.7226843
real,00001248_036.png,1248,,cardiomegaly_0,-4.039749,0.01729742,0.70461977
real,00001248_038.png,1248,,cardiomegaly_0,-4.082018,0.016593395,0.7698059
real,00001248_000.png,1248,,cardiomegaly_0,-2.6065521,0.06871793,0.36928964
real,00001248_002.png,1248,,cardiomegaly_0,1.1495991,0.7594377,0.23894535
real,00001248_003.png,1248,,cardiomegaly_0,-0.7997341,0.3100824,0.17186667
real,00001248_004.png,1248,,cardiomegaly_0,-1.5230522,0.17901249,0.24327126
real,00001248_016.png,1248,,cardiomegaly_0,-0.57169914,0.36084485,0.13063157
real,00001248_017.png,1248,,cardiomegaly_0,-1.9919739,0.12004819,0.27593607
real,00001309_002.png,1309,,cardiomegaly_0,-4.114607,0.0160699,0.6799161
real,00001458_001.png,1458,,cardiomegaly_0,-4.473755,0.0112758195,0.7655129
real,00001470_006.png,1470,,cardiomegaly_0,-3.903284,0.019776542,0.6923027
real,00001470_007.png,1470,,cardiomegaly_0,-3.5857658,0.026968004,0.5983342
real,00001775_001.png,1775,,cardiomegaly_0,-2.7676067,0.059099957,0.22941676
real,00001775_002.png,1775,,cardiomegaly_0,-2.6903706,0.06354397,0.22683077
real,00001775_004.png,1775,,cardiomegaly_0,-1.6180687,0.16547139,0.087456495
real,00001775_005.png,1775,,cardiomegaly_0,-1.6451473,0.16176589,0.124012336
real,00001782_000.png,1782,,cardiomegaly_0,-4.1517887,0.015492452,0.695034
real,00001784_000.png,1784,,cardiomegaly_0,6.0076847,0.99754626,0.9542356
real,00001974_000.png,1974,,cardiomegaly_0,-4.1796627,0.015072996,0.72127885
real,00001974_003.png,1974,,cardiomegaly_0,-4.360981,0.012604944,0.7594723
real,00001989_011.png,1989,,cardiomegaly_0,-0.8926277,0.29056785,0.11918004
real,00002046_003.png,2046,,cardiomegaly_0,-3.3320904,0.03448656,0.5668151
real,00002083_000.png,2083,,cardiomegaly_0,7.536066,0.99946684,0.9809085
real,00002120_005.png,2120,,cardiomegaly_0,-3.352579,0.03381081,0.4038676
real,00002239_002.png,2239,,cardiomegaly_0,-2.6763783,0.0643817,0.46135637
real,00002239_005.png,2239,,cardiomegaly_0,-3.9767513,0.01840148,0.7813142
real,00002239_006.png,2239,,cardiomegaly_0,-3.90769,0.01969131,0.77149093
real,00002239_007.png,2239,,cardiomegaly_0,-3.434578,0.03123212,0.5592505
real,00002239_008.png,2239,,cardiomegaly_0,-4.6761703,0.009228655,0.81356984
real,00002239_009.png,2239,,cardiomegaly_0,-4.924383,0.0072147767,0.8540101
real,00002299_007.png,2299,,cardiomegaly_0,-4.7056923,0.008962596,0.76507515
real,00002299_010.png,2299,,cardiomegaly_0,-4.9524364,0.0070165913,0.8744733
real,00002299_001.png,2299,,cardiomegaly_0,-5.2426643,0.005258357,0.8722918
real,00002299_002.png,2299,,cardiomegaly_0,-4.519497,0.010777093,0.7533818
real,00002300_000.png,2300,,cardiomegaly_0,-4.015211,0.017719502,0.632872
real,00002339_007.png,2339,,cardiomegaly_0,0.042835236,0.51070714,0.08677226
real,00002355_004.png,2355,,cardiomegaly_0,-4.840307,0.007842632,0.8199857
real,00002355_006.png,2355,,cardiomegaly_0,-4.944847,0.0070696673,0.8334413
real,00002355_002.png,2355,,cardiomegaly_0,-4.9545116,0.007002147,0.8416849
real,00002424_013.png,2424,,cardiomegaly_0,-4.2169113,0.014529883,0.7057565
real,00002490_000.png,2490,,cardiomegaly_0,-4.8076763,0.008100659,0.87166464
real,00002492_016.png,2492,,cardiomegaly_0,1.1402645,0.7577282,0.195139
real,00002492_002.png,2492,,cardiomegaly_0,-3.2396107,0.037702013,0.493823
real,00002492_003.png,2492,,cardiomegaly_0,-3.9621086,0.018667843,0.7229479
real,00002533_004.png,2533,,cardiomegaly_0,-1.4278946,0.19342695,0.12622446
real,00002533_005.png,2533,,cardiomegaly_0,-0.31428337,0.42206955,0.11511974
real,00002552_001.png,2552,,cardiomegaly_0,7.8906517,0.9996259,0.9857005
real,00002585_000.png,2585,,cardiomegaly_0,-4.0110474,0.017792119,0.77237433
real,00002585_003.png,2585,,cardiomegaly_0,-4.2159023,0.014544338,0.82377386
real,00002599_001.png,2599,,cardiomegaly_0,-3.186058,0.03969377,0.4200449
real,00002609_000.png,2609,,cardiomegaly_0,-3.7668304,0.022602553,0.66678923
real,00002685_002.png,2685,,cardiomegaly_0,-4.248106,0.014089914,0.6976621
real,00002686_001.png,2686,,cardiomegaly_0,1.1741409,0.76389265,0.30917624
real,00002825_007.png,2825,,cardiomegaly_0,-4.981413,0.006817559,0.86603093
real,00002825_008.png,2825,,cardiomegaly_0,-4.958544,0.0069741667,0.8808622
real,00002825_011.png,2825,,cardiomegaly_0,-5.0839996,0.0061569386,0.86295706
real,00002924_001.png,2924,,cardiomegaly_0,-0.56375504,0.36267903,0.15579945
real,00003013_011.png,3013,,cardiomegaly_0,-4.2012177,0.014756317,0.7095567
real,00003013_013.png,3013,,cardiomegaly_0,-4.059231,0.016969362,0.69772553
real,00003013_014.png,3013,,cardiomegaly_0,-3.9760685,0.01841382,0.668967
real,00003015_000.png,3015,,cardiomegaly_0,6.8312187,0.99892163,0.97103864
real,00003064_003.png,3064,,cardiomegaly_0,-4.661745,0.009361492,0.8111603
real,00003064_005.png,3064,,cardiomegaly_0,-4.5832863,0.010117834,0.76730955
real,00003064_006.png,3064,,cardiomegaly_0,-5.1989136,0.00549223,0.8474867
real,00003064_007.png,3064,,cardiomegaly_0,3.1925144,0.9605516,0.5024304
real,00003064_035.png,3064,,cardiomegaly_0,-4.679697,0.009196466,0.80438685
real,00003064_037.png,3064,,cardiomegaly_0,-5.0995407,0.006062568,0.8372273
real,00003064_038.png,3064,,cardiomegaly_0,-2.5046597,0.07553216,0.27237123
real,00003064_039.png,3064,,cardiomegaly_0,-1.8009129,0.14173998,0.23842514
real,00003064_043.png,3064,,cardiomegaly_0,-4.6184635,0.009771522,0.7728034
real,00003064_048.png,3064,,cardiomegaly_0,-4.530163,0.010663976,0.8064273
real,00003064_050.png,3064,,cardiomegaly_0,-4.3572483,0.012651487,0.7752237
real,00003064_052.png,3064,,cardiomegaly_0,-4.1725235,0.015179352,0.75659037
real,00003362_006.png,3362,,cardiomegaly_0,-2.7764072,0.05861248,0.33434096
real,00003423_002.png,3423,,cardiomegaly_0,-1.493494,0.18339786,0.29008996
real,00003423_003.png,3423,,cardiomegaly_0,-2.4320354,0.08076222,0.31259754
real,00003423_005.png,3423,,cardiomegaly_0,-3.9585552,0.018733049,0.7053303
real,00003423_011.png,3423,,cardiomegaly_0,-1.9412537,0.12551019,0.18217583
real,00003423_015.png,3423,,cardiomegaly_0,0.7096596,0.670326,0.16014202
real,00003423_021.png,3423,,cardiomegaly_0,-1.764349,0.1462465,0.2830944
real,00003428_000.png,3428,,cardiomegaly_0,-3.7549133,0.022867328,0.6374336
real,00003439_002.png,3439,,cardiomegaly_0,-4.7997303,0.008164755,0.8883064
real,00003439_003.png,3439,,cardiomegaly_0,-4.568552,0.010266475,0.8387449
real,00003570_002.png,3570,,cardiomegaly_0,4.7169533,0.9911369,0.79416984
real,00003570_004.png,3570,,cardiomegaly_0,-5.011936,0.006613964,0.8462077
real,00003611_002.png,3611,,cardiomegaly_0,-4.0988197,0.016321437,0.7638478
real,00003611_004.png,3611,,cardiomegaly_0,-3.935812,0.019155726,0.68271667
real,00003611_005.png,3611,,cardiomegaly_0,-4.376528,0.0124129085,0.76189667
real,00003611_006.png,3611,,cardiomegaly_0,-4.171835,0.015189648,0.7829216
real,00003706_001.png,3706,,cardiomegaly_0,-0.51755714,0.37342364,0.13218811
real,00003737_000.png,3737,,cardiomegaly_0,-2.278633,0.092908084,0.19122143
real,00003737_001.png,3737,,cardiomegaly_0,-4.317091,0.0131630525,0.7621444
real,00003789_009.png,3789,,cardiomegaly_0,7.121908,0.9991935,0.98293203
real,00003856_003.png,3856,,cardiomegaly_0,-2.4384575,0.080286734,0.30455908
real,00003916_001.png,3916,,cardiomegaly_0,2.1961975,0.8999075,0.2301082
real,00003916_002.png,3916,,cardiomegaly_0,-2.90057,0.052125398,0.38469738
real,00003937_000.png,3937,,cardiomegaly_0,-4.7056255,0.008963189,0.8757004
real,00003996_020.png,3996,,cardiomegaly_0,-3.6077213,0.02639782,0.49262092
real,00004003_000.png,4003,,cardiomegaly_0,-2.9532738,0.04958201,0.5203186
real,00004080_000.png,4080,,cardiomegaly_0,-4.007036,0.017862352,0.6415616
real,00004080_001.png,4080,,cardiomegaly_0,-3.4455032,0.030903244,0.5093082
real,00004081_000.png,4081,,cardiomegaly_0,-3.8875637,0.0200836,0.599378
real,00004220_000.png,4220,,cardiomegaly_0,-3.8002205,0.021876553,0.6807408
real,00004233_000.png,4233,,cardiomegaly_0,0.4726677,0.61601496,0.11018641
real,00004263_000.png,4263,,cardiomegaly_0,-2.2334785,0.09678413,0.3226854
real,00004344_013.png,4344,,cardiomegaly_0,8.192926,0.9997235,0.995497
real,00004344_014.png,4344,,cardiomegaly_0,7.760668,0.999574,0.99081105
real,00004344_046.png,4344,,cardiomegaly_0,8.234337,0.9997347,0.993628
real,00004344_047.png,4344,,cardiomegaly_0,8.02248,0.99967206,0.9928201
real,00004404_008.png,4404,,cardiomegaly_0,6.832632,0.9989231,0.97936547
real,00004511_000.png,4511,,cardiomegaly_0,6.230528,0.9980355,0.941385
real,00004547_020.png,4547,,cardiomegaly_0,-4.0824604,0.016586177,0.7264991
real,00004583_000.png,4583,,cardiomegaly_0,-1.5446587,0.17585908,0.20524696
real,00004608_008.png,4608,,cardiomegaly_0,-2.2694645,0.09368367,0.2056844
real,00004608_009.png,4608,,cardiomegaly_0,3.5804005,0.9728908,0.570707
real,00004608_011.png,4608,,cardiomegaly_0,-0.843853,0.30072394,0.1905942
real,00004646_002.png,4646,,cardiomegaly_0,-3.9263802,0.019333744,0.6198843
real,00004750_004.png,4750,,cardiomegaly_0,-2.7263374,0.061437014,0.4742256
real,00004750_006.png,4750,,cardiomegaly_0,-3.7555313,0.022853523,0.7664027
real,00004833_014.png,4833,,cardiomegaly_0,-4.1072426,0.016186759,0.7654133
real,00004862_000.png,4862,,cardiomegaly_0,-2.5609856,0.07169192,0.42620936
real,00004909_006.png,4909,,cardiomegaly_0,5.408409,0.99554116,0.9437099
real,00004909_007.png,4909,,cardiomegaly_0,4.8912544,0.99254405,0.88800913
real,00004976_000.png,4976,,cardiomegaly_0,3.6018028,0.97344965,0.69334555
real,00005038_000.png,5038,,cardiomegaly_0,3.234768,0.9621219,0.60219806
real,00005101_002.png,5101,,cardiomegaly_0,-4.9379177,0.007118476,0.8582257
real,00005108_000.png,5108,,cardiomegaly_0,-0.10235596,0.47443336,0.11211694
real,00005110_009.png,5110,,cardiomegaly_0,-4.3583603,0.012637604,0.7634306
real,00005395_006.png,5395,,cardiomegaly_0,-4.0911255,0.01644543,0.6808744
real,00005395_007.png,5395,,cardiomegaly_0,-2.6727257,0.06460206,0.33339238
real,00005395_010.png,5395,,cardiomegaly_0,-3.2036533,0.039028473,0.4055445
real,00005395_011.png,5395,,cardiomegaly_0,-2.5399895,0.073101886,0.26172188
real,00005401_000.png,5401,,cardiomegaly_0,-1.8904762,0.13119018,0.21118297
real,00005410_002.png,5410,,cardiomegaly_0,-3.024437,0.046334025,0.44480488
real,00005520_007.png,5520,,cardiomegaly_0,-4.6300316,0.009660222,0.8242178
real,00005532_031.png,5532,,cardiomegaly_0,4.2683296,0.98618823,0.6454277
real,00005532_037.png,5532,,cardiomegaly_0,1.5371342,0.82304776,0.19777699
real,00005532_042.png,5532,,cardiomegaly_0,6.3798294,0.99830747,0.97187376
real,00005532_043.png,5532,,cardiomegaly_0,4.743824,0.99136984,0.79598624
real,00005532_000.png,5532,,cardiomegaly_0,1.32271,0.7896322,0.14953552
real,00005532_004.png,5532,,cardiomegaly_0,7.42638,0.999405,0.9848735
real,00005532_005.png,5532,,cardiomegaly_0,2.829258,0.9442366,0.31133187
real,00005532_007.png,5532,,cardiomegaly_0,7.675848,0.9995364,0.9816807
real,00005532_008.png,5532,,cardiomegaly_0,2.6128368,0.9316832,0.24444617
real,00005532_010.png,5532,,cardiomegaly_0,-1.2671204,0.2197506,0.074601784
real,00005532_011.png,5532,,cardiomegaly_0,-0.01726532,0.49568382,0.07524541
real,00005532_012.png,5532,,cardiomegaly_0,-1.7348232,0.14997168,0.13348673
real,00005532_013.png,5532,,cardiomegaly_0,5.321026,0.9951361,0.89014703
real,00005532_014.png,5532,,cardiomegaly_0,7.2189083,0.9992679,0.98570466
real,00005532_016.png,5532,,cardiomegaly_0,7.235853,0.9992803,0.9788302
real,00005532_018.png,5532,,cardiomegaly_0,4.223274,0.98556095,0.72874445
real,00005532_019.png,5532,,cardiomegaly_0,5.662836,0.99653935,0.95469123
real,00005556_000.png,5556,,cardiomegaly_0,1.8507805,0.8642187,0.30081618
real,00005556_008.png,5556,,cardiomegaly_0,-3.6451817,0.025451947,0.62514216
real,00005579_002.png,5579,,cardiomegaly_0,-0.4300785,0.39410758,0.12462333
real,00005626_002.png,5626,,cardiomegaly_0,-4.2406254,0.014194208,0.7646105
real,00005641_003.png,5641,,cardiomegaly_0,6.151655,0.9978746,0.9550356
real,00005641_006.png,5641,,cardiomegaly_0,7.499157,0.9994467,0.9838753
real,00005641_012.png,5641,,cardiomegaly_0,6.567156,0.99859613,0.97717667
real,00005666_004.png,5666,,cardiomegaly_0,5.1978817,0.9945022,0.9106675
real,00005666_010.png,5666,,cardiomegaly_0,4.7606335,0.9915125,0.8699224
real,00005666_011.png,5666,,cardiomegaly_0,5.037998,0.993555,0.89270794
real,00005666_012.png,5666,,cardiomegaly_0,5.434677,0.99565625,0.90161353
real,00005666_013.png,5666,,cardiomegaly_0,5.8625546,0.9971641,0.9444255
real,00005666_018.png,5666,,cardiomegaly_0,3.9597034,0.9812881,0.76043606
real,00005666_019.png,5666,,cardiomegaly_0,4.8393,0.9921495,0.8788903
real,00005766_004.png,5766,,cardiomegaly_0,-3.1481018,0.041166138,0.48615715
real,00005869_001.png,5869,,cardiomegaly_0,5.425337,0.9956157,0.934373
real,00005895_003.png,5895,,cardiomegaly_0,-2.731762,0.06112496,0.26788503
real,00005895_005.png,5895,,cardiomegaly_0,-0.09451866,0.47638792,0.15483683
real,00005895_007.png,5895,,cardiomegaly_0,3.0344048,0.9541044,0.6608937
real,00005895_009.png,5895,,cardiomegaly_0,3.8952026,0.9800662,0.7990069
real,00005895_013.png,5895,,cardiomegaly_0,5.6390896,0.99645644,0.9882867
real,00005895_023.png,5895,,cardiomegaly_0,1.8847218,0.8681525,0.35870656
real,00005920_003.png,5920,,cardiomegaly_0,5.1332645,0.9941373,0.91125923
real,00006166_000.png,6166,,cardiomegaly_0,4.1152744,0.98394066,0.68340653
real,00006298_003.png,6298,,cardiomegaly_0,-3.466755,0.030273098,0.46758458
real,00006298_004.png,6298,,cardiomegaly_0,-4.0555744,0.017030464,0.6162229
real,00006298_005.png,6298,,cardiomegaly_0,-4.305235,0.013317953,0.71949613
real,00006359_000.png,6359,,cardiomegaly_0,3.7371159,0.97673166,0.6884251
real,00006368_000.png,6368,,cardiomegaly_0,-5.1701965,0.005651333,0.91748405
real,00006436_012.png,6436,,cardiomegaly_0,-2.7681599,0.059069205,0.28897887
real,00006483_000.png,6483,,cardiomegaly_0,-4.327799,0.013024682,0.7841471
real,00006537_000.png,6537,,cardiomegaly_0,-2.1835728,0.10123539,0.35349745
real,00006626_000.png,6626,,cardiomegaly_0,-4.573574,0.010215571,0.79156226
real,00006626_006.png,6626,,cardiomegaly_0,-5.019369,0.006565307,0.8623269
real,00006683_002.png,6683,,cardiomegaly_0,-4.2878284,0.013548632,0.75496566
real,00006683_003.png,6683,,cardiomegaly_0,-3.7552338,0.02286017,0.68405
real,00006683_004.png,6683,,cardiomegaly_0,-3.9469185,0.01894816,0.6523004
real,00006683_005.png,6683,,cardiomegaly_0,-4.213793,0.014574605,0.78997064
real,00006683_006.png,6683,,cardiomegaly_0,-3.3532257,0.033789694,0.43865418
real,00006694_002.png,6694,,cardiomegaly_0,-4.2368736,0.0142468,0.73898697
real,00006694_003.png,6694,,cardiomegaly_0,-4.490961,0.011085597,0.78830314
real,00006774_001.png,6774,,cardiomegaly_0,-3.8607426,0.020618295,0.7260961
real,00006791_006.png,6791,,cardiomegaly_0,-4.495182,0.01103942,0.7393978
real,00006832_005.png,6832,,cardiomegaly_0,-4.038666,0.017315846,0.7559682
real,00006850_027.png,6850,,cardiomegaly_0,-3.818552,0.021487713,0.62522537
real,00006850_028.png,6850,,cardiomegaly_0,-4.8396015,0.007848125,0.88103575
real,00006851_022.png,6851,,cardiomegaly_0,4.979967,0.9931726,0.94570684
real,00006851_023.png,6851,,cardiomegaly_0,1.7777615,0.8554202,0.39815328
real,00006851_024.png,6851,,cardiomegaly_0,-2.0888386,0.11018639,0.22673617
real,00006851_009.png,6851,,cardiomegaly_0,-0.22513771,0.44395208,0.18477663
real,00006851_010.png,6851,,cardiomegaly_0,-0.7600002,0.3186462,0.11613009
real,00006890_003.png,6890,,cardiomegaly_0,6.1159515,0.9977975,0.9743823
real,00006936_001.png,6936,,cardiomegaly_0,-3.7205944,0.02364685,0.671403
real,00006964_011.png,6964,,cardiomegaly_0,-4.353676,0.01269619,0.7547226
real,00006981_001.png,6981,,cardiomegaly_0,-3.7963257,0.021960052,0.592445
real,00006981_002.png,6981,,cardiomegaly_0,-4.7336197,0.0087179085,0.8603006
real,00006981_009.png,6981,,cardiomegaly_0,-4.1753254,0.015137523,0.69254404
real,00006981_010.png,6981,,cardiomegaly_0,-2.8624039,0.054043673,0.29765084
real,00006981_011.png,6981,,cardiomegaly_0,-4.293228,0.013476653,0.7599257
real,00006981_014.png,6981,,cardiomegaly_0,-4.409109,0.012019779,0.8265519
real,00006981_016.png,6981,,cardiomegaly_0,-4.3631287,0.012578243,0.80718356
real,00006996_002.png,6996,,cardiomegaly_0,-4.4071484,0.012043086,0.72818345
real,00007033_001.png,7033,,cardiomegaly_0,-3.9046154,0.019750752,0.6774858
real,00007033_002.png,7033,,cardiomegaly_0,-4.6838226,0.009158949,0.88461745
real,00007033_004.png,7033,,cardiomegaly_0,-3.9465237,0.018955499,0.70975
real,00007109_018.png,7109,,cardiomegaly_0,-2.938593,0.05027842,0.28618076
real,00007156_000.png,7156,,cardiomegaly_0,-3.395523,0.03243567,0.38089895
real,00007156_001.png,7156,,cardiomegaly_0,-3.332922,0.03445888,0.45665625
real,00007340_014.png,7340,,cardiomegaly_0,-4.803705,0.008132629,0.88707733
real,00007405_014.png,7405,,cardiomegaly_0,-3.9589996,0.018724883,0.6832907
real,00007482_009.png,7482,,cardiomegaly_0,-4.3766537,0.012411364,0.84267044
real,00007482_015.png,7482,,cardiomegaly_0,-1.1967392,0.23205581,0.1567506
real,00007482_023.png,7482,,cardiomegaly_0,-5.1886444,0.005548607,0.90364885
real,00007482_026.png,7482,,cardiomegaly_0,-4.995878,0.006720308,0.90026313
real,00007519_003.png,7519,,cardiomegaly_0,4.0757446,0.9833039,0.8507581
real,00007519_004.png,7519,,cardiomegaly_0,-4.3694286,0.012500238,0.7595679
real,00007551_021.png,7551,,cardiomegaly_0,6.6886463,0.9987565,0.9744112
real,00007652_000.png,7652,,cardiomegaly_0,0.22907448,0.55701953,0.07616828
real,00007679_000.png,7679,,cardiomegaly_0,2.947319,0.9501366,0.64167494
real,00007679_001.png,7679,,cardiomegaly_0,0.2511425,0.5624577,0.17622463
real,00007679_003.png,7679,,cardiomegaly_0,2.470461,0.92204493,0.41689497
real,00007679_004.png,7679,,cardiomegaly_0,3.878212,0.9797315,0.72718966
real,00007679_005.png,7679,,cardiomegaly_0,1.2301445,0.7738438,0.24067965
real,00007718_000.png,7718,,cardiomegaly_0,-2.8882809,0.052735936,0.44721624
real,00007718_001.png,7718,,cardiomegaly_0,-4.2670574,0.013829062,0.7812065
real,00007718_005.png,7718,,cardiomegaly_0,2.8341808,0.9444952,0.49295852
real,00007718_006.png,7718,,cardiomegaly_0,-3.0574036,0.044898916,0.41806543
real,00007718_007.png,7718,,cardiomegaly_0,-4.5335083,0.010628737,0.8334203
real,00007718_009.png,7718,,cardiomegaly_0,-4.594513,0.0100060105,0.83268756
real,00007718_010.png,7718,,cardiomegaly_0,-3.068489,0.044425923,0.5163797
real,00007740_000.png,7740,,cardiomegaly_0,0.7402744,0.6770559,0.2310669
real,00007769_002.png,7769,,cardiomegaly_0,-2.1404629,0.105225794,0.21187747
real,00007772_000.png,7772,,cardiomegaly_0,-4.5781097,0.010169812,0.8674856
real,00007833_000.png,7833,,cardiomegaly_0,0.14611626,0.5364642,0.19969624
real,00007833_001.png,7833,,cardiomegaly_0,-4.369755,0.012496212,0.81458384
real,00007833_002.png,7833,,cardiomegaly_0,5.7589474,0.9968555,0.9355111
real,00007833_003.png,7833,,cardiomegaly_0,3.2886982,0.964039,0.63636005
real,00007848_001.png,7848,,cardiomegaly_0,-4.1938972,0.014863125,0.7671614
real,00007848_004.png,7848,,cardiomegaly_0,-2.4921246,0.07641212,0.3223651
real,00007848_005.png,7848,,cardiomegaly_0,-3.666586,0.024926389,0.54548776
real,00007848_006.png,7848,,cardiomegaly_0,-3.9838085,0.018274438,0.68362856
real,00007865_001.png,7865,,cardiomegaly_0,-2.5055828,0.07546773,0.37595102
real,00007865_003.png,7865,,cardiomegaly_0,-3.5485172,0.027962847,0.53191304
real,00007865_005.png,7865,,cardiomegaly_0,-1.9893703,0.12032349,0.14985204
real,00007869_004.png,7869,,cardiomegaly_0,-1.4789982,0.1855788,0.24152212
real,00007882_000.png,7882,,cardiomegaly_0,-2.4830437,0.07705546,0.33067095
real,00007882_001.png,7882,,cardiomegaly_0,-2.5234184,0.074232675,0.34274763
real,00007908_000.png,7908,,cardiomegaly_0,6.65452,0.9987135,0.9857885
real,00007989_000.png,7989,,cardiomegaly_0,-0.18239212,0.45452794,0.16150081
real,00007989_001.png,7989,,cardiomegaly_0,5.716158,0.99671847,0.93589926
real,00007989_002.png,7989,,cardiomegaly_0,6.644087,0.9987,0.97182477
real,00008013_003.png,8013,,cardiomegaly_0,-3.0409908,0.045608025,0.49284425
real,00008013_006.png,8013,,cardiomegaly_0,-3.6447868,0.02546174,0.44172373
real,00008037_000.png,8037,,cardiomegaly_0,-4.4488907,0.011556417,0.7651586
real,00008037_001.png,8037,,cardiomegaly_0,-3.5553722,0.027777124,0.5555115
real,00008037_002.png,8037,,cardiomegaly_0,-4.3639812,0.012567659,0.77172107
real,00008103_000.png,8103,,cardiomegaly_0,1.7225475,0.8484567,0.39280048
real,00008112_000.png,8112,,cardiomegaly_0,3.3906345,0.9674105,0.6227913
real,00008147_013.png,8147,,cardiomegaly_0,-3.7258568,0.023525659,0.62135035
real,00008184_007.png,8184,,cardiomegaly_0,-4.7788982,0.008335195,0.8425941
real,00008185_003.png,8185,,cardiomegaly_0,-1.7775269,0.14460878,0.22083634
real,00008185_005.png,8185,,cardiomegaly_0,-4.239128,0.014215173,0.73332727
real,00008191_001.png,8191,,cardiomegaly_0,-4.1262054,0.015887534,0.61350614
real,00008195_000.png,8195,,cardiomegaly_0,-4.473181,0.011282221,0.8553393
real,00008339_000.png,8339,,cardiomegaly_0,6.8270416,0.9989171,0.9870657
real,00008339_003.png,8339,,cardiomegaly_0,4.27602,0.9862926,0.8500531
real,00008339_005.png,8339,,cardiomegaly_0,6.567793,0.9985971,0.9785036
real,00008339_010.png,8339,,cardiomegaly_0,7.166483,0.9992286,0.97202957
real,00008342_012.png,8342,,cardiomegaly_0,-3.6083584,0.026381453,0.55451447
real,00008342_015.png,8342,,cardiomegaly_0,-2.7334747,0.06102675,0.36613032
real,00008342_016.png,8342,,cardiomegaly_0,-3.6197376,0.026090741,0.55552
real,00008342_025.png,8342,,cardiomegaly_0,-4.237814,0.0142336,0.7300211
real,00008404_000.png,8404,,cardiomegaly_0,-1.5386429,0.17673264,0.16488871
real,00008465_004.png,8465,,cardiomegaly_0,-3.7756672,0.022408158,0.5895405
real,00008465_006.png,8465,,cardiomegaly_0,-4.3991585,0.012138521,0.77326256
real,00008471_000.png,8471,,cardiomegaly_0,-4.608364,0.009869729,0.85074437
real,00008477_001.png,8477,,cardiomegaly_0,-3.6840115,0.02450635,0.6302397
real,00008477_005.png,8477,,cardiomegaly_0,-3.6067047,0.02642396,0.67132646
real,00008477_006.png,8477,,cardiomegaly_0,-2.8932972,0.052485906,0.5197375
real,00008477_007.png,8477,,cardiomegaly_0,-3.83646,0.021114388,0.7301436
real,00008489_025.png,8489,,cardiomegaly_0,-4.465336,0.0113700675,0.78842354
real,00008637_000.png,8637,,cardiomegaly_0,-0.7485256,0.32114264,0.10136768
real,00008637_001.png,8637,,cardiomegaly_0,-4.101925,0.01627166,0.7098628
real,00008738_000.png,8738,,cardiomegaly_0,-0.45424843,0.3883511,0.086715475
real,00008802_005.png,8802,,cardiomegaly_0,-3.066492,0.044510778,0.4227864
real,00008806_014.png,8806,,cardiomegaly_0,-1.187542,0.23369882,0.09055132
real,00008827_000.png,8827,,cardiomegaly_0,0.3202858,0.5793939,0.21840118
real,00008866_004.png,8866,,cardiomegaly_0,-3.7439785,0.023112938,0.66670716
real,00008898_000.png,8898,,cardiomegaly_0,7.257786,0.99929583,0.9703179
real,00008970_002.png,8970,,cardiomegaly_0,-4.5665646,0.010286689,0.80193686
real,00009034_004.png,9034,,cardiomegaly_0,0.69070435,0.6661236,0.16275798
real,00009105_007.png,9105,,cardiomegaly_0,-4.4890003,0.011107112,0.78548175
real,00009141_000.png,9141,,cardiomegaly_0,-2.7900295,0.05786534,0.36353517
real,00009163_000.png,9163,,cardiomegaly_0,-3.663971,0.024990026,0.6231295
real,00009163_001.png,9163,,cardiomegaly_0,-4.0533714,0.017067382,0.7299495
real,00009174_000.png,9174,,cardiomegaly_0,4.810547,0.9919224,0.91189355
real,00009185_006.png,9185,,cardiomegaly_0,4.7901516,0.99175733,0.9229221
real,00009189_002.png,9189,,cardiomegaly_0,-4.1914062,0.014899643,0.7409119
real,00009189_004.png,9189,,cardiomegaly_0,-3.2558918,0.03711575,0.4822864
real,00009189_005.png,9189,,cardiomegaly_0,-3.0903473,0.04350718,0.38978887
real,00009189_006.png,9189,,cardiomegaly_0,-3.84803,0.020876572,0.67150015
real,00009229_000.png,9229,,cardiomegaly_0,5.452099,0.99573106,0.91939205
real,00009286_003.png,9286,,cardiomegaly_0,-1.1355896,0.24313103,0.13034093
real,00009326_000.png,9326,,cardiomegaly_0,-4.91704,0.007267565,0.8343588
real,00009326_001.png,9326,,cardiomegaly_0,-4.6254597,0.009704058,0.77922225
real,00009349_001.png,9349,,cardiomegaly_0,-1.6326561,0.16346683,0.24150303
real,00009349_012.png,9349,,cardiomegaly_0,-2.682642,0.06400541,0.5266669
real,00009349_014.png,9349,,cardiomegaly_0,-3.535944,0.028306637,0.56477684
real,00009349_015.png,9349,,cardiomegaly_0,-2.392027,0.08378271,0.31714988
real,00009349_016.png,9349,,cardiomegaly_0,-3.452259,0.030701563,0.5618951
real,00009349_019.png,9349,,cardiomegaly_0,-3.5026703,0.029236348,0.5693826
real,00009349_020.png,9349,,cardiomegaly_0,-3.620819,0.026063275,0.6213856
real,00009349_021.png,9349,,cardiomegaly_0,-3.442484,0.030993799,0.5561315
real,00009349_024.png,9349,,cardiomegaly_0,-3.4144497,0.031846914,0.53568304
real,00009349_025.png,9349,,cardiomegaly_0,-3.647131,0.025403641,0.64267355
real,00009349_026.png,9349,,cardiomegaly_0,-3.4378242,0.03113405,0.5647881
real,00009349_027.png,9349,,cardiomegaly_0,-3.8067074,0.021738175,0.64168996
real,00009349_028.png,9349,,cardiomegaly_0,-3.897129,0.019896215,0.6359821
real,00009349_029.png,9349,,cardiomegaly_0,-3.866108,0.020510232,0.6769967
real,00009373_000.png,9373,,cardiomegaly_0,-4.4481354,0.011565048,0.7419232
real,00009373_001.png,9373,,cardiomegaly_0,-4.9082317,0.00733139,0.8609083
real,00009378_005.png,9378,,cardiomegaly_0,-4.8947906,0.00742986,0.8894115
real,00009378_010.png,9378,,cardiomegaly_0,-4.4382954,0.0116780745,0.6789001
real,00009378_013.png,9378,,cardiomegaly_0,-4.4613247,0.011415245,0.79057217
real,00009378_014.png,9378,,cardiomegaly_0,-1.1047974,0.24884209,0.08446922
real,00009378_016.png,9378,,cardiomegaly_0,2.7558098,0.9402406,0.40031174
real,00009457_003.png,9457,,cardiomegaly_0,-4.4832344,0.011170623,0.77028376
real,00009457_004.png,9457,,cardiomegaly_0,3.017315,0.95335025,0.54704523
real,00009516_003.png,9516,,cardiomegaly_0,-2.481369,0.07717465,0.34257194
real,00009571_001.png,9571,,cardiomegaly_0,-3.6285095,0.02586877,0.61465377
real,00009571_002.png,9571,,cardiomegaly_0,-3.9223976,0.0194094,0.70999134
real,00009571_003.png,9571,,cardiomegaly_0,-4.28335,0.013608618,0.7874087
real,00009571_004.png,9571,,cardiomegaly_0,-4.1811657,0.0150507,0.7831838
real,00009641_011.png,9641,,cardiomegaly_0,1.8141975,0.8598684,0.26132149
real,00009665_004.png,9665,,cardiomegaly_0,-3.9674168,0.018570848,0.6896016
real,00009665_005.png,9665,,cardiomegaly_0,-4.0638065,0.0168932,0.62120676
real,00009709_010.png,9709,,cardiomegaly_0,-4.698122,0.009030088,0.7891376
real,00009709_011.png,9709,,cardiomegaly_0,-5.001482,0.0066830055,0.8725937
real,00009812_000.png,9812,,cardiomegaly_0,-2.8857727,0.05286137,0.45709413
real,00009908_001.png,9908,,cardiomegaly_0,-2.7404423,0.060628712,0.42371708
real,00009908_002.png,9908,,cardiomegaly_0,-3.7312794,0.02340141,0.6617454
real,00009932_008.png,9932,,cardiomegaly_0,1.0325451,0.737409,0.13057536
real,00009934_007.png,9934,,cardiomegaly_0,2.2597923,0.9054919,0.36400113
real,00009934_008.png,9934,,cardiomegaly_0,3.2261486,0.9618065,0.64911306
real,00009934_009.png,9934,,cardiomegaly_0,5.771372,0.9968941,0.9762958
real,00010071_003.png,10071,,cardiomegaly_0,-3.7005768,0.024113445,0.71306145
real,00010071_004.png,10071,,cardiomegaly_0,-3.5066605,0.029123312,0.63664156
real,00010071_007.png,10071,,cardiomegaly_0,-3.771492,0.022499802,0.7362749
real,00010071_008.png,10071,,cardiomegaly_0,-3.537365,0.02826758,0.62967634
real,00010071_010.png,10071,,cardiomegaly_0,-3.8677807,0.020476654,0.69851965
real,00010071_011.png,10071,,cardiomegaly_0,-4.024885,0.0175519,0.7486095
real,00010071_012.png,10071,,cardiomegaly_0,-3.5534592,0.027828835,0.65612096
real,00010120_021.png,10120,,cardiomegaly_0,-4.134241,0.015762383,0.7492231
real,00010131_007.png,10131,,cardiomegaly_0,-4.246372,0.014114018,0.66387737
real,00010177_000.png,10177,,cardiomegaly_0,6.4339523,0.99839646,0.9483891
real,00010275_000.png,10275,,cardiomegaly_0,-3.9961586,0.018054185,0.66186595
real,00010279_003.png,10279,,cardiomegaly_0,3.6056404,0.97354865,0.705712
real,00010279_004.png,10279,,cardiomegaly_0,-1.7382412,0.14953648,0.15168384
real,00010279_005.png,10279,,cardiomegaly_0,-0.3704357,0.40843573,0.10293802
real,00010335_001.png,10335,,cardiomegaly_0,-4.0199795,0.017636696,0.6969294
real,00010335_002.png,10335,,cardiomegaly_0,-4.38653,0.012290889,0.7907161
real,00010335_003.png,10335,,cardiomegaly_0,-4.053709,0.01706172,0.6402822
real,00010335_005.png,10335,,cardiomegaly_0,-3.8763294,0.02030589,0.6176652
real,00010354_002.png,10354,,cardiomegaly_0,0.0004272461,0.5001068,0.13000962
real,00010427_009.png,10427,,cardiomegaly_0,-4.9836807,0.0068022204,0.86495405
real,00010443_001.png,10443,,cardiomegaly_0,-4.4907703,0.011087689,0.7865983
real,00010465_004.png,10465,,cardiomegaly_0,-3.1924095,0.039452367,0.51116157
real,00010469_002.png,10469,,cardiomegaly_0,-1.2578087,0.22135133,0.22795492
real,00010521_002.png,10521,,cardiomegaly_0,-4.7709637,0.008401036,0.84594625
real,00010536_000.png,10536,,cardiomegaly_0,4.695608,0.9909473,0.8676024
real,00010571_006.png,10571,,cardiomegaly_0,-3.6856022,0.024468351,0.5285632
real,00010575_002.png,10575,,cardiomegaly_0,-3.710516,0.023880659,0.6021178
real,00010575_003.png,10575,,cardiomegaly_0,-4.033619,0.017401932,0.6547014
real,00010625_000.png,10625,,cardiomegaly_0,7.241457,0.9992843,0.9888474
real,00010625_010.png,10625,,cardiomegaly_0,7.863537,0.99961555,0.99094325
real,00010625_014.png,10625,,cardiomegaly_0,6.2668476,0.9981054,0.94768703
real,00010638_001.png,10638,,cardiomegaly_0,6.076906,0.99771,0.9364889
real,00010695_007.png,10695,,cardiomegaly_0,-3.9641533,0.018630423,0.633274
real,00010695_008.png,10695,,cardiomegaly_0,-4.315941,0.013178,0.7362893
real,00010695_013.png,10695,,cardiomegaly_0,-4.1057262,0.016210923,0.7280446
real,00010695_014.png,10695,,cardiomegaly_0,-3.8833122,0.02016744,0.56779116
real,00010695_015.png,10695,,cardiomegaly_0,-3.668087,0.02488993,0.5687988
real,00010695_017.png,10695,,cardiomegaly_0,-4.156452,0.015421484,0.7036597
real,00010695_016.png,10695,,cardiomegaly_0,-3.887371,0.020087391,0.6558426
real,00010767_001.png,10767,,cardiomegaly_0,2.4333668,0.91933656,0.2171935
real,00010767_017.png,10767,,cardiomegaly_0,-3.8287277,0.021274798,0.6769868
real,00010767_015.png,10767,,cardiomegaly_0,-4.0914,0.01644099,0.7253713
real,00010767_016.png,10767,,cardiomegaly_0,-4.149233,0.015531481,0.7716839
real,00010767_022.png,10767,,cardiomegaly_0,-2.3187065,0.089585505,0.40827373
real,00010767_023.png,10767,,cardiomegaly_0,-2.9508133,0.049698085,0.58126676
real,00010767_024.png,10767,,cardiomegaly_0,-3.7184181,0.023697149,0.73076606
real,00010767_025.png,10767,,cardiomegaly_0,-3.86339,0.020564906,0.6804232
real,00010767_026.png,10767,,cardiomegaly_0,-3.918726,0.019479403,0.6691833
real,00010772_002.png,10772,,cardiomegaly_0,-4.2706146,0.013780633,0.72376907
real,00010772_003.png,10772,,cardiomegaly_0,-3.8167725,0.021525163,0.6169435
real,00010772_007.png,10772,,cardiomegaly_0,4.336954,0.9870925,0.69869995
real,00010772_010.png,10772,,cardiomegaly_0,-3.7434597,0.023124654,0.75686496
real,00010772_012.png,10772,,cardiomegaly_0,-2.570488,0.07106208,0.39749262
real,00010772_015.png,10772,,cardiomegaly_0,-2.5339165,0.07351445,0.3911949
real,00010790_003.png,10790,,cardiomegaly_0,-1.1054153,0.2487266,0.08543326
real,00010828_000.png,10828,,cardiomegaly_0,-3.6274776,0.025894789,0.5084779
real,00010936_008.png,10936,,cardiomegaly_0,-2.0359554,0.115479216,0.27148956
real,00010936_009.png,10936,,cardiomegaly_0,-1.5589981,0.17379045,0.16682895
real,00010936_010.png,10936,,cardiomegaly_0,-1.3396473,0.20756808,0.2018278
real,00010936_016.png,10936,,cardiomegaly_0,-0.5452347,0.3669707,0.14350288
real,00010936_017.png,10936,,cardiomegaly_0,0.9003086,0.7110129,0.19515903
real,00010936_018.png,10936,,cardiomegaly_0,-2.9154396,0.051395584,0.48134896
real,00010936_019.png,10936,,cardiomegaly_0,-2.381981,0.08455711,0.26232693
real,00010936_021.png,10936,,cardiomegaly_0,-1.8671799,0.13386837,0.2788476
real,00010936_023.png,10936,,cardiomegaly_0,-3.4976997,0.029377753,0.6276449
real,00010936_024.png,10936,,cardiomegaly_0,-1.5359344,0.17712706,0.23495084
real,00010940_000.png,10940,,cardiomegaly_0,-4.0858326,0.01653126,0.736804
real,00010953_000.png,10953,,cardiomegaly_0,-4.159771,0.015371171,0.7688365
real,00010953_003.png,10953,,cardiomegaly_0,-2.0759945,0.11145201,0.2716655
real,00010953_004.png,10953,,cardiomegaly_0,-0.6508961,0.34278765,0.21389832
real,00010953_009.png,10953,,cardiomegaly_0,-3.8979588,0.019880041,0.7184306
real,00010953_011.png,10953,,cardiomegaly_0,-2.0740623,0.11164349,0.29242325
real,00010953_012.png,10953,,cardiomegaly_0,-2.6268024,0.06743325,0.39672533
real,00010970_000.png,10970,,cardiomegaly_0,4.6286774,0.9903268,0.8134679
real,00010992_000.png,10992,,cardiomegaly_0,-3.3725452,0.0331646,0.45199782
real,00010992_006.png,10992,,cardiomegaly_0,-2.935318,0.05043503,0.41554156
real,00010992_007.png,10992,,cardiomegaly_0,-3.5320034,0.028415227,0.46637756
real,00010992_008.png,10992,,cardiomegaly_0,-3.581339,0.027084414,0.449516
real,00010992_009.png,10992,,cardiomegaly_0,-3.600708,0.026578672,0.49378037
real,00010992_010.png,10992,,cardiomegaly_0,-3.6951885,0.024240566,0.63692826
real,00010992_011.png,10992,,cardiomegaly_0,-4.145918,0.01558225,0.71520764
real,00010992_012.png,10992,,cardiomegaly_0,-4.1769276,0.0151136555,0.7041187
real,00010994_003.png,10994,,cardiomegaly_0,8.1890545,0.9997224,0.9920495
real,00010994_005.png,10994,,cardiomegaly_0,7.9754715,0.9996563,0.9928549
real,00010994_007.png,10994,,cardiomegaly_0,7.916889,0.9996356,0.9943276
real,00010994_009.png,10994,,cardiomegaly_0,7.7902203,0.9995864,0.99353784
real,00010994_010.png,10994,,cardiomegaly_0,7.5649643,0.999482,0.9881359
real,00010994_011.png,10994,,cardiomegaly_0,8.046057,0.9996798,0.9934473
real,00010994_012.png,10994,,cardiomegaly_0,7.891901,0.9996264,0.99068475
real,00010994_013.png,10994,,cardiomegaly_0,7.8499546,0.99961036,0.9917961
real,00010994_000.png,10994,,cardiomegaly_0,8.010218,0.9996681,0.9909522
real,00011139_000.png,11139,,cardiomegaly_0,-1.8840961,0.13191909,0.20020103
real,00011237_001.png,11237,,cardiomegaly_0,0.9495945,0.72103363,0.21198322
real,00011279_002.png,11279,,cardiomegaly_0,-4.0454082,0.017201487,0.70127374
real,00011380_005.png,11380,,cardiomegaly_0,-3.7121277,0.023843119,0.567555
real,00011380_006.png,11380,,cardiomegaly_0,-3.8266754,0.021317573,0.55546075
real,00011380_009.png,11380,,cardiomegaly_0,-3.8320408,0.021205923,0.6166784
real,00011380_010.png,11380,,cardiomegaly_0,-3.9220963,0.019415136,0.6399094
real,00011380_011.png,11380,,cardiomegaly_0,-4.1108856,0.016128846,0.671794
real,00011380_012.png,11380,,cardiomegaly_0,-3.9931183,0.018108165,0.6400016
real,00011380_014.png,11380,,cardiomegaly_0,-2.1973305,0.09999047,0.32158872
real,00011380_015.png,11380,,cardiomegaly_0,-3.543045,0.028111972,0.5950562
real,00011380_016.png,11380,,cardiomegaly_0,-2.80653,0.056972325,0.479452
real,00011380_018.png,11380,,cardiomegaly_0,-3.5071774,0.029108701,0.50558054
real,00011380_019.png,11380,,cardiomegaly_0,-4.1763153,0.015122772,0.70527524
real,00011380_020.png,11380,,cardiomegaly_0,-2.6996346,0.06299492,0.32523963
real,00011380_021.png,11380,,cardiomegaly_0,-2.229704,0.09711461,0.31264684
real,00011380_023.png,11380,,cardiomegaly_0,-3.4030895,0.032199048,0.502235
real,00011380_024.png,11380,,cardiomegaly_0,-4.1519756,0.0154896,0.71750176
real,00011380_025.png,11380,,cardiomegaly_0,-4.103031,0.016253961,0.6923723
real,00011380_026.png,11380,,cardiomegaly_0,-4.2553616,0.013989477,0.7239543
real,00011423_002.png,11423,,cardiomegaly_0,-4.6160297,0.009795099,0.8553587
real,00011423_003.png,11423,,cardiomegaly_0,-3.914568,0.019558981,0.5828697
real,00011423_006.png,11423,,cardiomegaly_0,-4.1699677,0.015217607,0.77198446
real,00011423_008.png,11423,,cardiomegaly_0,-4.162977,0.01532272,0.770807
real,00011423_000.png,11423,,cardiomegaly_0,-4.345709,0.012796445,0.82932603
real,00011423_001.png,11423,,cardiomegaly_0,-4.0972195,0.016347151,0.72306406
real,00011654_004.png,11654,,cardiomegaly_0,-3.620039,0.026083084,0.66696614
real,00011748_000.png,11748,,cardiomegaly_0,-3.8747082,0.020338167,0.6675842
real,00011764_004.png,11764,,cardiomegaly_0,-2.9990978,0.047466647,0.42734715
real,00011770_010.png,11770,,cardiomegaly_0,-4.232643,0.014306336,0.71818346
real,00011831_004.png,11831,,cardiomegaly_0,-3.0827541,0.043824267,0.6090814
real,00011831_007.png,11831,,cardiomegaly_0,-2.080967,0.11096054,0.35000968
real,00011831_008.png,11831,,cardiomegaly_0,-2.3910217,0.083859906,0.31474176
real,00011831_009.png,11831,,cardiomegaly_0,-1.9334297,0.12637144,0.2773241
real,00011831_010.png,11831,,cardiomegaly_0,-2.5177383,0.07462397,0.49709308
real,00011831_016.png,11831,,cardiomegaly_0,-3.2982635,0.035630807,0.5555861
real,00011831_017.png,11831,,cardiomegaly_0,-2.050848,0.11396673,0.3251744
real,00011831_020.png,11831,,cardiomegaly_0,-3.8925514,0.019985674,0.7276836
real,00011831_021.png,11831,,cardiomegaly_0,-4.2858524,0.013575068,0.8396743
real,00011949_000.png,11949,,cardiomegaly_0,6.243189,0.99806017,0.95396227
real,00011950_013.png,11950,,cardiomegaly_0,-3.628315,0.025873672,0.6205814
real,00011950_015.png,11950,,cardiomegaly_0,-2.5659084,0.071364984,0.3022305
real,00011950_016.png,11950,,cardiomegaly_0,-1.370676,0.20251064,0.15347247
real,00011950_018.png,11950,,cardiomegaly_0,-3.7168217,0.023734111,0.5866152
real,00011987_008.png,11987,,cardiomegaly_0,-3.0450306,0.0454325,0.30020073
real,00012021_001.png,12021,,cardiomegaly_0,-3.017929,0.046622436,0.4424654
real,00012043_012.png,12043,,cardiomegaly_0,-4.3095436,0.013261452,0.79134804
real,00012043_013.png,12043,,cardiomegaly_0,-3.7043285,0.024025317,0.6527336
real,00012043_015.png,12043,,cardiomegaly_0,-4.3252754,0.013057161,0.8261767
real,00012043_016.png,12043,,cardiomegaly_0,-4.0284195,0.017491061,0.7457813
real,00012092_003.png,12092,,cardiomegaly_0,-1.0820789,0.2531128,0.093131304
real,00012178_000.png,12178,,cardiomegaly_0,-1.1609936,0.2384868,0.12886167
real,00012178_001.png,12178,,cardiomegaly_0,-2.0919285,0.109883815,0.1513522
real,00012263_000.png,12263,,cardiomegaly_0,-3.9659824,0.018597009,0.65683603
real,00012263_002.png,12263,,cardiomegaly_0,-3.820137,0.021454412,0.6873129
real,00012263_005.png,12263,,cardiomegaly_0,-3.906067,0.019722667,0.7126457
real,00012263_006.png,12263,,cardiomegaly_0,-3.4309788,0.031341203,0.6380105
real,00012263_007.png,12263,,cardiomegaly_0,-4.2528515,0.014024143,0.804886
real,00012415_002.png,12415,,cardiomegaly_0,-3.6501598,0.025328757,0.53838855
real,00012415_004.png,12415,,cardiomegaly_0,-3.8896694,0.020042202,0.56736594
real,00012415_005.png,12415,,cardiomegaly_0,-3.6252613,0.025950754,0.5553311
real,00012415_006.png,12415,,cardiomegaly_0,-3.9701042,0.018521931,0.5711835
real,00012460_002.png,12460,,cardiomegaly_0,-4.5522823,0.010433117,0.8000088
real,00012460_003.png,12460,,cardiomegaly_0,-4.9654884,0.006926236,0.8628813
real,00012523_000.png,12523,,cardiomegaly_0,0.5659294,0.63782334,0.102086745
real,00012536_003.png,12536,,cardiomegaly_0,-1.5837536,0.17026454,0.16617554
real,00012604_000.png,12604,,cardiomegaly_0,-4.5693283,0.01025859,0.80326855
real,00012604_004.png,12604,,cardiomegaly_0,-3.6932087,0.02428744,0.6473572
real,00012604_005.png,12604,,cardiomegaly_0,-3.6759338,0.024700195,0.5210742
real,00012626_015.png,12626,,cardiomegaly_0,-4.4874763,0.011123865,0.7280433
real,00012653_002.png,12653,,cardiomegaly_0,-3.705391,0.02400042,0.7061391
real,00012707_000.png,12707,,cardiomegaly_0,3.067707,0.95554084,0.5162276
real,00012722_000.png,12722,,cardiomegaly_0,-4.6714077,0.009272305,0.8869816
real,00012722_001.png,12722,,cardiomegaly_0,-4.518545,0.010787244,0.8673878
real,00012722_002.png,12722,,cardiomegaly_0,-3.8052235,0.021769755,0.7264738
real,00012722_005.png,12722,,cardiomegaly_0,-4.229004,0.014357746,0.80732596
real,00012799_001.png,12799,,cardiomegaly_0,-2.7600365,0.059522327,0.36806166
real,00012827_001.png,12827,,cardiomegaly_0,-2.9168205,0.0513283,0.4125094
real,00012827_002.png,12827,,cardiomegaly_0,-3.7570496,0.022819642,0.5160046
real,00012939_002.png,12939,,cardiomegaly_0,-1.6305504,0.16375497,0.16023603
real,00012949_002.png,12949,,cardiomegaly_0,-3.7952309,0.021983577,0.4753907
real,00012973_017.png,12973,,cardiomegaly_0,-3.2328358,0.037948582,0.5147508
real,00012973_015.png,12973,,cardiomegaly_0,-3.9874802,0.018208683,0.66928625
real,00012973_016.png,12973,,cardiomegaly_0,-3.4419708,0.031009212,0.54589087
real,00012973_019.png,12973,,cardiomegaly_0,-2.515297,0.07479274,0.23637994
real,00012973_020.png,12973,,cardiomegaly_0,-4.110525,0.016134568,0.6099968
real,00012973_021.png,12973,,cardiomegaly_0,-4.8250084,0.007962575,0.81588006
real,00012975_000.png,12975,,cardiomegaly_0,-2.1058273,0.10853172,0.25737315
real,00013205_001.png,13205,,cardiomegaly_0,-3.9880943,0.01819771,0.6388645
real,00013205_003.png,13205,,cardiomegaly_0,-3.9315147,0.019236634,0.5754757
real,00013205_004.png,13205,,cardiomegaly_0,-3.783348,0.022240516,0.582999
real,00013205_006.png,13205,,cardiomegaly_0,-4.780571,0.008321379,0.79487514
real,00013237_000.png,13237,,cardiomegaly_0,-4.051367,0.017101044,0.6474961
real,00013285_000.png,13285,,cardiomegaly_0,-4.144266,0.015607608,0.67931414
real,00013285_002.png,13285,,cardiomegaly_0,-3.9047928,0.019747317,0.6150162
real,00013285_003.png,13285,,cardiomegaly_0,-3.165865,0.040470686,0.40760463
real,00013370_005.png,13370,,cardiomegaly_0,4.75383,0.9914551,0.8804909
real,00013408_007.png,13408,,cardiomegaly_0,-4.3727703,0.012459055,0.75555396
real,00013408_008.png,13408,,cardiomegaly_0,-4.110544,0.016134264,0.6039267
real,00013408_016.png,13408,,cardiomegaly_0,-2.6361809,0.06684587,0.37706396
real,00013408_017.png,13408,,cardiomegaly_0,-3.5731983,0.02729975,0.5765023
real,00013408_018.png,13408,,cardiomegaly_0,-4.319248,0.01313506,0.7261291
real,00013458_002.png,13458,,cardiomegaly_0,-4.5193176,0.010779004,0.80478364
real,00013499_000.png,13499,,cardiomegaly_0,-3.9514809,0.018863535,0.728927
real,00013519_001.png,13519,,cardiomegaly_0,-2.4051514,0.08278072,0.26111433
real,00013522_000.png,13522,,cardiomegaly_0,-3.3928337,0.03252018,0.52430964
real,00013534_006.png,13534,,cardiomegaly_0,-2.4248257,0.0812991,0.20731105
real,00013534_008.png,13534,,cardiomegaly_0,-3.7365456,0.02328136,0.50524145
real,00013534_010.png,13534,,cardiomegaly_0,-3.7721996,0.022484243,0.42073792
real,00013591_003.png,13591,,cardiomegaly_0,-1.1075268,0.24833226,0.12161308
real,00013591_005.png,13591,,cardiomegaly_0,-4.2274475,0.014379788,0.8252586
real,00013608_006.png,13608,,cardiomegaly_0,-3.7729168,0.022468487,0.6278904
real,00013608_007.png,13608,,cardiomegaly_0,-2.1305008,0.106167465,0.23105088
real,00013608_008.png,13608,,cardiomegaly_0,-3.9017258,0.019806772,0.6084396
real,00013608_011.png,13608,,cardiomegaly_0,-4.225992,0.014400427,0.7916538
real,00013608_012.png,13608,,cardiomegaly_0,-4.253378,0.014016867,0.7768201
real,00013608_013.png,13608,,cardiomegaly_0,-4.0518265,0.01709332,0.73272693
real,00013608_017.png,13608,,cardiomegaly_0,-3.9411964,0.01905482,0.70975256
real,00013608_021.png,13608,,cardiomegaly_0,-2.9250412,0.050929483,0.4053504
real,00013625_004.png,13625,,cardiomegaly_0,-3.0451984,0.045425225,0.51062596
real,00013625_061.png,13625,,cardiomegaly_0,-0.24920845,0.43801832,0.11835247
real,00013678_000.png,13678,,cardiomegaly_0,-3.8134003,0.021596303,0.59969616
real,00013678_001.png,13678,,cardiomegaly_0,-0.38970566,0.40378812,0.13085017
real,00013709_000.png,13709,,cardiomegaly_0,-4.3167076,0.013168034,0.82305753
real,00013743_001.png,13743,,cardiomegaly_0,-2.9585953,0.04933184,0.33114052
real,00013830_000.png,13830,,cardiomegaly_0,-1.5452404,0.17577477,0.1464219
real,00013862_004.png,13862,,cardiomegaly_0,-4.0935516,0.016406234,0.74793684
real,00013911_002.png,13911,,cardiomegaly_0,-2.9109917,0.051612873,0.305113
real,00013911_004.png,13911,,cardiomegaly_0,-3.818472,0.021489399,0.6121167
real,00013911_007.png,13911,,cardiomegaly_0,-3.074112,0.044187833,0.4116389
real,00013911_012.png,13911,,cardiomegaly_0,-3.8077698,0.021715594,0.71022415
real,00013911_020.png,13911,,cardiomegaly_0,-2.0261803,0.116481446,0.16372906
real,00013911_000.png,13911,,cardiomegaly_0,6.702158,0.9987733,0.97946346
real,00013964_001.png,13964,,cardiomegaly_0,-3.989769,0.018167812,0.6827201
real,00014183_000.png,14183,,cardiomegaly_0,-3.989727,0.01816856,0.6456285
real,00014196_002.png,14196,,cardiomegaly_0,-3.5566597,0.027742378,0.56685054
real,00014196_003.png,14196,,cardiomegaly_0,-4.073286,0.016736487,0.6722265
real,00014289_000.png,14289,,cardiomegaly_0,-2.7466145,0.060278133,0.313625
real,00014307_004.png,14307,,cardiomegaly_0,-4.1017876,0.016273858,0.60971296
real,00014307_008.png,14307,,cardiomegaly_0,-4.440197,0.011656147,0.82442695
real,00014307_011.png,14307,,cardiomegaly_0,-4.1476784,0.01555527,0.69741094
real,00014320_011.png,14320,,cardiomegaly_0,5.356415,0.99530435,0.9207883
real,00014320_012.png,14320,,cardiomegaly_0,4.4788933,0.98878133,0.7692262
real,00014320_033.png,14320,,cardiomegaly_0,-2.4911537,0.07648067,0.18816008
real,00014320_039.png,14320,,cardiomegaly_0,-3.771843,0.022492087,0.49663067
real,00014387_000.png,14387,,cardiomegaly_0,-4.117077,0.016030893,0.7419569
real,00014387_008.png,14387,,cardiomegaly_0,-2.8889523,0.0527024,0.34984452
real,00014387_010.png,14387,,cardiomegaly_0,-3.2613945,0.036919594,0.40842548
real,00014475_001.png,14475,,cardiomegaly_0,-4.674362,0.009245203,0.80667084
real,00014538_000.png,14538,,cardiomegaly_0,-3.6773682,0.024665665,0.5810974
real,00014574_000.png,14574,,cardiomegaly_0,4.7775726,0.99165386,0.83034265
real,00014648_000.png,14648,,cardiomegaly_0,-4.4170647,0.01192567,0.81118554
real,00014695_004.png,14695,,cardiomegaly_0,8.17532,0.9997185,0.99203616
real,00014719_006.png,14719,,cardiomegaly_0,-4.071623,0.016763877,0.66932756
real,00014719_007.png,14719,,cardiomegaly_0,-4.4901943,0.011094006,0.7688029
real,00014773_003.png,14773,,cardiomegaly_0,-3.0874424,0.043628227,0.49304393
real,00014773_004.png,14773,,cardiomegaly_0,-3.0735722,0.044210635,0.4550611
real,00014773_006.png,14773,,cardiomegaly_0,-2.408659,0.08251479,0.3232737
real,00014773_005.png,14773,,cardiomegaly_0,-2.3530655,0.08682242,0.2785175
real,00014773_007.png,14773,,cardiomegaly_0,-4.6652565,0.009328983,0.8739217
real,00014943_000.png,14943,,cardiomegaly_0,-3.2764053,0.036389556,0.485545
real,00015064_000.png,15064,,cardiomegaly_0,4.74646,0.9913924,0.86458087
real,00015080_002.png,15080,,cardiomegaly_0,-3.3964405,0.032406893,0.41320044
real,00015114_001.png,15114,,cardiomegaly_0,-4.0625935,0.01691336,0.7064146
real,00015114_003.png,15114,,cardiomegaly_0,-2.296154,0.09144198,0.29446143
real,00015212_001.png,15212,,cardiomegaly_0,-5.0118904,0.0066142655,0.9071193
real,00015212_003.png,15212,,cardiomegaly_0,-3.8521671,0.020792175,0.67917854
real,00015212_008.png,15212,,cardiomegaly_0,-2.700552,0.06294079,0.33719882
real,00015228_002.png,15228,,cardiomegaly_0,-3.2765255,0.03638534,0.5138582
real,00015242_000.png,15242,,cardiomegaly_0,0.28718376,0.5713065,0.11510248
real,00015244_002.png,15244,,cardiomegaly_0,-4.6938095,0.009068761,0.7914778
real,00015244_000.png,15244,,cardiomegaly_0,-4.7905464,0.008239463,0.8348721
real,00015254_001.png,15254,,cardiomegaly_0,-3.4589558,0.0305029,0.5131798
real,00015254_002.png,15254,,cardiomegaly_0,-3.9184818,0.019484067,0.6046868
real,00015282_000.png,15282,,cardiomegaly_0,8.049158,0.99968076,0.98933834
real,00015313_000.png,15313,,cardiomegaly_0,6.663517,0.998725,0.9703736
real,00015313_003.png,15313,,cardiomegaly_0,-1.1472206,0.2409971,0.12479477
real,00015313_005.png,15313,,cardiomegaly_0,1.1007481,0.75040025,0.14848721
real,00015313_006.png,15313,,cardiomegaly_0,1.0226974,0.73549765,0.13717888
real,00015313_007.png,15313,,cardiomegaly_0,-2.954235,0.04953673,0.35959247
real,00015313_008.png,15313,,cardiomegaly_0,-2.1919193,0.100478485,0.29422295
real,00015318_007.png,15318,,cardiomegaly_0,-2.7487507,0.06015725,0.25406864
real,00015318_008.png,15318,,cardiomegaly_0,3.2404652,0.962329,0.52302724
real,00015376_002.png,15376,,cardiomegaly_0,-1.0434475,0.26048535,0.12665391
real,00015376_037.png,15376,,cardiomegaly_0,4.5542316,0.98958695,0.8902249
real,00015388_004.png,15388,,cardiomegaly_0,-4.329872,0.012998057,0.7083578
real,00015423_001.png,15423,,cardiomegaly_0,-1.2863731,0.21646734,0.15254591
real,00015423_002.png,15423,,cardiomegaly_0,-0.9193859,0.28508303,0.13592918
real,00015423_003.png,15423,,cardiomegaly_0,-0.16134262,0.45975164,0.12790325
real,00015423_004.png,15423,,cardiomegaly_0,-0.8422947,0.3010517,0.0979954
real,00015423_005.png,15423,,cardiomegaly_0,-1.3567886,0.20476273,0.15108956
real,00015423_006.png,15423,,cardiomegaly_0,-1.279583,0.2176212,0.12254143
real,00015448_003.png,15448,,cardiomegaly_0,-4.63636,0.009599864,0.84513736
real,00015492_002.png,15492,,cardiomegaly_0,-3.974224,0.018447183,0.6559222
real,00015497_000.png,15497,,cardiomegaly_0,-1.7868633,0.14345771,0.13436913
real,00015497_001.png,15497,,cardiomegaly_0,7.5137157,0.9994548,0.9796933
real,00015562_004.png,15562,,cardiomegaly_0,-4.904875,0.007355861,0.8873563
real,00015654_000.png,15654,,cardiomegaly_0,-4.542835,0.010531103,0.80332214
real,00015654_001.png,15654,,cardiomegaly_0,-2.061737,0.11287178,0.27017212
real,00015654_002.png,15654,,cardiomegaly_0,-1.6743546,0.15784447,0.18776189
real,00015654_003.png,15654,,cardiomegaly_0,-4.1562862,0.015424002,0.7123374
real,00015654_004.png,15654,,cardiomegaly_0,-3.2258396,0.03820483,0.49655277
real,00015654_005.png,15654,,cardiomegaly_0,-2.7784271,0.058501124,0.43458864
real,00015654_006.png,15654,,cardiomegaly_0,-3.140419,0.04147046,0.48392263
real,00015716_000.png,15716,,cardiomegaly_0,-1.5082054,0.18120492,0.14308108
real,00015985_000.png,15985,,cardiomegaly_0,-2.0352745,0.11554879,0.3311227
real,00016041_000.png,16041,,cardiomegaly_0,-4.149872,0.015521714,0.76687515
real,00016184_016.png,16184,,cardiomegaly_0,-3.1729755,0.040195465,0.37715447
real,00016191_001.png,16191,,cardiomegaly_0,-4.1274223,0.015868519,0.7078597
real,00016191_015.png,16191,,cardiomegaly_0,-3.8131828,0.021600898,0.6159299
real,00016191_016.png,16191,,cardiomegaly_0,-4.2954845,0.013446689,0.7232492
real,00016191_021.png,16191,,cardiomegaly_0,-3.169569,0.04032709,0.42975855
real,00016191_026.png,16191,,cardiomegaly_0,-3.376278,0.03304512,0.4269223
real,00016191_027.png,16191,,cardiomegaly_0,-3.544569,0.028070364,0.48021278
real,00016202_000.png,16202,,cardiomegaly_0,-2.2659302,0.093984194,0.43853778
real,00016205_005.png,16205,,cardiomegaly_0,-3.7437992,0.023116987,0.52382076
real,00016205_007.png,16205,,cardiomegaly_0,-3.4278316,0.031436887,0.40955183
real,00016205_008.png,16205,,cardiomegaly_0,-3.7355347,0.023304358,0.55322695
real,00016205_009.png,16205,,cardiomegaly_0,-3.875452,0.02032335,0.6231057
real,00016238_007.png,16238,,cardiomegaly_0,-2.6579514,0.06550062,0.34748814
real,00016238_008.png,16238,,cardiomegaly_0,-4.4550056,0.011486774,0.8127512
real,00016353_000.png,16353,,cardiomegaly_0,-4.3131676,0.013214114,0.75596833
real,00016417_000.png,16417,,cardiomegaly_0,-1.4602356,0.18843131,0.2451505
real,00016417_001.png,16417,,cardiomegaly_0,-1.0621376,0.25690117,0.1840726
real,00016417_002.png,16417,,cardiomegaly_0,-2.2323303,0.09688454,0.2277382
real,00016417_004.png,16417,,cardiomegaly_0,-2.6486664,0.06607126,0.28500104
real,00016417_006.png,16417,,cardiomegaly_0,-3.569231,0.0274053,0.4518938
real,00016417_007.png,16417,,cardiomegaly_0,-2.845827,0.05489742,0.33598888
real,00016417_008.png,16417,,cardiomegaly_0,-2.766842,0.059142504,0.33891138
real,00016417_009.png,16417,,cardiomegaly_0,-3.3984642,0.032343496,0.44332826
real,00016484_002.png,16484,,cardiomegaly_0,7.6894855,0.9995426,0.9873409
real,00016484_018.png,16484,,cardiomegaly_0,6.819977,0.9989095,0.9739433
real,00016484_030.png,16484,,cardiomegaly_0,5.7806835,0.9969229,0.92049146
real,00016548_000.png,16548,,cardiomegaly_0,-4.5131226,0.010845261,0.8389472
real,00016568_005.png,16568,,cardiomegaly_0,-4.002632,0.017939778,0.7022591
real,00016568_015.png,16568,,cardiomegaly_0,-2.9615192,0.049194895,0.46002907
real,00016568_016.png,16568,,cardiomegaly_0,-3.0736809,0.04420604,0.4571028
real,00016568_017.png,16568,,cardiomegaly_0,-2.974905,0.04857254,0.41943514
real,00016568_018.png,16568,,cardiomegaly_0,-3.4705982,0.03016048,0.65694785
real,00016568_019.png,16568,,cardiomegaly_0,-3.4279308,0.03143387,0.5680793
real,00016568_020.png,16568,,cardiomegaly_0,-3.819395,0.021469995,0.67262197
real,00016568_021.png,16568,,cardiomegaly_0,-3.1384869,0.041547332,0.58436304
real,00016568_022.png,16568,,cardiomegaly_0,-3.9369354,0.01913463,0.71312374
real,00016568_023.png,16568,,cardiomegaly_0,-3.3975372,0.03237252,0.6313262
real,00016568_024.png,16568,,cardiomegaly_0,-3.7030392,0.024055567,0.68792754
real,00016568_025.png,16568,,cardiomegaly_0,-3.8660488,0.020511419,0.7006175
real,00016568_028.png,16568,,cardiomegaly_0,-3.4907742,0.029575875,0.71597975
real,00016568_029.png,16568,,cardiomegaly_0,-4.15308,0.01547277,0.8003846
real,00016568_032.png,16568,,cardiomegaly_0,-4.297388,0.013421459,0.7765097
real,00016568_036.png,16568,,cardiomegaly_0,-3.831604,0.021214988,0.6141237
real,00016568_037.png,16568,,cardiomegaly_0,-3.928646,0.019290831,0.6432729
real,00016568_038.png,16568,,cardiomegaly_0,-4.3337936,0.012947843,0.74718016
real,00016568_039.png,16568,,cardiomegaly_0,-4.4796333,0.01121047,0.8080957
real,00016568_040.png,16568,,cardiomegaly_0,-4.0112953,0.017787788,0.6720428
real,00016568_041.png,16568,,cardiomegaly_0,-3.9830265,0.018288473,0.7022911
real,00016568_042.png,16568,,cardiomegaly_0,-4.1363792,0.015729245,0.6975759
real,00016568_043.png,16568,,cardiomegaly_0,-4.3685513,0.012511073,0.7713272
real,00016568_044.png,16568,,cardiomegaly_0,-3.7862282,0.022177972,0.6466067
real,00016568_047.png,16568,,cardiomegaly_0,-3.6898289,0.024367662,0.55634236
real,00016568_051.png,16568,,cardiomegaly_0,-3.3859577,0.032737214,0.47467434
real,00016677_004.png,16677,,cardiomegaly_0,2.3651981,0.9141347,0.3935459
real,00016677_000.png,16677,,cardiomegaly_0,0.019945145,0.5049861,0.12390299
real,00016724_000.png,16724,,cardiomegaly_0,-2.8175793,0.056381583,0.38219652
real,00016724_001.png,16724,,cardiomegaly_0,-4.393303,0.012208938,0.8221975
real,00016724_003.png,16724,,cardiomegaly_0,-4.577343,0.010177533,0.8452544
real,00016757_003.png,16757,,cardiomegaly_0,-3.9719124,0.018489089,0.5744994
real,00016801_000.png,16801,,cardiomegaly_0,-0.27282333,0.43221408,0.1409796
real,00016801_006.png,16801,,cardiomegaly_0,-2.2546005,0.09495337,0.25618955
real,00016801_008.png,16801,,cardiomegaly_0,-1.9494267,0.1246159,0.14764102
real,00016862_000.png,16862,,cardiomegaly_0,-2.874714,0.053417798,0.42888328
real,00016975_010.png,16975,,cardiomegaly_0,-4.3125076,0.013222723,0.75891006
real,00016975_013.png,16975,,cardiomegaly_0,-4.5110207,0.010867833,0.81201565
real,00016975_017.png,16975,,cardiomegaly_0,-3.2645912,0.0368061,0.5035769
real,00016975_018.png,16975,,cardiomegaly_0,-3.505022,0.029169677,0.4663574
real,00016990_000.png,16990,,cardiomegaly_0,7.696762,0.9995459,0.9802516
real,00017258_002.png,17258,,cardiomegaly_0,-3.8914661,0.020006943,0.6498437
real,00017258_003.png,17258,,cardiomegaly_0,-4.430666,0.01176646,0.86311436
real,00017258_004.png,17258,,cardiomegaly_0,-3.9378452,0.019117562,0.71769255
real,00017258_005.png,17258,,cardiomegaly_0,-4.5781994,0.010168909,0.85804623
real,00017258_006.png,17258,,cardiomegaly_0,-3.852911,0.020777037,0.67199343
real,00017258_007.png,17258,,cardiomegaly_0,-4.248089,0.0140901515,0.8004922
real,00017258_008.png,17258,,cardiomegaly_0,-4.2154484,0.014550846,0.8184037
real,00017258_009.png,17258,,cardiomegaly_0,-3.9625187,0.018660331,0.7520176
real,00017258_010.png,17258,,cardiomegaly_0,-4.0822124,0.01659022,0.7825152
real,00017258_011.png,17258,,cardiomegaly_0,-2.2759876,0.09313128,0.3383422
real,00017258_016.png,17258,,cardiomegaly_0,-3.4007092,0.032273307,0.5096475
real,00017258_017.png,17258,,cardiomegaly_0,-3.8661327,0.020509735,0.7030133
real,00017258_019.png,17258,,cardiomegaly_0,-3.9607334,0.018693052,0.71880466
real,00017263_000.png,17263,,cardiomegaly_0,-0.40196037,0.40084141,0.12543891
real,00017395_001.png,17395,,cardiomegaly_0,-3.4384117,0.03111633,0.4607981
real,00017395_002.png,17395,,cardiomegaly_0,-4.2513847,0.01404444,0.7149543
real,00017395_003.png,17395,,cardiomegaly_0,-4.6501503,0.009469634,0.82340443
real,00017443_012.png,17443,,cardiomegaly_0,-4.3987827,0.012143028,0.7201133
real,00017443_013.png,17443,,cardiomegaly_0,-4.6036034,0.009916361,0.73630583
real,00017529_000.png,17529,,cardiomegaly_0,7.940262,0.99964404,0.99035925
real,00017607_000.png,17607,,cardiomegaly_0,-4.075508,0.016699959,0.57960546
real,00017618_004.png,17618,,cardiomegaly_0,-2.500864,0.07579763,0.21444397
real,00017618_005.png,17618,,cardiomegaly_0,-2.129259,0.10628534,0.18016714
real,00017618_006.png,17618,,cardiomegaly_0,-2.3160477,0.08980259,0.22530438
real,00017618_008.png,17618,,cardiomegaly_0,-1.6739254,0.15790153,0.0926936
real,00017618_009.png,17618,,cardiomegaly_0,-2.550703,0.07237927,0.266653
real,00017618_010.png,17618,,cardiomegaly_0,-1.6961384,0.15497029,0.16080001
real,00017618_011.png,17618,,cardiomegaly_0,0.20542336,0.551176,0.13448878
real,00017618_014.png,17618,,cardiomegaly_0,3.8891792,0.97994816,0.65972567
real,00017618_015.png,17618,,cardiomegaly_0,-0.68462753,0.33522925,0.09392191
real,00017618_019.png,17618,,cardiomegaly_0,-1.8637199,0.13427006,0.15037344
real,00017618_020.png,17618,,cardiomegaly_0,1.094368,0.7492033,0.13871533
real,00017618_021.png,17618,,cardiomegaly_0,3.2424355,0.9624004,0.49758363
real,00017618_022.png,17618,,cardiomegaly_0,5.3106174,0.9950854,0.9179661
real,00017618_023.png,17618,,cardiomegaly_0,4.7791615,0.991667,0.87756556
real,00017618_032.png,17618,,cardiomegaly_0,1.9690781,0.87751204,0.23875223
real,00017691_014.png,17691,,cardiomegaly_0,-4.2737885,0.013737565,0.7050245
real,00017702_001.png,17702,,cardiomegaly_0,-4.4063873,0.012052145,0.8506693
real,00017747_053.png,17747,,cardiomegaly_0,-2.8369179,0.055361502,0.58646715
real,00017747_054.png,17747,,cardiomegaly_0,-2.7192802,0.061845217,0.5427461
real,00017747_055.png,17747,,cardiomegaly_0,-2.7893715,0.05790123,0.4810981
real,00017747_056.png,17747,,cardiomegaly_0,-2.7307777,0.06118147,0.55451876
real,00017747_057.png,17747,,cardiomegaly_0,-2.7924232,0.057734985,0.55299133
real,00017747_004.png,17747,,cardiomegaly_0,-1.3822117,0.20065403,0.18794192
real,00017747_005.png,17747,,cardiomegaly_0,-2.4862747,0.076825984,0.49460736
real,00017747_008.png,17747,,cardiomegaly_0,-2.5839252,0.070180155,0.46027648
real,00017747_010.png,17747,,cardiomegaly_0,-3.0102024,0.04696708,0.5406645
real,00017747_011.png,17747,,cardiomegaly_0,-3.1299782,0.04188748,0.6621434
real,00017747_012.png,17747,,cardiomegaly_0,-3.326582,0.034670446,0.68041825
real,00017763_003.png,17763,,cardiomegaly_0,-4.110937,0.016128028,0.63659084
real,00017763_004.png,17763,,cardiomegaly_0,-4.2479,0.014092775,0.6324335
real,00017786_005.png,17786,,cardiomegaly_0,-3.1501465,0.041085508,0.2867916
real,00017786_010.png,17786,,cardiomegaly_0,-4.019638,0.017642612,0.6312032
real,00017786_012.png,17786,,cardiomegaly_0,-3.8054085,0.021765815,0.5438088
real,00017786_000.png,17786,,cardiomegaly_0,-0.76135635,0.31835186,0.09324861
real,00017822_000.png,17822,,cardiomegaly_0,-0.76312256,0.31796873,0.09340662
real,00017835_032.png,17835,,cardiomegaly_0,-3.110899,0.042659916,0.44499627
real,00017846_000.png,17846,,cardiomegaly_0,-4.0455875,0.017198456,0.65565836
real,00017930_004.png,17930,,cardiomegaly_0,-3.4394417,0.031085296,0.6427303
real,00017930_005.png,17930,,cardiomegaly_0,-4.2492123,0.014074554,0.8079409
real,00017939_000.png,17939,,cardiomegaly_0,7.608574,0.9995041,0.98576623
real,00017945_000.png,17945,,cardiomegaly_0,2.7597847,0.9404636,0.5502632
real,00017953_000.png,17953,,cardiomegaly_0,7.2747307,0.99930763,0.98274237
real,00017963_005.png,17963,,cardiomegaly_0,-1.5469971,0.17552042,0.13688712
real,00017963_006.png,17963,,cardiomegaly_0,-4.0808163,0.016613016,0.6591291
real,00018011_003.png,18011,,cardiomegaly_0,-0.50585175,0.37616646,0.101777814
real,00018011_005.png,18011,,cardiomegaly_0,-3.1588345,0.04074458,0.4186336
real,00018011_006.png,18011,,cardiomegaly_0,-3.3321266,0.03448535,0.41895705
real,00018011_008.png,18011,,cardiomegaly_0,-1.6038666,0.1674419,0.14090069
real,00018065_005.png,18065,,cardiomegaly_0,-3.5946922,0.026734754,0.60242414
real,00018065_006.png,18065,,cardiomegaly_0,-3.954195,0.018813368,0.68344134
real,00018065_007.png,18065,,cardiomegaly_0,-4.182741,0.015027362,0.67522854
real,00018090_000.png,18090,,cardiomegaly_0,-2.6792965,0.06420613,0.41514918
real,00018102_001.png,18102,,cardiomegaly_0,-3.3870964,0.032701176,0.49978703
real,00018102_002.png,18102,,cardiomegaly_0,-3.5589619,0.027680352,0.64910007
real,00018102_004.png,18102,,cardiomegaly_0,-3.8392258,0.0210573,0.6790349
real,00018148_001.png,18148,,cardiomegaly_0,-4.180092,0.0150666265,0.71467066
real,00018284_003.png,18284,,cardiomegaly_0,-2.4997082,0.075878635,0.36672127
real,00018284_004.png,18284,,cardiomegaly_0,-2.98658,0.048035845,0.4460306
real,00018374_000.png,18374,,cardiomegaly_0,-3.1824093,0.039833087,0.49748084
real,00018463_000.png,18463,,cardiomegaly_0,-1.2566662,0.22154832,0.16715929
real,00018488_005.png,18488,,cardiomegaly_0,-4.353962,0.012692603,0.80477685
real,00018521_005.png,18521,,cardiomegaly_0,-3.1738033,0.040163543,0.5183253
real,00018521_007.png,18521,,cardiomegaly_0,-4.076729,0.016679924,0.7908708
real,00018521_008.png,18521,,cardiomegaly_0,-3.7735481,0.022454625,0.62696123
real,00018521_009.png,18521,,cardiomegaly_0,-3.683895,0.02450913,0.6294339
real,00018521_010.png,18521,,cardiomegaly_0,-3.7388153,0.023229804,0.64217997
real,00018521_011.png,18521,,cardiomegaly_0,-3.4427395,0.030986123,0.6502254
real,00018521_014.png,18521,,cardiomegaly_0,-4.427927,0.011798351,0.86843103
real,00018521_015.png,18521,,cardiomegaly_0,-4.026188,0.017529454,0.83937234
real,00018524_002.png,18524,,cardiomegaly_0,-1.9491196,0.12464939,0.13225132
real,00018524_003.png,18524,,cardiomegaly_0,-2.0852413,0.11053958,0.17698638
real,00018524_005.png,18524,,cardiomegaly_0,-1.844204,0.13655485,0.13680603
real,00018531_000.png,18531,,cardiomegaly_0,-3.6654491,0.024954032,0.53165543
real,00018592_002.png,18592,,cardiomegaly_0,-3.8994942,0.019850146,0.6811625
real,00018592_007.png,18592,,cardiomegaly_0,-4.8784046,0.0075516826,0.8436064
real,00018626_010.png,18626,,cardiomegaly_0,-2.5562935,0.07200482,0.22805496
real,00018626_012.png,18626,,cardiomegaly_0,-4.093977,0.01639937,0.661291
real,00018626_013.png,18626,,cardiomegaly_0,-3.6265182,0.025918998,0.4700034
real,00018626_014.png,18626,,cardiomegaly_0,-3.7369785,0.023271516,0.5817765
real,00018626_017.png,18626,,cardiomegaly_0,-4.4064083,0.012051894,0.7907625
real,00018672_000.png,18672,,cardiomegaly_0,0.005279541,0.5013199,0.10388727
real,00018678_000.png,18678,,cardiomegaly_0,-4.584299,0.010107696,0.76176304
real,00018964_004.png,18964,,cardiomegaly_0,-4.5013084,0.010972734,0.7193097
real,00018964_005.png,18964,,cardiomegaly_0,-4.7328167,0.0087248515,0.7990475
real,00018964_006.png,18964,,cardiomegaly_0,-4.4639854,0.011385257,0.77966094
real,00019125_000.png,19125,,cardiomegaly_0,-1.8200817,0.13942406,0.23294303
real,00019154_000.png,19154,,cardiomegaly_0,-3.8128128,0.021608718,0.666547
real,00019154_001.png,19154,,cardiomegaly_0,-1.1009216,0.24956724,0.1402477
real,00019201_002.png,19201,,cardiomegaly_0,-3.1113415,0.04264185,0.44050583
real,00019231_001.png,19231,,cardiomegaly_0,-1.9340401,0.12630408,0.13153839
real,00019395_006.png,19395,,cardiomegaly_0,-0.213974,0.44670966,0.11937882
real,00019395_012.png,19395,,cardiomegaly_0,-1.653492,0.16063756,0.21571767
real,00019395_014.png,19395,,cardiomegaly_0,-3.0173283,0.04664915,0.4549684
real,00019395_015.png,19395,,cardiomegaly_0,-1.9269981,0.12708321,0.1736541
real,00019395_016.png,19395,,cardiomegaly_0,-1.2542248,0.22196965,0.15356529
real,00019395_017.png,19395,,cardiomegaly_0,-1.4441681,0.19090073,0.16402675
real,00019395_018.png,19395,,cardiomegaly_0,-0.78056526,0.31419805,0.10458995
real,00019395_020.png,19395,,cardiomegaly_0,0.9288597,0.71684384,0.14893858
real,00019395_021.png,19395,,cardiomegaly_0,-1.8299332,0.13824622,0.18696553
real,00019395_022.png,19395,,cardiomegaly_0,-2.0362988,0.11544415,0.30002892
real,00019395_023.png,19395,,cardiomegaly_0,0.93632317,0.7183564,0.20472321
real,00019395_026.png,19395,,cardiomegaly_0,0.96323204,0.7237685,0.13913435
real,00019406_007.png,19406,,cardiomegaly_0,-4.562973,0.010323319,0.78263825
real,00019409_000.png,19409,,cardiomegaly_0,-4.490267,0.011093211,0.76952034
real,00019437_000.png,19437,,cardiomegaly_0,-1.1411152,0.2421157,0.11268931
real,00019486_001.png,19486,,cardiomegaly_0,5.909151,0.9972928,0.9106533
real,00019486_000.png,19486,,cardiomegaly_0,0.032512665,0.50812745,0.16038123
real,00019592_006.png,19592,,cardiomegaly_0,-3.4708862,0.030152053,0.4601885
real,00019592_007.png,19592,,cardiomegaly_0,-3.5307808,0.028449,0.42422885
real,00019592_008.png,19592,,cardiomegaly_0,-2.60462,0.06884168,0.33056444
real,00019637_004.png,19637,,cardiomegaly_0,-3.2300453,0.03805059,0.44516
real,00019637_008.png,19637,,cardiomegaly_0,5.705208,0.99668247,0.9549331
real,00019637_003.png,19637,,cardiomegaly_0,-2.8260212,0.05593413,0.36772043
real,00019761_000.png,19761,,cardiomegaly_0,-4.0037613,0.017919896,0.60649574
real,00019863_006.png,19863,,cardiomegaly_0,-4.0070896,0.017861417,0.51385254
real,00019863_008.png,19863,,cardiomegaly_0,-3.941471,0.019049687,0.50977284
real,00019917_000.png,19917,,cardiomegaly_0,-3.9962559,0.01805246,0.7297975
real,00019919_016.png,19919,,cardiomegaly_0,-4.3469257,0.012781082,0.7162709
real,00019919_017.png,19919,,cardiomegaly_0,-3.1709557,0.04027346,0.42440414
real,00019919_018.png,19919,,cardiomegaly_0,-4.3216743,0.013103647,0.6894669
real,00019919_020.png,19919,,cardiomegaly_0,-2.8849087,0.052904647,0.28145918
real,00019919_021.png,19919,,cardiomegaly_0,-2.0984,0.10925242,0.1941386
real,00019919_003.png,19919,,cardiomegaly_0,-4.992441,0.00674329,0.893373
real,00019927_005.png,19927,,cardiomegaly_0,-4.700983,0.009004522,0.8475833
real,00019927_007.png,19927,,cardiomegaly_0,-4.693075,0.009075362,0.8619426
real,00019927_008.png,19927,,cardiomegaly_0,-4.491003,0.011085137,0.83309406
real,00019927_009.png,19927,,cardiomegaly_0,-4.6884365,0.009117172,0.890831
real,00019927_010.png,19927,,cardiomegaly_0,-4.7529984,0.008552025,0.8822884
real,00019964_000.png,19964,,cardiomegaly_0,-3.864378,0.020545013,0.56069636
real,00020234_000.png,20234,,cardiomegaly_0,-3.8143272,0.021576725,0.62644994
real,00020286_004.png,20286,,cardiomegaly_0,-2.6238937,0.0676164,0.35480604
real,00020286_003.png,20286,,cardiomegaly_0,-2.0986729,0.109225884,0.32535416
real,00020286_002.png,20286,,cardiomegaly_0,-1.6149235,0.16590616,0.27408305
real,00020286_008.png,20286,,cardiomegaly_0,-2.579832,0.07044773,0.27904645
real,00020286_009.png,20286,,cardiomegaly_0,-1.6743279,0.15784802,0.16976398
real,00020286_012.png,20286,,cardiomegaly_0,-1.9725399,0.12211633,0.2065726
real,00020286_011.png,20286,,cardiomegaly_0,-2.3256989,0.08901683,0.3211713
real,00020286_014.png,20286,,cardiomegaly_0,-2.5843735,0.07015091,0.36764625
real,00020286_015.png,20286,,cardiomegaly_0,-1.9151535,0.12840298,0.24784073
real,00020286_028.png,20286,,cardiomegaly_0,-1.8848171,0.13183655,0.25898215
real,00020286_023.png,20286,,cardiomegaly_0,-2.4091034,0.082481146,0.27386478
real,00020286_026.png,20286,,cardiomegaly_0,-2.7547016,0.05982167,0.31475973
real,00020312_018.png,20312,,cardiomegaly_0,-4.235758,0.01426248,0.65671635
real,00020318_035.png,20318,,cardiomegaly_0,-4.048893,0.017142674,0.6969965
real,00020318_002.png,20318,,cardiomegaly_0,-0.5631237,0.362825,0.1684858
real,00020318_003.png,20318,,cardiomegaly_0,-2.0508366,0.11396787,0.2872631
real,00020318_004.png,20318,,cardiomegaly_0,-3.2897873,0.035923213,0.48506272
real,00020318_006.png,20318,,cardiomegaly_0,-3.1612968,0.040648453,0.4978766
real,00020318_008.png,20318,,cardiomegaly_0,-3.2681694,0.036679454,0.4508878
real,00020318_010.png,20318,,cardiomegaly_0,-2.2822876,0.092600554,0.3091949
real,00020318_011.png,20318,,cardiomegaly_0,-2.8055134,0.05702697,0.38399935
real,00020318_012.png,20318,,cardiomegaly_0,-2.5070667,0.075364254,0.32651326
real,00020318_014.png,20318,,cardiomegaly_0,-2.8497982,0.054691747,0.43845692
real,00020318_015.png,20318,,cardiomegaly_0,-2.3092422,0.09036041,0.36704266
real,00020318_017.png,20318,,cardiomegaly_0,-3.274643,0.036451403,0.5568242
real,00020318_018.png,20318,,cardiomegaly_0,-2.718748,0.061876092,0.41561309
real,00020318_019.png,20318,,cardiomegaly_0,-3.2793407,0.03628676,0.5548008
real,00020318_020.png,20318,,cardiomegaly_0,-3.394514,0.032467354,0.57307786
real,00020318_021.png,20318,,cardiomegaly_0,-3.9769287,0.018398276,0.6928122
real,00020318_022.png,20318,,cardiomegaly_0,-3.8225613,0.021403575,0.71852475
real,00020318_023.png,20318,,cardiomegaly_0,-3.4390678,0.031096559,0.61407787
real,00020382_000.png,20382,,cardiomegaly_0,-2.8878365,0.05275814,0.36874455
real,00020393_003.png,20393,,cardiomegaly_0,-4.4794025,0.011213029,0.7147499
real,00020393_004.png,20393,,cardiomegaly_0,-4.5905933,0.010044912,0.831008
real,00020399_000.png,20399,,cardiomegaly_0,-3.6261292,0.025928825,0.6395812
real,00020428_000.png,20428,,cardiomegaly_0,2.0485268,0.88579863,0.18649818
real,00020485_000.png,20485,,cardiomegaly_0,-5.141281,0.0058161644,0.94105804
real,00020629_006.png,20629,,cardiomegaly_0,-2.344843,0.08747656,0.34324443
real,00020629_007.png,20629,,cardiomegaly_0,-3.8671322,0.020489665,0.64608216
real,00020629_008.png,20629,,cardiomegaly_0,-4.059803,0.01695982,0.7124734
real,00020629_011.png,20629,,cardiomegaly_0,5.5792904,0.99623895,0.9493937
real,00020629_012.png,20629,,cardiomegaly_0,5.6900635,0.99663204,0.9437902
real,00020629_014.png,20629,,cardiomegaly_0,-2.2676716,0.09383602,0.26400927
real,00020629_016.png,20629,,cardiomegaly_0,-4.0628777,0.016908634,0.7307872
real,00020642_002.png,20642,,cardiomegaly_0,-2.4615993,0.07859444,0.24477933
real,00020642_003.png,20642,,cardiomegaly_0,-3.4620495,0.030411543,0.50045055
real,00020671_000.png,20671,,cardiomegaly_0,-2.974228,0.048603844,0.4951416
real,00020671_003.png,20671,,cardiomegaly_0,-3.037466,0.045761697,0.472901
real,00020671_004.png,20671,,cardiomegaly_0,-1.7257957,0.15112615,0.16702843
real,00020671_005.png,20671,,cardiomegaly_0,-3.3761272,0.033049937,0.5007642
real,00020671_006.png,20671,,cardiomegaly_0,-3.0262241,0.046255115,0.4436105
real,00020671_008.png,20671,,cardiomegaly_0,-2.7256775,0.06147508,0.39294377
real,00020671_009.png,20671,,cardiomegaly_0,-3.7847595,0.022209844,0.70304745
real,00020671_010.png,20671,,cardiomegaly_0,-3.5715904,0.02734248,0.6486073
real,00020671_015.png,20671,,cardiomegaly_0,-1.5487404,0.17526828,0.22108933
real,00020671_016.png,20671,,cardiomegaly_0,-1.6364975,0.16294222,0.28668442
real,00020671_017.png,20671,,cardiomegaly_0,-2.5963783,0.069371864,0.39865214
real,00020671_018.png,20671,,cardiomegaly_0,-2.9706306,0.04877046,0.48576587
real,00020683_000.png,20683,,cardiomegaly_0,-3.8246422,0.021360036,0.5581631
real,00020683_001.png,20683,,cardiomegaly_0,-3.4756641,0.030012647,0.41754255
real,00020758_001.png,20758,,cardiomegaly_0,5.7018566,0.9966714,0.9429635
real,00020810_004.png,20810,,cardiomegaly_0,-4.005993,0.017880665,0.6068182
real,00020811_013.png,20811,,cardiomegaly_0,-3.6315231,0.025792938,0.56050545
real,00020811_014.png,20811,,cardiomegaly_0,-4.071823,0.016760578,0.60934037
real,00020811_004.png,20811,,cardiomegaly_0,-4.3451004,0.012804134,0.7422429
real,00020811_008.png,20811,,cardiomegaly_0,-3.104391,0.042926494,0.36833498
real,00020819_002.png,20819,,cardiomegaly_0,6.1878376,0.99795,0.981986
real,00020819_006.png,20819,,cardiomegaly_0,-3.704401,0.024023617,0.6557647
real,00020819_010.png,20819,,cardiomegaly_0,5.3078556,0.9950718,0.95088226
real,00020819_012.png,20819,,cardiomegaly_0,4.4973145,0.9889838,0.90346134
real,00020819_013.png,20819,,cardiomegaly_0,1.5540352,0.8254958,0.27872056
real,00020819_014.png,20819,,cardiomegaly_0,0.7049465,0.66928357,0.21030828
real,00020819_015.png,20819,,cardiomegaly_0,1.1195126,0.75389826,0.18409342
real,00020819_016.png,20819,,cardiomegaly_0,0.97771645,0.7266548,0.24276157
real,00020869_007.png,20869,,cardiomegaly_0,-3.9009094,0.01982263,0.6295348
real,00020880_002.png,20880,,cardiomegaly_0,-3.67939,0.024617072,0.47364697
real,00020880_004.png,20880,,cardiomegaly_0,-3.4793549,0.029905392,0.54334706
real,00020928_001.png,20928,,cardiomegaly_0,-2.6710606,0.06470276,0.45269972
real,00020934_000.png,20934,,cardiomegaly_0,-1.0182838,0.26536182,0.11617967
real,00021023_005.png,21023,,cardiomegaly_0,-3.0509224,0.04517767,0.2837069
real,00021023_007.png,21023,,cardiomegaly_0,-3.6523724,0.025274193,0.49005905
real,00021023_020.png,21023,,cardiomegaly_0,-3.8515205,0.020805344,0.6129926
real,00021107_001.png,21107,,cardiomegaly_0,7.141083,0.99920875,0.9781346
real,00021107_002.png,21107,,cardiomegaly_0,6.7151623,0.99878913,0.95279026
real,00021200_003.png,21200,,cardiomegaly_0,7.3593426,0.99936384,0.98877895
real,00021245_002.png,21245,,cardiomegaly_0,-1.7737637,0.1450749,0.1712986
real,00021245_003.png,21245,,cardiomegaly_0,-0.8739662,0.2944297,0.11472743
real,00021260_005.png,21260,,cardiomegaly_0,-1.7312183,0.1504318,0.21373464
real,00021362_003.png,21362,,cardiomegaly_0,-1.1490173,0.2406686,0.178484
real,00021362_004.png,21362,,cardiomegaly_0,4.2892475,0.9864703,0.7382096
real,00021362_005.png,21362,,cardiomegaly_0,2.420824,0.91840154,0.28078339
real,00021398_000.png,21398,,cardiomegaly_0,-3.5066586,0.029123368,0.5715983
real,00021398_001.png,21398,,cardiomegaly_0,-2.9970894,0.04755754,0.32904625
real,00021409_003.png,21409,,cardiomegaly_0,-1.955801,0.123922184,0.27814054
real,00021409_004.png,21409,,cardiomegaly_0,-0.30776024,0.4236615,0.13821271
real,00021409_005.png,21409,,cardiomegaly_0,2.6975021,0.93687904,0.45683897
real,00021409_009.png,21409,,cardiomegaly_0,-2.3489513,0.08714916,0.3357997
real,00021455_000.png,21455,,cardiomegaly_0,-4.00988,0.01781253,0.7342359
real,00021455_001.png,21455,,cardiomegaly_0,-3.9214592,0.019427266,0.7083158
real,00021455_005.png,21455,,cardiomegaly_0,-0.7773285,0.31489593,0.2143633
real,00021455_006.png,21455,,cardiomegaly_0,-1.0400372,0.26114282,0.24485125
real,00021455_007.png,21455,,cardiomegaly_0,-0.7675266,0.31701437,0.2573137
real,00021455_009.png,21455,,cardiomegaly_0,-3.0051403,0.04719419,0.5540941
real,00021495_002.png,21495,,cardiomegaly_0,-4.2562027,0.013977881,0.79860044
real,00021495_006.png,21495,,cardiomegaly_0,-4.010666,0.017798787,0.71356577
real,00021495_007.png,21495,,cardiomegaly_0,-3.3369446,0.03432529,0.5068622
real,00021495_008.png,21495,,cardiomegaly_0,-3.938654,0.019102402,0.6505639
real,00021648_009.png,21648,,cardiomegaly_0,-3.9541988,0.018813297,0.6985466
real,00021649_001.png,21649,,cardiomegaly_0,-4.3952007,0.012186071,0.7403303
real,00021684_000.png,21684,,cardiomegaly_0,-4.066965,0.016840823,0.6831191
real,00021707_003.png,21707,,cardiomegaly_0,-3.8786488,0.020259801,0.6924712
real,00021707_004.png,21707,,cardiomegaly_0,-3.0490532,0.04525837,0.3973651
real,00021803_000.png,21803,,cardiomegaly_0,-4.3375683,0.012899691,0.7174525
real,00021803_001.png,21803,,cardiomegaly_0,-4.673937,0.0092491,0.83293617
real,00021845_000.png,21845,,cardiomegaly_0,1.8363991,0.8625223,0.29986042
real,00021845_003.png,21845,,cardiomegaly_0,-4.217598,0.014520055,0.7934714
real,00021972_025.png,21972,,cardiomegaly_0,-0.60982704,0.35209864,0.13190998
real,00021972_027.png,21972,,cardiomegaly_0,-1.7363625,0.14977556,0.23446918
real,00021972_028.png,21972,,cardiomegaly_0,-2.732233,0.06109794,0.4312314
real,00021972_029.png,21972,,cardiomegaly_0,-3.309843,0.03523505,0.5942102
real,00021972_030.png,21972,,cardiomegaly_0,-2.1691208,0.102557935,0.2961639
real,00021972_032.png,21972,,cardiomegaly_0,-2.8951645,0.05239312,0.36644125
real,00021972_001.png,21972,,cardiomegaly_0,-2.5660477,0.07135576,0.37090307
real,00021972_003.png,21972,,cardiomegaly_0,-3.2730923,0.036505908,0.5663794
real,00021972_005.png,21972,,cardiomegaly_0,-2.3283691,0.088800535,0.32096946
real,00021972_007.png,21972,,cardiomegaly_0,-3.2158108,0.03857505,0.47264743
real,00021972_009.png,21972,,cardiomegaly_0,0.20194817,0.55031615,0.12383967
real,00021972_010.png,21972,,cardiomegaly_0,1.6388798,0.8373825,0.31339332
real,00021976_004.png,21976,,cardiomegaly_0,-3.0021343,0.047329545,0.3784826
real,00021976_005.png,21976,,cardiomegaly_0,-4.027729,0.01750293,0.58903915
real,00021976_006.png,21976,,cardiomegaly_0,-3.608307,0.026382774,0.44030026
real,00021976_007.png,21976,,cardiomegaly_0,-3.8293324,0.02126221,0.5714689
real,00021976_008.png,21976,,cardiomegaly_0,-3.9066906,0.019710613,0.6042689
real,00021976_009.png,21976,,cardiomegaly_0,-3.6682243,0.024886599,0.48591948
real,00021976_010.png,21976,,cardiomegaly_0,-4.0241833,0.01756401,0.60910434
real,00021976_011.png,21976,,cardiomegaly_0,-3.9234734,0.019388936,0.550801
real,00021976_013.png,21976,,cardiomegaly_0,-4.0777836,0.016662633,0.6219747
real,00021976_012.png,21976,,cardiomegaly_0,-3.7587337,0.022782117,0.5460981
real,00022147_005.png,22147,,cardiomegaly_0,4.465109,0.9886274,0.7626691
real,00022147_000.png,22147,,cardiomegaly_0,-0.4622631,0.38644907,0.073311694
real,00022155_003.png,22155,,cardiomegaly_0,-3.4731293,0.030086527,0.50511
real,00022155_004.png,22155,,cardiomegaly_0,-3.1208992,0.042253368,0.42176047
real,00022155_005.png,22155,,cardiomegaly_0,-2.1824932,0.10133366,0.24438691
real,00022155_008.png,22155,,cardiomegaly_0,-3.3253021,0.0347133,0.4458839
real,00022155_010.png,22155,,cardiomegaly_0,-2.3966255,0.08343038,0.2444022
real,00022155_011.png,22155,,cardiomegaly_0,-3.6862411,0.024453102,0.50891125
real,00022155_013.png,22155,,cardiomegaly_0,-0.8583584,0.29768243,0.09550727
real,00022155_021.png,22155,,cardiomegaly_0,-0.42961884,0.39421737,0.21909206
real,00022175_001.png,22175,,cardiomegaly_0,1.130043,0.7558468,0.13744415
real,00022341_005.png,22341,,cardiomegaly_0,2.8019924,0.9427834,0.45744178
real,00022574_000.png,22574,,cardiomegaly_0,-4.75058,0.008572556,0.8238988
real,00022651_001.png,22651,,cardiomegaly_0,-0.07933617,0.48017636,0.2023762
real,00022651_003.png,22651,,cardiomegaly_0,0.48626518,0.6192262,0.16818002
real,00022651_004.png,22651,,cardiomegaly_0,-2.4537106,0.07916762,0.40570092
real,00022651_005.png,22651,,cardiomegaly_0,-0.5442867,0.36719096,0.15181361
real,00022651_006.png,22651,,cardiomegaly_0,-3.1134033,0.042557754,0.57805157
real,00022651_007.png,22651,,cardiomegaly_0,-3.303936,0.03543641,0.56761885
real,00022651_008.png,22651,,cardiomegaly_0,-3.504467,0.029185398,0.62616736
real,00022651_009.png,22651,,cardiomegaly_0,-3.8036976,0.021802275,0.6517503
real,00022651_010.png,22651,,cardiomegaly_0,-3.831646,0.021214118,0.71236575
real,00022651_013.png,22651,,cardiomegaly_0,-1.2329369,0.22566782,0.13808776
real,00022651_015.png,22651,,cardiomegaly_0,-2.6311054,0.06716316,0.29525363
real,00022651_016.png,22651,,cardiomegaly_0,-3.3108902,0.035199475,0.46602884
real,00022651_017.png,22651,,cardiomegaly_0,-3.4652157,0.030318318,0.51982033
real,00022651_018.png,22651,,cardiomegaly_0,-3.3996296,0.032307044,0.5201025
real,00022651_019.png,22651,,cardiomegaly_0,-3.1156101,0.042467926,0.3687162
real,00022651_023.png,22651,,cardiomegaly_0,-0.9235153,0.28424215,0.104179256
real,00022677_002.png,22677,,cardiomegaly_0,6.2756805,0.99812204,0.9609075
real,00022716_000.png,22716,,cardiomegaly_0,-2.639782,0.066621594,0.34309804
real,00022789_000.png,22789,,cardiomegaly_0,-2.5658054,0.07137181,0.3729281
real,00022789_001.png,22789,,cardiomegaly_0,-3.9921074,0.018126147,0.6366131
real,00022818_000.png,22818,,cardiomegaly_0,-4.661377,0.009364906,0.8345245
real,00022883_002.png,22883,,cardiomegaly_0,-0.9731693,0.27424923,0.102302775
real,00022883_011.png,22883,,cardiomegaly_0,-4.0543995,0.017050143,0.56925267
real,00022883_012.png,22883,,cardiomegaly_0,-2.9578304,0.04936773,0.3533664
real,00023073_008.png,23073,,cardiomegaly_0,-4.3893185,0.012257084,0.8537437
real,00023093_007.png,23093,,cardiomegaly_0,5.400051,0.99550396,0.9129299
real,00023093_009.png,23093,,cardiomegaly_0,7.5364037,0.99946696,0.9874256
real,00023093_011.png,23093,,cardiomegaly_0,5.4306793,0.99563897,0.8979616
real,00023093_012.png,23093,,cardiomegaly_0,7.774889,0.99957997,0.986624
real,00023093_017.png,23093,,cardiomegaly_0,7.0603466,0.9991423,0.97464377
real,00023097_000.png,23097,,cardiomegaly_0,-3.968029,0.018559692,0.7957413
real,00023097_001.png,23097,,cardiomegaly_0,-3.7283401,0.023468679,0.71428496
real,00023097_002.png,23097,,cardiomegaly_0,-3.9582691,0.018738309,0.7546468
real,00023097_007.png,23097,,cardiomegaly_0,-4.6163635,0.009791861,0.8589753
real,00023156_002.png,23156,,cardiomegaly_0,-2.0378723,0.11528356,0.35588098
real,00023156_004.png,23156,,cardiomegaly_0,-0.32015228,0.42063865,0.17289205
real,00023156_005.png,23156,,cardiomegaly_0,-2.6308765,0.067177504,0.46303532
real,00023156_010.png,23156,,cardiomegaly_0,-3.2180042,0.038493786,0.45524862
real,00023156_013.png,23156,,cardiomegaly_0,-3.503065,0.029225145,0.6525184
real,00023156_014.png,23156,,cardiomegaly_0,-3.5774155,0.027187994,0.56663215
real,00023156_020.png,23156,,cardiomegaly_0,-4.1336365,0.015771765,0.7627315
real,00023156_021.png,23156,,cardiomegaly_0,-3.009634,0.04699253,0.5397597
real,00023156_022.png,23156,,cardiomegaly_0,-4.292223,0.013490024,0.83769155
real,00023176_017.png,23176,,cardiomegaly_0,5.9561577,0.99741685,0.96710944
real,00023196_003.png,23196,,cardiomegaly_0,6.0954514,0.997752,0.96664095
real,00023319_000.png,23319,,cardiomegaly_0,-4.3364067,0.01291449,0.77483845
real,00023325_013.png,23325,,cardiomegaly_0,4.252844,0.9859758,0.80150515
real,00023325_014.png,23325,,cardiomegaly_0,6.7067013,0.99877876,0.9837012
real,00024073_000.png,24073,,cardiomegaly_0,-2.9338875,0.05050358,0.39907646
real,00024116_001.png,24116,,cardiomegaly_0,-2.2872524,0.09218423,0.23197672
real,00024264_000.png,24264,,cardiomegaly_0,-1.0497913,0.25926515,0.21442635
real,00024692_001.png,24692,,cardiomegaly_0,4.027649,0.98249567,0.756963
real,00024749_000.png,24749,,cardiomegaly_0,-4.152445,0.015482445,0.7183124
real,00025252_000.png,25252,,cardiomegaly_0,-2.667202,0.06493666,0.34407195
real,00025252_001.png,25252,,cardiomegaly_0,-3.1015167,0.04304474,0.45834267
real,00025261_000.png,25261,,cardiomegaly_0,-4.244684,0.014137526,0.78911483
real,00025261_001.png,25261,,cardiomegaly_0,-4.066147,0.016854377,0.62836266
real,00025261_002.png,25261,,cardiomegaly_0,-3.5225315,0.028677898,0.47606575
real,00025261_004.png,25261,,cardiomegaly_0,-3.5992508,0.026616398,0.48468736
real,00025290_032.png,25290,,cardiomegaly_0,5.3005657,0.99503595,0.89730406
real,00025416_001.png,25416,,cardiomegaly_0,-0.9446869,0.27995458,0.07722653
real,00025517_000.png,25517,,cardiomegaly_0,-2.5729542,0.07089946,0.23471366
real,00025527_009.png,25527,,cardiomegaly_0,-3.9692764,0.018536985,0.745382
real,00025635_000.png,25635,,cardiomegaly_0,-2.6514568,0.065899275,0.46322587
real,00025635_001.png,25635,,cardiomegaly_0,-0.12979507,0.46759668,0.11445349
real,00025635_008.png,25635,,cardiomegaly_0,-0.17005348,0.45758882,0.13382113
real,00025688_001.png,25688,,cardiomegaly_0,-3.7514477,0.022944896,0.5043946
real,00025688_002.png,25688,,cardiomegaly_0,-4.2133636,0.01458077,0.7558731
real,00025696_000.png,25696,,cardiomegaly_0,6.677006,0.99874204,0.98393285
real,00025696_001.png,25696,,cardiomegaly_0,3.6667328,0.97507715,0.78207964
real,00025707_008.png,25707,,cardiomegaly_0,-2.977394,0.04845764,0.3004876
real,00025707_010.png,25707,,cardiomegaly_0,-3.8153038,0.021556119,0.511849
real,00025707_013.png,25707,,cardiomegaly_0,-2.2834148,0.09250588,0.18565346
real,00025784_000.png,25784,,cardiomegaly_0,1.8412628,0.86309797,0.25576282
real,00025784_001.png,25784,,cardiomegaly_0,-0.92401123,0.2841413,0.11704136
real,00025832_007.png,25832,,cardiomegaly_0,-2.78648,0.058059163,0.26391548
real,00025924_003.png,25924,,cardiomegaly_0,-4.1733704,0.015166698,0.75562805
real,00025924_006.png,25924,,cardiomegaly_0,-4.563181,0.010321195,0.87537324
real,00025924_016.png,25924,,cardiomegaly_0,-4.1627426,0.01532626,0.7818883
real,00025924_025.png,25924,,cardiomegaly_0,-3.3579445,0.03363597,0.5485241
real,00025924_026.png,25924,,cardiomegaly_0,-3.918148,0.019490445,0.66245073
real,00025924_027.png,25924,,cardiomegaly_0,-4.4631386,0.011394794,0.8257819
real,00026657_000.png,26657,,cardiomegaly_0,-2.4192448,0.08171692,0.19251649
real,00026715_002.png,26715,,cardiomegaly_0,6.3667755,0.99828523,0.98798966
real,00026715_003.png,26715,,cardiomegaly_0,6.231043,0.99803644,0.9845675
real,00026715_004.png,26715,,cardiomegaly_0,6.494852,0.99849105,0.9874338
real,00026738_005.png,26738,,cardiomegaly_0,-4.154667,0.015448613,0.7000768
real,00026751_000.png,26751,,cardiomegaly_0,-2.924677,0.050947085,0.32595995
real,00026815_000.png,26815,,cardiomegaly_0,-4.178728,0.015086877,0.6954735
real,00026815_002.png,26815,,cardiomegaly_0,-4.8675785,0.0076332544,0.85293174
real,00026889_000.png,26889,,cardiomegaly_0,0.3758316,0.5928673,0.1846068
real,00026889_001.png,26889,,cardiomegaly_0,-1.4915543,0.18368855,0.18998612
real,00026889_002.png,26889,,cardiomegaly_0,-2.3899689,0.08394083,0.32082108
real,00026911_006.png,26911,,cardiomegaly_0,-3.274273,0.0364644,0.44336933
real,00026912_000.png,26912,,cardiomegaly_0,-5.028944,0.0065031513,0.8654452
real,00026913_000.png,26913,,cardiomegaly_0,-4.6982765,0.009028706,0.82276267
real,00026967_002.png,26967,,cardiomegaly_0,-2.246786,0.09562705,0.17906477
real,00026999_000.png,26999,,cardiomegaly_0,-4.3348236,0.012934687,0.7931563
real,00027011_000.png,27011,,cardiomegaly_0,-4.4664917,0.011357082,0.7979014
real,00027061_001.png,27061,,cardiomegaly_0,7.559084,0.999479,0.98580915
real,00027092_004.png,27092,,cardiomegaly_0,-1.5295734,0.1780561,0.15733884
real,00027092_005.png,27092,,cardiomegaly_0,-1.7349072,0.14996096,0.20994228
real,00027092_006.png,27092,,cardiomegaly_0,-3.8278599,0.021292875,0.6712488
real,00027142_008.png,27142,,cardiomegaly_0,-3.529562,0.028482705,0.45246345
real,00027142_009.png,27142,,cardiomegaly_0,-3.4245453,0.031537108,0.45159924
real,00027306_000.png,27306,,cardiomegaly_0,-4.5800266,0.010150533,0.7782062
real,00027389_002.png,27389,,cardiomegaly_0,6.423319,0.99837935,0.9539542
real,00027389_003.png,27389,,cardiomegaly_0,7.2891445,0.9993175,0.98661315
real,00027420_002.png,27420,,cardiomegaly_0,-3.594473,0.026740462,0.68582094
real,00027420_003.png,27420,,cardiomegaly_0,-4.0703545,0.016784798,0.70172834
real,00027422_003.png,27422,,cardiomegaly_0,-3.395874,0.032424662,0.46447077
real,00027441_025.png,27441,,cardiomegaly_0,-3.9430428,0.019020341,0.5786275
real,00027474_005.png,27474,,cardiomegaly_0,-2.5029068,0.075654656,0.2702602
real,00027474_007.png,27474,,cardiomegaly_0,-2.6798706,0.06417165,0.32255495
real,00027474_008.png,27474,,cardiomegaly_0,-3.278431,0.036318593,0.43227404
real,00027474_009.png,27474,,cardiomegaly_0,-4.191162,0.014903227,0.67407995
real,00027485_001.png,27485,,cardiomegaly_0,-1.535881,0.17713484,0.19758025
real,00027514_008.png,27514,,cardiomegaly_0,-4.530962,0.0106555475,0.81712574
real,00027618_006.png,27618,,cardiomegaly_0,1.0640049,0.7434551,0.19628276
real,00027618_008.png,27618,,cardiomegaly_0,-3.2117882,0.03872451,0.2941142
real,00027618_009.png,27618,,cardiomegaly_0,-2.85326,0.054513045,0.26963034
real,00027815_001.png,27815,,cardiomegaly_0,3.793991,0.97798973,0.5126083
real,00027907_001.png,27907,,cardiomegaly_0,6.9759808,0.9990669,0.9759828
real,00028013_004.png,28013,,cardiomegaly_0,-3.9942245,0.018088503,0.6673238
real,00028013_005.png,28013,,cardiomegaly_0,-2.0114193,0.11800918,0.19459648
real,00028013_006.png,28013,,cardiomegaly_0,-3.603796,0.026498891,0.56152433
real,00028013_010.png,28013,,cardiomegaly_0,-4.161146,0.015350372,0.75940233
real,00028013_011.png,28013,,cardiomegaly_0,-4.224758,0.014417954,0.7393807
real,00028013_013.png,28013,,cardiomegaly_0,-4.066908,0.016841771,0.7887149
real,00028018_000.png,28018,,cardiomegaly_0,6.733341,0.9988109,0.96028405
real,00028027_000.png,28027,,cardiomegaly_0,3.0611668,0.9552622,0.49937502
real,00028027_003.png,28027,,cardiomegaly_0,-3.7447147,0.023096321,0.6728009
real,00028027_004.png,28027,,cardiomegaly_0,-3.4846954,0.02975084,0.6711768
real,00028036_000.png,28036,,cardiomegaly_0,-1.9075031,0.12926163,0.279737
real,00028105_000.png,28105,,cardiomegaly_0,-3.480465,0.029873203,0.6087363
real,00028148_005.png,28148,,cardiomegaly_0,-3.0385094,0.04571616,0.4467058
real,00028148_006.png,28148,,cardiomegaly_0,-4.1799526,0.015068693,0.73421687
real,00028148_008.png,28148,,cardiomegaly_0,-4.3052444,0.013317827,0.6854257
real,00028148_010.png,28148,,cardiomegaly_0,-1.7110481,0.15302782,0.22003184
real,00028148_013.png,28148,,cardiomegaly_0,-3.157957,0.040778887,0.41454795
real,00028148_014.png,28148,,cardiomegaly_0,-2.9157276,0.051381543,0.3923468
real,00028148_011.png,28148,,cardiomegaly_0,-3.4045296,0.032154206,0.49735582
real,00028148_012.png,28148,,cardiomegaly_0,-2.28442,0.09242153,0.2991627
real,00028148_017.png,28148,,cardiomegaly_0,-3.44882,0.030804068,0.59219813
real,00028256_003.png,28256,,cardiomegaly_0,-3.390503,0.032593593,0.57477826
real,00028256_001.png,28256,,cardiomegaly_0,-2.069088,0.11213781,0.28006107
real,00028256_004.png,28256,,cardiomegaly_0,-3.260971,0.036934655,0.5467812
real,00028256_005.png,28256,,cardiomegaly_0,-4.152874,0.015475906,0.7217832
real,00028274_000.png,28274,,cardiomegaly_0,-4.1988125,0.0147913275,0.8101135
real,00028392_001.png,28392,,cardiomegaly_0,-4.4651375,0.011372297,0.8199391
real,00028392_004.png,28392,,cardiomegaly_0,-4.6254826,0.009703838,0.83676666
real,00028392_005.png,28392,,cardiomegaly_0,-2.5731964,0.0708835,0.33604673
real,00028412_000.png,28412,,cardiomegaly_0,-2.340269,0.08784235,0.31857768
real,00028558_000.png,28558,,cardiomegaly_0,-3.46657,0.030278534,0.5162722
real,00028625_000.png,28625,,cardiomegaly_0,-2.0448914,0.1145696,0.19422166
real,00028628_006.png,28628,,cardiomegaly_0,-2.6634502,0.065164834,0.319719
real,00028628_007.png,28628,,cardiomegaly_0,-3.4334183,0.03126723,0.45968148
real,00028628_008.png,28628,,cardiomegaly_0,-2.8592186,0.054206748,0.34724897
real,00028628_009.png,28628,,cardiomegaly_0,-3.5805626,0.027104877,0.49323806
real,00028628_010.png,28628,,cardiomegaly_0,-3.824133,0.021370683,0.54470116
real,00028628_016.png,28628,,cardiomegaly_0,-3.0644112,0.044599365,0.3894859
real,00028628_017.png,28628,,cardiomegaly_0,-2.4205399,0.08161978,0.28015172
real,00028628_022.png,28628,,cardiomegaly_0,-2.9576836,0.049374618,0.39031887
real,00028703_000.png,28703,,cardiomegaly_0,-4.524645,0.0107223485,0.85721564
real,00028764_004.png,28764,,cardiomegaly_0,-4.781397,0.008314568,0.90782833
real,00028766_000.png,28766,,cardiomegaly_0,-0.83273697,0.30306664,0.121968
real,00028772_000.png,28772,,cardiomegaly_0,-2.3391418,0.087932706,0.31118226
real,00028811_000.png,28811,,cardiomegaly_0,-3.2102718,0.038781,0.5699826
real,00028811_001.png,28811,,cardiomegaly_0,-2.5367317,0.07332293,0.36389062
real,00028811_002.png,28811,,cardiomegaly_0,-3.5548038,0.02779248,0.67764366
real,00028811_006.png,28811,,cardiomegaly_0,-3.6840076,0.02450644,0.7225192
real,00028811_007.png,28811,,cardiomegaly_0,-4.3198147,0.013127719,0.82207954
real,00028882_005.png,28882,,cardiomegaly_0,-4.517906,0.010794063,0.73890173
real,00028897_002.png,28897,,cardiomegaly_0,-5.0233364,0.0065394817,0.89528066
real,00028897_003.png,28897,,cardiomegaly_0,-4.8887043,0.0074748797,0.86244863
real,00028897_011.png,28897,,cardiomegaly_0,-2.8117142,0.056694433,0.34872368
real,00028897_012.png,28897,,cardiomegaly_0,-0.52625084,0.37139177,0.17503086
real,00028897_013.png,28897,,cardiomegaly_0,-2.4927921,0.076365024,0.2867433
real,00028897_015.png,28897,,cardiomegaly_0,-3.032959,0.04595891,0.3844975
real,00028897_016.png,28897,,cardiomegaly_0,-2.3356285,0.0882149,0.27027878
real,00028897_018.png,28897,,cardiomegaly_0,-3.1474552,0.041191667,0.45349094
real,00028897_019.png,28897,,cardiomegaly_0,-2.9229145,0.05103237,0.42509606
real,00028934_001.png,28934,,cardiomegaly_0,-1.9264927,0.12713929,0.19230345
real,00029021_000.png,29021,,cardiomegaly_0,-3.079668,0.04395376,0.4357775
real,00029022_000.png,29022,,cardiomegaly_0,-2.2995949,0.09115652,0.34358707
real,00029031_000.png,29031,,cardiomegaly_0,-4.401472,0.01211081,0.7976553
real,00029058_004.png,29058,,cardiomegaly_0,-3.5746708,0.027260678,0.5890293
real,00029105_001.png,29105,,cardiomegaly_0,5.3148766,0.9951062,0.9613627
real,00029105_002.png,29105,,cardiomegaly_0,5.9992313,0.9975255,0.9824973
real,00029105_007.png,29105,,cardiomegaly_0,0.90973663,0.7129463,0.2961651
real,00029105_009.png,29105,,cardiomegaly_0,5.502695,0.9959408,0.9730338
real,00029105_010.png,29105,,cardiomegaly_0,2.9044266,0.9480648,0.6965222
real,00029105_011.png,29105,,cardiomegaly_0,2.327774,0.9111513,0.5569937
real,00029105_014.png,29105,,cardiomegaly_0,-1.25877,0.22118571,0.20507272
real,00029105_015.png,29105,,cardiomegaly_0,-1.2347603,0.22534935,0.25309458
real,00029225_000.png,29225,,cardiomegaly_0,7.0249367,0.99911135,0.98573065
real,00029297_000.png,29297,,cardiomegaly_0,-4.804487,0.008126323,0.8727948
real,00029297_003.png,29297,,cardiomegaly_0,-1.7746716,0.14496233,0.17680655
real,00029297_004.png,29297,,cardiomegaly_0,-3.5420132,0.028140178,0.48672616
real,00029297_005.png,29297,,cardiomegaly_0,-3.2213135,0.03837149,0.5501489
real,00029459_002.png,29459,,cardiomegaly_0,2.4361248,0.9195409,0.43146244
real,00029459_004.png,29459,,cardiomegaly_0,6.3108444,0.99818677,0.97452474
real,00029500_000.png,29500,,cardiomegaly_0,6.9174843,0.9990107,0.9884792
real,00029510_000.png,29510,,cardiomegaly_0,5.4599667,0.99576426,0.92156595
real,00029551_000.png,29551,,cardiomegaly_0,-3.265871,0.03676075,0.48597434
real,00029551_003.png,29551,,cardiomegaly_0,-3.4871578,0.029679846,0.5544458
real,00029551_004.png,29551,,cardiomegaly_0,-3.055645,0.04497439,0.4299474
real,00029551_005.png,29551,,cardiomegaly_0,-2.4142532,0.082092255,0.2852182
real,00029552_000.png,29552,,cardiomegaly_0,5.5625,0.9961755,0.9287049
real,00029579_000.png,29579,,cardiomegaly_0,-1.3926811,0.19898008,0.16205391
real,00029579_004.png,29579,,cardiomegaly_0,-1.0313244,0.26282743,0.19866884
real,00029579_005.png,29579,,cardiomegaly_0,-0.11355209,0.47164243,0.152862
real,00029579_009.png,29579,,cardiomegaly_0,-1.9133949,0.12859993,0.24860427
real,00029579_014.png,29579,,cardiomegaly_0,-3.7539444,0.022888986,0.59556496
real,00029579_012.png,29579,,cardiomegaly_0,-3.307396,0.035318337,0.56271833
real,00029579_015.png,29579,,cardiomegaly_0,-3.731369,0.023399362,0.6426918
real,00029631_004.png,29631,,cardiomegaly_0,0.66285706,0.65990186,0.25157377
real,00029631_006.png,29631,,cardiomegaly_0,-4.2078648,0.014659989,0.8087707
real,00029631_007.png,29631,,cardiomegaly_0,-3.9592476,0.018720327,0.7525516
real,00029631_012.png,29631,,cardiomegaly_0,-3.7813969,0.022282986,0.6698966
real,00029631_013.png,29631,,cardiomegaly_0,-3.4342823,0.031241069,0.5652198
real,00029747_002.png,29747,,cardiomegaly_0,-4.373001,0.012456216,0.760079
real,00029756_000.png,29756,,cardiomegaly_0,-4.5414352,0.010545702,0.7636214
real,00029794_000.png,29794,,cardiomegaly_0,7.205305,0.99925786,0.9775634
real,00029821_013.png,29821,,cardiomegaly_0,-0.077215195,0.48070577,0.14598732
real,00029821_014.png,29821,,cardiomegaly_0,6.124258,0.9978156,0.96233654
real,00029839_008.png,29839,,cardiomegaly_0,-4.0937157,0.016403588,0.80050904
real,00029839_009.png,29839,,cardiomegaly_0,-4.544298,0.01051587,0.82817984
real,00029943_002.png,29943,,cardiomegaly_0,-3.497223,0.029391348,0.6521796
real,00029943_004.png,29943,,cardiomegaly_0,-4.2195644,0.014491943,0.8205262
real,00029943_005.png,29943,,cardiomegaly_0,-4.007599,0.017852483,0.76761454
real,00029943_007.png,29943,,cardiomegaly_0,-4.392853,0.012214366,0.82550347
real,00029943_006.png,29943,,cardiomegaly_0,-3.4899158,0.029600522,0.6457361
real,00029943_008.png,29943,,cardiomegaly_0,-3.8889008,0.020057304,0.70700496
real,00029981_004.png,29981,,cardiomegaly_0,3.7915745,0.9779377,0.76233333
real,00029981_007.png,29981,,cardiomegaly_0,0.59921265,0.64547616,0.15821351
real,00030059_009.png,30059,,cardiomegaly_0,1.178978,0.76476395,0.31667504
real,00030059_011.png,30059,,cardiomegaly_0,-1.563097,0.17320271,0.27242428
real,00030070_000.png,30070,,cardiomegaly_0,-3.4772034,0.029967872,0.5960214
real,00030153_004.png,30153,,cardiomegaly_0,-3.1431618,0.04136157,0.47942862
real,00030162_023.png,30162,,cardiomegaly_0,-3.6005287,0.026583306,0.549179
real,00030183_004.png,30183,,cardiomegaly_0,-3.7588024,0.022780588,0.6822173
real,00030183_005.png,30183,,cardiomegaly_0,-4.087593,0.016502665,0.7531297
real,00030183_006.png,30183,,cardiomegaly_0,-3.9126587,0.019595629,0.70347995
real,00030196_001.png,30196,,cardiomegaly_0,-3.223421,0.038293794,0.5562507
real,00030196_002.png,30196,,cardiomegaly_0,-3.6873016,0.024427818,0.58712816
real,00030207_000.png,30207,,cardiomegaly_0,3.7826843,0.9777451,0.7626582
real,00030276_000.png,30276,,cardiomegaly_0,-0.092350006,0.4769289,0.1419516
real,00030389_005.png,30389,,cardiomegaly_0,2.1347027,0.89423066,0.31992248
real,00030389_006.png,30389,,cardiomegaly_0,-0.6850109,0.33514383,0.13154872
real,00030389_007.png,30389,,cardiomegaly_0,0.4974556,0.6218612,0.18674444
real,00030389_008.png,30389,,cardiomegaly_0,4.8715343,0.99239665,0.88847536
real,00030389_009.png,30389,,cardiomegaly_0,5.476206,0.99583226,0.9337738
real,00030389_010.png,30389,,cardiomegaly_0,4.649519,0.9905245,0.8599485
real,00030389_011.png,30389,,cardiomegaly_0,5.621256,0.9963929,0.9497562
real,00030389_012.png,30389,,cardiomegaly_0,6.9787445,0.9990694,0.98413783
real,00030389_013.png,30389,,cardiomegaly_0,5.198881,0.9945076,0.93916315
real,00030436_000.png,30436,,cardiomegaly_0,-4.0670033,0.016840192,0.76565945
real,00030490_000.png,30490,,cardiomegaly_0,3.399252,0.9676811,0.6314218
real,00030541_005.png,30541,,cardiomegaly_0,-3.702053,0.02407873,0.67182446
real,00030561_005.png,30561,,cardiomegaly_0,-3.6817207,0.024561169,0.6692044
real,00030561_006.png,30561,,cardiomegaly_0,-3.9452267,0.018979635,0.74685544
real,00030561_007.png,30561,,cardiomegaly_0,-3.0014133,0.047362063,0.60953945
real,00030561_010.png,30561,,cardiomegaly_0,-3.815611,0.021549642,0.7255786
real,00030561_011.png,30561,,cardiomegaly_0,-3.9136047,0.01957746,0.7505772
real,00030561_013.png,30561,,cardiomegaly_0,-4.489086,0.011106171,0.8680131
real,00030561_014.png,30561,,cardiomegaly_0,-4.5414867,0.010545163,0.86402106
real,00030561_017.png,30561,,cardiomegaly_0,-4.347616,0.012772372,0.8316265
real,00030561_018.png,30561,,cardiomegaly_0,-4.3140583,0.013202505,0.81625134
real,00030632_000.png,30632,,cardiomegaly_0,-1.3520641,0.20553313,0.14858092
real,00030650_000.png,30650,,cardiomegaly_0,-4.327772,0.013025025,0.7693498
real,00030650_001.png,30650,,cardiomegaly_0,-3.7461624,0.02306368,0.65223825
real,00030650_002.png,30650,,cardiomegaly_0,-4.2858887,0.0135745825,0.7595818
real,00030650_003.png,30650,,cardiomegaly_0,-3.6404285,0.02557011,0.6026599
real,00030650_007.png,30650,,cardiomegaly_0,-3.4160194,0.031798553,0.57336116
real,00030650_008.png,30650,,cardiomegaly_0,-3.077896,0.044028282,0.5608903
real,00030650_009.png,30650,,cardiomegaly_0,-3.4852924,0.029733615,0.59367144
real,00030659_000.png,30659,,cardiomegaly_0,-2.0934181,0.10973819,0.17922342
real,00030668_000.png,30668,,cardiomegaly_0,-3.9742222,0.018447218,0.67302257
real,00002793_006.png,2793,,cardiomegaly_0,-4.869608,0.0076178964,0.8224069
real,00014954_000.png,14954,,cardiomegaly_0,-4.828142,0.007937859,0.88716257
real,00026982_005.png,26982,,cardiomegaly_0,-4.0853977,0.016538333,0.76483315
real,00014719_000.png,14719,,cardiomegaly_0,-4.7921906,0.008226039,0.8400523
real,00003321_001.png,3321,,cardiomegaly_0,-4.6581287,0.009395089,0.82811606
real,00001430_001.png,1430,,cardiomegaly_0,2.696436,0.936816,0.4898722
real,00012460_000.png,12460,,cardiomegaly_0,-4.5863457,0.010087239,0.82107127
real,00008806_003.png,8806,,cardiomegaly_0,-2.2449608,0.09578502,0.20604853
real,00010931_003.png,10931,,cardiomegaly_0,-4.7439175,0.008629366,0.85551417
real,00026815_001.png,26815,,cardiomegaly_0,-4.116686,0.016037062,0.6318308
real,00028980_001.png,28980,,cardiomegaly_0,-3.3792248,0.032951087,0.5715181
real,00019376_000.png,19376,,cardiomegaly_0,-2.3981915,0.08331071,0.34510124
real,00020318_024.png,20318,,cardiomegaly_0,-4.0840645,0.016560033,0.7566847
real,00004909_001.png,4909,,cardiomegaly_0,-0.76395416,0.3177884,0.124453366
real,00000582_000.png,582,,cardiomegaly_0,-4.740696,0.008656968,0.84132195
real,00006576_000.png,6576,,cardiomegaly_0,-4.7873554,0.00826558,0.8493705
real,00022712_000.png,22712,,cardiomegaly_0,-4.65954,0.009381961,0.8880593
real,00018361_000.png,18361,,cardiomegaly_0,-4.5255547,0.010712702,0.845214
real,00011380_001.png,11380,,cardiomegaly_0,-3.955141,0.018795913,0.6054021
real,00009306_000.png,9306,,cardiomegaly_0,-5.0029163,0.006673491,0.9118122
real,00029058_000.png,29058,,cardiomegaly_0,-1.0260601,0.26384863,0.15919217
real,00011611_000.png,11611,,cardiomegaly_0,-4.5233746,0.010735831,0.817505
real,00024476_000.png,24476,,cardiomegaly_0,-4.28261,0.013618555,0.8126449
real,00012478_000.png,12478,,cardiomegaly_0,-4.619732,0.009759256,0.80544895
real,00010673_000.png,10673,,cardiomegaly_0,-3.2720432,0.03654282,0.46582022
real,00010933_000.png,10933,,cardiomegaly_0,-4.675333,0.009236315,0.8864768
real,00007431_000.png,7431,,cardiomegaly_0,-3.7861118,0.022180496,0.67834437
real,00028628_005.png,28628,,cardiomegaly_0,-2.439106,0.080238864,0.28667718
real,00002736_000.png,2736,,cardiomegaly_0,-0.754179,0.3199114,0.14053665
real,00026148_002.png,26148,,cardiomegaly_0,-4.6775646,0.0092159165,0.8810049
real,00021716_004.png,21716,,cardiomegaly_0,-4.0892143,0.016476372,0.6153806
real,00005364_000.png,5364,,cardiomegaly_0,-4.8458786,0.0077993996,0.85879457
real,00008623_002.png,8623,,cardiomegaly_0,-5.0786285,0.006189892,0.8977944
real,00015553_003.png,15553,,cardiomegaly_0,-2.7682285,0.059065387,0.4878038
real,00015552_000.png,15552,,cardiomegaly_0,-3.3974495,0.03237527,0.48466048
real,00004158_000.png,4158,,cardiomegaly_0,-4.825386,0.007959592,0.8427879
real,00008802_002.png,8802,,cardiomegaly_0,2.0180073,0.8826748,0.2555677
real,00004699_000.png,4699,,cardiomegaly_0,-4.5366974,0.010595254,0.8025097
real,00015795_002.png,15795,,cardiomegaly_0,-4.7424984,0.008641514,0.8463327
real,00014429_018.png,14429,,cardiomegaly_0,-3.8044891,0.021785399,0.6103774
real,00010920_003.png,10920,,cardiomegaly_0,-4.183756,0.015012352,0.78135914
real,00006490_001.png,6490,,cardiomegaly_0,-4.3231945,0.013084004,0.77498865
real,00020060_005.png,20060,,cardiomegaly_0,-3.4639912,0.030354338,0.5578536
real,00013970_000.png,13970,,cardiomegaly_0,-2.3271694,0.08889765,0.32106245
real,00012352_000.png,12352,,cardiomegaly_0,-1.3518085,0.20557486,0.18101902
real,00001199_006.png,1199,,cardiomegaly_0,-3.6420212,0.025530454,0.5679143
real,00019771_000.png,19771,,cardiomegaly_0,-3.1431751,0.04136104,0.5763862
real,00000304_000.png,304,,cardiomegaly_0,-2.4724102,0.07781511,0.366804
real,00028287_000.png,28287,,cardiomegaly_0,-4.4078674,0.012034534,0.73248667
real,00015000_007.png,15000,,cardiomegaly_0,-4.5607433,0.010346124,0.8105697
real,00018476_000.png,18476,,cardiomegaly_0,-4.9203434,0.0072437697,0.82935625
real,00027035_000.png,27035,,cardiomegaly_0,-4.4443073,0.011608889,0.8074718
real,00002228_000.png,2228,,cardiomegaly_0,-4.7732544,0.008381976,0.8460938
real,00019640_000.png,19640,,cardiomegaly_0,-5.0187798,0.0065691518,0.8746893
real,00010175_000.png,10175,,cardiomegaly_0,-4.5752697,0.01019844,0.8048678
real,00003940_006.png,3940,,cardiomegaly_0,-4.5573635,0.010380787,0.80688745
real,00014387_006.png,14387,,cardiomegaly_0,-3.2955437,0.035724387,0.4180712
real,00021375_002.png,21375,,cardiomegaly_0,-4.834404,0.0078887,0.8867041
real,00001230_006.png,1230,,cardiomegaly_0,-4.2357063,0.014263204,0.67139995
real,00012772_003.png,12772,,cardiomegaly_0,-4.2761593,0.01370548,0.74477947
real,00026354_001.png,26354,,cardiomegaly_0,-3.7806396,0.022299489,0.6520024
real,00028962_000.png,28962,,cardiomegaly_0,-4.617506,0.009780791,0.8535595
real,00007876_000.png,7876,,cardiomegaly_0,-5.077425,0.0061973,0.9279562
real,00006921_000.png,6921,,cardiomegaly_0,-4.686861,0.009131417,0.81066525
real,00008576_000.png,8576,,cardiomegaly_0,0.02141571,0.50535375,0.17238393
real,00021871_000.png,21871,,cardiomegaly_0,3.207344,0.96110976,0.58066213
real,00019774_008.png,19774,,cardiomegaly_0,-3.9099293,0.019648131,0.6631359
real,00026911_003.png,26911,,cardiomegaly_0,-1.0283909,0.26339617,0.16449508
real,00009761_000.png,9761,,cardiomegaly_0,-2.7866554,0.058049567,0.3195783
real,00005511_000.png,5511,,cardiomegaly_0,-4.073511,0.016732782,0.75708103
real,00000517_004.png,517,,cardiomegaly_0,-1.3579159,0.20457923,0.15302323
real,00027025_000.png,27025,,cardiomegaly_0,-4.029537,0.017471863,0.69940615
real,00009061_001.png,9061,,cardiomegaly_0,-5.09243,0.006105567,0.91582507
real,00006851_029.png,6851,,cardiomegaly_0,-4.088192,0.016492946,0.66156673
real,00020193_000.png,20193,,cardiomegaly_0,-4.931198,0.0071661263,0.88087696
real,00029105_019.png,29105,,cardiomegaly_0,1.9940948,0.8801757,0.5028721
real,00018284_013.png,18284,,cardiomegaly_0,-2.7432117,0.060471177,0.37312192
real,00016990_001.png,16990,,cardiomegaly_0,-2.3530903,0.08682045,0.34974808
real,00001563_000.png,1563,,cardiomegaly_0,-4.862089,0.0076749483,0.854355
real,00010465_001.png,10465,,cardiomegaly_0,-4.3280087,0.013021985,0.77275527
real,00020568_000.png,20568,,cardiomegaly_0,3.1341362,0.958279,0.51377004
real,00022920_000.png,22920,,cardiomegaly_0,-3.7474937,0.0230337,0.6057569
real,00016907_000.png,16907,,cardiomegaly_0,-4.6667767,0.009314944,0.8294822
real,00005401_001.png,5401,,cardiomegaly_0,-4.1176624,0.016021658,0.71079695
real,00004734_001.png,4734,,cardiomegaly_0,-0.43848228,0.39210266,0.09954639
real,00002793_001.png,2793,,cardiomegaly_0,-4.5715466,0.010236092,0.77279294
real,00030153_002.png,30153,,cardiomegaly_0,-4.440584,0.011651686,0.8464435
real,00023937_000.png,23937,,cardiomegaly_0,-4.5969543,0.009981855,0.8737116
real,00029879_001.png,29879,,cardiomegaly_0,-1.5053043,0.18163574,0.14353731
real,00009907_001.png,9907,,cardiomegaly_0,-3.2236404,0.03828572,0.45287582
real,00007088_000.png,7088,,cardiomegaly_0,-4.2443237,0.0141425505,0.75685996
real,00017618_001.png,17618,,cardiomegaly_0,-4.394577,0.012193581,0.7468766
real,00026342_000.png,26342,,cardiomegaly_0,-4.0832844,0.016572742,0.7368834
real,00006936_006.png,6936,,cardiomegaly_0,-4.610117,0.009852614,0.8277234
real,00019503_000.png,19503,,cardiomegaly_0,-4.5801888,0.010148905,0.83946866
real,00021239_001.png,21239,,cardiomegaly_0,-4.828045,0.007938625,0.85912055
real,00015762_000.png,15762,,cardiomegaly_0,-5.013586,0.0066031334,0.9066154
real,00012129_000.png,12129,,cardiomegaly_0,-5.0326576,0.006479202,0.89356697
real,00007589_000.png,7589,,cardiomegaly_0,-5.273634,0.0050988216,0.94251865
real,00011310_000.png,11310,,cardiomegaly_0,-4.786852,0.008269709,0.8033025
real,00011029_001.png,11029,,cardiomegaly_0,-4.8952847,0.0074262177,0.8813329
real,00017824_000.png,17824,,cardiomegaly_0,-4.6780624,0.009211372,0.78050196
real,00003013_002.png,3013,,cardiomegaly_0,-4.5564785,0.010389883,0.80526114
real,00013541_000.png,13541,,cardiomegaly_0,-3.6104603,0.026327519,0.54447204
real,00010905_017.png,10905,,cardiomegaly_0,-4.379339,0.0123784905,0.7750584
real,00012784_000.png,12784,,cardiomegaly_0,-4.700363,0.009010055,0.8645593
real,00023943_000.png,23943,,cardiomegaly_0,-5.2262096,0.0053451317,0.923863
real,00001470_001.png,1470,,cardiomegaly_0,-1.690546,0.15570405,0.2328379
real,00016417_005.png,16417,,cardiomegaly_0,-3.187872,0.039624684,0.34393865
real,00017014_000.png,17014,,cardiomegaly_0,-5.089134,0.0061255996,0.88387126
real,00001223_001.png,1223,,cardiomegaly_0,-0.5533314,0.3650919,0.16655825
real,00022677_003.png,22677,,cardiomegaly_0,-0.15309715,0.4618003,0.0949202
real,00026292_004.png,26292,,cardiomegaly_0,1.6333008,0.83662134,0.12349599
real,00007113_000.png,7113,,cardiomegaly_0,-3.3994427,0.03231289,0.664589
real,00021976_001.png,21976,,cardiomegaly_0,-4.8580894,0.00770547,0.84324014
real,00017729_006.png,17729,,cardiomegaly_0,-4.545189,0.010506606,0.8492088
real,00015149_000.png,15149,,cardiomegaly_0,-3.130827,0.04185343,0.42955995
real,00029340_001.png,29340,,cardiomegaly_0,-4.327341,0.013030567,0.8095355
real,00011985_000.png,11985,,cardiomegaly_0,-3.8172245,0.021515643,0.62621635
real,00025037_000.png,25037,,cardiomegaly_0,-4.760315,0.00849021,0.8764519
real,00009757_000.png,9757,,cardiomegaly_0,-2.7655048,0.059216946,0.38747135
real,00001995_000.png,1995,,cardiomegaly_0,-4.1072807,0.016186152,0.70847064
real,00014560_000.png,14560,,cardiomegaly_0,-4.5687866,0.010264092,0.8540808
real,00025738_000.png,25738,,cardiomegaly_0,-4.718252,0.008851722,0.8555844
real,00024116_002.png,24116,,cardiomegaly_0,-1.5749321,0.1715144,0.17712756
real,00012537_000.png,12537,,cardiomegaly_0,-4.8189697,0.008010417,0.882727
real,00006005_000.png,6005,,cardiomegaly_0,-2.2425823,0.095991224,0.2976634
real,00023422_000.png,23422,,cardiomegaly_0,-4.70306,0.0089860065,0.8785765
real,00014662_001.png,14662,,cardiomegaly_0,-4.5299187,0.01066655,0.8424983
real,00015783_000.png,15783,,cardiomegaly_0,-0.87083435,0.29508072,0.13335837
real,00025058_000.png,25058,,cardiomegaly_0,-4.6477127,0.009492526,0.8852629
real,00008142_005.png,8142,,cardiomegaly_0,-4.9342422,0.0071445,0.88576126
real,00016219_000.png,16219,,cardiomegaly_0,-4.740965,0.0086546615,0.8418614
real,00020699_003.png,20699,,cardiomegaly_0,0.30579758,0.5758592,0.116189495
real,00020139_000.png,20139,,cardiomegaly_0,-4.938036,0.00711764,0.88316166
real,00011237_004.png,11237,,cardiomegaly_0,-1.5170135,0.1799017,0.19565243
real,00004466_000.png,4466,,cardiomegaly_0,-4.5495987,0.01046086,0.80730474
real,00003785_001.png,3785,,cardiomegaly_0,-2.096941,0.1093945,0.2966575
real,00022033_000.png,22033,,cardiomegaly_0,-4.8019466,0.008146826,0.8030835
real,00016341_001.png,16341,,cardiomegaly_0,-4.0986824,0.016323643,0.74634117
real,00009498_000.png,9498,,cardiomegaly_0,-4.626602,0.009693085,0.8607363
real,00003105_000.png,3105,,cardiomegaly_0,-4.9431133,0.0070818486,0.9077892
real,00020912_001.png,20912,,cardiomegaly_0,-5.2764816,0.0050843963,0.9241023
real,00026599_001.png,26599,,cardiomegaly_0,-4.4218407,0.011869524,0.78820825
real,00007379_000.png,7379,,cardiomegaly_0,-5.116869,0.0059590405,0.9101215
real,00010920_006.png,10920,,cardiomegaly_0,-3.994093,0.018090842,0.731057
real,00004562_000.png,4562,,cardiomegaly_0,-4.8727036,0.00759453,0.8679694
real,00023219_000.png,23219,,cardiomegaly_0,-4.715534,0.008875598,0.8151008
real,00003640_001.png,3640,,cardiomegaly_0,-4.7339497,0.008715058,0.87261826
real,00001170_003.png,1170,,cardiomegaly_0,3.9964104,0.9819503,0.7990838
real,00001203_017.png,1203,,cardiomegaly_0,-4.5681343,0.01027072,0.801132
real,00008185_001.png,8185,,cardiomegaly_0,-3.0794258,0.043963946,0.44329694
real,00022389_000.png,22389,,cardiomegaly_0,-4.5642147,0.010310641,0.8165011
real,00021424_000.png,21424,,cardiomegaly_0,-3.3551884,0.033725675,0.4441866
real,00030332_000.png,30332,,cardiomegaly_0,-4.9015427,0.0073802317,0.9017471
real,00002225_002.png,2225,,cardiomegaly_0,0.76952744,0.68341863,0.10812356
real,00001803_013.png,1803,,cardiomegaly_0,-0.16884422,0.45788896,0.09044495
real,00023043_000.png,23043,,cardiomegaly_0,-3.060028,0.0447865,0.55516374
real,00005530_001.png,5530,,cardiomegaly_0,-1.6491547,0.16122323,0.26560843
real,00030650_004.png,30650,,cardiomegaly_0,-3.4607754,0.030449135,0.5379264
real,00026736_000.png,26736,,cardiomegaly_0,-4.230747,0.014333095,0.78555715
real,00011491_000.png,11491,,cardiomegaly_0,-3.9084625,0.019676404,0.74882066
real,00000705_002.png,705,,cardiomegaly_0,-3.9469452,0.018947665,0.59789294
real,00016509_001.png,16509,,cardiomegaly_0,-4.7772446,0.008348875,0.83939195
real,00003320_002.png,3320,,cardiomegaly_0,-4.6067333,0.009885679,0.84488446
real,00006030_000.png,6030,,cardiomegaly_0,-4.589924,0.010051572,0.8404454
real,00012304_009.png,12304,,cardiomegaly_0,-3.5179958,0.028804507,0.5235388
real,00010445_001.png,10445,,cardiomegaly_0,-4.814434,0.0080465395,0.89647907
real,00030196_003.png,30196,,cardiomegaly_0,-3.476059,0.030001154,0.53557974
real,00007258_004.png,7258,,cardiomegaly_0,-4.369713,0.012496729,0.7859131
real,00020292_000.png,20292,,cardiomegaly_0,-5.1167355,0.005959831,0.9229765
real,00007389_001.png,7389,,cardiomegaly_0,1.6149864,0.8341026,0.24285465
real,00005401_003.png,5401,,cardiomegaly_0,-5.0150967,0.006593231,0.8924769
real,00024497_000.png,24497,,cardiomegaly_0,-4.68696,0.009130519,0.87012243
real,00021409_007.png,21409,,cardiomegaly_0,4.1769047,0.984886,0.82722837
real,00022159_000.png,22159,,cardiomegaly_0,-4.685835,0.009140706,0.89269745
real,00002837_000.png,2837,,cardiomegaly_0,-2.791479,0.05778637,0.29247737
real,00014939_000.png,14939,,cardiomegaly_0,-4.243086,0.01415982,0.7268078
real,00002114_000.png,2114,,cardiomegaly_0,-4.400316,0.012124646,0.7605302
real,00024641_000.png,24641,,cardiomegaly_0,-4.3902836,0.012245404,0.75904924
real,00028148_003.png,28148,,cardiomegaly_0,-2.3862114,0.08423021,0.40914527
real,00025230_000.png,25230,,cardiomegaly_0,-4.923645,0.0072200657,0.8659276
real,00002793_003.png,2793,,cardiomegaly_0,-3.7611809,0.022727698,0.5846228
real,00019640_003.png,19640,,cardiomegaly_0,-4.936058,0.0071316315,0.88626164
real,00005347_000.png,5347,,cardiomegaly_0,-5.2145233,0.005407623,0.9174734
real,00024875_000.png,24875,,cardiomegaly_0,-4.927414,0.0071931006,0.8989486
real,00017754_000.png,17754,,cardiomegaly_0,-3.814249,0.021578377,0.6604948
real,00019868_002.png,19868,,cardiomegaly_0,-4.582983,0.0101208715,0.77118206
real,00025020_000.png,25020,,cardiomegaly_0,-4.4817295,0.011187257,0.8089466
real,00002736_001.png,2736,,cardiomegaly_0,0.124403,0.5310607,0.13864988
real,00017592_000.png,17592,,cardiomegaly_0,-4.6317635,0.0096436655,0.8388643
real,00023012_004.png,23012,,cardiomegaly_0,-4.87463,0.0075800237,0.9008057
real,00010152_001.png,10152,,cardiomegaly_0,-3.4856548,0.029723164,0.5627621
real,00002685_001.png,2685,,cardiomegaly_0,-4.6564083,0.009411113,0.8660236
real,00027847_002.png,27847,,cardiomegaly_0,2.2990036,0.90879446,0.49717376
real,00026957_000.png,26957,,cardiomegaly_0,-3.5296154,0.028481226,0.539841
real,00014695_002.png,14695,,cardiomegaly_0,6.0338726,0.9976095,0.9675308
real,00029105_028.png,29105,,cardiomegaly_0,-3.9751282,0.018430822,0.66981053
real,00008335_000.png,8335,,cardiomegaly_0,-5.014452,0.006597455,0.8967878
real,00000246_018.png,246,,cardiomegaly_0,-4.130783,0.01581612,0.6458929
real,00015177_000.png,15177,,cardiomegaly_0,-4.2799797,0.013653932,0.748095
real,00002831_000.png,2831,,cardiomegaly_0,-4.43309,0.011738304,0.77143043
real,00024326_000.png,24326,,cardiomegaly_0,-4.999527,0.0066959965,0.9182075
real,00005053_001.png,5053,,cardiomegaly_0,-4.3163357,0.013172868,0.7982348
real,00003804_012.png,3804,,cardiomegaly_0,-4.733526,0.008718717,0.8324971
real,00021970_005.png,21970,,cardiomegaly_0,-4.9900894,0.0067590605,0.9210902
real,00016484_027.png,16484,,cardiomegaly_0,6.905298,0.9989986,0.973884
real,00010892_000.png,10892,,cardiomegaly_0,-4.021559,0.017609354,0.75047076
real,00014145_000.png,14145,,cardiomegaly_0,-3.7103138,0.023885371,0.72665685
real,00027625_000.png,27625,,cardiomegaly_0,-4.490902,0.011086246,0.779322
real,00025215_000.png,25215,,cardiomegaly_0,-2.6684647,0.06486003,0.33151123
real,00002355_005.png,2355,,cardiomegaly_0,-3.8453388,0.020931656,0.67278516
real,00011932_006.png,11932,,cardiomegaly_0,-4.7562103,0.008524833,0.8504258
real,00014087_000.png,14087,,cardiomegaly_0,-4.410347,0.012005087,0.8140599
real,00004899_000.png,4899,,cardiomegaly_0,-4.5764046,0.010186991,0.780611
real,00001775_003.png,1775,,cardiomegaly_0,-1.1898632,0.2332834,0.11101062
real,00028598_000.png,28598,,cardiomegaly_0,-2.4049225,0.0827981,0.37025124
real,00019815_000.png,19815,,cardiomegaly_0,-4.4186134,0.011907434,0.82742876
real,00024789_001.png,24789,,cardiomegaly_0,-4.672735,0.009260117,0.8258776
real,00005002_000.png,5002,,cardiomegaly_0,2.2628365,0.90575206,0.29753
real,00003013_003.png,3013,,cardiomegaly_0,-4.3295574,0.013002095,0.7849032
real,00025438_000.png,25438,,cardiomegaly_0,-4.621958,0.009737768,0.8295934
real,00029382_000.png,29382,,cardiomegaly_0,-4.40086,0.012118138,0.8280804
real,00015313_013.png,15313,,cardiomegaly_0,-2.4163399,0.08193515,0.25316235
real,00024474_000.png,24474,,cardiomegaly_0,-4.5678825,0.01027328,0.86383134
real,00006694_001.png,6694,,cardiomegaly_0,-4.401676,0.012108369,0.7723309
real,00003576_000.png,3576,,cardiomegaly_0,-4.8859825,0.0074951,0.8727527
real,00013288_001.png,13288,,cardiomegaly_0,-2.567131,0.071284,0.2897619
real,00001727_000.png,1727,,cardiomegaly_0,-2.237566,0.0964274,0.2739214
real,00018844_000.png,18844,,cardiomegaly_0,4.1346416,0.98424387,0.8025741
real,00013162_000.png,13162,,cardiomegaly_0,-4.5550804,0.010404268,0.76334554
real,00018345_000.png,18345,,cardiomegaly_0,-4.062357,0.016917292,0.6970851
real,00020341_000.png,20341,,cardiomegaly_0,-5.075039,0.0062120133,0.87436014
real,00003804_000.png,3804,,cardiomegaly_0,-4.6995296,0.0090175,0.83156985
real,00014809_010.png,14809,,cardiomegaly_0,-4.472742,0.0112871155,0.8075249
real,00029487_001.png,29487,,cardiomegaly_0,-4.4003334,0.01212444,0.79013836
real,00029211_000.png,29211,,cardiomegaly_0,-4.2180176,0.014514051,0.75857085
real,00004435_004.png,4435,,cardiomegaly_0,-4.207163,0.014670133,0.7526322
real,00008142_001.png,8142,,cardiomegaly_0,-5.0727577,0.0062261117,0.8965348
real,00003499_004.png,3499,,cardiomegaly_0,-1.7754574,0.14486496,0.20788233
real,00019163_000.png,19163,,cardiomegaly_0,-4.3664074,0.0125375865,0.7943889
real,00010120_020.png,10120,,cardiomegaly_0,-4.7228546,0.008811433,0.821642
real,00002402_000.png,2402,,cardiomegaly_0,-2.0891438,0.11015647,0.32001156
real,00029025_004.png,29025,,cardiomegaly_0,-4.613989,0.009814913,0.8167602
real,00011598_020.png,11598,,cardiomegaly_0,-3.2362747,0.037823226,0.49993065
real,00012855_000.png,12855,,cardiomegaly_0,3.0130615,0.9531607,0.37941855
real,00030389_014.png,30389,,cardiomegaly_0,4.9366856,0.99287283,0.8967604
real,00024171_000.png,24171,,cardiomegaly_0,-4.480688,0.011198784,0.80920285
real,00007851_004.png,7851,,cardiomegaly_0,-5.2605686,0.00516553,0.9270194
real,00011932_005.png,11932,,cardiomegaly_0,-3.967329,0.018572448,0.69840866
real,00027422_000.png,27422,,cardiomegaly_0,-4.7404995,0.008658655,0.85502654
real,00013397_000.png,13397,,cardiomegaly_0,-4.960108,0.0069633434,0.86547506
real,00000318_009.png,318,,cardiomegaly_0,-4.6581345,0.009395035,0.8360682
real,00025924_005.png,25924,,cardiomegaly_0,-4.7431774,0.008635699,0.8762488
real,00001507_002.png,1507,,cardiomegaly_0,-4.4705105,0.011312047,0.8168286
real,00007851_001.png,7851,,cardiomegaly_0,-4.981577,0.006816448,0.9233589
real,00026354_000.png,26354,,cardiomegaly_0,-2.6617947,0.06526576,0.36682004
real,00018642_001.png,18642,,cardiomegaly_0,-4.1519127,0.015490561,0.762022
real,00016245_000.png,16245,,cardiomegaly_0,-5.247055,0.0052354406,0.9259835
real,00007340_004.png,7340,,cardiomegaly_0,-4.3867416,0.01228832,0.7820453
real,00000273_009.png,273,,cardiomegaly_0,-3.163288,0.04057087,0.40380922
real,00017778_000.png,17778,,cardiomegaly_0,5.062504,0.99371016,0.9210135
real,00023339_000.png,23339,,cardiomegaly_0,-3.2834435,0.036143564,0.48636743
real,00006981_017.png,6981,,cardiomegaly_0,-4.644766,0.009520273,0.78338987
real,00017013_001.png,17013,,cardiomegaly_0,-4.9968967,0.0067135133,0.8815022
real,00019574_000.png,19574,,cardiomegaly_0,-2.080803,0.110976726,0.299971
real,00029200_001.png,29200,,cardiomegaly_0,-3.4630184,0.030382985,0.5597441
real,00012772_006.png,12772,,cardiomegaly_0,-4.904644,0.0073575466,0.8765065
real,00020624_013.png,20624,,cardiomegaly_0,-4.2725906,0.013753802,0.74309444
real,00020060_004.png,20060,,cardiomegaly_0,-2.5288086,0.07386311,0.33902067
real,00017747_018.png,17747,,cardiomegaly_0,-1.4961166,0.18300542,0.21341781
real,00000318_007.png,318,,cardiomegaly_0,-4.90765,0.0073356247,0.87258047
real,00017930_002.png,17930,,cardiomegaly_0,-1.9148121,0.1284412,0.18471594
real,00021023_024.png,21023,,cardiomegaly_0,-4.708231,0.008940075,0.82109785
real,00011929_000.png,11929,,cardiomegaly_0,-4.1189003,0.016002154,0.7480115
real,00015142_000.png,15142,,cardiomegaly_0,3.0197315,0.95345765,0.51026756
real,00001222_007.png,1222,,cardiomegaly_0,-4.3681297,0.012516282,0.7410105
real,00007159_000.png,7159,,cardiomegaly_0,-3.618225,0.026129201,0.59901637
real,00012669_000.png,12669,,cardiomegaly_0,-4.796091,0.008194278,0.8489966
real,00027427_005.png,27427,,cardiomegaly_0,-3.5513592,0.027885705,0.47296983
real,00016484_003.png,16484,,cardiomegaly_0,5.620743,0.9963911,0.94254184
real,00001336_000.png,1336,,cardiomegaly_0,-5.001295,0.0066842465,0.91847557
real,00028358_000.png,28358,,cardiomegaly_0,3.509571,0.9709589,0.56871676
real,00010015_000.png,10015,,cardiomegaly_0,-4.387951,0.012273651,0.79086643
real,00006002_000.png,6002,,cardiomegaly_0,-2.2352047,0.09663334,0.34291744
real,00000246_000.png,246,,cardiomegaly_0,-3.9677105,0.018565496,0.76576567
real,00013098_000.png,13098,,cardiomegaly_0,-4.689335,0.00910906,0.80982864
real,00018869_000.png,18869,,cardiomegaly_0,-4.788227,0.008258438,0.83605593
real,00025696_002.png,25696,,cardiomegaly_0,5.7437687,0.9968076,0.9750715
real,00001977_000.png,1977,,cardiomegaly_0,-3.7601566,0.02275046,0.5967562
real,00014335_000.png,14335,,cardiomegaly_0,-4.577627,0.01017467,0.84126836
real,00025924_001.png,25924,,cardiomegaly_0,-3.4964314,0.02941394,0.624638
real,00026180_000.png,26180,,cardiomegaly_0,-3.969143,0.018539414,0.6730993
real,00022312_001.png,22312,,cardiomegaly_0,-4.271412,0.013769802,0.76362556
real,00005768_005.png,5768,,cardiomegaly_0,-3.942047,0.019038925,0.65407264
real,00019260_003.png,19260,,cardiomegaly_0,-4.2404804,0.014196236,0.79066235
real,00003548_002.png,3548,,cardiomegaly_0,-3.2750435,0.03643734,0.54000616
real,00010695_018.png,10695,,cardiomegaly_0,-4.269844,0.013791109,0.75070685
real,00029428_000.png,29428,,cardiomegaly_0,-4.323906,0.01307482,0.81329376
real,00026292_006.png,26292,,cardiomegaly_0,-2.8860035,0.05284981,0.34841776
real,00004580_000.png,4580,,cardiomegaly_0,-4.8975105,0.0074098287,0.9139082
real,00019554_000.png,19554,,cardiomegaly_0,-5.036648,0.006453567,0.8799132
real,00011139_001.png,11139,,cardiomegaly_0,-1.0335426,0.26239786,0.08301988
real,00014126_000.png,14126,,cardiomegaly_0,-4.7467422,0.008605233,0.8856441
real,00009815_004.png,9815,,cardiomegaly_0,-4.118229,0.01601273,0.7076511
real,00017747_060.png,17747,,cardiomegaly_0,-3.3920174,0.032545876,0.6066648
real,00003464_001.png,3464,,cardiomegaly_0,-4.6054096,0.009898644,0.8227849
real,00024003_000.png,24003,,cardiomegaly_0,-3.5698586,0.027388578,0.5027067
real,00014171_001.png,14171,,cardiomegaly_0,-3.3571396,0.033662148,0.47911996
real,00021983_000.png,21983,,cardiomegaly_0,-4.6783905,0.009208378,0.7981052
real,00006566_000.png,6566,,cardiomegaly_0,-2.3798256,0.08472408,0.29214466
real,00021562_001.png,21562,,cardiomegaly_0,-2.9257603,0.05089473,0.4541255
real,00016698_001.png,16698,,cardiomegaly_0,-5.0173206,0.0065786806,0.8956321
real,00017747_021.png,17747,,cardiomegaly_0,-1.9034233,0.1297215,0.26920116
real,00020458_003.png,20458,,cardiomegaly_0,-1.5706215,0.17212781,0.14405024
real,00026833_000.png,26833,,cardiomegaly_0,-4.0600414,0.016955845,0.7056885
real,00002962_000.png,2962,,cardiomegaly_0,-4.820177,0.008000829,0.8819321
real,00016865_000.png,16865,,cardiomegaly_0,-4.7217407,0.008821168,0.8467881
real,00008157_000.png,8157,,cardiomegaly_0,-2.6239033,0.0676158,0.36488742
real,00005063_000.png,5063,,cardiomegaly_0,-4.947918,0.0070481435,0.88689
real,00007424_001.png,7424,,cardiomegaly_0,-4.673336,0.009254607,0.8246192
real,00010964_000.png,10964,,cardiomegaly_0,-4.0902386,0.016459782,0.7588829
real,00023372_000.png,23372,,cardiomegaly_0,-3.6771793,0.024670208,0.66051745
real,00024386_000.png,24386,,cardiomegaly_0,-4.3190746,0.013137311,0.83201665
real,00010481_033.png,10481,,cardiomegaly_0,-3.7502728,0.022971248,0.60548013
real,00001222_003.png,1222,,cardiomegaly_0,-4.9496536,0.007036007,0.8916918
real,00001104_006.png,1104,,cardiomegaly_0,-3.9352036,0.019167162,0.5890514
real,00016568_006.png,16568,,cardiomegaly_0,-3.9932117,0.018106502,0.6712871
real,00017835_011.png,17835,,cardiomegaly_0,-2.5572987,0.07193768,0.30870163
real,00006527_000.png,6527,,cardiomegaly_0,-5.1002884,0.0060580648,0.9054151
real,00001136_002.png,1136,,cardiomegaly_0,-4.0932865,0.016410513,0.75965583
real,00028457_000.png,28457,,cardiomegaly_0,-1.7537422,0.14757581,0.19588654
real,00009378_006.png,9378,,cardiomegaly_0,-4.8497887,0.007769198,0.8751863
real,00021976_000.png,21976,,cardiomegaly_0,-4.3160267,0.0131768845,0.6745559
real,00029569_000.png,29569,,cardiomegaly_0,-3.443491,0.030963568,0.60326684
real,00007082_000.png,7082,,cardiomegaly_0,-1.8696651,0.13358048,0.25403762
real,00015795_000.png,15795,,cardiomegaly_0,-4.0186024,0.017660571,0.6691444
real,00018616_000.png,18616,,cardiomegaly_0,-1.0742531,0.2545951,0.16855389
real,00019345_000.png,19345,,cardiomegaly_0,-3.8599281,0.02063475,0.5288699
real,00007389_002.png,7389,,cardiomegaly_0,1.6745777,0.84218526,0.3036154
real,00017836_001.png,17836,,cardiomegaly_0,-2.4089794,0.08249053,0.18492657
real,00023372_003.png,23372,,cardiomegaly_0,-3.830534,0.02123722,0.7079816
real,00009090_001.png,9090,,cardiomegaly_0,-2.478281,0.07739486,0.3487246
real,00001222_000.png,1222,,cardiomegaly_0,-4.9997635,0.006694423,0.87896246
real,00030690_000.png,30690,,cardiomegaly_0,-4.947384,0.0070518823,0.90355426
real,00025054_000.png,25054,,cardiomegaly_0,-5.0107365,0.0066218516,0.8694256
real,00007153_000.png,7153,,cardiomegaly_0,-3.527855,0.028529981,0.52662545
real,00012913_001.png,12913,,cardiomegaly_0,-4.8293724,0.007928177,0.8212422
real,00022266_000.png,22266,,cardiomegaly_0,-4.3404427,0.0128631415,0.8154856
real,00027857_001.png,27857,,cardiomegaly_0,-4.7419834,0.008645927,0.84466606
real,00012178_004.png,12178,,cardiomegaly_0,-4.365528,0.012548476,0.7578254
real,00029847_000.png,29847,,cardiomegaly_0,-3.7132664,0.023816628,0.7142659
real,00006040_000.png,6040,,cardiomegaly_0,-4.4400005,0.011658411,0.76934725
real,00020359_000.png,20359,,cardiomegaly_0,-4.653908,0.009434454,0.87638265
real,00008802_004.png,8802,,cardiomegaly_0,6.0621605,0.9976761,0.9751418
real,00030783_000.png,30783,,cardiomegaly_0,-4.0956078,0.016373087,0.6814996
real,00001733_002.png,1733,,cardiomegaly_0,-4.5600796,0.010352922,0.82535905
real,00026105_000.png,26105,,cardiomegaly_0,-4.924364,0.007214913,0.8692677
real,00022135_010.png,22135,,cardiomegaly_0,-4.7610073,0.008484384,0.88547355
real,00029487_000.png,29487,,cardiomegaly_0,-4.81196,0.00806631,0.78940064
real,00016975_007.png,16975,,cardiomegaly_0,-4.5820446,0.010130278,0.8478315
real,00001122_001.png,1122,,cardiomegaly_0,6.3161354,0.9981964,0.9592347
real,00017465_001.png,17465,,cardiomegaly_0,-4.730381,0.008745942,0.80619967
real,00021710_000.png,21710,,cardiomegaly_0,-4.611786,0.009836347,0.795537
real,00015347_000.png,15347,,cardiomegaly_0,-1.3233967,0.21025375,0.12542433
real,00013408_015.png,13408,,cardiomegaly_0,-2.969452,0.04882517,0.49015203
real,00000705_001.png,705,,cardiomegaly_0,-4.1051693,0.01621981,0.6099736
real,00014809_020.png,14809,,cardiomegaly_0,-4.8752346,0.0075754775,0.8538665
real,00008013_004.png,8013,,cardiomegaly_0,-3.2724037,0.036530133,0.5191791
real,00023156_007.png,23156,,cardiomegaly_0,0.14906311,0.53719693,0.18984978
real,00029885_000.png,29885,,cardiomegaly_0,-4.6562443,0.009412643,0.8731873
real,00013723_001.png,13723,,cardiomegaly_0,-4.411648,0.011989668,0.81413823
real,00004493_000.png,4493,,cardiomegaly_0,-2.4949303,0.07621435,0.37044385
real,00007616_002.png,7616,,cardiomegaly_0,-2.3272362,0.08889225,0.21278012
real,00018008_000.png,18008,,cardiomegaly_0,-4.498623,0.011001917,0.7662821
real,00024125_000.png,24125,,cardiomegaly_0,-0.8183994,0.30610353,0.12240866
real,00012304_003.png,12304,,cardiomegaly_0,-3.4073334,0.032067064,0.39379644
real,00004057_000.png,4057,,cardiomegaly_0,-4.7969246,0.008187507,0.78074986
real,00013625_018.png,13625,,cardiomegaly_0,-3.205944,0.03894265,0.57519364
real,00021475_000.png,21475,,cardiomegaly_0,-4.4866886,0.011132533,0.80180424
real,00020060_002.png,20060,,cardiomegaly_0,-2.5624447,0.07159487,0.28439564
real,00015009_004.png,15009,,cardiomegaly_0,-4.2757015,0.0137116695,0.785279
real,00003439_006.png,3439,,cardiomegaly_0,-4.712364,0.008903529,0.8473077
real,00012585_007.png,12585,,cardiomegaly_0,-4.2058487,0.014689141,0.71612424
real,00005768_008.png,5768,,cardiomegaly_0,-4.466713,0.011354598,0.78390497
real,00028027_005.png,28027,,cardiomegaly_0,-3.8775082,0.020282453,0.72353554
real,00019911_001.png,19911,,cardiomegaly_0,-4.969372,0.0068995757,0.8629692
real,00029678_000.png,29678,,cardiomegaly_0,-2.0316296,0.1159218,0.25022897
real,00002825_003.png,2825,,cardiomegaly_0,-5.053278,0.006347806,0.8763832
real,00002383_001.png,2383,,cardiomegaly_0,3.8226757,0.97859883,0.69004893
real,00003570_003.png,3570,,cardiomegaly_0,-4.9328957,0.0071540587,0.8794751
real,00012975_006.png,12975,,cardiomegaly_0,-3.0882568,0.04359426,0.4677161
real,00002816_001.png,2816,,cardiomegaly_0,-4.915678,0.007277397,0.9064387
real,00007325_000.png,7325,,cardiomegaly_0,-1.195961,0.23219451,0.30034354
real,00013372_001.png,13372,,cardiomegaly_0,-4.00955,0.017818304,0.6017172
real,00006574_000.png,6574,,cardiomegaly_0,-4.830393,0.007920155,0.871766
real,00014295_001.png,14295,,cardiomegaly_0,-4.824585,0.0079659205,0.8592135
real,00006024_011.png,6024,,cardiomegaly_0,-4.7683697,0.008422673,0.8818732
real,00013489_000.png,13489,,cardiomegaly_0,-4.268488,0.013809565,0.6704311
real,00029870_000.png,29870,,cardiomegaly_0,-4.194317,0.014856983,0.74311715
real,00023506_000.png,23506,,cardiomegaly_0,-5.141819,0.005813055,0.9173752
real,00000865_008.png,865,,cardiomegaly_0,-4.1247044,0.01591102,0.6616642
real,00000877_033.png,877,,cardiomegaly_0,-5.1300335,0.0058815647,0.9274723
real,00011726_000.png,11726,,cardiomegaly_0,-3.7244987,0.023556875,0.6544032
real,00017785_000.png,17785,,cardiomegaly_0,-4.2946033,0.013458381,0.6727723
real,00027829_000.png,27829,,cardiomegaly_0,-4.640419,0.009561351,0.83610296
real,00000023_000.png,23,,cardiomegaly_0,-3.802805,0.021821318,0.6388006
real,00026299_000.png,26299,,cardiomegaly_0,-4.079031,0.016642207,0.6977284
real,00019963_000.png,19963,,cardiomegaly_0,-4.361845,0.012594196,0.75854087
real,00005579_001.png,5579,,cardiomegaly_0,-3.7877846,0.022144243,0.6336259
real,00015338_011.png,15338,,cardiomegaly_0,-2.5803757,0.07041214,0.32069165
real,00009090_003.png,9090,,cardiomegaly_0,-1.9882412,0.12044305,0.257406
real,00010042_004.png,10042,,cardiomegaly_0,-4.795376,0.008200093,0.91936255
real,00025527_001.png,25527,,cardiomegaly_0,-3.332096,0.03448637,0.56351113
real,00022827_000.png,22827,,cardiomegaly_0,-4.353977,0.012692413,0.810894
real,00021305_000.png,21305,,cardiomegaly_0,-4.912512,0.007300306,0.8586069
real,00004018_000.png,4018,,cardiomegaly_0,-5.0436954,0.0064085345,0.9061345
real,00014922_000.png,14922,,cardiomegaly_0,-4.6890297,0.009111815,0.86072034
real,00002566_000.png,2566,,cardiomegaly_0,-2.921217,0.05111464,0.42322925
real,00008136_000.png,8136,,cardiomegaly_0,-4.221243,0.01446799,0.76954764
real,00008929_000.png,8929,,cardiomegaly_0,-1.7158241,0.15240982,0.29122877
real,00000949_009.png,949,,cardiomegaly_0,-4.823124,0.0079774745,0.8070538
real,00028533_000.png,28533,,cardiomegaly_0,-3.171339,0.040258646,0.49563026
real,00001170_044.png,1170,,cardiomegaly_0,-3.7911148,0.022072246,0.6179948
real,00010905_011.png,10905,,cardiomegaly_0,-4.164894,0.015293825,0.74581295
real,00000169_001.png,169,,cardiomegaly_0,-4.6381855,0.009582524,0.8422523
real,00000318_000.png,318,,cardiomegaly_0,-4.8190975,0.008009402,0.8943711
real,00022334_000.png,22334,,cardiomegaly_0,-4.1330204,0.015781332,0.7341636
real,00016195_000.png,16195,,cardiomegaly_0,3.7917004,0.9779403,0.54661965
real,00008698_000.png,8698,,cardiomegaly_0,6.906046,0.9989993,0.973986
real,00015313_012.png,15313,,cardiomegaly_0,-4.3149395,0.013191029,0.7616292
real,00026815_003.png,26815,,cardiomegaly_0,-4.2446384,0.014138163,0.7447267
real,00008386_001.png,8386,,cardiomegaly_0,-5.008919,0.0066338186,0.9149902
real,00028766_004.png,28766,,cardiomegaly_0,-0.66477585,0.33966762,0.11472997
real,00006674_001.png,6674,,cardiomegaly_0,-4.371523,0.012474412,0.80866563
real,00014719_002.png,14719,,cardiomegaly_0,-4.228737,0.014361526,0.7370107
real,00003174_013.png,3174,,cardiomegaly_0,-5.146723,0.005784783,0.9041532
real,00005347_001.png,5347,,cardiomegaly_0,-4.3109093,0.013243593,0.83044595
real,00024931_000.png,24931,,cardiomegaly_0,-4.6160736,0.009794674,0.8321797
real,00010120_000.png,10120,,cardiomegaly_0,-4.674967,0.009239667,0.7873207
real,00012653_001.png,12653,,cardiomegaly_0,-3.5493145,0.027941184,0.6332712
real,00015840_000.png,15840,,cardiomegaly_0,-4.495758,0.011033133,0.82712525
real,00010713_001.png,10713,,cardiomegaly_0,-2.3983974,0.08329498,0.21690863
real,00021344_000.png,21344,,cardiomegaly_0,-1.1626053,0.23819423,0.21893509
real,00002073_001.png,2073,,cardiomegaly_0,-3.5044937,0.029184641,0.54535013
real,00026111_001.png,26111,,cardiomegaly_0,-3.9456177,0.018972356,0.7000344
real,00016484_023.png,16484,,cardiomegaly_0,-0.27329063,0.43209946,0.08147829
real,00028566_000.png,28566,,cardiomegaly_0,-5.129656,0.005883773,0.9182608
real,00007931_000.png,7931,,cardiomegaly_0,-3.6667156,0.024923237,0.7068596
real,00003042_001.png,3042,,cardiomegaly_0,-4.634136,0.009621032,0.84558356
real,00011153_000.png,11153,,cardiomegaly_0,-0.12046814,0.46991932,0.09934289
real,00021716_002.png,21716,,cardiomegaly_0,-3.3592205,0.03359452,0.49919027
real,00025676_000.png,25676,,cardiomegaly_0,-4.750923,0.008569638,0.87153995
real,00006123_003.png,6123,,cardiomegaly_0,-5.118744,0.0059479447,0.90647894
real,00004773_001.png,4773,,cardiomegaly_0,-4.7339745,0.008714844,0.8143139
real,00012797_000.png,12797,,cardiomegaly_0,-4.6618767,0.009360271,0.81364936
real,00016842_002.png,16842,,cardiomegaly_0,-4.9298725,0.0071755634,0.8959064
real,00011732_000.png,11732,,cardiomegaly_0,-4.5369225,0.010592894,0.7687383
real,00009777_000.png,9777,,cardiomegaly_0,-5.153511,0.005745873,0.8935872
real,00024861_000.png,24861,,cardiomegaly_0,-4.8167286,0.0080282455,0.85452646
real,00029926_000.png,29926,,cardiomegaly_0,-4.1982956,0.014798861,0.7920969
real,00010071_001.png,10071,,cardiomegaly_0,-4.5804787,0.010145993,0.83581275
real,00022788_004.png,22788,,cardiomegaly_0,-4.324768,0.013063701,0.7960189
real,00029648_000.png,29648,,cardiomegaly_0,-4.774294,0.00837334,0.886913
real,00011910_009.png,11910,,cardiomegaly_0,-4.722254,0.008816683,0.8403116
real,00021972_024.png,21972,,cardiomegaly_0,0.2807846,0.56973857,0.13941586
real,00016410_000.png,16410,,cardiomegaly_0,-4.802244,0.008144422,0.8960073
real,00013181_003.png,13181,,cardiomegaly_0,-4.219305,0.014495648,0.8102076
real,00005614_001.png,5614,,cardiomegaly_0,-4.762993,0.008467698,0.8426288
real,00014110_000.png,14110,,cardiomegaly_0,-1.3444023,0.20678705,0.148173
real,00028148_015.png,28148,,cardiomegaly_0,-2.900856,0.052111264,0.3909811
real,00013427_000.png,13427,,cardiomegaly_0,-4.9663258,0.006920479,0.84969467
real,00016879_000.png,16879,,cardiomegaly_0,-4.159397,0.01537683,0.7191658
real,00013723_000.png,13723,,cardiomegaly_0,-4.558138,0.010372835,0.86679864
real,00000085_000.png,85,,cardiomegaly_0,-3.6272392,0.025900802,0.5771978
real,00026599_000.png,26599,,cardiomegaly_0,-4.2396717,0.014207559,0.75817883
real,00017729_001.png,17729,,cardiomegaly_0,-4.622898,0.009728705,0.8385809
real,00016255_000.png,16255,,cardiomegaly_0,-2.1118774,0.107947744,0.2724068
real,00020758_000.png,20758,,cardiomegaly_0,5.64489,0.99647695,0.9361213
real,00030029_000.png,30029,,cardiomegaly_0,-4.9473133,0.0070523764,0.90198785
real,00006098_006.png,6098,,cardiomegaly_0,-4.375845,0.012421282,0.7200584
real,00023625_000.png,23625,,cardiomegaly_0,-4.7789383,0.008334864,0.88654095
real,00009034_006.png,9034,,cardiomegaly_0,2.5459766,0.9273028,0.3648116
real,00009061_000.png,9061,,cardiomegaly_0,-4.9925537,0.006742536,0.9221793
real,00008359_000.png,8359,,cardiomegaly_0,-2.4889278,0.076638035,0.40740982
real,00001170_004.png,1170,,cardiomegaly_0,-2.979639,0.048354235,0.4797578
real,00015087_011.png,15087,,cardiomegaly_0,-4.4070187,0.012044629,0.74766374
real,00005401_007.png,5401,,cardiomegaly_0,-2.3684196,0.085612774,0.29700607
real,00020631_001.png,20631,,cardiomegaly_0,-4.1581726,0.0153953815,0.7279969
real,00010984_003.png,10984,,cardiomegaly_0,-3.4142895,0.031851854,0.636414
real,00025075_005.png,25075,,cardiomegaly_0,-3.3275528,0.034637965,0.5345461
real,00018448_017.png,18448,,cardiomegaly_0,-4.69207,0.009084406,0.8611766
real,00000341_000.png,341,,cardiomegaly_0,-4.468525,0.011334276,0.771961
real,00006955_000.png,6955,,cardiomegaly_0,-4.3993874,0.012135779,0.8110939
real,00002168_000.png,2168,,cardiomegaly_0,-5.149008,0.005771656,0.9044181
real,00025483_000.png,25483,,cardiomegaly_0,-1.7767506,0.14470485,0.12883142
real,00008562_000.png,8562,,cardiomegaly_0,-5.296013,0.004986545,0.92600673
real,00028614_000.png,28614,,cardiomegaly_0,-4.9137535,0.0072913133,0.8834759
real,00005014_014.png,5014,,cardiomegaly_0,-2.4444294,0.07984687,0.22127622
real,00024583_000.png,24583,,cardiomegaly_0,-4.970955,0.006888737,0.8949432
real,00026264_000.png,26264,,cardiomegaly_0,-4.9612904,0.0069551715,0.8604882
real,00017111_006.png,17111,,cardiomegaly_0,-4.0229454,0.017585382,0.7636975
real,00012074_000.png,12074,,cardiomegaly_0,-4.3217316,0.013102908,0.78855014
real,00013303_000.png,13303,,cardiomegaly_0,-4.6557865,0.009416912,0.8462514
real,00005552_000.png,5552,,cardiomegaly_0,1.576849,0.8287578,0.17984268
real,00016205_006.png,16205,,cardiomegaly_0,-3.3480053,0.033960544,0.48296633
real,00010481_029.png,10481,,cardiomegaly_0,-4.2535667,0.014014257,0.8073831
real,00022788_003.png,22788,,cardiomegaly_0,-4.6969967,0.009040164,0.87414515
real,00020802_000.png,20802,,cardiomegaly_0,-5.0403786,0.0064296895,0.8861308
real,00023133_002.png,23133,,cardiomegaly_0,-3.2372265,0.037788607,0.60122675
real,00011770_008.png,11770,,cardiomegaly_0,-3.2112732,0.03874369,0.3878961
real,00029286_000.png,29286,,cardiomegaly_0,-4.6180935,0.009775103,0.8578252
real,00029203_000.png,29203,,cardiomegaly_0,0.18460655,0.546021,0.11449164
real,00021424_004.png,21424,,cardiomegaly_0,-3.8121948,0.021621788,0.58053863
real,00021409_000.png,21409,,cardiomegaly_0,4.981844,0.9931853,0.9411281
real,00011932_007.png,11932,,cardiomegaly_0,-4.7497406,0.008579691,0.8109267
real,00001713_000.png,1713,,cardiomegaly_0,1.3608913,0.7959046,0.14472894
real,00012980_000.png,12980,,cardiomegaly_0,-2.9463272,0.049910385,0.4616817
real,00028229_000.png,28229,,cardiomegaly_0,-4.486395,0.011135767,0.8444175
real,00028282_000.png,28282,,cardiomegaly_0,-3.6189919,0.026109697,0.6590225
real,00013533_001.png,13533,,cardiomegaly_0,-4.7182045,0.008852139,0.8377098
real,00004318_000.png,4318,,cardiomegaly_0,-4.6448917,0.009519086,0.81032807
real,00001974_007.png,1974,,cardiomegaly_0,-4.1196938,0.015989667,0.7003337
real,00009699_000.png,9699,,cardiomegaly_0,3.6075554,0.9735979,0.7386011
real,00014838_000.png,14838,,cardiomegaly_0,-3.8700829,0.02043053,0.71147764
real,00012919_000.png,12919,,cardiomegaly_0,0.024951935,0.5062376,0.09829937
real,00006526_000.png,6526,,cardiomegaly_0,-4.7286777,0.0087607205,0.822892
real,00008054_000.png,8054,,cardiomegaly_0,-4.9478188,0.007048838,0.89482445
real,00009652_000.png,9652,,cardiomegaly_0,4.453924,0.98850095,0.83417964
real,00012585_002.png,12585,,cardiomegaly_0,-4.309387,0.013263499,0.79086053
real,00012086_000.png,12086,,cardiomegaly_0,-4.4977875,0.011011011,0.81139123
real,00025908_000.png,25908,,cardiomegaly_0,-4.711567,0.008910567,0.856923
real,00016842_000.png,16842,,cardiomegaly_0,-4.9964314,0.006716617,0.9224542
real,00008593_002.png,8593,,cardiomegaly_0,-5.0165977,0.0065834066,0.8965424
real,00019857_001.png,19857,,cardiomegaly_0,-4.2498455,0.0140657695,0.74356806
real,00017111_008.png,17111,,cardiomegaly_0,-4.3260193,0.013047578,0.7723756
real,00021652_000.png,21652,,cardiomegaly_0,-5.151348,0.005758242,0.91562414
real,00022883_016.png,22883,,cardiomegaly_0,-0.54003334,0.36817983,0.21574189
real,00004378_001.png,4378,,cardiomegaly_0,-5.1687565,0.0056594303,0.92217505
real,00021705_000.png,21705,,cardiomegaly_0,-4.6755238,0.00923457,0.8741538
real,00016769_000.png,16769,,cardiomegaly_0,2.8453197,0.9450762,0.39685866
real,00008806_009.png,8806,,cardiomegaly_0,-1.4970379,0.18286774,0.076969236
real,00016789_006.png,16789,,cardiomegaly_0,-4.0113525,0.017786788,0.7247276
real,00018044_004.png,18044,,cardiomegaly_0,-4.1560116,0.015428174,0.5935287
real,00000463_000.png,463,,cardiomegaly_0,-4.477625,0.011232755,0.742506
real,00012017_000.png,12017,,cardiomegaly_0,-4.4823437,0.011180467,0.8270659
real,00009369_000.png,9369,,cardiomegaly_0,-4.8560123,0.007721368,0.86756986
real,00001059_006.png,1059,,cardiomegaly_0,-4.2034206,0.0147243235,0.6756414
real,00005532_033.png,5532,,cardiomegaly_0,3.3744164,0.96689534,0.3223047
real,00009409_002.png,9409,,cardiomegaly_0,-4.822754,0.0079804035,0.886224
real,00025432_000.png,25432,,cardiomegaly_0,-3.580473,0.027107239,0.57093203
real,00014523_000.png,14523,,cardiomegaly_0,-4.289215,0.013530112,0.7671107
real,00027084_000.png,27084,,cardiomegaly_0,-4.8321114,0.007906663,0.89114326
real,00007719_000.png,7719,,cardiomegaly_0,-4.542696,0.010532555,0.84401804
real,00012585_014.png,12585,,cardiomegaly_0,-4.574932,0.010201849,0.7795661
real,00006791_002.png,6791,,cardiomegaly_0,-2.7689304,0.059026394,0.3993099
real,00016789_008.png,16789,,cardiomegaly_0,-4.516882,0.010805006,0.8395779
real,00018603_000.png,18603,,cardiomegaly_0,-4.2347546,0.014276591,0.7497639
real,00012400_000.png,12400,,cardiomegaly_0,-4.641138,0.009554543,0.8318936
real,00026299_001.png,26299,,cardiomegaly_0,-4.287279,0.013555975,0.7251722
real,00000821_000.png,821,,cardiomegaly_0,-4.0492115,0.01713731,0.64324635
real,00003570_005.png,3570,,cardiomegaly_0,-4.751566,0.008564179,0.86327255
real,00012476_001.png,12476,,cardiomegaly_0,-4.8698044,0.0076164114,0.8933848
real,00023964_000.png,23964,,cardiomegaly_0,-4.3762474,0.012416346,0.7406515
real,00006002_003.png,6002,,cardiomegaly_0,-4.569727,0.010254544,0.74826133
real,00008806_000.png,8806,,cardiomegaly_0,-3.5474854,0.027990907,0.5446039
real,00030149_000.png,30149,,cardiomegaly_0,-4.8292427,0.0079291975,0.8574265
real,00010936_001.png,10936,,cardiomegaly_0,-3.2757072,0.036414042,0.50628316
real,00024948_000.png,24948,,cardiomegaly_0,-4.7889175,0.008252785,0.860818
real,00029393_000.png,29393,,cardiomegaly_0,-4.3920097,0.012224543,0.7839553
real,00023266_005.png,23266,,cardiomegaly_0,-3.9305706,0.019254453,0.5960498
real,00018284_023.png,18284,,cardiomegaly_0,-4.2345467,0.014279517,0.8018097
real,00006024_002.png,6024,,cardiomegaly_0,-3.8607178,0.020618798,0.73535544
real,00016724_002.png,16724,,cardiomegaly_0,-4.555254,0.010402481,0.84165967
real,00009936_000.png,9936,,cardiomegaly_0,-0.81715584,0.30636773,0.12497115
real,00010682_000.png,10682,,cardiomegaly_0,-4.338928,0.012882385,0.72401077
real,00003785_006.png,3785,,cardiomegaly_0,-3.9000874,0.019838607,0.6232257
real,00015938_000.png,15938,,cardiomegaly_0,-4.4824314,0.011179496,0.7868341
real,00013952_006.png,13952,,cardiomegaly_0,-2.9778576,0.04843628,0.33579758
real,00014352_004.png,14352,,cardiomegaly_0,-4.858204,0.0077045946,0.85998905
real,00004547_000.png,4547,,cardiomegaly_0,-4.8277016,0.00794133,0.8872747
real,00029140_000.png,29140,,cardiomegaly_0,-3.1674175,0.04041044,0.522399
real,00012625_012.png,12625,,cardiomegaly_0,-5.0700264,0.006243034,0.91661006
real,00011987_000.png,11987,,cardiomegaly_0,-4.418785,0.011905415,0.80643815
real,00016388_000.png,16388,,cardiomegaly_0,-4.0264225,0.017525412,0.77615666
real,00021362_000.png,21362,,cardiomegaly_0,-4.365835,0.012544673,0.7705021
real,00002515_001.png,2515,,cardiomegaly_0,-4.2253876,0.014409012,0.71868765
real,00028465_001.png,28465,,cardiomegaly_0,-4.2780666,0.013679721,0.7317709
real,00025466_000.png,25466,,cardiomegaly_0,-5.0264626,0.0065192035,0.9040745
real,00018822_000.png,18822,,cardiomegaly_0,-4.7448387,0.008621488,0.85569274
real,00010481_004.png,10481,,cardiomegaly_0,-4.1414776,0.015650509,0.7432914
real,00024245_000.png,24245,,cardiomegaly_0,-4.759487,0.008497182,0.8775885
real,00022341_000.png,22341,,cardiomegaly_0,-4.6426067,0.009540654,0.84016675
real,00008318_000.png,8318,,cardiomegaly_0,3.9815636,0.9816852,0.68729824
real,00022532_000.png,22532,,cardiomegaly_0,-4.685814,0.009140896,0.886761
real,00018044_041.png,18044,,cardiomegaly_0,-2.538229,0.07322126,0.27796403
real,00001248_034.png,1248,,cardiomegaly_0,-3.787506,0.022150274,0.6451304
real,00030001_000.png,30001,,cardiomegaly_0,-4.2749367,0.0137220165,0.80969715
real,00016123_000.png,16123,,cardiomegaly_0,-4.114147,0.01607717,0.7541875
real,00001075_044.png,1075,,cardiomegaly_0,4.4388447,0.9883283,0.83700055
real,00022155_017.png,22155,,cardiomegaly_0,-1.0033569,0.2682819,0.16265982
real,00020312_030.png,20312,,cardiomegaly_0,-4.0750732,0.0167071,0.7274836
real,00003362_002.png,3362,,cardiomegaly_0,-4.3000736,0.013385945,0.7977124
real,00020572_001.png,20572,,cardiomegaly_0,-4.5268936,0.0106985215,0.78089654
real,00009138_022.png,9138,,cardiomegaly_0,0.19947433,0.5497039,0.20081653
real,00007131_006.png,7131,,cardiomegaly_0,-4.943617,0.0070783086,0.8928582
real,00012329_001.png,12329,,cardiomegaly_0,-4.4882355,0.0111155175,0.80475485
real,00008185_000.png,8185,,cardiomegaly_0,3.6329517,0.974243,0.7575086
real,00018547_000.png,18547,,cardiomegaly_0,-4.8975964,0.007409197,0.86529875
real,00029423_000.png,29423,,cardiomegaly_0,-3.4867249,0.029692318,0.69774854
real,00017326_001.png,17326,,cardiomegaly_0,-5.061699,0.0062949113,0.90248793
real,00014307_001.png,14307,,cardiomegaly_0,-4.9373074,0.0071227914,0.88046765
real,00006674_000.png,6674,,cardiomegaly_0,-4.7345085,0.008710231,0.8599855
real,00018044_003.png,18044,,cardiomegaly_0,-3.7535038,0.022898842,0.6268116
real,00019406_000.png,19406,,cardiomegaly_0,-4.894699,0.0074305353,0.8638672
real,00003896_004.png,3896,,cardiomegaly_0,-4.7711716,0.008399304,0.8801868
real,00011932_003.png,11932,,cardiomegaly_0,-2.816372,0.05644585,0.44806758
real,00019317_000.png,19317,,cardiomegaly_0,-4.4104576,0.012003776,0.7713621
real,00002139_000.png,2139,,cardiomegaly_0,-4.5231266,0.010738464,0.8110219
real,00013678_003.png,13678,,cardiomegaly_0,-3.4947395,0.029462278,0.5426015
real,00016512_001.png,16512,,cardiomegaly_0,-4.0161457,0.01770324,0.7034589
real,00008502_000.png,8502,,cardiomegaly_0,-5.0611935,0.006298074,0.92407155
real,00014294_003.png,14294,,cardiomegaly_0,-3.3819828,0.032863315,0.5167304
real,00018011_000.png,18011,,cardiomegaly_0,-4.494112,0.011051108,0.75902027
real,00001203_002.png,1203,,cardiomegaly_0,-4.610199,0.009851814,0.82506615
real,00005250_001.png,5250,,cardiomegaly_0,-3.7335453,0.023349684,0.63033104
real,00028042_000.png,28042,,cardiomegaly_0,-4.7019997,0.008995455,0.8232693
real,00017330_000.png,17330,,cardiomegaly_0,-4.756893,0.008519065,0.8900017
real,00010936_003.png,10936,,cardiomegaly_0,-2.2162876,0.09829735,0.31366974
real,00011380_022.png,11380,,cardiomegaly_0,-3.5824566,0.027054977,0.58112055
real,00009105_003.png,9105,,cardiomegaly_0,-4.2510357,0.014049274,0.740916
real,00006012_000.png,6012,,cardiomegaly_0,-4.282057,0.013625988,0.8267869
real,00006040_005.png,6040,,cardiomegaly_0,-3.2309666,0.03801688,0.53972447
real,00011279_000.png,11279,,cardiomegaly_0,-4.225128,0.014412697,0.731548
real,00016485_000.png,16485,,cardiomegaly_0,-1.6004333,0.16792107,0.1409855
real,00003094_003.png,3094,,cardiomegaly_0,-4.1602936,0.015363263,0.6215023
real,00020699_001.png,20699,,cardiomegaly_0,-2.1111984,0.10801315,0.27902228
real,00001213_003.png,1213,,cardiomegaly_0,-4.676981,0.0092212465,0.84854215
real,00028764_000.png,28764,,cardiomegaly_0,-5.0328045,0.0064782565,0.9263067
real,00005501_000.png,5501,,cardiomegaly_0,-5.330242,0.0048195566,0.91310054
real,00012051_004.png,12051,,cardiomegaly_0,-4.544504,0.010513727,0.809648
real,00023621_000.png,23621,,cardiomegaly_0,-4.6799145,0.009194484,0.8363993
real,00001174_000.png,1174,,cardiomegaly_0,-4.5075836,0.010904843,0.83043003
real,00012536_001.png,12536,,cardiomegaly_0,-2.6395874,0.06663369,0.32801834
real,00004490_005.png,4490,,cardiomegaly_0,-4.566782,0.010284476,0.8332208
real,00014462_001.png,14462,,cardiomegaly_0,-4.8468857,0.0077916095,0.8637483
real,00007623_002.png,7623,,cardiomegaly_0,-4.798395,0.008175574,0.918848
real,00015449_000.png,15449,,cardiomegaly_0,-2.8276825,0.055846464,0.5206612
real,00002585_001.png,2585,,cardiomegaly_0,-4.079445,0.016635435,0.78472686
real,00001292_000.png,1292,,cardiomegaly_0,-4.551668,0.01043946,0.78822243
real,00007313_002.png,7313,,cardiomegaly_0,-3.4887981,0.029632645,0.626651
real,00024273_000.png,24273,,cardiomegaly_0,-4.5139885,0.010835976,0.7715251
real,00008728_000.png,8728,,cardiomegaly_0,-4.9067116,0.0073424615,0.8675734
real,00025832_003.png,25832,,cardiomegaly_0,-3.157549,0.040794857,0.4562688
real,00010453_000.png,10453,,cardiomegaly_0,-4.7587395,0.008503484,0.82571286
real,00004589_000.png,4589,,cardiomegaly_0,-4.1307774,0.01581621,0.7712671
real,00021375_007.png,21375,,cardiomegaly_0,-4.387846,0.012274924,0.84312737
real,00007019_001.png,7019,,cardiomegaly_0,-4.739813,0.00866455,0.8569338
real,00011910_003.png,11910,,cardiomegaly_0,-4.825451,0.007959081,0.83012
real,00015056_005.png,15056,,cardiomegaly_0,-4.334177,0.012942945,0.8132947
real,00028766_002.png,28766,,cardiomegaly_0,-2.426876,0.08114609,0.31669325
real,00017020_000.png,17020,,cardiomegaly_0,-4.0605736,0.016946977,0.63426596
real,00016939_000.png,16939,,cardiomegaly_0,-4.3160095,0.013177107,0.7704505
real,00015795_003.png,15795,,cardiomegaly_0,-4.0363464,0.017355355,0.7462768
real,00006024_006.png,6024,,cardiomegaly_0,-3.7306232,0.023416411,0.58111465
real,00016191_019.png,16191,,cardiomegaly_0,-4.6898575,0.009104345,0.8030105
real,00017747_061.png,17747,,cardiomegaly_0,-4.2989693,0.013400538,0.87873864
real,00010246_000.png,10246,,cardiomegaly_0,-1.4332066,0.19259956,0.17840104
real,00004943_000.png,4943,,cardiomegaly_0,-4.2997303,0.013390481,0.6799049
real,00021288_000.png,21288,,cardiomegaly_0,-4.750551,0.008572799,0.8694258
real,00025046_000.png,25046,,cardiomegaly_0,-4.95347,0.007009392,0.8826944
real,00015338_003.png,15338,,cardiomegaly_0,-4.312435,0.013223668,0.72377795
real,00014504_000.png,14504,,cardiomegaly_0,-4.414707,0.0119534815,0.80490875
real,00014281_000.png,14281,,cardiomegaly_0,-4.6288643,0.009671395,0.8200969
real,00006098_007.png,6098,,cardiomegaly_0,-4.5190926,0.010781404,0.79050314
real,00004695_000.png,4695,,cardiomegaly_0,-4.080097,0.016624767,0.61497957
real,00027153_001.png,27153,,cardiomegaly_0,-2.7007694,0.06292797,0.50012785
real,00028027_002.png,28027,,cardiomegaly_0,-1.8216419,0.13923697,0.18819378
real,00004834_000.png,4834,,cardiomegaly_0,-4.9561234,0.0069909496,0.8934321
real,00006002_001.png,6002,,cardiomegaly_0,-4.8477287,0.0077850944,0.86277187
real,00002825_001.png,2825,,cardiomegaly_0,-4.955145,0.0069977455,0.8420347
real,00021569_000.png,21569,,cardiomegaly_0,-4.628544,0.009674464,0.8883495
real,00013138_002.png,13138,,cardiomegaly_0,-4.248472,0.014084828,0.7678061
real,00014029_000.png,14029,,cardiomegaly_0,-5.0617695,0.00629447,0.89738667
real,00021614_001.png,21614,,cardiomegaly_0,-4.5079746,0.010900626,0.8227207
real,00014045_000.png,14045,,cardiomegaly_0,-3.6135578,0.026248232,0.5659675
real,00006202_000.png,6202,,cardiomegaly_0,6.7745094,0.9988588,0.9821482
real,00020060_007.png,20060,,cardiomegaly_0,0.55537796,0.6353824,0.18943521
real,00001587_000.png,1587,,cardiomegaly_0,-4.7495136,0.0085816225,0.82519376
real,00020674_000.png,20674,,cardiomegaly_0,-4.54928,0.010464158,0.81018597
real,00022763_000.png,22763,,cardiomegaly_0,-3.625391,0.025947474,0.57025355
real,00025832_004.png,25832,,cardiomegaly_0,-3.4470863,0.03085587,0.5767303
real,00000877_007.png,877,,cardiomegaly_0,-5.052162,0.006354848,0.875781
real,00008733_000.png,8733,,cardiomegaly_0,-4.6793118,0.009199977,0.86821574
real,00005903_000.png,5903,,cardiomegaly_0,-3.4481506,0.030824058,0.5309839
real,00030781_000.png,30781,,cardiomegaly_0,3.0561218,0.95504606,0.4785921
real,00026409_000.png,26409,,cardiomegaly_0,-4.008629,0.017834434,0.7070196
real,00000872_000.png,872,,cardiomegaly_0,-4.412161,0.011983592,0.7574858
real,00015597_000.png,15597,,cardiomegaly_0,-4.4625683,0.011401218,0.7629119
real,00005395_001.png,5395,,cardiomegaly_0,-1.6244316,0.1645946,0.15651512
real,00008081_019.png,8081,,cardiomegaly_0,-3.2660713,0.036753662,0.4970364
real,00001733_001.png,1733,,cardiomegaly_0,-4.925165,0.007209177,0.8727742
real,00020642_006.png,20642,,cardiomegaly_0,-4.401615,0.012109099,0.8399426
real,00008489_015.png,8489,,cardiomegaly_0,-4.152363,0.015483697,0.7372063
real,00019575_000.png,19575,,cardiomegaly_0,3.153595,0.9590501,0.4181909
real,00008342_023.png,8342,,cardiomegaly_0,-4.25161,0.014041324,0.72771823
real,00024797_000.png,24797,,cardiomegaly_0,-4.6562996,0.009412127,0.85816395
real,00008779_000.png,8779,,cardiomegaly_0,-4.359974,0.012617485,0.77787006
real,00003812_002.png,3812,,cardiomegaly_0,-4.92663,0.0071987007,0.90804386
real,00019544_000.png,19544,,cardiomegaly_0,-4.2716274,0.013766875,0.7769694
real,00003804_001.png,3804,,cardiomegaly_0,-4.484207,0.011159883,0.8361966
real,00004909_005.png,4909,,cardiomegaly_0,0.84220123,0.6989286,0.22391437
real,00029543_002.png,29543,,cardiomegaly_0,2.0506554,0.88601387,0.30782676
real,00022582_001.png,22582,,cardiomegaly_0,-4.6424465,0.009542168,0.8124747
real,00000463_001.png,463,,cardiomegaly_0,-4.369812,0.012495507,0.7385991
real,00000796_004.png,796,,cardiomegaly_0,3.7988415,0.9780939,0.85708624
real,00022155_012.png,22155,,cardiomegaly_0,-1.593153,0.16894075,0.15733194
real,00012304_002.png,12304,,cardiomegaly_0,-3.241459,0.037635013,0.49887747
real,00003570_001.png,3570,,cardiomegaly_0,-4.711546,0.008910752,0.86150974
real,00015449_002.png,15449,,cardiomegaly_0,-4.386053,0.012296679,0.80456334
real,00023776_000.png,23776,,cardiomegaly_0,-4.184248,0.015005074,0.7531207
real,00001606_004.png,1606,,cardiomegaly_0,-4.4343567,0.011723622,0.80389214
real,00026795_000.png,26795,,cardiomegaly_0,-3.8187695,0.021483144,0.7190685
real,00030805_000.png,30805,,cardiomegaly_0,-4.4553623,0.011482725,0.8153966
real,00017747_023.png,17747,,cardiomegaly_0,-3.267685,0.036696576,0.56622356
real,00010348_001.png,10348,,cardiomegaly_0,-4.708185,0.008940481,0.8718802
real,00016929_001.png,16929,,cardiomegaly_0,3.2738361,0.9635203,0.50850934
real,00002120_001.png,2120,,cardiomegaly_0,-3.6694527,0.024856808,0.54822195
real,00011598_028.png,11598,,cardiomegaly_0,-3.4511032,0.030735975,0.51140666
real,00003064_010.png,3064,,cardiomegaly_0,-5.0419807,0.0064194626,0.85599434
real,00014076_000.png,14076,,cardiomegaly_0,-5.310095,0.00491716,0.93659514
real,00001059_005.png,1059,,cardiomegaly_0,-3.0698204,0.04436944,0.38611495
real,00015977_000.png,15977,,cardiomegaly_0,-4.658161,0.009394786,0.84221184
real,00010135_000.png,10135,,cardiomegaly_0,-0.22099304,0.4449755,0.116681494
real,00014025_000.png,14025,,cardiomegaly_0,-3.9729004,0.018471168,0.7741715
real,00005587_000.png,5587,,cardiomegaly_0,-4.7558327,0.008528027,0.88057095
real,00011764_007.png,11764,,cardiomegaly_0,0.24240494,0.56030625,0.11514126
real,00028256_000.png,28256,,cardiomegaly_0,-4.503605,0.01094784,0.7949462
real,00010131_001.png,10131,,cardiomegaly_0,-4.6978188,0.009032802,0.86896145
real,00008184_003.png,8184,,cardiomegaly_0,-4.7742195,0.008373957,0.85991275
real,00003916_000.png,3916,,cardiomegaly_0,-2.3428783,0.087633505,0.2225382
real,00000273_004.png,273,,cardiomegaly_0,-1.5889473,0.16953205,0.14009927
real,00023343_000.png,23343,,cardiomegaly_0,-4.3114147,0.01323699,0.77333874
real,00001292_001.png,1292,,cardiomegaly_0,-3.2469978,0.037434913,0.46149483
real,00001470_002.png,1470,,cardiomegaly_0,-3.8558064,0.020718213,0.7586519
real,00017545_000.png,17545,,cardiomegaly_0,-4.2503643,0.014058576,0.73543036
real,00013441_000.png,13441,,cardiomegaly_0,-4.0852833,0.016540196,0.702927
real,00010920_004.png,10920,,cardiomegaly_0,-4.651411,0.0094578145,0.8521991
real,00007313_001.png,7313,,cardiomegaly_0,-4.354618,0.012684385,0.832702
real,00000304_001.png,304,,cardiomegaly_0,-1.4074516,0.1966363,0.20444039
real,00010481_031.png,10481,,cardiomegaly_0,-4.3934155,0.012207581,0.7618313
real,00022155_024.png,22155,,cardiomegaly_0,-4.0201454,0.017633822,0.6435804
real,00011603_000.png,11603,,cardiomegaly_0,-4.6383133,0.009581312,0.8580673
real,00001230_001.png,1230,,cardiomegaly_0,-4.808098,0.008097271,0.8393306
real,00017824_001.png,17824,,cardiomegaly_0,-4.520735,0.010763903,0.740653
real,00028706_000.png,28706,,cardiomegaly_0,-0.77095413,0.31627274,0.18177885
real,00012989_001.png,12989,,cardiomegaly_0,-3.803997,0.021795888,0.58060324
real,00029493_000.png,29493,,cardiomegaly_0,-4.8637486,0.007662321,0.8961403
real,00005579_000.png,5579,,cardiomegaly_0,-4.2296886,0.014348059,0.6661887
real,00015795_004.png,15795,,cardiomegaly_0,-3.759819,0.022757968,0.67826116
real,00000262_000.png,262,,cardiomegaly_0,-4.8312263,0.007913608,0.8528576
real,00019413_000.png,19413,,cardiomegaly_0,-3.5183659,0.028794158,0.6287474
real,00008147_000.png,8147,,cardiomegaly_0,-4.9441414,0.0070746224,0.90587234
real,00012951_000.png,12951,,cardiomegaly_0,-3.2938557,0.03578258,0.40176123
real,00024613_000.png,24613,,cardiomegaly_0,-4.3728104,0.012458561,0.7706959
real,00003577_000.png,3577,,cardiomegaly_0,-4.521862,0.010751907,0.816809
real,00014352_007.png,14352,,cardiomegaly_0,-3.3056374,0.0353783,0.446201
real,00016509_000.png,16509,,cardiomegaly_0,-3.5746937,0.027260073,0.66191626
real,00010696_000.png,10696,,cardiomegaly_0,-4.0819626,0.016594298,0.67548645
real,00013591_000.png,13591,,cardiomegaly_0,-4.625574,0.009702959,0.8597795
real,00027305_000.png,27305,,cardiomegaly_0,-4.876692,0.00756453,0.88704515
real,00018488_002.png,18488,,cardiomegaly_0,-4.458025,0.011452541,0.8321631
real,00012626_005.png,12626,,cardiomegaly_0,-4.5132904,0.01084346,0.85933447
real,00023423_000.png,23423,,cardiomegaly_0,-5.0504932,0.006365395,0.9087095
real,00010481_040.png,10481,,cardiomegaly_0,-4.208132,0.014656133,0.73846054
real,00015111_000.png,15111,,cardiomegaly_0,-4.507633,0.0109043075,0.7877388
real,00023085_009.png,23085,,cardiomegaly_0,-4.5805244,0.010145532,0.862757
real,00011328_000.png,11328,,cardiomegaly_0,-4.5218945,0.010751562,0.82383424
real,00028475_000.png,28475,,cardiomegaly_0,-3.224802,0.03824297,0.42646083
real,00022677_005.png,22677,,cardiomegaly_0,1.2998409,0.7858082,0.12947027
real,00003464_000.png,3464,,cardiomegaly_0,-4.958292,0.0069759106,0.89178324
real,00010295_000.png,10295,,cardiomegaly_0,-4.8657837,0.007646862,0.8551022
real,00022527_000.png,22527,,cardiomegaly_0,-4.8278275,0.007940337,0.81713915
real,00013970_009.png,13970,,cardiomegaly_0,-4.409281,0.012017741,0.7801936
real,00001203_003.png,1203,,cardiomegaly_0,-4.5945854,0.0100052925,0.84193057
real,00015228_000.png,15228,,cardiomegaly_0,-1.2341385,0.22545794,0.12576804
real,00001136_001.png,1136,,cardiomegaly_0,-0.8862457,0.2918852,0.13654377
real,00006040_009.png,6040,,cardiomegaly_0,-4.214905,0.014558643,0.6501348
real,00008441_000.png,8441,,cardiomegaly_0,-5.0793,0.006185763,0.90531117
real,00015740_000.png,15740,,cardiomegaly_0,-4.1276455,0.015865033,0.69638944
real,00007109_011.png,7109,,cardiomegaly_0,-4.228342,0.014367116,0.67338735
real,00019496_000.png,19496,,cardiomegaly_0,-4.695734,0.009051482,0.8035328
real,00022882_000.png,22882,,cardiomegaly_0,-4.5938377,0.010012701,0.87538993
real,00022500_000.png,22500,,cardiomegaly_0,-4.0472546,0.017170303,0.7332754
real,00011380_008.png,11380,,cardiomegaly_0,-4.232771,0.014304534,0.7064565
real,00000386_000.png,386,,cardiomegaly_0,-4.3265667,0.0130405305,0.777873
real,00022196_002.png,22196,,cardiomegaly_0,-3.132492,0.041786708,0.48082694
real,00018597_002.png,18597,,cardiomegaly_0,-5.09478,0.006091323,0.8892472
real,00013969_008.png,13969,,cardiomegaly_0,-4.2572823,0.013963009,0.79829955
real,00029579_007.png,29579,,cardiomegaly_0,-1.4697533,0.18698011,0.22438426
real,00020485_005.png,20485,,cardiomegaly_0,-4.669792,0.009287157,0.79398954
real,00005002_001.png,5002,,cardiomegaly_0,3.9323387,0.98077893,0.7068324
real,00028053_000.png,28053,,cardiomegaly_0,-5.272955,0.005102267,0.9242892
real,00000417_003.png,417,,cardiomegaly_0,-3.9776077,0.018386018,0.58894664
real,00016439_000.png,16439,,cardiomegaly_0,-4.85919,0.00769706,0.8828473
real,00020531_000.png,20531,,cardiomegaly_0,-4.4169235,0.011927334,0.7800875
real,00015435_001.png,15435,,cardiomegaly_0,-4.6363964,0.009599519,0.78947985
real,00002595_001.png,2595,,cardiomegaly_0,-4.884426,0.0075066863,0.84866405
real,00016512_000.png,16512,,cardiomegaly_0,-4.717106,0.008861784,0.8467264
real,00021023_004.png,21023,,cardiomegaly_0,0.4400196,0.6082637,0.13896899
real,00009273_002.png,9273,,cardiomegaly_0,-4.2928066,0.013482259,0.7717456
real,00002292_001.png,2292,,cardiomegaly_0,-4.7460537,0.008611109,0.8409917
real,00000757_000.png,757,,cardiomegaly_0,-4.2326202,0.014306657,0.7910706
real,00006711_000.png,6711,,cardiomegaly_0,1.4733448,0.81356525,0.35544705
real,00016261_001.png,16261,,cardiomegaly_0,1.4232578,0.80584866,0.18057817
real,00002816_003.png,2816,,cardiomegaly_0,-4.3241005,0.01307231,0.7982053
real,00009378_002.png,9378,,cardiomegaly_0,-4.6013584,0.009938426,0.8521056
real,00023266_004.png,23266,,cardiomegaly_0,-4.509823,0.010880716,0.8189725
real,00003094_004.png,3094,,cardiomegaly_0,-4.1203327,0.015979616,0.613298
real,00026807_000.png,26807,,cardiomegaly_0,-4.99918,0.0066983057,0.89580613
real,00012086_001.png,12086,,cardiomegaly_0,-4.1121235,0.016109215,0.73228616
real,00003917_000.png,3917,,cardiomegaly_0,-4.234232,0.014283948,0.724651
real,00010445_003.png,10445,,cardiomegaly_0,-4.906206,0.0073461463,0.8636956
real,00016184_001.png,16184,,cardiomegaly_0,-4.1303177,0.015823368,0.65077645
real,00011598_017.png,11598,,cardiomegaly_0,-4.296915,0.013427724,0.77989554
real,00025290_002.png,25290,,cardiomegaly_0,-3.6920567,0.024314756,0.6384742
real,00012363_004.png,12363,,cardiomegaly_0,-4.98374,0.006801821,0.9056037
real,00011813_000.png,11813,,cardiomegaly_0,-4.7330265,0.008723036,0.79880065
real,00010732_000.png,10732,,cardiomegaly_0,-3.183979,0.03977309,0.49317622
real,00026927_000.png,26927,,cardiomegaly_0,-3.0596466,0.044802826,0.52185357
real,00017786_013.png,17786,,cardiomegaly_0,-4.5045204,0.010937931,0.80312216
real,00018642_000.png,18642,,cardiomegaly_0,-2.7048988,0.06268491,0.36240843
real,00009668_000.png,9668,,cardiomegaly_0,-4.9445763,0.007071569,0.91488075
real,00005245_000.png,5245,,cardiomegaly_0,-4.5616055,0.010337301,0.82022977
real,00010120_004.png,10120,,cardiomegaly_0,-4.231123,0.014327789,0.76398826
real,00007018_005.png,7018,,cardiomegaly_0,-5.0242653,0.0065334495,0.9144248
real,00030385_000.png,30385,,cardiomegaly_0,-4.701893,0.008996407,0.8645721
real,00021631_001.png,21631,,cardiomegaly_0,-4.6557713,0.009417054,0.86553895
real,00005443_000.png,5443,,cardiomegaly_0,-4.0069027,0.017864695,0.7230951
real,00003439_007.png,3439,,cardiomegaly_0,-4.2368336,0.014247363,0.7950198
real,00021114_001.png,21114,,cardiomegaly_0,-4.2378654,0.014232879,0.7452273
real,00006135_000.png,6135,,cardiomegaly_0,6.666321,0.9987286,0.9668021
real,00006123_001.png,6123,,cardiomegaly_0,-5.0258484,0.0065231826,0.91721445
real,00004926_000.png,4926,,cardiomegaly_0,3.293089,0.96419096,0.6243763
real,00019435_003.png,19435,,cardiomegaly_0,-5.107382,0.006015502,0.9035113
real,00019535_002.png,19535,,cardiomegaly_0,-5.116951,0.0059585543,0.8770651
real,00008342_001.png,8342,,cardiomegaly_0,-0.035629272,0.49109364,0.07352114
real,00014843_000.png,14843,,cardiomegaly_0,-3.7416115,0.023166442,0.5978469
real,00002492_010.png,2492,,cardiomegaly_0,-4.8021755,0.008144977,0.8482058
real,00020716_002.png,20716,,cardiomegaly_0,-3.1496372,0.041105576,0.48570547
real,00027353_000.png,27353,,cardiomegaly_0,-4.7556705,0.008529398,0.8086146
real,00013969_007.png,13969,,cardiomegaly_0,-4.532961,0.010634495,0.8704095
real,00010489_000.png,10489,,cardiomegaly_0,-4.1514206,0.015498066,0.7032715
real,00018011_009.png,18011,,cardiomegaly_0,-3.0228539,0.046404026,0.33529773
real,00016518_000.png,16518,,cardiomegaly_0,-3.9736652,0.018457307,0.72485816
real,00013214_001.png,13214,,cardiomegaly_0,-4.4289875,0.011785992,0.8044161
real,00007792_000.png,7792,,cardiomegaly_0,-5.2695923,0.005119365,0.9119827
real,00012949_001.png,12949,,cardiomegaly_0,-4.856989,0.0077138892,0.87143075
real,00028570_000.png,28570,,cardiomegaly_0,-4.2265644,0.01439231,0.7777046
real,00003628_000.png,3628,,cardiomegaly_0,-3.9959793,0.018057363,0.72780037
real,00026658_002.png,26658,,cardiomegaly_0,-4.7747993,0.008369143,0.83906883
real,00006490_000.png,6490,,cardiomegaly_0,-4.235916,0.014260254,0.7779383
real,00012178_002.png,12178,,cardiomegaly_0,-3.461382,0.030431231,0.42123592
real,00018037_019.png,18037,,cardiomegaly_0,-4.3147316,0.013193737,0.7904206
real,00013360_000.png,13360,,cardiomegaly_0,-4.3247604,0.0130638,0.7448403
real,00003640_000.png,3640,,cardiomegaly_0,-4.89032,0.0074629034,0.8702214
real,00016568_001.png,16568,,cardiomegaly_0,-4.5756836,0.010194263,0.76439655
real,00015475_000.png,15475,,cardiomegaly_0,-4.7745323,0.00837136,0.85652345
real,00029314_000.png,29314,,cardiomegaly_0,-4.851412,0.007756696,0.87319136
real,00018011_019.png,18011,,cardiomegaly_0,-4.6675434,0.009307871,0.81928086
real,00009709_007.png,9709,,cardiomegaly_0,-4.5371227,0.010590795,0.81225353
real,00002686_000.png,2686,,cardiomegaly_0,0.93035316,0.71714693,0.29197228
real,00025453_000.png,25453,,cardiomegaly_0,-4.512203,0.010855128,0.7771541
real,00019716_003.png,19716,,cardiomegaly_0,4.8471565,0.9922105,0.7441229
real,00003792_001.png,3792,,cardiomegaly_0,-3.1241646,0.04212142,0.46361852
real,00008184_002.png,8184,,cardiomegaly_0,-4.8149548,0.008042384,0.8578227
real,00000869_006.png,869,,cardiomegaly_0,-4.4776897,0.011232034,0.7363173
real,00022574_001.png,22574,,cardiomegaly_0,-4.7594223,0.008497728,0.86585206
real,00030139_000.png,30139,,cardiomegaly_0,-3.6502628,0.025326215,0.58571726
real,00010131_005.png,10131,,cardiomegaly_0,-4.6372166,0.009591725,0.8363178
real,00018016_005.png,18016,,cardiomegaly_0,-1.8589287,0.13482796,0.306509
real,00030091_000.png,30091,,cardiomegaly_0,-4.791744,0.008229681,0.85256845
real,00029426_000.png,29426,,cardiomegaly_0,-4.6623325,0.009356044,0.85931003
real,00012902_001.png,12902,,cardiomegaly_0,-4.7224255,0.008815182,0.87822694
real,00016865_001.png,16865,,cardiomegaly_0,-4.6735535,0.009252613,0.84542185
real,00008802_008.png,8802,,cardiomegaly_0,-4.360443,0.012611642,0.76765126
real,00029295_000.png,29295,,cardiomegaly_0,-4.7941284,0.008210245,0.88151425
real,00003689_004.png,3689,,cardiomegaly_0,-5.0676384,0.0062578665,0.9095049
real,00003064_042.png,3064,,cardiomegaly_0,-5.2036057,0.0054666605,0.85840976
real,00017835_006.png,17835,,cardiomegaly_0,-3.64991,0.025334926,0.6154864
real,00011690_000.png,11690,,cardiomegaly_0,-4.823702,0.007972903,0.85425687
real,00004976_003.png,4976,,cardiomegaly_0,-3.5880604,0.026907861,0.50574714
real,00009381_000.png,9381,,cardiomegaly_0,4.041857,0.98273844,0.68740785
real,00010600_000.png,10600,,cardiomegaly_0,-3.884184,0.020150224,0.75415504
real,00028889_000.png,28889,,cardiomegaly_0,-4.4010754,0.012115558,0.7705095
real,00027693_000.png,27693,,cardiomegaly_0,-2.777998,0.05852477,0.30933172
real,00003769_002.png,3769,,cardiomegaly_0,-3.8930473,0.019975964,0.5977319
real,00019303_000.png,19303,,cardiomegaly_0,-4.653557,0.009437733,0.79962826
real,00013759_000.png,13759,,cardiomegaly_0,-4.9742813,0.0068660174,0.92563903
real,00016083_003.png,16083,,cardiomegaly_0,-4.3477154,0.012771123,0.7630259
real,00006981_018.png,6981,,cardiomegaly_0,-4.6792164,0.009200847,0.855569
real,00024924_000.png,24924,,cardiomegaly_0,-4.9144707,0.0072861244,0.8929768
real,00005532_041.png,5532,,cardiomegaly_0,-1.9719563,0.12217892,0.20870538
real,00011149_000.png,11149,,cardiomegaly_0,-4.3714485,0.0124753285,0.7884667
real,00005623_000.png,5623,,cardiomegaly_0,-5.025547,0.0065251356,0.8608639
real,00011116_000.png,11116,,cardiomegaly_0,-4.396963,0.012164874,0.7679757
real,00028822_001.png,28822,,cardiomegaly_0,-4.603695,0.009915463,0.8013003
real,00005410_003.png,5410,,cardiomegaly_0,-2.7108727,0.062334824,0.4968619
real,00023468_000.png,23468,,cardiomegaly_0,-4.9421234,0.0070888125,0.87090486
real,00010465_005.png,10465,,cardiomegaly_0,-4.0211887,0.017615756,0.73167497
real,00012536_004.png,12536,,cardiomegaly_0,-2.5138798,0.07489087,0.2793178
real,00012772_000.png,12772,,cardiomegaly_0,-4.48814,0.011116565,0.8310041
real,00009905_000.png,9905,,cardiomegaly_0,-2.3081589,0.090449505,0.29362756
real,00014094_000.png,14094,,cardiomegaly_0,-3.288103,0.035981588,0.47887328
real,00021346_000.png,21346,,cardiomegaly_0,-2.3482742,0.08720304,0.2263
real,00016801_003.png,16801,,cardiomegaly_0,-2.364565,0.08591502,0.2123045
real,00009335_000.png,9335,,cardiomegaly_0,-3.4414463,0.031024978,0.6074879
real,00009932_006.png,9932,,cardiomegaly_0,-0.7531624,0.3201326,0.081172496
real,00024029_000.png,24029,,cardiomegaly_0,-4.1528397,0.015476429,0.75455767
real,00005708_000.png,5708,,cardiomegaly_0,-5.043316,0.0064109527,0.8841247
real,00019911_000.png,19911,,cardiomegaly_0,-4.541424,0.010545821,0.81296635
real,00004608_000.png,4608,,cardiomegaly_0,-3.7270222,0.023498902,0.6910551
real,00010071_005.png,10071,,cardiomegaly_0,-3.7561226,0.022840323,0.68847483
real,00001548_000.png,1548,,cardiomegaly_0,-4.4169483,0.011927041,0.7917595
real,00011910_012.png,11910,,cardiomegaly_0,-4.876461,0.0075662625,0.8614743
real,00020811_020.png,20811,,cardiomegaly_0,-4.7867107,0.008270866,0.82167345
real,00029311_003.png,29311,,cardiomegaly_0,-4.8512707,0.0077577834,0.8940793
real,00003174_002.png,3174,,cardiomegaly_0,-4.9620323,0.0069500487,0.8814606
real,00024737_001.png,24737,,cardiomegaly_0,-5.0864563,0.0061419248,0.9161595
real,00027582_002.png,27582,,cardiomegaly_0,1.6489944,0.83875513,0.2113719
real,00003752_000.png,3752,,cardiomegaly_0,-4.778742,0.008336487,0.85349256
real,00010279_002.png,10279,,cardiomegaly_0,-0.84259415,0.3009887,0.11842504
real,00020502_001.png,20502,,cardiomegaly_0,-3.7294903,0.023442332,0.68108153
real,00029742_002.png,29742,,cardiomegaly_0,-4.6383667,0.009580805,0.77493113
real,00017381_000.png,17381,,cardiomegaly_0,-5.2425632,0.005258886,0.918839
real,00027326_000.png,27326,,cardiomegaly_0,-4.766859,0.008435299,0.87268853
real,00011359_000.png,11359,,cardiomegaly_0,-4.7416267,0.008648984,0.8598054
real,00005401_005.png,5401,,cardiomegaly_0,-4.3420506,0.012842741,0.7772738
real,00020884_000.png,20884,,cardiomegaly_0,-4.511059,0.010867422,0.8363588
real,00007795_000.png,7795,,cardiomegaly_0,-4.1939774,0.0148619525,0.7384146
real,00023636_000.png,23636,,cardiomegaly_0,-4.923849,0.007218602,0.85631746
real,00019201_010.png,19201,,cardiomegaly_0,-4.8744907,0.007581072,0.87872636
real,00014319_000.png,14319,,cardiomegaly_0,-1.0171871,0.26557568,0.16048625
real,00016498_001.png,16498,,cardiomegaly_0,-4.591715,0.010033766,0.8465924
real,00020286_025.png,20286,,cardiomegaly_0,-2.02063,0.117053874,0.25849137
real,00024192_000.png,24192,,cardiomegaly_0,-4.845381,0.007803252,0.8585184
real,00013886_000.png,13886,,cardiomegaly_0,-4.2663536,0.013838664,0.7389325
real,00004490_004.png,4490,,cardiomegaly_0,-4.5826797,0.01012391,0.8190684
real,00017603_029.png,17603,,cardiomegaly_0,-4.4473743,0.0115737505,0.70678204
real,00007935_000.png,7935,,cardiomegaly_0,5.028034,0.993491,0.8509318
real,00010650_000.png,10650,,cardiomegaly_0,-3.5890217,0.0268827,0.5474838
real,00007505_000.png,7505,,cardiomegaly_0,-4.8184357,0.008014662,0.85050434
real,00010286_001.png,10286,,cardiomegaly_0,-4.33815,0.012892285,0.74520224
real,00017835_002.png,17835,,cardiomegaly_0,-4.4071617,0.012042927,0.7866205
edit,00001059_006.png,1059,0.0,cardiomegaly_0,-3.816349,0.021534083,0.62630147
edit,00001174_000.png,1174,0.0,cardiomegaly_0,-4.2053432,0.014696457,0.7878494
edit,00001470_001.png,1470,0.0,cardiomegaly_0,0.0605793,0.5151402,0.26743087
edit,00001606_004.png,1606,0.0,cardiomegaly_0,-3.149538,0.041109484,0.5450413
edit,00002139_000.png,2139,0.0,cardiomegaly_0,-4.449381,0.0115508195,0.7962454
edit,00002355_005.png,2355,0.0,cardiomegaly_0,-1.255661,0.22172174,0.17131238
edit,00002492_010.png,2492,0.0,cardiomegaly_0,-4.8398857,0.007845912,0.85272795
edit,00002566_000.png,2566,0.0,cardiomegaly_0,-2.78899,0.057922047,0.40082628
edit,00003064_010.png,3064,0.0,cardiomegaly_0,-4.628956,0.009670517,0.8217471
edit,00003804_012.png,3804,0.0,cardiomegaly_0,-4.293146,0.013477745,0.73977953
edit,00003917_000.png,3917,0.0,cardiomegaly_0,-3.0313702,0.046028625,0.38819492
edit,00004057_000.png,4057,0.0,cardiomegaly_0,-4.7466736,0.008605819,0.7634649
edit,00005623_000.png,5623,0.0,cardiomegaly_0,-4.8225,0.007982412,0.8327941
edit,00006012_000.png,6012,0.0,cardiomegaly_0,-3.9195766,0.019463163,0.76778126
edit,00006791_002.png,6791,0.0,cardiomegaly_0,-2.2598896,0.09449982,0.27251285
edit,00006921_000.png,6921,0.0,cardiomegaly_0,-4.3565254,0.01266052,0.76271504
edit,00006981_017.png,6981,0.0,cardiomegaly_0,-4.3020134,0.01336035,0.7163653
edit,00007082_000.png,7082,0.0,cardiomegaly_0,-0.70746803,0.33015856,0.12611851
edit,00007159_000.png,7159,0.0,cardiomegaly_0,-2.4629173,0.07849904,0.29858205
edit,00007340_004.png,7340,0.0,cardiomegaly_0,-3.5454445,0.028046489,0.66565704
edit,00007589_000.png,7589,0.0,cardiomegaly_0,-5.241123,0.0052664247,0.9370619
edit,00007931_000.png,7931,0.0,cardiomegaly_0,-1.9406891,0.12557216,0.2484255
edit,00008142_005.png,8142,0.0,cardiomegaly_0,-5.0177155,0.0065761013,0.8867558
edit,00008147_000.png,8147,0.0,cardiomegaly_0,-4.916937,0.007268308,0.8945055
edit,00008184_003.png,8184,0.0,cardiomegaly_0,-4.28281,0.013615865,0.7931649
edit,00008359_000.png,8359,0.0,cardiomegaly_0,-2.7629356,0.059360236,0.52169615
edit,00008386_001.png,8386,0.0,cardiomegaly_0,-4.9812336,0.006818773,0.91832215
edit,00008802_008.png,8802,0.0,cardiomegaly_0,-3.901802,0.019805292,0.67029864
edit,00009090_001.png,9090,0.0,cardiomegaly_0,-0.6590462,0.34095392,0.1139539
edit,00009105_003.png,9105,0.0,cardiomegaly_0,-3.8346539,0.021151751,0.66931754
edit,00009306_000.png,9306,0.0,cardiomegaly_0,-4.810583,0.008077336,0.8807721
edit,00009335_000.png,9335,0.0,cardiomegaly_0,-2.8121452,0.05667139,0.4588343
edit,00009409_002.png,9409,0.0,cardiomegaly_0,-4.2005787,0.014765612,0.7728929
edit,00009761_000.png,9761,0.0,cardiomegaly_0,1.9849834,0.8792114,0.22571956
edit,00010465_001.png,10465,0.0,cardiomegaly_0,-3.2061825,0.038933728,0.55932385
edit,00010892_000.png,10892,0.0,cardiomegaly_0,-3.9728374,0.018472308,0.7343819
edit,00010931_003.png,10931,0.0,cardiomegaly_0,-4.1482296,0.01554683,0.7461536
edit,00010964_000.png,10964,0.0,cardiomegaly_0,-3.5346851,0.028341282,0.71217406
edit,00011611_000.png,11611,0.0,cardiomegaly_0,-4.568308,0.010268956,0.790436
edit,00012129_000.png,12129,0.0,cardiomegaly_0,-4.9268646,0.007197024,0.8840342
edit,00012400_000.png,12400,0.0,cardiomegaly_0,-4.316139,0.013175422,0.76911694
edit,00012772_003.png,12772,0.0,cardiomegaly_0,-4.3177013,0.013155127,0.76951283
edit,00012902_001.png,12902,0.0,cardiomegaly_0,-4.1658382,0.0152796125,0.77542865
edit,00013441_000.png,13441,0.0,cardiomegaly_0,-2.893879,0.05245698,0.38469815
edit,00013678_003.png,13678,0.0,cardiomegaly_0,-2.5053368,0.0754849,0.2511996
edit,00013759_000.png,13759,0.0,cardiomegaly_0,-4.973263,0.006872967,0.9257076
edit,00014281_000.png,14281,0.0,cardiomegaly_0,-4.557049,0.01038402,0.820748
edit,00014295_001.png,14295,0.0,cardiomegaly_0,-4.865576,0.0076484396,0.8709956
edit,00014387_006.png,14387,0.0,cardiomegaly_0,-0.29650688,0.4264116,0.12083204
edit,00014838_000.png,14838,0.0,cardiomegaly_0,-2.1401958,0.10525093,0.2766287
edit,00014954_000.png,14954,0.0,cardiomegaly_0,-4.421921,0.011868585,0.8592346
edit,00015056_005.png,15056,0.0,cardiomegaly_0,-0.37597847,0.4070972,0.1283539
edit,00015087_011.png,15087,0.0,cardiomegaly_0,-3.4220505,0.031613395,0.5754761
edit,00016191_019.png,16191,0.0,cardiomegaly_0,-3.6980324,0.024173392,0.5576032
edit,00016245_000.png,16245,0.0,cardiomegaly_0,-5.269573,0.005119463,0.9250099
edit,00016498_001.png,16498,0.0,cardiomegaly_0,-4.600809,0.009943833,0.85840863
edit,00016509_001.png,16509,0.0,cardiomegaly_0,-3.2726917,0.036519997,0.47273964
edit,00016512_001.png,16512,0.0,cardiomegaly_0,-3.8243694,0.021365738,0.64873904
edit,00016724_002.png,16724,0.0,cardiomegaly_0,-3.566702,0.027472794,0.6545124
edit,00016865_000.png,16865,0.0,cardiomegaly_0,-4.3202667,0.013121864,0.8107756
edit,00016907_000.png,16907,0.0,cardiomegaly_0,-4.629715,0.00966325,0.8164002
edit,00017381_000.png,17381,0.0,cardiomegaly_0,-4.7607,0.008486968,0.8378932
edit,00018008_000.png,18008,0.0,cardiomegaly_0,-3.9931583,0.018107451,0.69078696
edit,00018011_000.png,18011,0.0,cardiomegaly_0,-2.8211308,0.056192935,0.32082832
edit,00018488_002.png,18488,0.0,cardiomegaly_0,-4.3007507,0.013377005,0.7985408
edit,00018616_000.png,18616,0.0,cardiomegaly_0,-0.81635666,0.30653757,0.17677434
edit,00019435_003.png,19435,0.0,cardiomegaly_0,-5.079653,0.006183594,0.9024044
edit,00019535_002.png,19535,0.0,cardiomegaly_0,-4.422474,0.011862099,0.766991
edit,00019544_000.png,19544,0.0,cardiomegaly_0,-3.8466244,0.020905327,0.73014563
edit,00019911_001.png,19911,0.0,cardiomegaly_0,-4.4708557,0.011308187,0.78635806
edit,00020318_024.png,20318,0.0,cardiomegaly_0,-3.4054642,0.03212513,0.5815527
edit,00020341_000.png,20341,0.0,cardiomegaly_0,-4.7850647,0.008284379,0.8338618
edit,00020642_006.png,20642,0.0,cardiomegaly_0,-3.972412,0.018480022,0.7459417
edit,00020674_000.png,20674,0.0,cardiomegaly_0,-4.004429,0.017908152,0.722827
edit,00020716_002.png,20716,0.0,cardiomegaly_0,-1.1906452,0.23314357,0.10279514
edit,00020802_000.png,20802,0.0,cardiomegaly_0,-4.4636326,0.011389229,0.80512106
edit,00021023_024.png,21023,0.0,cardiomegaly_0,-4.56065,0.010347081,0.780532
edit,00021569_000.png,21569,0.0,cardiomegaly_0,-4.314768,0.013193264,0.8123402
edit,00022341_000.png,22341,0.0,cardiomegaly_0,-4.3009605,0.013374236,0.8239385
edit,00022582_001.png,22582,0.0,cardiomegaly_0,-3.6896458,0.024372017,0.63453287
edit,00022712_000.png,22712,0.0,cardiomegaly_0,-4.4177513,0.011917581,0.83245957
edit,00023621_000.png,23621,0.0,cardiomegaly_0,-4.0732975,0.016736299,0.7585228
edit,00023776_000.png,23776,0.0,cardiomegaly_0,-4.1576767,0.015402901,0.7737829
edit,00024192_000.png,24192,0.0,cardiomegaly_0,-3.8480396,0.020876378,0.6937188
edit,00024326_000.png,24326,0.0,cardiomegaly_0,-5.1352386,0.0058512087,0.92619514
edit,00024474_000.png,24474,0.0,cardiomegaly_0,-4.022543,0.017592337,0.7934244
edit,00024583_000.png,24583,0.0,cardiomegaly_0,-4.8797665,0.0075414823,0.90463966
edit,00025054_000.png,25054,0.0,cardiomegaly_0,-4.391653,0.01222885,0.8439083
edit,00026354_001.png,26354,0.0,cardiomegaly_0,-1.5899544,0.16939032,0.16286683
edit,00026807_000.png,26807,0.0,cardiomegaly_0,-4.9495144,0.0070369793,0.9057974
edit,00027305_000.png,27305,0.0,cardiomegaly_0,-4.1812305,0.015049737,0.7958556
edit,00028027_005.png,28027,0.0,cardiomegaly_0,-3.079424,0.043964025,0.49739802
edit,00028053_000.png,28053,0.0,cardiomegaly_0,-4.853714,0.0077389977,0.9061308
edit,00028457_000.png,28457,0.0,cardiomegaly_0,-1.8860931,0.13169056,0.19088729
edit,00028962_000.png,28962,0.0,cardiomegaly_0,-4.4903774,0.011091997,0.8370295
edit,00029393_000.png,29393,0.0,cardiomegaly_0,-1.2583752,0.22125374,0.088492505
edit,00029569_000.png,29569,0.0,cardiomegaly_0,-1.4427624,0.19111793,0.1983393
edit,00029648_000.png,29648,0.0,cardiomegaly_0,-4.3577995,0.012644604,0.8131146
edit,00030332_000.png,30332,0.0,cardiomegaly_0,-4.7178726,0.008855052,0.8640247
edit,00030805_000.png,30805,0.0,cardiomegaly_0,-4.133074,0.015780503,0.77829367
edit,00001059_006.png,1059,0.06,cardiomegaly_0,-3.150446,0.04107371,0.48299748
edit,00001174_000.png,1174,0.06,cardiomegaly_0,-3.7882004,0.022135243,0.70313835
edit,00001470_001.png,1470,0.06,cardiomegaly_0,0.08789635,0.52195996,0.13565303
edit,00001606_004.png,1606,0.06,cardiomegaly_0,-0.6969166,0.3324962,0.12616757
edit,00002139_000.png,2139,0.06,cardiomegaly_0,-4.2685165,0.013809177,0.75576174
edit,00002355_005.png,2355,0.06,cardiomegaly_0,3.0317478,0.95398796,0.6352859
edit,00002492_010.png,2492,0.06,cardiomegaly_0,-4.440649,0.01165094,0.78481036
edit,00002566_000.png,2566,0.06,cardiomegaly_0,-0.47942543,0.38238782,0.10827742
edit,00003064_010.png,3064,0.06,cardiomegaly_0,-4.342966,0.01283114,0.7176023
edit,00003804_012.png,3804,0.06,cardiomegaly_0,-3.9775352,0.018387325,0.6621701
edit,00003917_000.png,3917,0.06,cardiomegaly_0,-2.3906727,0.08388673,0.21603042
edit,00004057_000.png,4057,0.06,cardiomegaly_0,-4.600357,0.009948284,0.74048465
edit,00005623_000.png,5623,0.06,cardiomegaly_0,-4.663368,0.00934645,0.8247005
edit,00006012_000.png,6012,0.06,cardiomegaly_0,-3.079111,0.04397717,0.5338105
edit,00006791_002.png,6791,0.06,cardiomegaly_0,-1.0381203,0.26151285,0.14555301
edit,00006921_000.png,6921,0.06,cardiomegaly_0,-4.309637,0.0132602295,0.73878765
edit,00006981_017.png,6981,0.06,cardiomegaly_0,-4.2043896,0.0147102745,0.68777424
edit,00007082_000.png,7082,0.06,cardiomegaly_0,0.4002247,0.59874165,0.15357263
edit,00007159_000.png,7159,0.06,cardiomegaly_0,-0.33584404,0.41681936,0.12793891
edit,00007340_004.png,7340,0.06,cardiomegaly_0,-2.809679,0.056803375,0.48071033
edit,00007589_000.png,7589,0.06,cardiomegaly_0,-5.1684704,0.005661041,0.91898996
edit,00007931_000.png,7931,0.06,cardiomegaly_0,-0.3998909,0.40133855,0.13603148
edit,00008142_005.png,8142,0.06,cardiomegaly_0,-4.936165,0.0071308757,0.8867587
edit,00008147_000.png,8147,0.06,cardiomegaly_0,-4.8419094,0.007830175,0.894655
edit,00008184_003.png,8184,0.06,cardiomegaly_0,-2.9104557,0.051639114,0.4893365
edit,00008359_000.png,8359,0.06,cardiomegaly_0,-1.5050507,0.18167345,0.21808194
edit,00008386_001.png,8386,0.06,cardiomegaly_0,-4.896202,0.007419458,0.8996259
edit,00008802_008.png,8802,0.06,cardiomegaly_0,-3.4003048,0.03228594,0.5669719
edit,00009090_001.png,9090,0.06,cardiomegaly_0,6.7596054,0.9988417,0.98030907
edit,00009105_003.png,9105,0.06,cardiomegaly_0,-3.2950764,0.035740487,0.53586906
edit,00009306_000.png,9306,0.06,cardiomegaly_0,-4.747238,0.008601003,0.8631919
edit,00009335_000.png,9335,0.06,cardiomegaly_0,-1.8655376,0.1340589,0.25436756
edit,00009409_002.png,9409,0.06,cardiomegaly_0,-3.8483143,0.020870764,0.7060587
edit,00009761_000.png,9761,0.06,cardiomegaly_0,4.3496857,0.9872537,0.8310308
edit,00010465_001.png,10465,0.06,cardiomegaly_0,-2.0531273,0.11373677,0.181688
edit,00010892_000.png,10892,0.06,cardiomegaly_0,-3.6128101,0.026267348,0.66038
edit,00010931_003.png,10931,0.06,cardiomegaly_0,-3.3795643,0.032940272,0.5653154
edit,00010964_000.png,10964,0.06,cardiomegaly_0,-2.5345173,0.073473535,0.40667126
edit,00011611_000.png,11611,0.06,cardiomegaly_0,-4.3724594,0.01246288,0.75258756
edit,00012129_000.png,12129,0.06,cardiomegaly_0,-4.6929073,0.009076872,0.8581338
edit,00012400_000.png,12400,0.06,cardiomegaly_0,-3.585228,0.02698212,0.55999446
edit,00012772_003.png,12772,0.06,cardiomegaly_0,-4.1961365,0.014830374,0.74794275
edit,00012902_001.png,12902,0.06,cardiomegaly_0,-4.073929,0.01672591,0.75294805
edit,00013441_000.png,13441,0.06,cardiomegaly_0,-2.3919697,0.0837871,0.28702676
edit,00013678_003.png,13678,0.06,cardiomegaly_0,-0.9735565,0.2741722,0.121889226
edit,00013759_000.png,13759,0.06,cardiomegaly_0,-4.989235,0.006764799,0.9168422
edit,00014281_000.png,14281,0.06,cardiomegaly_0,-4.4948444,0.011043105,0.77915776
edit,00014295_001.png,14295,0.06,cardiomegaly_0,-4.790596,0.008239059,0.87084866
edit,00014387_006.png,14387,0.06,cardiomegaly_0,-0.062553406,0.48436674,0.12655604
edit,00014838_000.png,14838,0.06,cardiomegaly_0,0.049459457,0.51236236,0.13149922
edit,00014954_000.png,14954,0.06,cardiomegaly_0,-4.414467,0.01195632,0.8456999
edit,00015056_005.png,15056,0.06,cardiomegaly_0,3.4195042,0.96830857,0.717982
edit,00015087_011.png,15087,0.06,cardiomegaly_0,-1.566206,0.17275792,0.21840784
edit,00016191_019.png,16191,0.06,cardiomegaly_0,-3.5169125,0.028834831,0.52171504
edit,00016245_000.png,16245,0.06,cardiomegaly_0,-5.144718,0.005796324,0.92401606
edit,00016498_001.png,16498,0.06,cardiomegaly_0,-4.490259,0.011093295,0.8269946
edit,00016509_001.png,16509,0.06,cardiomegaly_0,1.3386402,0.7922662,0.15321884
edit,00016512_001.png,16512,0.06,cardiomegaly_0,-3.0140114,0.046796884,0.416577
edit,00016724_002.png,16724,0.06,cardiomegaly_0,-1.9976482,0.11945006,0.25342366
edit,00016865_000.png,16865,0.06,cardiomegaly_0,-2.7146492,0.062114455,0.51991665
edit,00016907_000.png,16907,0.06,cardiomegaly_0,-4.572508,0.010226357,0.81123227
edit,00017381_000.png,17381,0.06,cardiomegaly_0,-4.562784,0.010325247,0.782612
edit,00018008_000.png,18008,0.06,cardiomegaly_0,-3.919197,0.019470409,0.66044575
edit,00018011_000.png,18011,0.06,cardiomegaly_0,-0.9899044,0.27093095,0.113031276
edit,00018488_002.png,18488,0.06,cardiomegaly_0,-4.229231,0.014354534,0.77866244
edit,00018616_000.png,18616,0.06,cardiomegaly_0,-0.18230438,0.45454973,0.15672553
edit,00019435_003.png,19435,0.06,cardiomegaly_0,-5.0817795,0.006170539,0.89331543
edit,00019535_002.png,19535,0.06,cardiomegaly_0,-4.5240955,0.010728177,0.7632862
edit,00019544_000.png,19544,0.06,cardiomegaly_0,-3.0562859,0.04494687,0.51379186
edit,00019911_001.png,19911,0.06,cardiomegaly_0,-4.2190285,0.014499599,0.72503215
edit,00020318_024.png,20318,0.06,cardiomegaly_0,-3.3284092,0.034609344,0.5534622
edit,00020341_000.png,20341,0.06,cardiomegaly_0,-4.800764,0.008156388,0.83390814
edit,00020642_006.png,20642,0.06,cardiomegaly_0,-3.014492,0.04677545,0.48086396
edit,00020674_000.png,20674,0.06,cardiomegaly_0,-4.0473347,0.01716895,0.7463363
edit,00020716_002.png,20716,0.06,cardiomegaly_0,0.52412033,0.6281107,0.0861654
edit,00020802_000.png,20802,0.06,cardiomegaly_0,-4.403143,0.012090836,0.80641234
edit,00021023_024.png,21023,0.06,cardiomegaly_0,-4.487232,0.011126551,0.7624608
edit,00021569_000.png,21569,0.06,cardiomegaly_0,-4.156849,0.015415458,0.75354666
edit,00022341_000.png,22341,0.06,cardiomegaly_0,-3.8380547,0.021081455,0.69932735
edit,00022582_001.png,22582,0.06,cardiomegaly_0,-3.083702,0.043784555,0.45731843
edit,00022712_000.png,22712,0.06,cardiomegaly_0,-4.2181625,0.014511978,0.7792265
edit,00023621_000.png,23621,0.06,cardiomegaly_0,-3.138237,0.041557282,0.51596594
edit,00023776_000.png,23776,0.06,cardiomegaly_0,-4.282465,0.013620502,0.7725511
edit,00024192_000.png,24192,0.06,cardiomegaly_0,-3.235157,0.03786393,0.57333237
edit,00024326_000.png,24326,0.06,cardiomegaly_0,-5.114929,0.0059705414,0.9328661
edit,00024474_000.png,24474,0.06,cardiomegaly_0,-4.0968723,0.016352732,0.79727745
edit,00024583_000.png,24583,0.06,cardiomegaly_0,-4.9583225,0.0069756997,0.89431316
edit,00025054_000.png,25054,0.06,cardiomegaly_0,-3.7432137,0.023130212,0.7054347
edit,00026354_001.png,26354,0.06,cardiomegaly_0,0.5499058,0.6341137,0.1206933
edit,00026807_000.png,26807,0.06,cardiomegaly_0,-4.9466114,0.0070572933,0.895912
edit,00027305_000.png,27305,0.06,cardiomegaly_0,-4.1650467,0.015291528,0.77532405
edit,00028027_005.png,28027,0.06,cardiomegaly_0,-2.5703716,0.07106977,0.3783655
edit,00028053_000.png,28053,0.06,cardiomegaly_0,-4.9407806,0.007098269,0.9157502
edit,00028457_000.png,28457,0.06,cardiomegaly_0,3.4039536,0.9678278,0.7135768
edit,00028962_000.png,28962,0.06,cardiomegaly_0,-4.3492565,0.012751705,0.78440136
edit,00029393_000.png,29393,0.06,cardiomegaly_0,1.3206444,0.7892889,0.12111554
edit,00029569_000.png,29569,0.06,cardiomegaly_0,1.0667534,0.743979,0.12341526
edit,00029648_000.png,29648,0.06,cardiomegaly_0,-3.0658112,0.044539746,0.54641724
edit,00030332_000.png,30332,0.06,cardiomegaly_0,-4.401991,0.012104604,0.8193182
edit,00030805_000.png,30805,0.06,cardiomegaly_0,-3.276863,0.036373507,0.5156827
edit,00001059_006.png,1059,0.12,cardiomegaly_0,-2.3039646,0.090795144,0.26919493
edit,00001174_000.png,1174,0.12,cardiomegaly_0,-2.2550297,0.09491649,0.34291857
edit,00001470_001.png,1470,0.12,cardiomegaly_0,0.10795212,0.52696186,0.15191156
edit,00001606_004.png,1606,0.12,cardiomegaly_0,5.3214054,0.9951379,0.91133803
edit,00002139_000.png,2139,0.12,cardiomegaly_0,-2.7934666,0.057678252,0.399745
edit,00002355_005.png,2355,0.12,cardiomegaly_0,5.833729,0.99708134,0.95392436
edit,00002492_010.png,2492,0.12,cardiomegaly_0,-3.4106007,0.031965807,0.5562906
edit,00002566_000.png,2566,0.12,cardiomegaly_0,6.413864,0.99836403,0.97746325
edit,00003064_010.png,3064,0.12,cardiomegaly_0,-2.1816273,0.10141254,0.2394035
edit,00003804_012.png,3804,0.12,cardiomegaly_0,-3.3256435,0.034701865,0.46366224
edit,00003917_000.png,3917,0.12,cardiomegaly_0,-1.4853745,0.18461701,0.11306093
edit,00004057_000.png,4057,0.12,cardiomegaly_0,-4.3973827,0.012159834,0.7131224
edit,00005623_000.png,5623,0.12,cardiomegaly_0,-4.716511,0.008867011,0.7869936
edit,00006012_000.png,6012,0.12,cardiomegaly_0,-1.1115246,0.24758677,0.17203364
edit,00006791_002.png,6791,0.12,cardiomegaly_0,4.8170815,0.99197453,0.90269816
edit,00006921_000.png,6921,0.12,cardiomegaly_0,-4.118023,0.016015977,0.6936201
edit,00006981_017.png,6981,0.12,cardiomegaly_0,-4.1761627,0.015125046,0.66328645
edit,00007082_000.png,7082,0.12,cardiomegaly_0,5.0234528,0.99346125,0.89179975
edit,00007159_000.png,7159,0.12,cardiomegaly_0,5.163151,0.99430895,0.9303049
edit,00007340_004.png,7340,0.12,cardiomegaly_0,-1.9987545,0.11933375,0.32445985
edit,00007589_000.png,7589,0.12,cardiomegaly_0,-4.831747,0.007909521,0.8835726
edit,00007931_000.png,7931,0.12,cardiomegaly_0,2.3415718,0.91226196,0.3983996
edit,00008142_005.png,8142,0.12,cardiomegaly_0,-4.748623,0.008589204,0.87455606
edit,00008147_000.png,8147,0.12,cardiomegaly_0,-4.628706,0.009672911,0.8597392
edit,00008184_003.png,8184,0.12,cardiomegaly_0,-2.2520332,0.09517423,0.32199004
edit,00008359_000.png,8359,0.12,cardiomegaly_0,3.6909657,0.9756594,0.6553566
edit,00008386_001.png,8386,0.12,cardiomegaly_0,-4.140156,0.015670886,0.781776
edit,00008802_008.png,8802,0.12,cardiomegaly_0,-2.3143082,0.08994488,0.29124877
edit,00009090_001.png,9090,0.12,cardiomegaly_0,7.658886,0.9995284,0.98917836
edit,00009105_003.png,9105,0.12,cardiomegaly_0,-1.3273106,0.20960458,0.20774953
edit,00009306_000.png,9306,0.12,cardiomegaly_0,-4.02425,0.017562857,0.76121455
edit,00009335_000.png,9335,0.12,cardiomegaly_0,3.9337025,0.9808046,0.6774612
edit,00009409_002.png,9409,0.12,cardiomegaly_0,-2.5477161,0.07258007,0.3443293
edit,00009761_000.png,9761,0.12,cardiomegaly_0,6.2683296,0.99810815,0.9701914
edit,00010465_001.png,10465,0.12,cardiomegaly_0,-0.27856827,0.43080485,0.08452446
edit,00010892_000.png,10892,0.12,cardiomegaly_0,-3.1643906,0.04052798,0.51644886
edit,00010931_003.png,10931,0.12,cardiomegaly_0,-1.9580479,0.12367847,0.18146805
edit,00010964_000.png,10964,0.12,cardiomegaly_0,0.3650856,0.59027094,0.14199047
edit,00011611_000.png,11611,0.12,cardiomegaly_0,-3.6229305,0.026009733,0.60259235
edit,00012129_000.png,12129,0.12,cardiomegaly_0,-3.4703617,0.030167397,0.66424197
edit,00012400_000.png,12400,0.12,cardiomegaly_0,1.6415062,0.8377398,0.18581595
edit,00012772_003.png,12772,0.12,cardiomegaly_0,-3.8571491,0.020690985,0.6501296
edit,00012902_001.png,12902,0.12,cardiomegaly_0,-2.466814,0.07821763,0.30709305
edit,00013441_000.png,13441,0.12,cardiomegaly_0,-1.2412376,0.22422062,0.10791933
edit,00013678_003.png,13678,0.12,cardiomegaly_0,3.0202503,0.9534806,0.5478883
edit,00013759_000.png,13759,0.12,cardiomegaly_0,-4.868273,0.0076279966,0.8989374
edit,00014281_000.png,14281,0.12,cardiomegaly_0,-4.3176975,0.013155177,0.7106082
edit,00014295_001.png,14295,0.12,cardiomegaly_0,-4.682707,0.009169081,0.8406232
edit,00014387_006.png,14387,0.12,cardiomegaly_0,-0.20889664,0.44796497,0.12384185
edit,00014838_000.png,14838,0.12,cardiomegaly_0,4.2759876,0.9862921,0.8175749
edit,00014954_000.png,14954,0.12,cardiomegaly_0,-4.2605343,0.013918306,0.80985975
edit,00015056_005.png,15056,0.12,cardiomegaly_0,6.016756,0.9975683,0.9690537
edit,00015087_011.png,15087,0.12,cardiomegaly_0,3.7178955,0.9762907,0.7382162
edit,00016191_019.png,16191,0.12,cardiomegaly_0,-2.2286358,0.09720829,0.27330035
edit,00016245_000.png,16245,0.12,cardiomegaly_0,-5.141983,0.005812107,0.9061522
edit,00016498_001.png,16498,0.12,cardiomegaly_0,-3.9642563,0.01862854,0.7022483
edit,00016509_001.png,16509,0.12,cardiomegaly_0,4.451523,0.9884736,0.80724984
edit,00016512_001.png,16512,0.12,cardiomegaly_0,-1.5785027,0.17100765,0.12523852
edit,00016724_002.png,16724,0.12,cardiomegaly_0,0.7559471,0.6804732,0.14066838
edit,00016865_000.png,16865,0.12,cardiomegaly_0,-0.32720757,0.41892025,0.10603246
edit,00016907_000.png,16907,0.12,cardiomegaly_0,-4.6638794,0.009341719,0.8247994
edit,00017381_000.png,17381,0.12,cardiomegaly_0,-3.850275,0.020830734,0.64174956
edit,00018008_000.png,18008,0.12,cardiomegaly_0,-3.847189,0.020893773,0.6412182
edit,00018011_000.png,18011,0.12,cardiomegaly_0,3.9561462,0.9812227,0.565672
edit,00018488_002.png,18488,0.12,cardiomegaly_0,-3.8592758,0.020647936,0.72226906
edit,00018616_000.png,18616,0.12,cardiomegaly_0,3.5848198,0.97300714,0.7035599
edit,00019435_003.png,19435,0.12,cardiomegaly_0,-5.0244637,0.006532163,0.89535534
edit,00019535_002.png,19535,0.12,cardiomegaly_0,-3.9554768,0.018789722,0.6144208
edit,00019544_000.png,19544,0.12,cardiomegaly_0,-0.714056,0.32870325,0.109994754
edit,00019911_001.png,19911,0.12,cardiomegaly_0,-2.8296108,0.05574488,0.40135646
edit,00020318_024.png,20318,0.12,cardiomegaly_0,-2.7584724,0.05960994,0.4378254
edit,00020341_000.png,20341,0.12,cardiomegaly_0,-4.540947,0.010550798,0.77888685
edit,00020642_006.png,20642,0.12,cardiomegaly_0,-2.0863724,0.11042843,0.2733619
edit,00020674_000.png,20674,0.12,cardiomegaly_0,-3.8015003,0.021849182,0.6773403
edit,00020716_002.png,20716,0.12,cardiomegaly_0,3.949133,0.981093,0.71275663
edit,00020802_000.png,20802,0.12,cardiomegaly_0,-4.2073364,0.014667624,0.7624235
edit,00021023_024.png,21023,0.12,cardiomegaly_0,-4.2749863,0.013721346,0.6919783
edit,00021569_000.png,21569,0.12,cardiomegaly_0,-3.4838257,0.029775959,0.6016401
edit,00022341_000.png,22341,0.12,cardiomegaly_0,-2.496292,0.07611853,0.27965212
edit,00022582_001.png,22582,0.12,cardiomegaly_0,-0.80134964,0.3097369,0.120032504
edit,00022712_000.png,22712,0.12,cardiomegaly_0,-3.6390305,0.025604965,0.68593854
edit,00023621_000.png,23621,0.12,cardiomegaly_0,2.16498,0.8970603,0.31882155
edit,00023776_000.png,23776,0.12,cardiomegaly_0,-3.8807316,0.020218499,0.7039683
edit,00024192_000.png,24192,0.12,cardiomegaly_0,-2.0194855,0.11717221,0.27604643
edit,00024326_000.png,24326,0.12,cardiomegaly_0,-5.115181,0.0059690475,0.9341565
edit,00024474_000.png,24474,0.12,cardiomegaly_0,-3.8956604,0.019924873,0.7103181
edit,00024583_000.png,24583,0.12,cardiomegaly_0,-4.8720074,0.0075997785,0.8948751
edit,00025054_000.png,25054,0.12,cardiomegaly_0,-2.5571976,0.07194443,0.33631185
edit,00026354_001.png,26354,0.12,cardiomegaly_0,6.004135,0.9975376,0.9427061
edit,00026807_000.png,26807,0.12,cardiomegaly_0,-4.857321,0.0077113495,0.8962347
edit,00027305_000.png,27305,0.12,cardiomegaly_0,-3.9831696,0.018285906,0.7332096
edit,00028027_005.png,28027,0.12,cardiomegaly_0,-2.3843517,0.084373765,0.30338803
edit,00028053_000.png,28053,0.12,cardiomegaly_0,-4.770529,0.008404659,0.8666379
edit,00028457_000.png,28457,0.12,cardiomegaly_0,6.432287,0.99839383,0.97654694
edit,00028962_000.png,28962,0.12,cardiomegaly_0,-3.3773708,0.033010215,0.5614916
edit,00029393_000.png,29393,0.12,cardiomegaly_0,4.091219,0.98355603,0.7068217
edit,00029569_000.png,29569,0.12,cardiomegaly_0,5.441576,0.99568605,0.8894181
edit,00029648_000.png,29648,0.12,cardiomegaly_0,-0.58330536,0.3581724,0.13436475
edit,00030332_000.png,30332,0.12,cardiomegaly_0,-3.3268604,0.03466112,0.56263787
edit,00030805_000.png,30805,0.12,cardiomegaly_0,-1.0409527,0.26096624,0.08306463
edit,00001059_006.png,1059,0.18,cardiomegaly_0,-1.4590282,0.188616,0.14719713
edit,00001174_000.png,1174,0.18,cardiomegaly_0,-0.61966896,0.34985676,0.12606235
edit,00001470_001.png,1470,0.18,cardiomegaly_0,1.2316399,0.7741055,0.27299252
edit,00001606_004.png,1606,0.18,cardiomegaly_0,6.472761,0.99845743,0.96402496
edit,00002139_000.png,2139,0.18,cardiomegaly_0,2.0667381,0.88762796,0.3011597
edit,00002355_005.png,2355,0.18,cardiomegaly_0,7.0137997,0.9991014,0.9766698
edit,00002492_010.png,2492,0.18,cardiomegaly_0,-1.5251884,0.17869876,0.19383323
edit,00002566_000.png,2566,0.18,cardiomegaly_0,7.0012054,0.9990901,0.98534197
edit,00003064_010.png,3064,0.18,cardiomegaly_0,0.8148804,0.6931485,0.109606795
edit,00003804_012.png,3804,0.18,cardiomegaly_0,-1.901926,0.12989064,0.20374922
edit,00003917_000.png,3917,0.18,cardiomegaly_0,2.1313934,0.89391726,0.22159868
edit,00004057_000.png,4057,0.18,cardiomegaly_0,-4.224758,0.014417954,0.6697807
edit,00005623_000.png,5623,0.18,cardiomegaly_0,-4.111862,0.016113356,0.67614275
edit,00006012_000.png,6012,0.18,cardiomegaly_0,0.71125793,0.67067903,0.16777654
edit,00006791_002.png,6791,0.18,cardiomegaly_0,6.8773727,0.99897027,0.9857134
edit,00006921_000.png,6921,0.18,cardiomegaly_0,-3.6122952,0.026280524,0.5931257
edit,00006981_017.png,6981,0.18,cardiomegaly_0,-3.5870285,0.026934892,0.52130246
edit,00007082_000.png,7082,0.18,cardiomegaly_0,6.7761726,0.9988607,0.9775922
edit,00007159_000.png,7159,0.18,cardiomegaly_0,6.953371,0.99904543,0.9837925
edit,00007340_004.png,7340,0.18,cardiomegaly_0,0.66415787,0.66019374,0.17645285
edit,00007589_000.png,7589,0.18,cardiomegaly_0,-2.8537006,0.054490343,0.45491582
edit,00007931_000.png,7931,0.18,cardiomegaly_0,6.1944714,0.99796355,0.9745637
edit,00008142_005.png,8142,0.18,cardiomegaly_0,-4.5690002,0.010261921,0.8498792
edit,00008147_000.png,8147,0.18,cardiomegaly_0,-4.220772,0.0144747095,0.7954855
edit,00008184_003.png,8184,0.18,cardiomegaly_0,3.0041504,0.9527613,0.55143106
edit,00008359_000.png,8359,0.18,cardiomegaly_0,5.999712,0.9975267,0.944019
edit,00008386_001.png,8386,0.18,cardiomegaly_0,-3.1239777,0.042128965,0.5242086
edit,00008802_008.png,8802,0.18,cardiomegaly_0,2.7709103,0.94108343,0.3986624
edit,00009090_001.png,9090,0.18,cardiomegaly_0,7.878584,0.9996214,0.9914174
edit,00009105_003.png,9105,0.18,cardiomegaly_0,1.7610321,0.8533389,0.2565382
edit,00009306_000.png,9306,0.18,cardiomegaly_0,-0.8620777,0.29690543,0.16120657
edit,00009335_000.png,9335,0.18,cardiomegaly_0,6.39077,0.9983259,0.9579981
edit,00009409_002.png,9409,0.18,cardiomegaly_0,-0.4982872,0.37794328,0.095098704
edit,00009761_000.png,9761,0.18,cardiomegaly_0,6.9036465,0.9989969,0.9769217
edit,00010465_001.png,10465,0.18,cardiomegaly_0,5.2832565,0.9949497,0.8601928
edit,00010892_000.png,10892,0.18,cardiomegaly_0,-1.9507484,0.12447176,0.18952854
edit,00010931_003.png,10931,0.18,cardiomegaly_0,2.9982204,0.95249367,0.4490999
edit,00010964_000.png,10964,0.18,cardiomegaly_0,5.81266,0.99701947,0.9448551
edit,00011611_000.png,11611,0.18,cardiomegaly_0,-2.2797756,0.092811845,0.24800004
edit,00012129_000.png,12129,0.18,cardiomegaly_0,-0.21808815,0.44569305,0.11046489
edit,00012400_000.png,12400,0.18,cardiomegaly_0,5.6530933,0.9965056,0.9087845
edit,00012772_003.png,12772,0.18,cardiomegaly_0,-3.551426,0.027883895,0.5971739
edit,00012902_001.png,12902,0.18,cardiomegaly_0,-1.1883945,0.23354621,0.17619753
edit,00013441_000.png,13441,0.18,cardiomegaly_0,5.0630264,0.9937133,0.83058304
edit,00013678_003.png,13678,0.18,cardiomegaly_0,6.3073025,0.9981804,0.95323104
edit,00013759_000.png,13759,0.18,cardiomegaly_0,-4.696392,0.009045582,0.8778324
edit,00014281_000.png,14281,0.18,cardiomegaly_0,-2.9569874,0.0494073,0.4162397
edit,00014295_001.png,14295,0.18,cardiomegaly_0,-4.5318413,0.010646281,0.80797124
edit,00014387_006.png,14387,0.18,cardiomegaly_0,1.9967422,0.8804546,0.37409195
edit,00014838_000.png,14838,0.18,cardiomegaly_0,6.1122665,0.9977894,0.95527744
edit,00014954_000.png,14954,0.18,cardiomegaly_0,-4.0198917,0.017638216,0.7254403
edit,00015056_005.png,15056,0.18,cardiomegaly_0,7.048834,0.99913234,0.9841392
edit,00015087_011.png,15087,0.18,cardiomegaly_0,5.274746,0.99490684,0.9302657
edit,00016191_019.png,16191,0.18,cardiomegaly_0,0.42090225,0.6036991,0.15656921
edit,00016245_000.png,16245,0.18,cardiomegaly_0,-4.6191444,0.009764935,0.8617194
edit,00016498_001.png,16498,0.18,cardiomegaly_0,-2.978035,0.0484281,0.4779797
edit,00016509_001.png,16509,0.18,cardiomegaly_0,7.2948875,0.99932146,0.9812829
edit,00016512_001.png,16512,0.18,cardiomegaly_0,1.4355259,0.8077609,0.11524353
edit,00016724_002.png,16724,0.18,cardiomegaly_0,4.1549797,0.9845561,0.8691471
edit,00016865_000.png,16865,0.18,cardiomegaly_0,4.519148,0.9892191,0.79905206
edit,00016907_000.png,16907,0.18,cardiomegaly_0,-4.6527767,0.009445029,0.82994425
edit,00017381_000.png,17381,0.18,cardiomegaly_0,-0.7512646,0.32054582,0.14528765
edit,00018008_000.png,18008,0.18,cardiomegaly_0,-3.471466,0.030135104,0.5558941
edit,00018011_000.png,18011,0.18,cardiomegaly_0,5.869421,0.9971834,0.8900793
edit,00018488_002.png,18488,0.18,cardiomegaly_0,-3.7187138,0.02369031,0.6986242
edit,00018616_000.png,18616,0.18,cardiomegaly_0,5.551731,0.9961343,0.92857516
edit,00019435_003.png,19435,0.18,cardiomegaly_0,-3.557106,0.027730344,0.6270744
edit,00019535_002.png,19535,0.18,cardiomegaly_0,-2.0132885,0.117814764,0.18080674
edit,00019544_000.png,19544,0.18,cardiomegaly_0,2.032177,0.8841343,0.29912317
edit,00019911_001.png,19911,0.18,cardiomegaly_0,-2.1813793,0.10143514,0.27467954
edit,00020318_024.png,20318,0.18,cardiomegaly_0,1.8980541,0.86967117,0.38848385
edit,00020341_000.png,20341,0.18,cardiomegaly_0,-4.379614,0.012375133,0.7379372
edit,00020642_006.png,20642,0.18,cardiomegaly_0,1.4644928,0.8122189,0.2929518
edit,00020674_000.png,20674,0.18,cardiomegaly_0,-2.3967953,0.0834174,0.2906241
edit,00020716_002.png,20716,0.18,cardiomegaly_0,6.7098885,0.9987827,0.97190654
edit,00020802_000.png,20802,0.18,cardiomegaly_0,-4.0456524,0.01719736,0.7188076
edit,00021023_024.png,21023,0.18,cardiomegaly_0,-3.7249908,0.023545558,0.5280415
edit,00021569_000.png,21569,0.18,cardiomegaly_0,-0.57922554,0.3591108,0.090648085
edit,00022341_000.png,22341,0.18,cardiomegaly_0,-0.7780838,0.31473303,0.095069095
edit,00022582_001.png,22582,0.18,cardiomegaly_0,2.7034035,0.9372272,0.49183157
edit,00022712_000.png,22712,0.18,cardiomegaly_0,-1.0709419,0.255224,0.12652005
edit,00023621_000.png,23621,0.18,cardiomegaly_0,5.75268,0.99683577,0.93070054
edit,00023776_000.png,23776,0.18,cardiomegaly_0,-2.8751297,0.053396776,0.41545403
edit,00024192_000.png,24192,0.18,cardiomegaly_0,0.7413044,0.677281,0.1384399
edit,00024326_000.png,24326,0.18,cardiomegaly_0,-4.870304,0.0076126354,0.9159998
edit,00024474_000.png,24474,0.18,cardiomegaly_0,-3.5071888,0.029108379,0.65898126
edit,00024583_000.png,24583,0.18,cardiomegaly_0,-4.6691284,0.009293267,0.8725499
edit,00025054_000.png,25054,0.18,cardiomegaly_0,-0.04356575,0.48911026,0.09298974
edit,00026354_001.png,26354,0.18,cardiomegaly_0,7.3089294,0.999331,0.97686815
edit,00026807_000.png,26807,0.18,cardiomegaly_0,-4.791479,0.008231845,0.8737156
edit,00027305_000.png,27305,0.18,cardiomegaly_0,-2.3856297,0.0842751,0.322281
edit,00028027_005.png,28027,0.18,cardiomegaly_0,-2.2730808,0.093377076,0.30582318
edit,00028053_000.png,28053,0.18,cardiomegaly_0,-4.0787506,0.016646797,0.74310476
edit,00028457_000.png,28457,0.18,cardiomegaly_0,7.3886337,0.99938214,0.9885754
edit,00028962_000.png,28962,0.18,cardiomegaly_0,-0.34880638,0.4136719,0.1863942
edit,00029393_000.png,29393,0.18,cardiomegaly_0,6.0720196,0.99769884,0.93803746
edit,00029569_000.png,29569,0.18,cardiomegaly_0,7.03866,0.9991235,0.96843535
edit,00029648_000.png,29648,0.18,cardiomegaly_0,5.726465,0.996752,0.93760866
edit,00030332_000.png,30332,0.18,cardiomegaly_0,-2.3623543,0.08608879,0.34572443
edit,00030805_000.png,30805,0.18,cardiomegaly_0,3.5402584,0.9718117,0.57254404
edit,00001059_006.png,1059,0.24,cardiomegaly_0,4.800625,0.9918425,0.89351255
edit,00001174_000.png,1174,0.24,cardiomegaly_0,3.4436798,0.9690421,0.56769127
edit,00001470_001.png,1470,0.24,cardiomegaly_0,2.0334492,0.8842645,0.44225845
edit,00001606_004.png,1606,0.24,cardiomegaly_0,7.1335926,0.9992028,0.97688204
edit,00002139_000.png,2139,0.24,cardiomegaly_0,5.8817673,0.9972179,0.93538445
edit,00002355_005.png,2355,0.24,cardiomegaly_0,7.627125,0.99951315,0.98747647
edit,00002492_010.png,2492,0.24,cardiomegaly_0,0.29138565,0.57233536,0.15430664
edit,00002566_000.png,2566,0.24,cardiomegaly_0,7.394924,0.99938595,0.9887874
edit,00003064_010.png,3064,0.24,cardiomegaly_0,4.992811,0.9932592,0.88939035
edit,00003804_012.png,3804,0.24,cardiomegaly_0,-0.6476002,0.34353054,0.101802684
edit,00003917_000.png,3917,0.24,cardiomegaly_0,5.7389927,0.99679226,0.9293445
edit,00004057_000.png,4057,0.24,cardiomegaly_0,-4.09585,0.016369186,0.6193924
edit,00005623_000.png,5623,0.24,cardiomegaly_0,-3.8003006,0.02187484,0.5956059
edit,00006012_000.png,6012,0.24,cardiomegaly_0,4.8598747,0.99230814,0.86068916
edit,00006791_002.png,6791,0.24,cardiomegaly_0,7.4395676,0.9994128,0.98979074
edit,00006921_000.png,6921,0.24,cardiomegaly_0,-3.2965145,0.035690956,0.5368256
edit,00006981_017.png,6981,0.24,cardiomegaly_0,-2.755724,0.0597642,0.39038476
edit,00007082_000.png,7082,0.24,cardiomegaly_0,7.716713,0.9995548,0.98906237
edit,00007159_000.png,7159,0.24,cardiomegaly_0,7.41053,0.9993955,0.98727506
edit,00007340_004.png,7340,0.24,cardiomegaly_0,2.4058018,0.91726863,0.49331248
edit,00007589_000.png,7589,0.24,cardiomegaly_0,1.3431969,0.7930152,0.2688205
edit,00007931_000.png,7931,0.24,cardiomegaly_0,7.1027775,0.9991779,0.9874349
edit,00008142_005.png,8142,0.24,cardiomegaly_0,-4.1355915,0.015741447,0.75905216
edit,00008147_000.png,8147,0.24,cardiomegaly_0,-3.7304935,0.023419376,0.7117216
edit,00008184_003.png,8184,0.24,cardiomegaly_0,6.664116,0.9987257,0.9746278
edit,00008359_000.png,8359,0.24,cardiomegaly_0,6.8106823,0.9988992,0.971848
edit,00008386_001.png,8386,0.24,cardiomegaly_0,2.3414268,0.91225034,0.4967827
edit,00008802_008.png,8802,0.24,cardiomegaly_0,6.7973957,0.9988846,0.9715122
edit,00009090_001.png,9090,0.24,cardiomegaly_0,8.026577,0.9996735,0.99233603
edit,00009105_003.png,9105,0.24,cardiomegaly_0,5.084614,0.99384683,0.84835476
edit,00009306_000.png,9306,0.24,cardiomegaly_0,2.8052006,0.9429562,0.47962743
edit,00009335_000.png,9335,0.24,cardiomegaly_0,7.06514,0.99914634,0.97957486
edit,00009409_002.png,9409,0.24,cardiomegaly_0,2.3345165,0.9116956,0.29656622
edit,00009761_000.png,9761,0.24,cardiomegaly_0,7.4181843,0.99940014,0.98536634
edit,00010465_001.png,10465,0.24,cardiomegaly_0,7.058111,0.99914026,0.96739745
edit,00010892_000.png,10892,0.24,cardiomegaly_0,0.8050728,0.6910586,0.11208815
edit,00010931_003.png,10931,0.24,cardiomegaly_0,6.542225,0.99856085,0.9674488
edit,00010964_000.png,10964,0.24,cardiomegaly_0,7.326805,0.99934274,0.9805344
edit,00011611_000.png,11611,0.24,cardiomegaly_0,0.5750675,0.6399316,0.106691375
edit,00012129_000.png,12129,0.24,cardiomegaly_0,5.1936436,0.99447894,0.9191535
edit,00012400_000.png,12400,0.24,cardiomegaly_0,7.144476,0.99921143,0.96698534
edit,00012772_003.png,12772,0.24,cardiomegaly_0,-2.5643044,0.07147136,0.31424457
edit,00012902_001.png,12902,0.24,cardiomegaly_0,0.8725395,0.7052738,0.19082786
edit,00013441_000.png,13441,0.24,cardiomegaly_0,6.010538,0.9975533,0.9105766
edit,00013678_003.png,13678,0.24,cardiomegaly_0,7.360855,0.9993648,0.9771089
edit,00013759_000.png,13759,0.24,cardiomegaly_0,-3.7198906,0.023663105,0.7164123
edit,00014281_000.png,14281,0.24,cardiomegaly_0,-1.2346191,0.225374,0.11976217
edit,00014295_001.png,14295,0.24,cardiomegaly_0,-4.470768,0.011309168,0.78921473
edit,00014387_006.png,14387,0.24,cardiomegaly_0,3.7641487,0.9773381,0.7322842
edit,00014838_000.png,14838,0.24,cardiomegaly_0,7.452318,0.9994203,0.98435163
edit,00014954_000.png,14954,0.24,cardiomegaly_0,-2.92416,0.05097209,0.36337733
edit,00015056_005.png,15056,0.24,cardiomegaly_0,7.430622,0.99940753,0.9889691
edit,00015087_011.png,15087,0.24,cardiomegaly_0,6.9936543,0.99908316,0.9820635
edit,00016191_019.png,16191,0.24,cardiomegaly_0,4.7308826,0.99125844,0.89176214
edit,00016245_000.png,16245,0.24,cardiomegaly_0,-3.111311,0.042643093,0.5493855
edit,00016498_001.png,16498,0.24,cardiomegaly_0,-2.3183708,0.08961289,0.3153717
edit,00016509_001.png,16509,0.24,cardiomegaly_0,7.492836,0.99944323,0.9872389
edit,00016512_001.png,16512,0.24,cardiomegaly_0,6.069704,0.9976935,0.921417
edit,00016724_002.png,16724,0.24,cardiomegaly_0,5.820225,0.9970419,0.9751273
edit,00016865_000.png,16865,0.24,cardiomegaly_0,5.9547005,0.9974131,0.9366698
edit,00016907_000.png,16907,0.24,cardiomegaly_0,-4.586754,0.010083164,0.8132803
edit,00017381_000.png,17381,0.24,cardiomegaly_0,4.967226,0.99308574,0.8730008
edit,00018008_000.png,18008,0.24,cardiomegaly_0,-3.467945,0.03023818,0.5510594
edit,00018011_000.png,18011,0.24,cardiomegaly_0,6.9819317,0.9990723,0.95917684
edit,00018488_002.png,18488,0.24,cardiomegaly_0,-3.5222645,0.028685335,0.6191984
edit,00018616_000.png,18616,0.24,cardiomegaly_0,5.7710495,0.99689317,0.9434952
edit,00019435_003.png,19435,0.24,cardiomegaly_0,-0.47421455,0.38361916,0.09174943
edit,00019535_002.png,19535,0.24,cardiomegaly_0,2.2466965,0.90436524,0.3774467
edit,00019544_000.png,19544,0.24,cardiomegaly_0,5.5342007,0.99606615,0.90224695
edit,00019911_001.png,19911,0.24,cardiomegaly_0,3.180624,0.96009856,0.5811926
edit,00020318_024.png,20318,0.24,cardiomegaly_0,2.6092567,0.93145496,0.55279756
edit,00020341_000.png,20341,0.24,cardiomegaly_0,-1.8432922,0.1366624,0.25507805
edit,00020642_006.png,20642,0.24,cardiomegaly_0,5.633791,0.9964378,0.9300085
edit,00020674_000.png,20674,0.24,cardiomegaly_0,0.84675217,0.69988537,0.10521253
edit,00020716_002.png,20716,0.24,cardiomegaly_0,7.3242188,0.9993411,0.98232704
edit,00020802_000.png,20802,0.24,cardiomegaly_0,-2.912775,0.05152565,0.4800754
edit,00021023_024.png,21023,0.24,cardiomegaly_0,-2.9461594,0.049918342,0.333546
edit,00021569_000.png,21569,0.24,cardiomegaly_0,1.8955727,0.8693896,0.25086436
edit,00022341_000.png,22341,0.24,cardiomegaly_0,3.398449,0.967656,0.56987023
edit,00022582_001.png,22582,0.24,cardiomegaly_0,6.6843605,0.9987513,0.9611545
edit,00022712_000.png,22712,0.24,cardiomegaly_0,1.6763573,0.84242153,0.23804606
edit,00023621_000.png,23621,0.24,cardiomegaly_0,7.311163,0.99933237,0.98236245
edit,00023776_000.png,23776,0.24,cardiomegaly_0,-0.42642212,0.394981,0.10378159
edit,00024192_000.png,24192,0.24,cardiomegaly_0,4.33844,0.9871114,0.75928825
edit,00024326_000.png,24326,0.24,cardiomegaly_0,-4.45014,0.011542155,0.8443066
edit,00024474_000.png,24474,0.24,cardiomegaly_0,-1.8625221,0.13440935,0.20655723
edit,00024583_000.png,24583,0.24,cardiomegaly_0,-3.4501228,0.030765196,0.5988644
edit,00025054_000.png,25054,0.24,cardiomegaly_0,5.05134,0.99364,0.90291715
edit,00026354_001.png,26354,0.24,cardiomegaly_0,7.8882446,0.99962497,0.9856152
edit,00026807_000.png,26807,0.24,cardiomegaly_0,-4.694626,0.009061428,0.87467396
edit,00027305_000.png,27305,0.24,cardiomegaly_0,0.9856148,0.7282209,0.24088539
edit,00028027_005.png,28027,0.24,cardiomegaly_0,-1.4998913,0.18244173,0.20403408
edit,00028053_000.png,28053,0.24,cardiomegaly_0,-1.7552738,0.14738324,0.20528951
edit,00028457_000.png,28457,0.24,cardiomegaly_0,7.79924,0.9995901,0.9900106
edit,00028962_000.png,28962,0.24,cardiomegaly_0,4.413357,0.9880306,0.91995084
edit,00029393_000.png,29393,0.24,cardiomegaly_0,6.5589695,0.9985846,0.965201
edit,00029569_000.png,29569,0.24,cardiomegaly_0,7.4426193,0.99941456,0.98241985
edit,00029648_000.png,29648,0.24,cardiomegaly_0,7.1338787,0.999203,0.9778196
edit,00030332_000.png,30332,0.24,cardiomegaly_0,-0.30021667,0.42550448,0.1397247
edit,00030805_000.png,30805,0.24,cardiomegaly_0,6.525091,0.998536,0.9554399
edit,00001059_006.png,1059,0.3,cardiomegaly_0,6.123064,0.997813,0.9643354
edit,00001174_000.png,1174,0.3,cardiomegaly_0,6.277685,0.99812573,0.9497891
edit,00001470_001.png,1470,0.3,cardiomegaly_0,3.567419,0.97254634,0.82023656
edit,00001606_004.png,1606,0.3,cardiomegaly_0,7.2750244,0.9993079,0.9817757
edit,00002139_000.png,2139,0.3,cardiomegaly_0,6.5585537,0.99858403,0.95932263
edit,00002355_005.png,2355,0.3,cardiomegaly_0,7.769087,0.9995776,0.988804
edit,00002492_010.png,2492,0.3,cardiomegaly_0,0.35856438,0.58869284,0.13519745
edit,00002566_000.png,2566,0.3,cardiomegaly_0,7.357275,0.9993625,0.9887315
edit,00003064_010.png,3064,0.3,cardiomegaly_0,7.190466,0.99924684,0.97749984
edit,00003804_012.png,3804,0.3,cardiomegaly_0,3.2756844,0.96358514,0.5338975
edit,00003917_000.png,3917,0.3,cardiomegaly_0,7.048155,0.99913174,0.97173303
edit,00004057_000.png,4057,0.3,cardiomegaly_0,-3.1632462,0.040572505,0.36346832
edit,00005623_000.png,5623,0.3,cardiomegaly_0,-2.017147,0.11741431,0.16903171
edit,00006012_000.png,6012,0.3,cardiomegaly_0,6.1028767,0.99776864,0.9340183
edit,00006791_002.png,6791,0.3,cardiomegaly_0,7.6612663,0.9995295,0.99116397
edit,00006921_000.png,6921,0.3,cardiomegaly_0,-1.2143955,0.22892423,0.12046122
edit,00006981_017.png,6981,0.3,cardiomegaly_0,-0.3739128,0.4075959,0.11201418
edit,00007082_000.png,7082,0.3,cardiomegaly_0,7.841873,0.99960726,0.9912281
edit,00007159_000.png,7159,0.3,cardiomegaly_0,7.4780884,0.999435,0.9873813
edit,00007340_004.png,7340,0.3,cardiomegaly_0,6.191181,0.99795675,0.9647774
edit,00007589_000.png,7589,0.3,cardiomegaly_0,3.5649548,0.9724805,0.7595974
edit,00007931_000.png,7931,0.3,cardiomegaly_0,7.359232,0.9993637,0.9888547
edit,00008142_005.png,8142,0.3,cardiomegaly_0,-3.4093456,0.032004666,0.54736286
edit,00008147_000.png,8147,0.3,cardiomegaly_0,-1.6809425,0.1569707,0.23833719
edit,00008184_003.png,8184,0.3,cardiomegaly_0,7.051363,0.9991346,0.98018175
edit,00008359_000.png,8359,0.3,cardiomegaly_0,7.545624,0.99947184,0.98027897
edit,00008386_001.png,8386,0.3,cardiomegaly_0,5.590807,0.9962819,0.9647243
edit,00008802_008.png,8802,0.3,cardiomegaly_0,7.6591625,0.9995285,0.9827449
edit,00009090_001.png,9090,0.3,cardiomegaly_0,8.020102,0.99967134,0.99307406
edit,00009105_003.png,9105,0.3,cardiomegaly_0,7.0750027,0.9991547,0.95929724
edit,00009306_000.png,9306,0.3,cardiomegaly_0,3.9403381,0.98092914,0.75215954
edit,00009335_000.png,9335,0.3,cardiomegaly_0,7.61672,0.99950814,0.9857396
edit,00009409_002.png,9409,0.3,cardiomegaly_0,5.6526337,0.99650407,0.9213317
edit,00009761_000.png,9761,0.3,cardiomegaly_0,7.58889,0.9994942,0.98533714
edit,00010465_001.png,10465,0.3,cardiomegaly_0,7.697214,0.9995461,0.9797373
edit,00010892_000.png,10892,0.3,cardiomegaly_0,5.310261,0.9950837,0.9289223
edit,00010931_003.png,10931,0.3,cardiomegaly_0,7.3288765,0.99934405,0.9817575
edit,00010964_000.png,10964,0.3,cardiomegaly_0,7.782036,0.99958307,0.9892455
edit,00011611_000.png,11611,0.3,cardiomegaly_0,4.452141,0.9884807,0.76900613
edit,00012129_000.png,12129,0.3,cardiomegaly_0,7.1166954,0.9991892,0.9817488
edit,00012400_000.png,12400,0.3,cardiomegaly_0,7.6622925,0.99952996,0.9819445
edit,00012772_003.png,12772,0.3,cardiomegaly_0,-0.81111336,0.3076533,0.108257025
edit,00012902_001.png,12902,0.3,cardiomegaly_0,5.151928,0.9942451,0.89990216
edit,00013441_000.png,13441,0.3,cardiomegaly_0,7.034443,0.9991198,0.96401024
edit,00013678_003.png,13678,0.3,cardiomegaly_0,7.5545216,0.9994766,0.97974724
edit,00013759_000.png,13759,0.3,cardiomegaly_0,-0.68175316,0.33587015,0.14259821
edit,00014281_000.png,14281,0.3,cardiomegaly_0,4.439541,0.98833627,0.7980841
edit,00014295_001.png,14295,0.3,cardiomegaly_0,-3.2574139,0.03706139,0.50727856
edit,00014387_006.png,14387,0.3,cardiomegaly_0,4.236681,0.98575056,0.79396594
edit,00014838_000.png,14838,0.3,cardiomegaly_0,7.586664,0.9994931,0.9862342
edit,00014954_000.png,14954,0.3,cardiomegaly_0,-1.5265484,0.17849925,0.10322215
edit,00015056_005.png,15056,0.3,cardiomegaly_0,7.6384068,0.99951863,0.99016315
edit,00015087_011.png,15087,0.3,cardiomegaly_0,7.4062996,0.999393,0.9874798
edit,00016191_019.png,16191,0.3,cardiomegaly_0,6.552477,0.99857545,0.980023
edit,00016245_000.png,16245,0.3,cardiomegaly_0,-0.20118141,0.44987363,0.12452674
edit,00016498_001.png,16498,0.3,cardiomegaly_0,-0.50631905,0.37605682,0.10618739
edit,00016509_001.png,16509,0.3,cardiomegaly_0,7.7648067,0.9995758,0.9886545
edit,00016512_001.png,16512,0.3,cardiomegaly_0,7.40296,0.99939096,0.97487366
edit,00016724_002.png,16724,0.3,cardiomegaly_0,6.5968647,0.99863726,0.98600876
edit,00016865_000.png,16865,0.3,cardiomegaly_0,6.3683033,0.99828786,0.9540964
edit,00016907_000.png,16907,0.3,cardiomegaly_0,-4.5432224,0.01052707,0.793067
edit,00017381_000.png,17381,0.3,cardiomegaly_0,7.2586365,0.9992964,0.9772947
edit,00018008_000.png,18008,0.3,cardiomegaly_0,-3.0729523,0.044236835,0.4074633
edit,00018011_000.png,18011,0.3,cardiomegaly_0,7.2781525,0.99931,0.9635095
edit,00018488_002.png,18488,0.3,cardiomegaly_0,-3.2987652,0.035613574,0.591842
edit,00018616_000.png,18616,0.3,cardiomegaly_0,6.3879337,0.9983211,0.9681273
edit,00019435_003.png,19435,0.3,cardiomegaly_0,5.4970894,0.9959181,0.89999104
edit,00019535_002.png,19535,0.3,cardiomegaly_0,5.5514603,0.9961332,0.93658996
edit,00019544_000.png,19544,0.3,cardiomegaly_0,6.392267,0.9983284,0.9500866
edit,00019911_001.png,19911,0.3,cardiomegaly_0,6.6637897,0.99872535,0.9657705
edit,00020318_024.png,20318,0.3,cardiomegaly_0,5.4516106,0.9957289,0.9658705
edit,00020341_000.png,20341,0.3,cardiomegaly_0,3.5163326,0.97114897,0.74068344
edit,00020642_006.png,20642,0.3,cardiomegaly_0,7.184435,0.9992423,0.9800034
edit,00020674_000.png,20674,0.3,cardiomegaly_0,4.1256676,0.98410404,0.7307128
edit,00020716_002.png,20716,0.3,cardiomegaly_0,7.650982,0.9995247,0.9860932
edit,00020802_000.png,20802,0.3,cardiomegaly_0,-1.4196968,0.19470912,0.16448551
edit,00021023_024.png,21023,0.3,cardiomegaly_0,1.2054577,0.7694943,0.1284149
edit,00021569_000.png,21569,0.3,cardiomegaly_0,6.4685307,0.9984509,0.95553255
edit,00022341_000.png,22341,0.3,cardiomegaly_0,4.9239902,0.99278235,0.83042526
edit,00022582_001.png,22582,0.3,cardiomegaly_0,7.6110897,0.9995053,0.9806616
edit,00022712_000.png,22712,0.3,cardiomegaly_0,3.681738,0.97543925,0.7120336
edit,00023621_000.png,23621,0.3,cardiomegaly_0,7.924389,0.9996383,0.98912036
edit,00023776_000.png,23776,0.3,cardiomegaly_0,4.0291176,0.9825209,0.70334494
edit,00024192_000.png,24192,0.3,cardiomegaly_0,6.705614,0.99877745,0.9569185
edit,00024326_000.png,24326,0.3,cardiomegaly_0,-3.9560184,0.018779738,0.7308055
edit,00024474_000.png,24474,0.3,cardiomegaly_0,2.9577599,0.950629,0.45022652
edit,00024583_000.png,24583,0.3,cardiomegaly_0,-2.772318,0.058838528,0.391063
edit,00025054_000.png,25054,0.3,cardiomegaly_0,6.410555,0.99835855,0.9648576
edit,00026354_001.png,26354,0.3,cardiomegaly_0,8.154589,0.99971265,0.9887344
edit,00026807_000.png,26807,0.3,cardiomegaly_0,-4.191164,0.0149032,0.8146915
edit,00027305_000.png,27305,0.3,cardiomegaly_0,6.2820396,0.99813396,0.9720677
edit,00028027_005.png,28027,0.3,cardiomegaly_0,0.5087776,0.6245198,0.19489625
edit,00028053_000.png,28053,0.3,cardiomegaly_0,3.826847,0.978686,0.702778
edit,00028457_000.png,28457,0.3,cardiomegaly_0,8.02248,0.99967206,0.9911754
edit,00028962_000.png,28962,0.3,cardiomegaly_0,5.826044,0.997059,0.9672495
edit,00029393_000.png,29393,0.3,cardiomegaly_0,7.4296,0.99940693,0.98289293
edit,00029569_000.png,29569,0.3,cardiomegaly_0,7.4691753,0.9994299,0.98030525
edit,00029648_000.png,29648,0.3,cardiomegaly_0,7.806959,0.9995933,0.98751396
edit,00030332_000.png,30332,0.3,cardiomegaly_0,5.2880917,0.994974,0.91140723
edit,00030805_000.png,30805,0.3,cardiomegaly_0,7.2549686,0.9992938,0.9750229
sham,00001059_006.png,1059,0.3,cardiomegaly_0,4.5488777,0.98953164,0.9026538
sham,00001174_000.png,1174,0.3,cardiomegaly_0,-4.586643,0.010084268,0.84580415
sham,00001470_001.png,1470,0.3,cardiomegaly_0,-1.8968124,0.13046966,0.25257024
sham,00001606_004.png,1606,0.3,cardiomegaly_0,-1.150465,0.24040416,0.12263449
sham,00002139_000.png,2139,0.3,cardiomegaly_0,-0.6936188,0.33322853,0.11237948
sham,00002355_005.png,2355,0.3,cardiomegaly_0,-1.6618977,0.15950742,0.214698
sham,00002492_010.png,2492,0.3,cardiomegaly_0,-4.247513,0.014098155,0.7672385
sham,00002566_000.png,2566,0.3,cardiomegaly_0,-4.4625607,0.011401306,0.81315714
sham,00003064_010.png,3064,0.3,cardiomegaly_0,-4.0833244,0.01657209,0.6211442
sham,00003804_012.png,3804,0.3,cardiomegaly_0,-4.444521,0.011606439,0.7560172
sham,00003917_000.png,3917,0.3,cardiomegaly_0,-4.8200207,0.008002071,0.83892107
sham,00004057_000.png,4057,0.3,cardiomegaly_0,-4.493372,0.0110591985,0.7506189
sham,00005623_000.png,5623,0.3,cardiomegaly_0,-5.006033,0.0066528628,0.8489594
sham,00006012_000.png,6012,0.3,cardiomegaly_0,-3.8789234,0.02025435,0.77280056
sham,00006791_002.png,6791,0.3,cardiomegaly_0,-3.552225,0.02786224,0.6011204
sham,00006921_000.png,6921,0.3,cardiomegaly_0,-4.769125,0.008416368,0.8130008
sham,00006981_017.png,6981,0.3,cardiomegaly_0,-4.5084114,0.010895918,0.76412374
sham,00007082_000.png,7082,0.3,cardiomegaly_0,-1.4482231,0.19027516,0.14703149
sham,00007159_000.png,7159,0.3,cardiomegaly_0,-3.480854,0.02986193,0.48366547
sham,00007340_004.png,7340,0.3,cardiomegaly_0,-3.7051735,0.024005512,0.7281478
sham,00007589_000.png,7589,0.3,cardiomegaly_0,-5.4027176,0.004484125,0.9427772
sham,00007931_000.png,7931,0.3,cardiomegaly_0,-4.1502266,0.015516294,0.74961144
sham,00008142_005.png,8142,0.3,cardiomegaly_0,-4.848133,0.0077819717,0.8970242
sham,00008147_000.png,8147,0.3,cardiomegaly_0,-4.8246937,0.007965062,0.87008816
sham,00008184_003.png,8184,0.3,cardiomegaly_0,-4.763874,0.008460302,0.8736032
sham,00008359_000.png,8359,0.3,cardiomegaly_0,-2.265583,0.09401375,0.3805491
sham,00008386_001.png,8386,0.3,cardiomegaly_0,-4.9888096,0.0067676576,0.9058485
sham,00008802_008.png,8802,0.3,cardiomegaly_0,-4.247839,0.014093623,0.75370306
sham,00009090_001.png,9090,0.3,cardiomegaly_0,-1.9608517,0.1233749,0.25326157
sham,00009105_003.png,9105,0.3,cardiomegaly_0,-4.1652546,0.015288397,0.718553
sham,00009306_000.png,9306,0.3,cardiomegaly_0,-4.944416,0.007072694,0.8914788
sham,00009335_000.png,9335,0.3,cardiomegaly_0,-4.5497856,0.010458926,0.81183314
sham,00009409_002.png,9409,0.3,cardiomegaly_0,-4.6850853,0.009147498,0.84548944
sham,00009761_000.png,9761,0.3,cardiomegaly_0,-3.4433556,0.03096763,0.5678696
sham,00010465_001.png,10465,0.3,cardiomegaly_0,-4.3689556,0.012506078,0.76455
sham,00010892_000.png,10892,0.3,cardiomegaly_0,-4.238615,0.014222366,0.7712241
sham,00010931_003.png,10931,0.3,cardiomegaly_0,-4.81164,0.008068874,0.8670496
sham,00010964_000.png,10964,0.3,cardiomegaly_0,-4.131096,0.015811251,0.7597951
sham,00011611_000.png,11611,0.3,cardiomegaly_0,-4.5791225,0.010159621,0.8369941
sham,00012129_000.png,12129,0.3,cardiomegaly_0,-5.054861,0.0063378285,0.9031537
sham,00012400_000.png,12400,0.3,cardiomegaly_0,-4.9252605,0.0072084945,0.8699417
sham,00012772_003.png,12772,0.3,cardiomegaly_0,-4.328787,0.013011986,0.7659764
sham,00012902_001.png,12902,0.3,cardiomegaly_0,-4.9332867,0.007151282,0.89858896
sham,00013441_000.png,13441,0.3,cardiomegaly_0,-3.925352,0.019353246,0.64114195
sham,00013678_003.png,13678,0.3,cardiomegaly_0,-2.5380287,0.073234856,0.30926892
sham,00013759_000.png,13759,0.3,cardiomegaly_0,-4.734686,0.0087087,0.8738241
sham,00014281_000.png,14281,0.3,cardiomegaly_0,-4.4715576,0.011300342,0.78139704
sham,00014295_001.png,14295,0.3,cardiomegaly_0,-4.9185734,0.0072565097,0.86180806
sham,00014387_006.png,14387,0.3,cardiomegaly_0,-3.4616623,0.03042296,0.52293706
sham,00014838_000.png,14838,0.3,cardiomegaly_0,-2.9484158,0.04981144,0.48974088
sham,00014954_000.png,14954,0.3,cardiomegaly_0,-4.9031143,0.007368727,0.9066852
sham,00015056_005.png,15056,0.3,cardiomegaly_0,-0.28164864,0.43004963,0.15997286
sham,00015087_011.png,15087,0.3,cardiomegaly_0,-1.7723751,0.1452472,0.16967924
sham,00016191_019.png,16191,0.3,cardiomegaly_0,-3.67033,0.02483555,0.56924593
sham,00016245_000.png,16245,0.3,cardiomegaly_0,-5.3250275,0.0048446325,0.93104196
sham,00016498_001.png,16498,0.3,cardiomegaly_0,-4.58864,0.010064352,0.8444796
sham,00016509_001.png,16509,0.3,cardiomegaly_0,0.7332783,0.67552423,0.14909224
sham,00016512_001.png,16512,0.3,cardiomegaly_0,-4.393982,0.012200751,0.74159455
sham,00016724_002.png,16724,0.3,cardiomegaly_0,4.807392,0.99189705,0.9314587
sham,00016865_000.png,16865,0.3,cardiomegaly_0,-4.556919,0.010385354,0.8149796
sham,00016907_000.png,16907,0.3,cardiomegaly_0,-4.542385,0.010535795,0.79089534
sham,00017381_000.png,17381,0.3,cardiomegaly_0,1.498867,0.81740546,0.34662652
sham,00018008_000.png,18008,0.3,cardiomegaly_0,-4.5144367,0.010831173,0.7850313
sham,00018011_000.png,18011,0.3,cardiomegaly_0,-4.293808,0.013468947,0.7389092
sham,00018488_002.png,18488,0.3,cardiomegaly_0,-2.7099018,0.06239159,0.38550326
sham,00018616_000.png,18616,0.3,cardiomegaly_0,-3.3639088,0.033442646,0.5028787
sham,00019435_003.png,19435,0.3,cardiomegaly_0,-2.541729,0.072984114,0.42966685
sham,00019535_002.png,19535,0.3,cardiomegaly_0,-3.1217194,0.04222019,0.51831764
sham,00019544_000.png,19544,0.3,cardiomegaly_0,-4.5646496,0.010306204,0.84282696
sham,00019911_001.png,19911,0.3,cardiomegaly_0,-2.6705608,0.064733006,0.39811555
sham,00020318_024.png,20318,0.3,cardiomegaly_0,-4.0191708,0.017650712,0.7411121
sham,00020341_000.png,20341,0.3,cardiomegaly_0,-5.108803,0.006007011,0.86024594
sham,00020642_006.png,20642,0.3,cardiomegaly_0,-4.326832,0.013037119,0.78626835
sham,00020674_000.png,20674,0.3,cardiomegaly_0,-3.2099686,0.03879231,0.51078594
sham,00020716_002.png,20716,0.3,cardiomegaly_0,-3.216755,0.03854005,0.5170037
sham,00020802_000.png,20802,0.3,cardiomegaly_0,-5.045103,0.006399578,0.8724595
sham,00021023_024.png,21023,0.3,cardiomegaly_0,-4.6155796,0.009799466,0.798462
sham,00021569_000.png,21569,0.3,cardiomegaly_0,-4.596342,0.0099879075,0.8460565
sham,00022341_000.png,22341,0.3,cardiomegaly_0,-4.469658,0.011321586,0.82441777
sham,00022582_001.png,22582,0.3,cardiomegaly_0,-4.7765045,0.008355004,0.8560687
sham,00022712_000.png,22712,0.3,cardiomegaly_0,-4.342991,0.0128308255,0.82432157
sham,00023621_000.png,23621,0.3,cardiomegaly_0,-4.6455536,0.009512847,0.84920675
sham,00023776_000.png,23776,0.3,cardiomegaly_0,-4.27829,0.0136767095,0.7905179
sham,00024192_000.png,24192,0.3,cardiomegaly_0,-4.8429966,0.007821733,0.8709476
sham,00024326_000.png,24326,0.3,cardiomegaly_0,-5.1007423,0.006055332,0.92672807
sham,00024474_000.png,24474,0.3,cardiomegaly_0,-4.77944,0.008330719,0.8736206
sham,00024583_000.png,24583,0.3,cardiomegaly_0,-4.9671726,0.006914661,0.8934919
sham,00025054_000.png,25054,0.3,cardiomegaly_0,-4.493559,0.011057155,0.8268642
sham,00026354_001.png,26354,0.3,cardiomegaly_0,-3.959322,0.01871896,0.68004876
sham,00026807_000.png,26807,0.3,cardiomegaly_0,-4.9688053,0.006903459,0.89709324
sham,00027305_000.png,27305,0.3,cardiomegaly_0,-4.8240604,0.007970067,0.8874872
sham,00028027_005.png,28027,0.3,cardiomegaly_0,-3.475008,0.030031754,0.64288795
sham,00028053_000.png,28053,0.3,cardiomegaly_0,-5.1896057,0.005543305,0.91360945
sham,00028457_000.png,28457,0.3,cardiomegaly_0,-3.2686386,0.03666288,0.5385462
sham,00028962_000.png,28962,0.3,cardiomegaly_0,-4.5213013,0.010757872,0.8240769
sham,00029393_000.png,29393,0.3,cardiomegaly_0,5.180212,0.9944047,0.8766386
sham,00029569_000.png,29569,0.3,cardiomegaly_0,-0.7641792,0.3177396,0.14390787
sham,00029648_000.png,29648,0.3,cardiomegaly_0,-4.494957,0.011041877,0.84565866
sham,00030332_000.png,30332,0.3,cardiomegaly_0,-3.563858,0.027548876,0.6200499
sham,00030805_000.png,30805,0.3,cardiomegaly_0,-4.9285717,0.0071848365,0.87532395
blank,00001059_006.png,1059,,cardiomegaly_0,-4.221636,0.01446239,0.4997704
blank,00001174_000.png,1174,,cardiomegaly_0,-4.206003,0.014686904,0.46460927
blank,00001470_001.png,1470,,cardiomegaly_0,-4.4984055,0.011004283,0.54432493
blank,00001606_004.png,1606,,cardiomegaly_0,-4.454199,0.011495939,0.49805433
blank,00002139_000.png,2139,,cardiomegaly_0,-4.7290535,0.008757459,0.5664744
blank,00002355_005.png,2355,,cardiomegaly_0,-4.201969,0.014745396,0.4692091
blank,00002492_010.png,2492,,cardiomegaly_0,-4.2608128,0.013914485,0.4803205
blank,00002566_000.png,2566,,cardiomegaly_0,-4.4522743,0.01151783,0.53728104
blank,00003064_010.png,3064,,cardiomegaly_0,-4.4984055,0.011004283,0.54432493
blank,00003804_012.png,3804,,cardiomegaly_0,-4.200241,0.014770522,0.49801606
blank,00003917_000.png,3917,,cardiomegaly_0,-4.4169655,0.011926839,0.53786385
blank,00004057_000.png,4057,,cardiomegaly_0,-4.591629,0.010034619,0.55441064
blank,00005623_000.png,5623,,cardiomegaly_0,-4.206354,0.014681827,0.47821
blank,00006012_000.png,6012,,cardiomegaly_0,-4.5904274,0.010046563,0.53366345
blank,00006791_002.png,6791,,cardiomegaly_0,-4.298483,0.013406969,0.49786547
blank,00006921_000.png,6921,,cardiomegaly_0,-4.298483,0.013406969,0.49786547
blank,00006981_017.png,6981,,cardiomegaly_0,-4.221636,0.01446239,0.4997704
blank,00007082_000.png,7082,,cardiomegaly_0,-4.6263294,0.009695704,0.5578683
blank,00007159_000.png,7159,,cardiomegaly_0,-4.5839996,0.010110692,0.5571997
blank,00007340_004.png,7340,,cardiomegaly_0,-4.6794777,0.0091984635,0.5467566
blank,00007589_000.png,7589,,cardiomegaly_0,-4.4984055,0.011004283,0.54432493
blank,00007931_000.png,7931,,cardiomegaly_0,-4.8057346,0.008116274,0.6048509
blank,00008142_005.png,8142,,cardiomegaly_0,-4.6387825,0.00957686,0.5382975
blank,00008147_000.png,8147,,cardiomegaly_0,-4.463127,0.011394922,0.4966912
blank,00008184_003.png,8184,,cardiomegaly_0,-4.463127,0.011394922,0.4966912
blank,00008359_000.png,8359,,cardiomegaly_0,-4.2608128,0.013914485,0.4803205
blank,00008386_001.png,8386,,cardiomegaly_0,-4.2667847,0.0138327805,0.50215834
blank,00008802_008.png,8802,,cardiomegaly_0,-4.234209,0.01428427,0.5088436
blank,00009090_001.png,9090,,cardiomegaly_0,-4.4984055,0.011004283,0.54432493
blank,00009105_003.png,9105,,cardiomegaly_0,-4.2201633,0.014483391,0.4971714
blank,00009306_000.png,9306,,cardiomegaly_0,-4.737446,0.008684906,0.59114337
blank,00009335_000.png,9335,,cardiomegaly_0,-4.6759663,0.009230522,0.5573481
blank,00009409_002.png,9409,,cardiomegaly_0,-4.737446,0.008684906,0.59114337
blank,00009761_000.png,9761,,cardiomegaly_0,-4.424721,0.011835792,0.5064735
blank,00010465_001.png,10465,,cardiomegaly_0,-4.207451,0.01466597,0.48034516
blank,00010892_000.png,10892,,cardiomegaly_0,-4.3086243,0.013273488,0.49750254
blank,00010931_003.png,10931,,cardiomegaly_0,-4.221636,0.01446239,0.4997704
blank,00010964_000.png,10964,,cardiomegaly_0,-4.2564945,0.013973859,0.47831652
blank,00011611_000.png,11611,,cardiomegaly_0,-4.354473,0.0126862,0.48069677
blank,00012129_000.png,12129,,cardiomegaly_0,-4.2608128,0.013914485,0.4803205
blank,00012400_000.png,12400,,cardiomegaly_0,-4.206003,0.014686904,0.46460927
blank,00012772_003.png,12772,,cardiomegaly_0,-4.3672237,0.0125274835,0.4983346
blank,00012902_001.png,12902,,cardiomegaly_0,-4.4163,0.011934686,0.50722355
blank,00013441_000.png,13441,,cardiomegaly_0,-4.240383,0.014197596,0.46881646
blank,00013678_003.png,13678,,cardiomegaly_0,-4.207451,0.01466597,0.48034516
blank,00013759_000.png,13759,,cardiomegaly_0,-4.226494,0.01439331,0.48804677
blank,00014281_000.png,14281,,cardiomegaly_0,-4.30031,0.013382822,0.4901024
blank,00014295_001.png,14295,,cardiomegaly_0,-4.332464,0.012964845,0.4978119
blank,00014387_006.png,14387,,cardiomegaly_0,-4.348339,0.012763261,0.500087
blank,00014838_000.png,14838,,cardiomegaly_0,-4.2528534,0.014024118,0.49581426
blank,00014954_000.png,14954,,cardiomegaly_0,-4.335823,0.012921933,0.48052564
blank,00015056_005.png,15056,,cardiomegaly_0,-4.6759663,0.009230522,0.5573481
blank,00015087_011.png,15087,,cardiomegaly_0,-4.861515,0.007679322,0.6289322
blank,00016191_019.png,16191,,cardiomegaly_0,-4.306776,0.013297716,0.5066923
blank,00016245_000.png,16245,,cardiomegaly_0,-4.600462,0.009947251,0.54902583
blank,00016498_001.png,16498,,cardiomegaly_0,-4.30031,0.013382822,0.4901024
blank,00016509_001.png,16509,,cardiomegaly_0,-4.2555428,0.013986978,0.49825314
blank,00016512_001.png,16512,,cardiomegaly_0,-4.481537,0.011189389,0.5313195
blank,00016724_002.png,16724,,cardiomegaly_0,-4.466831,0.011353271,0.51771635
blank,00016865_000.png,16865,,cardiomegaly_0,-4.201969,0.014745396,0.4692091
blank,00016907_000.png,16907,,cardiomegaly_0,-4.221636,0.01446239,0.4997704
blank,00017381_000.png,17381,,cardiomegaly_0,-4.2667847,0.0138327805,0.50215834
blank,00018008_000.png,18008,,cardiomegaly_0,-4.686037,0.009138875,0.589538
blank,00018011_000.png,18011,,cardiomegaly_0,-4.2201633,0.014483391,0.4971714
blank,00018488_002.png,18488,,cardiomegaly_0,-4.271265,0.013771797,0.5281447
blank,00018616_000.png,18616,,cardiomegaly_0,-4.332464,0.012964845,0.4978119
blank,00019435_003.png,19435,,cardiomegaly_0,-4.3086243,0.013273488,0.49750254
blank,00019535_002.png,19535,,cardiomegaly_0,-4.341465,0.012850167,0.51164454
blank,00019544_000.png,19544,,cardiomegaly_0,-4.333088,0.012956865,0.4993924
blank,00019911_001.png,19911,,cardiomegaly_0,-4.1982574,0.014799417,0.46875298
blank,00020318_024.png,20318,,cardiomegaly_0,-4.334898,0.012933737,0.49841428
blank,00020341_000.png,20341,,cardiomegaly_0,-4.2667847,0.0138327805,0.50215834
blank,00020642_006.png,20642,,cardiomegaly_0,-4.2859707,0.013573483,0.49811998
blank,00020674_000.png,20674,,cardiomegaly_0,-4.348339,0.012763261,0.500087
blank,00020716_002.png,20716,,cardiomegaly_0,-4.206003,0.014686904,0.46460927
blank,00020802_000.png,20802,,cardiomegaly_0,-4.201969,0.014745396,0.4692091
blank,00021023_024.png,21023,,cardiomegaly_0,-4.354473,0.0126862,0.48069677
blank,00021569_000.png,21569,,cardiomegaly_0,-4.438568,0.011674927,0.5211036
blank,00022341_000.png,22341,,cardiomegaly_0,-4.206003,0.014686904,0.46460927
blank,00022582_001.png,22582,,cardiomegaly_0,-4.332464,0.012964845,0.4978119
blank,00022712_000.png,22712,,cardiomegaly_0,-4.4497223,0.011546921,0.5296168
blank,00023621_000.png,23621,,cardiomegaly_0,-4.4497223,0.011546921,0.5296168
blank,00023776_000.png,23776,,cardiomegaly_0,-4.441395,0.011642356,0.52946556
blank,00024192_000.png,24192,,cardiomegaly_0,-4.2365036,0.014251998,0.49778187
blank,00024326_000.png,24326,,cardiomegaly_0,-4.424721,0.011835792,0.5064735
blank,00024474_000.png,24474,,cardiomegaly_0,-4.262972,0.01388489,0.508705
blank,00024583_000.png,24583,,cardiomegaly_0,-4.3391743,0.012879258,0.50074404
blank,00025054_000.png,25054,,cardiomegaly_0,-4.295925,0.013440845,0.49805123
blank,00026354_001.png,26354,,cardiomegaly_0,-4.3057003,0.013311839,0.50874
blank,00026807_000.png,26807,,cardiomegaly_0,-4.252527,0.014028628,0.47173917
blank,00027305_000.png,27305,,cardiomegaly_0,-4.3619843,0.012592466,0.50710124
blank,00028027_005.png,28027,,cardiomegaly_0,-4.3825455,0.0123393545,0.5052849
blank,00028053_000.png,28053,,cardiomegaly_0,-4.295925,0.013440845,0.49805123
blank,00028457_000.png,28457,,cardiomegaly_0,-4.299555,0.013392798,0.52853
blank,00028962_000.png,28962,,cardiomegaly_0,-4.2933483,0.013475057,0.48024574
blank,00029393_000.png,29393,,cardiomegaly_0,-4.2933483,0.013475057,0.48024574
blank,00029569_000.png,29569,,cardiomegaly_0,-4.1966705,0.014822573,0.45791703
blank,00029648_000.png,29648,,cardiomegaly_0,-4.2933483,0.013475057,0.48024574
blank,00030332_000.png,30332,,cardiomegaly_0,-4.32259,0.013091815,0.48083892
blank,00030805_000.png,30805,,cardiomegaly_0,-4.568865,0.010263297,0.55687696
real,00000023_002.png,23,,cardiomegaly_1,-3.3485603,0.033942338,0.55992955
real,00000041_002.png,41,,cardiomegaly_1,-2.7720108,0.05885553,0.4223117
real,00000041_006.png,41,,cardiomegaly_1,-3.3462486,0.034018226,0.5530199
real,00000078_001.png,78,,cardiomegaly_1,-3.4758377,0.030007593,0.4963749
real,00000121_006.png,121,,cardiomegaly_1,-3.346899,0.033996854,0.4736351
real,00000121_007.png,121,,cardiomegaly_1,-3.4237003,0.031562924,0.55773926
real,00000148_001.png,148,,cardiomegaly_1,-3.9822578,0.018302279,0.70313144
real,00000148_002.png,148,,cardiomegaly_1,-4.0221634,0.017598897,0.6997993
real,00000176_001.png,176,,cardiomegaly_1,5.5637856,0.9961804,0.9728991
real,00000176_002.png,176,,cardiomegaly_1,6.3594227,0.99827266,0.98336756
real,00000200_001.png,200,,cardiomegaly_1,7.0194664,0.99910647,0.9832266
real,00000240_000.png,240,,cardiomegaly_1,7.8517265,0.9996111,0.99240893
real,00000246_008.png,246,,cardiomegaly_1,-3.1906338,0.039519716,0.39404327
real,00000246_012.png,246,,cardiomegaly_1,-3.5669231,0.027466882,0.52243805
real,00000246_013.png,246,,cardiomegaly_1,-3.0270824,0.04621727,0.34828258
real,00000284_004.png,284,,cardiomegaly_1,-1.4468632,0.19048479,0.16985936
real,00000284_005.png,284,,cardiomegaly_1,5.0015297,0.99331725,0.9442477
real,00000337_000.png,337,,cardiomegaly_1,-4.113735,0.016083688,0.7405075
real,00000404_002.png,404,,cardiomegaly_1,-3.4120426,0.031921215,0.4744703
real,00000457_002.png,457,,cardiomegaly_1,7.484112,0.99943835,0.993003
real,00000457_003.png,457,,cardiomegaly_1,8.0354,0.99967635,0.9951491
real,00000457_004.png,457,,cardiomegaly_1,6.72645,0.99880266,0.9861016
real,00000499_002.png,499,,cardiomegaly_1,-3.54595,0.028032715,0.47976705
real,00000499_003.png,499,,cardiomegaly_1,-3.5398865,0.028198397,0.582725
real,00000591_001.png,591,,cardiomegaly_1,-2.7256012,0.061479483,0.37302142
real,00000591_002.png,591,,cardiomegaly_1,-1.7545891,0.14746931,0.17686194
real,00000591_004.png,591,,cardiomegaly_1,-2.7010918,0.06290896,0.37250125
real,00000591_005.png,591,,cardiomegaly_1,-2.705946,0.062623404,0.3453542
real,00000591_006.png,591,,cardiomegaly_1,-1.9801197,0.12130607,0.19910355
real,00000591_007.png,591,,cardiomegaly_1,-2.5869713,0.06998164,0.2629829
real,00000591_009.png,591,,cardiomegaly_1,-3.077177,0.044058558,0.45765606
real,00000591_010.png,591,,cardiomegaly_1,-2.7452374,0.06035619,0.2960541
real,00000591_011.png,591,,cardiomegaly_1,-2.7055893,0.06264435,0.3451794
real,00000591_012.png,591,,cardiomegaly_1,-2.2262478,0.09741806,0.19089352
real,00000591_013.png,591,,cardiomegaly_1,-2.5017757,0.07573379,0.2526118
real,00000591_014.png,591,,cardiomegaly_1,-3.1525364,0.04099145,0.36918515
real,00000591_015.png,591,,cardiomegaly_1,-2.5478115,0.07257365,0.22781909
real,00000591_016.png,591,,cardiomegaly_1,-3.2137928,0.03864996,0.45062548
real,00000591_018.png,591,,cardiomegaly_1,-3.4737358,0.030068833,0.5581168
real,00000591_019.png,591,,cardiomegaly_1,-3.0844631,0.043752704,0.40803567
real,00000622_000.png,622,,cardiomegaly_1,-3.442318,0.030998783,0.4195781
real,00000661_001.png,661,,cardiomegaly_1,7.744629,0.9995671,0.9940148
real,00000661_000.png,661,,cardiomegaly_1,7.8758965,0.9996203,0.9924491
real,00000707_002.png,707,,cardiomegaly_1,-3.6330318,0.025755055,0.45622033
real,00000787_002.png,787,,cardiomegaly_1,6.6913643,0.99876,0.97525465
real,00000848_000.png,848,,cardiomegaly_1,-1.7630539,0.14640827,0.2779245
real,00000869_008.png,869,,cardiomegaly_1,0.18418121,0.5459156,0.22468609
real,00000949_005.png,949,,cardiomegaly_1,-4.169342,0.015226983,0.62248987
real,00001075_038.png,1075,,cardiomegaly_1,-1.8909149,0.13114019,0.29040444
real,00001075_045.png,1075,,cardiomegaly_1,-3.6830559,0.024529202,0.5676
real,00001075_046.png,1075,,cardiomegaly_1,2.7544537,0.9401643,0.60953224
real,00001075_047.png,1075,,cardiomegaly_1,-1.848114,0.13609448,0.19859684
real,00001075_007.png,1075,,cardiomegaly_1,-3.7026386,0.024064975,0.5587099
real,00001075_022.png,1075,,cardiomegaly_1,-3.432722,0.031288322,0.37087107
real,00001075_033.png,1075,,cardiomegaly_1,7.891285,0.99962616,0.9885735
real,00001096_001.png,1096,,cardiomegaly_1,-0.78606796,0.31301358,0.14201674
real,00001104_022.png,1104,,cardiomegaly_1,-3.3917122,0.032555487,0.4477588
real,00001170_006.png,1170,,cardiomegaly_1,-3.2475452,0.037415195,0.44350353
real,00001170_020.png,1170,,cardiomegaly_1,-3.3914185,0.032564737,0.4216019
real,00001170_021.png,1170,,cardiomegaly_1,-3.6161118,0.026183033,0.5139659
real,00001170_023.png,1170,,cardiomegaly_1,-3.609188,0.02636015,0.57421166
real,00001170_030.png,1170,,cardiomegaly_1,-3.6550846,0.025207462,0.5347457
real,00001170_034.png,1170,,cardiomegaly_1,-3.5359764,0.028305745,0.5698794
real,00001170_035.png,1170,,cardiomegaly_1,-3.1861782,0.039689187,0.386268
real,00001170_036.png,1170,,cardiomegaly_1,-3.4643536,0.030343676,0.4993838
real,00001170_037.png,1170,,cardiomegaly_1,-3.5614185,0.027614307,0.53488964
real,00001170_039.png,1170,,cardiomegaly_1,-3.66679,0.024921428,0.5690068
real,00001170_040.png,1170,,cardiomegaly_1,-3.3182888,0.034949075,0.40300518
real,00001170_045.png,1170,,cardiomegaly_1,-3.597927,0.026650716,0.49251258
real,00001170_046.png,1170,,cardiomegaly_1,-3.695282,0.024238355,0.5749249
real,00001170_047.png,1170,,cardiomegaly_1,-3.844677,0.020945225,0.62909025
real,00001187_001.png,1187,,cardiomegaly_1,-1.0799122,0.25352263,0.19098297
real,00001248_022.png,1248,,cardiomegaly_1,-3.6156826,0.026193976,0.5435234
real,00001248_023.png,1248,,cardiomegaly_1,-3.4240646,0.03155179,0.47657162
real,00001248_024.png,1248,,cardiomegaly_1,-3.3400612,0.034222133,0.5365787
real,00001248_025.png,1248,,cardiomegaly_1,-3.8255043,0.021342019,0.6182932
real,00001248_028.png,1248,,cardiomegaly_1,-3.6961193,0.024218563,0.6424439
real,00001248_036.png,1248,,cardiomegaly_1,-3.7577095,0.022804933,0.62493825
real,00001248_038.png,1248,,cardiomegaly_1,-3.7607403,0.022737488,0.6423243
real,00001248_000.png,1248,,cardiomegaly_1,-3.1854992,0.039715074,0.47065768
real,00001248_002.png,1248,,cardiomegaly_1,-1.0497379,0.25927544,0.21511707
real,00001248_003.png,1248,,cardiomegaly_1,-2.1465702,0.10465217,0.31046897
real,00001248_004.png,1248,,cardiomegaly_1,-2.5303535,0.07375749,0.41849014
real,00001248_016.png,1248,,cardiomegaly_1,-2.049982,0.1140542,0.24322554
real,00001248_017.png,1248,,cardiomegaly_1,-2.7232246,0.061616752,0.41595298
real,00001309_002.png,1309,,cardiomegaly_1,-3.7540169,0.022887366,0.5285347
real,00001458_001.png,1458,,cardiomegaly_1,-4.083502,0.016569199,0.6871987
real,00001470_006.png,1470,,cardiomegaly_1,-3.7692165,0.022549901,0.69003713
real,00001470_007.png,1470,,cardiomegaly_1,-3.7335339,0.023349943,0.6165846
real,00001775_001.png,1775,,cardiomegaly_1,-3.1226177,0.042183876,0.3310473
real,00001775_002.png,1775,,cardiomegaly_1,-3.1749,0.04012128,0.36129427
real,00001775_004.png,1775,,cardiomegaly_1,-2.7348442,0.06094832,0.23443428
real,00001775_005.png,1775,,cardiomegaly_1,-2.6166267,0.068075985,0.24298698
real,00001782_000.png,1782,,cardiomegaly_1,-3.8908195,0.020019624,0.61763746
real,00001784_000.png,1784,,cardiomegaly_1,5.728039,0.9967571,0.9636361
real,00001974_000.png,1974,,cardiomegaly_1,-3.8015041,0.021849101,0.62933946
real,00001974_003.png,1974,,cardiomegaly_1,-4.2419624,0.01417551,0.7041148
real,00001989_011.png,1989,,cardiomegaly_1,-1.9899044,0.120266974,0.21561138
real,00002046_003.png,2046,,cardiomegaly_1,-3.1658535,0.04047113,0.529941
real,00002083_000.png,2083,,cardiomegaly_1,7.116049,0.9991887,0.98622364
real,00002120_005.png,2120,,cardiomegaly_1,-3.163,0.040582083,0.34101716
real,00002239_002.png,2239,,cardiomegaly_1,-2.8904705,0.052626655,0.5372054
real,00002239_005.png,2239,,cardiomegaly_1,-3.9563732,0.018773202,0.7968786
real,00002239_006.png,2239,,cardiomegaly_1,-3.9197292,0.019460252,0.78745645
real,00002239_007.png,2239,,cardiomegaly_1,-3.5078297,0.02909027,0.6061647
real,00002239_008.png,2239,,cardiomegaly_1,-4.4091187,0.012019667,0.78710043
real,00002239_009.png,2239,,cardiomegaly_1,-4.5775223,0.010175726,0.8005444
real,00002299_007.png,2299,,cardiomegaly_1,-4.155861,0.015430463,0.566234
real,00002299_010.png,2299,,cardiomegaly_1,-4.4710407,0.011306118,0.72375065
real,00002299_001.png,2299,,cardiomegaly_1,-4.4817085,0.011187489,0.67000115
real,00002299_002.png,2299,,cardiomegaly_1,-4.3060627,0.013307079,0.6880572
real,00002300_000.png,2300,,cardiomegaly_1,-3.2961178,0.035704613,0.4057463
real,00002339_007.png,2339,,cardiomegaly_1,-1.4429169,0.19109406,0.14534613
real,00002355_004.png,2355,,cardiomegaly_1,-4.4757137,0.011254001,0.68795943
real,00002355_006.png,2355,,cardiomegaly_1,-4.6839275,0.009157997,0.6952105
real,00002355_002.png,2355,,cardiomegaly_1,-4.492422,0.011069591,0.7173065
real,00002424_013.png,2424,,cardiomegaly_1,-3.9664593,0.018588306,0.65108836
real,00002490_000.png,2490,,cardiomegaly_1,-4.668808,0.009296218,0.80290085
real,00002492_016.png,2492,,cardiomegaly_1,-0.89349747,0.29038858,0.19629163
real,00002492_002.png,2492,,cardiomegaly_1,-3.226347,0.038186193,0.4751919
real,00002492_003.png,2492,,cardiomegaly_1,-3.9097748,0.01965111,0.6361841
real,00002533_004.png,2533,,cardiomegaly_1,-2.385765,0.08426464,0.21569143
real,00002533_005.png,2533,,cardiomegaly_1,-1.7696419,0.14558688,0.17515887
real,00002552_001.png,2552,,cardiomegaly_1,7.602146,0.9995009,0.9862255
real,00002585_000.png,2585,,cardiomegaly_1,-3.6436138,0.025490865,0.6770688
real,00002585_003.png,2585,,cardiomegaly_1,-3.861227,0.020608515,0.7221075
real,00002599_001.png,2599,,cardiomegaly_1,-3.1616364,0.040635213,0.4080703
real,00002609_000.png,2609,,cardiomegaly_1,-3.4803524,0.029876467,0.63935524
real,00002685_002.png,2685,,cardiomegaly_1,-3.977785,0.018382816,0.5574403
real,00002686_001.png,2686,,cardiomegaly_1,-0.2927742,0.42732483,0.31305107
real,00002825_007.png,2825,,cardiomegaly_1,-4.503271,0.010951456,0.7448037
real,00002825_008.png,2825,,cardiomegaly_1,-4.386944,0.012285865,0.77239317
real,00002825_011.png,2825,,cardiomegaly_1,-4.619793,0.009758667,0.721459
real,00002924_001.png,2924,,cardiomegaly_1,-1.8519859,0.13563989,0.25234333
real,00003013_011.png,3013,,cardiomegaly_1,-3.971012,0.018505434,0.56251895
real,00003013_013.png,3013,,cardiomegaly_1,-4.0351334,0.017376056,0.6628725
real,00003013_014.png,3013,,cardiomegaly_1,-3.6279545,0.025882762,0.5425913
real,00003015_000.png,3015,,cardiomegaly_1,6.4791965,0.99846727,0.97005665
real,00003064_003.png,3064,,cardiomegaly_1,-4.2935677,0.01347214,0.7150739
real,00003064_005.png,3064,,cardiomegaly_1,-3.9593163,0.018719066,0.6041683
real,00003064_006.png,3064,,cardiomegaly_1,-4.5796967,0.01015385,0.7313074
real,00003064_007.png,3064,,cardiomegaly_1,2.428648,0.9189859,0.42837858
real,00003064_035.png,3064,,cardiomegaly_1,-4.1491966,0.015532036,0.6893723
real,00003064_037.png,3064,,cardiomegaly_1,-4.3754215,0.012426476,0.6634036
real,00003064_038.png,3064,,cardiomegaly_1,-3.1726284,0.040208858,0.41124666
real,00003064_039.png,3064,,cardiomegaly_1,-3.130598,0.04186261,0.35775232
real,00003064_043.png,3064,,cardiomegaly_1,-4.1527596,0.015477652,0.65718925
real,00003064_048.png,3064,,cardiomegaly_1,-4.288479,0.013539942,0.7360881
real,00003064_050.png,3064,,cardiomegaly_1,-4.068182,0.016820688,0.6967054
real,00003064_052.png,3064,,cardiomegaly_1,-4.148058,0.015549457,0.7500704
real,00003362_006.png,3362,,cardiomegaly_1,-3.061966,0.04470367,0.46004385
real,00003423_002.png,3423,,cardiomegaly_1,-2.3693295,0.085541576,0.45252892
real,00003423_003.png,3423,,cardiomegaly_1,-2.8790627,0.05319833,0.43948117
real,00003423_005.png,3423,,cardiomegaly_1,-3.5680408,0.02743704,0.6206091
real,00003423_011.png,3423,,cardiomegaly_1,-2.6253147,0.06752687,0.26232308
real,00003423_015.png,3423,,cardiomegaly_1,-1.2463226,0.22333735,0.16363347
real,00003423_021.png,3423,,cardiomegaly_1,-2.7987747,0.05739042,0.44497257
real,00003428_000.png,3428,,cardiomegaly_1,-3.7004452,0.02411654,0.59246516
real,00003439_002.png,3439,,cardiomegaly_1,-4.5848007,0.010102678,0.816233
real,00003439_003.png,3439,,cardiomegaly_1,-4.3094063,0.01326325,0.7765326
real,00003570_002.png,3570,,cardiomegaly_1,4.371649,0.9875272,0.79267186
real,00003570_004.png,3570,,cardiomegaly_1,-4.4344273,0.011722804,0.72890824
real,00003611_002.png,3611,,cardiomegaly_1,-3.6657867,0.02494582,0.64359504
real,00003611_004.png,3611,,cardiomegaly_1,-3.5375652,0.028262079,0.62993485
real,00003611_005.png,3611,,cardiomegaly_1,-4.062517,0.016914628,0.68922806
real,00003611_006.png,3611,,cardiomegaly_1,-3.5868015,0.026940841,0.64929163
real,00003706_001.png,3706,,cardiomegaly_1,-1.4648304,0.18772964,0.17961632
real,00003737_000.png,3737,,cardiomegaly_1,-2.7693996,0.059000336,0.2708089
real,00003737_001.png,3737,,cardiomegaly_1,-3.620222,0.026078435,0.5915505
real,00003789_009.png,3789,,cardiomegaly_1,6.8039646,0.9988919,0.97924083
real,00003856_003.png,3856,,cardiomegaly_1,-2.8064518,0.05697653,0.3320767
real,00003916_001.png,3916,,cardiomegaly_1,0.8324585,0.6968745,0.22320245
real,00003916_002.png,3916,,cardiomegaly_1,-2.8314342,0.05564898,0.42122406
real,00003937_000.png,3937,,cardiomegaly_1,-4.328293,0.013018333,0.81227976
real,00003996_020.png,3996,,cardiomegaly_1,-3.6539173,0.025236161,0.43461
real,00004003_000.png,4003,,cardiomegaly_1,-3.1311264,0.04184142,0.565244
real,00004080_000.png,4080,,cardiomegaly_1,-3.754797,0.022869928,0.63338697
real,00004080_001.png,4080,,cardiomegaly_1,-3.2794838,0.03628176,0.48841524
real,00004081_000.png,4081,,cardiomegaly_1,-3.6602364,0.025081182,0.54289806
real,00004220_000.png,4220,,cardiomegaly_1,-3.853506,0.020764932,0.6943708
real,00004233_000.png,4233,,cardiomegaly_1,-1.022829,0.2644767,0.14140515
real,00004263_000.png,4263,,cardiomegaly_1,-2.3818893,0.08456419,0.31023932
real,00004344_013.png,4344,,cardiomegaly_1,8.080341,0.99969053,0.9951354
real,00004344_014.png,4344,,cardiomegaly_1,7.4753017,0.99943334,0.9919067
real,00004344_046.png,4344,,cardiomegaly_1,8.019196,0.999671,0.9939398
real,00004344_047.png,4344,,cardiomegaly_1,7.7252865,0.9995586,0.9913481
real,00004404_008.png,4404,,cardiomegaly_1,6.2467785,0.9980671,0.9766492
real,00004511_000.png,4511,,cardiomegaly_1,5.931013,0.9973513,0.9529018
real,00004547_020.png,4547,,cardiomegaly_1,-3.923214,0.019393867,0.6731134
real,00004583_000.png,4583,,cardiomegaly_1,-2.602045,0.06900692,0.42073566
real,00004608_008.png,4608,,cardiomegaly_1,-3.3523445,0.033818472,0.4006966
real,00004608_009.png,4608,,cardiomegaly_1,-1.9597969,0.12348903,0.15689465
real,00004608_011.png,4608,,cardiomegaly_1,-2.7793598,0.058449775,0.26986128
real,00004646_002.png,4646,,cardiomegaly_1,-3.5773163,0.027190616,0.5485039
real,00004750_004.png,4750,,cardiomegaly_1,-2.9576416,0.049376585,0.4936964
real,00004750_006.png,4750,,cardiomegaly_1,-3.5224304,0.028680712,0.6421551
real,00004833_014.png,4833,,cardiomegaly_1,-3.8388195,0.021065678,0.7373162
real,00004862_000.png,4862,,cardiomegaly_1,-2.888832,0.052708402,0.4662184
real,00004909_006.png,4909,,cardiomegaly_1,4.1784344,0.98490876,0.85153216
real,00004909_007.png,4909,,cardiomegaly_1,2.9892883,0.9520878,0.569594
real,00004976_000.png,4976,,cardiomegaly_1,2.760704,0.94051504,0.64341486
real,00005038_000.png,5038,,cardiomegaly_1,1.4355526,0.807765,0.34271502
real,00005101_002.png,5101,,cardiomegaly_1,-4.329235,0.013006233,0.7599869
real,00005108_000.png,5108,,cardiomegaly_1,-1.978157,0.12151543,0.29564613
real,00005110_009.png,5110,,cardiomegaly_1,-4.0565166,0.017014697,0.6213094
real,00005395_006.png,5395,,cardiomegaly_1,-3.826086,0.021329874,0.6295589
real,00005395_007.png,5395,,cardiomegaly_1,-3.030098,0.04608452,0.4967379
real,00005395_010.png,5395,,cardiomegaly_1,-3.2331066,0.03793869,0.42237005
real,00005395_011.png,5395,,cardiomegaly_1,-2.8290672,0.055773497,0.3460617
real,00005401_000.png,5401,,cardiomegaly_1,-1.7933979,0.14265662,0.27533323
real,00005410_002.png,5410,,cardiomegaly_1,-2.9224224,0.05105621,0.37864202
real,00005520_007.png,5520,,cardiomegaly_1,-4.194481,0.014854583,0.70774305
real,00005532_031.png,5532,,cardiomegaly_1,3.1259918,0.95795226,0.5306394
real,00005532_037.png,5532,,cardiomegaly_1,0.56578064,0.637789,0.18193331
real,00005532_042.png,5532,,cardiomegaly_1,6.077183,0.9977106,0.9679805
real,00005532_043.png,5532,,cardiomegaly_1,3.8589058,0.97934455,0.6836213
real,00005532_000.png,5532,,cardiomegaly_1,-0.4571495,0.38766226,0.1473246
real,00005532_004.png,5532,,cardiomegaly_1,7.3288574,0.99934405,0.98453885
real,00005532_005.png,5532,,cardiomegaly_1,2.147005,0.89538854,0.29043075
real,00005532_007.png,5532,,cardiomegaly_1,7.2112827,0.9992623,0.97948563
real,00005532_008.png,5532,,cardiomegaly_1,1.9746265,0.8781072,0.25006676
real,00005532_010.png,5532,,cardiomegaly_1,-2.1610546,0.10330272,0.16999972
real,00005532_011.png,5532,,cardiomegaly_1,-1.3861656,0.2000206,0.13107194
real,00005532_012.png,5532,,cardiomegaly_1,-2.1712208,0.1023648,0.20778003
real,00005532_013.png,5532,,cardiomegaly_1,4.1453075,0.9844083,0.73614925
real,00005532_014.png,5532,,cardiomegaly_1,6.881958,0.9989749,0.981582
real,00005532_016.png,5532,,cardiomegaly_1,6.8236485,0.9989134,0.97332126
real,00005532_018.png,5532,,cardiomegaly_1,2.6637478,0.9348533,0.46611616
real,00005532_019.png,5532,,cardiomegaly_1,4.813959,0.9919497,0.9127327
real,00005556_000.png,5556,,cardiomegaly_1,-0.3029728,0.42483094,0.1818524
real,00005556_008.png,5556,,cardiomegaly_1,-3.7534218,0.022900678,0.6087681
real,00005579_002.png,5579,,cardiomegaly_1,-0.49362946,0.37903896,0.15100192
real,00005626_002.png,5626,,cardiomegaly_1,-3.9676476,0.018566644,0.7243527
real,00005641_003.png,5641,,cardiomegaly_1,5.7327595,0.99677235,0.95826554
real,00005641_006.png,5641,,cardiomegaly_1,6.9766617,0.9990675,0.98160917
real,00005641_012.png,5641,,cardiomegaly_1,5.940155,0.99737525,0.95770407
real,00005666_004.png,5666,,cardiomegaly_1,3.4554996,0.96939474,0.76049614
real,00005666_010.png,5666,,cardiomegaly_1,3.7679195,0.9774215,0.7646835
real,00005666_011.png,5666,,cardiomegaly_1,4.366415,0.9874626,0.833673
real,00005666_012.png,5666,,cardiomegaly_1,4.8907757,0.99254054,0.86458147
real,00005666_013.png,5666,,cardiomegaly_1,5.401577,0.9955108,0.94536763
real,00005666_018.png,5666,,cardiomegaly_1,2.6657677,0.93497616,0.5863517
real,00005666_019.png,5666,,cardiomegaly_1,3.8796482,0.97976,0.8193708
real,00005766_004.png,5766,,cardiomegaly_1,-3.1157265,0.042463195,0.44228768
real,00005869_001.png,5869,,cardiomegaly_1,4.8512135,0.99224174,0.89061886
real,00005895_003.png,5895,,cardiomegaly_1,-2.8826847,0.053016186,0.34994534
real,00005895_005.png,5895,,cardiomegaly_1,-1.6588478,0.15991671,0.17631267
real,00005895_007.png,5895,,cardiomegaly_1,0.45253372,0.61124146,0.23273422
real,00005895_009.png,5895,,cardiomegaly_1,1.0874138,0.7478944,0.24712534
real,00005895_013.png,5895,,cardiomegaly_1,5.3811264,0.9954184,0.9795529
real,00005895_023.png,5895,,cardiomegaly_1,-0.68862534,0.33433893,0.18993732
real,00005920_003.png,5920,,cardiomegaly_1,3.7491188,0.97700286,0.71500814
real,00006166_000.png,6166,,cardiomegaly_1,3.2294178,0.9619264,0.60585743
real,00006298_003.png,6298,,cardiomegaly_1,-3.5958767,0.026703954,0.6221698
real,00006298_004.png,6298,,cardiomegaly_1,-4.011175,0.017789887,0.6588342
real,00006298_005.png,6298,,cardiomegaly_1,-4.0014305,0.01796096,0.68353885
real,00006359_000.png,6359,,cardiomegaly_1,2.7988129,0.94261163,0.60734
real,00006368_000.png,6368,,cardiomegaly_1,-4.742111,0.008644831,0.8546174
real,00006436_012.png,6436,,cardiomegaly_1,-3.1419716,0.04140879,0.44401208
real,00006483_000.png,6483,,cardiomegaly_1,-3.7741451,0.022441525,0.6564886
real,00006537_000.png,6537,,cardiomegaly_1,-2.5986252,0.06922695,0.45341852
real,00006626_000.png,6626,,cardiomegaly_1,-4.0479794,0.017158076,0.70668
real,00006626_006.png,6626,,cardiomegaly_1,-4.277109,0.013692645,0.7566865
real,00006683_002.png,6683,,cardiomegaly_1,-3.891632,0.02000369,0.67557776
real,00006683_003.png,6683,,cardiomegaly_1,-3.869093,0.02045035,0.67310685
real,00006683_004.png,6683,,cardiomegaly_1,-3.7003498,0.024118787,0.58113265
real,00006683_005.png,6683,,cardiomegaly_1,-4.001007,0.017968431,0.7244906
real,00006683_006.png,6683,,cardiomegaly_1,-3.4684467,0.030223474,0.4549927
real,00006694_002.png,6694,,cardiomegaly_1,-3.9641953,0.018629655,0.683893
real,00006694_003.png,6694,,cardiomegaly_1,-4.2320805,0.014314272,0.7560208
real,00006774_001.png,6774,,cardiomegaly_1,-3.8510914,0.02081409,0.6498385
real,00006791_006.png,6791,,cardiomegaly_1,-4.1242867,0.015917562,0.5616036
real,00006832_005.png,6832,,cardiomegaly_1,-3.7888088,0.022122076,0.6523053
real,00006850_027.png,6850,,cardiomegaly_1,-3.4487286,0.0308068,0.52537245
real,00006850_028.png,6850,,cardiomegaly_1,-4.367834,0.012519936,0.80080694
real,00006851_022.png,6851,,cardiomegaly_1,3.1717377,0.95975673,0.7661077
real,00006851_023.png,6851,,cardiomegaly_1,-0.39831734,0.4017167,0.24587464
real,00006851_024.png,6851,,cardiomegaly_1,-2.574545,0.07079475,0.32165495
real,00006851_009.png,6851,,cardiomegaly_1,-1.5788441,0.17095925,0.21627733
real,00006851_010.png,6851,,cardiomegaly_1,-2.0549526,0.113552906,0.17773469
real,00006890_003.png,6890,,cardiomegaly_1,5.5645847,0.99618345,0.968593
real,00006936_001.png,6936,,cardiomegaly_1,-3.5066776,0.029122828,0.676646
real,00006964_011.png,6964,,cardiomegaly_1,-3.7643871,0.022656593,0.5650898
real,00006981_001.png,6981,,cardiomegaly_1,-3.5454273,0.028046958,0.5358537
real,00006981_002.png,6981,,cardiomegaly_1,-4.4120655,0.011984722,0.80730975
real,00006981_009.png,6981,,cardiomegaly_1,-3.775772,0.022405861,0.6182199
real,00006981_010.png,6981,,cardiomegaly_1,-3.4274635,0.031448096,0.4753014
real,00006981_011.png,6981,,cardiomegaly_1,-4.086096,0.016526984,0.7275727
real,00006981_014.png,6981,,cardiomegaly_1,-4.198118,0.014801447,0.7417676
real,00006981_016.png,6981,,cardiomegaly_1,-4.048998,0.017140906,0.7350494
real,00006996_002.png,6996,,cardiomegaly_1,-3.8271866,0.021306911,0.56586045
real,00007033_001.png,7033,,cardiomegaly_1,-3.8399658,0.02104205,0.6168904
real,00007033_002.png,7033,,cardiomegaly_1,-4.522436,0.010745802,0.81044453
real,00007033_004.png,7033,,cardiomegaly_1,-3.9611645,0.018685145,0.70086604
real,00007109_018.png,7109,,cardiomegaly_1,-2.9906387,0.04785058,0.27910638
real,00007156_000.png,7156,,cardiomegaly_1,-3.2331104,0.037938554,0.3999058
real,00007156_001.png,7156,,cardiomegaly_1,-3.1788216,0.03997053,0.42737684
real,00007340_014.png,7340,,cardiomegaly_1,-4.439657,0.011662367,0.81327385
real,00007405_014.png,7405,,cardiomegaly_1,-3.6009521,0.026572354,0.63159716
real,00007482_009.png,7482,,cardiomegaly_1,-4.0840244,0.016560685,0.7443078
real,00007482_015.png,7482,,cardiomegaly_1,-1.9844227,0.12084817,0.26285124
real,00007482_023.png,7482,,cardiomegaly_1,-4.7957745,0.008196851,0.80790305
real,00007482_026.png,7482,,cardiomegaly_1,-4.5585823,0.0103682745,0.80058366
real,00007519_003.png,7519,,cardiomegaly_1,3.39472,0.96753913,0.7987674
real,00007519_004.png,7519,,cardiomegaly_1,-4.1395493,0.015680242,0.70589834
real,00007551_021.png,7551,,cardiomegaly_1,6.568945,0.99859864,0.9806933
real,00007652_000.png,7652,,cardiomegaly_1,-1.0452938,0.26012984,0.1399236
real,00007679_000.png,7679,,cardiomegaly_1,-1.625185,0.16449104,0.20059398
real,00007679_001.png,7679,,cardiomegaly_1,-2.0795994,0.111095525,0.2611229
real,00007679_003.png,7679,,cardiomegaly_1,-1.5122776,0.18060149,0.22754219
real,00007679_004.png,7679,,cardiomegaly_1,1.0245056,0.73584926,0.25733563
real,00007679_005.png,7679,,cardiomegaly_1,-2.2541294,0.09499387,0.26344463
real,00007718_000.png,7718,,cardiomegaly_1,-3.1596832,0.04071142,0.5290279
real,00007718_001.png,7718,,cardiomegaly_1,-3.930912,0.01924801,0.71026087
real,00007718_005.png,7718,,cardiomegaly_1,-0.597435,0.35493076,0.19385992
real,00007718_006.png,7718,,cardiomegaly_1,-3.4078674,0.03205049,0.4840267
real,00007718_007.png,7718,,cardiomegaly_1,-4.121216,0.015965736,0.73259354
real,00007718_009.png,7718,,cardiomegaly_1,-4.039789,0.017296739,0.7024732
real,00007718_010.png,7718,,cardiomegaly_1,-3.1805077,0.039905876,0.5592243
real,00007740_000.png,7740,,cardiomegaly_1,-0.80286217,0.3094136,0.24020983
real,00007769_002.png,7769,,cardiomegaly_1,-2.6873417,0.063724436,0.3061147
real,00007772_000.png,7772,,cardiomegaly_1,-4.30254,0.013353413,0.807409
real,00007833_000.png,7833,,cardiomegaly_1,-0.80867577,0.30817276,0.28105778
real,00007833_001.png,7833,,cardiomegaly_1,-4.357477,0.012648628,0.79306465
real,00007833_002.png,7833,,cardiomegaly_1,5.0904408,0.9938824,0.9118569
real,00007833_003.png,7833,,cardiomegaly_1,2.2863445,0.9077397,0.525951
real,00007848_001.png,7848,,cardiomegaly_1,-3.9937973,0.018096095,0.7245024
real,00007848_004.png,7848,,cardiomegaly_1,-3.4514904,0.03072444,0.55074376
real,00007848_005.png,7848,,cardiomegaly_1,-3.9418945,0.019041777,0.6976661
real,00007848_006.png,7848,,cardiomegaly_1,-4.032263,0.017425137,0.7269482
real,00007865_001.png,7865,,cardiomegaly_1,-2.8695927,0.05367734,0.47683728
real,00007865_003.png,7865,,cardiomegaly_1,-3.5218258,0.02869756,0.46173984
real,00007865_005.png,7865,,cardiomegaly_1,-2.7818108,0.05831504,0.25322157
real,00007869_004.png,7869,,cardiomegaly_1,-2.351902,0.08691471,0.3786917
real,00007882_000.png,7882,,cardiomegaly_1,-2.7404766,0.060626756,0.4120643
real,00007882_001.png,7882,,cardiomegaly_1,-2.6297398,0.06724877,0.3661883
real,00007908_000.png,7908,,cardiomegaly_1,6.4704666,0.99845386,0.97954625
real,00007989_000.png,7989,,cardiomegaly_1,-0.9435291,0.28018802,0.2832734
real,00007989_001.png,7989,,cardiomegaly_1,4.3220406,0.9869011,0.7930433
real,00007989_002.png,7989,,cardiomegaly_1,5.1571617,0.9942749,0.91196334
real,00008013_003.png,8013,,cardiomegaly_1,-3.2893887,0.03593702,0.60470724
real,00008013_006.png,8013,,cardiomegaly_1,-3.4499779,0.03076952,0.4615624
real,00008037_000.png,8037,,cardiomegaly_1,-4.1059704,0.01620703,0.7191211
real,00008037_001.png,8037,,cardiomegaly_1,-3.7285023,0.023464961,0.59979886
real,00008037_002.png,8037,,cardiomegaly_1,-4.077427,0.016668478,0.7210316
real,00008103_000.png,8103,,cardiomegaly_1,0.3911476,0.5965589,0.2725613
real,00008112_000.png,8112,,cardiomegaly_1,1.1642609,0.76210606,0.24697584
real,00008147_013.png,8147,,cardiomegaly_1,-3.8132763,0.021598922,0.6673408
real,00008184_007.png,8184,,cardiomegaly_1,-4.3863106,0.012293552,0.72082144
real,00008185_003.png,8185,,cardiomegaly_1,-2.3012104,0.09102277,0.23891307
real,00008185_005.png,8185,,cardiomegaly_1,-3.762844,0.022690786,0.59815395
real,00008191_001.png,8191,,cardiomegaly_1,-3.8959827,0.01991858,0.5891084
real,00008195_000.png,8195,,cardiomegaly_1,-4.3010693,0.013372802,0.7853418
real,00008339_000.png,8339,,cardiomegaly_1,6.255863,0.99808455,0.9818496
real,00008339_003.png,8339,,cardiomegaly_1,2.162016,0.8967863,0.5052308
real,00008339_005.png,8339,,cardiomegaly_1,5.958355,0.99742246,0.9708107
real,00008339_010.png,8339,,cardiomegaly_1,6.791008,0.99887747,0.95948035
real,00008342_012.png,8342,,cardiomegaly_1,-3.3954945,0.03243657,0.49153137
real,00008342_015.png,8342,,cardiomegaly_1,-2.737957,0.0607704,0.38554284
real,00008342_016.png,8342,,cardiomegaly_1,-3.302269,0.03549343,0.45791438
real,00008342_025.png,8342,,cardiomegaly_1,-3.9588394,0.018727826,0.6448655
real,00008404_000.png,8404,,cardiomegaly_1,-1.8672581,0.1338593,0.24784085
real,00008465_004.png,8465,,cardiomegaly_1,-3.48567,0.029722722,0.49108416
real,00008465_006.png,8465,,cardiomegaly_1,-3.9592228,0.018720783,0.6500058
real,00008471_000.png,8471,,cardiomegaly_1,-4.195009,0.014846852,0.7806074
real,00008477_001.png,8477,,cardiomegaly_1,-3.4255676,0.031505898,0.53364766
real,00008477_005.png,8477,,cardiomegaly_1,-3.3333855,0.03444346,0.51808023
real,00008477_006.png,8477,,cardiomegaly_1,-2.790907,0.057817534,0.50703615
real,00008477_007.png,8477,,cardiomegaly_1,-3.7183113,0.023699619,0.6511654
real,00008489_025.png,8489,,cardiomegaly_1,-3.8943558,0.019950366,0.66281396
real,00008637_000.png,8637,,cardiomegaly_1,-2.0628834,0.11275704,0.26060188
real,00008637_001.png,8637,,cardiomegaly_1,-3.9975662,0.018029248,0.62035656
real,00008738_000.png,8738,,cardiomegaly_1,-1.5122871,0.18060008,0.14298826
real,00008802_005.png,8802,,cardiomegaly_1,-3.086031,0.043687157,0.40647855
real,00008806_014.png,8806,,cardiomegaly_1,-1.9750538,0.12184709,0.18860947
real,00008827_000.png,8827,,cardiomegaly_1,-1.2044258,0.23068883,0.3091929
real,00008866_004.png,8866,,cardiomegaly_1,-3.6750736,0.024720924,0.6546825
real,00008898_000.png,8898,,cardiomegaly_1,6.73658,0.9988147,0.97309077
real,00008970_002.png,8970,,cardiomegaly_1,-4.272993,0.013748346,0.6885206
real,00009034_004.png,9034,,cardiomegaly_1,-1.5153561,0.18014637,0.16923004
real,00009105_007.png,9105,,cardiomegaly_1,-3.933958,0.01919059,0.6519609
real,00009141_000.png,9141,,cardiomegaly_1,-3.4058552,0.032112975,0.58406466
real,00009163_000.png,9163,,cardiomegaly_1,-3.6072178,0.026410764,0.57958555
real,00009163_001.png,9163,,cardiomegaly_1,-3.699686,0.024134414,0.6496518
real,00009174_000.png,9174,,cardiomegaly_1,4.1981945,0.9851997,0.89174736
real,00009185_006.png,9185,,cardiomegaly_1,3.8760414,0.97968835,0.85768026
real,00009189_002.png,9189,,cardiomegaly_1,-3.862728,0.020578241,0.6078687
real,00009189_004.png,9189,,cardiomegaly_1,-3.5631294,0.027568404,0.50842375
real,00009189_005.png,9189,,cardiomegaly_1,-3.360075,0.03356679,0.49680686
real,00009189_006.png,9189,,cardiomegaly_1,-3.6473293,0.025398728,0.58579427
real,00009229_000.png,9229,,cardiomegaly_1,4.967636,0.99308854,0.91011035
real,00009286_003.png,9286,,cardiomegaly_1,-2.2145996,0.09844708,0.23173164
real,00009326_000.png,9326,,cardiomegaly_1,-4.452162,0.011519111,0.7428404
real,00009326_001.png,9326,,cardiomegaly_1,-4.206085,0.014685718,0.6726474
real,00009349_001.png,9349,,cardiomegaly_1,-2.4647388,0.07836738,0.36970323
real,00009349_012.png,9349,,cardiomegaly_1,-2.9070606,0.05180563,0.5459734
real,00009349_014.png,9349,,cardiomegaly_1,-3.5577183,0.02771384,0.52594215
real,00009349_015.png,9349,,cardiomegaly_1,-2.850134,0.0546744,0.4088118
real,00009349_016.png,9349,,cardiomegaly_1,-3.4418583,0.031012595,0.5566331
real,00009349_019.png,9349,,cardiomegaly_1,-3.4794197,0.029903509,0.5909415
real,00009349_020.png,9349,,cardiomegaly_1,-3.5886745,0.026891783,0.6154374
real,00009349_021.png,9349,,cardiomegaly_1,-3.1869602,0.039659392,0.5039521
real,00009349_024.png,9349,,cardiomegaly_1,-3.4795246,0.029900467,0.5627091
real,00009349_025.png,9349,,cardiomegaly_1,-3.3192463,0.034916796,0.58891994
real,00009349_026.png,9349,,cardiomegaly_1,-2.9922829,0.047775727,0.47032213
real,00009349_027.png,9349,,cardiomegaly_1,-3.315319,0.03504938,0.49691105
real,00009349_028.png,9349,,cardiomegaly_1,-3.5697498,0.027391475,0.55584466
real,00009349_029.png,9349,,cardiomegaly_1,-3.6799812,0.024602879,0.58976173
real,00009373_000.png,9373,,cardiomegaly_1,-4.168846,0.015234422,0.7159817
real,00009373_001.png,9373,,cardiomegaly_1,-4.2868958,0.0135611035,0.7108401
real,00009378_005.png,9378,,cardiomegaly_1,-4.784794,0.008286605,0.8535388
real,00009378_010.png,9378,,cardiomegaly_1,-3.8382797,0.021076811,0.5444417
real,00009378_013.png,9378,,cardiomegaly_1,-4.144438,0.015604971,0.673668
real,00009378_014.png,9378,,cardiomegaly_1,-2.2072277,0.09910332,0.1902609
real,00009378_016.png,9378,,cardiomegaly_1,1.4947853,0.8167954,0.26210323
real,00009457_003.png,9457,,cardiomegaly_1,-4.0615005,0.016931541,0.7043829
real,00009457_004.png,9457,,cardiomegaly_1,1.2321453,0.77419376,0.3022595
real,00009516_003.png,9516,,cardiomegaly_1,-2.855669,0.05438902,0.3864084
real,00009571_001.png,9571,,cardiomegaly_1,-3.599884,0.026599996,0.6386808
real,00009571_002.png,9571,,cardiomegaly_1,-3.8113537,0.02163959,0.7085121
real,00009571_003.png,9571,,cardiomegaly_1,-3.937132,0.019130943,0.65994555
real,00009571_004.png,9571,,cardiomegaly_1,-3.993124,0.018108062,0.6812493
real,00009641_011.png,9641,,cardiomegaly_1,-0.87394714,0.29443362,0.21771862
real,00009665_004.png,9665,,cardiomegaly_1,-3.620575,0.026069475,0.63164806
real,00009665_005.png,9665,,cardiomegaly_1,-3.5543976,0.02780346,0.54942584
real,00009709_010.png,9709,,cardiomegaly_1,-4.063574,0.016897066,0.62093574
real,00009709_011.png,9709,,cardiomegaly_1,-4.463318,0.011392774,0.7270475
real,00009812_000.png,9812,,cardiomegaly_1,-2.8502712,0.0546673,0.4136941
real,00009908_001.png,9908,,cardiomegaly_1,-3.0700207,0.04436095,0.4297606
real,00009908_002.png,9908,,cardiomegaly_1,-3.5799294,0.027121581,0.62063885
real,00009932_008.png,9932,,cardiomegaly_1,0.08719063,0.5217839,0.13686827
real,00009934_007.png,9934,,cardiomegaly_1,0.64572716,0.6560469,0.18104243
real,00009934_008.png,9934,,cardiomegaly_1,1.3098831,0.7874936,0.2627262
real,00009934_009.png,9934,,cardiomegaly_1,5.2465744,0.9947621,0.96174455
real,00010071_003.png,10071,,cardiomegaly_1,-3.4848328,0.029746877,0.65878505
real,00010071_004.png,10071,,cardiomegaly_1,-3.5349922,0.028332826,0.6324112
real,00010071_007.png,10071,,cardiomegaly_1,-3.5376492,0.028259775,0.65847653
real,00010071_008.png,10071,,cardiomegaly_1,-3.2897453,0.035924666,0.5973108
real,00010071_010.png,10071,,cardiomegaly_1,-3.4092503,0.03200762,0.55082124
real,00010071_011.png,10071,,cardiomegaly_1,-3.684206,0.0245017,0.60899055
real,00010071_012.png,10071,,cardiomegaly_1,-3.3376217,0.034302857,0.5876906
real,00010120_021.png,10120,,cardiomegaly_1,-3.7210655,0.023635978,0.6193112
real,00010131_007.png,10131,,cardiomegaly_1,-3.57057,0.027369633,0.59676707
real,00010177_000.png,10177,,cardiomegaly_1,6.0351524,0.9976126,0.95418555
real,00010275_000.png,10275,,cardiomegaly_1,-3.7652435,0.022637637,0.61845803
real,00010279_003.png,10279,,cardiomegaly_1,0.8223381,0.6947324,0.23922417
real,00010279_004.png,10279,,cardiomegaly_1,-2.7313519,0.061148502,0.306231
real,00010279_005.png,10279,,cardiomegaly_1,-1.364172,0.20356308,0.18463817
real,00010335_001.png,10335,,cardiomegaly_1,-3.9458008,0.01896895,0.6154699
real,00010335_002.png,10335,,cardiomegaly_1,-4.024088,0.017565655,0.7018959
real,00010335_003.png,10335,,cardiomegaly_1,-3.9553509,0.018792044,0.5988285
real,00010335_005.png,10335,,cardiomegaly_1,-3.7724056,0.022479717,0.6334237
real,00010354_002.png,10354,,cardiomegaly_1,-2.2787628,0.092897154,0.23364353
real,00010427_009.png,10427,,cardiomegaly_1,-4.477186,0.011237629,0.76357377
real,00010443_001.png,10443,,cardiomegaly_1,-4.335743,0.012922954,0.68804425
real,00010465_004.png,10465,,cardiomegaly_1,-3.2308998,0.03801932,0.5296535
real,00010469_002.png,10469,,cardiomegaly_1,-2.088688,0.110201165,0.39846542
real,00010521_002.png,10521,,cardiomegaly_1,-4.144848,0.015598673,0.6284653
real,00010536_000.png,10536,,cardiomegaly_1,3.765316,0.97736394,0.78430617
real,00010571_006.png,10571,,cardiomegaly_1,-3.4848976,0.029745007,0.53410155
real,00010575_002.png,10575,,cardiomegaly_1,-3.582079,0.027064918,0.55643827
real,00010575_003.png,10575,,cardiomegaly_1,-3.8210526,0.0214352,0.59047765
real,00010625_000.png,10625,,cardiomegaly_1,6.699173,0.9987696,0.9840323
real,00010625_010.png,10625,,cardiomegaly_1,7.5933857,0.99949646,0.9926032
real,00010625_014.png,10625,,cardiomegaly_1,3.9416122,0.9809529,0.6977044
real,00010638_001.png,10638,,cardiomegaly_1,5.159361,0.99428743,0.9084701
real,00010695_007.png,10695,,cardiomegaly_1,-3.720356,0.023652356,0.6152041
real,00010695_008.png,10695,,cardiomegaly_1,-3.9322605,0.019222569,0.67524487
real,00010695_013.png,10695,,cardiomegaly_1,-3.747795,0.02302692,0.60874563
real,00010695_014.png,10695,,cardiomegaly_1,-3.7829037,0.022250183,0.5177174
real,00010695_015.png,10695,,cardiomegaly_1,-3.3328247,0.034462117,0.4624508
real,00010695_017.png,10695,,cardiomegaly_1,-3.7905102,0.022085302,0.58057547
real,00010695_016.png,10695,,cardiomegaly_1,-3.5592766,0.027671881,0.5610036
real,00010767_001.png,10767,,cardiomegaly_1,0.1673603,0.5417427,0.14167683
real,00010767_017.png,10767,,cardiomegaly_1,-3.6023693,0.026535721,0.61588556
real,00010767_015.png,10767,,cardiomegaly_1,-3.7477036,0.023028981,0.6166907
real,00010767_016.png,10767,,cardiomegaly_1,-3.8616543,0.020599894,0.6706614
real,00010767_022.png,10767,,cardiomegaly_1,-2.9221115,0.051071275,0.51199627
real,00010767_023.png,10767,,cardiomegaly_1,-3.0703716,0.04434607,0.6022037
real,00010767_024.png,10767,,cardiomegaly_1,-3.4470863,0.03085587,0.6538833
real,00010767_025.png,10767,,cardiomegaly_1,-3.485279,0.029733999,0.5613168
real,00010767_026.png,10767,,cardiomegaly_1,-3.737053,0.023269827,0.5802442
real,00010772_002.png,10772,,cardiomegaly_1,-3.9563255,0.01877408,0.63596517
real,00010772_003.png,10772,,cardiomegaly_1,-3.5129223,0.02894678,0.53779715
real,00010772_007.png,10772,,cardiomegaly_1,2.1839848,0.8988021,0.3379382
real,00010772_010.png,10772,,cardiomegaly_1,-3.7409859,0.023180604,0.70151186
real,00010772_012.png,10772,,cardiomegaly_1,-2.763649,0.05932042,0.47114897
real,00010772_015.png,10772,,cardiomegaly_1,-2.9837742,0.048164308,0.46365097
real,00010790_003.png,10790,,cardiomegaly_1,-1.7095051,0.15322793,0.12323984
real,00010828_000.png,10828,,cardiomegaly_1,-3.6889114,0.024389483,0.56356305
real,00010936_008.png,10936,,cardiomegaly_1,-2.9926472,0.047759157,0.39734578
real,00010936_009.png,10936,,cardiomegaly_1,-2.2975483,0.091326214,0.20843302
real,00010936_010.png,10936,,cardiomegaly_1,-2.258812,0.09459207,0.32168725
real,00010936_016.png,10936,,cardiomegaly_1,-1.7086601,0.15333757,0.24403207
real,00010936_017.png,10936,,cardiomegaly_1,-0.97548103,0.27378938,0.20295633
real,00010936_018.png,10936,,cardiomegaly_1,-2.9896164,0.047897182,0.49744394
real,00010936_019.png,10936,,cardiomegaly_1,-2.590294,0.06976571,0.29099327
real,00010936_021.png,10936,,cardiomegaly_1,-2.158163,0.10357088,0.33917663
real,00010936_023.png,10936,,cardiomegaly_1,-3.2212086,0.038375363,0.5678825
real,00010936_024.png,10936,,cardiomegaly_1,-2.3022919,0.09093333,0.32989585
real,00010940_000.png,10940,,cardiomegaly_1,-3.662962,0.025014624,0.6562698
real,00010953_000.png,10953,,cardiomegaly_1,-3.8684769,0.020462696,0.66820204
real,00010953_003.png,10953,,cardiomegaly_1,-2.7184715,0.061892148,0.41539782
real,00010953_004.png,10953,,cardiomegaly_1,-1.7321739,0.15030973,0.2924152
real,00010953_009.png,10953,,cardiomegaly_1,-3.7159386,0.023754582,0.66142327
real,00010953_011.png,10953,,cardiomegaly_1,-2.731495,0.061140295,0.4049418
real,00010953_012.png,10953,,cardiomegaly_1,-3.2470398,0.0374334,0.5245288
real,00010970_000.png,10970,,cardiomegaly_1,3.278555,0.96368575,0.6281024
real,00010992_000.png,10992,,cardiomegaly_1,-3.429512,0.031385764,0.4576632
real,00010992_006.png,10992,,cardiomegaly_1,-3.2893486,0.03593841,0.48748094
real,00010992_007.png,10992,,cardiomegaly_1,-3.6337051,0.025738167,0.49551007
real,00010992_008.png,10992,,cardiomegaly_1,-3.4805355,0.029871158,0.45841774
real,00010992_009.png,10992,,cardiomegaly_1,-3.4830074,0.029799609,0.5798037
real,00010992_010.png,10992,,cardiomegaly_1,-3.6755943,0.024708373,0.59554935
real,00010992_011.png,10992,,cardiomegaly_1,-3.7803154,0.02230656,0.65691483
real,00010992_012.png,10992,,cardiomegaly_1,-3.8720703,0.020390792,0.62352335
real,00010994_003.png,10994,,cardiomegaly_1,8.126984,0.99970466,0.9940844
real,00010994_005.png,10994,,cardiomegaly_1,8.032686,0.9996754,0.9947423
real,00010994_007.png,10994,,cardiomegaly_1,7.8797474,0.99962175,0.99517685
real,00010994_009.png,10994,,cardiomegaly_1,7.948097,0.9996468,0.99527264
real,00010994_010.png,10994,,cardiomegaly_1,7.463745,0.99942684,0.9902614
real,00010994_011.png,10994,,cardiomegaly_1,8.097847,0.9996959,0.99461055
real,00010994_012.png,10994,,cardiomegaly_1,7.9051933,0.9996313,0.99398917
real,00010994_013.png,10994,,cardiomegaly_1,7.781973,0.99958295,0.9928631
real,00010994_000.png,10994,,cardiomegaly_1,7.8871155,0.9996246,0.9931593
real,00011139_000.png,11139,,cardiomegaly_1,-2.9076233,0.051778004,0.3703977
real,00011237_001.png,11237,,cardiomegaly_1,-1.1487675,0.2407143,0.17816141
real,00011279_002.png,11279,,cardiomegaly_1,-3.9273396,0.019315563,0.6627465
real,00011380_005.png,11380,,cardiomegaly_1,-3.622017,0.026032887,0.518426
real,00011380_006.png,11380,,cardiomegaly_1,-3.5632591,0.027564928,0.50618565
real,00011380_009.png,11380,,cardiomegaly_1,-3.7282982,0.02346964,0.5788121
real,00011380_010.png,11380,,cardiomegaly_1,-3.8789558,0.020253707,0.610352
real,00011380_011.png,11380,,cardiomegaly_1,-3.8054676,0.021764556,0.59905404
real,00011380_012.png,11380,,cardiomegaly_1,-3.7197094,0.023667293,0.55647874
real,00011380_014.png,11380,,cardiomegaly_1,-2.88229,0.053036015,0.43911305
real,00011380_015.png,11380,,cardiomegaly_1,-3.4349613,0.031220524,0.5227753
real,00011380_016.png,11380,,cardiomegaly_1,-3.1749477,0.040119443,0.5719115
real,00011380_018.png,11380,,cardiomegaly_1,-3.5788593,0.027149832,0.61319155
real,00011380_019.png,11380,,cardiomegaly_1,-4.117901,0.0160179,0.7291017
real,00011380_020.png,11380,,cardiomegaly_1,-3.1198864,0.042294372,0.4423549
real,00011380_021.png,11380,,cardiomegaly_1,-2.8673382,0.053791974,0.42529202
real,00011380_023.png,11380,,cardiomegaly_1,-3.417757,0.0317451,0.51501095
real,00011380_024.png,11380,,cardiomegaly_1,-4.1186085,0.016006751,0.7104894
real,00011380_025.png,11380,,cardiomegaly_1,-3.8981953,0.019875431,0.6250821
real,00011380_026.png,11380,,cardiomegaly_1,-3.9449978,0.018983897,0.65082085
real,00011423_002.png,11423,,cardiomegaly_1,-4.3076153,0.013286709,0.7405915
real,00011423_003.png,11423,,cardiomegaly_1,-3.6023903,0.026535178,0.483591
real,00011423_006.png,11423,,cardiomegaly_1,-3.797369,0.021937652,0.61938393
real,00011423_008.png,11423,,cardiomegaly_1,-3.7511158,0.022952333,0.5619665
real,00011423_000.png,11423,,cardiomegaly_1,-3.8704796,0.02042259,0.6422209
real,00011423_001.png,11423,,cardiomegaly_1,-3.6943398,0.024260651,0.5488615
real,00011654_004.png,11654,,cardiomegaly_1,-3.2936897,0.035788305,0.5712216
real,00011748_000.png,11748,,cardiomegaly_1,-3.6903248,0.024355873,0.5548497
real,00011764_004.png,11764,,cardiomegaly_1,-3.1461868,0.04124179,0.49976552
real,00011770_010.png,11770,,cardiomegaly_1,-3.8711433,0.020409318,0.57980186
real,00011831_004.png,11831,,cardiomegaly_1,-2.9463902,0.049907397,0.4850587
real,00011831_007.png,11831,,cardiomegaly_1,-2.4585152,0.078818075,0.35986146
real,00011831_008.png,11831,,cardiomegaly_1,-2.728424,0.061316807,0.3470722
real,00011831_009.png,11831,,cardiomegaly_1,-2.6824894,0.06401456,0.36184973
real,00011831_010.png,11831,,cardiomegaly_1,-2.7658215,0.059199307,0.54780424
real,00011831_016.png,11831,,cardiomegaly_1,-3.148014,0.0411696,0.475697
real,00011831_017.png,11831,,cardiomegaly_1,-2.5051975,0.07549462,0.39212087
real,00011831_020.png,11831,,cardiomegaly_1,-3.544241,0.028079316,0.6167593
real,00011831_021.png,11831,,cardiomegaly_1,-4.1072235,0.016187062,0.823789
real,00011949_000.png,11949,,cardiomegaly_1,5.6627045,0.9965389,0.94824016
real,00011950_013.png,11950,,cardiomegaly_1,-3.4330845,0.03127734,0.5440155
real,00011950_015.png,11950,,cardiomegaly_1,-2.9602795,0.049252916,0.41337752
real,00011950_016.png,11950,,cardiomegaly_1,-2.8777142,0.05326629,0.3410926
real,00011950_018.png,11950,,cardiomegaly_1,-3.4678326,0.03024148,0.4685907
real,00011987_008.png,11987,,cardiomegaly_1,-3.6010284,0.026570382,0.48039585
real,00012021_001.png,12021,,cardiomegaly_1,-3.2469501,0.037436634,0.52198935
real,00012043_012.png,12043,,cardiomegaly_1,-3.9787827,0.018364822,0.74912876
real,00012043_013.png,12043,,cardiomegaly_1,-3.541523,0.028153589,0.57125956
real,00012043_015.png,12043,,cardiomegaly_1,-4.0442047,0.017221846,0.7869729
real,00012043_016.png,12043,,cardiomegaly_1,-3.8592281,0.0206489,0.7198616
real,00012092_003.png,12092,,cardiomegaly_1,-2.2267342,0.0973753,0.21209258
real,00012178_000.png,12178,,cardiomegaly_1,-1.9777641,0.121557385,0.20774291
real,00012178_001.png,12178,,cardiomegaly_1,-2.744753,0.060383674,0.21649367
real,00012263_000.png,12263,,cardiomegaly_1,-3.5413342,0.028158756,0.44898394
real,00012263_002.png,12263,,cardiomegaly_1,-3.7273197,0.023492076,0.5721761
real,00012263_005.png,12263,,cardiomegaly_1,-3.604351,0.026484577,0.5400707
real,00012263_006.png,12263,,cardiomegaly_1,-3.302414,0.035488468,0.6069337
real,00012263_007.png,12263,,cardiomegaly_1,-3.9252605,0.019354986,0.6817635
real,00012415_002.png,12415,,cardiomegaly_1,-3.6885567,0.024397926,0.5504779
real,00012415_004.png,12415,,cardiomegaly_1,-3.6236248,0.025992151,0.49787232
real,00012415_005.png,12415,,cardiomegaly_1,-3.7754269,0.022413423,0.57429093
real,00012415_006.png,12415,,cardiomegaly_1,-3.716528,0.023740917,0.55901515
real,00012460_002.png,12460,,cardiomegaly_1,-4.0124397,0.017767804,0.6533272
real,00012460_003.png,12460,,cardiomegaly_1,-4.468796,0.011331241,0.74508035
real,00012523_000.png,12523,,cardiomegaly_1,-1.0363979,0.26184562,0.110679455
real,00012536_003.png,12536,,cardiomegaly_1,-2.1715088,0.102338344,0.21330169
real,00012604_000.png,12604,,cardiomegaly_1,-4.110935,0.01612806,0.71617025
real,00012604_004.png,12604,,cardiomegaly_1,-3.4934464,0.029499277,0.5301768
real,00012604_005.png,12604,,cardiomegaly_1,-3.4618263,0.030418124,0.42353565
real,00012626_015.png,12626,,cardiomegaly_1,-4.145317,0.01559147,0.6782982
real,00012653_002.png,12653,,cardiomegaly_1,-3.5453033,0.028050337,0.59371406
real,00012707_000.png,12707,,cardiomegaly_1,1.7874851,0.8566187,0.3298113
real,00012722_000.png,12722,,cardiomegaly_1,-4.2136536,0.014576605,0.8497393
real,00012722_001.png,12722,,cardiomegaly_1,-4.1886044,0.014940824,0.7879768
real,00012722_002.png,12722,,cardiomegaly_1,-3.4801273,0.029882988,0.64767677
real,00012722_005.png,12722,,cardiomegaly_1,-3.8660736,0.020510921,0.724212
real,00012799_001.png,12799,,cardiomegaly_1,-3.1384754,0.041547786,0.47626498
real,00012827_001.png,12827,,cardiomegaly_1,-3.278511,0.036315788,0.41371152
real,00012827_002.png,12827,,cardiomegaly_1,-3.9967213,0.018044213,0.56675166
real,00012939_002.png,12939,,cardiomegaly_1,-2.6854057,0.06384004,0.35494393
real,00012949_002.png,12949,,cardiomegaly_1,-3.5000076,0.029312015,0.3711607
real,00012973_017.png,12973,,cardiomegaly_1,-3.1883297,0.039607268,0.53509253
real,00012973_015.png,12973,,cardiomegaly_1,-3.7959309,0.02196853,0.636414
real,00012973_016.png,12973,,cardiomegaly_1,-3.173605,0.040171184,0.4490377
real,00012973_019.png,12973,,cardiomegaly_1,-2.8576221,0.05428865,0.28488365
real,00012973_020.png,12973,,cardiomegaly_1,-3.7001553,0.024123367,0.48311117
real,00012973_021.png,12973,,cardiomegaly_1,-4.248192,0.014088722,0.71613026
real,00012975_000.png,12975,,cardiomegaly_1,-2.6486607,0.06607161,0.35363746
real,00013205_001.png,13205,,cardiomegaly_1,-3.475666,0.030012593,0.53347665
real,00013205_003.png,13205,,cardiomegaly_1,-3.3354683,0.03437426,0.4747371
real,00013205_004.png,13205,,cardiomegaly_1,-3.46068,0.03045195,0.5122654
real,00013205_006.png,13205,,cardiomegaly_1,-4.5423317,0.010536351,0.67364126
real,00013237_000.png,13237,,cardiomegaly_1,-3.6248512,0.025961118,0.56013894
real,00013285_000.png,13285,,cardiomegaly_1,-3.9102173,0.019642584,0.6606776
real,00013285_002.png,13285,,cardiomegaly_1,-3.6452389,0.025450526,0.60270554
real,00013285_003.png,13285,,cardiomegaly_1,-3.3094254,0.035249256,0.4829521
real,00013370_005.png,13370,,cardiomegaly_1,3.8580132,0.9793265,0.78281033
real,00013408_007.png,13408,,cardiomegaly_1,-3.7778072,0.022361325,0.64308256
real,00013408_008.png,13408,,cardiomegaly_1,-3.6986752,0.024158234,0.5034985
real,00013408_016.png,13408,,cardiomegaly_1,-2.8759441,0.05335562,0.424803
real,00013408_017.png,13408,,cardiomegaly_1,-3.2658997,0.03675974,0.4826484
real,00013408_018.png,13408,,cardiomegaly_1,-3.9476357,0.018934833,0.61570644
real,00013458_002.png,13458,,cardiomegaly_1,-4.348982,0.012755164,0.7357796
real,00013499_000.png,13499,,cardiomegaly_1,-3.6130123,0.026262175,0.5650395
real,00013519_001.png,13519,,cardiomegaly_1,-2.9940128,0.047697086,0.34275076
real,00013522_000.png,13522,,cardiomegaly_1,-3.7307262,0.023414057,0.50651836
real,00013534_006.png,13534,,cardiomegaly_1,-3.0281239,0.04617138,0.34304437
real,00013534_008.png,13534,,cardiomegaly_1,-3.3021564,0.035497285,0.4332466
real,00013534_010.png,13534,,cardiomegaly_1,-3.5333157,0.028379021,0.35704738
real,00013591_003.png,13591,,cardiomegaly_1,-2.1630287,0.10312,0.23443945
real,00013591_005.png,13591,,cardiomegaly_1,-3.934389,0.019182479,0.7192592
real,00013608_006.png,13608,,cardiomegaly_1,-3.5277405,0.028533153,0.53931576
real,00013608_007.png,13608,,cardiomegaly_1,-2.8409424,0.05515141,0.31200054
real,00013608_008.png,13608,,cardiomegaly_1,-3.6020756,0.026543312,0.5235994
real,00013608_011.png,13608,,cardiomegaly_1,-3.659521,0.025098678,0.6046806
real,00013608_012.png,13608,,cardiomegaly_1,-3.8781414,0.020269874,0.63387877
real,00013608_013.png,13608,,cardiomegaly_1,-3.6708355,0.024823312,0.5995308
real,00013608_017.png,13608,,cardiomegaly_1,-3.5930347,0.026777918,0.57937354
real,00013608_021.png,13608,,cardiomegaly_1,-3.003954,0.04724757,0.39937973
real,00013625_004.png,13625,,cardiomegaly_1,-3.20018,0.039158944,0.5182598
real,00013625_061.png,13625,,cardiomegaly_1,-1.6352444,0.1631132,0.19272673
real,00013678_000.png,13678,,cardiomegaly_1,-3.7582684,0.02279248,0.6369726
real,00013678_001.png,13678,,cardiomegaly_1,-2.2405396,0.09616864,0.26542926
real,00013709_000.png,13709,,cardiomegaly_1,-4.0344276,0.01738811,0.70807165
real,00013743_001.png,13743,,cardiomegaly_1,-3.2623482,0.0368857,0.34859738
real,00013830_000.png,13830,,cardiomegaly_1,-2.498684,0.075950496,0.30845588
real,00013862_004.png,13862,,cardiomegaly_1,-3.6862392,0.024453148,0.64323986
real,00013911_002.png,13911,,cardiomegaly_1,-2.9220123,0.05107608,0.32289863
real,00013911_004.png,13911,,cardiomegaly_1,-3.6847763,0.024488071,0.517133
real,00013911_007.png,13911,,cardiomegaly_1,-3.2971191,0.035670154,0.45535263
real,00013911_012.png,13911,,cardiomegaly_1,-3.6569633,0.025161337,0.62399477
real,00013911_020.png,13911,,cardiomegaly_1,-2.1559906,0.10377275,0.16877112
real,00013911_000.png,13911,,cardiomegaly_1,5.373314,0.9953826,0.93499494
real,00013964_001.png,13964,,cardiomegaly_1,-3.8439121,0.020960914,0.5959946
real,00014183_000.png,14183,,cardiomegaly_1,-3.9792137,0.018357055,0.5753518
real,00014196_002.png,14196,,cardiomegaly_1,-3.3930836,0.032512322,0.48686087
real,00014196_003.png,14196,,cardiomegaly_1,-3.6732082,0.024765939,0.56951874
real,00014289_000.png,14289,,cardiomegaly_1,-3.5040207,0.029198047,0.46735242
real,00014307_004.png,14307,,cardiomegaly_1,-3.9464417,0.018957026,0.5919034
real,00014307_008.png,14307,,cardiomegaly_1,-4.143955,0.015612385,0.7395579
real,00014307_011.png,14307,,cardiomegaly_1,-3.7673893,0.022590213,0.54609686
real,00014320_011.png,14320,,cardiomegaly_1,4.095293,0.9836218,0.8160502
real,00014320_012.png,14320,,cardiomegaly_1,2.9296513,0.9492929,0.5052582
real,00014320_033.png,14320,,cardiomegaly_1,-2.4769573,0.07748942,0.22186942
real,00014320_039.png,14320,,cardiomegaly_1,-3.5779095,0.027174927,0.49940598
real,00014387_000.png,14387,,cardiomegaly_1,-3.8577976,0.02067785,0.6117842
real,00014387_008.png,14387,,cardiomegaly_1,-2.890213,0.052639496,0.33647132
real,00014387_010.png,14387,,cardiomegaly_1,-3.4558125,0.03059599,0.42718935
real,00014475_001.png,14475,,cardiomegaly_1,-4.5332756,0.010631184,0.71559125
real,00014538_000.png,14538,,cardiomegaly_1,-3.4725723,0.030102786,0.472808
real,00014574_000.png,14574,,cardiomegaly_1,3.325714,0.9653005,0.59515953
real,00014648_000.png,14648,,cardiomegaly_1,-4.2593555,0.013934492,0.72418106
real,00014695_004.png,14695,,cardiomegaly_1,8.094181,0.9996948,0.9931551
real,00014719_006.png,14719,,cardiomegaly_1,-3.9209728,0.019436536,0.6018988
real,00014719_007.png,14719,,cardiomegaly_1,-4.224848,0.01441668,0.6479431
real,00014773_003.png,14773,,cardiomegaly_1,-3.2563038,0.037101027,0.576753
real,00014773_004.png,14773,,cardiomegaly_1,-3.341753,0.03416626,0.53153837
real,00014773_006.png,14773,,cardiomegaly_1,-2.7851963,0.058129404,0.3934119
real,00014773_005.png,14773,,cardiomegaly_1,-2.8406773,0.055165228,0.40080756
real,00014773_007.png,14773,,cardiomegaly_1,-4.504101,0.010942471,0.80909777
real,00014943_000.png,14943,,cardiomegaly_1,-3.0213776,0.046469394,0.35618475
real,00015064_000.png,15064,,cardiomegaly_1,3.6818676,0.97544235,0.7735705
real,00015080_002.png,15080,,cardiomegaly_1,-3.1840954,0.039768647,0.36188927
real,00015114_001.png,15114,,cardiomegaly_1,-4.00115,0.01796591,0.7205748
real,00015114_003.png,15114,,cardiomegaly_1,-2.9718895,0.048712093,0.44473675
real,00015212_001.png,15212,,cardiomegaly_1,-4.6535683,0.009437626,0.88055384
real,00015212_003.png,15212,,cardiomegaly_1,-3.5746384,0.02726154,0.5520306
real,00015212_008.png,15212,,cardiomegaly_1,-3.190012,0.039543323,0.41941974
real,00015228_002.png,15228,,cardiomegaly_1,-3.1684265,0.04037133,0.5016685
real,00015242_000.png,15242,,cardiomegaly_1,-0.43792725,0.39223498,0.11229652
real,00015244_002.png,15244,,cardiomegaly_1,-4.4927177,0.011066356,0.7104179
real,00015244_000.png,15244,,cardiomegaly_1,-4.430376,0.01176983,0.7323137
real,00015254_001.png,15254,,cardiomegaly_1,-3.4275322,0.031446006,0.5316983
real,00015254_002.png,15254,,cardiomegaly_1,-3.7684536,0.022566725,0.5047811
real,00015282_000.png,15282,,cardiomegaly_1,7.8900795,0.9996257,0.9926849
real,00015313_000.png,15313,,cardiomegaly_1,6.277054,0.99812454,0.9666222
real,00015313_003.png,15313,,cardiomegaly_1,-2.6005993,0.06909986,0.24441262
real,00015313_005.png,15313,,cardiomegaly_1,-0.71554947,0.32837376,0.11892809
real,00015313_006.png,15313,,cardiomegaly_1,-0.65543556,0.34176567,0.11766958
real,00015313_007.png,15313,,cardiomegaly_1,-3.037302,0.04576886,0.33433184
real,00015313_008.png,15313,,cardiomegaly_1,-2.4426212,0.07997982,0.3374472
real,00015318_007.png,15318,,cardiomegaly_1,-3.1376762,0.041579623,0.37605253
real,00015318_008.png,15318,,cardiomegaly_1,0.23946762,0.5595824,0.17964052
real,00015376_002.png,15376,,cardiomegaly_1,-1.9291153,0.12684853,0.23678488
real,00015376_037.png,15376,,cardiomegaly_1,3.1601486,0.9593068,0.7375101
real,00015388_004.png,15388,,cardiomegaly_1,-3.5631084,0.027568966,0.5316005
real,00015423_001.png,15423,,cardiomegaly_1,-2.0795994,0.111095525,0.23778601
real,00015423_002.png,15423,,cardiomegaly_1,-2.015646,0.11756996,0.26580605
real,00015423_003.png,15423,,cardiomegaly_1,-1.5416107,0.17630124,0.2642111
real,00015423_004.png,15423,,cardiomegaly_1,-1.830473,0.13818194,0.18529065
real,00015423_005.png,15423,,cardiomegaly_1,-2.2575436,0.09470076,0.25962552
real,00015423_006.png,15423,,cardiomegaly_1,-2.0876389,0.11030407,0.21450984
real,00015448_003.png,15448,,cardiomegaly_1,-4.3322315,0.012967822,0.7031391
real,00015492_002.png,15492,,cardiomegaly_1,-3.6960354,0.024220543,0.5246838
real,00015497_000.png,15497,,cardiomegaly_1,-2.656828,0.06556942,0.2831019
real,00015497_001.png,15497,,cardiomegaly_1,7.3829174,0.99937856,0.9843754
real,00015562_004.png,15562,,cardiomegaly_1,-4.5096245,0.010882852,0.762109
real,00015654_000.png,15654,,cardiomegaly_1,-3.92243,0.019408781,0.65806806
real,00015654_001.png,15654,,cardiomegaly_1,-2.4427414,0.07997098,0.30334392
real,00015654_002.png,15654,,cardiomegaly_1,-2.6862583,0.06378911,0.28335452
real,00015654_003.png,15654,,cardiomegaly_1,-3.8631153,0.020570438,0.6496598
real,00015654_004.png,15654,,cardiomegaly_1,-3.216446,0.038551502,0.45223475
real,00015654_005.png,15654,,cardiomegaly_1,-2.8402443,0.0551878,0.3731296
real,00015654_006.png,15654,,cardiomegaly_1,-3.1766815,0.04005273,0.36675897
real,00015716_000.png,15716,,cardiomegaly_1,-2.280384,0.09276062,0.23210704
real,00015985_000.png,15985,,cardiomegaly_1,-2.5573082,0.07193705,0.41971436
real,00016041_000.png,16041,,cardiomegaly_1,-3.817173,0.021516727,0.6413679
real,00016184_016.png,16184,,cardiomegaly_1,-3.0302353,0.04607848,0.38797042
real,00016191_001.png,16191,,cardiomegaly_1,-3.8449306,0.020940023,0.58803767
real,00016191_015.png,16191,,cardiomegaly_1,-3.461626,0.030424034,0.49004912
real,00016191_016.png,16191,,cardiomegaly_1,-3.7389164,0.023227511,0.57963324
real,00016191_021.png,16191,,cardiomegaly_1,-3.4271088,0.031458907,0.46806654
real,00016191_026.png,16191,,cardiomegaly_1,-3.233099,0.037938975,0.4384346
real,00016191_027.png,16191,,cardiomegaly_1,-3.5363522,0.02829541,0.47197536
real,00016202_000.png,16202,,cardiomegaly_1,-2.7497292,0.06010194,0.564254
real,00016205_005.png,16205,,cardiomegaly_1,-3.6460629,0.025430098,0.48801053
real,00016205_007.png,16205,,cardiomegaly_1,-3.3683949,0.033297937,0.40893635
real,00016205_008.png,16205,,cardiomegaly_1,-3.806242,0.021748075,0.52895087
real,00016205_009.png,16205,,cardiomegaly_1,-3.6997414,0.024133112,0.58197814
real,00016238_007.png,16238,,cardiomegaly_1,-3.2966938,0.035684787,0.5066765
real,00016238_008.png,16238,,cardiomegaly_1,-4.118334,0.016011078,0.7361004
real,00016353_000.png,16353,,cardiomegaly_1,-3.9531803,0.018832108,0.66847193
real,00016417_000.png,16417,,cardiomegaly_1,-2.8483315,0.054767635,0.39333722
real,00016417_001.png,16417,,cardiomegaly_1,-2.4429054,0.07995891,0.34463516
real,00016417_002.png,16417,,cardiomegaly_1,-3.1043262,0.042929154,0.35875505
real,00016417_004.png,16417,,cardiomegaly_1,-2.6736546,0.06454596,0.23573256
real,00016417_006.png,16417,,cardiomegaly_1,-3.0679932,0.044446982,0.29359418
real,00016417_007.png,16417,,cardiomegaly_1,-3.057724,0.044885173,0.36056992
real,00016417_008.png,16417,,cardiomegaly_1,-2.9866695,0.048031744,0.3464409
real,00016417_009.png,16417,,cardiomegaly_1,-2.9273796,0.050816573,0.3344077
real,00016484_002.png,16484,,cardiomegaly_1,7.2733803,0.9993067,0.9875192
real,00016484_018.png,16484,,cardiomegaly_1,6.641445,0.9986966,0.97760993
real,00016484_030.png,16484,,cardiomegaly_1,5.157255,0.9942755,0.8912466
real,00016548_000.png,16548,,cardiomegaly_1,-4.1367664,0.015723253,0.7110809
real,00016568_005.png,16568,,cardiomegaly_1,-3.672905,0.024773264,0.58919644
real,00016568_015.png,16568,,cardiomegaly_1,-2.9143734,0.051447585,0.39360118
real,00016568_016.png,16568,,cardiomegaly_1,-3.2826233,0.036172148,0.4763611
real,00016568_017.png,16568,,cardiomegaly_1,-3.1021042,0.043020543,0.40585276
real,00016568_018.png,16568,,cardiomegaly_1,-3.3480015,0.03396067,0.59163463
real,00016568_019.png,16568,,cardiomegaly_1,-3.442833,0.030983318,0.55700576
real,00016568_020.png,16568,,cardiomegaly_1,-3.5254211,0.028597513,0.5517403
real,00016568_021.png,16568,,cardiomegaly_1,-3.0447502,0.045444664,0.5460895
real,00016568_022.png,16568,,cardiomegaly_1,-3.76013,0.022751054,0.7342207
real,00016568_023.png,16568,,cardiomegaly_1,-3.1544228,0.040917363,0.5669564
real,00016568_024.png,16568,,cardiomegaly_1,-3.459856,0.030476289,0.6525105
real,00016568_025.png,16568,,cardiomegaly_1,-3.6044064,0.02648315,0.6387222
real,00016568_028.png,16568,,cardiomegaly_1,-3.3414822,0.034175202,0.6613061
real,00016568_029.png,16568,,cardiomegaly_1,-3.7710419,0.022509705,0.68713284
real,00016568_032.png,16568,,cardiomegaly_1,-3.7390728,0.023223963,0.67880124
real,00016568_036.png,16568,,cardiomegaly_1,-3.658928,0.025113193,0.57372147
real,00016568_037.png,16568,,cardiomegaly_1,-3.7129211,0.023824656,0.5802422
real,00016568_038.png,16568,,cardiomegaly_1,-3.971468,0.018497154,0.6589826
real,00016568_039.png,16568,,cardiomegaly_1,-4.0858326,0.01653126,0.6904358
real,00016568_040.png,16568,,cardiomegaly_1,-3.7546005,0.022874318,0.6026067
real,00016568_041.png,16568,,cardiomegaly_1,-3.7231789,0.023587255,0.58571523
real,00016568_042.png,16568,,cardiomegaly_1,-3.829111,0.021266816,0.5858179
real,00016568_043.png,16568,,cardiomegaly_1,-3.8930855,0.019975217,0.6994394
real,00016568_044.png,16568,,cardiomegaly_1,-3.5537453,0.027821096,0.5257447
real,00016568_047.png,16568,,cardiomegaly_1,-3.6498451,0.025336528,0.550621
real,00016568_051.png,16568,,cardiomegaly_1,-3.5669632,0.027465811,0.49211496
real,00016677_004.png,16677,,cardiomegaly_1,-0.745945,0.3217055,0.15852411
real,00016677_000.png,16677,,cardiomegaly_1,-2.0543613,0.113612436,0.21801175
real,00016724_000.png,16724,,cardiomegaly_1,-2.9259949,0.0508834,0.391281
real,00016724_001.png,16724,,cardiomegaly_1,-4.0430126,0.017242033,0.7890117
real,00016724_003.png,16724,,cardiomegaly_1,-4.099512,0.016310325,0.7386358
real,00016757_003.png,16757,,cardiomegaly_1,-3.8148441,0.021565815,0.54192126
real,00016801_000.png,16801,,cardiomegaly_1,-0.6886635,0.33433047,0.17693903
real,00016801_006.png,16801,,cardiomegaly_1,-2.90448,0.051932547,0.31534204
real,00016801_008.png,16801,,cardiomegaly_1,-2.2609348,0.09441042,0.19445032
real,00016862_000.png,16862,,cardiomegaly_1,-3.0521755,0.045123644,0.47675377
real,00016975_010.png,16975,,cardiomegaly_1,-4.052603,0.01708028,0.6840146
real,00016975_013.png,16975,,cardiomegaly_1,-4.225605,0.014405924,0.70573515
real,00016975_017.png,16975,,cardiomegaly_1,-3.592308,0.026796862,0.5650515
real,00016975_018.png,16975,,cardiomegaly_1,-3.3336544,0.034434516,0.370878
real,00016990_000.png,16990,,cardiomegaly_1,7.47678,0.9994342,0.9862893
real,00017258_002.png,17258,,cardiomegaly_1,-3.610218,0.026333729,0.56248075
real,00017258_003.png,17258,,cardiomegaly_1,-4.14324,0.0156233795,0.7565165
real,00017258_004.png,17258,,cardiomegaly_1,-3.8504868,0.020826414,0.68855506
real,00017258_005.png,17258,,cardiomegaly_1,-3.9164639,0.019522658,0.67785066
real,00017258_006.png,17258,,cardiomegaly_1,-3.5022774,0.029247504,0.58920664
real,00017258_007.png,17258,,cardiomegaly_1,-3.9535408,0.018825447,0.7369599
real,00017258_008.png,17258,,cardiomegaly_1,-3.9603558,0.01869998,0.7087719
real,00017258_009.png,17258,,cardiomegaly_1,-3.9466724,0.018952735,0.7520623
real,00017258_010.png,17258,,cardiomegaly_1,-3.9164314,0.019523278,0.7304767
real,00017258_011.png,17258,,cardiomegaly_1,-3.3019943,0.035502836,0.5577865
real,00017258_016.png,17258,,cardiomegaly_1,-3.1840706,0.039769594,0.41392785
real,00017258_017.png,17258,,cardiomegaly_1,-3.422966,0.031585377,0.5361719
real,00017258_019.png,17258,,cardiomegaly_1,-3.2458763,0.037475348,0.42820993
real,00017263_000.png,17263,,cardiomegaly_1,-1.4991474,0.18255273,0.19005263
real,00017395_001.png,17395,,cardiomegaly_1,-3.4636364,0.030364787,0.48254815
real,00017395_002.png,17395,,cardiomegaly_1,-3.7500362,0.022976557,0.6338313
real,00017395_003.png,17395,,cardiomegaly_1,-4.1691628,0.015229673,0.69075567
real,00017443_012.png,17443,,cardiomegaly_1,-3.9740314,0.018450672,0.6068459
real,00017443_013.png,17443,,cardiomegaly_1,-4.1329155,0.015782962,0.66573226
real,00017529_000.png,17529,,cardiomegaly_1,7.8983116,0.9996288,0.9927943
real,00017607_000.png,17607,,cardiomegaly_1,-3.8470764,0.020896075,0.5057433
real,00017618_004.png,17618,,cardiomegaly_1,-3.1413002,0.041435447,0.3392581
real,00017618_005.png,17618,,cardiomegaly_1,-2.7722645,0.058841478,0.2672438
real,00017618_006.png,17618,,cardiomegaly_1,-3.02067,0.04650076,0.3648765
real,00017618_008.png,17618,,cardiomegaly_1,-2.7960472,0.05753815,0.22865997
real,00017618_009.png,17618,,cardiomegaly_1,-3.295477,0.03572668,0.46356982
real,00017618_010.png,17618,,cardiomegaly_1,-2.7283497,0.061321087,0.33535206
real,00017618_011.png,17618,,cardiomegaly_1,-1.6523266,0.16079475,0.17268677
real,00017618_014.png,17618,,cardiomegaly_1,0.6995201,0.66808134,0.16519324
real,00017618_015.png,17618,,cardiomegaly_1,-1.7825279,0.14399126,0.1700585
real,00017618_019.png,17618,,cardiomegaly_1,-2.6905708,0.06353205,0.24827191
real,00017618_020.png,17618,,cardiomegaly_1,-0.054517746,0.48637393,0.113339856
real,00017618_021.png,17618,,cardiomegaly_1,1.3842831,0.799678,0.21389383
real,00017618_022.png,17618,,cardiomegaly_1,3.4364223,0.9688237,0.6777181
real,00017618_023.png,17618,,cardiomegaly_1,0.760622,0.68148875,0.2624815
real,00017618_032.png,17618,,cardiomegaly_1,-1.6740303,0.15788758,0.15509988
real,00017691_014.png,17691,,cardiomegaly_1,-3.8540154,0.02075458,0.532976
real,00017702_001.png,17702,,cardiomegaly_1,-4.098078,0.016333355,0.7869243
real,00017747_053.png,17747,,cardiomegaly_1,-3.0199356,0.04653333,0.6080327
real,00017747_054.png,17747,,cardiomegaly_1,-3.1445408,0.041306928,0.52940947
real,00017747_055.png,17747,,cardiomegaly_1,-3.083826,0.043779366,0.53029597
real,00017747_056.png,17747,,cardiomegaly_1,-3.2078133,0.038872752,0.6611155
real,00017747_057.png,17747,,cardiomegaly_1,-3.1735363,0.040173832,0.6330188
real,00017747_004.png,17747,,cardiomegaly_1,-2.283001,0.09254064,0.34762162
real,00017747_005.png,17747,,cardiomegaly_1,-2.7088203,0.06245489,0.5196416
real,00017747_008.png,17747,,cardiomegaly_1,-3.058094,0.044869315,0.53466403
real,00017747_010.png,17747,,cardiomegaly_1,-3.2609024,0.036937095,0.58693624
real,00017747_011.png,17747,,cardiomegaly_1,-3.2884045,0.03597113,0.655962
real,00017747_012.png,17747,,cardiomegaly_1,-3.4931793,0.029506924,0.65235025
real,00017763_003.png,17763,,cardiomegaly_1,-3.6827774,0.024535866,0.54087096
real,00017763_004.png,17763,,cardiomegaly_1,-3.9449482,0.01898482,0.5344622
real,00017786_005.png,17786,,cardiomegaly_1,-2.999815,0.047434233,0.28012955
real,00017786_010.png,17786,,cardiomegaly_1,-3.8447304,0.020944128,0.5758292
real,00017786_012.png,17786,,cardiomegaly_1,-3.8655396,0.020521652,0.5647612
real,00017786_000.png,17786,,cardiomegaly_1,-2.2038403,0.09940617,0.1591806
real,00017822_000.png,17822,,cardiomegaly_1,-1.9340038,0.12630808,0.16074708
real,00017835_032.png,17835,,cardiomegaly_1,-2.9860497,0.048060097,0.35032925
real,00017846_000.png,17846,,cardiomegaly_1,-3.736494,0.023282532,0.55711854
real,00017930_004.png,17930,,cardiomegaly_1,-3.697216,0.024192655,0.6570767
real,00017930_005.png,17930,,cardiomegaly_1,-4.003971,0.017916204,0.7628121
real,00017939_000.png,17939,,cardiomegaly_1,7.4286556,0.99940634,0.99022454
real,00017945_000.png,17945,,cardiomegaly_1,2.5954628,0.93056905,0.55658937
real,00017953_000.png,17953,,cardiomegaly_1,7.0270844,0.99911326,0.9844173
real,00017963_005.png,17963,,cardiomegaly_1,-2.7374668,0.06079839,0.23626886
real,00017963_006.png,17963,,cardiomegaly_1,-3.9870224,0.018216869,0.5984425
real,00018011_003.png,18011,,cardiomegaly_1,-1.3339653,0.20850421,0.15805063
real,00018011_005.png,18011,,cardiomegaly_1,-3.1639385,0.04054556,0.43251783
real,00018011_006.png,18011,,cardiomegaly_1,-3.45121,0.030732794,0.46017393
real,00018011_008.png,18011,,cardiomegaly_1,-1.7145576,0.1525735,0.17624642
real,00018065_005.png,18065,,cardiomegaly_1,-3.3805847,0.03290778,0.53925115
real,00018065_006.png,18065,,cardiomegaly_1,-3.7750168,0.022422409,0.6216774
real,00018065_007.png,18065,,cardiomegaly_1,-3.9194393,0.019465784,0.6060208
real,00018090_000.png,18090,,cardiomegaly_1,-2.8232155,0.056082472,0.40627402
real,00018102_001.png,18102,,cardiomegaly_1,-3.2818928,0.036197625,0.4610945
real,00018102_002.png,18102,,cardiomegaly_1,-3.5054703,0.029156985,0.5952291
real,00018102_004.png,18102,,cardiomegaly_1,-3.613453,0.026250912,0.5669617
real,00018148_001.png,18148,,cardiomegaly_1,-3.9874783,0.018208718,0.63972414
real,00018284_003.png,18284,,cardiomegaly_1,-3.0698738,0.044367176,0.41211495
real,00018284_004.png,18284,,cardiomegaly_1,-3.221119,0.03837867,0.4465196
real,00018374_000.png,18374,,cardiomegaly_1,-3.2596836,0.036980473,0.5335994
real,00018463_000.png,18463,,cardiomegaly_1,-2.319727,0.08950231,0.30528942
real,00018488_005.png,18488,,cardiomegaly_1,-4.05394,0.01705785,0.7247486
real,00018521_005.png,18521,,cardiomegaly_1,-3.1802921,0.03991414,0.5379328
real,00018521_007.png,18521,,cardiomegaly_1,-3.8596554,0.020640263,0.6794861
real,00018521_008.png,18521,,cardiomegaly_1,-3.593029,0.026778065,0.5930832
real,00018521_009.png,18521,,cardiomegaly_1,-3.4266663,0.031472392,0.5672146
real,00018521_010.png,18521,,cardiomegaly_1,-3.467352,0.03025558,0.52404046
real,00018521_011.png,18521,,cardiomegaly_1,-3.2514458,0.03727497,0.5297345
real,00018521_014.png,18521,,cardiomegaly_1,-3.9795952,0.018350182,0.74434054
real,00018521_015.png,18521,,cardiomegaly_1,-3.8117447,0.021631313,0.7453876
real,00018524_002.png,18524,,cardiomegaly_1,-2.6006947,0.06909373,0.23087585
real,00018524_003.png,18524,,cardiomegaly_1,-2.815117,0.056512732,0.26332363
real,00018524_005.png,18524,,cardiomegaly_1,-2.5509968,0.07235955,0.22295769
real,00018531_000.png,18531,,cardiomegaly_1,-3.5650768,0.027516242,0.48446375
real,00018592_002.png,18592,,cardiomegaly_1,-3.7581005,0.022796221,0.64370126
real,00018592_007.png,18592,,cardiomegaly_1,-4.3743057,0.012440178,0.69379145
real,00018626_010.png,18626,,cardiomegaly_1,-2.9434242,0.05004822,0.34692973
real,00018626_012.png,18626,,cardiomegaly_1,-3.8385334,0.021071577,0.672792
real,00018626_013.png,18626,,cardiomegaly_1,-3.593748,0.026759332,0.54556805
real,00018626_014.png,18626,,cardiomegaly_1,-3.6751995,0.02471789,0.58800447
real,00018626_017.png,18626,,cardiomegaly_1,-4.118099,0.016014775,0.7187715
real,00018672_000.png,18672,,cardiomegaly_1,-1.3211956,0.21061945,0.15351819
real,00018678_000.png,18678,,cardiomegaly_1,-4.20792,0.014659191,0.6617035
real,00018964_004.png,18964,,cardiomegaly_1,-3.9661674,0.018593632,0.5679315
real,00018964_005.png,18964,,cardiomegaly_1,-3.9376545,0.019121138,0.63190424
real,00018964_006.png,18964,,cardiomegaly_1,-3.9367638,0.019137854,0.6643685
real,00019125_000.png,19125,,cardiomegaly_1,-2.501604,0.0757458,0.28122965
real,00019154_000.png,19154,,cardiomegaly_1,-3.8166199,0.021528376,0.6417929
real,00019154_001.png,19154,,cardiomegaly_1,-2.1538925,0.10396805,0.2372439
real,00019201_002.png,19201,,cardiomegaly_1,-2.9475193,0.049853887,0.36480156
real,00019231_001.png,19231,,cardiomegaly_1,-2.5199127,0.074473955,0.20658037
real,00019395_006.png,19395,,cardiomegaly_1,-1.8779964,0.13261917,0.22602008
real,00019395_012.png,19395,,cardiomegaly_1,-2.5950851,0.0694554,0.3860681
real,00019395_014.png,19395,,cardiomegaly_1,-3.1594791,0.040719394,0.50376093
real,00019395_015.png,19395,,cardiomegaly_1,-2.6958466,0.063218884,0.3359222
real,00019395_016.png,19395,,cardiomegaly_1,-2.2287464,0.09719859,0.28724682
real,00019395_017.png,19395,,cardiomegaly_1,-2.2481194,0.09551181,0.28722852
real,00019395_018.png,19395,,cardiomegaly_1,-2.1897964,0.100670524,0.18911661
real,00019395_020.png,19395,,cardiomegaly_1,-0.83579636,0.30242085,0.16058643
real,00019395_021.png,19395,,cardiomegaly_1,-2.5277843,0.07393321,0.290446
real,00019395_022.png,19395,,cardiomegaly_1,-2.6309166,0.06717499,0.4543888
real,00019395_023.png,19395,,cardiomegaly_1,-0.89121056,0.29086006,0.19908446
real,00019395_026.png,19395,,cardiomegaly_1,-1.2887249,0.21606873,0.15033524
real,00019406_007.png,19406,,cardiomegaly_1,-4.2714996,0.01376861,0.71546245
real,00019409_000.png,19409,,cardiomegaly_1,-3.9023342,0.019794965,0.60751784
real,00019437_000.png,19437,,cardiomegaly_1,-2.4529877,0.07922034,0.23932429
real,00019486_001.png,19486,,cardiomegaly_1,5.8095245,0.9970101,0.93506074
real,00019486_000.png,19486,,cardiomegaly_1,-1.1858196,0.23400742,0.2639637
real,00019592_006.png,19592,,cardiomegaly_1,-3.3829403,0.032832902,0.47815612
real,00019592_007.png,19592,,cardiomegaly_1,-3.4847698,0.029748697,0.4926715
real,00019592_008.png,19592,,cardiomegaly_1,-3.0155392,0.046728782,0.43194082
real,00019637_004.png,19637,,cardiomegaly_1,-3.2383747,0.037746884,0.45891985
real,00019637_008.png,19637,,cardiomegaly_1,4.8633614,0.99233466,0.90403444
real,00019637_003.png,19637,,cardiomegaly_1,-3.1141434,0.042527612,0.44021213
real,00019761_000.png,19761,,cardiomegaly_1,-3.8180847,0.02149754,0.61554563
real,00019863_006.png,19863,,cardiomegaly_1,-3.8019848,0.021838833,0.4911559
real,00019863_008.png,19863,,cardiomegaly_1,-3.6033401,0.026510654,0.41259474
real,00019917_000.png,19917,,cardiomegaly_1,-3.7296734,0.023438143,0.6181214
real,00019919_016.png,19919,,cardiomegaly_1,-3.7043152,0.024025632,0.5390954
real,00019919_017.png,19919,,cardiomegaly_1,-3.2162704,0.038558006,0.46228236
real,00019919_018.png,19919,,cardiomegaly_1,-4.054039,0.017056186,0.6251526
real,00019919_020.png,19919,,cardiomegaly_1,-3.1658993,0.040469352,0.33550546
real,00019919_021.png,19919,,cardiomegaly_1,-2.3570786,0.08650477,0.21743551
real,00019919_003.png,19919,,cardiomegaly_1,-4.4500694,0.01154296,0.7792145
real,00019927_005.png,19927,,cardiomegaly_1,-4.3929653,0.012213009,0.7308424
real,00019927_007.png,19927,,cardiomegaly_1,-4.51318,0.010844648,0.77753276
real,00019927_008.png,19927,,cardiomegaly_1,-4.066881,0.016842214,0.63165987
real,00019927_009.png,19927,,cardiomegaly_1,-4.408617,0.0120256245,0.78175795
real,00019927_010.png,19927,,cardiomegaly_1,-4.387026,0.01228487,0.76390296
real,00019964_000.png,19964,,cardiomegaly_1,-3.6703281,0.024835598,0.5166414
real,00020234_000.png,20234,,cardiomegaly_1,-3.581173,0.027088787,0.5600906
real,00020286_004.png,20286,,cardiomegaly_1,-2.5206776,0.07442126,0.26306027
real,00020286_003.png,20286,,cardiomegaly_1,-2.5755959,0.07072564,0.29449245
real,00020286_002.png,20286,,cardiomegaly_1,-2.3641586,0.08594693,0.22732517
real,00020286_008.png,20286,,cardiomegaly_1,-2.8167992,0.056423105,0.23673874
real,00020286_009.png,20286,,cardiomegaly_1,-1.9479122,0.124781184,0.16832931
real,00020286_012.png,20286,,cardiomegaly_1,-2.3782787,0.08484412,0.20012031
real,00020286_011.png,20286,,cardiomegaly_1,-2.2594357,0.09453867,0.26291126
real,00020286_014.png,20286,,cardiomegaly_1,-2.599949,0.06914171,0.28087136
real,00020286_015.png,20286,,cardiomegaly_1,-2.2666054,0.09392672,0.23740767
real,00020286_028.png,20286,,cardiomegaly_1,-2.495407,0.076180786,0.25025403
real,00020286_023.png,20286,,cardiomegaly_1,-2.7470474,0.060253616,0.23450215
real,00020286_026.png,20286,,cardiomegaly_1,-2.8371334,0.055350237,0.29698673
real,00020312_018.png,20312,,cardiomegaly_1,-3.8545303,0.020744117,0.5316354
real,00020318_035.png,20318,,cardiomegaly_1,-3.7031288,0.024053464,0.56983256
real,00020318_002.png,20318,,cardiomegaly_1,-2.1252918,0.10666278,0.25939503
real,00020318_003.png,20318,,cardiomegaly_1,-2.6970596,0.06314708,0.35732093
real,00020318_004.png,20318,,cardiomegaly_1,-3.5532875,0.027833479,0.5313039
real,00020318_006.png,20318,,cardiomegaly_1,-3.4024029,0.032220453,0.5005261
real,00020318_008.png,20318,,cardiomegaly_1,-3.518633,0.028786693,0.4554089
real,00020318_010.png,20318,,cardiomegaly_1,-3.1164207,0.04243497,0.41255754
real,00020318_011.png,20318,,cardiomegaly_1,-3.4331894,0.031274162,0.5372902
real,00020318_012.png,20318,,cardiomegaly_1,-2.9386406,0.05027614,0.4064071
real,00020318_014.png,20318,,cardiomegaly_1,-3.179369,0.03994953,0.46841428
real,00020318_015.png,20318,,cardiomegaly_1,-2.9423237,0.050100572,0.41815796
real,00020318_017.png,20318,,cardiomegaly_1,-3.3275414,0.03463835,0.47979036
real,00020318_018.png,20318,,cardiomegaly_1,-3.205984,0.03894115,0.47037792
real,00020318_019.png,20318,,cardiomegaly_1,-3.5252438,0.02860244,0.5836228
real,00020318_020.png,20318,,cardiomegaly_1,-3.852541,0.020784566,0.6220322
real,00020318_021.png,20318,,cardiomegaly_1,-3.745552,0.023077434,0.622791
real,00020318_022.png,20318,,cardiomegaly_1,-3.776844,0.022382392,0.62346023
real,00020318_023.png,20318,,cardiomegaly_1,-3.6474266,0.025396321,0.60289174
real,00020382_000.png,20382,,cardiomegaly_1,-3.5157032,0.028868714,0.5056999
real,00020393_003.png,20393,,cardiomegaly_1,-4.043352,0.017236283,0.6528078
real,00020393_004.png,20393,,cardiomegaly_1,-4.4286995,0.011789348,0.72495157
real,00020399_000.png,20399,,cardiomegaly_1,-3.56151,0.02761185,0.5732479
real,00020428_000.png,20428,,cardiomegaly_1,-0.42671585,0.3949108,0.11243398
real,00020485_000.png,20485,,cardiomegaly_1,-4.829796,0.007924847,0.8878444
real,00020629_006.png,20629,,cardiomegaly_1,-2.7565536,0.059717596,0.41078976
real,00020629_007.png,20629,,cardiomegaly_1,-3.8167439,0.021525765,0.60032713
real,00020629_008.png,20629,,cardiomegaly_1,-3.7135773,0.023809403,0.508841
real,00020629_011.png,20629,,cardiomegaly_1,4.3980694,0.9878484,0.8930239
real,00020629_012.png,20629,,cardiomegaly_1,4.7836933,0.99170434,0.9109344
real,00020629_014.png,20629,,cardiomegaly_1,-2.6732502,0.064570375,0.37128422
real,00020629_016.png,20629,,cardiomegaly_1,-3.9729748,0.018469818,0.66942084
real,00020642_002.png,20642,,cardiomegaly_1,-3.1149178,0.04249609,0.39407614
real,00020642_003.png,20642,,cardiomegaly_1,-3.6459427,0.025433075,0.5957832
real,00020671_000.png,20671,,cardiomegaly_1,-2.9938946,0.047702458,0.48497382
real,00020671_003.png,20671,,cardiomegaly_1,-3.2129726,0.038680445,0.5225308
real,00020671_004.png,20671,,cardiomegaly_1,-2.3939743,0.08363334,0.2484644
real,00020671_005.png,20671,,cardiomegaly_1,-3.4444008,0.030936278,0.5520789
real,00020671_006.png,20671,,cardiomegaly_1,-3.2547092,0.037158035,0.49362275
real,00020671_008.png,20671,,cardiomegaly_1,-2.9877949,0.047980316,0.4361467
real,00020671_009.png,20671,,cardiomegaly_1,-3.4458466,0.030892966,0.62009907
real,00020671_010.png,20671,,cardiomegaly_1,-3.4678345,0.030241424,0.63858855
real,00020671_015.png,20671,,cardiomegaly_1,-2.236292,0.096538484,0.33451548
real,00020671_016.png,20671,,cardiomegaly_1,-2.269991,0.09363899,0.37299776
real,00020671_017.png,20671,,cardiomegaly_1,-3.0567207,0.044928208,0.4704147
real,00020671_018.png,20671,,cardiomegaly_1,-2.8706303,0.053624656,0.47325343
real,00020683_000.png,20683,,cardiomegaly_1,-3.711874,0.023849024,0.49068037
real,00020683_001.png,20683,,cardiomegaly_1,-3.7775993,0.022365872,0.48482844
real,00020758_001.png,20758,,cardiomegaly_1,3.9032097,0.98022205,0.8044316
real,00020810_004.png,20810,,cardiomegaly_1,-3.5388546,0.028226689,0.50600684
real,00020811_013.png,20811,,cardiomegaly_1,-3.4233437,0.031573832,0.42634112
real,00020811_014.png,20811,,cardiomegaly_1,-3.6061287,0.026438784,0.4365166
real,00020811_004.png,20811,,cardiomegaly_1,-4.0600777,0.016955242,0.6874807
real,00020811_008.png,20811,,cardiomegaly_1,-3.338932,0.034259472,0.4512471
real,00020819_002.png,20819,,cardiomegaly_1,5.1331673,0.9941367,0.95493597
real,00020819_006.png,20819,,cardiomegaly_1,-3.4587193,0.030509895,0.5674731
real,00020819_010.png,20819,,cardiomegaly_1,3.9399853,0.9809225,0.7791057
real,00020819_012.png,20819,,cardiomegaly_1,1.9512253,0.8755802,0.3397237
real,00020819_013.png,20819,,cardiomegaly_1,-0.7659569,0.31735435,0.1614121
real,00020819_014.png,20819,,cardiomegaly_1,-0.78372574,0.31351745,0.16897929
real,00020819_015.png,20819,,cardiomegaly_1,-1.2464314,0.22331852,0.13127239
real,00020819_016.png,20819,,cardiomegaly_1,-1.1203232,0.24595135,0.1556781
real,00020869_007.png,20869,,cardiomegaly_1,-3.4542103,0.030643549,0.46238112
real,00020880_002.png,20880,,cardiomegaly_1,-3.3867073,0.032713484,0.46165484
real,00020880_004.png,20880,,cardiomegaly_1,-3.4645596,0.030337615,0.5323777
real,00020928_001.png,20928,,cardiomegaly_1,-3.0827827,0.043823063,0.47414842
real,00020934_000.png,20934,,cardiomegaly_1,-1.6825085,0.1567636,0.24909069
real,00021023_005.png,21023,,cardiomegaly_1,-3.4534817,0.030665195,0.35583377
real,00021023_007.png,21023,,cardiomegaly_1,-3.637022,0.025655124,0.5140256
real,00021023_020.png,21023,,cardiomegaly_1,-3.4725132,0.03010451,0.48924953
real,00021107_001.png,21107,,cardiomegaly_1,6.73057,0.99880755,0.97763497
real,00021107_002.png,21107,,cardiomegaly_1,6.4212112,0.9983759,0.9571888
real,00021200_003.png,21200,,cardiomegaly_1,7.3572025,0.9993624,0.99155396
real,00021245_002.png,21245,,cardiomegaly_1,-2.4730072,0.077772275,0.31654435
real,00021245_003.png,21245,,cardiomegaly_1,-2.3068047,0.090560965,0.233168
real,00021260_005.png,21260,,cardiomegaly_1,-2.1514397,0.10419677,0.3105944
real,00021362_003.png,21362,,cardiomegaly_1,-2.7367954,0.060836744,0.36170197
real,00021362_004.png,21362,,cardiomegaly_1,2.7201996,0.9382081,0.5430949
real,00021362_005.png,21362,,cardiomegaly_1,-0.25668526,0.4361787,0.1482718
real,00021398_000.png,21398,,cardiomegaly_1,-3.6034126,0.026508786,0.57297075
real,00021398_001.png,21398,,cardiomegaly_1,-3.3564854,0.03368343,0.40628466
real,00021409_003.png,21409,,cardiomegaly_1,-2.5742474,0.07081432,0.45232758
real,00021409_004.png,21409,,cardiomegaly_1,-2.1815739,0.10141741,0.30044076
real,00021409_005.png,21409,,cardiomegaly_1,0.20795631,0.5518025,0.20538262
real,00021409_009.png,21409,,cardiomegaly_1,-2.846323,0.0548717,0.46570516
real,00021455_000.png,21455,,cardiomegaly_1,-3.7697067,0.0225391,0.6985656
real,00021455_001.png,21455,,cardiomegaly_1,-3.7632713,0.022681314,0.6194909
real,00021455_005.png,21455,,cardiomegaly_1,-2.229782,0.09710774,0.38059783
real,00021455_006.png,21455,,cardiomegaly_1,-2.2404594,0.096175596,0.37935337
real,00021455_007.png,21455,,cardiomegaly_1,-2.091938,0.109882884,0.40814576
real,00021455_009.png,21455,,cardiomegaly_1,-3.1146774,0.042505868,0.5468009
real,00021495_002.png,21495,,cardiomegaly_1,-3.7655544,0.02263076,0.7121123
real,00021495_006.png,21495,,cardiomegaly_1,-3.6170216,0.026159847,0.56595534
real,00021495_007.png,21495,,cardiomegaly_1,-3.6722183,0.024789859,0.5903557
real,00021495_008.png,21495,,cardiomegaly_1,-3.6839485,0.024507854,0.59579676
real,00021648_009.png,21648,,cardiomegaly_1,-3.675209,0.024717662,0.5771808
real,00021649_001.png,21649,,cardiomegaly_1,-3.9771404,0.018394453,0.5973727
real,00021684_000.png,21684,,cardiomegaly_1,-3.7269077,0.023501528,0.56384605
real,00021707_003.png,21707,,cardiomegaly_1,-3.8074417,0.021722564,0.66125196
real,00021707_004.png,21707,,cardiomegaly_1,-3.2304935,0.038034186,0.41857052
real,00021803_000.png,21803,,cardiomegaly_1,-3.945837,0.018968273,0.6533239
real,00021803_001.png,21803,,cardiomegaly_1,-4.098818,0.016321467,0.67586434
real,00021845_000.png,21845,,cardiomegaly_1,1.4981575,0.8172995,0.30811173
real,00021845_003.png,21845,,cardiomegaly_1,-4.0041313,0.017913386,0.6948428
real,00021972_025.png,21972,,cardiomegaly_1,-1.5983849,0.16820747,0.19462962
real,00021972_027.png,21972,,cardiomegaly_1,-2.4622765,0.078545414,0.33152863
real,00021972_028.png,21972,,cardiomegaly_1,-2.792307,0.057741314,0.44643846
real,00021972_029.png,21972,,cardiomegaly_1,-3.2848568,0.03609436,0.4988106
real,00021972_030.png,21972,,cardiomegaly_1,-2.7010899,0.06290908,0.3820811
real,00021972_032.png,21972,,cardiomegaly_1,-3.2002125,0.03915773,0.35838333
real,00021972_001.png,21972,,cardiomegaly_1,-2.9832668,0.048187573,0.4131395
real,00021972_003.png,21972,,cardiomegaly_1,-3.3236675,0.03476812,0.53066385
real,00021972_005.png,21972,,cardiomegaly_1,-2.64184,0.06649373,0.35967714
real,00021972_007.png,21972,,cardiomegaly_1,-3.1778774,0.040006775,0.40840387
real,00021972_009.png,21972,,cardiomegaly_1,-1.4579239,0.18878506,0.17109194
real,00021972_010.png,21972,,cardiomegaly_1,-0.4693699,0.38476542,0.19042146
real,00021976_004.png,21976,,cardiomegaly_1,-3.0390606,0.045692116,0.33224156
real,00021976_005.png,21976,,cardiomegaly_1,-3.7856445,0.02219063,0.4608146
real,00021976_006.png,21976,,cardiomegaly_1,-3.597477,0.026662393,0.36466467
real,00021976_007.png,21976,,cardiomegaly_1,-3.7809696,0.022292295,0.48685694
real,00021976_008.png,21976,,cardiomegaly_1,-3.7703552,0.022524819,0.5266302
real,00021976_009.png,21976,,cardiomegaly_1,-3.5865364,0.026947789,0.3983591
real,00021976_010.png,21976,,cardiomegaly_1,-3.913309,0.019583136,0.5212919
real,00021976_011.png,21976,,cardiomegaly_1,-3.6816883,0.024561945,0.42378345
real,00021976_013.png,21976,,cardiomegaly_1,-3.8041954,0.02179166,0.52004844
real,00021976_012.png,21976,,cardiomegaly_1,-3.736578,0.023280624,0.4673908
real,00022147_005.png,22147,,cardiomegaly_1,4.0047245,0.98209697,0.74261934
real,00022147_000.png,22147,,cardiomegaly_1,-1.3895035,0.19948705,0.12497053
real,00022155_003.png,22155,,cardiomegaly_1,-3.2345161,0.037887283,0.37544656
real,00022155_004.png,22155,,cardiomegaly_1,-3.1727028,0.040205985,0.33689508
real,00022155_005.png,22155,,cardiomegaly_1,-2.6316376,0.06712983,0.262508
real,00022155_008.png,22155,,cardiomegaly_1,-2.9142075,0.05145569,0.34445843
real,00022155_010.png,22155,,cardiomegaly_1,-2.6311665,0.06715933,0.25295854
real,00022155_011.png,22155,,cardiomegaly_1,-3.334753,0.03439801,0.39498568
real,00022155_013.png,22155,,cardiomegaly_1,-1.9704227,0.122343495,0.17045332
real,00022155_021.png,22155,,cardiomegaly_1,-1.8715248,0.13336538,0.25052735
real,00022175_001.png,22175,,cardiomegaly_1,-1.3202343,0.21077932,0.1456329
real,00022341_005.png,22341,,cardiomegaly_1,0.5811558,0.64133334,0.21292241
real,00022574_000.png,22574,,cardiomegaly_1,-4.1289387,0.015844855,0.6589637
real,00022651_001.png,22651,,cardiomegaly_1,-1.88904,0.13135396,0.3786157
real,00022651_003.png,22651,,cardiomegaly_1,-1.5656986,0.17283045,0.25672406
real,00022651_004.png,22651,,cardiomegaly_1,-3.136324,0.041633546,0.59640145
real,00022651_005.png,22651,,cardiomegaly_1,-1.979393,0.121383555,0.3224303
real,00022651_006.png,22651,,cardiomegaly_1,-3.6365318,0.025667379,0.6879303
real,00022651_007.png,22651,,cardiomegaly_1,-3.2375736,0.03777599,0.56514096
real,00022651_008.png,22651,,cardiomegaly_1,-3.428259,0.03142388,0.593852
real,00022651_009.png,22651,,cardiomegaly_1,-3.629057,0.025854979,0.61567026
real,00022651_010.png,22651,,cardiomegaly_1,-3.5709763,0.027358819,0.68020695
real,00022651_013.png,22651,,cardiomegaly_1,-2.197073,0.10001365,0.22189307
real,00022651_015.png,22651,,cardiomegaly_1,-3.0392914,0.045682054,0.4089147
real,00022651_016.png,22651,,cardiomegaly_1,-3.601717,0.026552578,0.5313709
real,00022651_017.png,22651,,cardiomegaly_1,-3.6925964,0.024301954,0.5605545
real,00022651_018.png,22651,,cardiomegaly_1,-3.5561066,0.0277573,0.55428445
real,00022651_019.png,22651,,cardiomegaly_1,-3.4871368,0.02968045,0.4625258
real,00022651_023.png,22651,,cardiomegaly_1,-1.7200794,0.15186094,0.18249132
real,00022677_002.png,22677,,cardiomegaly_1,5.953579,0.99741024,0.96870303
real,00022716_000.png,22716,,cardiomegaly_1,-3.2296581,0.038064763,0.5090808
real,00022789_000.png,22789,,cardiomegaly_1,-2.8568096,0.054330386,0.46623224
real,00022789_001.png,22789,,cardiomegaly_1,-3.7166023,0.023739194,0.56266403
real,00022818_000.png,22818,,cardiomegaly_1,-4.5270176,0.010697209,0.75840056
real,00022883_002.png,22883,,cardiomegaly_1,-2.0575447,0.113292255,0.15057583
real,00022883_011.png,22883,,cardiomegaly_1,-3.5255451,0.028594067,0.4476314
real,00022883_012.png,22883,,cardiomegaly_1,-3.1679535,0.04038966,0.4134455
real,00023073_008.png,23073,,cardiomegaly_1,-4.1755905,0.015133572,0.7697053
real,00023093_007.png,23093,,cardiomegaly_1,3.3193512,0.9650867,0.6616922
real,00023093_009.png,23093,,cardiomegaly_1,7.1761036,0.999236,0.9872492
real,00023093_011.png,23093,,cardiomegaly_1,4.7439747,0.99137115,0.8735828
real,00023093_012.png,23093,,cardiomegaly_1,7.4109974,0.99939585,0.9874861
real,00023093_017.png,23093,,cardiomegaly_1,6.4251957,0.99838245,0.9716728
real,00023097_000.png,23097,,cardiomegaly_1,-3.6749592,0.024723686,0.7050566
real,00023097_001.png,23097,,cardiomegaly_1,-3.3782158,0.032983255,0.6001035
real,00023097_002.png,23097,,cardiomegaly_1,-3.6120872,0.026285846,0.67860925
real,00023097_007.png,23097,,cardiomegaly_1,-3.963295,0.018646121,0.7459001
real,00023156_002.png,23156,,cardiomegaly_1,-2.6080532,0.06862192,0.4519275
real,00023156_004.png,23156,,cardiomegaly_1,-1.8695316,0.13359591,0.2440034
real,00023156_005.png,23156,,cardiomegaly_1,-2.8513641,0.05461084,0.4512697
real,00023156_010.png,23156,,cardiomegaly_1,-3.3469067,0.033996604,0.45195237
real,00023156_013.png,23156,,cardiomegaly_1,-3.6006527,0.026580099,0.6501555
real,00023156_014.png,23156,,cardiomegaly_1,-3.2772102,0.03636134,0.5601047
real,00023156_020.png,23156,,cardiomegaly_1,-3.7696915,0.022539435,0.63565475
real,00023156_021.png,23156,,cardiomegaly_1,-3.201397,0.039113186,0.53521377
real,00023156_022.png,23156,,cardiomegaly_1,-4.0234375,0.017576883,0.71658087
real,00023176_017.png,23176,,cardiomegaly_1,3.2035332,0.96096706,0.6379251
real,00023196_003.png,23196,,cardiomegaly_1,5.058262,0.9936836,0.90660995
real,00023319_000.png,23319,,cardiomegaly_1,-4.0887203,0.016484378,0.6717028
real,00023325_013.png,23325,,cardiomegaly_1,2.2283154,0.90276355,0.4090065
real,00023325_014.png,23325,,cardiomegaly_1,6.0618553,0.99767536,0.97480994
real,00024073_000.png,24073,,cardiomegaly_1,-2.9810314,0.048290208,0.41844705
real,00024116_001.png,24116,,cardiomegaly_1,-2.760313,0.05950684,0.36080128
real,00024264_000.png,24264,,cardiomegaly_1,-2.0181332,0.11731216,0.38361064
real,00024692_001.png,24692,,cardiomegaly_1,2.952221,0.9503684,0.6635198
real,00024749_000.png,24749,,cardiomegaly_1,-3.6353512,0.025696924,0.57380956
real,00025252_000.png,25252,,cardiomegaly_1,-3.4478626,0.030832665,0.49135607
real,00025252_001.png,25252,,cardiomegaly_1,-3.5855808,0.02697286,0.58803916
real,00025261_000.png,25261,,cardiomegaly_1,-3.87961,0.020240728,0.6784575
real,00025261_001.png,25261,,cardiomegaly_1,-3.5376759,0.02825904,0.54541016
real,00025261_002.png,25261,,cardiomegaly_1,-3.5553741,0.027777074,0.47968355
real,00025261_004.png,25261,,cardiomegaly_1,-3.4505978,0.03075104,0.4895998
real,00025290_032.png,25290,,cardiomegaly_1,4.56563,0.98970383,0.8297754
real,00025416_001.png,25416,,cardiomegaly_1,-1.8220901,0.13918327,0.13266012
real,00025517_000.png,25517,,cardiomegaly_1,-2.8802624,0.053137932,0.26736456
real,00025527_009.png,25527,,cardiomegaly_1,-3.7271423,0.023496145,0.6367617
real,00025635_000.png,25635,,cardiomegaly_1,-2.829258,0.055763453,0.48041114
real,00025635_001.png,25635,,cardiomegaly_1,-1.5347061,0.17730618,0.14727487
real,00025635_008.png,25635,,cardiomegaly_1,-1.4467392,0.19050391,0.1884087
real,00025688_001.png,25688,,cardiomegaly_1,-3.6638584,0.024992768,0.490823
real,00025688_002.png,25688,,cardiomegaly_1,-4.164545,0.015299083,0.70781624
real,00025696_000.png,25696,,cardiomegaly_1,5.927515,0.99734205,0.972897
real,00025696_001.png,25696,,cardiomegaly_1,1.482626,0.8149688,0.40195668
real,00025707_008.png,25707,,cardiomegaly_1,-2.7564335,0.05972434,0.29167855
real,00025707_010.png,25707,,cardiomegaly_1,-3.282734,0.03616829,0.3831964
real,00025707_013.png,25707,,cardiomegaly_1,-2.8818264,0.0530593,0.2907573
real,00025784_000.png,25784,,cardiomegaly_1,0.044139862,0.5110332,0.15539849
real,00025784_001.png,25784,,cardiomegaly_1,-1.9448147,0.12511986,0.17319322
real,00025832_007.png,25832,,cardiomegaly_1,-3.050888,0.045179147,0.38122252
real,00025924_003.png,25924,,cardiomegaly_1,-3.895401,0.019929938,0.6497251
real,00025924_006.png,25924,,cardiomegaly_1,-4.18062,0.0150587885,0.77092755
real,00025924_016.png,25924,,cardiomegaly_1,-3.7434387,0.02312513,0.6534362
real,00025924_025.png,25924,,cardiomegaly_1,-3.6430378,0.025505178,0.5975546
real,00025924_026.png,25924,,cardiomegaly_1,-3.8358822,0.021126335,0.6488209
real,00025924_027.png,25924,,cardiomegaly_1,-3.949871,0.018893352,0.6387498
real,00026657_000.png,26657,,cardiomegaly_1,-2.8557034,0.054387245,0.27805412
real,00026715_002.png,26715,,cardiomegaly_1,6.13064,0.9978295,0.98445946
real,00026715_003.png,26715,,cardiomegaly_1,5.685467,0.99661654,0.97512686
real,00026715_004.png,26715,,cardiomegaly_1,6.21673,0.9980082,0.9841111
real,00026738_005.png,26738,,cardiomegaly_1,-3.7974472,0.021935975,0.6138215
real,00026751_000.png,26751,,cardiomegaly_1,-3.2045574,0.03899458,0.3583156
real,00026815_000.png,26815,,cardiomegaly_1,-3.8204517,0.021447806,0.5480149
real,00026815_002.png,26815,,cardiomegaly_1,-4.5852737,0.010097948,0.787897
real,00026889_000.png,26889,,cardiomegaly_1,-1.0337124,0.262365,0.2014986
real,00026889_001.png,26889,,cardiomegaly_1,-2.2094212,0.09890765,0.25606564
real,00026889_002.png,26889,,cardiomegaly_1,-2.9153519,0.05139986,0.3905976
real,00026911_006.png,26911,,cardiomegaly_1,-3.184534,0.0397519,0.42682204
real,00026912_000.png,26912,,cardiomegaly_1,-4.5446644,0.0105120605,0.7242116
real,00026913_000.png,26913,,cardiomegaly_1,-4.2472725,0.014101497,0.65966797
real,00026967_002.png,26967,,cardiomegaly_1,-2.6295605,0.06726002,0.2465784
real,00026999_000.png,26999,,cardiomegaly_1,-4.0002213,0.017982302,0.6420122
real,00027011_000.png,27011,,cardiomegaly_1,-3.937233,0.019129045,0.60873085
real,00027061_001.png,27061,,cardiomegaly_1,7.0535984,0.9991365,0.9833392
real,00027092_004.png,27092,,cardiomegaly_1,-2.406395,0.08268635,0.2255752
real,00027092_005.png,27092,,cardiomegaly_1,-2.5730572,0.07089267,0.31932497
real,00027092_006.png,27092,,cardiomegaly_1,-3.677103,0.024672043,0.5491436
real,00027142_008.png,27142,,cardiomegaly_1,-3.5187016,0.02878477,0.38574207
real,00027142_009.png,27142,,cardiomegaly_1,-3.6293526,0.025847536,0.45252758
real,00027306_000.png,27306,,cardiomegaly_1,-4.206793,0.014675482,0.6583357
real,00027389_002.png,27389,,cardiomegaly_1,5.765545,0.9968761,0.948548
real,00027389_003.png,27389,,cardiomegaly_1,6.6686783,0.99873155,0.9809252
real,00027420_002.png,27420,,cardiomegaly_1,-3.6314583,0.025794568,0.6781527
real,00027420_003.png,27420,,cardiomegaly_1,-4.0259666,0.017533263,0.61487406
real,00027422_003.png,27422,,cardiomegaly_1,-3.4797745,0.029893221,0.46662498
real,00027441_025.png,27441,,cardiomegaly_1,-3.593834,0.026757099,0.40853286
real,00027474_005.png,27474,,cardiomegaly_1,-2.7295513,0.06125196,0.29269692
real,00027474_007.png,27474,,cardiomegaly_1,-2.922657,0.05104484,0.37892145
real,00027474_008.png,27474,,cardiomegaly_1,-3.2890968,0.03594713,0.46916282
real,00027474_009.png,27474,,cardiomegaly_1,-3.9901428,0.018161144,0.62425697
real,00027485_001.png,27485,,cardiomegaly_1,-2.1335163,0.10588163,0.28563213
real,00027514_008.png,27514,,cardiomegaly_1,-4.110363,0.016137142,0.6680703
real,00027618_006.png,27618,,cardiomegaly_1,-0.5993099,0.3545016,0.21568526
real,00027618_008.png,27618,,cardiomegaly_1,-2.8614006,0.05409499,0.21163064
real,00027618_009.png,27618,,cardiomegaly_1,-2.4445896,0.0798351,0.22165702
real,00027815_001.png,27815,,cardiomegaly_1,2.6535358,0.93422854,0.37402794
real,00027907_001.png,27907,,cardiomegaly_1,6.4375095,0.9984022,0.96412456
real,00028013_004.png,28013,,cardiomegaly_1,-3.5568256,0.0277379,0.5155947
real,00028013_005.png,28013,,cardiomegaly_1,-2.5731144,0.07088891,0.28044528
real,00028013_006.png,28013,,cardiomegaly_1,-3.638443,0.025619628,0.56649065
real,00028013_010.png,28013,,cardiomegaly_1,-3.9078808,0.019687628,0.65279967
real,00028013_011.png,28013,,cardiomegaly_1,-3.7787952,0.022339735,0.6163625
real,00028013_013.png,28013,,cardiomegaly_1,-3.746828,0.023048686,0.6670934
real,00028018_000.png,28018,,cardiomegaly_1,6.1944084,0.9979633,0.9565224
real,00028027_000.png,28027,,cardiomegaly_1,1.5641632,0.8269499,0.28948036
real,00028027_003.png,28027,,cardiomegaly_1,-3.4797344,0.029894384,0.5417119
real,00028027_004.png,28027,,cardiomegaly_1,-3.1555252,0.04087412,0.5255012
real,00028036_000.png,28036,,cardiomegaly_1,-2.7140446,0.06214968,0.41719434
real,00028105_000.png,28105,,cardiomegaly_1,-3.5344028,0.028349059,0.60115457
real,00028148_005.png,28148,,cardiomegaly_1,-2.9847279,0.048120607,0.4008327
real,00028148_006.png,28148,,cardiomegaly_1,-3.924036,0.01937824,0.6765949
real,00028148_008.png,28148,,cardiomegaly_1,-3.933422,0.01920068,0.5625135
real,00028148_010.png,28148,,cardiomegaly_1,-2.3861485,0.084235065,0.34003943
real,00028148_013.png,28148,,cardiomegaly_1,-3.499693,0.029320972,0.4825826
real,00028148_014.png,28148,,cardiomegaly_1,-3.1423588,0.04139342,0.40905747
real,00028148_011.png,28148,,cardiomegaly_1,-3.4515915,0.030721433,0.45351157
real,00028148_012.png,28148,,cardiomegaly_1,-2.7249718,0.06151581,0.33809543
real,00028148_017.png,28148,,cardiomegaly_1,-3.4073944,0.032065168,0.5218062
real,00028256_003.png,28256,,cardiomegaly_1,-3.4433346,0.03096826,0.5324449
real,00028256_001.png,28256,,cardiomegaly_1,-2.5296116,0.07380819,0.36661386
real,00028256_004.png,28256,,cardiomegaly_1,-3.4903812,0.029587159,0.5622123
real,00028256_005.png,28256,,cardiomegaly_1,-3.8719883,0.02039243,0.6019598
real,00028274_000.png,28274,,cardiomegaly_1,-3.8194752,0.021468312,0.7080031
real,00028392_001.png,28392,,cardiomegaly_1,-3.99605,0.018056111,0.7085305
real,00028392_004.png,28392,,cardiomegaly_1,-3.9321842,0.019224007,0.7101618
real,00028392_005.png,28392,,cardiomegaly_1,-2.7302876,0.06120964,0.35849568
real,00028412_000.png,28412,,cardiomegaly_1,-3.14122,0.041438628,0.53962094
real,00028558_000.png,28558,,cardiomegaly_1,-3.2952995,0.0357328,0.43432945
real,00028625_000.png,28625,,cardiomegaly_1,-2.9654617,0.049010817,0.27907282
real,00028628_006.png,28628,,cardiomegaly_1,-3.2658024,0.036763184,0.45964134
real,00028628_007.png,28628,,cardiomegaly_1,-3.533474,0.028374657,0.48803285
real,00028628_008.png,28628,,cardiomegaly_1,-3.3935928,0.032496303,0.47812745
real,00028628_009.png,28628,,cardiomegaly_1,-3.5084686,0.029072229,0.48458806
real,00028628_010.png,28628,,cardiomegaly_1,-3.4828262,0.029804846,0.46817836
real,00028628_016.png,28628,,cardiomegaly_1,-3.5170078,0.028832162,0.50503606
real,00028628_017.png,28628,,cardiomegaly_1,-3.1413212,0.041434612,0.4263129
real,00028628_022.png,28628,,cardiomegaly_1,-3.301649,0.035514656,0.46674567
real,00028703_000.png,28703,,cardiomegaly_1,-4.1309013,0.01581428,0.738766
real,00028764_004.png,28764,,cardiomegaly_1,-4.3643,0.012563706,0.82383895
real,00028766_000.png,28766,,cardiomegaly_1,-1.8056202,0.14116831,0.19398937
real,00028772_000.png,28772,,cardiomegaly_1,-3.133953,0.041728247,0.44552004
real,00028811_000.png,28811,,cardiomegaly_1,-3.0701065,0.04435731,0.5321712
real,00028811_001.png,28811,,cardiomegaly_1,-2.8052616,0.057040513,0.4270275
real,00028811_002.png,28811,,cardiomegaly_1,-3.607439,0.026405076,0.67567897
real,00028811_006.png,28811,,cardiomegaly_1,-3.662094,0.025035795,0.6951117
real,00028811_007.png,28811,,cardiomegaly_1,-3.9450397,0.018983116,0.76824975
real,00028882_005.png,28882,,cardiomegaly_1,-4.0021706,0.017947912,0.63339406
real,00028897_002.png,28897,,cardiomegaly_1,-4.324293,0.013069824,0.76458776
real,00028897_003.png,28897,,cardiomegaly_1,-4.346361,0.012788208,0.7324352
real,00028897_011.png,28897,,cardiomegaly_1,-3.384077,0.03279682,0.46538293
real,00028897_012.png,28897,,cardiomegaly_1,-2.6157475,0.06813179,0.24802037
real,00028897_013.png,28897,,cardiomegaly_1,-3.1798458,0.03993124,0.41975164
real,00028897_015.png,28897,,cardiomegaly_1,-3.1396885,0.041499507,0.4493181
real,00028897_016.png,28897,,cardiomegaly_1,-2.8136082,0.056593228,0.36601484
real,00028897_018.png,28897,,cardiomegaly_1,-3.2728214,0.036515433,0.48386598
real,00028897_019.png,28897,,cardiomegaly_1,-2.8765812,0.053323455,0.4391716
real,00028934_001.png,28934,,cardiomegaly_1,-2.6635818,0.06515682,0.35071772
real,00029021_000.png,29021,,cardiomegaly_1,-3.2218971,0.03834996,0.45536602
real,00029022_000.png,29022,,cardiomegaly_1,-2.6406364,0.06656847,0.39992288
real,00029031_000.png,29031,,cardiomegaly_1,-4.1976337,0.014808513,0.7532651
real,00029058_004.png,29058,,cardiomegaly_1,-3.7113419,0.023861414,0.5980561
real,00029105_001.png,29105,,cardiomegaly_1,4.4020386,0.98789597,0.85614014
real,00029105_002.png,29105,,cardiomegaly_1,5.340374,0.99522877,0.95111793
real,00029105_007.png,29105,,cardiomegaly_1,-1.0021992,0.26850924,0.23384778
real,00029105_009.png,29105,,cardiomegaly_1,4.6658897,0.9906769,0.9455113
real,00029105_010.png,29105,,cardiomegaly_1,0.7009964,0.66840863,0.3499574
real,00029105_011.png,29105,,cardiomegaly_1,0.006620407,0.5016551,0.28075302
real,00029105_014.png,29105,,cardiomegaly_1,-2.252699,0.09511691,0.3016803
real,00029105_015.png,29105,,cardiomegaly_1,-2.1116066,0.10797382,0.3199239
real,00029225_000.png,29225,,cardiomegaly_1,6.8897476,0.99898285,0.9852094
real,00029297_000.png,29297,,cardiomegaly_1,-4.362591,0.012584925,0.76248413
real,00029297_003.png,29297,,cardiomegaly_1,-2.3980923,0.083318286,0.24066222
real,00029297_004.png,29297,,cardiomegaly_1,-3.4847012,0.029750679,0.46034688
real,00029297_005.png,29297,,cardiomegaly_1,-3.405653,0.032119263,0.53720444
real,00029459_002.png,29459,,cardiomegaly_1,0.20240021,0.55042803,0.1987117
real,00029459_004.png,29459,,cardiomegaly_1,5.38554,0.9954385,0.9409825
real,00029500_000.png,29500,,cardiomegaly_1,6.0786304,0.9977139,0.97458005
real,00029510_000.png,29510,,cardiomegaly_1,4.335804,0.98707783,0.86679554
real,00029551_000.png,29551,,cardiomegaly_1,-3.5275059,0.028539658,0.5487161
real,00029551_003.png,29551,,cardiomegaly_1,-3.3814163,0.032881327,0.5391185
real,00029551_004.png,29551,,cardiomegaly_1,-3.2138443,0.03864805,0.41697016
real,00029551_005.png,29551,,cardiomegaly_1,-2.7458324,0.060322452,0.33696163
real,00029552_000.png,29552,,cardiomegaly_1,4.515774,0.98918307,0.88680303
real,00029579_000.png,29579,,cardiomegaly_1,-2.5567265,0.07197589,0.33626828
real,00029579_004.png,29579,,cardiomegaly_1,-2.1801224,0.10154977,0.3664719
real,00029579_005.png,29579,,cardiomegaly_1,-1.6893711,0.15585856,0.24242909
real,00029579_009.png,29579,,cardiomegaly_1,-2.8902912,0.052635595,0.40778887
real,00029579_014.png,29579,,cardiomegaly_1,-3.7807198,0.022297744,0.63517934
real,00029579_012.png,29579,,cardiomegaly_1,-3.3466434,0.03400525,0.5427289
real,00029579_015.png,29579,,cardiomegaly_1,-3.4669971,0.03026599,0.5750753
real,00029631_004.png,29631,,cardiomegaly_1,-1.8596153,0.1347479,0.26625642
real,00029631_006.png,29631,,cardiomegaly_1,-3.9451866,0.01898038,0.7443788
real,00029631_007.png,29631,,cardiomegaly_1,-3.9272404,0.019317443,0.6960044
real,00029631_012.png,29631,,cardiomegaly_1,-3.6905499,0.024350528,0.6017827
real,00029631_013.png,29631,,cardiomegaly_1,-3.5382824,0.02824239,0.5581004
real,00029747_002.png,29747,,cardiomegaly_1,-4.075552,0.016699238,0.6940046
real,00029756_000.png,29756,,cardiomegaly_1,-4.0068226,0.0178661,0.63013685
real,00029794_000.png,29794,,cardiomegaly_1,6.6960697,0.9987658,0.9776129
real,00029821_013.png,29821,,cardiomegaly_1,-1.5968189,0.16842668,0.19023323
real,00029821_014.png,29821,,cardiomegaly_1,4.7964077,0.99180824,0.88983893
real,00029839_008.png,29839,,cardiomegaly_1,-3.933178,0.01920528,0.6614431
real,00029839_009.png,29839,,cardiomegaly_1,-4.4722233,0.011292907,0.7673448
real,00029943_002.png,29943,,cardiomegaly_1,-3.2774925,0.03635145,0.52654856
real,00029943_004.png,29943,,cardiomegaly_1,-3.8807335,0.020218462,0.6652625
real,00029943_005.png,29943,,cardiomegaly_1,-3.7449112,0.023091888,0.67163044
real,00029943_007.png,29943,,cardiomegaly_1,-4.101326,0.016281247,0.7217634
real,00029943_006.png,29943,,cardiomegaly_1,-3.664259,0.024983007,0.6081203
real,00029943_008.png,29943,,cardiomegaly_1,-4.070467,0.016782941,0.6702337
real,00029981_004.png,29981,,cardiomegaly_1,1.4114952,0.8040017,0.368607
real,00029981_007.png,29981,,cardiomegaly_1,-1.3769779,0.20149481,0.1660799
real,00030059_009.png,30059,,cardiomegaly_1,-1.6712837,0.1582531,0.25355977
real,00030059_011.png,30059,,cardiomegaly_1,-2.862074,0.05406055,0.4227788
real,00030070_000.png,30070,,cardiomegaly_1,-3.4019184,0.032235567,0.5528627
real,00030153_004.png,30153,,cardiomegaly_1,-3.1746387,0.040131345,0.4649601
real,00030162_023.png,30162,,cardiomegaly_1,-3.4214725,0.03163109,0.4664952
real,00030183_004.png,30183,,cardiomegaly_1,-3.5754452,0.027240152,0.6224426
real,00030183_005.png,30183,,cardiomegaly_1,-3.7656345,0.02262899,0.619195
real,00030183_006.png,30183,,cardiomegaly_1,-3.6751633,0.024718763,0.58391404
real,00030196_001.png,30196,,cardiomegaly_1,-3.6537342,0.025240665,0.6110195
real,00030196_002.png,30196,,cardiomegaly_1,-3.7903538,0.022088679,0.55691266
real,00030207_000.png,30207,,cardiomegaly_1,2.1778946,0.89824677,0.55527246
real,00030276_000.png,30276,,cardiomegaly_1,-0.9601879,0.27684057,0.19617832
real,00030389_005.png,30389,,cardiomegaly_1,-1.1187038,0.24625178,0.19346128
real,00030389_006.png,30389,,cardiomegaly_1,-2.0274143,0.11635451,0.17036122
real,00030389_007.png,30389,,cardiomegaly_1,-1.7125282,0.15283608,0.23631507
real,00030389_008.png,30389,,cardiomegaly_1,2.8871536,0.94720775,0.54057616
real,00030389_009.png,30389,,cardiomegaly_1,3.9996986,0.98200846,0.77040315
real,00030389_010.png,30389,,cardiomegaly_1,2.3966084,0.9165683,0.48286486
real,00030389_011.png,30389,,cardiomegaly_1,4.001713,0.982044,0.7756387
real,00030389_012.png,30389,,cardiomegaly_1,6.194603,0.9979638,0.9773374
real,00030389_013.png,30389,,cardiomegaly_1,3.374031,0.96688294,0.7157342
real,00030436_000.png,30436,,cardiomegaly_1,-3.7425098,0.023146123,0.6341906
real,00030490_000.png,30490,,cardiomegaly_1,2.198042,0.9000735,0.5239715
real,00030541_005.png,30541,,cardiomegaly_1,-3.5777988,0.027177855,0.5230563
real,00030561_005.png,30561,,cardiomegaly_1,-3.2988796,0.035609644,0.51314336
real,00030561_006.png,30561,,cardiomegaly_1,-3.7239246,0.023570087,0.63324153
real,00030561_007.png,30561,,cardiomegaly_1,-2.9845161,0.048130307,0.5127647
real,00030561_010.png,30561,,cardiomegaly_1,-3.555437,0.027775373,0.6151194
real,00030561_011.png,30561,,cardiomegaly_1,-3.7314682,0.023397096,0.62330633
real,00030561_013.png,30561,,cardiomegaly_1,-4.046631,0.01718083,0.7411003
real,00030561_014.png,30561,,cardiomegaly_1,-4.2447205,0.014137021,0.77745235
real,00030561_017.png,30561,,cardiomegaly_1,-4.007078,0.017861616,0.68406683
real,00030561_018.png,30561,,cardiomegaly_1,-3.9897423,0.01816829,0.6620466
real,00030632_000.png,30632,,cardiomegaly_1,-2.6081963,0.068612784,0.3792918
real,00030650_000.png,30650,,cardiomegaly_1,-3.8359146,0.021125665,0.6805905
real,00030650_001.png,30650,,cardiomegaly_1,-3.6992645,0.024144346,0.6668205
real,00030650_002.png,30650,,cardiomegaly_1,-3.9223423,0.019410452,0.67242837
real,00030650_003.png,30650,,cardiomegaly_1,-3.4599113,0.030474653,0.56867117
real,00030650_007.png,30650,,cardiomegaly_1,-3.5099335,0.029030912,0.55100983
real,00030650_008.png,30650,,cardiomegaly_1,-3.1752548,0.04010762,0.55115503
real,00030650_009.png,30650,,cardiomegaly_1,-3.60738,0.026406597,0.589897
real,00030659_000.png,30659,,cardiomegaly_1,-2.7388191,0.06072122,0.23351276
real,00030668_000.png,30668,,cardiomegaly_1,-3.727314,0.023492208,0.6400359
real,00002793_006.png,2793,,cardiomegaly_1,-4.4128857,0.011975013,0.737807
real,00014954_000.png,14954,,cardiomegaly_1,-4.430216,0.011771696,0.78692883
real,00026982_005.png,26982,,cardiomegaly_1,-4.1007557,0.016290385,0.68732756
real,00014719_000.png,14719,,cardiomegaly_1,-4.5275745,0.010691317,0.75544566
real,00003321_001.png,3321,,cardiomegaly_1,-4.3281765,0.013019828,0.7241229
real,00001430_001.png,1430,,cardiomegaly_1,0.57250214,0.63934034,0.2151292
real,00012460_000.png,12460,,cardiomegaly_1,-4.1507874,0.015507732,0.68045676
real,00008806_003.png,8806,,cardiomegaly_1,-2.5864792,0.07001368,0.26378933
real,00010931_003.png,10931,,cardiomegaly_1,-4.4952793,0.011038357,0.81186813
real,00026815_001.png,26815,,cardiomegaly_1,-3.841301,0.021014566,0.5048392
real,00028980_001.png,28980,,cardiomegaly_1,-3.4244995,0.031538505,0.5604701
real,00019376_000.png,19376,,cardiomegaly_1,-3.026001,0.04626496,0.5617638
real,00020318_024.png,20318,,cardiomegaly_1,-3.9748363,0.0184361,0.7067272
real,00004909_001.png,4909,,cardiomegaly_1,-1.5704212,0.17215635,0.20659578
real,00000582_000.png,582,,cardiomegaly_1,-4.59853,0.009966297,0.7826622
real,00006576_000.png,6576,,cardiomegaly_1,-4.354822,0.01268183,0.7331059
real,00022712_000.png,22712,,cardiomegaly_1,-4.5995045,0.009956686,0.85970175
real,00018361_000.png,18361,,cardiomegaly_1,-4.210743,0.014618472,0.7468182
real,00011380_001.png,11380,,cardiomegaly_1,-3.8761654,0.020309152,0.5761536
real,00009306_000.png,9306,,cardiomegaly_1,-4.6843624,0.009154052,0.85430336
real,00029058_000.png,29058,,cardiomegaly_1,-1.7945309,0.14251812,0.24245013
real,00011611_000.png,11611,,cardiomegaly_1,-4.283983,0.01360012,0.7033288
real,00024476_000.png,24476,,cardiomegaly_1,-4.1597786,0.015371057,0.7903562
real,00012478_000.png,12478,,cardiomegaly_1,-4.193426,0.014870025,0.7165102
real,00010673_000.png,10673,,cardiomegaly_1,-3.3040485,0.035432562,0.51486164
real,00010933_000.png,10933,,cardiomegaly_1,-4.328869,0.013010935,0.8096152
real,00007431_000.png,7431,,cardiomegaly_1,-3.693451,0.024281701,0.6664193
real,00028628_005.png,28628,,cardiomegaly_1,-3.3175106,0.03497533,0.40257105
real,00002736_000.png,2736,,cardiomegaly_1,-1.8150501,0.14002888,0.278078
real,00026148_002.png,26148,,cardiomegaly_1,-4.480541,0.01120041,0.8016648
real,00021716_004.png,21716,,cardiomegaly_1,-3.650566,0.025318729,0.50758415
real,00005364_000.png,5364,,cardiomegaly_1,-4.4834843,0.011167863,0.76165766
real,00008623_002.png,8623,,cardiomegaly_1,-4.6913395,0.009090984,0.8239799
real,00015553_003.png,15553,,cardiomegaly_1,-3.2841606,0.03611859,0.58905053
real,00015552_000.png,15552,,cardiomegaly_1,-3.3194046,0.03491146,0.46159774
real,00004158_000.png,4158,,cardiomegaly_1,-4.492096,0.011073163,0.7603363
real,00008802_002.png,8802,,cardiomegaly_1,0.12758255,0.5318524,0.22229241
real,00004699_000.png,4699,,cardiomegaly_1,-4.169485,0.01522484,0.6851627
real,00015795_002.png,15795,,cardiomegaly_1,-4.3058834,0.013309434,0.7225674
real,00014429_018.png,14429,,cardiomegaly_1,-3.6673832,0.024907019,0.5483838
real,00010920_003.png,10920,,cardiomegaly_1,-4.036804,0.01734755,0.75933677
real,00006490_001.png,6490,,cardiomegaly_1,-4.0705814,0.016781053,0.7330885
real,00020060_005.png,20060,,cardiomegaly_1,-3.4963818,0.029415356,0.47826323
real,00013970_000.png,13970,,cardiomegaly_1,-2.8354607,0.055437755,0.4450985
real,00012352_000.png,12352,,cardiomegaly_1,-2.064293,0.11261611,0.29517743
real,00001199_006.png,1199,,cardiomegaly_1,-3.3242931,0.034747127,0.4724289
real,00019771_000.png,19771,,cardiomegaly_1,-3.1156197,0.042467535,0.5211089
real,00000304_000.png,304,,cardiomegaly_1,-2.782175,0.058295034,0.4415745
real,00028287_000.png,28287,,cardiomegaly_1,-4.284893,0.01358792,0.67866355
real,00015000_007.png,15000,,cardiomegaly_1,-4.4302025,0.01177185,0.7919332
real,00018476_000.png,18476,,cardiomegaly_1,-4.74807,0.008593915,0.74874586
real,00027035_000.png,27035,,cardiomegaly_1,-4.0770206,0.016675139,0.68720955
real,00002228_000.png,2228,,cardiomegaly_1,-4.274599,0.0137265865,0.72331053
real,00019640_000.png,19640,,cardiomegaly_1,-4.4874725,0.011123907,0.7536684
real,00010175_000.png,10175,,cardiomegaly_1,-4.3228664,0.01308824,0.7118198
real,00003940_006.png,3940,,cardiomegaly_1,-4.248745,0.01408104,0.75944996
real,00014387_006.png,14387,,cardiomegaly_1,-3.3947048,0.032461364,0.38577062
real,00021375_002.png,21375,,cardiomegaly_1,-4.331396,0.01297852,0.747059
real,00001230_006.png,1230,,cardiomegaly_1,-4.0647507,0.016877528,0.6067721
real,00012772_003.png,12772,,cardiomegaly_1,-4.1715965,0.015193215,0.6697596
real,00026354_001.png,26354,,cardiomegaly_1,-3.607483,0.026403949,0.51927525
real,00028962_000.png,28962,,cardiomegaly_1,-4.158495,0.015390498,0.7120332
real,00007876_000.png,7876,,cardiomegaly_1,-4.7939262,0.008211891,0.8798788
real,00006921_000.png,6921,,cardiomegaly_1,-4.290512,0.013512812,0.671603
real,00008576_000.png,8576,,cardiomegaly_1,-0.90836716,0.28733408,0.3419581
real,00021871_000.png,21871,,cardiomegaly_1,1.7591,0.85309696,0.48087052
real,00019774_008.png,19774,,cardiomegaly_1,-3.4927578,0.029519,0.5235329
real,00026911_003.png,26911,,cardiomegaly_1,-2.3199291,0.08948584,0.22107558
real,00009761_000.png,9761,,cardiomegaly_1,-2.750946,0.06003324,0.27677146
real,00005511_000.png,5511,,cardiomegaly_1,-4.089838,0.01646627,0.70812833
real,00000517_004.png,517,,cardiomegaly_1,-2.4686432,0.078085855,0.30321977
real,00027025_000.png,27025,,cardiomegaly_1,-3.875368,0.020325022,0.63815916
real,00009061_001.png,9061,,cardiomegaly_1,-4.715626,0.008874794,0.84456575
real,00006851_029.png,6851,,cardiomegaly_1,-3.803318,0.02181037,0.5004841
real,00020193_000.png,20193,,cardiomegaly_1,-4.357956,0.012642651,0.7611779
real,00029105_019.png,29105,,cardiomegaly_1,-0.16186905,0.45962083,0.2458326
real,00018284_013.png,18284,,cardiomegaly_1,-3.1568756,0.04082121,0.38948476
real,00016990_001.png,16990,,cardiomegaly_1,-2.6450272,0.06629617,0.39160252
real,00001563_000.png,1563,,cardiomegaly_1,-4.7674484,0.008430371,0.7985642
real,00010465_001.png,10465,,cardiomegaly_1,-4.340372,0.012864038,0.76894414
real,00020568_000.png,20568,,cardiomegaly_1,1.3887329,0.8003899,0.26315427
real,00022920_000.png,22920,,cardiomegaly_1,-3.7903557,0.022088638,0.6299149
real,00016907_000.png,16907,,cardiomegaly_1,-4.455124,0.011485431,0.7501403
real,00005401_001.png,5401,,cardiomegaly_1,-3.875866,0.02031511,0.6773104
real,00004734_001.png,4734,,cardiomegaly_1,-1.9289017,0.1268722,0.2323656
real,00002793_001.png,2793,,cardiomegaly_1,-4.094204,0.01639571,0.7443904
real,00030153_002.png,30153,,cardiomegaly_1,-3.9768543,0.018399619,0.66707146
real,00023937_000.png,23937,,cardiomegaly_1,-4.2113094,0.014610314,0.8041405
real,00029879_001.png,29879,,cardiomegaly_1,-2.1472683,0.104586765,0.23242627
real,00009907_001.png,9907,,cardiomegaly_1,-3.6789856,0.024626782,0.56248504
real,00007088_000.png,7088,,cardiomegaly_1,-4.0313168,0.017441342,0.72563195
real,00017618_001.png,17618,,cardiomegaly_1,-4.1152096,0.016060373,0.6150643
real,00026342_000.png,26342,,cardiomegaly_1,-3.7623062,0.022702716,0.67422897
real,00006936_006.png,6936,,cardiomegaly_1,-4.221178,0.014468915,0.7416511
real,00019503_000.png,19503,,cardiomegaly_1,-4.4386024,0.011674531,0.79314625
real,00021239_001.png,21239,,cardiomegaly_1,-4.6553726,0.009420774,0.8198147
real,00015762_000.png,15762,,cardiomegaly_1,-4.9741974,0.00686659,0.8737337
real,00012129_000.png,12129,,cardiomegaly_1,-4.634905,0.0096137095,0.8044481
real,00007589_000.png,7589,,cardiomegaly_1,-5.036371,0.006455341,0.8959294
real,00011310_000.png,11310,,cardiomegaly_1,-4.076082,0.016690534,0.68729246
real,00011029_001.png,11029,,cardiomegaly_1,-4.4189186,0.011903845,0.7701777
real,00017824_000.png,17824,,cardiomegaly_1,-4.3429623,0.012831189,0.67624795
real,00003013_002.png,3013,,cardiomegaly_1,-4.100567,0.01629341,0.68719125
real,00013541_000.png,13541,,cardiomegaly_1,-3.7602901,0.02274749,0.5695499
real,00010905_017.png,10905,,cardiomegaly_1,-4.0780735,0.016657883,0.67860967
real,00012784_000.png,12784,,cardiomegaly_1,-4.1554623,0.01543652,0.71340424
real,00023943_000.png,23943,,cardiomegaly_1,-5.0021324,0.0066786897,0.8840543
real,00001470_001.png,1470,,cardiomegaly_1,-2.3526745,0.08685342,0.30094084
real,00016417_005.png,16417,,cardiomegaly_1,-2.902298,0.05204008,0.27535573
real,00017014_000.png,17014,,cardiomegaly_1,-4.7943325,0.008208583,0.8061443
real,00001223_001.png,1223,,cardiomegaly_1,-1.5901737,0.16935945,0.28854075
real,00022677_003.png,22677,,cardiomegaly_1,-0.6816044,0.33590335,0.14786123
real,00026292_004.png,26292,,cardiomegaly_1,-0.64043045,0.34514925,0.10592793
real,00007113_000.png,7113,,cardiomegaly_1,-3.4586983,0.030510511,0.65262306
real,00021976_001.png,21976,,cardiomegaly_1,-4.1739388,0.015158211,0.7063186
real,00017729_006.png,17729,,cardiomegaly_1,-4.5110703,0.0108672995,0.77430254
real,00015149_000.png,15149,,cardiomegaly_1,-3.2522717,0.037245344,0.390097
real,00029340_001.png,29340,,cardiomegaly_1,-4.1418266,0.015645131,0.7462444
real,00011985_000.png,11985,,cardiomegaly_1,-3.7172813,0.023723463,0.6390971
real,00025037_000.png,25037,,cardiomegaly_1,-4.546417,0.010493843,0.7937656
real,00009757_000.png,9757,,cardiomegaly_1,-3.1530037,0.04097309,0.49954763
real,00001995_000.png,1995,,cardiomegaly_1,-4.0155544,0.017713526,0.6753388
real,00014560_000.png,14560,,cardiomegaly_1,-4.248823,0.0140799545,0.72317415
real,00025738_000.png,25738,,cardiomegaly_1,-4.6570473,0.009405158,0.82143646
real,00024116_002.png,24116,,cardiomegaly_1,-2.0477772,0.11427717,0.30851617
real,00012537_000.png,12537,,cardiomegaly_1,-4.577009,0.010180896,0.80319685
real,00006005_000.png,6005,,cardiomegaly_1,-3.0342865,0.04590074,0.39116308
real,00023422_000.png,23422,,cardiomegaly_1,-4.405533,0.012062323,0.8371692
real,00014662_001.png,14662,,cardiomegaly_1,-4.3513584,0.012725272,0.7891975
real,00015783_000.png,15783,,cardiomegaly_1,-1.4847794,0.18470661,0.18544748
real,00025058_000.png,25058,,cardiomegaly_1,-4.34408,0.012817039,0.8108135
real,00008142_005.png,8142,,cardiomegaly_1,-4.6374664,0.009589352,0.8422064
real,00016219_000.png,16219,,cardiomegaly_1,-4.4589367,0.0114422245,0.71853787
real,00020699_003.png,20699,,cardiomegaly_1,-1.0372677,0.26167753,0.15083165
real,00020139_000.png,20139,,cardiomegaly_1,-4.679291,0.009200168,0.8219537
real,00011237_004.png,11237,,cardiomegaly_1,-2.4443073,0.07985583,0.35342675
real,00004466_000.png,4466,,cardiomegaly_1,-4.066536,0.01684793,0.6660027
real,00003785_001.png,3785,,cardiomegaly_1,-3.068945,0.044406574,0.5304425
real,00022033_000.png,22033,,cardiomegaly_1,-4.201374,0.014754043,0.6787997
real,00016341_001.png,16341,,cardiomegaly_1,-3.9394855,0.019086827,0.6958567
real,00009498_000.png,9498,,cardiomegaly_1,-4.3655624,0.012548051,0.7689281
real,00003105_000.png,3105,,cardiomegaly_1,-4.6258564,0.009700246,0.8739701
real,00020912_001.png,20912,,cardiomegaly_1,-4.9757004,0.0068563484,0.8835275
real,00026599_001.png,26599,,cardiomegaly_1,-4.040291,0.017288215,0.6362396
real,00007379_000.png,7379,,cardiomegaly_1,-4.642126,0.009545198,0.81473374
real,00010920_006.png,10920,,cardiomegaly_1,-4.0670013,0.016840223,0.6753487
real,00004562_000.png,4562,,cardiomegaly_1,-4.5273895,0.0106932735,0.7778762
real,00023219_000.png,23219,,cardiomegaly_1,-4.3181133,0.013149779,0.6811916
real,00003640_001.png,3640,,cardiomegaly_1,-4.4091415,0.012019394,0.81045026
real,00001170_003.png,1170,,cardiomegaly_1,1.9426327,0.87464106,0.32969928
real,00001203_017.png,1203,,cardiomegaly_1,-4.0165825,0.017695647,0.6758075
real,00008185_001.png,8185,,cardiomegaly_1,-3.2074928,0.038884725,0.46333867
real,00022389_000.png,22389,,cardiomegaly_1,-4.217621,0.014519727,0.67375237
real,00021424_000.png,21424,,cardiomegaly_1,-3.2671547,0.036715325,0.41199788
real,00030332_000.png,30332,,cardiomegaly_1,-4.4750614,0.011261263,0.7941825
real,00002225_002.png,2225,,cardiomegaly_1,-0.66856194,0.33881894,0.12378134
real,00001803_013.png,1803,,cardiomegaly_1,-1.6735001,0.15795809,0.19011037
real,00023043_000.png,23043,,cardiomegaly_1,-3.3982239,0.03235102,0.6832682
real,00005530_001.png,5530,,cardiomegaly_1,-2.914898,0.051422004,0.5130398
real,00030650_004.png,30650,,cardiomegaly_1,-3.344719,0.034068525,0.48122352
real,00026736_000.png,26736,,cardiomegaly_1,-4.1023655,0.016264608,0.69033587
real,00011491_000.png,11491,,cardiomegaly_1,-3.915863,0.019534161,0.6922922
real,00000705_002.png,705,,cardiomegaly_1,-3.6856995,0.024466028,0.48625103
real,00016509_001.png,16509,,cardiomegaly_1,-4.0869293,0.01651344,0.6537532
real,00003320_002.png,3320,,cardiomegaly_1,-4.3735485,0.012449483,0.7434668
real,00006030_000.png,6030,,cardiomegaly_1,-4.318556,0.013144038,0.7776194
real,00012304_009.png,12304,,cardiomegaly_1,-3.4170341,0.031767327,0.46001202
real,00010445_001.png,10445,,cardiomegaly_1,-4.432619,0.011743771,0.78242123
real,00030196_003.png,30196,,cardiomegaly_1,-3.767315,0.022591854,0.5562413
real,00007258_004.png,7258,,cardiomegaly_1,-4.3021126,0.013359044,0.8006038
real,00020292_000.png,20292,,cardiomegaly_1,-4.6921844,0.009083377,0.839398
real,00007389_001.png,7389,,cardiomegaly_1,0.0032024384,0.5008006,0.17535986
real,00005401_003.png,5401,,cardiomegaly_1,-4.6030216,0.009922075,0.8227392
real,00024497_000.png,24497,,cardiomegaly_1,-4.557394,0.010380474,0.8373696
real,00021409_007.png,21409,,cardiomegaly_1,2.6487007,0.9339309,0.6202466
real,00022159_000.png,22159,,cardiomegaly_1,-4.508461,0.010895384,0.85417205
real,00002837_000.png,2837,,cardiomegaly_1,-3.090519,0.04350004,0.3337175
real,00014939_000.png,14939,,cardiomegaly_1,-4.0653877,0.01686696,0.6405216
real,00002114_000.png,2114,,cardiomegaly_1,-4.22896,0.014358367,0.71201164
real,00024641_000.png,24641,,cardiomegaly_1,-4.140188,0.015670385,0.7100437
real,00028148_003.png,28148,,cardiomegaly_1,-2.7082367,0.06248908,0.45637214
real,00025230_000.png,25230,,cardiomegaly_1,-4.4714317,0.011301748,0.7726462
real,00002793_003.png,2793,,cardiomegaly_1,-3.7434883,0.023124008,0.53715175
real,00019640_003.png,19640,,cardiomegaly_1,-4.680134,0.009192486,0.79457325
real,00005347_000.png,5347,,cardiomegaly_1,-4.917574,0.007263713,0.87031156
real,00024875_000.png,24875,,cardiomegaly_1,-4.4797153,0.011209561,0.80666286
real,00017754_000.png,17754,,cardiomegaly_1,-3.7228165,0.023595601,0.5963203
real,00019868_002.png,19868,,cardiomegaly_1,-4.2795086,0.013660279,0.7177905
real,00025020_000.png,25020,,cardiomegaly_1,-4.206606,0.014678186,0.6952366
real,00002736_001.png,2736,,cardiomegaly_1,-1.21908,0.2280984,0.1832866
real,00017592_000.png,17592,,cardiomegaly_1,-4.452368,0.011516766,0.77818763
real,00023012_004.png,23012,,cardiomegaly_1,-4.5296516,0.010669369,0.8405382
real,00010152_001.png,10152,,cardiomegaly_1,-3.5990887,0.026620599,0.5966882
real,00002685_001.png,2685,,cardiomegaly_1,-4.297394,0.013421384,0.7381121
real,00027847_002.png,27847,,cardiomegaly_1,1.0710392,0.7447944,0.31362185
real,00026957_000.png,26957,,cardiomegaly_1,-3.5371933,0.028272295,0.5615364
real,00014695_002.png,14695,,cardiomegaly_1,4.843178,0.99217963,0.8987972
real,00029105_028.png,29105,,cardiomegaly_1,-3.7022762,0.024073485,0.5533623
real,00008335_000.png,8335,,cardiomegaly_1,-4.585821,0.010092478,0.8247761
real,00000246_018.png,246,,cardiomegaly_1,-3.7898045,0.02210055,0.50251585
real,00015177_000.png,15177,,cardiomegaly_1,-4.1470985,0.01556415,0.69106185
real,00002831_000.png,2831,,cardiomegaly_1,-4.0959797,0.016367098,0.6832899
real,00024326_000.png,24326,,cardiomegaly_1,-4.8637047,0.0076626544,0.8656768
real,00005053_001.png,5053,,cardiomegaly_1,-4.1515255,0.015496467,0.74959874
real,00003804_012.png,3804,,cardiomegaly_1,-4.1317406,0.015801223,0.6786711
real,00021970_005.png,21970,,cardiomegaly_1,-4.5749054,0.010202118,0.83606267
real,00016484_027.png,16484,,cardiomegaly_1,6.608715,0.9986532,0.97692615
real,00010892_000.png,10892,,cardiomegaly_1,-3.8669739,0.020492842,0.67771596
real,00014145_000.png,14145,,cardiomegaly_1,-3.5899315,0.026858909,0.6765092
real,00027625_000.png,27625,,cardiomegaly_1,-4.2955704,0.013445549,0.6825162
real,00025215_000.png,25215,,cardiomegaly_1,-2.8127956,0.056636624,0.34123623
real,00002355_005.png,2355,,cardiomegaly_1,-3.6250458,0.0259562,0.5591251
real,00011932_006.png,11932,,cardiomegaly_1,-4.4869003,0.011130203,0.77403265
real,00014087_000.png,14087,,cardiomegaly_1,-4.305317,0.013316874,0.77193993
real,00004899_000.png,4899,,cardiomegaly_1,-3.9319134,0.019229114,0.6677175
real,00001775_003.png,1775,,cardiomegaly_1,-2.37459,0.08513098,0.23313537
real,00028598_000.png,28598,,cardiomegaly_1,-2.903532,0.051979236,0.43641457
real,00019815_000.png,19815,,cardiomegaly_1,-4.2738895,0.013736196,0.7488368
real,00024789_001.png,24789,,cardiomegaly_1,-4.2972565,0.013423203,0.71489614
real,00005002_000.png,5002,,cardiomegaly_1,0.30978203,0.57683206,0.24096094
real,00003013_003.png,3013,,cardiomegaly_1,-4.131544,0.015804278,0.7086366
real,00025438_000.png,25438,,cardiomegaly_1,-4.4603653,0.011426075,0.7913773
real,00029382_000.png,29382,,cardiomegaly_1,-4.172571,0.015178639,0.7462445
real,00015313_013.png,15313,,cardiomegaly_1,-3.0425758,0.045539077,0.31617615
real,00024474_000.png,24474,,cardiomegaly_1,-4.3328476,0.0129599385,0.8329535
real,00006694_001.png,6694,,cardiomegaly_1,-4.1560802,0.01542713,0.7509187
real,00003576_000.png,3576,,cardiomegaly_1,-4.1350117,0.015750432,0.76658535
real,00013288_001.png,13288,,cardiomegaly_1,-2.923643,0.050997097,0.35317817
real,00001727_000.png,1727,,cardiomegaly_1,-2.9880924,0.047966722,0.4542803
real,00018844_000.png,18844,,cardiomegaly_1,4.1663723,0.9847284,0.8757506
real,00013162_000.png,13162,,cardiomegaly_1,-4.327341,0.013030567,0.6546757
real,00018345_000.png,18345,,cardiomegaly_1,-3.4387035,0.031107534,0.4286942
real,00020341_000.png,20341,,cardiomegaly_1,-4.216072,0.014541906,0.62673104
real,00003804_000.png,3804,,cardiomegaly_1,-4.12376,0.01592581,0.6782927
real,00014809_010.png,14809,,cardiomegaly_1,-4.3560944,0.01266591,0.7630604
real,00029487_001.png,29487,,cardiomegaly_1,-4.138382,0.01569827,0.6945199
real,00029211_000.png,29211,,cardiomegaly_1,-3.989626,0.018170364,0.7089025
real,00004435_004.png,4435,,cardiomegaly_1,-3.9167175,0.019517802,0.64732915
real,00008142_001.png,8142,,cardiomegaly_1,-4.7183475,0.008850884,0.8409431
real,00003499_004.png,3499,,cardiomegaly_1,-2.54068,0.07305511,0.37808618
real,00019163_000.png,19163,,cardiomegaly_1,-4.173809,0.015160146,0.74627596
real,00010120_020.png,10120,,cardiomegaly_1,-4.246475,0.014112585,0.66191596
real,00002402_000.png,2402,,cardiomegaly_1,-2.3401585,0.08785121,0.40291858
real,00029025_004.png,29025,,cardiomegaly_1,-4.050556,0.017114677,0.6529916
real,00011598_020.png,11598,,cardiomegaly_1,-3.3957806,0.032427594,0.48165166
real,00012855_000.png,12855,,cardiomegaly_1,1.1868553,0.76617813,0.24630748
real,00030389_014.png,30389,,cardiomegaly_1,3.4963036,0.9705824,0.7234425
real,00024171_000.png,24171,,cardiomegaly_1,-4.2482147,0.014088403,0.7201199
real,00007851_004.png,7851,,cardiomegaly_1,-4.7203655,0.008833199,0.870228
real,00011932_005.png,11932,,cardiomegaly_1,-4.0336876,0.017400758,0.65596664
real,00027422_000.png,27422,,cardiomegaly_1,-4.5089054,0.010890595,0.7837614
real,00013397_000.png,13397,,cardiomegaly_1,-4.458435,0.011447899,0.71804404
real,00000318_009.png,318,,cardiomegaly_1,-4.386902,0.012286375,0.78717524
real,00025924_005.png,25924,,cardiomegaly_1,-4.3828564,0.012335566,0.79284626
real,00001507_002.png,1507,,cardiomegaly_1,-4.132183,0.015794342,0.7762695
real,00007851_001.png,7851,,cardiomegaly_1,-4.592005,0.010030886,0.88677305
real,00026354_000.png,26354,,cardiomegaly_1,-2.8462734,0.054874267,0.31478637
real,00018642_001.png,18642,,cardiomegaly_1,-3.901554,0.019810107,0.6767574
real,00016245_000.png,16245,,cardiomegaly_1,-5.0648365,0.006275315,0.89891785
real,00007340_004.png,7340,,cardiomegaly_1,-4.048908,0.017142419,0.661007
real,00000273_009.png,273,,cardiomegaly_1,-3.245243,0.037498195,0.40509492
real,00017778_000.png,17778,,cardiomegaly_1,3.7788486,0.97766143,0.7788812
real,00023339_000.png,23339,,cardiomegaly_1,-3.7525578,0.02292002,0.625459
real,00006981_017.png,6981,,cardiomegaly_1,-4.23028,0.0143396985,0.70114225
real,00017013_001.png,17013,,cardiomegaly_1,-4.743328,0.008634409,0.82415104
real,00019574_000.png,19574,,cardiomegaly_1,-2.4289856,0.080988936,0.35926503
real,00029200_001.png,29200,,cardiomegaly_1,-3.5718994,0.027334265,0.5603686
real,00012772_006.png,12772,,cardiomegaly_1,-4.6265736,0.00969336,0.77229196
real,00020624_013.png,20624,,cardiomegaly_1,-3.9585686,0.018732805,0.65991956
real,00020060_004.png,20060,,cardiomegaly_1,-2.9770584,0.048473127,0.42762876
real,00017747_018.png,17747,,cardiomegaly_1,-2.3216705,0.089344054,0.32363176
real,00000318_007.png,318,,cardiomegaly_1,-4.6924305,0.0090811625,0.7755821
real,00017930_002.png,17930,,cardiomegaly_1,-2.610733,0.068450846,0.28139663
real,00021023_024.png,21023,,cardiomegaly_1,-4.245264,0.014129446,0.6804607
real,00011929_000.png,11929,,cardiomegaly_1,-3.7057648,0.023991661,0.583897
real,00015142_000.png,15142,,cardiomegaly_1,0.40642357,0.60023,0.18915258
real,00001222_007.png,1222,,cardiomegaly_1,-4.015358,0.017716944,0.60259426
real,00007159_000.png,7159,,cardiomegaly_1,-3.3417969,0.034164816,0.5311413
real,00012669_000.png,12669,,cardiomegaly_1,-4.3813763,0.012353612,0.74445754
real,00027427_005.png,27427,,cardiomegaly_1,-3.6448326,0.025460606,0.5301158
real,00016484_003.png,16484,,cardiomegaly_1,5.200634,0.99451715,0.93765616
real,00001336_000.png,1336,,cardiomegaly_1,-4.673319,0.009254765,0.86366063
real,00028358_000.png,28358,,cardiomegaly_1,1.9343071,0.8737254,0.4005764
real,00010015_000.png,10015,,cardiomegaly_1,-4.182169,0.015035834,0.6948641
real,00006002_000.png,6002,,cardiomegaly_1,-2.6633968,0.06516809,0.42920956
real,00000246_000.png,246,,cardiomegaly_1,-3.8360386,0.021123102,0.67230195
real,00013098_000.png,13098,,cardiomegaly_1,-4.466606,0.011355797,0.745646
real,00018869_000.png,18869,,cardiomegaly_1,-4.497734,0.011011592,0.75883186
real,00025696_002.png,25696,,cardiomegaly_1,4.702015,0.9910047,0.93275136
real,00001977_000.png,1977,,cardiomegaly_1,-3.6314812,0.025793992,0.5734534
real,00014335_000.png,14335,,cardiomegaly_1,-4.3433456,0.012826333,0.78808546
real,00025924_001.png,25924,,cardiomegaly_1,-3.643427,0.025495509,0.6152037
real,00026180_000.png,26180,,cardiomegaly_1,-3.6204987,0.02607141,0.48225957
real,00022312_001.png,22312,,cardiomegaly_1,-4.4681473,0.011338508,0.77986085
real,00005768_005.png,5768,,cardiomegaly_1,-3.8720093,0.02039201,0.64810985
real,00019260_003.png,19260,,cardiomegaly_1,-4.184513,0.015001157,0.7459939
real,00003548_002.png,3548,,cardiomegaly_1,-3.0591831,0.044822663,0.46564838
real,00010695_018.png,10695,,cardiomegaly_1,-3.8709602,0.020412978,0.6981164
real,00029428_000.png,29428,,cardiomegaly_1,-4.0627136,0.016911361,0.72241044
real,00026292_006.png,26292,,cardiomegaly_1,-3.1372318,0.041597337,0.3570421
real,00004580_000.png,4580,,cardiomegaly_1,-4.5559387,0.010395434,0.8326341
real,00019554_000.png,19554,,cardiomegaly_1,-4.7780285,0.008342387,0.803516
real,00011139_001.png,11139,,cardiomegaly_1,-2.0352764,0.115548596,0.17622837
real,00014126_000.png,14126,,cardiomegaly_1,-4.484886,0.011152393,0.81889063
real,00009815_004.png,9815,,cardiomegaly_1,-3.6497993,0.025337659,0.5662894
real,00017747_060.png,17747,,cardiomegaly_1,-3.3638248,0.03344536,0.5722991
real,00003464_001.png,3464,,cardiomegaly_1,-4.55599,0.010394905,0.7833301
real,00024003_000.png,24003,,cardiomegaly_1,-3.4547272,0.030628199,0.4889359
real,00014171_001.png,14171,,cardiomegaly_1,-3.492136,0.029536815,0.48946124
real,00021983_000.png,21983,,cardiomegaly_1,-4.1541348,0.015456709,0.6152416
real,00006566_000.png,6566,,cardiomegaly_1,-2.8905506,0.05262266,0.41165859
real,00021562_001.png,21562,,cardiomegaly_1,-3.0778866,0.044028684,0.52033234
real,00016698_001.png,16698,,cardiomegaly_1,-4.7541275,0.008542457,0.80307525
real,00017747_021.png,17747,,cardiomegaly_1,-2.4539757,0.0791483,0.34451187
real,00020458_003.png,20458,,cardiomegaly_1,-2.540968,0.07303561,0.21991852
real,00026833_000.png,26833,,cardiomegaly_1,-3.7135258,0.023810599,0.59234935
real,00002962_000.png,2962,,cardiomegaly_1,-4.3126583,0.013220755,0.76384705
real,00016865_000.png,16865,,cardiomegaly_1,-4.4946136,0.011045626,0.7667169
real,00008157_000.png,8157,,cardiomegaly_1,-3.1625786,0.0405985,0.5457996
real,00005063_000.png,5063,,cardiomegaly_1,-4.6324673,0.009636946,0.8299376
real,00007424_001.png,7424,,cardiomegaly_1,-4.500353,0.0109831095,0.7848866
real,00010964_000.png,10964,,cardiomegaly_1,-4.01639,0.017698996,0.7334301
real,00023372_000.png,23372,,cardiomegaly_1,-3.7164955,0.02374167,0.6568985
real,00024386_000.png,24386,,cardiomegaly_1,-4.252136,0.0140340375,0.7748401
real,00010481_033.png,10481,,cardiomegaly_1,-3.913517,0.019579146,0.59944713
real,00001222_003.png,1222,,cardiomegaly_1,-4.4777813,0.011231018,0.79134613
real,00001104_006.png,1104,,cardiomegaly_1,-3.6948051,0.024249636,0.55387753
real,00016568_006.png,16568,,cardiomegaly_1,-3.7992516,0.021897295,0.6410308
real,00017835_011.png,17835,,cardiomegaly_1,-3.1606884,0.040672183,0.40092278
real,00006527_000.png,6527,,cardiomegaly_1,-4.748743,0.008588181,0.85892695
real,00001136_002.png,1136,,cardiomegaly_1,-3.9900703,0.018162437,0.7342523
real,00028457_000.png,28457,,cardiomegaly_1,-2.5071144,0.07536093,0.3379891
real,00009378_006.png,9378,,cardiomegaly_1,-4.6685066,0.009298992,0.77992636
real,00021976_000.png,21976,,cardiomegaly_1,-4.1788635,0.015084865,0.66504115
real,00029569_000.png,29569,,cardiomegaly_1,-3.566042,0.02749043,0.6518366
real,00007082_000.png,7082,,cardiomegaly_1,-2.8174973,0.05638595,0.38887647
real,00015795_000.png,15795,,cardiomegaly_1,-4.0710793,0.01677284,0.6637621
real,00018616_000.png,18616,,cardiomegaly_1,-2.4508686,0.07937505,0.32613942
real,00019345_000.png,19345,,cardiomegaly_1,-3.6230087,0.026007753,0.46506852
real,00007389_002.png,7389,,cardiomegaly_1,-0.53370285,0.36965367,0.21533304
real,00017836_001.png,17836,,cardiomegaly_1,-2.7002163,0.062960595,0.2011857
real,00023372_003.png,23372,,cardiomegaly_1,-3.6700344,0.02484271,0.67711115
real,00009090_001.png,9090,,cardiomegaly_1,-3.0368462,0.045788772,0.5434284
real,00001222_000.png,1222,,cardiomegaly_1,-4.6675167,0.009308117,0.7977459
real,00030690_000.png,30690,,cardiomegaly_1,-4.745472,0.008616077,0.8348705
real,00025054_000.png,25054,,cardiomegaly_1,-4.4279346,0.011798262,0.72273064
real,00007153_000.png,7153,,cardiomegaly_1,-3.462408,0.03040097,0.5407093
real,00012913_001.png,12913,,cardiomegaly_1,-4.08424,0.016557176,0.59071547
real,00022266_000.png,22266,,cardiomegaly_1,-3.9875164,0.018208036,0.70012254
real,00027857_001.png,27857,,cardiomegaly_1,-4.5126286,0.010850562,0.7702107
real,00012178_004.png,12178,,cardiomegaly_1,-4.2310143,0.014329324,0.72824454
real,00029847_000.png,29847,,cardiomegaly_1,-3.5369434,0.028279157,0.6258542
real,00006040_000.png,6040,,cardiomegaly_1,-4.0195312,0.017644465,0.6080903
real,00020359_000.png,20359,,cardiomegaly_1,-4.3136616,0.013207675,0.7936515
real,00008802_004.png,8802,,cardiomegaly_1,5.4020844,0.995513,0.9648904
real,00030783_000.png,30783,,cardiomegaly_1,-3.7787018,0.022341777,0.5925869
real,00001733_002.png,1733,,cardiomegaly_1,-4.2533855,0.014016761,0.714651
real,00026105_000.png,26105,,cardiomegaly_1,-4.54224,0.010537306,0.8041356
real,00022135_010.png,22135,,cardiomegaly_1,-4.4704056,0.0113132205,0.80467486
real,00029487_000.png,29487,,cardiomegaly_1,-4.1002274,0.016298853,0.5867342
real,00016975_007.png,16975,,cardiomegaly_1,-4.143238,0.015623411,0.73968035
real,00001122_001.png,1122,,cardiomegaly_1,5.618559,0.9963832,0.9432503
real,00017465_001.png,17465,,cardiomegaly_1,-4.1516304,0.015494866,0.6630982
real,00021710_000.png,21710,,cardiomegaly_1,-3.9461746,0.018961992,0.6228046
real,00015347_000.png,15347,,cardiomegaly_1,-2.4328098,0.08070475,0.28574547
real,00013408_015.png,13408,,cardiomegaly_1,-2.8077621,0.056906167,0.44935074
real,00000705_001.png,705,,cardiomegaly_1,-3.738245,0.023242747,0.5115367
real,00014809_020.png,14809,,cardiomegaly_1,-4.547312,0.010484558,0.7600798
real,00008013_004.png,8013,,cardiomegaly_1,-3.4234085,0.031571846,0.62981546
real,00023156_007.png,23156,,cardiomegaly_1,-1.685358,0.15638728,0.2331893
real,00029885_000.png,29885,,cardiomegaly_1,-4.2367764,0.014248166,0.7624787
real,00013723_001.png,13723,,cardiomegaly_1,-4.261181,0.013909435,0.7497225
real,00004493_000.png,4493,,cardiomegaly_1,-2.7648926,0.059251063,0.4035257
real,00007616_002.png,7616,,cardiomegaly_1,-2.3546257,0.0866988,0.23043993
real,00018008_000.png,18008,,cardiomegaly_1,-4.2229347,0.014443888,0.65784997
real,00024125_000.png,24125,,cardiomegaly_1,-1.8878632,0.13148831,0.25678375
real,00012304_003.png,12304,,cardiomegaly_1,-3.1746273,0.040131785,0.37464648
real,00004057_000.png,4057,,cardiomegaly_1,-4.354067,0.01269129,0.7013284
real,00013625_018.png,13625,,cardiomegaly_1,-3.2668056,0.036727674,0.5615401
real,00021475_000.png,21475,,cardiomegaly_1,-4.1112595,0.016122915,0.71597177
real,00020060_002.png,20060,,cardiomegaly_1,-2.8633003,0.053997863,0.34420976
real,00015009_004.png,15009,,cardiomegaly_1,-3.9727688,0.018473553,0.6729548
real,00003439_006.png,3439,,cardiomegaly_1,-4.378233,0.012392023,0.7442878
real,00012585_007.png,12585,,cardiomegaly_1,-3.7873573,0.022153499,0.59807605
real,00005768_008.png,5768,,cardiomegaly_1,-4.360979,0.012604969,0.73610926
real,00028027_005.png,28027,,cardiomegaly_1,-3.4489498,0.030800195,0.5388479
real,00019911_001.png,19911,,cardiomegaly_1,-4.5775375,0.010175573,0.7572745
real,00029678_000.png,29678,,cardiomegaly_1,-2.6832294,0.06397023,0.34585834
real,00002825_003.png,2825,,cardiomegaly_1,-4.636154,0.009601822,0.768941
real,00002383_001.png,2383,,cardiomegaly_1,2.7380085,0.9392325,0.5812489
real,00003570_003.png,3570,,cardiomegaly_1,-4.521696,0.010753672,0.81413823
real,00012975_006.png,12975,,cardiomegaly_1,-3.1796856,0.03993739,0.48217896
real,00002816_001.png,2816,,cardiomegaly_1,-4.711813,0.008908394,0.85568017
real,00007325_000.png,7325,,cardiomegaly_1,-1.8974819,0.13039373,0.3726058
real,00013372_001.png,13372,,cardiomegaly_1,-3.5853596,0.026978666,0.4693632
real,00006574_000.png,6574,,cardiomegaly_1,-4.5115395,0.010862257,0.8225188
real,00014295_001.png,14295,,cardiomegaly_1,-4.6854954,0.009143781,0.8080874
real,00006024_011.png,6024,,cardiomegaly_1,-4.239664,0.014207665,0.73746645
real,00013489_000.png,13489,,cardiomegaly_1,-4.1165066,0.016039891,0.6082584
real,00029870_000.png,29870,,cardiomegaly_1,-3.9482746,0.018922966,0.6039122
real,00023506_000.png,23506,,cardiomegaly_1,-4.789179,0.008250646,0.87306964
real,00000865_008.png,865,,cardiomegaly_1,-4.1177063,0.016020967,0.62950474
real,00000877_033.png,877,,cardiomegaly_1,-5.065851,0.00626899,0.8898211
real,00011726_000.png,11726,,cardiomegaly_1,-3.6554585,0.025198279,0.61369723
real,00017785_000.png,17785,,cardiomegaly_1,-4.0947704,0.016386578,0.57911384
real,00027829_000.png,27829,,cardiomegaly_1,-4.217409,0.014522756,0.6874645
real,00000023_000.png,23,,cardiomegaly_1,-3.65761,0.025145482,0.59969217
real,00026299_000.png,26299,,cardiomegaly_1,-3.8971596,0.019895617,0.5582731
real,00019963_000.png,19963,,cardiomegaly_1,-3.9392643,0.01909097,0.5837447
real,00005579_001.png,5579,,cardiomegaly_1,-3.6149044,0.026213836,0.56809264
real,00015338_011.png,15338,,cardiomegaly_1,-2.8179245,0.056363225,0.42381987
real,00009090_003.png,9090,,cardiomegaly_1,-3.036913,0.045785856,0.48730695
real,00010042_004.png,10042,,cardiomegaly_1,-4.6742325,0.009246391,0.8884944
real,00025527_001.png,25527,,cardiomegaly_1,-3.2641811,0.03682064,0.46777633
real,00022827_000.png,22827,,cardiomegaly_1,-4.1952667,0.014843087,0.74348783
real,00021305_000.png,21305,,cardiomegaly_1,-4.392023,0.012224382,0.7489651
real,00004018_000.png,4018,,cardiomegaly_1,-4.9222183,0.007230299,0.8702541
real,00014922_000.png,14922,,cardiomegaly_1,-4.5557594,0.010397279,0.7904179
real,00002566_000.png,2566,,cardiomegaly_1,-2.995924,0.047610357,0.46876177
real,00008136_000.png,8136,,cardiomegaly_1,-3.928053,0.019302055,0.68857944
real,00008929_000.png,8929,,cardiomegaly_1,-2.4941006,0.076272786,0.3867415
real,00000949_009.png,949,,cardiomegaly_1,-4.1073074,0.016185725,0.5935805
real,00028533_000.png,28533,,cardiomegaly_1,-3.2875938,0.035999253,0.40684944
real,00001170_044.png,1170,,cardiomegaly_1,-3.3858776,0.03273975,0.4500084
real,00010905_011.png,10905,,cardiomegaly_1,-3.8954906,0.019928187,0.63429207
real,00000169_001.png,169,,cardiomegaly_1,-4.393633,0.012204958,0.71909523
real,00000318_000.png,318,,cardiomegaly_1,-4.1573753,0.015407471,0.71891457
real,00022334_000.png,22334,,cardiomegaly_1,-4.339674,0.012872906,0.75139904
real,00016195_000.png,16195,,cardiomegaly_1,3.347105,0.9660099,0.5775845
real,00008698_000.png,8698,,cardiomegaly_1,6.690754,0.99875915,0.9776841
real,00015313_012.png,15313,,cardiomegaly_1,-4.014305,0.017735276,0.6770551
real,00026815_003.png,26815,,cardiomegaly_1,-3.9294739,0.019275175,0.628604
real,00008386_001.png,8386,,cardiomegaly_1,-4.687546,0.009125223,0.8386989
real,00028766_004.png,28766,,cardiomegaly_1,-1.9323158,0.12649447,0.2387591
real,00006674_001.png,6674,,cardiomegaly_1,-4.357744,0.012645294,0.76337737
real,00014719_002.png,14719,,cardiomegaly_1,-3.9210052,0.019435916,0.62722325
real,00003174_013.png,3174,,cardiomegaly_1,-4.6774426,0.00921703,0.8055475
real,00005347_001.png,5347,,cardiomegaly_1,-4.2674828,0.013823263,0.7865462
real,00024931_000.png,24931,,cardiomegaly_1,-4.529993,0.010665766,0.78972423
real,00010120_000.png,10120,,cardiomegaly_1,-4.1614914,0.015345154,0.6408384
real,00012653_001.png,12653,,cardiomegaly_1,-3.3438911,0.034095775,0.53499496
real,00015840_000.png,15840,,cardiomegaly_1,-4.231642,0.014320463,0.72376806
real,00010713_001.png,10713,,cardiomegaly_1,-1.9334011,0.1263746,0.14087242
real,00021344_000.png,21344,,cardiomegaly_1,-2.2066784,0.099152364,0.24937835
real,00002073_001.png,2073,,cardiomegaly_1,-3.2321396,0.037974007,0.46035266
real,00026111_001.png,26111,,cardiomegaly_1,-3.9042683,0.019757472,0.698853
real,00016484_023.png,16484,,cardiomegaly_1,-1.9815063,0.121158354,0.19564168
real,00028566_000.png,28566,,cardiomegaly_1,-4.6876564,0.009124223,0.8443465
real,00007931_000.png,7931,,cardiomegaly_1,-3.7229671,0.023592133,0.6690768
real,00003042_001.png,3042,,cardiomegaly_1,-4.3628654,0.012581511,0.8012095
real,00011153_000.png,11153,,cardiomegaly_1,-1.2095737,0.22977647,0.16783859
real,00021716_002.png,21716,,cardiomegaly_1,-3.16741,0.040410735,0.4293679
real,00025676_000.png,25676,,cardiomegaly_1,-4.4413376,0.011643015,0.78689086
real,00006123_003.png,6123,,cardiomegaly_1,-4.794916,0.008203833,0.85976934
real,00004773_001.png,4773,,cardiomegaly_1,-4.251602,0.014041429,0.71897495
real,00012797_000.png,12797,,cardiomegaly_1,-4.211008,0.014614653,0.6740688
real,00016842_002.png,16842,,cardiomegaly_1,-4.6527576,0.009445208,0.8260108
real,00011732_000.png,11732,,cardiomegaly_1,-4.2769527,0.013694757,0.6757295
real,00009777_000.png,9777,,cardiomegaly_1,-4.4779186,0.011229493,0.7664549
real,00024861_000.png,24861,,cardiomegaly_1,-4.4218693,0.0118691875,0.7556172
real,00029926_000.png,29926,,cardiomegaly_1,-3.949295,0.018904032,0.69354904
real,00010071_001.png,10071,,cardiomegaly_1,-4.2830334,0.013612867,0.72658247
real,00022788_004.png,22788,,cardiomegaly_1,-3.7559128,0.022845006,0.6551872
real,00029648_000.png,29648,,cardiomegaly_1,-4.622408,0.009733429,0.825544
real,00011910_009.png,11910,,cardiomegaly_1,-4.4860306,0.011139779,0.780306
real,00021972_024.png,21972,,cardiomegaly_1,-1.333786,0.20853381,0.12724169
real,00016410_000.png,16410,,cardiomegaly_1,-4.414753,0.01195294,0.8316802
real,00013181_003.png,13181,,cardiomegaly_1,-4.048271,0.017153155,0.7470245
real,00005614_001.png,5614,,cardiomegaly_1,-4.4715767,0.011300129,0.7613441
real,00014110_000.png,14110,,cardiomegaly_1,-1.7164974,0.15232287,0.20309187
real,00028148_015.png,28148,,cardiomegaly_1,-3.0921135,0.04343374,0.37865326
real,00013427_000.png,13427,,cardiomegaly_1,-4.5793056,0.01015778,0.7588833
real,00016879_000.png,16879,,cardiomegaly_1,-3.8296165,0.021256298,0.6328977
real,00013723_000.png,13723,,cardiomegaly_1,-4.248165,0.014089092,0.79918814
real,00000085_000.png,85,,cardiomegaly_1,-3.4874973,0.02967007,0.4922027
real,00026599_000.png,26599,,cardiomegaly_1,-4.001608,0.017957833,0.7039164
real,00017729_001.png,17729,,cardiomegaly_1,-4.4853573,0.011147198,0.7794199
real,00016255_000.png,16255,,cardiomegaly_1,-2.9396248,0.05022917,0.4778959
real,00020758_000.png,20758,,cardiomegaly_1,5.050226,0.9936329,0.9331152
real,00030029_000.png,30029,,cardiomegaly_1,-4.736307,0.008694715,0.83622974
real,00006098_006.png,6098,,cardiomegaly_1,-4.024725,0.017554665,0.658804
real,00023625_000.png,23625,,cardiomegaly_1,-4.640213,0.009563301,0.8427995
real,00009034_006.png,9034,,cardiomegaly_1,0.47463226,0.6164796,0.19569775
real,00009061_000.png,9061,,cardiomegaly_1,-4.5536327,0.010419184,0.8210316
real,00008359_000.png,8359,,cardiomegaly_1,-2.7949696,0.057596616,0.5780241
real,00001170_004.png,1170,,cardiomegaly_1,-2.97785,0.04843663,0.44412652
real,00015087_011.png,15087,,cardiomegaly_1,-3.9255733,0.019349048,0.5787414
real,00005401_007.png,5401,,cardiomegaly_1,-2.7986336,0.05739806,0.4226034
real,00020631_001.png,20631,,cardiomegaly_1,-4.142,0.01564246,0.66820985
real,00010984_003.png,10984,,cardiomegaly_1,-3.8875732,0.020083413,0.7068294
real,00025075_005.png,25075,,cardiomegaly_1,-3.3270874,0.034653533,0.49834567
real,00018448_017.png,18448,,cardiomegaly_1,-4.5240364,0.010728804,0.8289023
real,00000341_000.png,341,,cardiomegaly_1,-4.1931095,0.014874664,0.66383207
real,00006955_000.png,6955,,cardiomegaly_1,-4.149252,0.01553119,0.7468638
real,00002168_000.png,2168,,cardiomegaly_1,-4.998167,0.0067050476,0.8836547
real,00025483_000.png,25483,,cardiomegaly_1,-2.1588993,0.103502534,0.20973445
real,00008562_000.png,8562,,cardiomegaly_1,-4.8688946,0.007623291,0.8866641
real,00028614_000.png,28614,,cardiomegaly_1,-4.7579556,0.008510095,0.8589714
real,00005014_014.png,5014,,cardiomegaly_1,-2.6502743,0.065972105,0.28879482
real,00024583_000.png,24583,,cardiomegaly_1,-4.478754,0.011220221,0.8247666
real,00026264_000.png,26264,,cardiomegaly_1,-4.635418,0.009608827,0.7487836
real,00017111_006.png,17111,,cardiomegaly_1,-3.7415295,0.0231683,0.63883686
real,00012074_000.png,12074,,cardiomegaly_1,-4.1118965,0.016112812,0.6998743
real,00013303_000.png,13303,,cardiomegaly_1,-4.456682,0.011467753,0.80947006
real,00005552_000.png,5552,,cardiomegaly_1,0.13278198,0.5331468,0.13918047
real,00016205_006.png,16205,,cardiomegaly_1,-3.3132267,0.035120215,0.43821672
real,00010481_029.png,10481,,cardiomegaly_1,-4.3848495,0.012311305,0.75792444
real,00022788_003.png,22788,,cardiomegaly_1,-4.130247,0.015824465,0.74628335
real,00020802_000.png,20802,,cardiomegaly_1,-4.741091,0.008653581,0.84144473
real,00023133_002.png,23133,,cardiomegaly_1,-3.2769623,0.036370028,0.61463785
real,00011770_008.png,11770,,cardiomegaly_1,-3.0233421,0.046382423,0.40738374
real,00029286_000.png,29286,,cardiomegaly_1,-4.299448,0.01339421,0.78500146
real,00029203_000.png,29203,,cardiomegaly_1,-1.2414932,0.22417618,0.19914618
real,00021424_004.png,21424,,cardiomegaly_1,-3.3910294,0.032577,0.49660552
real,00021409_000.png,21409,,cardiomegaly_1,3.9778996,0.98161924,0.8618985
real,00011932_007.png,11932,,cardiomegaly_1,-4.5479584,0.010477853,0.7187734
real,00001713_000.png,1713,,cardiomegaly_1,-0.7704811,0.31637505,0.12949374
real,00012980_000.png,12980,,cardiomegaly_1,-3.2841778,0.036117993,0.54645884
real,00028229_000.png,28229,,cardiomegaly_1,-4.1581287,0.015396047,0.7409157
real,00028282_000.png,28282,,cardiomegaly_1,-3.5296593,0.028480014,0.6219378
real,00013533_001.png,13533,,cardiomegaly_1,-4.328146,0.013020219,0.7317359
real,00004318_000.png,4318,,cardiomegaly_1,-4.088724,0.016484318,0.7164527
real,00001974_007.png,1974,,cardiomegaly_1,-3.9533978,0.01882809,0.6087433
real,00009699_000.png,9699,,cardiomegaly_1,2.4453144,0.9202181,0.59324795
real,00014838_000.png,14838,,cardiomegaly_1,-3.780182,0.02230947,0.68255854
real,00012919_000.png,12919,,cardiomegaly_1,-1.1790257,0.23522742,0.17822605
real,00006526_000.png,6526,,cardiomegaly_1,-4.321312,0.013108335,0.71127427
real,00008054_000.png,8054,,cardiomegaly_1,-4.365576,0.012547885,0.78638595
real,00009652_000.png,9652,,cardiomegaly_1,3.2164211,0.9614476,0.68949527
real,00012585_002.png,12585,,cardiomegaly_1,-4.0346317,0.017384622,0.6924472
real,00012086_000.png,12086,,cardiomegaly_1,-4.226145,0.014398264,0.7278299
real,00025908_000.png,25908,,cardiomegaly_1,-4.481245,0.011192618,0.76919675
real,00016842_000.png,16842,,cardiomegaly_1,-4.9186974,0.0072556166,0.8783588
real,00008593_002.png,8593,,cardiomegaly_1,-4.7026463,0.008989693,0.8811511
real,00019857_001.png,19857,,cardiomegaly_1,-3.8516674,0.020802353,0.63136905
real,00017111_008.png,17111,,cardiomegaly_1,-3.9131107,0.019586943,0.67365295
real,00021652_000.png,21652,,cardiomegaly_1,-4.910961,0.0073115528,0.8741103
real,00022883_016.png,22883,,cardiomegaly_1,-1.2706013,0.21915436,0.23965526
real,00004378_001.png,4378,,cardiomegaly_1,-4.881199,0.0075307684,0.86564445
real,00021705_000.png,21705,,cardiomegaly_1,-4.3576126,0.012646938,0.8248926
real,00016769_000.png,16769,,cardiomegaly_1,0.72559357,0.6738376,0.19919032
real,00008806_009.png,8806,,cardiomegaly_1,-2.3395596,0.08789922,0.16392222
real,00016789_006.png,16789,,cardiomegaly_1,-3.7678967,0.022579012,0.5475874
real,00018044_004.png,18044,,cardiomegaly_1,-3.5892048,0.02687791,0.42707545
real,00000463_000.png,463,,cardiomegaly_1,-4.004032,0.01791513,0.54563105
real,00012017_000.png,12017,,cardiomegaly_1,-4.4903984,0.011091768,0.7896648
real,00009369_000.png,9369,,cardiomegaly_1,-4.520193,0.010769672,0.79451025
real,00001059_006.png,1059,,cardiomegaly_1,-3.9573994,0.018754309,0.5837719
real,00005532_033.png,5532,,cardiomegaly_1,2.4407597,0.9198831,0.2729406
real,00009409_002.png,9409,,cardiomegaly_1,-4.598131,0.009970232,0.84137595
real,00025432_000.png,25432,,cardiomegaly_1,-3.443203,0.030972209,0.50325495
real,00014523_000.png,14523,,cardiomegaly_1,-4.201008,0.014759368,0.71589434
real,00027084_000.png,27084,,cardiomegaly_1,-4.6086197,0.009867232,0.81502426
real,00007719_000.png,7719,,cardiomegaly_1,-4.2783012,0.013676555,0.7806246
real,00012585_014.png,12585,,cardiomegaly_1,-4.1355305,0.015742391,0.62611306
real,00006791_002.png,6791,,cardiomegaly_1,-2.9832077,0.048190285,0.4457258
real,00016789_008.png,16789,,cardiomegaly_1,-4.2230797,0.014441824,0.73759997
real,00018603_000.png,18603,,cardiomegaly_1,-3.8497906,0.020840617,0.61639804
real,00012400_000.png,12400,,cardiomegaly_1,-4.3996906,0.012132144,0.79217446
real,00026299_001.png,26299,,cardiomegaly_1,-4.057102,0.017004907,0.63583
real,00000821_000.png,821,,cardiomegaly_1,-3.8299274,0.02124983,0.60337985
real,00003570_005.png,3570,,cardiomegaly_1,-4.449396,0.011550644,0.7961122
real,00012476_001.png,12476,,cardiomegaly_1,-4.5731373,0.010219988,0.8043551
real,00023964_000.png,23964,,cardiomegaly_1,-4.0890503,0.01647903,0.6016406
real,00006002_003.png,6002,,cardiomegaly_1,-3.9217567,0.0194216,0.54325175
real,00008806_000.png,8806,,cardiomegaly_1,-3.5480938,0.02797436,0.47830042
real,00030149_000.png,30149,,cardiomegaly_1,-4.386074,0.012296424,0.7522464
real,00010936_001.png,10936,,cardiomegaly_1,-3.1321373,0.041800912,0.4240253
real,00024948_000.png,24948,,cardiomegaly_1,-4.5786667,0.010164207,0.766172
real,00029393_000.png,29393,,cardiomegaly_1,-4.251789,0.014038841,0.7149682
real,00023266_005.png,23266,,cardiomegaly_1,-4.006586,0.017870251,0.65823114
real,00018284_023.png,18284,,cardiomegaly_1,-3.9363594,0.019145444,0.6615385
real,00006024_002.png,6024,,cardiomegaly_1,-3.484743,0.029749466,0.53834337
real,00016724_002.png,16724,,cardiomegaly_1,-4.1369324,0.015720684,0.7888388
real,00009936_000.png,9936,,cardiomegaly_1,-1.7156582,0.15243126,0.19084467
real,00010682_000.png,10682,,cardiomegaly_1,-4.244007,0.014146965,0.660584
real,00003785_006.png,3785,,cardiomegaly_1,-3.566307,0.027483344,0.5197576
real,00015938_000.png,15938,,cardiomegaly_1,-4.0688324,0.016809935,0.6804181
real,00013952_006.png,13952,,cardiomegaly_1,-3.3261032,0.03468647,0.42729306
real,00014352_004.png,14352,,cardiomegaly_1,-4.465046,0.011373326,0.75377196
real,00004547_000.png,4547,,cardiomegaly_1,-4.4095592,0.012014435,0.82790065
real,00029140_000.png,29140,,cardiomegaly_1,-3.2312756,0.038005583,0.42240348
real,00012625_012.png,12625,,cardiomegaly_1,-4.7199383,0.008836941,0.8482286
real,00011987_000.png,11987,,cardiomegaly_1,-4.1984844,0.014796108,0.7197292
real,00016388_000.png,16388,,cardiomegaly_1,-4.036068,0.017360106,0.7452776
real,00021362_000.png,21362,,cardiomegaly_1,-4.032955,0.017413286,0.67836916
real,00002515_001.png,2515,,cardiomegaly_1,-3.7158852,0.02375582,0.5672603
real,00028465_001.png,28465,,cardiomegaly_1,-3.916195,0.019527806,0.5840134
real,00025466_000.png,25466,,cardiomegaly_1,-4.5576744,0.010377594,0.8361783
real,00018822_000.png,18822,,cardiomegaly_1,-4.405615,0.012061345,0.7439799
real,00010481_004.png,10481,,cardiomegaly_1,-4.186802,0.014967375,0.73107225
real,00024245_000.png,24245,,cardiomegaly_1,-4.530838,0.010656853,0.8286618
real,00022341_000.png,22341,,cardiomegaly_1,-4.359377,0.012624925,0.76659685
real,00008318_000.png,8318,,cardiomegaly_1,3.2461433,0.9625343,0.63750035
real,00022532_000.png,22532,,cardiomegaly_1,-4.4406166,0.011651314,0.8237198
real,00018044_041.png,18044,,cardiomegaly_1,-3.285595,0.03606869,0.4129812
real,00001248_034.png,1248,,cardiomegaly_1,-3.659052,0.025110161,0.5778601
real,00030001_000.png,30001,,cardiomegaly_1,-3.5827389,0.027047548,0.5567394
real,00016123_000.png,16123,,cardiomegaly_1,-4.1367188,0.015723992,0.7242676
real,00001075_044.png,1075,,cardiomegaly_1,3.598116,0.9733542,0.760612
real,00022155_017.png,22155,,cardiomegaly_1,-2.086649,0.11040126,0.19117099
real,00020312_030.png,20312,,cardiomegaly_1,-3.9538116,0.018820446,0.69877964
real,00003362_002.png,3362,,cardiomegaly_1,-3.861023,0.020612637,0.70940757
real,00020572_001.png,20572,,cardiomegaly_1,-4.271126,0.013773686,0.68744963
real,00009138_022.png,9138,,cardiomegaly_1,-1.6575432,0.16009207,0.257209
real,00007131_006.png,7131,,cardiomegaly_1,-4.275856,0.01370958,0.71533626
real,00012329_001.png,12329,,cardiomegaly_1,-4.261284,0.013908021,0.70886856
real,00008185_000.png,8185,,cardiomegaly_1,2.141798,0.8948999,0.5252552
real,00018547_000.png,18547,,cardiomegaly_1,-4.544338,0.010515453,0.79331386
real,00029423_000.png,29423,,cardiomegaly_1,-3.5565243,0.027746031,0.6624022
real,00017326_001.png,17326,,cardiomegaly_1,-4.8433685,0.007818848,0.8666433
real,00014307_001.png,14307,,cardiomegaly_1,-4.409647,0.012013393,0.7548838
real,00006674_000.png,6674,,cardiomegaly_1,-4.582979,0.01012091,0.81064945
real,00018044_003.png,18044,,cardiomegaly_1,-3.5685387,0.02742376,0.5290298
real,00019406_000.png,19406,,cardiomegaly_1,-4.48081,0.011197432,0.780989
real,00003896_004.png,3896,,cardiomegaly_1,-4.3983707,0.012147971,0.78430533
real,00011932_003.png,11932,,cardiomegaly_1,-3.237011,0.037796445,0.5689859
real,00019317_000.png,19317,,cardiomegaly_1,-4.3722115,0.012465932,0.7169606
real,00002139_000.png,2139,,cardiomegaly_1,-4.221903,0.014458583,0.7143377
real,00013678_003.png,13678,,cardiomegaly_1,-3.6165428,0.026172044,0.5874551
real,00016512_001.png,16512,,cardiomegaly_1,-4.02903,0.017480575,0.6769609
real,00008502_000.png,8502,,cardiomegaly_1,-5.0090466,0.0066329762,0.8967054
real,00014294_003.png,14294,,cardiomegaly_1,-3.432022,0.031309545,0.5578384
real,00018011_000.png,18011,,cardiomegaly_1,-4.031597,0.017436536,0.6231001
real,00001203_002.png,1203,,cardiomegaly_1,-4.0037518,0.017920064,0.6637584
real,00005250_001.png,5250,,cardiomegaly_1,-3.5439205,0.028088061,0.5947686
real,00028042_000.png,28042,,cardiomegaly_1,-4.564499,0.01030774,0.76205933
real,00017330_000.png,17330,,cardiomegaly_1,-4.1774273,0.01510622,0.803615
real,00010936_003.png,10936,,cardiomegaly_1,-2.445612,0.07976002,0.31168127
real,00011380_022.png,11380,,cardiomegaly_1,-3.551941,0.027869942,0.5698388
real,00009105_003.png,9105,,cardiomegaly_1,-3.9498367,0.018893989,0.62407285
real,00006012_000.png,6012,,cardiomegaly_1,-4.047802,0.017161068,0.75581956
real,00006040_005.png,6040,,cardiomegaly_1,-3.3618965,0.03350775,0.55465955
real,00011279_000.png,11279,,cardiomegaly_1,-3.8036442,0.021803413,0.59345514
real,00016485_000.png,16485,,cardiomegaly_1,-2.3062592,0.09060591,0.30337062
real,00003094_003.png,3094,,cardiomegaly_1,-3.9284554,0.019294439,0.5596374
real,00020699_001.png,20699,,cardiomegaly_1,-2.3628922,0.08604647,0.3436386
real,00001213_003.png,1213,,cardiomegaly_1,-4.146263,0.015576956,0.7003711
real,00028764_000.png,28764,,cardiomegaly_1,-4.6105423,0.009848466,0.8588044
real,00005501_000.png,5501,,cardiomegaly_1,-4.9612103,0.006955725,0.8348669
real,00012051_004.png,12051,,cardiomegaly_1,-4.298235,0.013410251,0.70059144
real,00023621_000.png,23621,,cardiomegaly_1,-4.6061535,0.009891356,0.81837964
real,00001174_000.png,1174,,cardiomegaly_1,-4.171171,0.01519958,0.72351056
real,00012536_001.png,12536,,cardiomegaly_1,-3.0032177,0.047280718,0.3126535
real,00004490_005.png,4490,,cardiomegaly_1,-4.202585,0.014736448,0.70591223
real,00014462_001.png,14462,,cardiomegaly_1,-4.563843,0.010314437,0.7914849
real,00007623_002.png,7623,,cardiomegaly_1,-4.5116673,0.010860885,0.8630575
real,00015449_000.png,15449,,cardiomegaly_1,-3.1851482,0.039728463,0.5406911
real,00002585_001.png,2585,,cardiomegaly_1,-3.7669964,0.022598889,0.71620035
real,00001292_000.png,1292,,cardiomegaly_1,-4.0667267,0.016844772,0.6898456
real,00007313_002.png,7313,,cardiomegaly_1,-3.6393566,0.025596831,0.66213983
real,00024273_000.png,24273,,cardiomegaly_1,-4.337599,0.012899302,0.72137207
real,00008728_000.png,8728,,cardiomegaly_1,-4.119772,0.015988436,0.693801
real,00025832_003.png,25832,,cardiomegaly_1,-3.5227776,0.028671041,0.508332
real,00010453_000.png,10453,,cardiomegaly_1,-4.4086704,0.012024989,0.74511313
real,00004589_000.png,4589,,cardiomegaly_1,-3.8112144,0.021642538,0.6713992
real,00021375_007.png,21375,,cardiomegaly_1,-4.0176506,0.017677091,0.74463737
real,00007019_001.png,7019,,cardiomegaly_1,-4.6094475,0.009859148,0.80075985
real,00011910_003.png,11910,,cardiomegaly_1,-4.3934155,0.012207581,0.7212818
real,00015056_005.png,15056,,cardiomegaly_1,-3.9743786,0.018444387,0.727694
real,00028766_002.png,28766,,cardiomegaly_1,-2.930563,0.05066324,0.36950025
real,00017020_000.png,17020,,cardiomegaly_1,-3.7626534,0.022695016,0.47548667
real,00016939_000.png,16939,,cardiomegaly_1,-4.255575,0.013986532,0.73737895
real,00015795_003.png,15795,,cardiomegaly_1,-4.065405,0.016866677,0.69864607
real,00006024_006.png,6024,,cardiomegaly_1,-3.2690964,0.036646716,0.4278058
real,00016191_019.png,16191,,cardiomegaly_1,-4.438122,0.011680078,0.7336674
real,00017747_061.png,17747,,cardiomegaly_1,-4.1808815,0.015054913,0.85199493
real,00010246_000.png,10246,,cardiomegaly_1,-2.3867168,0.08419123,0.30421758
real,00004943_000.png,4943,,cardiomegaly_1,-3.907673,0.019691642,0.51517415
real,00021288_000.png,21288,,cardiomegaly_1,-4.354944,0.012680301,0.7537687
real,00025046_000.png,25046,,cardiomegaly_1,-4.538151,0.010580029,0.78600293
real,00015338_003.png,15338,,cardiomegaly_1,-3.9343815,0.019182622,0.6348165
real,00014504_000.png,14504,,cardiomegaly_1,-4.1433735,0.015621328,0.6655166
real,00014281_000.png,14281,,cardiomegaly_1,-4.29928,0.013396428,0.6908513
real,00006098_007.png,6098,,cardiomegaly_1,-4.2874966,0.013553069,0.7226488
real,00004695_000.png,4695,,cardiomegaly_1,-3.6628456,0.025017459,0.44974175
real,00027153_001.png,27153,,cardiomegaly_1,-2.8435516,0.0550156,0.46295276
real,00028027_002.png,28027,,cardiomegaly_1,-2.162693,0.103151046,0.21910723
real,00004834_000.png,4834,,cardiomegaly_1,-4.51923,0.010779939,0.7888438
real,00006002_001.png,6002,,cardiomegaly_1,-4.22332,0.014438405,0.68063766
real,00002825_001.png,2825,,cardiomegaly_1,-4.399996,0.012128484,0.6690457
real,00021569_000.png,21569,,cardiomegaly_1,-4.4421406,0.011633779,0.81634396
real,00013138_002.png,13138,,cardiomegaly_1,-4.242361,0.014169942,0.71224654
real,00014029_000.png,14029,,cardiomegaly_1,-4.463875,0.011386502,0.82582796
real,00021614_001.png,21614,,cardiomegaly_1,-4.1901035,0.014918775,0.6758117
real,00014045_000.png,14045,,cardiomegaly_1,-3.5425644,0.028125107,0.5564786
real,00006202_000.png,6202,,cardiomegaly_1,6.347477,0.99825186,0.9845587
real,00020060_007.png,20060,,cardiomegaly_1,-1.230341,0.22612175,0.17186444
real,00001587_000.png,1587,,cardiomegaly_1,-4.440813,0.011649051,0.7188616
real,00020674_000.png,20674,,cardiomegaly_1,-4.2520847,0.01403475,0.7209684
real,00022763_000.png,22763,,cardiomegaly_1,-3.5437717,0.028092125,0.55136985
real,00025832_004.png,25832,,cardiomegaly_1,-3.7035084,0.024044555,0.574597
real,00000877_007.png,877,,cardiomegaly_1,-4.7114677,0.008911442,0.79063773
real,00008733_000.png,8733,,cardiomegaly_1,-4.4180355,0.011914236,0.7877143
real,00005903_000.png,5903,,cardiomegaly_1,-3.6098785,0.026342435,0.5291946
real,00030781_000.png,30781,,cardiomegaly_1,1.7950687,0.85754764,0.2962204
real,00026409_000.png,26409,,cardiomegaly_1,-4.1604176,0.015361388,0.69336987
real,00000872_000.png,872,,cardiomegaly_1,-4.227974,0.014372328,0.6620841
real,00015597_000.png,15597,,cardiomegaly_1,-4.0354366,0.017370878,0.6175586
real,00005395_001.png,5395,,cardiomegaly_1,-2.4249763,0.081287846,0.2721452
real,00008081_019.png,8081,,cardiomegaly_1,-3.420168,0.031671077,0.5424009
real,00001733_001.png,1733,,cardiomegaly_1,-4.638233,0.009582072,0.76651084
real,00020642_006.png,20642,,cardiomegaly_1,-4.266083,0.013842359,0.7820497
real,00008489_015.png,8489,,cardiomegaly_1,-3.7519398,0.022933865,0.65191305
real,00019575_000.png,19575,,cardiomegaly_1,1.9418468,0.8745549,0.2687607
real,00008342_023.png,8342,,cardiomegaly_1,-3.8710365,0.020411452,0.6177382
real,00024797_000.png,24797,,cardiomegaly_1,-4.4255104,0.01182656,0.7869053
real,00008779_000.png,8779,,cardiomegaly_1,-4.070122,0.01678864,0.7225513
real,00003812_002.png,3812,,cardiomegaly_1,-4.706375,0.008956533,0.8442637
real,00019544_000.png,19544,,cardiomegaly_1,-4.1902885,0.014916057,0.77025425
real,00003804_001.png,3804,,cardiomegaly_1,-4.121969,0.015953902,0.7022601
real,00004909_005.png,4909,,cardiomegaly_1,-0.50694466,0.37591,0.17863405
real,00029543_002.png,29543,,cardiomegaly_1,-0.41829872,0.39692393,0.207971
real,00022582_001.png,22582,,cardiomegaly_1,-4.4195194,0.011896779,0.74966323
real,00000463_001.png,463,,cardiomegaly_1,-3.7237377,0.023574388,0.5443289
real,00000796_004.png,796,,cardiomegaly_1,2.4936352,0.9236944,0.65281355
real,00022155_012.png,22155,,cardiomegaly_1,-2.538824,0.073180884,0.29266316
real,00012304_002.png,12304,,cardiomegaly_1,-3.2190914,0.038453568,0.48351938
real,00003570_001.png,3570,,cardiomegaly_1,-4.5068207,0.010913074,0.78861165
real,00015449_002.png,15449,,cardiomegaly_1,-4.2121754,0.014597853,0.7167573
real,00023776_000.png,23776,,cardiomegaly_1,-3.9363499,0.019145623,0.6534839
real,00001606_004.png,1606,,cardiomegaly_1,-4.117834,0.016018953,0.7132139
real,00026795_000.png,26795,,cardiomegaly_1,-3.7919006,0.02205529,0.6769251
real,00030805_000.png,30805,,cardiomegaly_1,-4.2465305,0.014111814,0.7760233
real,00017747_023.png,17747,,cardiomegaly_1,-3.4711227,0.030145139,0.6049161
real,00010348_001.png,10348,,cardiomegaly_1,-4.289358,0.013528203,0.7871583
real,00016929_001.png,16929,,cardiomegaly_1,2.2813473,0.9073204,0.40154737
real,00002120_001.png,2120,,cardiomegaly_1,-3.4047165,0.032148387,0.47987387
real,00011598_028.png,11598,,cardiomegaly_1,-3.5705605,0.027369885,0.51732004
real,00003064_010.png,3064,,cardiomegaly_1,-4.4188347,0.011904831,0.7618677
real,00014076_000.png,14076,,cardiomegaly_1,-4.9002647,0.0073895995,0.8843932
real,00001059_005.png,1059,,cardiomegaly_1,-3.146576,0.041226406,0.3776845
real,00015977_000.png,15977,,cardiomegaly_1,-4.580372,0.010147066,0.82876354
real,00010135_000.png,10135,,cardiomegaly_1,-1.3082027,0.21278775,0.19505857
real,00014025_000.png,14025,,cardiomegaly_1,-3.6689034,0.024870126,0.68748057
real,00005587_000.png,5587,,cardiomegaly_1,-4.388233,0.012270229,0.7715386
real,00011764_007.png,11764,,cardiomegaly_1,-0.8472061,0.30001926,0.19030179
real,00028256_000.png,28256,,cardiomegaly_1,-3.875187,0.020328632,0.5912215
real,00010131_001.png,10131,,cardiomegaly_1,-4.3700695,0.012492329,0.7858201
real,00008184_003.png,8184,,cardiomegaly_1,-4.431759,0.011753758,0.7805962
real,00003916_000.png,3916,,cardiomegaly_1,-2.7995968,0.057345964,0.38576174
real,00000273_004.png,273,,cardiomegaly_1,-2.0765228,0.1113997,0.23709722
real,00023343_000.png,23343,,cardiomegaly_1,-4.261776,0.013901274,0.7664967
real,00001292_001.png,1292,,cardiomegaly_1,-3.2277813,0.038133543,0.4528102
real,00001470_002.png,1470,,cardiomegaly_1,-3.6960716,0.024219688,0.7330517
real,00017545_000.png,17545,,cardiomegaly_1,-4.038521,0.017318312,0.60140437
real,00013441_000.png,13441,,cardiomegaly_1,-4.101181,0.01628357,0.6751943
real,00010920_004.png,10920,,cardiomegaly_1,-4.437071,0.011692217,0.7803261
real,00007313_001.png,7313,,cardiomegaly_1,-4.0004673,0.017977959,0.74754083
real,00000304_001.png,304,,cardiomegaly_1,-1.7708111,0.14544149,0.24589165
real,00010481_031.png,10481,,cardiomegaly_1,-4.2208786,0.014473187,0.6572756
real,00022155_024.png,22155,,cardiomegaly_1,-3.7212372,0.023632014,0.48424244
real,00011603_000.png,11603,,cardiomegaly_1,-4.4007835,0.012119051,0.76615494
real,00001230_001.png,1230,,cardiomegaly_1,-4.6530914,0.009442085,0.7807882
real,00017824_001.png,17824,,cardiomegaly_1,-4.2267323,0.014389928,0.6469898
real,00028706_000.png,28706,,cardiomegaly_1,-2.00313,0.118874684,0.31258422
real,00012989_001.png,12989,,cardiomegaly_1,-3.3599262,0.03357162,0.44821432
real,00029493_000.png,29493,,cardiomegaly_1,-4.3939934,0.0122006135,0.7881004
real,00005579_000.png,5579,,cardiomegaly_1,-3.6379185,0.025632724,0.45125175
real,00015795_004.png,15795,,cardiomegaly_1,-3.816021,0.021540996,0.64473164
real,00000262_000.png,262,,cardiomegaly_1,-4.486109,0.011138918,0.7534558
real,00019413_000.png,19413,,cardiomegaly_1,-3.5319805,0.028415859,0.54969853
real,00008147_000.png,8147,,cardiomegaly_1,-4.7084312,0.008938301,0.8718894
real,00012951_000.png,12951,,cardiomegaly_1,-3.218523,0.03847459,0.37488672
real,00024613_000.png,24613,,cardiomegaly_1,-4.225765,0.0144036515,0.7092035
real,00003577_000.png,3577,,cardiomegaly_1,-4.188648,0.014940179,0.70131534
real,00014352_007.png,14352,,cardiomegaly_1,-3.2904053,0.035901815,0.44120693
real,00016509_000.png,16509,,cardiomegaly_1,-3.6024055,0.026534786,0.6252653
real,00010696_000.png,10696,,cardiomegaly_1,-3.999792,0.017989883,0.6631122
real,00013591_000.png,13591,,cardiomegaly_1,-4.5990105,0.009961556,0.80691326
real,00027305_000.png,27305,,cardiomegaly_1,-4.366211,0.012540019,0.7490808
real,00018488_002.png,18488,,cardiomegaly_1,-4.2518787,0.014037601,0.75693995
real,00012626_005.png,12626,,cardiomegaly_1,-4.202158,0.014742654,0.77259475
real,00023423_000.png,23423,,cardiomegaly_1,-4.9074345,0.007337195,0.8857645
real,00010481_040.png,10481,,cardiomegaly_1,-4.060713,0.016944658,0.6259249
real,00015111_000.png,15111,,cardiomegaly_1,-3.8574142,0.020685613,0.59868526
real,00023085_009.png,23085,,cardiomegaly_1,-3.9015388,0.019810405,0.71606
real,00011328_000.png,11328,,cardiomegaly_1,-4.2710133,0.013775216,0.68940127
real,00028475_000.png,28475,,cardiomegaly_1,-3.2851677,0.03608354,0.44292727
real,00022677_005.png,22677,,cardiomegaly_1,-0.9167938,0.28561163,0.14049733
real,00003464_000.png,3464,,cardiomegaly_1,-4.7015076,0.008999843,0.853787
real,00010295_000.png,10295,,cardiomegaly_1,-4.2219086,0.014458502,0.7183334
real,00022527_000.png,22527,,cardiomegaly_1,-4.4681873,0.011338058,0.7221763
real,00013970_009.png,13970,,cardiomegaly_1,-4.0854073,0.016538179,0.6816732
real,00001203_003.png,1203,,cardiomegaly_1,-4.108885,0.016160628,0.71642286
real,00015228_000.png,15228,,cardiomegaly_1,-1.9160404,0.12830375,0.22198398
real,00001136_001.png,1136,,cardiomegaly_1,-2.2828426,0.09255393,0.24902247
real,00006040_009.png,6040,,cardiomegaly_1,-3.9889011,0.018183298,0.58262736
real,00008441_000.png,8441,,cardiomegaly_1,-4.8883667,0.0074773855,0.8537114
real,00015740_000.png,15740,,cardiomegaly_1,-4.0671177,0.016838297,0.6652665
real,00007109_011.png,7109,,cardiomegaly_1,-3.8119335,0.021627318,0.5127358
real,00019496_000.png,19496,,cardiomegaly_1,-4.3013763,0.013368752,0.6534765
real,00022882_000.png,22882,,cardiomegaly_1,-4.3769817,0.012407344,0.7879554
real,00022500_000.png,22500,,cardiomegaly_1,-4.000431,0.017978597,0.6876321
real,00011380_008.png,11380,,cardiomegaly_1,-3.909727,0.019652028,0.59056336
real,00000386_000.png,386,,cardiomegaly_1,-4.0591507,0.016970698,0.70627004
real,00022196_002.png,22196,,cardiomegaly_1,-3.109846,0.042702932,0.50207907
real,00018597_002.png,18597,,cardiomegaly_1,-4.5367928,0.010594253,0.7301633
real,00013969_008.png,13969,,cardiomegaly_1,-4.092142,0.016428994,0.72865075
real,00029579_007.png,29579,,cardiomegaly_1,-2.3314266,0.08855345,0.3886694
real,00020485_005.png,20485,,cardiomegaly_1,-4.2383614,0.0142259225,0.64823407
real,00005002_001.png,5002,,cardiomegaly_1,1.8095016,0.8593016,0.3490032
real,00028053_000.png,28053,,cardiomegaly_1,-4.9560413,0.0069915187,0.86983347
real,00000417_003.png,417,,cardiomegaly_1,-3.747839,0.023025934,0.54302263
real,00016439_000.png,16439,,cardiomegaly_1,-4.658327,0.009393242,0.82240176
real,00020531_000.png,20531,,cardiomegaly_1,-4.393795,0.012203004,0.709519
real,00015435_001.png,15435,,cardiomegaly_1,-4.1218185,0.01595627,0.65740675
real,00002595_001.png,2595,,cardiomegaly_1,-4.565586,0.010296656,0.79880387
real,00016512_000.png,16512,,cardiomegaly_1,-4.3700066,0.012493106,0.7672535
real,00021023_004.png,21023,,cardiomegaly_1,-2.3221474,0.08930526,0.20177716
real,00009273_002.png,9273,,cardiomegaly_1,-4.1690235,0.015231761,0.7262461
real,00002292_001.png,2292,,cardiomegaly_1,-4.172989,0.015172397,0.6983184
real,00000757_000.png,757,,cardiomegaly_1,-4.097559,0.016341692,0.74457586
real,00006711_000.png,6711,,cardiomegaly_1,-0.16380501,0.45914003,0.22932823
real,00016261_001.png,16261,,cardiomegaly_1,-0.58290863,0.35826358,0.14221694
real,00002816_003.png,2816,,cardiomegaly_1,-3.8887005,0.02006124,0.65809023
real,00009378_002.png,9378,,cardiomegaly_1,-4.409212,0.012018557,0.77603287
real,00023266_004.png,23266,,cardiomegaly_1,-4.396776,0.012167122,0.7525528
real,00003094_004.png,3094,,cardiomegaly_1,-4.040394,0.017286465,0.5647058
real,00026807_000.png,26807,,cardiomegaly_1,-4.6116924,0.009837258,0.8398794
real,00012086_001.png,12086,,cardiomegaly_1,-3.8571205,0.020691564,0.5968526
real,00003917_000.png,3917,,cardiomegaly_1,-3.6397057,0.025588125,0.55480576
real,00010445_003.png,10445,,cardiomegaly_1,-4.495899,0.011031592,0.77195024
real,00016184_001.png,16184,,cardiomegaly_1,-3.9352245,0.019166768,0.5591929
real,00011598_017.png,11598,,cardiomegaly_1,-4.038332,0.017321525,0.6436538
real,00025290_002.png,25290,,cardiomegaly_1,-3.5786343,0.027155777,0.5698951
real,00012363_004.png,12363,,cardiomegaly_1,-4.606636,0.009886631,0.82864535
real,00011813_000.png,11813,,cardiomegaly_1,-4.2781086,0.013679154,0.67636085
real,00010732_000.png,10732,,cardiomegaly_1,-3.681736,0.024560805,0.6625321
real,00026927_000.png,26927,,cardiomegaly_1,-2.8107224,0.056747507,0.45076087
real,00017786_013.png,17786,,cardiomegaly_1,-4.131342,0.015807424,0.68873
real,00018642_000.png,18642,,cardiomegaly_1,-3.272255,0.03653537,0.47843984
real,00009668_000.png,9668,,cardiomegaly_1,-4.578951,0.010161348,0.8568743
real,00005245_000.png,5245,,cardiomegaly_1,-4.3708725,0.012482426,0.7383812
real,00010120_004.png,10120,,cardiomegaly_1,-4.0718575,0.016760012,0.7176781
real,00007018_005.png,7018,,cardiomegaly_1,-4.7543507,0.008540567,0.8538053
real,00030385_000.png,30385,,cardiomegaly_1,-4.521799,0.010752576,0.7885312
real,00021631_001.png,21631,,cardiomegaly_1,-4.6026497,0.009925729,0.834005
real,00005443_000.png,5443,,cardiomegaly_1,-3.9087067,0.019671695,0.6689236
real,00003439_007.png,3439,,cardiomegaly_1,-4.0121803,0.017772332,0.6939456
real,00021114_001.png,21114,,cardiomegaly_1,-3.9327888,0.019212611,0.63834435
real,00006135_000.png,6135,,cardiomegaly_1,6.220255,0.99801517,0.96905905
real,00006123_001.png,6123,,cardiomegaly_1,-4.8761463,0.007568626,0.8714951
real,00004926_000.png,4926,,cardiomegaly_1,1.0952358,0.74936634,0.27678376
real,00019435_003.png,19435,,cardiomegaly_1,-4.996628,0.0067153065,0.88337314
real,00019535_002.png,19535,,cardiomegaly_1,-4.667742,0.009306042,0.7624433
real,00008342_001.png,8342,,cardiomegaly_1,-1.1084652,0.24815711,0.10698451
real,00014843_000.png,14843,,cardiomegaly_1,-3.3650646,0.033405304,0.50198454
real,00002492_010.png,2492,,cardiomegaly_1,-4.4604454,0.011425171,0.7310111
real,00020716_002.png,20716,,cardiomegaly_1,-3.4517422,0.030716944,0.56706536
real,00027353_000.png,27353,,cardiomegaly_1,-4.3658676,0.01254427,0.69551826
real,00013969_007.png,13969,,cardiomegaly_1,-4.434391,0.011723223,0.8235731
real,00010489_000.png,10489,,cardiomegaly_1,-3.8516579,0.020802546,0.64114934
real,00018011_009.png,18011,,cardiomegaly_1,-2.7060604,0.06261669,0.32392323
real,00016518_000.png,16518,,cardiomegaly_1,-4.0262375,0.017528597,0.6951734
real,00013214_001.png,13214,,cardiomegaly_1,-4.378538,0.012388288,0.7635083
real,00007792_000.png,7792,,cardiomegaly_1,-4.988182,0.0067718774,0.8811236
real,00012949_001.png,12949,,cardiomegaly_1,-4.331026,0.012983261,0.7458628
real,00028570_000.png,28570,,cardiomegaly_1,-3.8296108,0.021256417,0.6783413
real,00003628_000.png,3628,,cardiomegaly_1,-3.6211452,0.026054999,0.61824244
real,00026658_002.png,26658,,cardiomegaly_1,-4.4435387,0.011617713,0.75743
real,00006490_000.png,6490,,cardiomegaly_1,-4.0,0.01798621,0.7330966
real,00012178_002.png,12178,,cardiomegaly_1,-3.372797,0.03315653,0.41354084
real,00018037_019.png,18037,,cardiomegaly_1,-3.8309822,0.021227904,0.64721256
real,00013360_000.png,13360,,cardiomegaly_1,-3.90057,0.019829227,0.54761493
real,00003640_000.png,3640,,cardiomegaly_1,-4.4744434,0.011268145,0.7853317
real,00016568_001.png,16568,,cardiomegaly_1,-4.1312428,0.015808966,0.61064804
real,00015475_000.png,15475,,cardiomegaly_1,-4.419285,0.011899538,0.76467377
real,00029314_000.png,29314,,cardiomegaly_1,-4.668665,0.009297535,0.8282035
real,00018011_019.png,18011,,cardiomegaly_1,-4.3910885,0.012235671,0.7563753
real,00009709_007.png,9709,,cardiomegaly_1,-4.0400047,0.017293075,0.6755392
real,00002686_000.png,2686,,cardiomegaly_1,-0.548254,0.3662696,0.2970169
real,00025453_000.png,25453,,cardiomegaly_1,-4.12175,0.015957348,0.6505237
real,00019716_003.png,19716,,cardiomegaly_1,4.01342,0.98224926,0.6460099
real,00003792_001.png,3792,,cardiomegaly_1,-3.3736877,0.033127986,0.47695124
real,00008184_002.png,8184,,cardiomegaly_1,-4.5962505,0.009988813,0.80670667
real,00000869_006.png,869,,cardiomegaly_1,-4.21229,0.014596205,0.642831
real,00022574_001.png,22574,,cardiomegaly_1,-4.244215,0.014144066,0.71099615
real,00030139_000.png,30139,,cardiomegaly_1,-3.383854,0.0328039,0.4841922
real,00010131_005.png,10131,,cardiomegaly_1,-3.984211,0.01826722,0.6614861
real,00018016_005.png,18016,,cardiomegaly_1,-2.6128006,0.06831913,0.44282573
real,00030091_000.png,30091,,cardiomegaly_1,-4.266102,0.013842099,0.67512566
real,00029426_000.png,29426,,cardiomegaly_1,-4.456608,0.011468597,0.7879147
real,00012902_001.png,12902,,cardiomegaly_1,-4.57304,0.010220972,0.83407366
real,00016865_001.png,16865,,cardiomegaly_1,-4.4793606,0.011213494,0.7450149
real,00008802_008.png,8802,,cardiomegaly_1,-4.2157307,0.014546798,0.68654937
real,00029295_000.png,29295,,cardiomegaly_1,-4.5862103,0.010088591,0.8184159
real,00003689_004.png,3689,,cardiomegaly_1,-4.925499,0.007206788,0.8732581
real,00003064_042.png,3064,,cardiomegaly_1,-4.429178,0.011783771,0.6613461
real,00017835_006.png,17835,,cardiomegaly_1,-3.6011639,0.026566878,0.5675535
real,00011690_000.png,11690,,cardiomegaly_1,-4.4125404,0.011979099,0.7613367
real,00004976_003.png,4976,,cardiomegaly_1,-3.2704163,0.036600146,0.42824128
real,00009381_000.png,9381,,cardiomegaly_1,2.4978237,0.9239891,0.4626458
real,00010600_000.png,10600,,cardiomegaly_1,-4.062071,0.016922051,0.7520726
real,00028889_000.png,28889,,cardiomegaly_1,-4.238922,0.014218061,0.73133236
real,00027693_000.png,27693,,cardiomegaly_1,-2.9609165,0.049223095,0.38073272
real,00003769_002.png,3769,,cardiomegaly_1,-3.5228367,0.028669395,0.48399186
real,00019303_000.png,19303,,cardiomegaly_1,-4.284609,0.01359173,0.6852156
real,00013759_000.png,13759,,cardiomegaly_1,-4.6218414,0.009738891,0.846017
real,00016083_003.png,16083,,cardiomegaly_1,-4.069319,0.016801897,0.6800025
real,00006981_018.png,6981,,cardiomegaly_1,-4.3500843,0.012741289,0.7617152
real,00024924_000.png,24924,,cardiomegaly_1,-4.3847656,0.012312326,0.785864
real,00005532_041.png,5532,,cardiomegaly_1,-2.1893616,0.1007099,0.25581
real,00011149_000.png,11149,,cardiomegaly_1,-4.1940136,0.0148614235,0.7145697
real,00005623_000.png,5623,,cardiomegaly_1,-4.3936996,0.012204154,0.70886856
real,00011116_000.png,11116,,cardiomegaly_1,-4.1133327,0.01609006,0.68665916
real,00028822_001.png,28822,,cardiomegaly_1,-4.0445957,0.01721523,0.6065208
real,00005410_003.png,5410,,cardiomegaly_1,-2.7827435,0.058263842,0.48300445
real,00023468_000.png,23468,,cardiomegaly_1,-4.6597652,0.009379869,0.80135864
real,00010465_005.png,10465,,cardiomegaly_1,-3.9259644,0.01934163,0.6988413
real,00012536_004.png,12536,,cardiomegaly_1,-2.8480778,0.05478077,0.33948353
real,00012772_000.png,12772,,cardiomegaly_1,-4.4187546,0.0119057745,0.7929086
real,00009905_000.png,9905,,cardiomegaly_1,-2.7771225,0.05857303,0.41469383
real,00014094_000.png,14094,,cardiomegaly_1,-2.9978046,0.04752515,0.44215772
real,00021346_000.png,21346,,cardiomegaly_1,-2.969181,0.04883775,0.29563946
real,00016801_003.png,16801,,cardiomegaly_1,-3.037674,0.04575262,0.32417768
real,00009335_000.png,9335,,cardiomegaly_1,-3.4481354,0.030824514,0.62611187
real,00009932_006.png,9932,,cardiomegaly_1,-1.379036,0.20116389,0.14877702
real,00024029_000.png,24029,,cardiomegaly_1,-4.263769,0.0138739785,0.7499721
real,00005708_000.png,5708,,cardiomegaly_1,-4.572872,0.010222671,0.7805571
real,00019911_000.png,19911,,cardiomegaly_1,-3.8139,0.021585748,0.55206645
real,00004608_000.png,4608,,cardiomegaly_1,-3.645523,0.025443478,0.6787283
real,00010071_005.png,10071,,cardiomegaly_1,-3.4910164,0.029568927,0.6576327
real,00001548_000.png,1548,,cardiomegaly_1,-4.3044624,0.013328107,0.7251169
real,00011910_012.png,11910,,cardiomegaly_1,-4.320957,0.013112927,0.7277225
real,00020811_020.png,20811,,cardiomegaly_1,-4.2523785,0.014030686,0.7095764
real,00029311_003.png,29311,,cardiomegaly_1,-4.39904,0.012139941,0.80096227
real,00003174_002.png,3174,,cardiomegaly_1,-4.5513973,0.010442258,0.7835127
real,00024737_001.png,24737,,cardiomegaly_1,-4.7671795,0.008432619,0.8575869
real,00027582_002.png,27582,,cardiomegaly_1,-1.7924652,0.14277074,0.14864922
real,00003752_000.png,3752,,cardiomegaly_1,-4.522768,0.010742274,0.7539167
real,00010279_002.png,10279,,cardiomegaly_1,-1.8869019,0.13159811,0.2128876
real,00020502_001.png,20502,,cardiomegaly_1,-3.6263962,0.025922079,0.55314577
real,00029742_002.png,29742,,cardiomegaly_1,-4.2739925,0.013734799,0.6609222
real,00017381_000.png,17381,,cardiomegaly_1,-4.8882103,0.007478546,0.83071357
real,00027326_000.png,27326,,cardiomegaly_1,-4.6330223,0.0096316505,0.82586265
real,00011359_000.png,11359,,cardiomegaly_1,-4.495388,0.011037171,0.79247206
real,00005401_005.png,5401,,cardiomegaly_1,-4.048506,0.0171492,0.70341873
real,00020884_000.png,20884,,cardiomegaly_1,-4.424732,0.011835657,0.8321621
real,00007795_000.png,7795,,cardiomegaly_1,-3.9320602,0.019226344,0.6153161
real,00023636_000.png,23636,,cardiomegaly_1,-4.637783,0.0095863445,0.8200834
real,00019201_010.png,19201,,cardiomegaly_1,-4.8380184,0.007860461,0.8191239
real,00014319_000.png,14319,,cardiomegaly_1,-1.764885,0.14617959,0.20294835
real,00016498_001.png,16498,,cardiomegaly_1,-4.3617287,0.012595643,0.7685694
real,00020286_025.png,20286,,cardiomegaly_1,-2.538002,0.07323667,0.30442312
real,00024192_000.png,24192,,cardiomegaly_1,-4.4583263,0.011449129,0.78608036
real,00013886_000.png,13886,,cardiomegaly_1,-4.118313,0.016011408,0.65225375
real,00004490_004.png,4490,,cardiomegaly_1,-4.2428513,0.0141630955,0.7059725
real,00017603_029.png,17603,,cardiomegaly_1,-4.00099,0.017968735,0.54294866
real,00007935_000.png,7935,,cardiomegaly_1,4.180517,0.98493963,0.79763216
real,00010650_000.png,10650,,cardiomegaly_1,-3.4668713,0.030269684,0.46734804
real,00007505_000.png,7505,,cardiomegaly_1,-4.5303173,0.010662345,0.7724597
real,00010286_001.png,10286,,cardiomegaly_1,-3.9650688,0.01861369,0.6324272
real,00017835_002.png,17835,,cardiomegaly_1,-4.0312195,0.017443007,0.6858681
edit,00001059_006.png,1059,0.0,cardiomegaly_1,-3.6917763,0.024321409,0.52908003
edit,00001174_000.png,1174,0.0,cardiomegaly_1,-3.8708286,0.02041561,0.6871817
edit,00001470_001.png,1470,0.0,cardiomegaly_1,-1.6345844,0.16320331,0.20583272
edit,00001606_004.png,1606,0.0,cardiomegaly_1,-3.1844883,0.039753646,0.5286772
edit,00002139_000.png,2139,0.0,cardiomegaly_1,-4.076479,0.016684024,0.6929038
edit,00002355_005.png,2355,0.0,cardiomegaly_1,-2.0140705,0.1177335,0.2403582
edit,00002492_010.png,2492,0.0,cardiomegaly_1,-4.4677963,0.011342443,0.755317
edit,00002566_000.png,2566,0.0,cardiomegaly_1,-3.0206432,0.046501942,0.5109698
edit,00003064_010.png,3064,0.0,cardiomegaly_1,-4.192669,0.014881122,0.6811441
edit,00003804_012.png,3804,0.0,cardiomegaly_1,-3.8438358,0.020962479,0.6009451
edit,00003917_000.png,3917,0.0,cardiomegaly_1,-2.8267994,0.055893052,0.32111207
edit,00004057_000.png,4057,0.0,cardiomegaly_1,-4.353491,0.01269851,0.6751263
edit,00005623_000.png,5623,0.0,cardiomegaly_1,-4.2467136,0.014109267,0.68243027
edit,00006012_000.png,6012,0.0,cardiomegaly_1,-3.8736534,0.020359194,0.68605924
edit,00006791_002.png,6791,0.0,cardiomegaly_1,-2.685194,0.0638527,0.38374114
edit,00006921_000.png,6921,0.0,cardiomegaly_1,-4.043913,0.017226785,0.62274736
edit,00006981_017.png,6981,0.0,cardiomegaly_1,-4.07765,0.016664822,0.6199691
edit,00007082_000.png,7082,0.0,cardiomegaly_1,-1.8293171,0.13831964,0.20059429
edit,00007159_000.png,7159,0.0,cardiomegaly_1,-2.7375946,0.06079109,0.3383043
edit,00007340_004.png,7340,0.0,cardiomegaly_1,-3.537197,0.02827219,0.59740686
edit,00007589_000.png,7589,0.0,cardiomegaly_1,-4.9014606,0.0073808325,0.88182837
edit,00007931_000.png,7931,0.0,cardiomegaly_1,-2.6602802,0.06535821,0.39305097
edit,00008142_005.png,8142,0.0,cardiomegaly_1,-4.6443787,0.009523924,0.84135216
edit,00008147_000.png,8147,0.0,cardiomegaly_1,-4.643133,0.0095356805,0.8417262
edit,00008184_003.png,8184,0.0,cardiomegaly_1,-3.8811474,0.020210264,0.6886427
edit,00008359_000.png,8359,0.0,cardiomegaly_1,-3.0335102,0.04593475,0.59912395
edit,00008386_001.png,8386,0.0,cardiomegaly_1,-4.6192474,0.009763939,0.8303146
edit,00008802_008.png,8802,0.0,cardiomegaly_1,-3.9401302,0.01907476,0.63750273
edit,00009090_001.png,9090,0.0,cardiomegaly_1,-1.5963364,0.16849427,0.25002292
edit,00009105_003.png,9105,0.0,cardiomegaly_1,-3.6694374,0.024857176,0.541951
edit,00009306_000.png,9306,0.0,cardiomegaly_1,-4.589552,0.010055274,0.81694365
edit,00009335_000.png,9335,0.0,cardiomegaly_1,-3.0156937,0.0467219,0.47079083
edit,00009409_002.png,9409,0.0,cardiomegaly_1,-4.07646,0.016684337,0.73900133
edit,00009761_000.png,9761,0.0,cardiomegaly_1,0.57790184,0.64058447,0.15247576
edit,00010465_001.png,10465,0.0,cardiomegaly_1,-3.5750484,0.027250666,0.5784758
edit,00010892_000.png,10892,0.0,cardiomegaly_1,-3.7990189,0.02190228,0.6567284
edit,00010931_003.png,10931,0.0,cardiomegaly_1,-4.050976,0.017107617,0.69552636
edit,00010964_000.png,10964,0.0,cardiomegaly_1,-3.700756,0.024109226,0.730167
edit,00011611_000.png,11611,0.0,cardiomegaly_1,-4.131733,0.015801342,0.6624508
edit,00012129_000.png,12129,0.0,cardiomegaly_1,-4.4270706,0.0118083395,0.76512986
edit,00012400_000.png,12400,0.0,cardiomegaly_1,-4.153864,0.015460832,0.72363985
edit,00012772_003.png,12772,0.0,cardiomegaly_1,-4.304228,0.013331192,0.71927243
edit,00012902_001.png,12902,0.0,cardiomegaly_1,-4.0871773,0.016509416,0.75125194
edit,00013441_000.png,13441,0.0,cardiomegaly_1,-3.4085255,0.032030083,0.48849902
edit,00013678_003.png,13678,0.0,cardiomegaly_1,-3.029583,0.046107166,0.34673795
edit,00013759_000.png,13759,0.0,cardiomegaly_1,-4.624769,0.009710696,0.8448151
edit,00014281_000.png,14281,0.0,cardiomegaly_1,-4.260748,0.013915374,0.7156213
edit,00014295_001.png,14295,0.0,cardiomegaly_1,-4.6572113,0.009403631,0.82683605
edit,00014387_006.png,14387,0.0,cardiomegaly_1,-1.6474476,0.16145422,0.14061086
edit,00014838_000.png,14838,0.0,cardiomegaly_1,-2.796894,0.057492245,0.4868491
edit,00014954_000.png,14954,0.0,cardiomegaly_1,-4.168442,0.015240489,0.784207
edit,00015056_005.png,15056,0.0,cardiomegaly_1,-1.499918,0.18243775,0.20034139
edit,00015087_011.png,15087,0.0,cardiomegaly_1,-3.3986816,0.032336693,0.530089
edit,00016191_019.png,16191,0.0,cardiomegaly_1,-3.9640694,0.018631957,0.59809756
edit,00016245_000.png,16245,0.0,cardiomegaly_1,-5.007471,0.006643365,0.8848503
edit,00016498_001.png,16498,0.0,cardiomegaly_1,-4.3651485,0.012553181,0.7867872
edit,00016509_001.png,16509,0.0,cardiomegaly_1,-3.1796093,0.039940316,0.36503625
edit,00016512_001.png,16512,0.0,cardiomegaly_1,-4.0001526,0.017983515,0.6384309
edit,00016724_002.png,16724,0.0,cardiomegaly_1,-3.3104935,0.035212953,0.621121
edit,00016865_000.png,16865,0.0,cardiomegaly_1,-4.176441,0.015120898,0.7402599
edit,00016907_000.png,16907,0.0,cardiomegaly_1,-4.3938446,0.012202406,0.7488077
edit,00017381_000.png,17381,0.0,cardiomegaly_1,-4.379202,0.01238017,0.73554647
edit,00018008_000.png,18008,0.0,cardiomegaly_1,-3.8612595,0.020607863,0.59203804
edit,00018011_000.png,18011,0.0,cardiomegaly_1,-3.0666656,0.0445034,0.36863187
edit,00018488_002.png,18488,0.0,cardiomegaly_1,-3.992962,0.018110944,0.68683386
edit,00018616_000.png,18616,0.0,cardiomegaly_1,-2.3475761,0.08725863,0.32088378
edit,00019435_003.png,19435,0.0,cardiomegaly_1,-4.88039,0.007536815,0.8679961
edit,00019535_002.png,19535,0.0,cardiomegaly_1,-3.9485283,0.018918257,0.58948195
edit,00019544_000.png,19544,0.0,cardiomegaly_1,-3.973507,0.018460175,0.69555336
edit,00019911_001.png,19911,0.0,cardiomegaly_1,-4.123844,0.015924495,0.6554143
edit,00020318_024.png,20318,0.0,cardiomegaly_1,-3.4202538,0.031668447,0.56550646
edit,00020341_000.png,20341,0.0,cardiomegaly_1,-4.0413914,0.017269528,0.6550174
edit,00020642_006.png,20642,0.0,cardiomegaly_1,-4.1068764,0.01619259,0.7353024
edit,00020674_000.png,20674,0.0,cardiomegaly_1,-4.0109177,0.017794386,0.6945562
edit,00020716_002.png,20716,0.0,cardiomegaly_1,-2.3555813,0.08662316,0.2878109
edit,00020802_000.png,20802,0.0,cardiomegaly_1,-4.335556,0.012925339,0.7356849
edit,00021023_024.png,21023,0.0,cardiomegaly_1,-4.2095356,0.014635873,0.6578513
edit,00021569_000.png,21569,0.0,cardiomegaly_1,-4.1513844,0.01549862,0.7494343
edit,00022341_000.png,22341,0.0,cardiomegaly_1,-4.1809177,0.015054377,0.7366893
edit,00022582_001.png,22582,0.0,cardiomegaly_1,-3.7629433,0.022688588,0.65617985
edit,00022712_000.png,22712,0.0,cardiomegaly_1,-4.2446156,0.014138483,0.812444
edit,00023621_000.png,23621,0.0,cardiomegaly_1,-4.029108,0.017479232,0.7312974
edit,00023776_000.png,23776,0.0,cardiomegaly_1,-4.1331596,0.01577917,0.7283781
edit,00024192_000.png,24192,0.0,cardiomegaly_1,-3.8656902,0.020518625,0.65318245
edit,00024326_000.png,24326,0.0,cardiomegaly_1,-5.0654182,0.0062716883,0.90017706
edit,00024474_000.png,24474,0.0,cardiomegaly_1,-4.089916,0.016465,0.77534944
edit,00024583_000.png,24583,0.0,cardiomegaly_1,-4.4500046,0.0115437005,0.8398532
edit,00025054_000.png,25054,0.0,cardiomegaly_1,-3.96813,0.018557852,0.6594876
edit,00026354_001.png,26354,0.0,cardiomegaly_1,-2.4390564,0.08024252,0.30105692
edit,00026807_000.png,26807,0.0,cardiomegaly_1,-4.5319576,0.010645056,0.819932
edit,00027305_000.png,27305,0.0,cardiomegaly_1,-3.8483963,0.020869087,0.6483974
edit,00028027_005.png,28027,0.0,cardiomegaly_1,-2.9611835,0.0492106,0.37790975
edit,00028053_000.png,28053,0.0,cardiomegaly_1,-4.691534,0.009089232,0.8426078
edit,00028457_000.png,28457,0.0,cardiomegaly_1,-2.529852,0.073791765,0.2844668
edit,00028962_000.png,28962,0.0,cardiomegaly_1,-4.0866585,0.01651784,0.68177307
edit,00029393_000.png,29393,0.0,cardiomegaly_1,-2.3493347,0.08711866,0.19942252
edit,00029569_000.png,29569,0.0,cardiomegaly_1,-2.1569366,0.10368479,0.31092712
edit,00029648_000.png,29648,0.0,cardiomegaly_1,-4.2538376,0.014010515,0.71976966
edit,00030332_000.png,30332,0.0,cardiomegaly_1,-4.1818714,0.015040241,0.7269308
edit,00030805_000.png,30805,0.0,cardiomegaly_1,-4.1359177,0.015736394,0.7556371
edit,00001059_006.png,1059,0.06,cardiomegaly_1,-3.37286,0.03315451,0.46666604
edit,00001174_000.png,1174,0.06,cardiomegaly_1,-3.6593018,0.025104046,0.64017594
edit,00001470_001.png,1470,0.06,cardiomegaly_1,-1.491085,0.18375891,0.16325657
edit,00001606_004.png,1606,0.06,cardiomegaly_1,-1.2836552,0.21692869,0.20712964
edit,00002139_000.png,2139,0.06,cardiomegaly_1,-3.9615765,0.018677594,0.6645123
edit,00002355_005.png,2355,0.06,cardiomegaly_1,1.7344856,0.84998524,0.45020005
edit,00002492_010.png,2492,0.06,cardiomegaly_1,-4.212599,0.014591763,0.7054868
edit,00002566_000.png,2566,0.06,cardiomegaly_1,-1.462368,0.1881054,0.19485363
edit,00003064_010.png,3064,0.06,cardiomegaly_1,-3.8238811,0.02137595,0.5650647
edit,00003804_012.png,3804,0.06,cardiomegaly_1,-3.639265,0.025599113,0.54006773
edit,00003917_000.png,3917,0.06,cardiomegaly_1,-2.5303936,0.07375476,0.22771841
edit,00004057_000.png,4057,0.06,cardiomegaly_1,-4.251051,0.014049062,0.61888826
edit,00005623_000.png,5623,0.06,cardiomegaly_1,-4.0973434,0.016345156,0.6834498
edit,00006012_000.png,6012,0.06,cardiomegaly_1,-3.2763557,0.03639129,0.56903887
edit,00006791_002.png,6791,0.06,cardiomegaly_1,-1.9815273,0.121156126,0.24377377
edit,00006921_000.png,6921,0.06,cardiomegaly_1,-3.9948997,0.018076515,0.593083
edit,00006981_017.png,6981,0.06,cardiomegaly_1,-3.990055,0.018162709,0.6420765
edit,00007082_000.png,7082,0.06,cardiomegaly_1,-1.2019482,0.23112883,0.17740141
edit,00007159_000.png,7159,0.06,cardiomegaly_1,-1.5105209,0.1808616,0.17852339
edit,00007340_004.png,7340,0.06,cardiomegaly_1,-3.0865593,0.04366509,0.5475588
edit,00007589_000.png,7589,0.06,cardiomegaly_1,-4.840904,0.0078379875,0.87912387
edit,00007931_000.png,7931,0.06,cardiomegaly_1,-1.6061916,0.16711803,0.23036575
edit,00008142_005.png,8142,0.06,cardiomegaly_1,-4.481573,0.011188988,0.83902365
edit,00008147_000.png,8147,0.06,cardiomegaly_1,-4.6495876,0.009474913,0.8428506
edit,00008184_003.png,8184,0.06,cardiomegaly_1,-2.9769154,0.048479725,0.503992
edit,00008359_000.png,8359,0.06,cardiomegaly_1,-2.1208801,0.10708389,0.39800486
edit,00008386_001.png,8386,0.06,cardiomegaly_1,-4.433098,0.011738216,0.77472925
edit,00008802_008.png,8802,0.06,cardiomegaly_1,-3.731699,0.023391824,0.63826454
edit,00009090_001.png,9090,0.06,cardiomegaly_1,6.4543324,0.99842876,0.98748887
edit,00009105_003.png,9105,0.06,cardiomegaly_1,-3.2582588,0.03703125,0.51041275
edit,00009306_000.png,9306,0.06,cardiomegaly_1,-4.386444,0.012291932,0.7736007
edit,00009335_000.png,9335,0.06,cardiomegaly_1,-2.4505005,0.079401955,0.32630113
edit,00009409_002.png,9409,0.06,cardiomegaly_1,-3.7168083,0.02373442,0.6688501
edit,00009761_000.png,9761,0.06,cardiomegaly_1,2.9068146,0.9481822,0.54446644
edit,00010465_001.png,10465,0.06,cardiomegaly_1,-2.9169483,0.051322076,0.3559542
edit,00010892_000.png,10892,0.06,cardiomegaly_1,-3.6480007,0.025382115,0.62654847
edit,00010931_003.png,10931,0.06,cardiomegaly_1,-3.477766,0.029951517,0.58520484
edit,00010964_000.png,10964,0.06,cardiomegaly_1,-2.9242687,0.050966825,0.51372135
edit,00011611_000.png,11611,0.06,cardiomegaly_1,-4.0162888,0.017700754,0.67064965
edit,00012129_000.png,12129,0.06,cardiomegaly_1,-4.20837,0.01465269,0.7423305
edit,00012400_000.png,12400,0.06,cardiomegaly_1,-3.5228481,0.028669078,0.5264525
edit,00012772_003.png,12772,0.06,cardiomegaly_1,-4.1858025,0.014982117,0.692997
edit,00012902_001.png,12902,0.06,cardiomegaly_1,-3.8024807,0.021828242,0.66999763
edit,00013441_000.png,13441,0.06,cardiomegaly_1,-3.1313744,0.041831486,0.45934263
edit,00013678_003.png,13678,0.06,cardiomegaly_1,-2.0457,0.11448759,0.17945056
edit,00013759_000.png,13759,0.06,cardiomegaly_1,-4.6033688,0.0099186655,0.8462425
edit,00014281_000.png,14281,0.06,cardiomegaly_1,-4.14299,0.015627224,0.6473931
edit,00014295_001.png,14295,0.06,cardiomegaly_1,-4.616453,0.009790992,0.80592257
edit,00014387_006.png,14387,0.06,cardiomegaly_1,-1.5476112,0.17543156,0.16151516
edit,00014838_000.png,14838,0.06,cardiomegaly_1,-1.1739044,0.23614997,0.20604156
edit,00014954_000.png,14954,0.06,cardiomegaly_1,-4.2003365,0.014769134,0.7661732
edit,00015056_005.png,15056,0.06,cardiomegaly_1,2.268715,0.9062526,0.5055437
edit,00015087_011.png,15087,0.06,cardiomegaly_1,-2.3065662,0.090580605,0.3133879
edit,00016191_019.png,16191,0.06,cardiomegaly_1,-3.8812294,0.02020864,0.5916409
edit,00016245_000.png,16245,0.06,cardiomegaly_1,-4.9507008,0.0070286947,0.87037355
edit,00016498_001.png,16498,0.06,cardiomegaly_1,-4.1686573,0.015237256,0.7425758
edit,00016509_001.png,16509,0.06,cardiomegaly_1,0.08946037,0.5223502,0.120837756
edit,00016512_001.png,16512,0.06,cardiomegaly_1,-3.4923038,0.029532004,0.5507264
edit,00016724_002.png,16724,0.06,cardiomegaly_1,-2.4024029,0.082989655,0.36596513
edit,00016865_000.png,16865,0.06,cardiomegaly_1,-3.130148,0.041880667,0.5865252
edit,00016907_000.png,16907,0.06,cardiomegaly_1,-4.450115,0.011542438,0.75239277
edit,00017381_000.png,17381,0.06,cardiomegaly_1,-4.2589474,0.0139401015,0.7091976
edit,00018008_000.png,18008,0.06,cardiomegaly_1,-3.7553482,0.022857614,0.56691116
edit,00018011_000.png,18011,0.06,cardiomegaly_1,-1.80336,0.14144254,0.20200285
edit,00018488_002.png,18488,0.06,cardiomegaly_1,-3.8552494,0.020729514,0.6600806
edit,00018616_000.png,18616,0.06,cardiomegaly_1,-1.833868,0.13777813,0.2658408
edit,00019435_003.png,19435,0.06,cardiomegaly_1,-4.9417706,0.007091296,0.8682494
edit,00019535_002.png,19535,0.06,cardiomegaly_1,-4.0200195,0.017636001,0.60520756
edit,00019544_000.png,19544,0.06,cardiomegaly_1,-3.3799706,0.03292733,0.6169308
edit,00019911_001.png,19911,0.06,cardiomegaly_1,-4.0319233,0.01743095,0.63269347
edit,00020318_024.png,20318,0.06,cardiomegaly_1,-3.4679775,0.030237231,0.5981774
edit,00020341_000.png,20341,0.06,cardiomegaly_1,-3.9647923,0.018618744,0.5993906
edit,00020642_006.png,20642,0.06,cardiomegaly_1,-3.6874847,0.024423456,0.6434796
edit,00020674_000.png,20674,0.06,cardiomegaly_1,-3.9620113,0.018669624,0.6681995
edit,00020716_002.png,20716,0.06,cardiomegaly_1,-1.0472164,0.25976,0.11218946
edit,00020802_000.png,20802,0.06,cardiomegaly_1,-4.287693,0.013550442,0.73929656
edit,00021023_024.png,21023,0.06,cardiomegaly_1,-4.1517296,0.015493353,0.65105706
edit,00021569_000.png,21569,0.06,cardiomegaly_1,-3.9874496,0.01820923,0.7255275
edit,00022341_000.png,22341,0.06,cardiomegaly_1,-3.9959488,0.018057905,0.6871391
edit,00022582_001.png,22582,0.06,cardiomegaly_1,-3.3606052,0.033549596,0.5659996
edit,00022712_000.png,22712,0.06,cardiomegaly_1,-4.219393,0.014494395,0.7713352
edit,00023621_000.png,23621,0.06,cardiomegaly_1,-3.5384674,0.028237313,0.59684587
edit,00023776_000.png,23776,0.06,cardiomegaly_1,-4.124712,0.015910901,0.72269195
edit,00024192_000.png,24192,0.06,cardiomegaly_1,-3.419878,0.031679973,0.5863689
edit,00024326_000.png,24326,0.06,cardiomegaly_1,-4.952894,0.007013403,0.8895437
edit,00024474_000.png,24474,0.06,cardiomegaly_1,-4.0251617,0.017547134,0.77508533
edit,00024583_000.png,24583,0.06,cardiomegaly_1,-4.5008106,0.010978137,0.83989257
edit,00025054_000.png,25054,0.06,cardiomegaly_1,-3.555828,0.027764816,0.60257494
edit,00026354_001.png,26354,0.06,cardiomegaly_1,-0.9894943,0.27101198,0.12523569
edit,00026807_000.png,26807,0.06,cardiomegaly_1,-4.545288,0.010505575,0.82040215
edit,00027305_000.png,27305,0.06,cardiomegaly_1,-3.840847,0.021023907,0.64946663
edit,00028027_005.png,28027,0.06,cardiomegaly_1,-2.6187782,0.06793962,0.32662994
edit,00028053_000.png,28053,0.06,cardiomegaly_1,-4.769787,0.008410846,0.86968046
edit,00028457_000.png,28457,0.06,cardiomegaly_1,1.6565704,0.83977705,0.36450326
edit,00028962_000.png,28962,0.06,cardiomegaly_1,-3.9796066,0.018349975,0.6548197
edit,00029393_000.png,29393,0.06,cardiomegaly_1,-0.5206623,0.37269735,0.10158395
edit,00029569_000.png,29569,0.06,cardiomegaly_1,-0.45833588,0.38738066,0.13592966
edit,00029648_000.png,29648,0.06,cardiomegaly_1,-3.5063877,0.029131025,0.59072995
edit,00030332_000.png,30332,0.06,cardiomegaly_1,-4.0838375,0.016563728,0.70702887
edit,00030805_000.png,30805,0.06,cardiomegaly_1,-3.3848286,0.032772988,0.5354128
edit,00001059_006.png,1059,0.12,cardiomegaly_1,-2.7117615,0.062282894,0.3067355
edit,00001174_000.png,1174,0.12,cardiomegaly_1,-2.5599728,0.07175936,0.4045837
edit,00001470_001.png,1470,0.12,cardiomegaly_1,-1.4239712,0.19403979,0.16760173
edit,00001606_004.png,1606,0.12,cardiomegaly_1,4.9266014,0.9928011,0.9129935
edit,00002139_000.png,2139,0.12,cardiomegaly_1,-2.912756,0.05152658,0.47182503
edit,00002355_005.png,2355,0.12,cardiomegaly_1,5.3135643,0.99509984,0.9549282
edit,00002492_010.png,2492,0.12,cardiomegaly_1,-3.3973522,0.03237832,0.5720808
edit,00002566_000.png,2566,0.12,cardiomegaly_1,5.7496243,0.9968262,0.96427965
edit,00003064_010.png,3064,0.12,cardiomegaly_1,-2.4635391,0.07845408,0.265419
edit,00003804_012.png,3804,0.12,cardiomegaly_1,-3.3767796,0.033029094,0.47885752
edit,00003917_000.png,3917,0.12,cardiomegaly_1,-1.9158478,0.1283253,0.15260628
edit,00004057_000.png,4057,0.12,cardiomegaly_1,-4.062546,0.016914152,0.5852885
edit,00005623_000.png,5623,0.12,cardiomegaly_1,-4.08692,0.016513597,0.6523811
edit,00006012_000.png,6012,0.12,cardiomegaly_1,-2.146305,0.104677,0.29904783
edit,00006791_002.png,6791,0.12,cardiomegaly_1,3.5727863,0.97268933,0.7609314
edit,00006921_000.png,6921,0.12,cardiomegaly_1,-3.9557457,0.018784765,0.59970176
edit,00006981_017.png,6981,0.12,cardiomegaly_1,-3.9472961,0.018941142,0.61973697
edit,00007082_000.png,7082,0.12,cardiomegaly_1,3.100523,0.95691425,0.6058136
edit,00007159_000.png,7159,0.12,cardiomegaly_1,4.269991,0.9862109,0.839333
edit,00007340_004.png,7340,0.12,cardiomegaly_1,-2.5706444,0.07105176,0.41380054
edit,00007589_000.png,7589,0.12,cardiomegaly_1,-4.5805855,0.010144919,0.83959115
edit,00007931_000.png,7931,0.12,cardiomegaly_1,0.64694405,0.6563215,0.21110523
edit,00008142_005.png,8142,0.12,cardiomegaly_1,-4.467535,0.0113453735,0.8258265
edit,00008147_000.png,8147,0.12,cardiomegaly_1,-4.514326,0.010832357,0.8260688
edit,00008184_003.png,8184,0.12,cardiomegaly_1,-2.493576,0.07630975,0.41165638
edit,00008359_000.png,8359,0.12,cardiomegaly_1,2.2535877,0.9049596,0.4911588
edit,00008386_001.png,8386,0.12,cardiomegaly_1,-3.9996338,0.01799268,0.7332933
edit,00008802_008.png,8802,0.12,cardiomegaly_1,-3.0062485,0.047144387,0.4666414
edit,00009090_001.png,9090,0.12,cardiomegaly_1,7.4910755,0.9994423,0.9926117
edit,00009105_003.png,9105,0.12,cardiomegaly_1,-1.857338,0.13501363,0.31422323
edit,00009306_000.png,9306,0.12,cardiomegaly_1,-3.876068,0.02031109,0.69885415
edit,00009335_000.png,9335,0.12,cardiomegaly_1,2.7106571,0.9376525,0.50628495
edit,00009409_002.png,9409,0.12,cardiomegaly_1,-2.6670418,0.06494638,0.41585803
edit,00009761_000.png,9761,0.12,cardiomegaly_1,5.6374435,0.99645066,0.9478064
edit,00010465_001.png,10465,0.12,cardiomegaly_1,-1.7024231,0.15414906,0.14154887
edit,00010892_000.png,10892,0.12,cardiomegaly_1,-3.4475613,0.030841667,0.53373694
edit,00010931_003.png,10931,0.12,cardiomegaly_1,-2.3152142,0.089870736,0.27970806
edit,00010964_000.png,10964,0.12,cardiomegaly_1,-0.73592186,0.32389656,0.16863811
edit,00011611_000.png,11611,0.12,cardiomegaly_1,-3.5597134,0.027660131,0.5481518
edit,00012129_000.png,12129,0.12,cardiomegaly_1,-3.5136166,0.028927272,0.628903
edit,00012400_000.png,12400,0.12,cardiomegaly_1,1.1585007,0.7610602,0.2189998
edit,00012772_003.png,12772,0.12,cardiomegaly_1,-4.011175,0.017789887,0.6382363
edit,00012902_001.png,12902,0.12,cardiomegaly_1,-2.6292896,0.067277014,0.33894122
edit,00013441_000.png,13441,0.12,cardiomegaly_1,-2.1378498,0.10547208,0.28227642
edit,00013678_003.png,13678,0.12,cardiomegaly_1,1.3229656,0.78967464,0.34328845
edit,00013759_000.png,13759,0.12,cardiomegaly_1,-4.569748,0.01025433,0.81392735
edit,00014281_000.png,14281,0.12,cardiomegaly_1,-3.941311,0.019052682,0.6239139
edit,00014295_001.png,14295,0.12,cardiomegaly_1,-4.4552555,0.0114839375,0.78166544
edit,00014387_006.png,14387,0.12,cardiomegaly_1,-1.517149,0.17988172,0.18032463
edit,00014838_000.png,14838,0.12,cardiomegaly_1,2.7436123,0.9395516,0.57993966
edit,00014954_000.png,14954,0.12,cardiomegaly_1,-4.0364513,0.017353566,0.713961
edit,00015056_005.png,15056,0.12,cardiomegaly_1,5.6706314,0.9965661,0.9659019
edit,00015087_011.png,15087,0.12,cardiomegaly_1,2.4337482,0.9193648,0.55679494
edit,00016191_019.png,16191,0.12,cardiomegaly_1,-3.1162357,0.04244249,0.46610072
edit,00016245_000.png,16245,0.12,cardiomegaly_1,-4.843935,0.007814454,0.85608244
edit,00016498_001.png,16498,0.12,cardiomegaly_1,-3.750517,0.02296577,0.66285104
edit,00016509_001.png,16509,0.12,cardiomegaly_1,3.6505642,0.97468126,0.6918687
edit,00016512_001.png,16512,0.12,cardiomegaly_1,-2.5378056,0.07325,0.27083367
edit,00016724_002.png,16724,0.12,cardiomegaly_1,-0.5427666,0.36754426,0.14299838
edit,00016865_000.png,16865,0.12,cardiomegaly_1,-1.63904,0.16259572,0.26388788
edit,00016907_000.png,16907,0.12,cardiomegaly_1,-4.4814854,0.011189959,0.74852735
edit,00017381_000.png,17381,0.12,cardiomegaly_1,-3.7304192,0.023421079,0.60345316
edit,00018008_000.png,18008,0.12,cardiomegaly_1,-3.699047,0.024149468,0.54395336
edit,00018011_000.png,18011,0.12,cardiomegaly_1,3.0014706,0.9526406,0.43930307
edit,00018488_002.png,18488,0.12,cardiomegaly_1,-3.599434,0.026611654,0.6149914
edit,00018616_000.png,18616,0.12,cardiomegaly_1,1.9952965,0.88030237,0.42538008
edit,00019435_003.png,19435,0.12,cardiomegaly_1,-4.893051,0.007442699,0.86766535
edit,00019535_002.png,19535,0.12,cardiomegaly_1,-3.608429,0.02637964,0.48519602
edit,00019544_000.png,19544,0.12,cardiomegaly_1,-1.6292515,0.16393293,0.22805478
edit,00019911_001.png,19911,0.12,cardiomegaly_1,-3.2370415,0.03779534,0.47103578
edit,00020318_024.png,20318,0.12,cardiomegaly_1,-3.095581,0.043289904,0.47524384
edit,00020341_000.png,20341,0.12,cardiomegaly_1,-3.824215,0.021368967,0.5690502
edit,00020642_006.png,20642,0.12,cardiomegaly_1,-3.0757847,0.044117235,0.5097325
edit,00020674_000.png,20674,0.12,cardiomegaly_1,-3.697239,0.024192115,0.637451
edit,00020716_002.png,20716,0.12,cardiomegaly_1,2.769331,0.9409958,0.49067825
edit,00020802_000.png,20802,0.12,cardiomegaly_1,-4.2638264,0.013873194,0.73427933
edit,00021023_024.png,21023,0.12,cardiomegaly_1,-3.9795952,0.018350182,0.5651552
edit,00021569_000.png,21569,0.12,cardiomegaly_1,-3.6253757,0.025947861,0.62186676
edit,00022341_000.png,22341,0.12,cardiomegaly_1,-3.285347,0.03607731,0.42303532
edit,00022582_001.png,22582,0.12,cardiomegaly_1,-1.7280979,0.15083103,0.25529984
edit,00022712_000.png,22712,0.12,cardiomegaly_1,-3.7888832,0.022120466,0.70128256
edit,00023621_000.png,23621,0.12,cardiomegaly_1,1.0865898,0.747739,0.22709425
edit,00023776_000.png,23776,0.12,cardiomegaly_1,-3.871582,0.020400548,0.6712218
edit,00024192_000.png,24192,0.12,cardiomegaly_1,-2.6124897,0.068338916,0.44286406
edit,00024326_000.png,24326,0.12,cardiomegaly_1,-5.005518,0.0066562667,0.89993006
edit,00024474_000.png,24474,0.12,cardiomegaly_1,-3.837799,0.021086732,0.7056392
edit,00024583_000.png,24583,0.12,cardiomegaly_1,-4.462345,0.011403734,0.82277876
edit,00025054_000.png,25054,0.12,cardiomegaly_1,-2.8809814,0.05310177,0.36504936
edit,00026354_001.png,26354,0.12,cardiomegaly_1,5.0331135,0.9935237,0.89797705
edit,00026807_000.png,26807,0.12,cardiomegaly_1,-4.478098,0.0112275025,0.80421925
edit,00027305_000.png,27305,0.12,cardiomegaly_1,-3.6587486,0.025117585,0.6210291
edit,00028027_005.png,28027,0.12,cardiomegaly_1,-2.5253544,0.07409974,0.27301925
edit,00028053_000.png,28053,0.12,cardiomegaly_1,-4.5240955,0.010728177,0.81904113
edit,00028457_000.png,28457,0.12,cardiomegaly_1,5.7885056,0.99694675,0.9673977
edit,00028962_000.png,28962,0.12,cardiomegaly_1,-3.4948292,0.029459715,0.5730126
edit,00029393_000.png,29393,0.12,cardiomegaly_1,2.6963425,0.9368105,0.42398825
edit,00029569_000.png,29569,0.12,cardiomegaly_1,4.5674057,0.98972183,0.86322856
edit,00029648_000.png,29648,0.12,cardiomegaly_1,-1.9538746,0.1241315,0.27037466
edit,00030332_000.png,30332,0.12,cardiomegaly_1,-3.480463,0.02987326,0.5689085
edit,00030805_000.png,30805,0.12,cardiomegaly_1,-1.7281666,0.15082224,0.16830997
edit,00001059_006.png,1059,0.18,cardiomegaly_1,-2.1338825,0.10584697,0.21943074
edit,00001174_000.png,1174,0.18,cardiomegaly_1,-1.5803738,0.17074254,0.26296166
edit,00001470_001.png,1470,0.18,cardiomegaly_1,-0.6814575,0.33593607,0.14784585
edit,00001606_004.png,1606,0.18,cardiomegaly_1,6.1656933,0.9979042,0.9641501
edit,00002139_000.png,2139,0.18,cardiomegaly_1,1.0638981,0.7434348,0.2514591
edit,00002355_005.png,2355,0.18,cardiomegaly_1,6.694021,0.9987632,0.97959185
edit,00002492_010.png,2492,0.18,cardiomegaly_1,-2.1546707,0.10389557,0.35025206
edit,00002566_000.png,2566,0.18,cardiomegaly_1,6.5891247,0.9986267,0.9838627
edit,00003064_010.png,3064,0.18,cardiomegaly_1,0.30626488,0.5759733,0.17983603
edit,00003804_012.png,3804,0.18,cardiomegaly_1,-2.4015179,0.08305702,0.28612605
edit,00003917_000.png,3917,0.18,cardiomegaly_1,1.4694061,0.81296706,0.20679711
edit,00004057_000.png,4057,0.18,cardiomegaly_1,-3.9423065,0.019034084,0.5919126
edit,00005623_000.png,5623,0.18,cardiomegaly_1,-3.8279438,0.021291127,0.5762393
edit,00006012_000.png,6012,0.18,cardiomegaly_1,-0.7330437,0.32452717,0.17731498
edit,00006791_002.png,6791,0.18,cardiomegaly_1,6.347042,0.99825114,0.98187816
edit,00006921_000.png,6921,0.18,cardiomegaly_1,-3.7127209,0.023829315,0.54616165
edit,00006981_017.png,6981,0.18,cardiomegaly_1,-3.5682678,0.027430983,0.5592249
edit,00007082_000.png,7082,0.18,cardiomegaly_1,6.223667,0.99802196,0.97229266
edit,00007159_000.png,7159,0.18,cardiomegaly_1,6.63501,0.99868816,0.98194396
edit,00007340_004.png,7340,0.18,cardiomegaly_1,-0.71113586,0.3293479,0.21154489
edit,00007589_000.png,7589,0.18,cardiomegaly_1,-3.2885838,0.035964917,0.61951816
edit,00007931_000.png,7931,0.18,cardiomegaly_1,5.5385704,0.99608326,0.9593975
edit,00008142_005.png,8142,0.18,cardiomegaly_1,-4.3730984,0.012455018,0.8098144
edit,00008147_000.png,8147,0.18,cardiomegaly_1,-4.136835,0.015722191,0.74463034
edit,00008184_003.png,8184,0.18,cardiomegaly_1,1.6495876,0.8388353,0.39088568
edit,00008359_000.png,8359,0.18,cardiomegaly_1,5.1790314,0.99439806,0.9386993
edit,00008386_001.png,8386,0.18,cardiomegaly_1,-3.5027657,0.029233642,0.6319886
edit,00008802_008.png,8802,0.18,cardiomegaly_1,1.2022018,0.76891625,0.20429125
edit,00009090_001.png,9090,0.18,cardiomegaly_1,7.793331,0.9995877,0.99470943
edit,00009105_003.png,9105,0.18,cardiomegaly_1,0.4905548,0.6202371,0.21759482
edit,00009306_000.png,9306,0.18,cardiomegaly_1,-1.8794785,0.13244879,0.29548317
edit,00009335_000.png,9335,0.18,cardiomegaly_1,5.8190613,0.9970385,0.95771736
edit,00009409_002.png,9409,0.18,cardiomegaly_1,-1.2140465,0.22898585,0.14645836
edit,00009761_000.png,9761,0.18,cardiomegaly_1,6.2531147,0.9980793,0.97386724
edit,00010465_001.png,10465,0.18,cardiomegaly_1,4.2486324,0.9859174,0.79051965
edit,00010892_000.png,10892,0.18,cardiomegaly_1,-2.6304379,0.067205,0.33185285
edit,00010931_003.png,10931,0.18,cardiomegaly_1,2.5181637,0.9254054,0.45017764
edit,00010964_000.png,10964,0.18,cardiomegaly_1,5.2905083,0.99498606,0.949996
edit,00011611_000.png,11611,0.18,cardiomegaly_1,-2.812975,0.056627043,0.3706842
edit,00012129_000.png,12129,0.18,cardiomegaly_1,-0.981596,0.27257523,0.15763436
edit,00012400_000.png,12400,0.18,cardiomegaly_1,5.480358,0.9958495,0.92111766
edit,00012772_003.png,12772,0.18,cardiomegaly_1,-3.7756844,0.02240778,0.6167999
edit,00012902_001.png,12902,0.18,cardiomegaly_1,-1.3683529,0.20288609,0.19447535
edit,00013441_000.png,13441,0.18,cardiomegaly_1,4.327078,0.986966,0.7971612
edit,00013678_003.png,13678,0.18,cardiomegaly_1,5.8075733,0.99700433,0.94849616
edit,00013759_000.png,13759,0.18,cardiomegaly_1,-4.405899,0.01205796,0.8160527
edit,00014281_000.png,14281,0.18,cardiomegaly_1,-3.1239204,0.04213127,0.4560769
edit,00014295_001.png,14295,0.18,cardiomegaly_1,-4.36108,0.01260371,0.76401055
edit,00014387_006.png,14387,0.18,cardiomegaly_1,0.37101173,0.5917034,0.1991742
edit,00014838_000.png,14838,0.18,cardiomegaly_1,5.346176,0.99525625,0.94413275
edit,00014954_000.png,14954,0.18,cardiomegaly_1,-3.8852634,0.02012892,0.65715724
edit,00015056_005.png,15056,0.18,cardiomegaly_1,6.9953384,0.9990847,0.988984
edit,00015087_011.png,15087,0.18,cardiomegaly_1,4.391241,0.98776615,0.86964065
edit,00016191_019.png,16191,0.18,cardiomegaly_1,-1.6685658,0.1586155,0.2483567
edit,00016245_000.png,16245,0.18,cardiomegaly_1,-4.522934,0.010740511,0.82782537
edit,00016498_001.png,16498,0.18,cardiomegaly_1,-3.0641823,0.044609122,0.5199666
edit,00016509_001.png,16509,0.18,cardiomegaly_1,7.0302544,0.9991161,0.9836464
edit,00016512_001.png,16512,0.18,cardiomegaly_1,0.02258873,0.50564694,0.10945363
edit,00016724_002.png,16724,0.18,cardiomegaly_1,2.91609,0.9486361,0.64142555
edit,00016865_000.png,16865,0.18,cardiomegaly_1,3.658329,0.9748721,0.77900803
edit,00016907_000.png,16907,0.18,cardiomegaly_1,-4.4124146,0.011980589,0.7491507
edit,00017381_000.png,17381,0.18,cardiomegaly_1,-1.5984516,0.16819814,0.15690327
edit,00018008_000.png,18008,0.18,cardiomegaly_1,-3.568407,0.02742727,0.50324935
edit,00018011_000.png,18011,0.18,cardiomegaly_1,5.548113,0.99612033,0.89883554
edit,00018488_002.png,18488,0.18,cardiomegaly_1,-3.4433937,0.030966487,0.61659896
edit,00018616_000.png,18616,0.18,cardiomegaly_1,4.7064743,0.9910444,0.89753455
edit,00019435_003.png,19435,0.18,cardiomegaly_1,-3.9742012,0.018447598,0.74814177
edit,00019535_002.png,19535,0.18,cardiomegaly_1,-2.5164814,0.07471082,0.20725372
edit,00019544_000.png,19544,0.18,cardiomegaly_1,0.6125908,0.64853156,0.23333539
edit,00019911_001.png,19911,0.18,cardiomegaly_1,-2.8103352,0.05676823,0.3611725
edit,00020318_024.png,20318,0.18,cardiomegaly_1,0.33894348,0.58393383,0.2692161
edit,00020341_000.png,20341,0.18,cardiomegaly_1,-3.7222633,0.023608347,0.54592735
edit,00020642_006.png,20642,0.18,cardiomegaly_1,-0.25315285,0.4370476,0.18021762
edit,00020674_000.png,20674,0.18,cardiomegaly_1,-2.8430958,0.0550393,0.40817982
edit,00020716_002.png,20716,0.18,cardiomegaly_1,6.389,0.9983229,0.9686329
edit,00020802_000.png,20802,0.18,cardiomegaly_1,-4.076969,0.016675984,0.68779343
edit,00021023_024.png,21023,0.18,cardiomegaly_1,-3.6754227,0.024712512,0.4801194
edit,00021569_000.png,21569,0.18,cardiomegaly_1,-1.5410156,0.17638768,0.18173774
edit,00022341_000.png,22341,0.18,cardiomegaly_1,-1.8079395,0.14088733,0.22044832
edit,00022582_001.png,22582,0.18,cardiomegaly_1,1.7207108,0.8482204,0.3890188
edit,00022712_000.png,22712,0.18,cardiomegaly_1,-1.7343292,0.15003465,0.23001608
edit,00023621_000.png,23621,0.18,cardiomegaly_1,5.174162,0.9943709,0.9214898
edit,00023776_000.png,23776,0.18,cardiomegaly_1,-3.1935825,0.03940794,0.52092737
edit,00024192_000.png,24192,0.18,cardiomegaly_1,-0.4961586,0.37844384,0.16158357
edit,00024326_000.png,24326,0.18,cardiomegaly_1,-4.7883034,0.008257813,0.8638829
edit,00024474_000.png,24474,0.18,cardiomegaly_1,-3.5837116,0.02702196,0.6800343
edit,00024583_000.png,24583,0.18,cardiomegaly_1,-4.2853737,0.013581479,0.8050532
edit,00025054_000.png,25054,0.18,cardiomegaly_1,-1.3686485,0.20283829,0.14214723
edit,00026354_001.png,26354,0.18,cardiomegaly_1,6.882412,0.9989754,0.9764076
edit,00026807_000.png,26807,0.18,cardiomegaly_1,-4.4426155,0.011628319,0.8064534
edit,00027305_000.png,27305,0.18,cardiomegaly_1,-2.7939014,0.05765462,0.41894454
edit,00028027_005.png,28027,0.18,cardiomegaly_1,-2.4708328,0.07792837,0.27795503
edit,00028053_000.png,28053,0.18,cardiomegaly_1,-3.9870472,0.018216426,0.7100004
edit,00028457_000.png,28457,0.18,cardiomegaly_1,6.9170055,0.9990102,0.987194
edit,00028962_000.png,28962,0.18,cardiomegaly_1,-1.7263622,0.15105347,0.25898802
edit,00029393_000.png,29393,0.18,cardiomegaly_1,5.528816,0.99604493,0.92211235
edit,00029569_000.png,29569,0.18,cardiomegaly_1,6.6802597,0.99874616,0.97433555
edit,00029648_000.png,29648,0.18,cardiomegaly_1,4.9751377,0.9931398,0.91308254
edit,00030332_000.png,30332,0.18,cardiomegaly_1,-3.0554905,0.044981025,0.46918148
edit,00030805_000.png,30805,0.18,cardiomegaly_1,3.1542835,0.9590772,0.5721329
edit,00001059_006.png,1059,0.24,cardiomegaly_1,4.3757687,0.98757774,0.8925959
edit,00001174_000.png,1174,0.24,cardiomegaly_1,2.049551,0.8859022,0.36368442
edit,00001470_001.png,1470,0.24,cardiomegaly_1,-0.10539055,0.4736767,0.1867208
edit,00001606_004.png,1606,0.24,cardiomegaly_1,7.0084248,0.99909663,0.9777446
edit,00002139_000.png,2139,0.24,cardiomegaly_1,5.3910637,0.99546355,0.92704207
edit,00002355_005.png,2355,0.24,cardiomegaly_1,7.415056,0.99939823,0.98795456
edit,00002492_010.png,2492,0.24,cardiomegaly_1,-0.8177357,0.30624452,0.17294574
edit,00002566_000.png,2566,0.24,cardiomegaly_1,7.003338,0.999092,0.9876974
edit,00003064_010.png,3064,0.24,cardiomegaly_1,4.645399,0.9904857,0.9009172
edit,00003804_012.png,3804,0.24,cardiomegaly_1,-1.6880779,0.15602878,0.19889969
edit,00003917_000.png,3917,0.24,cardiomegaly_1,5.412861,0.9955609,0.9196708
edit,00004057_000.png,4057,0.24,cardiomegaly_1,-3.823433,0.021385327,0.5386393
edit,00005623_000.png,5623,0.24,cardiomegaly_1,-3.6574383,0.02514969,0.54243
edit,00006012_000.png,6012,0.24,cardiomegaly_1,4.1718044,0.98480994,0.84553105
edit,00006791_002.png,6791,0.24,cardiomegaly_1,7.118229,0.9991905,0.989742
edit,00006921_000.png,6921,0.24,cardiomegaly_1,-3.580101,0.027117053,0.5437924
edit,00006981_017.png,6981,0.24,cardiomegaly_1,-3.0066242,0.047127508,0.44766614
edit,00007082_000.png,7082,0.24,cardiomegaly_1,7.4530125,0.99942064,0.991591
edit,00007159_000.png,7159,0.24,cardiomegaly_1,7.278864,0.9993105,0.98890406
edit,00007340_004.png,7340,0.24,cardiomegaly_1,0.6901531,0.66600096,0.28035155
edit,00007589_000.png,7589,0.24,cardiomegaly_1,0.027259827,0.50681454,0.2676388
edit,00007931_000.png,7931,0.24,cardiomegaly_1,6.8085804,0.99889696,0.98867416
edit,00008142_005.png,8142,0.24,cardiomegaly_1,-4.0778294,0.016661884,0.73206985
edit,00008147_000.png,8147,0.24,cardiomegaly_1,-3.7377605,0.023253748,0.72141325
edit,00008184_003.png,8184,0.24,cardiomegaly_1,6.4388905,0.99840444,0.97965044
edit,00008359_000.png,8359,0.24,cardiomegaly_1,6.426401,0.99838436,0.9731159
edit,00008386_001.png,8386,0.24,cardiomegaly_1,1.0952644,0.7493717,0.3361081
edit,00008802_008.png,8802,0.24,cardiomegaly_1,6.486765,0.99847883,0.9742763
edit,00009090_001.png,9090,0.24,cardiomegaly_1,7.9258785,0.9996388,0.994848
edit,00009105_003.png,9105,0.24,cardiomegaly_1,4.1357346,0.98426074,0.77592087
edit,00009306_000.png,9306,0.24,cardiomegaly_1,1.3914547,0.80082434,0.33455908
edit,00009335_000.png,9335,0.24,cardiomegaly_1,6.6978016,0.9987679,0.9778895
edit,00009409_002.png,9409,0.24,cardiomegaly_1,1.7022266,0.8458253,0.30699405
edit,00009761_000.png,9761,0.24,cardiomegaly_1,6.9413033,0.9990339,0.98504055
edit,00010465_001.png,10465,0.24,cardiomegaly_1,6.78018,0.99886525,0.9669891
edit,00010892_000.png,10892,0.24,cardiomegaly_1,-0.42274475,0.39586014,0.13555264
edit,00010931_003.png,10931,0.24,cardiomegaly_1,6.4124928,0.99836177,0.97456264
edit,00010964_000.png,10964,0.24,cardiomegaly_1,7.11948,0.99919146,0.986497
edit,00011611_000.png,11611,0.24,cardiomegaly_1,-0.7910919,0.31193423,0.12657155
edit,00012129_000.png,12129,0.24,cardiomegaly_1,4.8174095,0.99197716,0.9116199
edit,00012400_000.png,12400,0.24,cardiomegaly_1,6.9355526,0.9990283,0.97507143
edit,00012772_003.png,12772,0.24,cardiomegaly_1,-3.2045307,0.03899558,0.4744148
edit,00012902_001.png,12902,0.24,cardiomegaly_1,-0.07358742,0.48161146,0.18369617
edit,00013441_000.png,13441,0.24,cardiomegaly_1,5.617468,0.9963793,0.9300669
edit,00013678_003.png,13678,0.24,cardiomegaly_1,7.0694504,0.99915004,0.9798705
edit,00013759_000.png,13759,0.24,cardiomegaly_1,-3.5646477,0.02752773,0.70978355
edit,00014281_000.png,14281,0.24,cardiomegaly_1,-1.9043293,0.12961927,0.21617824
edit,00014295_001.png,14295,0.24,cardiomegaly_1,-4.3519974,0.012717247,0.7381418
edit,00014387_006.png,14387,0.24,cardiomegaly_1,2.1352177,0.8942793,0.3503252
edit,00014838_000.png,14838,0.24,cardiomegaly_1,7.133295,0.99920255,0.9879111
edit,00014954_000.png,14954,0.24,cardiomegaly_1,-3.1543407,0.04092058,0.4254418
edit,00015056_005.png,15056,0.24,cardiomegaly_1,7.452759,0.9994205,0.9924204
edit,00015087_011.png,15087,0.24,cardiomegaly_1,6.669031,0.99873203,0.98263335
edit,00016191_019.png,16191,0.24,cardiomegaly_1,2.9900208,0.95212126,0.69208294
edit,00016245_000.png,16245,0.24,cardiomegaly_1,-3.4845963,0.029753707,0.6547834
edit,00016498_001.png,16498,0.24,cardiomegaly_1,-2.6626282,0.06521493,0.40394706
edit,00016509_001.png,16509,0.24,cardiomegaly_1,7.2720947,0.99930584,0.9873831
edit,00016512_001.png,16512,0.24,cardiomegaly_1,5.5603905,0.9961675,0.9125046
edit,00016724_002.png,16724,0.24,cardiomegaly_1,5.38484,0.9954353,0.96426284
edit,00016865_000.png,16865,0.24,cardiomegaly_1,5.6755314,0.9965829,0.9495709
edit,00016907_000.png,16907,0.24,cardiomegaly_1,-4.408228,0.012030248,0.7525295
edit,00017381_000.png,17381,0.24,cardiomegaly_1,4.080887,0.9833882,0.76358306
edit,00018008_000.png,18008,0.24,cardiomegaly_1,-3.5959358,0.026702415,0.50754356
edit,00018011_000.png,18011,0.24,cardiomegaly_1,6.6204376,0.9986689,0.9588799
edit,00018488_002.png,18488,0.24,cardiomegaly_1,-3.3536663,0.03377531,0.5607387
edit,00018616_000.png,18616,0.24,cardiomegaly_1,5.270151,0.9948835,0.94053876
edit,00019435_003.png,19435,0.24,cardiomegaly_1,-1.4778233,0.18575643,0.20247845
edit,00019535_002.png,19535,0.24,cardiomegaly_1,1.3041096,0.7865258,0.292867
edit,00019544_000.png,19544,0.24,cardiomegaly_1,4.945986,0.99293834,0.8914621
edit,00019911_001.png,19911,0.24,cardiomegaly_1,1.5172653,0.8201355,0.29221407
edit,00020318_024.png,20318,0.24,cardiomegaly_1,1.0045795,0.73195803,0.33295184
edit,00020341_000.png,20341,0.24,cardiomegaly_1,-1.8516331,0.13568126,0.22776917
edit,00020642_006.png,20642,0.24,cardiomegaly_1,4.715643,0.9911254,0.8818132
edit,00020674_000.png,20674,0.24,cardiomegaly_1,-0.22981071,0.44279885,0.12313771
edit,00020716_002.png,20716,0.24,cardiomegaly_1,7.107649,0.9991818,0.98455435
edit,00020802_000.png,20802,0.24,cardiomegaly_1,-3.2363205,0.037821565,0.58645284
edit,00021023_024.png,21023,0.24,cardiomegaly_1,-3.159855,0.040704716,0.36353195
edit,00021569_000.png,21569,0.24,cardiomegaly_1,0.71400833,0.6712863,0.18547052
edit,00022341_000.png,22341,0.24,cardiomegaly_1,1.8007889,0.85824496,0.35181314
edit,00022582_001.png,22582,0.24,cardiomegaly_1,6.260992,0.99809426,0.9614111
edit,00022712_000.png,22712,0.24,cardiomegaly_1,1.2516022,0.7775771,0.29755235
edit,00023621_000.png,23621,0.24,cardiomegaly_1,7.152504,0.99921775,0.98645955
edit,00023776_000.png,23776,0.24,cardiomegaly_1,-1.5067596,0.1814195,0.19486858
edit,00024192_000.png,24192,0.24,cardiomegaly_1,3.672821,0.97522473,0.75906074
edit,00024326_000.png,24326,0.24,cardiomegaly_1,-4.4156647,0.011942177,0.8108501
edit,00024474_000.png,24474,0.24,cardiomegaly_1,-2.4859505,0.07684899,0.42185086
edit,00024583_000.png,24583,0.24,cardiomegaly_1,-3.4101315,0.03198033,0.55971533
edit,00025054_000.png,25054,0.24,cardiomegaly_1,4.499737,0.98901016,0.8925515
edit,00026354_001.png,26354,0.24,cardiomegaly_1,7.641926,0.9995203,0.98714995
edit,00026807_000.png,26807,0.24,cardiomegaly_1,-4.3664856,0.012536618,0.8076017
edit,00027305_000.png,27305,0.24,cardiomegaly_1,-0.38773537,0.40426254,0.18189217
edit,00028027_005.png,28027,0.24,cardiomegaly_1,-1.7117023,0.15294304,0.20156953
edit,00028053_000.png,28053,0.24,cardiomegaly_1,-2.4186134,0.081764296,0.39762422
edit,00028457_000.png,28457,0.24,cardiomegaly_1,7.445566,0.99941635,0.9899843
edit,00028962_000.png,28962,0.24,cardiomegaly_1,3.3590508,0.96639997,0.8619297
edit,00029393_000.png,29393,0.24,cardiomegaly_1,6.063883,0.9976801,0.9564288
edit,00029569_000.png,29569,0.24,cardiomegaly_1,7.284872,0.99931467,0.9845245
edit,00029648_000.png,29648,0.24,cardiomegaly_1,6.8273087,0.99891746,0.9780567
edit,00030332_000.png,30332,0.24,cardiomegaly_1,-1.5739269,0.1716573,0.231927
edit,00030805_000.png,30805,0.24,cardiomegaly_1,6.217449,0.9980096,0.95617443
edit,00001059_006.png,1059,0.3,cardiomegaly_1,5.971485,0.997456,0.9712103
edit,00001174_000.png,1174,0.3,cardiomegaly_1,5.8839684,0.997224,0.96000814
edit,00001470_001.png,1470,0.3,cardiomegaly_1,1.1718159,0.7634731,0.3022486
edit,00001606_004.png,1606,0.3,cardiomegaly_1,7.2612267,0.9992982,0.9842546
edit,00002139_000.png,2139,0.3,cardiomegaly_1,6.1535587,0.9978787,0.9634669
edit,00002355_005.png,2355,0.3,cardiomegaly_1,7.5449104,0.9994715,0.98937243
edit,00002492_010.png,2492,0.3,cardiomegaly_1,-0.49879646,0.37782356,0.19286375
edit,00002566_000.png,2566,0.3,cardiomegaly_1,7.0315075,0.9991172,0.9879012
edit,00003064_010.png,3064,0.3,cardiomegaly_1,7.0013847,0.9990902,0.9828514
edit,00003804_012.png,3804,0.3,cardiomegaly_1,1.1285095,0.75556374,0.22137068
edit,00003917_000.png,3917,0.3,cardiomegaly_1,6.762556,0.9988451,0.9719163
edit,00004057_000.png,4057,0.3,cardiomegaly_1,-3.2431679,0.037573166,0.39672354
edit,00005623_000.png,5623,0.3,cardiomegaly_1,-2.4848118,0.07692981,0.22942764
edit,00006012_000.png,6012,0.3,cardiomegaly_1,5.599909,0.9963154,0.9419737
edit,00006791_002.png,6791,0.3,cardiomegaly_1,7.295933,0.9993222,0.99216783
edit,00006921_000.png,6921,0.3,cardiomegaly_1,-2.372303,0.08530926,0.24401614
edit,00006981_017.png,6981,0.3,cardiomegaly_1,-1.1943569,0.2324806,0.23839521
edit,00007082_000.png,7082,0.3,cardiomegaly_1,7.519224,0.9994578,0.9925241
edit,00007159_000.png,7159,0.3,cardiomegaly_1,7.2761135,0.9993086,0.9889287
edit,00007340_004.png,7340,0.3,cardiomegaly_1,5.660246,0.9965305,0.9564858
edit,00007589_000.png,7589,0.3,cardiomegaly_1,2.6973095,0.93686765,0.69412047
edit,00007931_000.png,7931,0.3,cardiomegaly_1,7.1084824,0.9991825,0.9902434
edit,00008142_005.png,8142,0.3,cardiomegaly_1,-3.5365143,0.028290953,0.62697077
edit,00008147_000.png,8147,0.3,cardiomegaly_1,-2.4257565,0.081229605,0.45454505
edit,00008184_003.png,8184,0.3,cardiomegaly_1,6.9529305,0.9990451,0.98619974
edit,00008359_000.png,8359,0.3,cardiomegaly_1,7.0932617,0.99917006,0.98513156
edit,00008386_001.png,8386,0.3,cardiomegaly_1,5.216694,0.99460405,0.9522676
edit,00008802_008.png,8802,0.3,cardiomegaly_1,7.376343,0.99937457,0.98762715
edit,00009090_001.png,9090,0.3,cardiomegaly_1,8.000151,0.99966466,0.9948738
edit,00009105_003.png,9105,0.3,cardiomegaly_1,6.7413254,0.99882025,0.9642157
edit,00009306_000.png,9306,0.3,cardiomegaly_1,2.9309711,0.9493564,0.68230563
edit,00009335_000.png,9335,0.3,cardiomegaly_1,7.2745247,0.9993075,0.9879933
edit,00009409_002.png,9409,0.3,cardiomegaly_1,5.4570007,0.99575174,0.9308463
edit,00009761_000.png,9761,0.3,cardiomegaly_1,7.303032,0.99932694,0.9883316
edit,00010465_001.png,10465,0.3,cardiomegaly_1,7.361294,0.99936503,0.98364216
edit,00010892_000.png,10892,0.3,cardiomegaly_1,4.8297176,0.9920745,0.92124104
edit,00010931_003.png,10931,0.3,cardiomegaly_1,7.0728645,0.9991529,0.9873993
edit,00010964_000.png,10964,0.3,cardiomegaly_1,7.556919,0.9994778,0.99075735
edit,00011611_000.png,11611,0.3,cardiomegaly_1,3.5098858,0.97096777,0.70202565
edit,00012129_000.png,12129,0.3,cardiomegaly_1,6.946087,0.9990386,0.9823933
edit,00012400_000.png,12400,0.3,cardiomegaly_1,7.4616547,0.99942565,0.9849748
edit,00012772_003.png,12772,0.3,cardiomegaly_1,-1.8662434,0.133977,0.22113742
edit,00012902_001.png,12902,0.3,cardiomegaly_1,4.125885,0.9841075,0.8075519
edit,00013441_000.png,13441,0.3,cardiomegaly_1,6.79014,0.9988764,0.97763103
edit,00013678_003.png,13678,0.3,cardiomegaly_1,7.380518,0.9993772,0.9860351
edit,00013759_000.png,13759,0.3,cardiomegaly_1,-1.1451626,0.24137379,0.23093696
edit,00014281_000.png,14281,0.3,cardiomegaly_1,3.401867,0.9677628,0.6870099
edit,00014295_001.png,14295,0.3,cardiomegaly_1,-3.4283295,0.031421732,0.5558213
edit,00014387_006.png,14387,0.3,cardiomegaly_1,2.8828163,0.94699043,0.5442746
edit,00014838_000.png,14838,0.3,cardiomegaly_1,7.2902374,0.99931836,0.98662466
edit,00014954_000.png,14954,0.3,cardiomegaly_1,-2.24333,0.09592636,0.19168435
edit,00015056_005.png,15056,0.3,cardiomegaly_1,7.597538,0.9994986,0.99402803
edit,00015087_011.png,15087,0.3,cardiomegaly_1,7.2604866,0.99929774,0.9890967
edit,00016191_019.png,16191,0.3,cardiomegaly_1,5.929392,0.9973469,0.97255284
edit,00016245_000.png,16245,0.3,cardiomegaly_1,-1.0868797,0.2522063,0.1938727
edit,00016498_001.png,16498,0.3,cardiomegaly_1,-1.5452938,0.17576703,0.19976124
edit,00016509_001.png,16509,0.3,cardiomegaly_1,7.6073914,0.9995035,0.99053127
edit,00016512_001.png,16512,0.3,cardiomegaly_1,7.049061,0.9991326,0.98023385
edit,00016724_002.png,16724,0.3,cardiomegaly_1,6.268799,0.9981091,0.98581046
edit,00016865_000.png,16865,0.3,cardiomegaly_1,6.1504,0.9978719,0.96775645
edit,00016907_000.png,16907,0.3,cardiomegaly_1,-4.3391285,0.01287984,0.72458094
edit,00017381_000.png,17381,0.3,cardiomegaly_1,7.109823,0.9991836,0.9798775
edit,00018008_000.png,18008,0.3,cardiomegaly_1,-3.280056,0.03626176,0.41865626
edit,00018011_000.png,18011,0.3,cardiomegaly_1,6.9299755,0.99902296,0.96823174
edit,00018488_002.png,18488,0.3,cardiomegaly_1,-3.191393,0.039490912,0.49899444
edit,00018616_000.png,18616,0.3,cardiomegaly_1,6.0199986,0.9975762,0.9708388
edit,00019435_003.png,19435,0.3,cardiomegaly_1,5.1272125,0.99410194,0.91280127
edit,00019535_002.png,19535,0.3,cardiomegaly_1,5.0254993,0.99347454,0.9200041
edit,00019544_000.png,19544,0.3,cardiomegaly_1,5.9099827,0.9972951,0.9556736
edit,00019911_001.png,19911,0.3,cardiomegaly_1,6.1104794,0.99778545,0.9655762
edit,00020318_024.png,20318,0.3,cardiomegaly_1,4.663351,0.99065334,0.9250064
edit,00020341_000.png,20341,0.3,cardiomegaly_1,3.0945244,0.9566663,0.6940083
edit,00020642_006.png,20642,0.3,cardiomegaly_1,6.8231487,0.99891293,0.9810306
edit,00020674_000.png,20674,0.3,cardiomegaly_1,3.3924103,0.96746653,0.68384266
edit,00020716_002.png,20716,0.3,cardiomegaly_1,7.526623,0.9994617,0.9891396
edit,00020802_000.png,20802,0.3,cardiomegaly_1,-2.347536,0.08726182,0.42463592
edit,00021023_024.png,21023,0.3,cardiomegaly_1,0.23544312,0.55859035,0.10234073
edit,00021569_000.png,21569,0.3,cardiomegaly_1,5.963516,0.99743575,0.95072937
edit,00022341_000.png,22341,0.3,cardiomegaly_1,3.9856834,0.9817592,0.73104805
edit,00022582_001.png,22582,0.3,cardiomegaly_1,7.408556,0.9993943,0.98523885
edit,00022712_000.png,22712,0.3,cardiomegaly_1,3.3574219,0.966347,0.7610885
edit,00023621_000.png,23621,0.3,cardiomegaly_1,7.5963364,0.999498,0.99168414
edit,00023776_000.png,23776,0.3,cardiomegaly_1,2.9105434,0.9483652,0.62482435
edit,00024192_000.png,24192,0.3,cardiomegaly_1,6.486347,0.99847823,0.97293204
edit,00024326_000.png,24326,0.3,cardiomegaly_1,-4.099621,0.016308581,0.74892515
edit,00024474_000.png,24474,0.3,cardiomegaly_1,2.1445065,0.8951543,0.4048726
edit,00024583_000.png,24583,0.3,cardiomegaly_1,-2.8595924,0.05418758,0.44115418
edit,00025054_000.png,25054,0.3,cardiomegaly_1,5.947653,0.9973948,0.9606221
edit,00026354_001.png,26354,0.3,cardiomegaly_1,7.9329243,0.9996414,0.9903885
edit,00026807_000.png,26807,0.3,cardiomegaly_1,-4.178152,0.015095438,0.7869401
edit,00027305_000.png,27305,0.3,cardiomegaly_1,5.7016773,0.9966708,0.9650478
edit,00028027_005.png,28027,0.3,cardiomegaly_1,-0.15312576,0.46179318,0.19323377
edit,00028053_000.png,28053,0.3,cardiomegaly_1,3.1341743,0.95828056,0.7079558
edit,00028457_000.png,28457,0.3,cardiomegaly_1,7.8377705,0.9996056,0.9925671
edit,00028962_000.png,28962,0.3,cardiomegaly_1,5.358307,0.99531317,0.96267533
edit,00029393_000.png,29393,0.3,cardiomegaly_1,7.2085056,0.99926025,0.9834434
edit,00029569_000.png,29569,0.3,cardiomegaly_1,7.448141,0.9994178,0.98620856
edit,00029648_000.png,29648,0.3,cardiomegaly_1,7.480749,0.99943644,0.989196
edit,00030332_000.png,30332,0.3,cardiomegaly_1,4.655855,0.9905838,0.8793344
edit,00030805_000.png,30805,0.3,cardiomegaly_1,7.111437,0.9991849,0.98307914
sham,00001059_006.png,1059,0.3,cardiomegaly_1,3.8311577,0.97877574,0.8529491
sham,00001174_000.png,1174,0.3,cardiomegaly_1,-4.0390034,0.017310102,0.69095993
sham,00001470_001.png,1470,0.3,cardiomegaly_1,-2.3690815,0.08556097,0.3051781
sham,00001606_004.png,1606,0.3,cardiomegaly_1,-2.0191498,0.117206916,0.23000456
sham,00002139_000.png,2139,0.3,cardiomegaly_1,-1.0996094,0.2498131,0.17006795
sham,00002355_005.png,2355,0.3,cardiomegaly_1,-2.2496605,0.09537876,0.25792113
sham,00002492_010.png,2492,0.3,cardiomegaly_1,-4.1617413,0.015341379,0.7109184
sham,00002566_000.png,2566,0.3,cardiomegaly_1,-4.0930977,0.01641356,0.72593087
sham,00003064_010.png,3064,0.3,cardiomegaly_1,-3.5879898,0.026909707,0.456406
sham,00003804_012.png,3804,0.3,cardiomegaly_1,-3.900013,0.019840052,0.5598039
sham,00003917_000.png,3917,0.3,cardiomegaly_1,-4.2419186,0.014176124,0.68735236
sham,00004057_000.png,4057,0.3,cardiomegaly_1,-4.2729664,0.013748706,0.69552946
sham,00005623_000.png,5623,0.3,cardiomegaly_1,-4.386982,0.012285402,0.7512351
sham,00006012_000.png,6012,0.3,cardiomegaly_1,-3.8756523,0.020319365,0.7147279
sham,00006791_002.png,6791,0.3,cardiomegaly_1,-3.6746197,0.024731873,0.6146564
sham,00006921_000.png,6921,0.3,cardiomegaly_1,-4.4162884,0.0119348215,0.6725977
sham,00006981_017.png,6981,0.3,cardiomegaly_1,-4.101761,0.016274285,0.6804264
sham,00007082_000.png,7082,0.3,cardiomegaly_1,-2.3983421,0.083299205,0.28274623
sham,00007159_000.png,7159,0.3,cardiomegaly_1,-3.3862953,0.032726526,0.5006525
sham,00007340_004.png,7340,0.3,cardiomegaly_1,-3.801157,0.021856522,0.6940858
sham,00007589_000.png,7589,0.3,cardiomegaly_1,-5.1595364,0.005711553,0.90450615
sham,00007931_000.png,7931,0.3,cardiomegaly_1,-3.8804245,0.020224584,0.7214897
sham,00008142_005.png,8142,0.3,cardiomegaly_1,-4.661484,0.009363914,0.8554102
sham,00008147_000.png,8147,0.3,cardiomegaly_1,-4.5265102,0.010702579,0.81715274
sham,00008184_003.png,8184,0.3,cardiomegaly_1,-4.3683453,0.012513618,0.79944134
sham,00008359_000.png,8359,0.3,cardiomegaly_1,-2.60717,0.06867839,0.54765403
sham,00008386_001.png,8386,0.3,cardiomegaly_1,-4.510494,0.010873493,0.80786186
sham,00008802_008.png,8802,0.3,cardiomegaly_1,-4.019743,0.017640794,0.6992024
sham,00009090_001.png,9090,0.3,cardiomegaly_1,-2.6090221,0.06856002,0.42308503
sham,00009105_003.png,9105,0.3,cardiomegaly_1,-3.845148,0.020935565,0.58912516
sham,00009306_000.png,9306,0.3,cardiomegaly_1,-4.762924,0.008468274,0.8386348
sham,00009335_000.png,9335,0.3,cardiomegaly_1,-4.21229,0.014596205,0.7423266
sham,00009409_002.png,9409,0.3,cardiomegaly_1,-4.468378,0.011335921,0.82111794
sham,00009761_000.png,9761,0.3,cardiomegaly_1,-2.9417286,0.0501289,0.38408878
sham,00010465_001.png,10465,0.3,cardiomegaly_1,-4.3756638,0.012423505,0.738025
sham,00010892_000.png,10892,0.3,cardiomegaly_1,-4.044073,0.017224073,0.6940758
sham,00010931_003.png,10931,0.3,cardiomegaly_1,-4.5684814,0.010267192,0.8247773
sham,00010964_000.png,10964,0.3,cardiomegaly_1,-3.9383392,0.019108301,0.67872286
sham,00011611_000.png,11611,0.3,cardiomegaly_1,-4.352146,0.012715378,0.7297564
sham,00012129_000.png,12129,0.3,cardiomegaly_1,-4.594866,0.010002515,0.7782581
sham,00012400_000.png,12400,0.3,cardiomegaly_1,-4.567772,0.010274405,0.7866122
sham,00012772_003.png,12772,0.3,cardiomegaly_1,-4.1218376,0.01595597,0.66624445
sham,00012902_001.png,12902,0.3,cardiomegaly_1,-4.84737,0.007787865,0.87343246
sham,00013441_000.png,13441,0.3,cardiomegaly_1,-3.9505672,0.018880451,0.6582963
sham,00013678_003.png,13678,0.3,cardiomegaly_1,-3.1020222,0.04302392,0.40398622
sham,00013759_000.png,13759,0.3,cardiomegaly_1,-4.3591805,0.012627375,0.7901025
sham,00014281_000.png,14281,0.3,cardiomegaly_1,-4.244425,0.014141142,0.7060895
sham,00014295_001.png,14295,0.3,cardiomegaly_1,-4.625601,0.009702702,0.8102264
sham,00014387_006.png,14387,0.3,cardiomegaly_1,-3.383665,0.03280989,0.45893672
sham,00014838_000.png,14838,0.3,cardiomegaly_1,-3.131281,0.041835234,0.5708752
sham,00014954_000.png,14954,0.3,cardiomegaly_1,-4.489544,0.011101144,0.82138544
sham,00015056_005.png,15056,0.3,cardiomegaly_1,-1.4077129,0.19659504,0.22372258
sham,00015087_011.png,15087,0.3,cardiomegaly_1,-2.504654,0.07553256,0.30564255
sham,00016191_019.png,16191,0.3,cardiomegaly_1,-3.9638863,0.018635307,0.636672
sham,00016245_000.png,16245,0.3,cardiomegaly_1,-5.040573,0.0064284466,0.8832366
sham,00016498_001.png,16498,0.3,cardiomegaly_1,-4.374941,0.012432377,0.7662166
sham,00016509_001.png,16509,0.3,cardiomegaly_1,0.08139229,0.5203368,0.16879945
sham,00016512_001.png,16512,0.3,cardiomegaly_1,-4.2264843,0.014393446,0.6916502
sham,00016724_002.png,16724,0.3,cardiomegaly_1,4.0063972,0.9821264,0.8680389
sham,00016865_000.png,16865,0.3,cardiomegaly_1,-4.4493656,0.011550994,0.7731637
sham,00016907_000.png,16907,0.3,cardiomegaly_1,-4.392809,0.012214895,0.708063
sham,00017381_000.png,17381,0.3,cardiomegaly_1,0.853302,0.7012593,0.32365894
sham,00018008_000.png,18008,0.3,cardiomegaly_1,-4.1782436,0.015094077,0.65895754
sham,00018011_000.png,18011,0.3,cardiomegaly_1,-3.9733257,0.018463457,0.62957305
sham,00018488_002.png,18488,0.3,cardiomegaly_1,-2.754383,0.059839584,0.37303594
sham,00018616_000.png,18616,0.3,cardiomegaly_1,-3.5176105,0.028815288,0.49558735
sham,00019435_003.png,19435,0.3,cardiomegaly_1,-3.247776,0.037406884,0.61726826
sham,00019535_002.png,19535,0.3,cardiomegaly_1,-3.1019154,0.04302832,0.45817164
sham,00019544_000.png,19544,0.3,cardiomegaly_1,-4.365473,0.012549163,0.76592934
sham,00019911_001.png,19911,0.3,cardiomegaly_1,-3.0470943,0.045343086,0.47063324
sham,00020318_024.png,20318,0.3,cardiomegaly_1,-3.9582844,0.01873803,0.7061576
sham,00020341_000.png,20341,0.3,cardiomegaly_1,-4.1204205,0.015978236,0.626051
sham,00020642_006.png,20642,0.3,cardiomegaly_1,-4.1391315,0.015686693,0.7103388
sham,00020674_000.png,20674,0.3,cardiomegaly_1,-3.2938576,0.035782512,0.51911676
sham,00020716_002.png,20716,0.3,cardiomegaly_1,-3.5056114,0.02915299,0.56283605
sham,00020802_000.png,20802,0.3,cardiomegaly_1,-4.71587,0.008872646,0.8035365
sham,00021023_024.png,21023,0.3,cardiomegaly_1,-4.2439976,0.014147099,0.7049537
sham,00021569_000.png,21569,0.3,cardiomegaly_1,-4.305805,0.01331046,0.7671182
sham,00022341_000.png,22341,0.3,cardiomegaly_1,-4.2239246,0.014429802,0.7409042
sham,00022582_001.png,22582,0.3,cardiomegaly_1,-4.521303,0.010757852,0.7658961
sham,00022712_000.png,22712,0.3,cardiomegaly_1,-4.199316,0.0147839915,0.7405403
sham,00023621_000.png,23621,0.3,cardiomegaly_1,-4.4257965,0.011823216,0.81510043
sham,00023776_000.png,23776,0.3,cardiomegaly_1,-4.012253,0.017771065,0.6722435
sham,00024192_000.png,24192,0.3,cardiomegaly_1,-4.46929,0.011325707,0.7792185
sham,00024326_000.png,24326,0.3,cardiomegaly_1,-4.9699078,0.0068959044,0.8786433
sham,00024474_000.png,24474,0.3,cardiomegaly_1,-4.551214,0.010444149,0.8075131
sham,00024583_000.png,24583,0.3,cardiomegaly_1,-4.544792,0.010510731,0.8191123
sham,00025054_000.png,25054,0.3,cardiomegaly_1,-4.0393257,0.01730462,0.6842033
sham,00026354_001.png,26354,0.3,cardiomegaly_1,-3.6624985,0.025025928,0.52618873
sham,00026807_000.png,26807,0.3,cardiomegaly_1,-4.5338097,0.010625568,0.8248788
sham,00027305_000.png,27305,0.3,cardiomegaly_1,-4.2585297,0.013945845,0.7495346
sham,00028027_005.png,28027,0.3,cardiomegaly_1,-3.2979584,0.035641294,0.5092864
sham,00028053_000.png,28053,0.3,cardiomegaly_1,-4.8602505,0.007688964,0.8649678
sham,00028457_000.png,28457,0.3,cardiomegaly_1,-3.1828728,0.039815363,0.5202567
sham,00028962_000.png,28962,0.3,cardiomegaly_1,-4.121317,0.015964147,0.6890165
sham,00029393_000.png,29393,0.3,cardiomegaly_1,4.875759,0.9924285,0.8645778
sham,00029569_000.png,29569,0.3,cardiomegaly_1,-1.9662914,0.12278778,0.27909514
sham,00029648_000.png,29648,0.3,cardiomegaly_1,-4.1747284,0.015146425,0.7616455
sham,00030332_000.png,30332,0.3,cardiomegaly_1,-3.796463,0.021957101,0.62221926
sham,00030805_000.png,30805,0.3,cardiomegaly_1,-4.5963516,0.0099878125,0.8271653
blank,00001059_006.png,1059,,cardiomegaly_1,-4.1400757,0.015672121,0.63645035
blank,00001174_000.png,1174,,cardiomegaly_1,-4.0796165,0.016632626,0.62804097
blank,00001470_001.png,1470,,cardiomegaly_1,-4.322796,0.013089153,0.6560138
blank,00001606_004.png,1606,,cardiomegaly_1,-4.334997,0.012932471,0.6658264
blank,00002139_000.png,2139,,cardiomegaly_1,-4.516199,0.010812307,0.7066388
blank,00002355_005.png,2355,,cardiomegaly_1,-4.1048203,0.016225379,0.6379758
blank,00002492_010.png,2492,,cardiomegaly_1,-4.192415,0.014884842,0.66679835
blank,00002566_000.png,2566,,cardiomegaly_1,-4.2810955,0.013638915,0.6412436
blank,00003064_010.png,3064,,cardiomegaly_1,-4.322796,0.013089153,0.6560138
blank,00003804_012.png,3804,,cardiomegaly_1,-4.117449,0.016025027,0.63939136
blank,00003917_000.png,3917,,cardiomegaly_1,-4.239584,0.014208787,0.6606291
blank,00004057_000.png,4057,,cardiomegaly_1,-4.3912983,0.012233136,0.6877945
blank,00005623_000.png,5623,,cardiomegaly_1,-4.118185,0.016013421,0.6111551
blank,00006012_000.png,6012,,cardiomegaly_1,-4.3523884,0.012712338,0.70418817
blank,00006791_002.png,6791,,cardiomegaly_1,-4.126171,0.01588807,0.63582903
blank,00006921_000.png,6921,,cardiomegaly_1,-4.126171,0.01588807,0.63582903
blank,00006981_017.png,6981,,cardiomegaly_1,-4.1400757,0.015672121,0.63645035
blank,00007082_000.png,7082,,cardiomegaly_1,-4.485962,0.011140536,0.70604885
blank,00007159_000.png,7159,,cardiomegaly_1,-4.395483,0.012182674,0.69562566
blank,00007340_004.png,7340,,cardiomegaly_1,-4.526575,0.010701893,0.7054961
blank,00007589_000.png,7589,,cardiomegaly_1,-4.322796,0.013089153,0.6560138
blank,00007931_000.png,7931,,cardiomegaly_1,-4.57057,0.010245991,0.74069834
blank,00008142_005.png,8142,,cardiomegaly_1,-4.400585,0.012121426,0.6976413
blank,00008147_000.png,8147,,cardiomegaly_1,-4.3224792,0.013093242,0.6854726
blank,00008184_003.png,8184,,cardiomegaly_1,-4.3224792,0.013093242,0.6854726
blank,00008359_000.png,8359,,cardiomegaly_1,-4.192415,0.014884842,0.66679835
blank,00008386_001.png,8386,,cardiomegaly_1,-4.1163826,0.016041847,0.63124865
blank,00008802_008.png,8802,,cardiomegaly_1,-4.1047325,0.01622678,0.6278901
blank,00009090_001.png,9090,,cardiomegaly_1,-4.322796,0.013089153,0.6560138
blank,00009105_003.png,9105,,cardiomegaly_1,-4.1909466,0.014906392,0.63951635
blank,00009306_000.png,9306,,cardiomegaly_1,-4.5444584,0.010514203,0.71591854
blank,00009335_000.png,9335,,cardiomegaly_1,-4.483715,0.011165315,0.7295774
blank,00009409_002.png,9409,,cardiomegaly_1,-4.5444584,0.010514203,0.71591854
blank,00009761_000.png,9761,,cardiomegaly_1,-4.322386,0.01309445,0.6691659
blank,00010465_001.png,10465,,cardiomegaly_1,-4.1888275,0.0149375405,0.617764
blank,00010892_000.png,10892,,cardiomegaly_1,-4.1435738,0.015618249,0.6110418
blank,00010931_003.png,10931,,cardiomegaly_1,-4.1400757,0.015672121,0.63645035
blank,00010964_000.png,10964,,cardiomegaly_1,-4.132761,0.01578536,0.6353494
blank,00011611_000.png,11611,,cardiomegaly_1,-4.2491665,0.014075189,0.6413125
blank,00012129_000.png,12129,,cardiomegaly_1,-4.192415,0.014884842,0.66679835
blank,00012400_000.png,12400,,cardiomegaly_1,-4.0796165,0.016632626,0.62804097
blank,00012772_003.png,12772,,cardiomegaly_1,-4.2330685,0.014300339,0.66626126
blank,00012902_001.png,12902,,cardiomegaly_1,-4.258156,0.013950988,0.6457973
blank,00013441_000.png,13441,,cardiomegaly_1,-4.0899715,0.016464107,0.62250334
blank,00013678_003.png,13678,,cardiomegaly_1,-4.1888275,0.0149375405,0.617764
blank,00013759_000.png,13759,,cardiomegaly_1,-4.1821556,0.015036033,0.64026856
blank,00014281_000.png,14281,,cardiomegaly_1,-4.1979485,0.014803922,0.63856274
blank,00014295_001.png,14295,,cardiomegaly_1,-4.2180843,0.014513097,0.666223
blank,00014387_006.png,14387,,cardiomegaly_1,-4.210499,0.014621988,0.6551905
blank,00014838_000.png,14838,,cardiomegaly_1,-4.1885605,0.01494147,0.6553561
blank,00014954_000.png,14954,,cardiomegaly_1,-4.207365,0.01466721,0.6412117
blank,00015056_005.png,15056,,cardiomegaly_1,-4.483715,0.011165315,0.7295774
blank,00015087_011.png,15087,,cardiomegaly_1,-4.553898,0.010416451,0.7417561
blank,00016191_019.png,16191,,cardiomegaly_1,-4.221821,0.0144597525,0.66149837
blank,00016245_000.png,16245,,cardiomegaly_1,-4.40291,0.012093616,0.69534636
blank,00016498_001.png,16498,,cardiomegaly_1,-4.1979485,0.014803922,0.63856274
blank,00016509_001.png,16509,,cardiomegaly_1,-4.119953,0.015985584,0.62732875
blank,00016512_001.png,16512,,cardiomegaly_1,-4.303709,0.013338017,0.6909455
blank,00016724_002.png,16724,,cardiomegaly_1,-4.282749,0.013616686,0.6554531
blank,00016865_000.png,16865,,cardiomegaly_1,-4.1048203,0.016225379,0.6379758
blank,00016907_000.png,16907,,cardiomegaly_1,-4.1400757,0.015672121,0.63645035
blank,00017381_000.png,17381,,cardiomegaly_1,-4.1163826,0.016041847,0.63124865
blank,00018008_000.png,18008,,cardiomegaly_1,-4.479355,0.011213558,0.7181132
blank,00018011_000.png,18011,,cardiomegaly_1,-4.1909466,0.014906392,0.63951635
blank,00018488_002.png,18488,,cardiomegaly_1,-4.1900005,0.01492029,0.65697193
blank,00018616_000.png,18616,,cardiomegaly_1,-4.2180843,0.014513097,0.666223
blank,00019435_003.png,19435,,cardiomegaly_1,-4.1435738,0.015618249,0.6110418
blank,00019535_002.png,19535,,cardiomegaly_1,-4.177891,0.015099325,0.63900155
blank,00019544_000.png,19544,,cardiomegaly_1,-4.2110023,0.014614737,0.6666063
blank,00019911_001.png,19911,,cardiomegaly_1,-4.1331444,0.015779406,0.62712795
blank,00020318_024.png,20318,,cardiomegaly_1,-4.200762,0.014762947,0.6550072
blank,00020341_000.png,20341,,cardiomegaly_1,-4.1163826,0.016041847,0.63124865
blank,00020642_006.png,20642,,cardiomegaly_1,-4.1816845,0.01504301,0.63881075
blank,00020674_000.png,20674,,cardiomegaly_1,-4.210499,0.014621988,0.6551905
blank,00020716_002.png,20716,,cardiomegaly_1,-4.0796165,0.016632626,0.62804097
blank,00020802_000.png,20802,,cardiomegaly_1,-4.1048203,0.016225379,0.6379758
blank,00021023_024.png,21023,,cardiomegaly_1,-4.2491665,0.014075189,0.6413125
blank,00021569_000.png,21569,,cardiomegaly_1,-4.2850475,0.01358585,0.6831216
blank,00022341_000.png,22341,,cardiomegaly_1,-4.0796165,0.016632626,0.62804097
blank,00022582_001.png,22582,,cardiomegaly_1,-4.2180843,0.014513097,0.666223
blank,00022712_000.png,22712,,cardiomegaly_1,-4.300129,0.013385215,0.6686228
blank,00023621_000.png,23621,,cardiomegaly_1,-4.300129,0.013385215,0.6686228
blank,00023776_000.png,23776,,cardiomegaly_1,-4.255453,0.013988215,0.63883084
blank,00024192_000.png,24192,,cardiomegaly_1,-4.106819,0.016193504,0.6275471
blank,00024326_000.png,24326,,cardiomegaly_1,-4.322386,0.01309445,0.6691659
blank,00024474_000.png,24474,,cardiomegaly_1,-4.1399345,0.015674299,0.6243203
blank,00024583_000.png,24583,,cardiomegaly_1,-4.2357254,0.014262936,0.62708586
blank,00025054_000.png,25054,,cardiomegaly_1,-4.1596165,0.01537351,0.65580595
blank,00026354_001.png,26354,,cardiomegaly_1,-4.160145,0.015365514,0.6361111
blank,00026807_000.png,26807,,cardiomegaly_1,-4.1451626,0.015593841,0.61094594
blank,00027305_000.png,27305,,cardiomegaly_1,-4.1817303,0.015042333,0.6396397
blank,00028027_005.png,28027,,cardiomegaly_1,-4.2823906,0.013621502,0.65279955
blank,00028053_000.png,28053,,cardiomegaly_1,-4.1596165,0.01537351,0.65580595
blank,00028457_000.png,28457,,cardiomegaly_1,-4.130783,0.01581612,0.6257609
blank,00028962_000.png,28962,,cardiomegaly_1,-4.192219,0.014887722,0.66614205
blank,00029393_000.png,29393,,cardiomegaly_1,-4.192219,0.014887722,0.66614205
blank,00029569_000.png,29569,,cardiomegaly_1,-4.1315956,0.015803477,0.6380745
blank,00029648_000.png,29648,,cardiomegaly_1,-4.192219,0.014887722,0.66614205
blank,00030332_000.png,30332,,cardiomegaly_1,-4.2257996,0.014403163,0.6662373
blank,00030805_000.png,30805,,cardiomegaly_1,-4.422163,0.011865743,0.68407995
real,00000023_002.png,23,,effusion_0,-3.4230309,0.031583395,0.44944715
real,00000041_002.png,41,,effusion_0,-2.4632397,0.07847573,0.7670176
real,00000041_006.png,41,,effusion_0,-0.43074036,0.39394954,0.38845327
real,00000078_001.png,78,,effusion_0,6.66555,0.9987275,0.9948928
real,00000121_006.png,121,,effusion_0,-0.024791718,0.49380237,0.414923
real,00000121_007.png,121,,effusion_0,-2.5779648,0.070570104,0.5569016
real,00000148_001.png,148,,effusion_0,5.828741,0.9970669,0.98626035
real,00000148_002.png,148,,effusion_0,3.6816635,0.97543746,0.8655872
real,00000176_001.png,176,,effusion_0,-5.7008266,0.003332061,0.8095078
real,00000176_002.png,176,,effusion_0,-5.724285,0.0032550571,0.87762064
real,00000200_001.png,200,,effusion_0,-5.342268,0.004762219,0.85634136
real,00000240_000.png,240,,effusion_0,-4.7448025,0.008621798,0.76164854
real,00000246_008.png,246,,effusion_0,0.6458435,0.65607315,0.32587296
real,00000246_012.png,246,,effusion_0,5.4351234,0.9956583,0.95936
real,00000246_013.png,246,,effusion_0,6.228752,0.9980319,0.9846094
real,00000284_004.png,284,,effusion_0,-6.257244,0.0019128543,0.93457097
real,00000284_005.png,284,,effusion_0,-4.453726,0.011501316,0.7421307
real,00000337_000.png,337,,effusion_0,6.4637966,0.99844354,0.99186754
real,00000404_002.png,404,,effusion_0,3.8375454,0.978908,0.91544616
real,00000457_002.png,457,,effusion_0,5.9322414,0.9973545,0.9877067
real,00000457_003.png,457,,effusion_0,6.4531574,0.9984269,0.99096334
real,00000457_004.png,457,,effusion_0,-6.431017,0.0016082214,0.9634013
real,00000499_002.png,499,,effusion_0,-4.746002,0.008611549,0.8255823
real,00000499_003.png,499,,effusion_0,-5.649515,0.0035068812,0.90772
real,00000591_001.png,591,,effusion_0,4.7895164,0.9917521,0.955447
real,00000591_002.png,591,,effusion_0,5.4399395,0.9956791,0.976851
real,00000591_004.png,591,,effusion_0,6.273287,0.99811757,0.9905887
real,00000591_005.png,591,,effusion_0,5.4457817,0.9957041,0.9791054
real,00000591_006.png,591,,effusion_0,7.4291534,0.9994067,0.99620086
real,00000591_007.png,591,,effusion_0,7.039921,0.9991246,0.99382854
real,00000591_009.png,591,,effusion_0,5.180706,0.9944074,0.96129835
real,00000591_010.png,591,,effusion_0,5.372135,0.9953773,0.9697138
real,00000591_011.png,591,,effusion_0,6.33218,0.99822503,0.9898197
real,00000591_012.png,591,,effusion_0,7.165617,0.9992279,0.99429435
real,00000591_013.png,591,,effusion_0,6.5868435,0.9986235,0.99267215
real,00000591_014.png,591,,effusion_0,6.93198,0.99902487,0.9920891
real,00000591_015.png,591,,effusion_0,6.871256,0.99896395,0.9930227
real,00000591_016.png,591,,effusion_0,6.503336,0.9985038,0.9903852
real,00000591_018.png,591,,effusion_0,6.396433,0.9983353,0.9908094
real,00000591_019.png,591,,effusion_0,6.325781,0.99821365,0.98942316
real,00000622_000.png,622,,effusion_0,-6.735098,0.001187048,0.9610814
real,00000661_001.png,661,,effusion_0,-6.03866,0.0023790787,0.9527215
real,00000661_000.png,661,,effusion_0,-5.3515415,0.0047184676,0.90659136
real,00000707_002.png,707,,effusion_0,1.3630657,0.7962575,0.4164343
real,00000787_002.png,787,,effusion_0,-6.2855587,0.0018595514,0.9592359
real,00000848_000.png,848,,effusion_0,3.5883675,0.9731002,0.9097305
real,00000869_008.png,869,,effusion_0,3.9106503,0.9803657,0.88034093
real,00000949_005.png,949,,effusion_0,-5.8824406,0.0027802214,0.91202235
real,00001075_038.png,1075,,effusion_0,-6.589899,0.0013722929,0.98107797
real,00001075_045.png,1075,,effusion_0,-6.6392803,0.0013062597,0.97960573
real,00001075_046.png,1075,,effusion_0,-6.4996014,0.0015017799,0.96191984
real,00001075_047.png,1075,,effusion_0,-6.5331326,0.0014523303,0.972215
real,00001075_007.png,1075,,effusion_0,6.4316845,0.9983929,0.9783742
real,00001075_022.png,1075,,effusion_0,-2.5671158,0.07128501,0.28933597
real,00001075_033.png,1075,,effusion_0,-5.934183,0.0026403943,0.87848186
real,00001096_001.png,1096,,effusion_0,-6.469715,0.0015472694,0.96175116
real,00001104_022.png,1104,,effusion_0,5.0489388,0.9936248,0.963467
real,00001170_006.png,1170,,effusion_0,-4.4516125,0.011525367,0.71933925
real,00001170_020.png,1170,,effusion_0,0.85219574,0.7010276,0.5109254
real,00001170_021.png,1170,,effusion_0,0.68286705,0.6643783,0.52578205
real,00001170_023.png,1170,,effusion_0,2.6493015,0.93396795,0.7783693
real,00001170_030.png,1170,,effusion_0,3.4120426,0.9680788,0.9069103
real,00001170_034.png,1170,,effusion_0,2.5238857,0.92579937,0.82900226
real,00001170_035.png,1170,,effusion_0,4.2522106,0.985967,0.9384178
real,00001170_036.png,1170,,effusion_0,3.013773,0.95319253,0.88089305
real,00001170_037.png,1170,,effusion_0,4.5065536,0.98908406,0.95530045
real,00001170_039.png,1170,,effusion_0,3.8898125,0.9799606,0.9476818
real,00001170_040.png,1170,,effusion_0,3.9395218,0.98091394,0.9345543
real,00001170_045.png,1170,,effusion_0,5.221962,0.99463224,0.9773665
real,00001170_046.png,1170,,effusion_0,5.312765,0.9950959,0.97918236
real,00001170_047.png,1170,,effusion_0,4.294586,0.9865414,0.9397934
real,00001187_001.png,1187,,effusion_0,-4.3984222,0.012147354,0.66132987
real,00001248_022.png,1248,,effusion_0,3.5391178,0.97178054,0.9028946
real,00001248_023.png,1248,,effusion_0,2.686636,0.93623346,0.72875506
real,00001248_024.png,1248,,effusion_0,-1.5602169,0.17361552,0.56924546
real,00001248_025.png,1248,,effusion_0,-0.17441559,0.45650628,0.36671433
real,00001248_028.png,1248,,effusion_0,4.213848,0.9854262,0.9445447
real,00001248_036.png,1248,,effusion_0,6.380562,0.99830866,0.99097365
real,00001248_038.png,1248,,effusion_0,5.130459,0.9941209,0.98148847
real,00001248_000.png,1248,,effusion_0,4.113966,0.9839199,0.9411016
real,00001248_002.png,1248,,effusion_0,3.9145813,0.9804412,0.9573001
real,00001248_003.png,1248,,effusion_0,4.0179462,0.98232806,0.95598716
real,00001248_004.png,1248,,effusion_0,4.068531,0.9831851,0.9612525
real,00001248_016.png,1248,,effusion_0,4.853449,0.99225897,0.98332644
real,00001248_017.png,1248,,effusion_0,4.7270107,0.9912248,0.98427373
real,00001309_002.png,1309,,effusion_0,-2.8989754,0.052204236,0.35907963
real,00001458_001.png,1458,,effusion_0,2.5198116,0.9255191,0.70017594
real,00001470_006.png,1470,,effusion_0,1.1566029,0.7607148,0.51164615
real,00001470_007.png,1470,,effusion_0,3.5253124,0.97139955,0.7896502
real,00001775_001.png,1775,,effusion_0,6.0485554,0.99764425,0.9861555
real,00001775_002.png,1775,,effusion_0,6.6195335,0.9986677,0.9873883
real,00001775_004.png,1775,,effusion_0,6.546402,0.9985668,0.9855798
real,00001775_005.png,1775,,effusion_0,6.501936,0.9985018,0.98822045
real,00001782_000.png,1782,,effusion_0,4.27754,0.9863131,0.9025334
real,00001784_000.png,1784,,effusion_0,-5.6392,0.0035431127,0.9175776
real,00001974_000.png,1974,,effusion_0,6.1535892,0.9978787,0.98386586
real,00001974_003.png,1974,,effusion_0,-5.2271233,0.005340276,0.8019343
real,00001989_011.png,1989,,effusion_0,5.277336,0.99491996,0.9585414
real,00002046_003.png,2046,,effusion_0,2.9237232,0.9490068,0.7130389
real,00002083_000.png,2083,,effusion_0,-6.02693,0.0024070826,0.93459094
real,00002120_005.png,2120,,effusion_0,4.4210796,0.9881215,0.88275725
real,00002239_002.png,2239,,effusion_0,-6.497406,0.0015050755,0.9774073
real,00002239_005.png,2239,,effusion_0,4.3941193,0.98780096,0.944654
real,00002239_006.png,2239,,effusion_0,5.248852,0.9947739,0.97848016
real,00002239_007.png,2239,,effusion_0,4.142742,0.9843689,0.9242296
real,00002239_008.png,2239,,effusion_0,-4.813799,0.008051611,0.86679405
real,00002239_009.png,2239,,effusion_0,-6.8721886,0.0010351342,0.9790032
real,00002299_007.png,2299,,effusion_0,-6.253462,0.001920089,0.8823222
real,00002299_010.png,2299,,effusion_0,-6.06011,0.0023287083,0.9170246
real,00002299_001.png,2299,,effusion_0,-6.1829147,0.0020601489,0.9151527
real,00002299_002.png,2299,,effusion_0,-5.5304985,0.003948361,0.9231681
real,00002300_000.png,2300,,effusion_0,6.043453,0.99763227,0.9847355
real,00002339_007.png,2339,,effusion_0,4.862957,0.9923316,0.919052
real,00002355_004.png,2355,,effusion_0,-6.685938,0.001246787,0.954946
real,00002355_006.png,2355,,effusion_0,-6.558199,0.001416429,0.94861895
real,00002355_002.png,2355,,effusion_0,-6.6180687,0.0013342261,0.9579062
real,00002424_013.png,2424,,effusion_0,-6.2954235,0.001841331,0.967797
real,00002490_000.png,2490,,effusion_0,-5.4403343,0.0043192953,0.87420493
real,00002492_016.png,2492,,effusion_0,5.2843018,0.994955,0.9581731
real,00002492_002.png,2492,,effusion_0,-6.637602,0.0013084512,0.9595754
real,00002492_003.png,2492,,effusion_0,-6.7507744,0.001168606,0.9698408
real,00002533_004.png,2533,,effusion_0,5.1922607,0.9944713,0.9626393
real,00002533_005.png,2533,,effusion_0,4.666456,0.9906821,0.9390662
real,00002552_001.png,2552,,effusion_0,-5.83556,0.002913275,0.8615398
real,00002585_000.png,2585,,effusion_0,4.2864914,0.9864335,0.9410619
real,00002585_003.png,2585,,effusion_0,4.7862854,0.9917257,0.9750421
real,00002599_001.png,2599,,effusion_0,5.3349056,0.9952028,0.97900826
real,00002609_000.png,2609,,effusion_0,6.591728,0.9986303,0.99426955
real,00002685_002.png,2685,,effusion_0,-6.3905487,0.001674527,0.9484673
real,00002686_001.png,2686,,effusion_0,-6.587145,0.0013760724,0.9810974
real,00002825_007.png,2825,,effusion_0,-6.6840477,0.0012491429,0.97202307
real,00002825_008.png,2825,,effusion_0,-6.687826,0.0012444379,0.9832648
real,00002825_011.png,2825,,effusion_0,-6.9992237,0.00091175805,0.97163564
real,00002924_001.png,2924,,effusion_0,-5.862158,0.002837026,0.9515124
real,00003013_011.png,3013,,effusion_0,-1.6143456,0.16598617,0.33477032
real,00003013_013.png,3013,,effusion_0,0.8165741,0.6935086,0.5189845
real,00003013_014.png,3013,,effusion_0,3.5429897,0.9718865,0.8872586
real,00003015_000.png,3015,,effusion_0,-6.1146564,0.0022053607,0.92984945
real,00003064_003.png,3064,,effusion_0,-6.460577,0.0015614512,0.9632487
real,00003064_005.png,3064,,effusion_0,-6.529169,0.0014580896,0.9511214
real,00003064_006.png,3064,,effusion_0,-6.561779,0.0014113743,0.92275864
real,00003064_007.png,3064,,effusion_0,-6.1719456,0.0020828242,0.9267224
real,00003064_035.png,3064,,effusion_0,5.4306355,0.9956388,0.9467012
real,00003064_037.png,3064,,effusion_0,-6.4579716,0.0015655182,0.9127565
real,00003064_038.png,3064,,effusion_0,7.9201546,0.99963677,0.9973375
real,00003064_039.png,3064,,effusion_0,7.350561,0.99935824,0.99419016
real,00003064_043.png,3064,,effusion_0,1.7148628,0.847466,0.429503
real,00003064_048.png,3064,,effusion_0,4.52582,0.98929006,0.9308376
real,00003064_050.png,3064,,effusion_0,-1.3070011,0.21298909,0.37045762
real,00003064_052.png,3064,,effusion_0,2.914196,0.9485438,0.72188383
real,00003362_006.png,3362,,effusion_0,5.9941845,0.99751294,0.9833872
real,00003423_002.png,3423,,effusion_0,5.9271145,0.997341,0.9902976
real,00003423_003.png,3423,,effusion_0,5.904667,0.9972807,0.98475665
real,00003423_005.png,3423,,effusion_0,1.0828934,0.74704117,0.5900134
real,00003423_011.png,3423,,effusion_0,-0.04740715,0.48815048,0.38324013
real,00003423_015.png,3423,,effusion_0,-1.4177647,0.19501226,0.42290357
real,00003423_021.png,3423,,effusion_0,2.592022,0.9303463,0.72006035
real,00003428_000.png,3428,,effusion_0,-0.8602123,0.29729497,0.2872036
real,00003439_002.png,3439,,effusion_0,-6.423195,0.0016208299,0.97375804
real,00003439_003.png,3439,,effusion_0,-6.482506,0.0015276347,0.98115003
real,00003570_002.png,3570,,effusion_0,-5.8588486,0.0028464035,0.9270192
real,00003570_004.png,3570,,effusion_0,-6.682993,0.0012504596,0.9366478
real,00003611_002.png,3611,,effusion_0,-3.7252693,0.023539158,0.54088944
real,00003611_004.png,3611,,effusion_0,-2.3813744,0.08460406,0.44026035
real,00003611_005.png,3611,,effusion_0,-3.7074833,0.023951452,0.59172654
real,00003611_006.png,3611,,effusion_0,3.2453995,0.9625075,0.7506049
real,00003706_001.png,3706,,effusion_0,-5.6761093,0.003415162,0.8307802
real,00003737_000.png,3737,,effusion_0,-5.7145195,0.0032868953,0.8475576
real,00003737_001.png,3737,,effusion_0,-6.1869183,0.0020519346,0.9166487
real,00003789_009.png,3789,,effusion_0,-6.0223846,0.0024180217,0.9108644
real,00003856_003.png,3856,,effusion_0,-5.0761395,0.0062052226,0.82362884
real,00003916_001.png,3916,,effusion_0,5.0738945,0.9937809,0.9674026
real,00003916_002.png,3916,,effusion_0,-2.4033298,0.08291913,0.3432312
real,00003937_000.png,3937,,effusion_0,-6.454893,0.0015703375,0.9700232
real,00003996_020.png,3996,,effusion_0,-5.509367,0.004032344,0.8532619
real,00004003_000.png,4003,,effusion_0,-6.503374,0.0014961333,0.98153263
real,00004080_000.png,4080,,effusion_0,6.563177,0.9985905,0.9944102
real,00004080_001.png,4080,,effusion_0,-3.1836624,0.039785184,0.6401495
real,00004081_000.png,4081,,effusion_0,-4.0304756,0.017455762,0.64916587
real,00004220_000.png,4220,,effusion_0,-1.0830803,0.25292355,0.54194
real,00004233_000.png,4233,,effusion_0,3.5802593,0.9728871,0.90884286
real,00004263_000.png,4263,,effusion_0,4.47295,0.98871523,0.8865097
real,00004344_013.png,4344,,effusion_0,-1.6831474,0.15667914,0.38174346
real,00004344_014.png,4344,,effusion_0,-4.304487,0.01332778,0.583808
real,00004344_046.png,4344,,effusion_0,-0.98622704,0.27165794,0.3849182
real,00004344_047.png,4344,,effusion_0,-0.12464714,0.4688785,0.36313003
real,00004404_008.png,4404,,effusion_0,-3.6143684,0.026227519,0.49620202
real,00004511_000.png,4511,,effusion_0,-6.6155148,0.0013376335,0.9575338
real,00004547_020.png,4547,,effusion_0,-2.2759113,0.09313772,0.58621013
real,00004583_000.png,4583,,effusion_0,7.4257393,0.99940467,0.9977191
real,00004608_008.png,4608,,effusion_0,7.638342,0.99951863,0.99455523
real,00004608_009.png,4608,,effusion_0,8.120108,0.9997025,0.9962597
real,00004608_011.png,4608,,effusion_0,7.7493725,0.9995691,0.99642104
real,00004646_002.png,4646,,effusion_0,6.144947,0.99786025,0.98637444
real,00004750_004.png,4750,,effusion_0,5.858679,0.99715304,0.9879253
real,00004750_006.png,4750,,effusion_0,6.039137,0.9976221,0.9907904
real,00004833_014.png,4833,,effusion_0,4.9074383,0.9926628,0.9848757
real,00004862_000.png,4862,,effusion_0,6.999569,0.9990885,0.99312437
real,00004909_006.png,4909,,effusion_0,1.3924313,0.80098015,0.38336158
real,00004909_007.png,4909,,effusion_0,2.083065,0.8892463,0.52019733
real,00004976_000.png,4976,,effusion_0,-6.099037,0.0022399994,0.95514214
real,00005038_000.png,5038,,effusion_0,-6.290045,0.0018512434,0.9576242
real,00005101_002.png,5101,,effusion_0,-5.4362125,0.004337058,0.8508161
real,00005108_000.png,5108,,effusion_0,-4.87611,0.007568898,0.82414293
real,00005110_009.png,5110,,effusion_0,-6.116003,0.0022023995,0.95326877
real,00005395_006.png,5395,,effusion_0,-1.1475353,0.24093957,0.5880522
real,00005395_007.png,5395,,effusion_0,-3.1901112,0.039539557,0.46600044
real,00005395_010.png,5395,,effusion_0,-6.146387,0.0021366288,0.92748916
real,00005395_011.png,5395,,effusion_0,-4.7930145,0.008219319,0.72857785
real,00005401_000.png,5401,,effusion_0,-6.5829334,0.0013818719,0.97649014
real,00005410_002.png,5410,,effusion_0,3.9339905,0.98081,0.8727656
real,00005520_007.png,5520,,effusion_0,-6.5298615,0.0014570819,0.97195953
real,00005532_031.png,5532,,effusion_0,-6.200653,0.0020240007,0.8941443
real,00005532_037.png,5532,,effusion_0,-5.5982265,0.003690755,0.8692988
real,00005532_042.png,5532,,effusion_0,-5.9667034,0.002556125,0.9322879
real,00005532_043.png,5532,,effusion_0,-4.619091,0.009765451,0.6324444
real,00005532_000.png,5532,,effusion_0,-6.2782555,0.0018731563,0.9612756
real,00005532_004.png,5532,,effusion_0,-5.7418346,0.0031986118,0.8354672
real,00005532_005.png,5532,,effusion_0,-5.977869,0.002527815,0.84402525
real,00005532_007.png,5532,,effusion_0,-4.973959,0.0068682167,0.69752485
real,00005532_008.png,5532,,effusion_0,-6.332876,0.0017737639,0.904086
real,00005532_010.png,5532,,effusion_0,0.6277981,0.65199006,0.27993065
real,00005532_011.png,5532,,effusion_0,2.6559696,0.93437797,0.45673662
real,00005532_012.png,5532,,effusion_0,3.3599205,0.96642816,0.7172452
real,00005532_013.png,5532,,effusion_0,-5.9510593,0.002596323,0.8624915
real,00005532_014.png,5532,,effusion_0,-5.833496,0.002919276,0.9154346
real,00005532_016.png,5532,,effusion_0,-6.4016953,0.001655996,0.9454723
real,00005532_018.png,5532,,effusion_0,-1.3056164,0.21322133,0.202572
real,00005532_019.png,5532,,effusion_0,-6.2188606,0.0019875548,0.92630684
real,00005556_000.png,5556,,effusion_0,-6.1626225,0.0021022921,0.96947384
real,00005556_008.png,5556,,effusion_0,-2.7643394,0.059281908,0.52566046
real,00005579_002.png,5579,,effusion_0,-3.735983,0.023294158,0.50271434
real,00005626_002.png,5626,,effusion_0,7.7115574,0.99955255,0.9976312
real,00005641_003.png,5641,,effusion_0,-5.8312607,0.0029257901,0.9160914
real,00005641_006.png,5641,,effusion_0,5.0661926,0.9937331,0.9459436
real,00005641_012.png,5641,,effusion_0,5.371477,0.99537426,0.9692241
real,00005666_004.png,5666,,effusion_0,-5.860939,0.0028404763,0.9397711
real,00005666_010.png,5666,,effusion_0,2.3398342,0.9121228,0.7851408
real,00005666_011.png,5666,,effusion_0,3.6939545,0.9757302,0.89402133
real,00005666_012.png,5666,,effusion_0,0.42660904,0.6050637,0.406123
real,00005666_013.png,5666,,effusion_0,-6.1078873,0.0022203065,0.93104297
real,00005666_018.png,5666,,effusion_0,-5.766512,0.0031208883,0.926564
real,00005666_019.png,5666,,effusion_0,-6.088381,0.002263943,0.944599
real,00005766_004.png,5766,,effusion_0,-4.8125725,0.008061412,0.8361034
real,00005869_001.png,5869,,effusion_0,-2.5623684,0.071599945,0.30719724
real,00005895_003.png,5895,,effusion_0,7.191517,0.99924767,0.99234957
real,00005895_005.png,5895,,effusion_0,7.258335,0.9992962,0.9960393
real,00005895_007.png,5895,,effusion_0,7.3342247,0.9993476,0.9964445
real,00005895_009.png,5895,,effusion_0,6.474613,0.9984603,0.99125874
real,00005895_013.png,5895,,effusion_0,7.3582344,0.9993631,0.99680674
real,00005895_023.png,5895,,effusion_0,7.427706,0.99940586,0.9965699
real,00005920_003.png,5920,,effusion_0,5.2310963,0.9946808,0.9811974
real,00006166_000.png,6166,,effusion_0,-6.3118134,0.0018114522,0.9787688
real,00006298_003.png,6298,,effusion_0,6.4838333,0.9984744,0.9906774
real,00006298_004.png,6298,,effusion_0,6.1150455,0.99779546,0.9891769
real,00006298_005.png,6298,,effusion_0,5.311348,0.995089,0.9773347
real,00006359_000.png,6359,,effusion_0,-6.3567142,0.0017320531,0.9684953
real,00006368_000.png,6368,,effusion_0,-6.740074,0.0011811627,0.98266655
real,00006436_012.png,6436,,effusion_0,2.614643,0.93179804,0.6154849
real,00006483_000.png,6483,,effusion_0,-6.46286,0.0015578957,0.97329754
real,00006537_000.png,6537,,effusion_0,-6.503868,0.0014953953,0.9769952
real,00006626_000.png,6626,,effusion_0,7.6179333,0.99950874,0.9976621
real,00006626_006.png,6626,,effusion_0,6.085951,0.99773055,0.98535585
real,00006683_002.png,6683,,effusion_0,6.949318,0.9990416,0.99417794
real,00006683_003.png,6683,,effusion_0,-2.620451,0.067833774,0.5755065
real,00006683_004.png,6683,,effusion_0,4.1790695,0.9849182,0.93854845
real,00006683_005.png,6683,,effusion_0,-4.0559673,0.017023887,0.7586719
real,00006683_006.png,6683,,effusion_0,5.2820473,0.9949437,0.9663077
real,00006694_002.png,6694,,effusion_0,-3.4145527,0.03184374,0.6383992
real,00006694_003.png,6694,,effusion_0,-4.7685013,0.008421574,0.79812485
real,00006774_001.png,6774,,effusion_0,-4.3836613,0.012325763,0.7234007
real,00006791_006.png,6791,,effusion_0,-6.3794575,0.0016931712,0.90831274
real,00006832_005.png,6832,,effusion_0,-5.9092503,0.002706874,0.9073859
real,00006850_027.png,6850,,effusion_0,-4.757738,0.008511931,0.81494683
real,00006850_028.png,6850,,effusion_0,-6.4380436,0.0015969785,0.9791504
real,00006851_022.png,6851,,effusion_0,4.2937546,0.98653036,0.91300607
real,00006851_023.png,6851,,effusion_0,2.6357765,0.93312895,0.7641151
real,00006851_024.png,6851,,effusion_0,-5.756586,0.0031519216,0.8776605
real,00006851_009.png,6851,,effusion_0,1.7480221,0.8517031,0.6011176
real,00006851_010.png,6851,,effusion_0,-1.0783081,0.25382632,0.346792
real,00006890_003.png,6890,,effusion_0,4.3811073,0.9876431,0.92557937
real,00006936_001.png,6936,,effusion_0,4.8496933,0.9922301,0.95941126
real,00006964_011.png,6964,,effusion_0,-2.5907307,0.06973737,0.49344507
real,00006981_001.png,6981,,effusion_0,5.9660263,0.9974421,0.9913385
real,00006981_002.png,6981,,effusion_0,-6.6354218,0.001311303,0.97566974
real,00006981_009.png,6981,,effusion_0,0.17949486,0.5447536,0.47999114
real,00006981_010.png,6981,,effusion_0,5.658638,0.9965249,0.9808427
real,00006981_011.png,6981,,effusion_0,-5.735306,0.0032194958,0.9605362
real,00006981_014.png,6981,,effusion_0,-5.745655,0.0031864538,0.9603844
real,00006981_016.png,6981,,effusion_0,-5.9741955,0.0025370943,0.95654494
real,00006996_002.png,6996,,effusion_0,6.5740757,0.9986059,0.9876443
real,00007033_001.png,7033,,effusion_0,-4.4432335,0.011621218,0.6182674
real,00007033_002.png,7033,,effusion_0,4.617426,0.99021846,0.9416699
real,00007033_004.png,7033,,effusion_0,4.81859,0.9919865,0.9516904
real,00007109_018.png,7109,,effusion_0,-4.2302704,0.0143398335,0.5491239
real,00007156_000.png,7156,,effusion_0,6.3677044,0.9982868,0.9874212
real,00007156_001.png,7156,,effusion_0,7.5835,0.99949145,0.9951491
real,00007340_014.png,7340,,effusion_0,-6.4465446,0.0015834813,0.98052007
real,00007405_014.png,7405,,effusion_0,4.979784,0.99317145,0.95486236
real,00007482_009.png,7482,,effusion_0,-2.885376,0.052881237,0.47850668
real,00007482_015.png,7482,,effusion_0,5.182123,0.9944153,0.9602469
real,00007482_023.png,7482,,effusion_0,-5.2396774,0.005274004,0.8880083
real,00007482_026.png,7482,,effusion_0,-4.396818,0.012166617,0.7630029
real,00007519_003.png,7519,,effusion_0,-1.1961308,0.23216425,0.34224164
real,00007519_004.png,7519,,effusion_0,-6.474821,0.0015394012,0.96011674
real,00007551_021.png,7551,,effusion_0,-6.3467903,0.0017492974,0.96363014
real,00007652_000.png,7652,,effusion_0,-6.65444,0.0012866319,0.979787
real,00007679_000.png,7679,,effusion_0,7.7359543,0.9995634,0.9971104
real,00007679_001.png,7679,,effusion_0,7.964344,0.9996525,0.99789816
real,00007679_003.png,7679,,effusion_0,7.7200165,0.99955636,0.992933
real,00007679_004.png,7679,,effusion_0,7.007118,0.99909544,0.9897706
real,00007679_005.png,7679,,effusion_0,6.626196,0.9986765,0.98616755
real,00007718_000.png,7718,,effusion_0,7.754282,0.99957126,0.9968182
real,00007718_001.png,7718,,effusion_0,7.098284,0.9991742,0.9959761
real,00007718_005.png,7718,,effusion_0,6.568186,0.9985977,0.9905445
real,00007718_006.png,7718,,effusion_0,6.935709,0.99902856,0.99525267
real,00007718_007.png,7718,,effusion_0,-6.4992676,0.0015022806,0.97177744
real,00007718_009.png,7718,,effusion_0,5.267584,0.9948704,0.9800856
real,00007718_010.png,7718,,effusion_0,5.517193,0.995999,0.9836482
real,00007740_000.png,7740,,effusion_0,-4.6887264,0.009114553,0.8106568
real,00007769_002.png,7769,,effusion_0,-1.796669,0.14225703,0.39353356
real,00007772_000.png,7772,,effusion_0,3.1202564,0.95772064,0.81126934
real,00007833_000.png,7833,,effusion_0,4.2067547,0.98532397,0.90607816
real,00007833_001.png,7833,,effusion_0,-6.4938126,0.0015104854,0.97260386
real,00007833_002.png,7833,,effusion_0,1.1839027,0.7656488,0.516426
real,00007833_003.png,7833,,effusion_0,-3.6818333,0.024558472,0.7255102
real,00007848_001.png,7848,,effusion_0,7.1322193,0.9992017,0.9955325
real,00007848_004.png,7848,,effusion_0,7.4561462,0.99942243,0.9962681
real,00007848_005.png,7848,,effusion_0,6.2048264,0.9979844,0.99192345
real,00007848_006.png,7848,,effusion_0,7.492796,0.99944323,0.9965664
real,00007865_001.png,7865,,effusion_0,-6.349262,0.001744986,0.9700205
real,00007865_003.png,7865,,effusion_0,0.1194191,0.52981937,0.8345211
real,00007865_005.png,7865,,effusion_0,4.639084,0.990426,0.9614147
real,00007869_004.png,7869,,effusion_0,7.7560577,0.999572,0.99645036
real,00007882_000.png,7882,,effusion_0,5.8767147,0.9972038,0.9867045
real,00007882_001.png,7882,,effusion_0,6.076071,0.9977081,0.9856167
real,00007908_000.png,7908,,effusion_0,-4.4397182,0.011661664,0.61629426
real,00007989_000.png,7989,,effusion_0,-6.6406784,0.001304437,0.98287535
real,00007989_001.png,7989,,effusion_0,6.84305,0.9989343,0.9872545
real,00007989_002.png,7989,,effusion_0,7.635269,0.9995171,0.99352914
real,00008013_003.png,8013,,effusion_0,1.2394428,0.775467,0.47705588
real,00008013_006.png,8013,,effusion_0,0.41803932,0.60301393,0.30052602
real,00008037_000.png,8037,,effusion_0,6.573042,0.9986045,0.99400747
real,00008037_001.png,8037,,effusion_0,7.2809963,0.9993119,0.9956613
real,00008037_002.png,8037,,effusion_0,5.074709,0.993786,0.9358059
real,00008103_000.png,8103,,effusion_0,-6.4178867,0.0016294421,0.97362053
real,00008112_000.png,8112,,effusion_0,6.0780125,0.9977125,0.9844305
real,00008147_013.png,8147,,effusion_0,-0.9005165,0.28894436,0.34110412
real,00008184_007.png,8184,,effusion_0,-6.6565037,0.0012839828,0.959323
real,00008185_003.png,8185,,effusion_0,-2.696949,0.063153625,0.48958907
real,00008185_005.png,8185,,effusion_0,-3.3217487,0.034832567,0.40487257
real,00008191_001.png,8191,,effusion_0,0.6451416,0.6559148,0.28007025
real,00008195_000.png,8195,,effusion_0,5.5727806,0.99621445,0.98185784
real,00008339_000.png,8339,,effusion_0,-6.1372757,0.0021561433,0.9523284
real,00008339_003.png,8339,,effusion_0,-6.561386,0.0014119281,0.9466707
real,00008339_005.png,8339,,effusion_0,-6.086445,0.0022683202,0.91231364
real,00008339_010.png,8339,,effusion_0,-5.657278,0.0034798572,0.81651074
real,00008342_012.png,8342,,effusion_0,1.9346256,0.8737605,0.40061268
real,00008342_015.png,8342,,effusion_0,-5.1679955,0.0056637153,0.7566208
real,00008342_016.png,8342,,effusion_0,-3.6345196,0.025717752,0.5409058
real,00008342_025.png,8342,,effusion_0,-6.151861,0.0021249894,0.94192016
real,00008404_000.png,8404,,effusion_0,-6.320612,0.0017956123,0.9442461
real,00008465_004.png,8465,,effusion_0,-6.4138145,0.0016360803,0.9555193
real,00008465_006.png,8465,,effusion_0,-6.335594,0.0017689579,0.9672143
real,00008471_000.png,8471,,effusion_0,-5.4145565,0.0044315853,0.8384358
real,00008477_001.png,8477,,effusion_0,2.3967075,0.9165759,0.6386585
real,00008477_005.png,8477,,effusion_0,5.167078,0.9943311,0.9830526
real,00008477_006.png,8477,,effusion_0,1.0266743,0.7362706,0.47453097
real,00008477_007.png,8477,,effusion_0,-2.065651,0.11248047,0.4731094
real,00008489_025.png,8489,,effusion_0,-0.955246,0.27783105,0.45667475
real,00008637_000.png,8637,,effusion_0,3.1350193,0.9583144,0.7475529
real,00008637_001.png,8637,,effusion_0,-6.7975693,0.0011152405,0.9722703
real,00008738_000.png,8738,,effusion_0,-6.485161,0.0015235904,0.9619631
real,00008802_005.png,8802,,effusion_0,-6.5533543,0.0014232981,0.9643768
real,00008806_014.png,8806,,effusion_0,-6.4613514,0.0015602442,0.9627277
real,00008827_000.png,8827,,effusion_0,7.1003933,0.99917585,0.99571466
real,00008866_004.png,8866,,effusion_0,0.5838814,0.64196,0.8687615
real,00008898_000.png,8898,,effusion_0,-6.0009174,0.0024703613,0.8960429
real,00008970_002.png,8970,,effusion_0,-6.519396,0.0014723886,0.9475286
real,00009034_004.png,9034,,effusion_0,6.833479,0.9989241,0.98768675
real,00009105_007.png,9105,,effusion_0,-6.6367664,0.0013095433,0.9751738
real,00009141_000.png,9141,,effusion_0,5.762375,0.99686617,0.9857365
real,00009163_000.png,9163,,effusion_0,7.0107975,0.9990988,0.99554443
real,00009163_001.png,9163,,effusion_0,7.6092377,0.99950445,0.99630976
real,00009174_000.png,9174,,effusion_0,-5.2660656,0.005137359,0.8292353
real,00009185_006.png,9185,,effusion_0,-6.060917,0.0023268347,0.92211175
real,00009189_002.png,9189,,effusion_0,5.574482,0.9962209,0.98156464
real,00009189_004.png,9189,,effusion_0,5.0010433,0.9933141,0.95446676
real,00009189_005.png,9189,,effusion_0,5.9449883,0.99738795,0.9814359
real,00009189_006.png,9189,,effusion_0,6.1566353,0.99788505,0.984242
real,00009229_000.png,9229,,effusion_0,-5.610159,0.0036471372,0.8919877
real,00009286_003.png,9286,,effusion_0,5.725355,0.99674845,0.979758
real,00009326_000.png,9326,,effusion_0,-6.6286697,0.0013201752,0.9623207
real,00009326_001.png,9326,,effusion_0,-6.321638,0.001793774,0.9275045
real,00009349_001.png,9349,,effusion_0,-3.3702202,0.033239234,0.6449613
real,00009349_012.png,9349,,effusion_0,-2.768774,0.059035074,0.84879154
real,00009349_014.png,9349,,effusion_0,-4.332245,0.012967651,0.8061047
real,00009349_015.png,9349,,effusion_0,-4.8051643,0.0081208665,0.8585082
real,00009349_016.png,9349,,effusion_0,-3.604416,0.026482904,0.67509663
real,00009349_019.png,9349,,effusion_0,2.9908886,0.9521608,0.77113974
real,00009349_020.png,9349,,effusion_0,3.546999,0.97199583,0.8478577
real,00009349_021.png,9349,,effusion_0,-2.1456566,0.1047378,0.40822494
real,00009349_024.png,9349,,effusion_0,4.4396877,0.98833805,0.9229266
real,00009349_025.png,9349,,effusion_0,0.9866371,0.7284232,0.74926263
real,00009349_026.png,9349,,effusion_0,-3.3413258,0.034180366,0.6214537
real,00009349_027.png,9349,,effusion_0,0.055892944,0.5139696,0.6598733
real,00009349_028.png,9349,,effusion_0,2.8793983,0.9468186,0.7585658
real,00009349_029.png,9349,,effusion_0,6.1723976,0.99791807,0.9898505
real,00009373_000.png,9373,,effusion_0,7.364828,0.9993673,0.9959835
real,00009373_001.png,9373,,effusion_0,5.197853,0.99450195,0.96207494
real,00009378_005.png,9378,,effusion_0,-6.652111,0.001289628,0.98121756
real,00009378_010.png,9378,,effusion_0,-6.148985,0.0021310973,0.8423044
real,00009378_013.png,9378,,effusion_0,-6.5357037,0.0014486064,0.94199413
real,00009378_014.png,9378,,effusion_0,4.2937584,0.98653036,0.85272855
real,00009378_016.png,9378,,effusion_0,4.5042915,0.98905957,0.9141012
real,00009457_003.png,9457,,effusion_0,4.653742,0.990564,0.9546039
real,00009457_004.png,9457,,effusion_0,-2.0620346,0.112841986,0.33333096
real,00009516_003.png,9516,,effusion_0,-0.25040627,0.4377235,0.47086668
real,00009571_001.png,9571,,effusion_0,5.0506935,0.9936359,0.9765955
real,00009571_002.png,9571,,effusion_0,4.128031,0.984141,0.94181776
real,00009571_003.png,9571,,effusion_0,-6.2219086,0.001981518,0.9632566
real,00009571_004.png,9571,,effusion_0,-5.4293556,0.0043667685,0.91228205
real,00009641_011.png,9641,,effusion_0,6.2688065,0.9981091,0.99074197
real,00009665_004.png,9665,,effusion_0,5.310652,0.99508554,0.97563434
real,00009665_005.png,9665,,effusion_0,-6.1705,0.0020858312,0.9555755
real,00009709_010.png,9709,,effusion_0,-3.3162804,0.035016883,0.5458699
real,00009709_011.png,9709,,effusion_0,-2.7244701,0.061544776,0.40309238
real,00009812_000.png,9812,,effusion_0,-6.388176,0.0016784981,0.9582675
real,00009908_001.png,9908,,effusion_0,-6.526516,0.0014619575,0.9640941
real,00009908_002.png,9908,,effusion_0,-6.513653,0.0014808563,0.97191954
real,00009932_008.png,9932,,effusion_0,-6.605118,0.0013515945,0.971764
real,00009934_007.png,9934,,effusion_0,-5.023939,0.006535567,0.844591
real,00009934_008.png,9934,,effusion_0,-5.4995136,0.0040721097,0.8918062
real,00009934_009.png,9934,,effusion_0,-5.674778,0.0034196961,0.9324135
real,00010071_003.png,10071,,effusion_0,0.5997734,0.6456045,0.6205555
real,00010071_004.png,10071,,effusion_0,4.1143074,0.98392534,0.8854486
real,00010071_007.png,10071,,effusion_0,0.32857323,0.5814122,0.50569135
real,00010071_008.png,10071,,effusion_0,0.32193947,0.57979685,0.54650784
real,00010071_010.png,10071,,effusion_0,5.6246033,0.996405,0.976597
real,00010071_011.png,10071,,effusion_0,5.9153366,0.99730957,0.98429805
real,00010071_012.png,10071,,effusion_0,3.9359035,0.980846,0.9177331
real,00010120_021.png,10120,,effusion_0,-6.183216,0.0020595295,0.94089437
real,00010131_007.png,10131,,effusion_0,5.683834,0.99661106,0.9848697
real,00010177_000.png,10177,,effusion_0,-6.1823425,0.0020613256,0.9523142
real,00010275_000.png,10275,,effusion_0,6.961178,0.99905294,0.9921
real,00010279_003.png,10279,,effusion_0,7.0480537,0.9991316,0.9943383
real,00010279_004.png,10279,,effusion_0,6.751463,0.99883217,0.99240166
real,00010279_005.png,10279,,effusion_0,6.3236217,0.99820983,0.99003875
real,00010335_001.png,10335,,effusion_0,5.6854706,0.99661654,0.9835973
real,00010335_002.png,10335,,effusion_0,6.7536144,0.99883467,0.9917346
real,00010335_003.png,10335,,effusion_0,6.046093,0.99763846,0.9755565
real,00010335_005.png,10335,,effusion_0,5.514984,0.9959902,0.9661076
real,00010354_002.png,10354,,effusion_0,-1.0169525,0.26562142,0.25301707
real,00010427_009.png,10427,,effusion_0,-6.3319645,0.0017753788,0.9297108
real,00010443_001.png,10443,,effusion_0,-5.6169453,0.0036225596,0.8898406
real,00010465_004.png,10465,,effusion_0,2.8172054,0.94359857,0.7364284
real,00010469_002.png,10469,,effusion_0,7.4778614,0.9994349,0.9956415
real,00010521_002.png,10521,,effusion_0,2.7911015,0.9421931,0.60442173
real,00010536_000.png,10536,,effusion_0,-5.558981,0.0038379142,0.94196934
real,00010571_006.png,10571,,effusion_0,-1.7324333,0.1502766,0.43651515
real,00010575_002.png,10575,,effusion_0,7.0266094,0.9991128,0.9939434
real,00010575_003.png,10575,,effusion_0,4.9995537,0.9933042,0.9695998
real,00010625_000.png,10625,,effusion_0,6.003191,0.9975352,0.976995
real,00010625_010.png,10625,,effusion_0,-4.5478725,0.010478742,0.697288
real,00010625_014.png,10625,,effusion_0,-1.0294743,0.26318604,0.26105228
real,00010638_001.png,10638,,effusion_0,-5.9274597,0.002658159,0.9471462
real,00010695_007.png,10695,,effusion_0,2.2169666,0.90176284,0.5072742
real,00010695_008.png,10695,,effusion_0,-6.0225945,0.0024175155,0.9302526
real,00010695_013.png,10695,,effusion_0,-5.825577,0.0029424182,0.8867011
real,00010695_014.png,10695,,effusion_0,-3.1229668,0.042169776,0.57649153
real,00010695_015.png,10695,,effusion_0,-3.1228676,0.04217378,0.4000375
real,00010695_017.png,10695,,effusion_0,0.96198463,0.72351897,0.36965442
real,00010695_016.png,10695,,effusion_0,2.7364082,0.93914115,0.6357047
real,00010767_001.png,10767,,effusion_0,-2.8267002,0.055898283,0.4366931
real,00010767_017.png,10767,,effusion_0,-2.7324638,0.0610847,0.5701504
real,00010767_015.png,10767,,effusion_0,3.640316,0.9744271,0.8379856
real,00010767_016.png,10767,,effusion_0,0.25603485,0.56366134,0.5606378
real,00010767_022.png,10767,,effusion_0,1.4216156,0.8055916,0.60718095
real,00010767_023.png,10767,,effusion_0,2.7827778,0.94173807,0.7658808
real,00010767_024.png,10767,,effusion_0,3.7226753,0.97640115,0.8852158
real,00010767_025.png,10767,,effusion_0,4.099308,0.9836864,0.9058508
real,00010767_026.png,10767,,effusion_0,1.1657982,0.7623847,0.53656954
real,00010772_002.png,10772,,effusion_0,6.4934673,0.998489,0.99061227
real,00010772_003.png,10772,,effusion_0,6.322981,0.99820864,0.9889254
real,00010772_007.png,10772,,effusion_0,2.9258099,0.94910765,0.65034324
real,00010772_010.png,10772,,effusion_0,7.082205,0.99916077,0.99377394
real,00010772_012.png,10772,,effusion_0,7.1459064,0.9992125,0.9948281
real,00010772_015.png,10772,,effusion_0,6.3098373,0.998185,0.9888974
real,00010790_003.png,10790,,effusion_0,-6.100958,0.0022357109,0.83655953
real,00010828_000.png,10828,,effusion_0,4.774355,0.9916272,0.9492796
real,00010936_008.png,10936,,effusion_0,-4.2232113,0.014439952,0.7109446
real,00010936_009.png,10936,,effusion_0,0.051477432,0.5128665,0.39962044
real,00010936_010.png,10936,,effusion_0,-1.7299671,0.15059178,0.5751535
real,00010936_016.png,10936,,effusion_0,-1.2490082,0.22287185,0.45303366
real,00010936_017.png,10936,,effusion_0,-1.386713,0.19993302,0.44966006
real,00010936_018.png,10936,,effusion_0,5.215664,0.9945985,0.96174455
real,00010936_019.png,10936,,effusion_0,-1.0559521,0.2580838,0.26210108
real,00010936_021.png,10936,,effusion_0,6.146677,0.99786395,0.98463035
real,00010936_023.png,10936,,effusion_0,6.773817,0.998858,0.9930388
real,00010936_024.png,10936,,effusion_0,5.1982594,0.9945042,0.9534025
real,00010940_000.png,10940,,effusion_0,6.760927,0.9988432,0.99391466
real,00010953_000.png,10953,,effusion_0,5.4277687,0.99562633,0.9832732
real,00010953_003.png,10953,,effusion_0,4.502968,0.98904526,0.9452862
real,00010953_004.png,10953,,effusion_0,5.059641,0.99369216,0.98125994
real,00010953_009.png,10953,,effusion_0,5.042694,0.99358505,0.9805582
real,00010953_011.png,10953,,effusion_0,6.6221066,0.9986712,0.99168766
real,00010953_012.png,10953,,effusion_0,6.4979115,0.9984957,0.9916495
real,00010970_000.png,10970,,effusion_0,-6.4562073,0.0015682785,0.9664472
real,00010992_000.png,10992,,effusion_0,7.013872,0.9991015,0.99467593
real,00010992_006.png,10992,,effusion_0,6.6363525,0.99868995,0.989981
real,00010992_007.png,10992,,effusion_0,3.981205,0.9816788,0.81581765
real,00010992_008.png,10992,,effusion_0,5.3157673,0.9951106,0.9512189
real,00010992_009.png,10992,,effusion_0,5.3741264,0.9953864,0.97921026
real,00010992_010.png,10992,,effusion_0,5.1730843,0.99436486,0.96775347
real,00010992_011.png,10992,,effusion_0,1.4504166,0.8100625,0.43909377
real,00010992_012.png,10992,,effusion_0,2.4969883,0.9239304,0.6372566
real,00010994_003.png,10994,,effusion_0,-5.78759,0.003055993,0.9246452
real,00010994_005.png,10994,,effusion_0,-5.095171,0.0060889567,0.83921623
real,00010994_007.png,10994,,effusion_0,6.6139603,0.9986603,0.9881937
real,00010994_009.png,10994,,effusion_0,-1.0445042,0.26028186,0.34399593
real,00010994_010.png,10994,,effusion_0,-0.21112251,0.44741458,0.290969
real,00010994_011.png,10994,,effusion_0,-4.2820225,0.013626448,0.70089126
real,00010994_012.png,10994,,effusion_0,-5.0840797,0.0061564487,0.8049713
real,00010994_013.png,10994,,effusion_0,-4.1374874,0.0157121,0.5992205
real,00010994_000.png,10994,,effusion_0,-5.2562866,0.0051875818,0.855413
real,00011139_000.png,11139,,effusion_0,-6.3208237,0.0017952328,0.9577162
real,00011237_001.png,11237,,effusion_0,6.5457897,0.998566,0.9886072
real,00011279_002.png,11279,,effusion_0,3.7533169,0.977097,0.8834553
real,00011380_005.png,11380,,effusion_0,-5.7368755,0.0032144622,0.928111
real,00011380_006.png,11380,,effusion_0,3.0693855,0.9556121,0.6680975
real,00011380_009.png,11380,,effusion_0,3.0866146,0.9563373,0.79346156
real,00011380_010.png,11380,,effusion_0,3.66712,0.9750866,0.84546334
real,00011380_011.png,11380,,effusion_0,4.530117,0.9893356,0.9332022
real,00011380_012.png,11380,,effusion_0,4.335108,0.9870689,0.9282003
real,00011380_014.png,11380,,effusion_0,3.2170887,0.9614723,0.7529257
real,00011380_015.png,11380,,effusion_0,4.233082,0.98569983,0.9255797
real,00011380_016.png,11380,,effusion_0,3.920721,0.9805587,0.8547424
real,00011380_018.png,11380,,effusion_0,3.9330387,0.9807921,0.8795006
real,00011380_019.png,11380,,effusion_0,5.5616074,0.99617213,0.97388214
real,00011380_020.png,11380,,effusion_0,5.0035496,0.99333066,0.9583797
real,00011380_021.png,11380,,effusion_0,5.5180817,0.9960025,0.97591
real,00011380_023.png,11380,,effusion_0,3.1690235,0.95965177,0.79764944
real,00011380_024.png,11380,,effusion_0,2.9019241,0.9479415,0.8047811
real,00011380_025.png,11380,,effusion_0,3.2287083,0.9619005,0.86272407
real,00011380_026.png,11380,,effusion_0,2.9282627,0.94922596,0.6897692
real,00011423_002.png,11423,,effusion_0,-0.59856987,0.35467097,0.3960374
real,00011423_003.png,11423,,effusion_0,-0.9727974,0.27432325,0.25916314
real,00011423_006.png,11423,,effusion_0,0.5846329,0.64213276,0.42614654
real,00011423_008.png,11423,,effusion_0,1.8677521,0.86619794,0.553612
real,00011423_000.png,11423,,effusion_0,0.9479103,0.72069466,0.5246011
real,00011423_001.png,11423,,effusion_0,1.854351,0.8646372,0.5308303
real,00011654_004.png,11654,,effusion_0,-4.6068344,0.00988469,0.79886377
real,00011748_000.png,11748,,effusion_0,1.5309181,0.8221406,0.8080984
real,00011764_004.png,11764,,effusion_0,-6.0891075,0.002262302,0.9168447
real,00011770_010.png,11770,,effusion_0,-6.5072613,0.0014903374,0.96438384
real,00011831_004.png,11831,,effusion_0,-3.2289963,0.038089003,0.82858896
real,00011831_007.png,11831,,effusion_0,-2.5657654,0.07137446,0.814979
real,00011831_008.png,11831,,effusion_0,-2.9111137,0.051606897,0.6475457
real,00011831_009.png,11831,,effusion_0,-4.726372,0.008780769,0.8843858
real,00011831_010.png,11831,,effusion_0,-0.3124733,0.42251113,0.7116059
real,00011831_016.png,11831,,effusion_0,-0.611557,0.35170412,0.5090206
real,00011831_017.png,11831,,effusion_0,7.4275894,0.99940574,0.9971971
real,00011831_020.png,11831,,effusion_0,6.6183987,0.99866617,0.9929503
real,00011831_021.png,11831,,effusion_0,5.146187,0.9942121,0.9827964
real,00011949_000.png,11949,,effusion_0,-6.053776,0.0023434714,0.91644156
real,00011950_013.png,11950,,effusion_0,-0.20202255,0.44966546,0.3897767
real,00011950_015.png,11950,,effusion_0,3.1559963,0.9591443,0.70960534
real,00011950_016.png,11950,,effusion_0,7.461439,0.99942553,0.99332386
real,00011950_018.png,11950,,effusion_0,2.62212,0.9322717,0.6933815
real,00011987_008.png,11987,,effusion_0,7.666662,0.9995321,0.9947898
real,00012021_001.png,12021,,effusion_0,4.8343163,0.99211067,0.9336614
real,00012043_012.png,12043,,effusion_0,7.5457726,0.99947196,0.9952004
real,00012043_013.png,12043,,effusion_0,7.801916,0.9995912,0.9974455
real,00012043_015.png,12043,,effusion_0,7.4533825,0.9994209,0.99436086
real,00012043_016.png,12043,,effusion_0,7.4436665,0.9994153,0.99506575
real,00012092_003.png,12092,,effusion_0,-4.9941444,0.0067318915,0.81839246
real,00012178_000.png,12178,,effusion_0,5.3284626,0.99517184,0.97245824
real,00012178_001.png,12178,,effusion_0,2.2609634,0.9055921,0.48021048
real,00012263_000.png,12263,,effusion_0,-5.0804024,0.0061789895,0.8112813
real,00012263_002.png,12263,,effusion_0,7.3232594,0.99934036,0.9942991
real,00012263_005.png,12263,,effusion_0,7.0498657,0.9991333,0.9950962
real,00012263_006.png,12263,,effusion_0,7.7277107,0.9995597,0.997537
real,00012263_007.png,12263,,effusion_0,4.4393387,0.98833394,0.9666042
real,00012415_002.png,12415,,effusion_0,0.23244095,0.55785,0.4077977
real,00012415_004.png,12415,,effusion_0,-4.37957,0.01237567,0.745426
real,00012415_005.png,12415,,effusion_0,-3.8086433,0.021697044,0.66384864
real,00012415_006.png,12415,,effusion_0,-4.1049213,0.016223764,0.72257364
real,00012460_002.png,12460,,effusion_0,-6.5918446,0.0013696293,0.96841896
real,00012460_003.png,12460,,effusion_0,-6.751684,0.0011675445,0.9662561
real,00012523_000.png,12523,,effusion_0,-6.4817104,0.0015288485,0.94195545
real,00012536_003.png,12536,,effusion_0,4.620079,0.9902441,0.9310284
real,00012604_000.png,12604,,effusion_0,5.3635616,0.9953376,0.96790206
real,00012604_004.png,12604,,effusion_0,6.464632,0.99844486,0.99053067
real,00012604_005.png,12604,,effusion_0,4.809185,0.9919115,0.94343466
real,00012626_015.png,12626,,effusion_0,1.8879433,0.86852086,0.45486164
real,00012653_002.png,12653,,effusion_0,4.067774,0.98317254,0.93420166
real,00012707_000.png,12707,,effusion_0,-6.4654846,0.0015538188,0.98173356
real,00012722_000.png,12722,,effusion_0,5.8224297,0.9970483,0.99343836
real,00012722_001.png,12722,,effusion_0,5.689251,0.9966293,0.98897654
real,00012722_002.png,12722,,effusion_0,5.795599,0.9969683,0.9920663
real,00012722_005.png,12722,,effusion_0,6.2977276,0.9981629,0.9932491
real,00012799_001.png,12799,,effusion_0,-6.148588,0.002131941,0.9512438
real,00012827_001.png,12827,,effusion_0,-0.036655426,0.4908372,0.34072462
real,00012827_002.png,12827,,effusion_0,7.2470493,0.99928826,0.99504185
real,00012939_002.png,12939,,effusion_0,3.4379387,0.9688694,0.7647489
real,00012949_002.png,12949,,effusion_0,-0.8535671,0.29868513,0.35523865
real,00012973_017.png,12973,,effusion_0,2.0861378,0.88954854,0.6107028
real,00012973_015.png,12973,,effusion_0,4.0938835,0.98359907,0.8973345
real,00012973_016.png,12973,,effusion_0,-1.8958378,0.13058028,0.4488122
real,00012973_019.png,12973,,effusion_0,2.5312595,0.9263044,0.69691795
real,00012973_020.png,12973,,effusion_0,2.5206509,0.9255769,0.5798017
real,00012973_021.png,12973,,effusion_0,3.1484165,0.95884633,0.706399
real,00012975_000.png,12975,,effusion_0,6.5444775,0.99856406,0.9921325
real,00013205_001.png,13205,,effusion_0,-4.2923336,0.0134885525,0.68473405
real,00013205_003.png,13205,,effusion_0,-2.8704185,0.053635404,0.60719526
real,00013205_004.png,13205,,effusion_0,-3.9940395,0.018091792,0.6363267
real,00013205_006.png,13205,,effusion_0,-6.51099,0.0014847987,0.94944227
real,00013237_000.png,13237,,effusion_0,-4.092684,0.016420245,0.627437
real,00013285_000.png,13285,,effusion_0,-4.409624,0.012013665,0.7276335
real,00013285_002.png,13285,,effusion_0,-0.04506111,0.48873663,0.3199028
real,00013285_003.png,13285,,effusion_0,4.7945004,0.99179274,0.9139997
real,00013370_005.png,13370,,effusion_0,-1.9195766,0.12790878,0.37579414
real,00013408_007.png,13408,,effusion_0,-5.979807,0.0025229333,0.93114156
real,00013408_008.png,13408,,effusion_0,-0.036052704,0.4909878,0.22409679
real,00013408_016.png,13408,,effusion_0,-5.0002575,0.006691139,0.7715744
real,00013408_017.png,13408,,effusion_0,3.9552422,0.98120594,0.84302264
real,00013408_018.png,13408,,effusion_0,-6.373703,0.0017029259,0.9436539
real,00013458_002.png,13458,,effusion_0,-6.599365,0.0013593814,0.9765863
real,00013499_000.png,13499,,effusion_0,-5.285454,0.005039211,0.79947174
real,00013519_001.png,13519,,effusion_0,-5.818245,0.0029640065,0.9300447
real,00013522_000.png,13522,,effusion_0,-6.8274593,0.0010824348,0.9769273
real,00013534_006.png,13534,,effusion_0,7.3334045,0.99934703,0.99300987
real,00013534_008.png,13534,,effusion_0,7.0887814,0.99916625,0.99052083
real,00013534_010.png,13534,,effusion_0,6.0438557,0.9976332,0.9843813
real,00013591_003.png,13591,,effusion_0,4.4632854,0.98860687,0.9210811
real,00013591_005.png,13591,,effusion_0,-5.1281548,0.0058925604,0.8546208
real,00013608_006.png,13608,,effusion_0,-1.3978653,0.19815509,0.25899166
real,00013608_007.png,13608,,effusion_0,4.187069,0.9850366,0.9081346
real,00013608_008.png,13608,,effusion_0,1.9029617,0.8702264,0.52767146
real,00013608_011.png,13608,,effusion_0,-4.4229965,0.011855975,0.6630063
real,00013608_012.png,13608,,effusion_0,0.3386116,0.58385324,0.31869584
real,00013608_013.png,13608,,effusion_0,3.6972485,0.97580814,0.85421085
real,00013608_017.png,13608,,effusion_0,4.5576115,0.98962176,0.9076029
real,00013608_021.png,13608,,effusion_0,3.245802,0.962522,0.73992634
real,00013625_004.png,13625,,effusion_0,-6.114172,0.002206427,0.970617
real,00013625_061.png,13625,,effusion_0,-5.8358173,0.002912527,0.90183866
real,00013678_000.png,13678,,effusion_0,5.328577,0.99517244,0.9743964
real,00013678_001.png,13678,,effusion_0,6.10347,0.99776995,0.98740846
real,00013709_000.png,13709,,effusion_0,-6.3707447,0.0017079626,0.972304
real,00013743_001.png,13743,,effusion_0,0.056150436,0.5140339,0.28511244
real,00013830_000.png,13830,,effusion_0,-6.50375,0.0014955719,0.9700286
real,00013862_004.png,13862,,effusion_0,4.63669,0.9904033,0.946209
real,00013911_002.png,13911,,effusion_0,6.177902,0.9979296,0.9836547
real,00013911_004.png,13911,,effusion_0,4.567827,0.9897261,0.93820024
real,00013911_007.png,13911,,effusion_0,7.214035,0.9992643,0.99453616
real,00013911_012.png,13911,,effusion_0,3.4410496,0.9689631,0.7599646
real,00013911_020.png,13911,,effusion_0,1.8037491,0.85860467,0.4120597
real,00013911_000.png,13911,,effusion_0,7.284477,0.9993144,0.99493194
real,00013964_001.png,13964,,effusion_0,-2.9424133,0.050096307,0.52772754
real,00014183_000.png,14183,,effusion_0,-6.5717487,0.0013973928,0.9639202
real,00014196_002.png,14196,,effusion_0,6.2597027,0.9980919,0.9859116
real,00014196_003.png,14196,,effusion_0,4.74514,0.9913811,0.9299099
real,00014289_000.png,14289,,effusion_0,7.6299286,0.9995146,0.9957015
real,00014307_004.png,14307,,effusion_0,6.4883003,0.9984812,0.98720515
real,00014307_008.png,14307,,effusion_0,-6.635042,0.0013118003,0.9767413
real,00014307_011.png,14307,,effusion_0,3.1865292,0.9603241,0.6570998
real,00014320_011.png,14320,,effusion_0,2.768179,0.94093186,0.6682608
real,00014320_012.png,14320,,effusion_0,-5.762247,0.0031341845,0.92099833
real,00014320_033.png,14320,,effusion_0,-6.1949596,0.0020355335,0.91024274
real,00014320_039.png,14320,,effusion_0,-5.972576,0.0025411956,0.8531721
real,00014387_000.png,14387,,effusion_0,-2.9122162,0.051552963,0.6525705
real,00014387_008.png,14387,,effusion_0,-4.5587387,0.010366669,0.55850273
real,00014387_010.png,14387,,effusion_0,3.2393322,0.9622879,0.6896784
real,00014475_001.png,14475,,effusion_0,-6.777977,0.0011372811,0.96768737
real,00014538_000.png,14538,,effusion_0,-0.35326385,0.41259116,0.34133294
real,00014574_000.png,14574,,effusion_0,-6.5125637,0.0014824675,0.9529903
real,00014648_000.png,14648,,effusion_0,-6.6226883,0.0013280849,0.97142106
real,00014695_004.png,14695,,effusion_0,-2.8224049,0.0561254,0.38360545
real,00014719_006.png,14719,,effusion_0,-3.5660763,0.027489511,0.59049356
real,00014719_007.png,14719,,effusion_0,-6.0673504,0.0023119475,0.9089202
real,00014773_003.png,14773,,effusion_0,-4.9157753,0.007276694,0.85945296
real,00014773_004.png,14773,,effusion_0,-3.3358212,0.03436255,0.5749341
real,00014773_006.png,14773,,effusion_0,-2.3303413,0.088641085,0.50504494
real,00014773_005.png,14773,,effusion_0,-3.7037601,0.024038648,0.58773947
real,00014773_007.png,14773,,effusion_0,-6.7791634,0.0011359341,0.98047566
real,00014943_000.png,14943,,effusion_0,-3.2263165,0.03818731,0.59867233
real,00015064_000.png,15064,,effusion_0,-3.7880058,0.022139452,0.68183684
real,00015080_002.png,15080,,effusion_0,-0.10377693,0.474079,0.40320534
real,00015114_001.png,15114,,effusion_0,-6.04146,0.0023724423,0.96030456
real,00015114_003.png,15114,,effusion_0,4.125839,0.9841068,0.92545044
real,00015212_001.png,15212,,effusion_0,6.705288,0.9987771,0.99315345
real,00015212_003.png,15212,,effusion_0,2.8759594,0.94664514,0.76220363
real,00015212_008.png,15212,,effusion_0,5.0782547,0.99380773,0.9636702
real,00015228_002.png,15228,,effusion_0,-6.2164993,0.001992244,0.96367884
real,00015242_000.png,15242,,effusion_0,-3.7557716,0.022848155,0.5893914
real,00015244_002.png,15244,,effusion_0,-6.727995,0.0011954996,0.97145003
real,00015244_000.png,15244,,effusion_0,-6.5914326,0.001370193,0.9716302
real,00015254_001.png,15254,,effusion_0,-2.703474,0.06276867,0.3930619
real,00015254_002.png,15254,,effusion_0,7.2863274,0.9993156,0.993264
real,00015282_000.png,15282,,effusion_0,-5.6205235,0.0036096678,0.9070854
real,00015313_000.png,15313,,effusion_0,-3.8785267,0.020262225,0.57960874
real,00015313_003.png,15313,,effusion_0,6.8850975,0.99897814,0.9936423
real,00015313_005.png,15313,,effusion_0,6.3485355,0.99825376,0.9860781
real,00015313_006.png,15313,,effusion_0,5.0073586,0.9933559,0.9173662
real,00015313_007.png,15313,,effusion_0,-1.801487,0.14167015,0.22066383
real,00015313_008.png,15313,,effusion_0,-6.053467,0.0023441936,0.93932956
real,00015318_007.png,15318,,effusion_0,-3.55653,0.027745878,0.49791253
real,00015318_008.png,15318,,effusion_0,7.1611786,0.9992244,0.99296665
real,00015376_002.png,15376,,effusion_0,4.460314,0.9885733,0.95111996
real,00015376_037.png,15376,,effusion_0,-5.243725,0.0052528135,0.86791044
real,00015388_004.png,15388,,effusion_0,-5.8608856,0.0028406277,0.9001242
real,00015423_001.png,15423,,effusion_0,-1.1330814,0.24359287,0.32888058
real,00015423_002.png,15423,,effusion_0,-1.0164776,0.26571408,0.3786111
real,00015423_003.png,15423,,effusion_0,-3.137577,0.041583575,0.51718676
real,00015423_004.png,15423,,effusion_0,-1.3175793,0.21122131,0.28641465
real,00015423_005.png,15423,,effusion_0,-0.40318298,0.40054786,0.2558156
real,00015423_006.png,15423,,effusion_0,2.7999115,0.94267106,0.6647226
real,00015448_003.png,15448,,effusion_0,-6.771967,0.001144129,0.97727686
real,00015492_002.png,15492,,effusion_0,-6.2944508,0.00184312,0.9313097
real,00015497_000.png,15497,,effusion_0,6.2555027,0.99808383,0.9874925
real,00015497_001.png,15497,,effusion_0,3.256401,0.9629025,0.71261364
real,00015562_004.png,15562,,effusion_0,-1.7058716,0.15369996,0.43385455
real,00015654_000.png,15654,,effusion_0,4.2281303,0.98562986,0.87970144
real,00015654_001.png,15654,,effusion_0,6.19915,0.9979729,0.98864263
real,00015654_002.png,15654,,effusion_0,6.579859,0.99861383,0.9901233
real,00015654_003.png,15654,,effusion_0,6.049673,0.99764687,0.9790506
real,00015654_004.png,15654,,effusion_0,7.0420704,0.9991265,0.99179345
real,00015654_005.png,15654,,effusion_0,7.8343277,0.9996043,0.99513334
real,00015654_006.png,15654,,effusion_0,7.487541,0.99944025,0.99576795
real,00015716_000.png,15716,,effusion_0,-3.9673138,0.018572725,0.6144625
real,00015985_000.png,15985,,effusion_0,3.2857227,0.9639357,0.788594
real,00016041_000.png,16041,,effusion_0,7.058161,0.9991404,0.99106395
real,00016184_016.png,16184,,effusion_0,6.355547,0.9982659,0.988333
real,00016191_001.png,16191,,effusion_0,4.120455,0.9840223,0.8889608
real,00016191_015.png,16191,,effusion_0,-1.3918571,0.19911145,0.29391712
real,00016191_016.png,16191,,effusion_0,-5.565428,0.0038133452,0.8504452
real,00016191_021.png,16191,,effusion_0,5.196411,0.994494,0.97557557
real,00016191_026.png,16191,,effusion_0,6.155205,0.99788207,0.98004055
real,00016191_027.png,16191,,effusion_0,6.51762,0.9985251,0.9907162
real,00016202_000.png,16202,,effusion_0,-6.5576267,0.0014172386,0.97723395
real,00016205_005.png,16205,,effusion_0,2.370676,0.9145637,0.52982646
real,00016205_007.png,16205,,effusion_0,-5.642023,0.0035331605,0.78155
real,00016205_008.png,16205,,effusion_0,-4.69977,0.009015353,0.6198301
real,00016205_009.png,16205,,effusion_0,-4.264786,0.013860077,0.51996166
real,00016238_007.png,16238,,effusion_0,6.981743,0.9990722,0.9933449
real,00016238_008.png,16238,,effusion_0,3.1265583,0.95797503,0.71389383
real,00016353_000.png,16353,,effusion_0,-5.918562,0.0026818528,0.9280066
real,00016417_000.png,16417,,effusion_0,6.0312176,0.99760324,0.9859831
real,00016417_001.png,16417,,effusion_0,6.1587696,0.9978896,0.98334545
real,00016417_002.png,16417,,effusion_0,-6.383236,0.0016867964,0.9536269
real,00016417_004.png,16417,,effusion_0,5.7077446,0.99669087,0.9747901
real,00016417_006.png,16417,,effusion_0,3.9254627,0.9806489,0.8051861
real,00016417_007.png,16417,,effusion_0,6.480547,0.9984693,0.9867083
real,00016417_008.png,16417,,effusion_0,6.4524593,0.99842584,0.9875343
real,00016417_009.png,16417,,effusion_0,7.168419,0.99923,0.9942222
real,00016484_002.png,16484,,effusion_0,-5.5114765,0.0040238807,0.9063719
real,00016484_018.png,16484,,effusion_0,-6.077299,0.0022891131,0.94877166
real,00016484_030.png,16484,,effusion_0,-6.0036907,0.0024635366,0.9496271
real,00016548_000.png,16548,,effusion_0,1.0581684,0.7423404,0.5051478
real,00016568_005.png,16568,,effusion_0,4.18795,0.98504955,0.9383158
real,00016568_015.png,16568,,effusion_0,4.6414604,0.99044853,0.9497686
real,00016568_016.png,16568,,effusion_0,-4.391062,0.012235996,0.6882437
real,00016568_017.png,16568,,effusion_0,3.434084,0.9687529,0.8448966
real,00016568_018.png,16568,,effusion_0,5.0150566,0.99340653,0.97202027
real,00016568_019.png,16568,,effusion_0,5.471596,0.9958131,0.9789052
real,00016568_020.png,16568,,effusion_0,1.3389893,0.79232365,0.68932724
real,00016568_021.png,16568,,effusion_0,5.6437073,0.9964728,0.985194
real,00016568_022.png,16568,,effusion_0,5.0484753,0.9936219,0.97305113
real,00016568_023.png,16568,,effusion_0,-1.8874607,0.13153426,0.6659747
real,00016568_024.png,16568,,effusion_0,5.1200523,0.9940598,0.9796317
real,00016568_025.png,16568,,effusion_0,5.8925133,0.9972475,0.98632926
real,00016568_028.png,16568,,effusion_0,5.4485474,0.9957159,0.9790057
real,00016568_029.png,16568,,effusion_0,5.416765,0.9955781,0.98101836
real,00016568_032.png,16568,,effusion_0,3.385624,0.9672522,0.84520274
real,00016568_036.png,16568,,effusion_0,2.7625237,0.9406167,0.72320116
real,00016568_037.png,16568,,effusion_0,4.5986004,0.9900344,0.9025977
real,00016568_038.png,16568,,effusion_0,2.9743042,0.9513997,0.75337857
real,00016568_039.png,16568,,effusion_0,3.5384293,0.97176164,0.86846626
real,00016568_040.png,16568,,effusion_0,-0.22807693,0.44322667,0.42311525
real,00016568_041.png,16568,,effusion_0,3.8858795,0.97988325,0.8743731
real,00016568_042.png,16568,,effusion_0,-1.4447212,0.1908153,0.4820825
real,00016568_043.png,16568,,effusion_0,-2.3726597,0.08528143,0.5589781
real,00016568_044.png,16568,,effusion_0,2.4844456,0.9230442,0.6248719
real,00016568_047.png,16568,,effusion_0,1.0900269,0.74838674,0.40185958
real,00016568_051.png,16568,,effusion_0,-1.6147614,0.1659286,0.40936896
real,00016677_004.png,16677,,effusion_0,6.372061,0.9982943,0.98988026
real,00016677_000.png,16677,,effusion_0,5.999605,0.99752647,0.9880385
real,00016724_000.png,16724,,effusion_0,7.6876717,0.99954176,0.9964193
real,00016724_001.png,16724,,effusion_0,7.779352,0.9995819,0.9978067
real,00016724_003.png,16724,,effusion_0,6.539543,0.9985569,0.9923547
real,00016757_003.png,16757,,effusion_0,-5.7184696,0.0032739795,0.8029443
real,00016801_000.png,16801,,effusion_0,3.607296,0.9735912,0.8771989
real,00016801_006.png,16801,,effusion_0,6.014904,0.99756384,0.9879676
real,00016801_008.png,16801,,effusion_0,-3.9567013,0.018767161,0.59387946
real,00016862_000.png,16862,,effusion_0,-2.2731495,0.093371265,0.3855244
real,00016975_010.png,16975,,effusion_0,-6.406477,0.0016481095,0.9468921
real,00016975_013.png,16975,,effusion_0,-6.4689274,0.0015484868,0.9358014
real,00016975_017.png,16975,,effusion_0,6.9076805,0.99900097,0.9913669
real,00016975_018.png,16975,,effusion_0,-3.845932,0.020919502,0.49791
real,00016990_000.png,16990,,effusion_0,-6.3191147,0.001798298,0.9575394
real,00017258_002.png,17258,,effusion_0,4.1881065,0.9850519,0.91924715
real,00017258_003.png,17258,,effusion_0,-0.47706223,0.38294604,0.39831337
real,00017258_004.png,17258,,effusion_0,7.7315235,0.99956137,0.9965531
real,00017258_005.png,17258,,effusion_0,4.0826015,0.9834161,0.91538525
real,00017258_006.png,17258,,effusion_0,6.500311,0.9984993,0.9929316
real,00017258_007.png,17258,,effusion_0,7.2302113,0.9992762,0.9951692
real,00017258_008.png,17258,,effusion_0,7.04043,0.99912506,0.9929911
real,00017258_009.png,17258,,effusion_0,7.156723,0.99922097,0.9960946
real,00017258_010.png,17258,,effusion_0,7.396637,0.999387,0.99557066
real,00017258_011.png,17258,,effusion_0,3.7929974,0.9779684,0.88081795
real,00017258_016.png,17258,,effusion_0,-1.151535,0.24020882,0.64331335
real,00017258_017.png,17258,,effusion_0,-3.2744217,0.036459178,0.7706925
real,00017258_019.png,17258,,effusion_0,5.794054,0.9969637,0.9805121
real,00017263_000.png,17263,,effusion_0,-6.7278976,0.0011956157,0.9720543
real,00017395_001.png,17395,,effusion_0,7.0872955,0.99916506,0.98955745
real,00017395_002.png,17395,,effusion_0,5.2376556,0.9947154,0.955914
real,00017395_003.png,17395,,effusion_0,-2.8729134,0.05350891,0.4435954
real,00017443_012.png,17443,,effusion_0,1.8760338,0.86715484,0.5095839
real,00017443_013.png,17443,,effusion_0,-1.6338196,0.16330779,0.39453354
real,00017529_000.png,17529,,effusion_0,0.21977043,0.5547225,0.26098362
real,00017607_000.png,17607,,effusion_0,-6.2015476,0.0020221947,0.946475
real,00017618_004.png,17618,,effusion_0,6.685894,0.9987532,0.98964304
real,00017618_005.png,17618,,effusion_0,3.9158382,0.9804654,0.8217199
real,00017618_006.png,17618,,effusion_0,5.4958,0.99591273,0.9848715
real,00017618_008.png,17618,,effusion_0,6.3077126,0.9981811,0.98649454
real,00017618_009.png,17618,,effusion_0,7.027487,0.9991136,0.9935854
real,00017618_010.png,17618,,effusion_0,7.224558,0.99927205,0.9950531
real,00017618_011.png,17618,,effusion_0,7.4124355,0.9993967,0.9950611
real,00017618_014.png,17618,,effusion_0,7.336685,0.9993492,0.99253863
real,00017618_015.png,17618,,effusion_0,5.07782,0.99380517,0.9521234
real,00017618_019.png,17618,,effusion_0,4.6334267,0.9903722,0.91326797
real,00017618_020.png,17618,,effusion_0,4.9249535,0.9927893,0.9572653
real,00017618_021.png,17618,,effusion_0,6.174076,0.99792165,0.9830043
real,00017618_022.png,17618,,effusion_0,7.098118,0.99917394,0.9942129
real,00017618_023.png,17618,,effusion_0,7.746134,0.9995678,0.99620754
real,00017618_032.png,17618,,effusion_0,6.5207043,0.99852955,0.98911303
real,00017691_014.png,17691,,effusion_0,-4.948942,0.0070409793,0.78091526
real,00017702_001.png,17702,,effusion_0,6.8440456,0.9989354,0.99554884
real,00017747_053.png,17747,,effusion_0,-3.5496788,0.027931292,0.72193277
real,00017747_054.png,17747,,effusion_0,-0.21381569,0.44674882,0.6343987
real,00017747_055.png,17747,,effusion_0,-0.57240677,0.36068162,0.6646011
real,00017747_056.png,17747,,effusion_0,0.43712425,0.60757357,0.664907
real,00017747_057.png,17747,,effusion_0,-1.0152359,0.26595643,0.73700595
real,00017747_004.png,17747,,effusion_0,-1.6208191,0.16509193,0.59536874
real,00017747_005.png,17747,,effusion_0,-0.41335106,0.39810887,0.70630854
real,00017747_008.png,17747,,effusion_0,2.3729877,0.91474414,0.8593624
real,00017747_010.png,17747,,effusion_0,1.2206917,0.7721852,0.80111927
real,00017747_011.png,17747,,effusion_0,1.9576454,0.87627786,0.8366564
real,00017747_012.png,17747,,effusion_0,2.1488438,0.89556074,0.849731
real,00017763_003.png,17763,,effusion_0,-5.8128853,0.0029798879,0.89753044
real,00017763_004.png,17763,,effusion_0,-6.1490784,0.0021308986,0.91900307
real,00017786_005.png,17786,,effusion_0,3.9379005,0.98088354,0.836429
real,00017786_010.png,17786,,effusion_0,-4.9830647,0.0068063843,0.76759565
real,00017786_012.png,17786,,effusion_0,2.5515404,0.927677,0.53187376
real,00017786_000.png,17786,,effusion_0,4.692459,0.9909191,0.94209677
real,00017822_000.png,17822,,effusion_0,-5.859398,0.0028448447,0.8516801
real,00017835_032.png,17835,,effusion_0,-1.2981262,0.21448053,0.26179075
real,00017846_000.png,17846,,effusion_0,0.3076229,0.5763049,0.417243
real,00017930_004.png,17930,,effusion_0,7.084631,0.9991628,0.99614394
real,00017930_005.png,17930,,effusion_0,7.43878,0.9994123,0.99647063
real,00017939_000.png,17939,,effusion_0,-6.397499,0.0016629479,0.9476238
real,00017945_000.png,17945,,effusion_0,-5.096615,0.0060802246,0.8776498
real,00017953_000.png,17953,,effusion_0,1.7574577,0.85289097,0.48756963
real,00017963_005.png,17963,,effusion_0,6.4154167,0.99836653,0.9863402
real,00017963_006.png,17963,,effusion_0,-5.9606247,0.0025716703,0.9390747
real,00018011_003.png,18011,,effusion_0,-4.766819,0.008435634,0.735776
real,00018011_005.png,18011,,effusion_0,-3.3639774,0.033440426,0.6244525
real,00018011_006.png,18011,,effusion_0,-6.432867,0.0016052534,0.95138484
real,00018011_008.png,18011,,effusion_0,-5.8351,0.0029146106,0.9181361
real,00018065_005.png,18065,,effusion_0,3.8933315,0.9800295,0.92213064
real,00018065_006.png,18065,,effusion_0,4.4046803,0.9879275,0.96785873
real,00018065_007.png,18065,,effusion_0,3.5153446,0.9711212,0.88401073
real,00018090_000.png,18090,,effusion_0,6.149227,0.9978694,0.99130917
real,00018102_001.png,18102,,effusion_0,4.9417458,0.9929086,0.9668686
real,00018102_002.png,18102,,effusion_0,5.588522,0.9962734,0.9864447
real,00018102_004.png,18102,,effusion_0,5.1532993,0.99425286,0.97174793
real,00018148_001.png,18148,,effusion_0,7.414261,0.99939775,0.9934386
real,00018284_003.png,18284,,effusion_0,4.4887314,0.98888993,0.9678364
real,00018284_004.png,18284,,effusion_0,4.4067764,0.98795253,0.97159946
real,00018374_000.png,18374,,effusion_0,3.6967888,0.97579724,0.79375935
real,00018463_000.png,18463,,effusion_0,-6.7612743,0.001156414,0.96093214
real,00018488_005.png,18488,,effusion_0,-3.0001469,0.04741924,0.7305216
real,00018521_005.png,18521,,effusion_0,5.035162,0.9935369,0.97854036
real,00018521_007.png,18521,,effusion_0,4.877159,0.9924389,0.978594
real,00018521_008.png,18521,,effusion_0,5.9216766,0.9973265,0.9896765
real,00018521_009.png,18521,,effusion_0,5.3693542,0.9953644,0.9876676
real,00018521_010.png,18521,,effusion_0,5.390709,0.995462,0.9821784
real,00018521_011.png,18521,,effusion_0,7.1354866,0.99920434,0.99612737
real,00018521_014.png,18521,,effusion_0,4.896866,0.99258536,0.9792096
real,00018521_015.png,18521,,effusion_0,6.808094,0.99889636,0.99609345
real,00018524_002.png,18524,,effusion_0,-4.234396,0.014281639,0.65516365
real,00018524_003.png,18524,,effusion_0,0.5009804,0.6226897,0.2768463
real,00018524_005.png,18524,,effusion_0,3.1046925,0.9570859,0.708557
real,00018531_000.png,18531,,effusion_0,-6.6886024,0.0012434735,0.9543917
real,00018592_002.png,18592,,effusion_0,4.203459,0.98527616,0.8926099
real,00018592_007.png,18592,,effusion_0,-6.7044525,0.0012239435,0.96439177
real,00018626_010.png,18626,,effusion_0,2.5519733,0.927706,0.6335776
real,00018626_012.png,18626,,effusion_0,7.0702496,0.99915075,0.99369794
real,00018626_013.png,18626,,effusion_0,6.3880825,0.99832135,0.98692876
real,00018626_014.png,18626,,effusion_0,5.8742886,0.99719703,0.9818034
real,00018626_017.png,18626,,effusion_0,6.230961,0.9980363,0.9878559
real,00018672_000.png,18672,,effusion_0,-4.7764797,0.008355209,0.6089329
real,00018678_000.png,18678,,effusion_0,4.846401,0.99220467,0.93297446
real,00018964_004.png,18964,,effusion_0,-4.195465,0.014840187,0.6702173
real,00018964_005.png,18964,,effusion_0,-6.35977,0.0017267779,0.93761283
real,00018964_006.png,18964,,effusion_0,-6.4456406,0.0015849115,0.94157046
real,00019125_000.png,19125,,effusion_0,5.2365665,0.9947096,0.9736992
real,00019154_000.png,19154,,effusion_0,-2.4975948,0.07602696,0.56410533
real,00019154_001.png,19154,,effusion_0,3.0038414,0.95274734,0.81106985
real,00019201_002.png,19201,,effusion_0,-3.852129,0.020792954,0.58721435
real,00019231_001.png,19231,,effusion_0,-6.2545795,0.0019179482,0.8543956
real,00019395_006.png,19395,,effusion_0,5.3254967,0.99515766,0.9729386
real,00019395_012.png,19395,,effusion_0,7.2080326,0.9992599,0.99552685
real,00019395_014.png,19395,,effusion_0,6.610794,0.99865603,0.9897139
real,00019395_015.png,19395,,effusion_0,6.5972195,0.99863774,0.9878548
real,00019395_016.png,19395,,effusion_0,7.1695156,0.99923086,0.9936513
real,00019395_017.png,19395,,effusion_0,7.1184654,0.9991906,0.9930549
real,00019395_018.png,19395,,effusion_0,6.917713,0.9990109,0.9906735
real,00019395_020.png,19395,,effusion_0,6.876583,0.99896944,0.9905022
real,00019395_021.png,19395,,effusion_0,5.2470207,0.9947643,0.9546254
real,00019395_022.png,19395,,effusion_0,7.121149,0.9991928,0.9951428
real,00019395_023.png,19395,,effusion_0,7.004801,0.9990933,0.9949626
real,00019395_026.png,19395,,effusion_0,7.103676,0.9991786,0.99037933
real,00019406_007.png,19406,,effusion_0,-6.7032757,0.001225383,0.9692443
real,00019409_000.png,19409,,effusion_0,1.4263172,0.8063268,0.4882213
real,00019437_000.png,19437,,effusion_0,3.7336617,0.976653,0.8268759
real,00019486_001.png,19486,,effusion_0,-6.59593,0.0013640526,0.9585806
real,00019486_000.png,19486,,effusion_0,-6.4180756,0.0016291351,0.9525045
real,00019592_006.png,19592,,effusion_0,3.684019,0.97549385,0.84954584
real,00019592_007.png,19592,,effusion_0,2.1871815,0.89909244,0.6244818
real,00019592_008.png,19592,,effusion_0,5.538805,0.9960842,0.97012424
real,00019637_004.png,19637,,effusion_0,-3.4084072,0.03203375,0.5113563
real,00019637_008.png,19637,,effusion_0,4.076576,0.9833175,0.8967873
real,00019637_003.png,19637,,effusion_0,-0.43616295,0.39265564,0.41445994
real,00019761_000.png,19761,,effusion_0,5.4529953,0.9957349,0.9506153
real,00019863_006.png,19863,,effusion_0,-2.05793,0.11325354,0.28200883
real,00019863_008.png,19863,,effusion_0,-5.3882217,0.004549302,0.6945559
real,00019917_000.png,19917,,effusion_0,5.447054,0.99570954,0.9755641
real,00019919_016.png,19919,,effusion_0,-3.9655476,0.018604947,0.754012
real,00019919_017.png,19919,,effusion_0,-2.5124245,0.074991755,0.6098882
real,00019919_018.png,19919,,effusion_0,2.8917885,0.947439,0.75981563
real,00019919_020.png,19919,,effusion_0,-0.6820793,0.33579737,0.41692856
real,00019919_021.png,19919,,effusion_0,4.900055,0.99260885,0.9686291
real,00019919_003.png,19919,,effusion_0,-5.19182,0.005531111,0.8753999
real,00019927_005.png,19927,,effusion_0,-3.745819,0.023071416,0.66442704
real,00019927_007.png,19927,,effusion_0,-2.7948704,0.057602,0.67892915
real,00019927_008.png,19927,,effusion_0,3.8192158,0.97852623,0.85155237
real,00019927_009.png,19927,,effusion_0,-5.1649017,0.005681164,0.9173213
real,00019927_010.png,19927,,effusion_0,-3.0856018,0.043705087,0.684699
real,00019964_000.png,19964,,effusion_0,-2.1751556,0.102003805,0.42859736
real,00020234_000.png,20234,,effusion_0,5.02919,0.99349844,0.9656482
real,00020286_004.png,20286,,effusion_0,-1.8354607,0.13758904,0.45223755
real,00020286_003.png,20286,,effusion_0,-0.30589104,0.424118,0.40518698
real,00020286_002.png,20286,,effusion_0,-1.5376987,0.17687006,0.39639086
real,00020286_008.png,20286,,effusion_0,-5.5767555,0.0037705544,0.8381288
real,00020286_009.png,20286,,effusion_0,-5.0139008,0.006601069,0.78499687
real,00020286_012.png,20286,,effusion_0,-4.561203,0.010341419,0.7072508
real,00020286_011.png,20286,,effusion_0,-2.9695454,0.048820835,0.48164624
real,00020286_014.png,20286,,effusion_0,2.7678413,0.9409131,0.7282673
real,00020286_015.png,20286,,effusion_0,5.296324,0.99501497,0.97449964
real,00020286_028.png,20286,,effusion_0,3.9322796,0.9807778,0.8469456
real,00020286_023.png,20286,,effusion_0,4.7981052,0.99182206,0.9479193
real,00020286_026.png,20286,,effusion_0,4.1145477,0.98392916,0.87920475
real,00020312_018.png,20312,,effusion_0,-5.5799217,0.00375868,0.7996119
real,00020318_035.png,20318,,effusion_0,-5.7445984,0.0031898122,0.9463974
real,00020318_002.png,20318,,effusion_0,4.8945312,0.99256825,0.96884674
real,00020318_003.png,20318,,effusion_0,3.5423985,0.9718704,0.911899
real,00020318_004.png,20318,,effusion_0,3.489565,0.9703894,0.86933774
real,00020318_006.png,20318,,effusion_0,-1.6354046,0.16309133,0.76855385
real,00020318_008.png,20318,,effusion_0,0.026618958,0.5066543,0.6751944
real,00020318_010.png,20318,,effusion_0,1.3384552,0.7922358,0.7195443
real,00020318_011.png,20318,,effusion_0,-0.60191345,0.35390604,0.68122697
real,00020318_012.png,20318,,effusion_0,3.8325157,0.97880393,0.95575607
real,00020318_014.png,20318,,effusion_0,3.024397,0.95366424,0.9215194
real,00020318_015.png,20318,,effusion_0,3.4142685,0.9681475,0.9262485
real,00020318_017.png,20318,,effusion_0,3.322647,0.9651976,0.90103704
real,00020318_018.png,20318,,effusion_0,3.8563995,0.97929376,0.9119069
real,00020318_019.png,20318,,effusion_0,0.846529,0.6998385,0.76384956
real,00020318_020.png,20318,,effusion_0,4.245369,0.9858721,0.95051533
real,00020318_021.png,20318,,effusion_0,4.759823,0.9915057,0.9771858
real,00020318_022.png,20318,,effusion_0,2.7243958,0.9384509,0.9058322
real,00020318_023.png,20318,,effusion_0,0.089466095,0.5223516,0.7462931
real,00020382_000.png,20382,,effusion_0,5.2551346,0.99480647,0.976504
real,00020393_003.png,20393,,effusion_0,3.3293896,0.96542335,0.8491008
real,00020393_004.png,20393,,effusion_0,-6.8082695,0.001103384,0.9754978
real,00020399_000.png,20399,,effusion_0,4.390787,0.98776066,0.94851184
real,00020428_000.png,20428,,effusion_0,-6.505394,0.0014931188,0.9500668
real,00020485_000.png,20485,,effusion_0,-6.632826,0.001314707,0.9848509
real,00020629_006.png,20629,,effusion_0,-1.3648071,0.20346013,0.38597956
real,00020629_007.png,20629,,effusion_0,-6.151085,0.0021266362,0.9188989
real,00020629_008.png,20629,,effusion_0,-4.22843,0.014365873,0.66264755
real,00020629_011.png,20629,,effusion_0,6.0788956,0.9977145,0.9868346
real,00020629_012.png,20629,,effusion_0,4.9059143,0.99265176,0.94313574
real,00020629_014.png,20629,,effusion_0,5.4014606,0.9955102,0.96956223
real,00020629_016.png,20629,,effusion_0,-6.551512,0.0014259191,0.9545734
real,00020642_002.png,20642,,effusion_0,4.836302,0.9921261,0.94234025
real,00020642_003.png,20642,,effusion_0,3.2268295,0.9618315,0.7343098
real,00020671_000.png,20671,,effusion_0,5.1652336,0.99432075,0.980879
real,00020671_003.png,20671,,effusion_0,5.220724,0.9946256,0.9819553
real,00020671_004.png,20671,,effusion_0,6.0489635,0.9976452,0.98510844
real,00020671_005.png,20671,,effusion_0,5.537119,0.9960776,0.9829371
real,00020671_006.png,20671,,effusion_0,5.7479076,0.9968207,0.9876855
real,00020671_008.png,20671,,effusion_0,5.9157085,0.9973105,0.9892139
real,00020671_009.png,20671,,effusion_0,6.0547886,0.99765885,0.991306
real,00020671_010.png,20671,,effusion_0,6.2582684,0.99808913,0.9921676
real,00020671_015.png,20671,,effusion_0,4.609577,0.99014217,0.95717156
real,00020671_016.png,20671,,effusion_0,6.6462727,0.99870276,0.9939544
real,00020671_017.png,20671,,effusion_0,5.2867985,0.9949675,0.97507405
real,00020671_018.png,20671,,effusion_0,4.2463093,0.985885,0.93704724
real,00020683_000.png,20683,,effusion_0,4.6489944,0.9905195,0.9352575
real,00020683_001.png,20683,,effusion_0,5.851486,0.99713266,0.98160744
real,00020758_001.png,20758,,effusion_0,1.1967773,0.76795095,0.3539654
real,00020810_004.png,20810,,effusion_0,5.8965187,0.99725854,0.98541003
real,00020811_013.png,20811,,effusion_0,-5.0979557,0.0060721273,0.89321184
real,00020811_014.png,20811,,effusion_0,-5.6035595,0.003671197,0.85001844
real,00020811_004.png,20811,,effusion_0,3.6737766,0.97524774,0.8473523
real,00020811_008.png,20811,,effusion_0,7.2359257,0.9992803,0.99445343
real,00020819_002.png,20819,,effusion_0,7.4771175,0.9994344,0.9959906
real,00020819_006.png,20819,,effusion_0,-6.4294834,0.0016106856,0.93205345
real,00020819_010.png,20819,,effusion_0,-0.2269535,0.4435039,0.3249271
real,00020819_012.png,20819,,effusion_0,-3.0058117,0.047164008,0.52870363
real,00020819_013.png,20819,,effusion_0,-3.9234219,0.019389914,0.6363189
real,00020819_014.png,20819,,effusion_0,-4.825453,0.007959066,0.70848566
real,00020819_015.png,20819,,effusion_0,2.974142,0.95139223,0.7510937
real,00020819_016.png,20819,,effusion_0,-3.9633217,0.018645633,0.69662935
real,00020869_007.png,20869,,effusion_0,-6.2720337,0.0018848251,0.94884056
real,00020880_002.png,20880,,effusion_0,1.2219639,0.77240896,0.3388535
real,00020880_004.png,20880,,effusion_0,0.6705723,0.6616313,0.33331057
real,00020928_001.png,20928,,effusion_0,6.4530163,0.9984268,0.99409693
real,00020934_000.png,20934,,effusion_0,-6.5526695,0.0014242716,0.96789205
real,00021023_005.png,21023,,effusion_0,6.6040287,0.9986469,0.9883151
real,00021023_007.png,21023,,effusion_0,7.3335953,0.99934715,0.99414325
real,00021023_020.png,21023,,effusion_0,3.919691,0.98053896,0.80361027
real,00021107_001.png,21107,,effusion_0,-5.465559,0.0042121583,0.7521807
real,00021107_002.png,21107,,effusion_0,-6.2121544,0.0020009018,0.888336
real,00021200_003.png,21200,,effusion_0,-6.135195,0.002160625,0.94735223
real,00021245_002.png,21245,,effusion_0,6.0145016,0.9975629,0.98521477
real,00021245_003.png,21245,,effusion_0,6.2639465,0.99809986,0.9900776
real,00021260_005.png,21260,,effusion_0,-6.562134,0.0014108743,0.97951937
real,00021362_003.png,21362,,effusion_0,6.710779,0.99878377,0.992427
real,00021362_004.png,21362,,effusion_0,5.063137,0.99371403,0.96144164
real,00021362_005.png,21362,,effusion_0,5.8156548,0.9970284,0.98357123
real,00021398_000.png,21398,,effusion_0,6.6271973,0.9986779,0.99201846
real,00021398_001.png,21398,,effusion_0,4.891218,0.9925438,0.95740616
real,00021409_003.png,21409,,effusion_0,5.020855,0.99344444,0.9595848
real,00021409_004.png,21409,,effusion_0,6.2897224,0.9981482,0.98985845
real,00021409_005.png,21409,,effusion_0,5.6236916,0.99640167,0.98812747
real,00021409_009.png,21409,,effusion_0,6.175596,0.9979247,0.98553485
real,00021455_000.png,21455,,effusion_0,6.0510483,0.9976502,0.98659694
real,00021455_001.png,21455,,effusion_0,3.0553226,0.95501184,0.7725935
real,00021455_005.png,21455,,effusion_0,5.2392635,0.9947238,0.9775108
real,00021455_006.png,21455,,effusion_0,6.383192,0.9983132,0.98983574
real,00021455_007.png,21455,,effusion_0,5.867111,0.997177,0.9838359
real,00021455_009.png,21455,,effusion_0,3.7445278,0.97689945,0.8989901
real,00021495_002.png,21495,,effusion_0,6.839884,0.9989309,0.9893494
real,00021495_006.png,21495,,effusion_0,5.817444,0.9970336,0.96909577
real,00021495_007.png,21495,,effusion_0,5.058462,0.9936848,0.92963654
real,00021495_008.png,21495,,effusion_0,5.6838856,0.9966112,0.9679475
real,00021648_009.png,21648,,effusion_0,-4.6833916,0.009162863,0.8544562
real,00021649_001.png,21649,,effusion_0,-6.596941,0.0013626764,0.9729801
real,00021684_000.png,21684,,effusion_0,3.593874,0.973244,0.825125
real,00021707_003.png,21707,,effusion_0,-5.8312645,0.0029257787,0.90325105
real,00021707_004.png,21707,,effusion_0,-4.2500534,0.014062887,0.52800995
real,00021803_000.png,21803,,effusion_0,-0.17524529,0.4563005,0.2833805
real,00021803_001.png,21803,,effusion_0,-5.8948345,0.0027460703,0.9494931
real,00021845_000.png,21845,,effusion_0,-6.5525093,0.0014244994,0.9704858
real,00021845_003.png,21845,,effusion_0,-6.482502,0.0015276405,0.978308
real,00021972_025.png,21972,,effusion_0,5.976322,0.99746835,0.9856758
real,00021972_027.png,21972,,effusion_0,5.948864,0.997398,0.9828455
real,00021972_028.png,21972,,effusion_0,5.307085,0.9950681,0.97579473
real,00021972_029.png,21972,,effusion_0,3.8584213,0.97933483,0.87945074
real,00021972_030.png,21972,,effusion_0,0.45344162,0.61145717,0.41823232
real,00021972_032.png,21972,,effusion_0,-1.9550877,0.12399965,0.3829881
real,00021972_001.png,21972,,effusion_0,6.3037605,0.99817395,0.98655885
real,00021972_003.png,21972,,effusion_0,6.605999,0.99864966,0.9894739
real,00021972_005.png,21972,,effusion_0,6.242565,0.99805886,0.9883562
real,00021972_007.png,21972,,effusion_0,4.195133,0.9851549,0.91920817
real,00021972_009.png,21972,,effusion_0,-3.00041,0.04740735,0.5033975
real,00021972_010.png,21972,,effusion_0,-2.1174526,0.10741206,0.39476362
real,00021976_004.png,21976,,effusion_0,-0.12981796,0.46759102,0.51878244
real,00021976_005.png,21976,,effusion_0,-4.655113,0.009423194,0.72787434
real,00021976_006.png,21976,,effusion_0,-2.6676083,0.06491199,0.44077194
real,00021976_007.png,21976,,effusion_0,4.0099335,0.9821884,0.8380707
real,00021976_008.png,21976,,effusion_0,2.73814,0.93924004,0.59880525
real,00021976_009.png,21976,,effusion_0,-2.6830444,0.06398131,0.47177693
real,00021976_010.png,21976,,effusion_0,-1.8006611,0.14177062,0.29922533
real,00021976_011.png,21976,,effusion_0,-4.580902,0.010141741,0.65221477
real,00021976_013.png,21976,,effusion_0,-5.1088066,0.0060069887,0.7912793
real,00021976_012.png,21976,,effusion_0,-4.221987,0.014457389,0.5697191
real,00022147_005.png,22147,,effusion_0,-6.407585,0.001646287,0.94174254
real,00022147_000.png,22147,,effusion_0,-6.4826927,0.0015273498,0.95761913
real,00022155_003.png,22155,,effusion_0,4.3365574,0.9870875,0.92211807
real,00022155_004.png,22155,,effusion_0,3.9109612,0.9803718,0.85240835
real,00022155_005.png,22155,,effusion_0,4.9883957,0.9932295,0.9502443
real,00022155_008.png,22155,,effusion_0,3.0185833,0.9534066,0.7040807
real,00022155_010.png,22155,,effusion_0,-2.0473766,0.11431772,0.4377922
real,00022155_011.png,22155,,effusion_0,1.2510624,0.77748376,0.392338
real,00022155_013.png,22155,,effusion_0,1.8315125,0.8619418,0.3763872
real,00022155_021.png,22155,,effusion_0,4.7750072,0.99163264,0.93106574
real,00022175_001.png,22175,,effusion_0,3.2813778,0.9637844,0.6253485
real,00022341_005.png,22341,,effusion_0,-5.5505085,0.0038704423,0.9389571
real,00022574_000.png,22574,,effusion_0,-6.335228,0.0017696046,0.9347244
real,00022651_001.png,22651,,effusion_0,2.4458637,0.92025846,0.61407846
real,00022651_003.png,22651,,effusion_0,4.6850185,0.99085194,0.94786066
real,00022651_004.png,22651,,effusion_0,5.417101,0.99557966,0.9713287
real,00022651_005.png,22651,,effusion_0,3.682745,0.97546333,0.8250614
real,00022651_006.png,22651,,effusion_0,4.4356995,0.9882919,0.91459125
real,00022651_007.png,22651,,effusion_0,4.820486,0.99200165,0.95788914
real,00022651_008.png,22651,,effusion_0,2.8059616,0.9429971,0.68629605
real,00022651_009.png,22651,,effusion_0,3.1125565,0.9574077,0.67485386
real,00022651_010.png,22651,,effusion_0,4.449997,0.98845625,0.9281516
real,00022651_013.png,22651,,effusion_0,0.7199745,0.6726014,0.45171103
real,00022651_015.png,22651,,effusion_0,2.3491192,0.91286415,0.6469986
real,00022651_016.png,22651,,effusion_0,2.30521,0.9093076,0.7209972
real,00022651_017.png,22651,,effusion_0,0.964653,0.7240524,0.4507082
real,00022651_018.png,22651,,effusion_0,3.9178848,0.98050445,0.88230956
real,00022651_019.png,22651,,effusion_0,1.2545967,0.7780946,0.46805048
real,00022651_023.png,22651,,effusion_0,1.1263561,0.75516576,0.48463863
real,00022677_002.png,22677,,effusion_0,-6.5213966,0.0014694498,0.98163724
real,00022716_000.png,22716,,effusion_0,3.6509018,0.97468954,0.83721
real,00022789_000.png,22789,,effusion_0,-5.2436676,0.0052531124,0.8932313
real,00022789_001.png,22789,,effusion_0,-6.376854,0.0016975778,0.96922714
real,00022818_000.png,22818,,effusion_0,-6.607935,0.0013477972,0.96930534
real,00022883_002.png,22883,,effusion_0,5.31971,0.9951297,0.9545295
real,00022883_011.png,22883,,effusion_0,5.217701,0.9946095,0.9385082
real,00022883_012.png,22883,,effusion_0,5.42309,0.9956059,0.9690965
real,00023073_008.png,23073,,effusion_0,-4.06616,0.016854156,0.8105815
real,00023093_007.png,23093,,effusion_0,6.211563,0.99799794,0.974187
real,00023093_009.png,23093,,effusion_0,-5.9300385,0.0026513312,0.8861309
real,00023093_011.png,23093,,effusion_0,-6.363495,0.0017203686,0.95473826
real,00023093_012.png,23093,,effusion_0,-6.5024624,0.0014974959,0.94879365
real,00023093_017.png,23093,,effusion_0,-6.0842495,0.0022732941,0.91878724
real,00023097_000.png,23097,,effusion_0,7.875141,0.9996201,0.9974419
real,00023097_001.png,23097,,effusion_0,7.1848354,0.99924254,0.9954681
real,00023097_002.png,23097,,effusion_0,7.5122128,0.99945396,0.99652475
real,00023097_007.png,23097,,effusion_0,7.504858,0.9994499,0.996576
real,00023156_002.png,23156,,effusion_0,3.1210766,0.9577538,0.82770616
real,00023156_004.png,23156,,effusion_0,4.5878563,0.9899278,0.96221644
real,00023156_005.png,23156,,effusion_0,-2.9265118,0.050858445,0.5136847
real,00023156_010.png,23156,,effusion_0,0.6067543,0.64720005,0.36762843
real,00023156_013.png,23156,,effusion_0,4.9099045,0.9926807,0.9634995
real,00023156_014.png,23156,,effusion_0,5.1561337,0.99426913,0.9692073
real,00023156_020.png,23156,,effusion_0,4.721813,0.9911795,0.96495277
real,00023156_021.png,23156,,effusion_0,4.1319942,0.98420274,0.92560387
real,00023156_022.png,23156,,effusion_0,4.8283806,0.99206406,0.960257
real,00023176_017.png,23176,,effusion_0,5.939356,0.9973732,0.98370457
real,00023196_003.png,23196,,effusion_0,3.987608,0.9817935,0.81773096
real,00023319_000.png,23319,,effusion_0,-6.6051273,0.0013515815,0.9736615
real,00023325_013.png,23325,,effusion_0,1.1427402,0.7581824,0.30618986
real,00023325_014.png,23325,,effusion_0,3.602333,0.9734633,0.7873583
real,00024073_000.png,24073,,effusion_0,-6.0805664,0.002281663,0.8239915
real,00024116_001.png,24116,,effusion_0,-6.459831,0.0015626141,0.959917
real,00024264_000.png,24264,,effusion_0,-6.5949936,0.001365329,0.97233254
real,00024692_001.png,24692,,effusion_0,-6.5898933,0.0013723008,0.97455454
real,00024749_000.png,24749,,effusion_0,-6.314062,0.0018073907,0.96007437
real,00025252_000.png,25252,,effusion_0,7.6546917,0.9995264,0.9966442
real,00025252_001.png,25252,,effusion_0,7.333132,0.9993469,0.9955011
real,00025261_000.png,25261,,effusion_0,5.9095573,0.9972939,0.9851649
real,00025261_001.png,25261,,effusion_0,6.706831,0.998779,0.9904789
real,00025261_002.png,25261,,effusion_0,7.242008,0.9992847,0.99372643
real,00025261_004.png,25261,,effusion_0,6.7401066,0.9988188,0.9866823
real,00025290_032.png,25290,,effusion_0,-6.45636,0.0015680395,0.94427013
real,00025416_001.png,25416,,effusion_0,-6.1994267,0.0020264795,0.9568719
real,00025517_000.png,25517,,effusion_0,2.05266,0.8862161,0.49052268
real,00025527_009.png,25527,,effusion_0,4.1653748,0.9847134,0.9251332
real,00025635_000.png,25635,,effusion_0,3.868578,0.9795393,0.89245355
real,00025635_001.png,25635,,effusion_0,4.592411,0.9899732,0.96544784
real,00025635_008.png,25635,,effusion_0,5.494055,0.99590564,0.98258156
real,00025688_001.png,25688,,effusion_0,3.6525764,0.97473085,0.78798145
real,00025688_002.png,25688,,effusion_0,-6.5032215,0.0014963612,0.9723314
real,00025696_000.png,25696,,effusion_0,-1.367218,0.2030697,0.5022739
real,00025696_001.png,25696,,effusion_0,-0.21922112,0.44541314,0.5671405
real,00025707_008.png,25707,,effusion_0,6.805378,0.99889344,0.99024206
real,00025707_010.png,25707,,effusion_0,6.6400185,0.9986947,0.98855156
real,00025707_013.png,25707,,effusion_0,5.355707,0.995301,0.9611829
real,00025784_000.png,25784,,effusion_0,-5.33671,0.0047886334,0.70617723
real,00025784_001.png,25784,,effusion_0,-6.1106625,0.0022141668,0.8804634
real,00025832_007.png,25832,,effusion_0,-5.2463493,0.0052391174,0.8473973
real,00025924_003.png,25924,,effusion_0,-5.61602,0.0036259003,0.92207235
real,00025924_006.png,25924,,effusion_0,-5.9146576,0.0026923157,0.9648588
real,00025924_016.png,25924,,effusion_0,-1.4064369,0.19679666,0.4823911
real,00025924_025.png,25924,,effusion_0,5.670868,0.9965669,0.98336756
real,00025924_026.png,25924,,effusion_0,4.9414806,0.9929067,0.9730429
real,00025924_027.png,25924,,effusion_0,1.6674385,0.841234,0.65368503
real,00026657_000.png,26657,,effusion_0,7.132023,0.9992016,0.99569637
real,00026715_002.png,26715,,effusion_0,5.619936,0.9963882,0.98319393
real,00026715_003.png,26715,,effusion_0,5.669161,0.9965611,0.9836177
real,00026715_004.png,26715,,effusion_0,5.4630585,0.99577737,0.97925705
real,00026738_005.png,26738,,effusion_0,-5.897764,0.002738059,0.9223164
real,00026751_000.png,26751,,effusion_0,-6.108179,0.00221966,0.93393034
real,00026815_000.png,26815,,effusion_0,-6.4866066,0.0015213927,0.956962
real,00026815_002.png,26815,,effusion_0,-6.737671,0.0011840013,0.97813505
real,00026889_000.png,26889,,effusion_0,1.487133,0.81564754,0.57635623
real,00026889_001.png,26889,,effusion_0,5.3798485,0.99541265,0.982884
real,00026889_002.png,26889,,effusion_0,5.8631268,0.99716574,0.98471504
real,00026911_006.png,26911,,effusion_0,4.4744034,0.98873144,0.9636264
real,00026912_000.png,26912,,effusion_0,-6.253771,0.0019194969,0.95166147
real,00026913_000.png,26913,,effusion_0,-6.2494545,0.0019277838,0.9447327
real,00026967_002.png,26967,,effusion_0,6.108656,0.99778146,0.9809328
real,00026999_000.png,26999,,effusion_0,3.1482105,0.9588381,0.77328205
real,00027011_000.png,27011,,effusion_0,-6.321764,0.0017935486,0.90191835
real,00027061_001.png,27061,,effusion_0,-4.563608,0.010316831,0.76477766
real,00027092_004.png,27092,,effusion_0,-3.0256672,0.04627969,0.5689603
real,00027092_005.png,27092,,effusion_0,4.462204,0.98859465,0.9095258
real,00027092_006.png,27092,,effusion_0,-5.5120583,0.0040215496,0.8690774
real,00027142_008.png,27142,,effusion_0,-5.6547146,0.0034887586,0.8325923
real,00027142_009.png,27142,,effusion_0,-2.1573372,0.103647575,0.27355838
real,00027306_000.png,27306,,effusion_0,-6.5174274,0.0014752854,0.9380102
real,00027389_002.png,27389,,effusion_0,-6.154087,0.0021202748,0.8613623
real,00027389_003.png,27389,,effusion_0,-6.135666,0.0021596095,0.873218
real,00027420_002.png,27420,,effusion_0,4.7072506,0.9910512,0.9673383
real,00027420_003.png,27420,,effusion_0,-6.4636574,0.0015566562,0.96942645
real,00027422_003.png,27422,,effusion_0,6.2728386,0.99811673,0.98774254
real,00027441_025.png,27441,,effusion_0,6.4382496,0.9984034,0.9843643
real,00027474_005.png,27474,,effusion_0,5.7453156,0.9968125,0.974356
real,00027474_007.png,27474,,effusion_0,5.5333767,0.99606293,0.9845625
real,00027474_008.png,27474,,effusion_0,4.2725143,0.98624516,0.92843825
real,00027474_009.png,27474,,effusion_0,4.4799767,0.9887933,0.9160223
real,00027485_001.png,27485,,effusion_0,3.5979786,0.9733506,0.8667393
real,00027514_008.png,27514,,effusion_0,-6.519867,0.0014716961,0.97078675
real,00027618_006.png,27618,,effusion_0,-4.997505,0.0067094564,0.8409034
real,00027618_008.png,27618,,effusion_0,-5.5945835,0.0037041756,0.8283735
real,00027618_009.png,27618,,effusion_0,-4.9221916,0.0072304904,0.8102387
real,00027815_001.png,27815,,effusion_0,3.8408623,0.9789764,0.8806039
real,00027907_001.png,27907,,effusion_0,-5.795166,0.0030329982,0.93190724
real,00028013_004.png,28013,,effusion_0,1.9430714,0.8746892,0.55076945
real,00028013_005.png,28013,,effusion_0,5.1992874,0.9945098,0.9600427
real,00028013_006.png,28013,,effusion_0,5.0320263,0.9935168,0.9595328
real,00028013_010.png,28013,,effusion_0,-3.5977917,0.026654227,0.5912408
real,00028013_011.png,28013,,effusion_0,3.933733,0.98080516,0.8502651
real,00028013_013.png,28013,,effusion_0,5.124058,0.99408334,0.96353024
real,00028018_000.png,28018,,effusion_0,-6.64509,0.0012987024,0.9745091
real,00028027_000.png,28027,,effusion_0,-5.8654823,0.002827637,0.9203491
real,00028027_003.png,28027,,effusion_0,5.100952,0.9939459,0.972537
real,00028027_004.png,28027,,effusion_0,7.812525,0.9995956,0.9964722
real,00028036_000.png,28036,,effusion_0,7.054369,0.9991371,0.99487174
real,00028105_000.png,28105,,effusion_0,-6.426491,0.0016155051,0.9789693
real,00028148_005.png,28148,,effusion_0,0.78313065,0.6863544,0.45969048
real,00028148_006.png,28148,,effusion_0,0.50060844,0.6226023,0.26036677
real,00028148_008.png,28148,,effusion_0,2.024025,0.88329655,0.46033815
real,00028148_010.png,28148,,effusion_0,1.1054764,0.7512848,0.43299037
real,00028148_013.png,28148,,effusion_0,-4.8567257,0.0077159046,0.7933415
real,00028148_014.png,28148,,effusion_0,-3.692728,0.02429883,0.6960855
real,00028148_011.png,28148,,effusion_0,-4.0580845,0.016988494,0.775712
real,00028148_012.png,28148,,effusion_0,-4.015484,0.017714754,0.71313274
real,00028148_017.png,28148,,effusion_0,-4.2338142,0.014289831,0.83414966
real,00028256_003.png,28256,,effusion_0,-2.7372055,0.060813315,0.5707727
real,00028256_001.png,28256,,effusion_0,4.5167255,0.9891934,0.9533368
real,00028256_004.png,28256,,effusion_0,-0.16204834,0.4595763,0.3944508
real,00028256_005.png,28256,,effusion_0,-5.849575,0.0028728463,0.91763276
real,00028274_000.png,28274,,effusion_0,7.2519665,0.99929166,0.9974695
real,00028392_001.png,28392,,effusion_0,6.691326,0.99875987,0.9939055
real,00028392_004.png,28392,,effusion_0,6.4757805,0.9984621,0.9915219
real,00028392_005.png,28392,,effusion_0,0.2294712,0.5571174,0.2844147
real,00028412_000.png,28412,,effusion_0,-6.3013268,0.0018305131,0.97785
real,00028558_000.png,28558,,effusion_0,-5.7510433,0.0031693848,0.93702894
real,00028625_000.png,28625,,effusion_0,7.1544113,0.9992192,0.9922384
real,00028628_006.png,28628,,effusion_0,7.9433155,0.9996451,0.99644446
real,00028628_007.png,28628,,effusion_0,7.6738567,0.99953544,0.99639803
real,00028628_008.png,28628,,effusion_0,7.6741123,0.99953556,0.99658304
real,00028628_009.png,28628,,effusion_0,7.695553,0.9995453,0.996672
real,00028628_010.png,28628,,effusion_0,7.1208553,0.99919254,0.99121934
real,00028628_016.png,28628,,effusion_0,7.279917,0.9993112,0.9944858
real,00028628_017.png,28628,,effusion_0,7.7236557,0.9995579,0.9952165
real,00028628_022.png,28628,,effusion_0,7.5143795,0.99945515,0.9939476
real,00028703_000.png,28703,,effusion_0,-5.963867,0.0025633664,0.941448
real,00028764_004.png,28764,,effusion_0,-6.4130306,0.0016373612,0.98186356
real,00028766_000.png,28766,,effusion_0,-6.556345,0.0014190536,0.97836864
real,00028772_000.png,28772,,effusion_0,-5.9036922,0.0027219194,0.9581718
real,00028811_000.png,28811,,effusion_0,5.7562733,0.9968471,0.99034095
real,00028811_001.png,28811,,effusion_0,7.2350464,0.9992797,0.99656796
real,00028811_002.png,28811,,effusion_0,7.183607,0.9992417,0.99646306
real,00028811_006.png,28811,,effusion_0,7.6205273,0.99950993,0.9978116
real,00028811_007.png,28811,,effusion_0,7.1566067,0.99922085,0.99679387
real,00028882_005.png,28882,,effusion_0,-4.8392906,0.007850546,0.76110816
real,00028897_002.png,28897,,effusion_0,3.0554543,0.9550174,0.80550015
real,00028897_003.png,28897,,effusion_0,4.240387,0.9858024,0.94760704
real,00028897_011.png,28897,,effusion_0,6.3637085,0.99828005,0.99084
real,00028897_012.png,28897,,effusion_0,7.0994225,0.99917513,0.9934274
real,00028897_013.png,28897,,effusion_0,6.666113,0.9987282,0.992484
real,00028897_015.png,28897,,effusion_0,5.508175,0.9959629,0.9778965
real,00028897_016.png,28897,,effusion_0,5.810795,0.9970139,0.98385066
real,00028897_018.png,28897,,effusion_0,4.952257,0.99298215,0.9488782
real,00028897_019.png,28897,,effusion_0,5.050907,0.9936372,0.95560014
real,00028934_001.png,28934,,effusion_0,3.2622528,0.96311086,0.71563137
real,00029021_000.png,29021,,effusion_0,-5.5420895,0.0039030376,0.91038936
real,00029022_000.png,29022,,effusion_0,-4.8232765,0.0079762675,0.73264927
real,00029031_000.png,29031,,effusion_0,-6.6451416,0.0012986357,0.9801605
real,00029058_004.png,29058,,effusion_0,-0.019176483,0.49520603,0.3569621
real,00029105_001.png,29105,,effusion_0,-2.0670452,0.11234135,0.4863003
real,00029105_002.png,29105,,effusion_0,-2.8489494,0.05473565,0.5953693
real,00029105_007.png,29105,,effusion_0,-4.2126675,0.014590776,0.7607482
real,00029105_009.png,29105,,effusion_0,-3.5092487,0.029050216,0.6002527
real,00029105_010.png,29105,,effusion_0,-2.932413,0.05057433,0.5116731
real,00029105_011.png,29105,,effusion_0,-3.0648003,0.044582788,0.45155066
real,00029105_014.png,29105,,effusion_0,-4.9453945,0.0070658256,0.76216567
real,00029105_015.png,29105,,effusion_0,-4.5156364,0.010818327,0.6824422
real,00029225_000.png,29225,,effusion_0,-6.0846863,0.0022723037,0.9675938
real,00029297_000.png,29297,,effusion_0,-6.3143597,0.0018068539,0.9686581
real,00029297_003.png,29297,,effusion_0,2.814436,0.9434509,0.67930424
real,00029297_004.png,29297,,effusion_0,4.059189,0.9830299,0.84740627
real,00029297_005.png,29297,,effusion_0,-0.10539055,0.4736767,0.36567858
real,00029459_002.png,29459,,effusion_0,-0.35925674,0.4111395,0.42041355
real,00029459_004.png,29459,,effusion_0,-0.6439438,0.34435558,0.39139047
real,00029500_000.png,29500,,effusion_0,6.031643,0.9976042,0.98475623
real,00029510_000.png,29510,,effusion_0,-6.50704,0.0014906668,0.97057194
real,00029551_000.png,29551,,effusion_0,7.535246,0.99946636,0.9964093
real,00029551_003.png,29551,,effusion_0,6.465021,0.99844545,0.98940045
real,00029551_004.png,29551,,effusion_0,6.2712784,0.99811375,0.9858384
real,00029551_005.png,29551,,effusion_0,1.8922005,0.8690062,0.5014748
real,00029552_000.png,29552,,effusion_0,-6.61981,0.0013319079,0.97446257
real,00029579_000.png,29579,,effusion_0,4.1619835,0.9846623,0.9250154
real,00029579_004.png,29579,,effusion_0,4.1494904,0.98447245,0.9144958
real,00029579_005.png,29579,,effusion_0,2.5399933,0.92689836,0.67178404
real,00029579_009.png,29579,,effusion_0,-1.2618904,0.22064865,0.31770343
real,00029579_014.png,29579,,effusion_0,3.3176613,0.9650298,0.7939294
real,00029579_012.png,29579,,effusion_0,4.706335,0.9910431,0.9550429
real,00029579_015.png,29579,,effusion_0,5.514324,0.9959875,0.9819276
real,00029631_004.png,29631,,effusion_0,2.9033947,0.948014,0.8301673
real,00029631_006.png,29631,,effusion_0,-3.567299,0.027456844,0.5590185
real,00029631_007.png,29631,,effusion_0,-1.3200779,0.21080536,0.41718766
real,00029631_012.png,29631,,effusion_0,3.7424088,0.97685164,0.89021397
real,00029631_013.png,29631,,effusion_0,5.853657,0.99713886,0.9846946
real,00029747_002.png,29747,,effusion_0,2.769764,0.9410199,0.7090044
real,00029756_000.png,29756,,effusion_0,4.8534985,0.9922593,0.9641605
real,00029794_000.png,29794,,effusion_0,-6.2881145,0.0018548135,0.9704995
real,00029821_013.png,29821,,effusion_0,2.1687546,0.89740837,0.48549047
real,00029821_014.png,29821,,effusion_0,-4.1888847,0.014936698,0.6240186
real,00029839_008.png,29839,,effusion_0,2.18676,0.8990543,0.733557
real,00029839_009.png,29839,,effusion_0,-6.3705463,0.0017083008,0.9779809
real,00029943_002.png,29943,,effusion_0,-5.9613514,0.002569807,0.9368119
real,00029943_004.png,29943,,effusion_0,-5.9391003,0.0026274768,0.9346055
real,00029943_005.png,29943,,effusion_0,-5.097088,0.0060773664,0.86138535
real,00029943_007.png,29943,,effusion_0,-5.922764,0.0026706376,0.91578543
real,00029943_006.png,29943,,effusion_0,-5.5452747,0.0038906736,0.91984016
real,00029943_008.png,29943,,effusion_0,-5.6495247,0.003506848,0.9390063
real,00029981_004.png,29981,,effusion_0,-4.3488445,0.012756893,0.691846
real,00029981_007.png,29981,,effusion_0,-2.3168736,0.089735106,0.3919253
real,00030059_009.png,30059,,effusion_0,7.2225533,0.9992706,0.9966897
real,00030059_011.png,30059,,effusion_0,7.211464,0.9992625,0.99723256
real,00030070_000.png,30070,,effusion_0,2.692812,0.9366011,0.81598836
real,00030153_004.png,30153,,effusion_0,4.3953,0.98781514,0.9551579
real,00030162_023.png,30162,,effusion_0,5.1507607,0.9942384,0.96530163
real,00030183_004.png,30183,,effusion_0,3.0625153,0.9553198,0.7995287
real,00030183_005.png,30183,,effusion_0,3.2797642,0.9637281,0.8066462
real,00030183_006.png,30183,,effusion_0,0.5340462,0.63042635,0.40133303
real,00030196_001.png,30196,,effusion_0,7.307287,0.9993298,0.99711037
real,00030196_002.png,30196,,effusion_0,6.7730103,0.998857,0.99302185
real,00030207_000.png,30207,,effusion_0,-5.416157,0.0044245305,0.89660233
real,00030276_000.png,30276,,effusion_0,-6.3646564,0.0017183749,0.9763267
real,00030389_005.png,30389,,effusion_0,-0.046058655,0.48848736,0.32138255
real,00030389_006.png,30389,,effusion_0,-1.899807,0.13013032,0.32266343
real,00030389_007.png,30389,,effusion_0,-1.4239101,0.19404933,0.29590386
real,00030389_008.png,30389,,effusion_0,-0.11522102,0.4712266,0.38629627
real,00030389_009.png,30389,,effusion_0,3.4965267,0.9705888,0.76402503
real,00030389_010.png,30389,,effusion_0,3.139391,0.95848864,0.6696979
real,00030389_011.png,30389,,effusion_0,4.8407707,0.992161,0.9385579
real,00030389_012.png,30389,,effusion_0,6.3135586,0.99819165,0.9873069
real,00030389_013.png,30389,,effusion_0,6.8752613,0.998968,0.9943849
real,00030436_000.png,30436,,effusion_0,-1.4434967,0.19100444,0.56728977
real,00030490_000.png,30490,,effusion_0,-6.4856167,0.001522897,0.982688
real,00030541_005.png,30541,,effusion_0,0.39635468,0.59781146,0.3368251
real,00030561_005.png,30561,,effusion_0,-4.946022,0.0070614247,0.80844885
real,00030561_006.png,30561,,effusion_0,-4.2219944,0.014457279,0.8029223
real,00030561_007.png,30561,,effusion_0,-2.135479,0.10569597,0.5184382
real,00030561_010.png,30561,,effusion_0,-3.689703,0.024370655,0.6523502
real,00030561_011.png,30561,,effusion_0,-3.509037,0.029056191,0.6322405
real,00030561_013.png,30561,,effusion_0,-2.8383827,0.055284947,0.6133012
real,00030561_014.png,30561,,effusion_0,3.9857826,0.9817609,0.92243546
real,00030561_017.png,30561,,effusion_0,1.2444382,0.7763356,0.565234
real,00030561_018.png,30561,,effusion_0,3.1106663,0.9573305,0.81870794
real,00030632_000.png,30632,,effusion_0,-6.4384346,0.0015963552,0.9816965
real,00030650_000.png,30650,,effusion_0,4.1024494,0.9837367,0.9110351
real,00030650_001.png,30650,,effusion_0,6.591152,0.99862945,0.98865426
real,00030650_002.png,30650,,effusion_0,6.9729424,0.999064,0.9907098
real,00030650_003.png,30650,,effusion_0,5.1424694,0.9941907,0.97335315
real,00030650_007.png,30650,,effusion_0,6.758276,0.99884015,0.99187946
real,00030650_008.png,30650,,effusion_0,6.5216694,0.998531,0.9911044
real,00030650_009.png,30650,,effusion_0,6.148802,0.99786854,0.9887895
real,00030659_000.png,30659,,effusion_0,-4.895359,0.007425669,0.7168726
real,00030668_000.png,30668,,effusion_0,-1.097086,0.25028628,0.3243529
real,00002793_006.png,2793,,effusion_0,-6.742811,0.001177938,0.9724274
real,00014954_000.png,14954,,effusion_0,-6.6375237,0.0013085534,0.97731346
real,00026982_005.png,26982,,effusion_0,-6.16337,0.0021007243,0.96941084
real,00014719_000.png,14719,,effusion_0,-6.568842,0.001401455,0.96195
real,00003321_001.png,3321,,effusion_0,-6.484295,0.0015249082,0.9650693
real,00001430_001.png,1430,,effusion_0,-6.257717,0.0019119512,0.9350822
real,00012460_000.png,12460,,effusion_0,-5.950117,0.0025987641,0.9459624
real,00008806_003.png,8806,,effusion_0,-6.1146793,0.0022053104,0.94216853
real,00010931_003.png,10931,,effusion_0,-6.3803425,0.0016916757,0.9697485
real,00026815_001.png,26815,,effusion_0,-6.356367,0.0017326534,0.9274323
real,00028980_001.png,28980,,effusion_0,6.508045,0.9985108,0.98695725
real,00019376_000.png,19376,,effusion_0,-6.6205196,0.0013309644,0.9751115
real,00020318_024.png,20318,,effusion_0,5.8996754,0.9972671,0.9925714
real,00004909_001.png,4909,,effusion_0,-5.827078,0.0029380175,0.9292353
real,00000582_000.png,582,,effusion_0,-6.799631,0.0011129461,0.9780835
real,00006576_000.png,6576,,effusion_0,-6.7266407,0.0011971177,0.96806896
real,00022712_000.png,22712,,effusion_0,-6.941324,0.00096605404,0.9862749
real,00018361_000.png,18361,,effusion_0,-6.527733,0.0014601821,0.9751063
real,00011380_001.png,11380,,effusion_0,-6.3398495,0.0017614596,0.95967764
real,00009306_000.png,9306,,effusion_0,-6.7923145,0.0011211097,0.9779588
real,00029058_000.png,29058,,effusion_0,-6.065756,0.0023156286,0.964902
real,00011611_000.png,11611,,effusion_0,-6.4453793,0.0015853251,0.9641272
real,00024476_000.png,24476,,effusion_0,-6.5285587,0.0014589785,0.9757989
real,00012478_000.png,12478,,effusion_0,-6.622341,0.0013285454,0.972608
real,00010673_000.png,10673,,effusion_0,-5.6771545,0.0034116067,0.92214763
real,00010933_000.png,10933,,effusion_0,-6.8815594,0.0010254894,0.982684
real,00007431_000.png,7431,,effusion_0,-6.364441,0.0017187446,0.96792424
real,00028628_005.png,28628,,effusion_0,7.2893753,0.99931777,0.99472296
real,00002736_000.png,2736,,effusion_0,-6.1880283,0.0020496626,0.9669464
real,00026148_002.png,26148,,effusion_0,-6.456543,0.001567753,0.98600054
real,00021716_004.png,21716,,effusion_0,-5.890213,0.0027587556,0.8972142
real,00005364_000.png,5364,,effusion_0,-6.7719364,0.0011441638,0.9803769
real,00008623_002.png,8623,,effusion_0,-6.691269,0.0012401661,0.97846
real,00015553_003.png,15553,,effusion_0,-6.3044357,0.0018248413,0.98330396
real,00015552_000.png,15552,,effusion_0,-1.1263733,0.24483103,0.39183214
real,00004158_000.png,4158,,effusion_0,-6.744774,0.0011756311,0.9740984
real,00008802_002.png,8802,,effusion_0,-2.1596527,0.10343265,0.26861286
real,00004699_000.png,4699,,effusion_0,-6.456211,0.0015682725,0.9657479
real,00015795_002.png,15795,,effusion_0,-6.571434,0.001397832,0.96064824
real,00014429_018.png,14429,,effusion_0,-6.248993,0.0019286723,0.93781376
real,00010920_003.png,10920,,effusion_0,-6.2718334,0.0018852018,0.97496855
real,00006490_001.png,6490,,effusion_0,-6.0829697,0.0022761987,0.9601528
real,00020060_005.png,20060,,effusion_0,-5.360485,0.0046766526,0.8333687
real,00013970_000.png,13970,,effusion_0,-6.4051075,0.0016503644,0.96852666
real,00012352_000.png,12352,,effusion_0,-6.565239,0.0014065064,0.97717667
real,00001199_006.png,1199,,effusion_0,2.740673,0.9393844,0.677136
real,00019771_000.png,19771,,effusion_0,-6.1072655,0.0022216844,0.95614374
real,00000304_000.png,304,,effusion_0,-6.461033,0.0015607406,0.9683568
real,00028287_000.png,28287,,effusion_0,-6.7192116,0.0012060336,0.9668734
real,00015000_007.png,15000,,effusion_0,-6.609749,0.001345358,0.97466487
real,00018476_000.png,18476,,effusion_0,-6.7945404,0.0011186198,0.96664405
real,00027035_000.png,27035,,effusion_0,-6.6936665,0.0012372001,0.97711486
real,00002228_000.png,2228,,effusion_0,-6.4632473,0.0015572937,0.97711486
real,00019640_000.png,19640,,effusion_0,-6.6951237,0.0012354007,0.96561736
real,00010175_000.png,10175,,effusion_0,-6.6140633,0.0013395739,0.9740371
real,00003940_006.png,3940,,effusion_0,-6.561947,0.0014111376,0.9775245
real,00014387_006.png,14387,,effusion_0,-4.0106277,0.017799456,0.5494941
real,00021375_002.png,21375,,effusion_0,-6.5864544,0.0013770217,0.96686506
real,00001230_006.png,1230,,effusion_0,-6.6329193,0.0013145844,0.9565875
real,00012772_003.png,12772,,effusion_0,-6.4598427,0.0015625964,0.9670927
real,00026354_001.png,26354,,effusion_0,-6.4024353,0.001654773,0.95234615
real,00028962_000.png,28962,,effusion_0,-6.128195,0.0021757693,0.9478548
real,00007876_000.png,7876,,effusion_0,-6.9179897,0.000988839,0.9829065
real,00006921_000.png,6921,,effusion_0,-6.7003784,0.0012289339,0.9658844
real,00008576_000.png,8576,,effusion_0,-6.5041256,0.0014950109,0.9664069
real,00021871_000.png,21871,,effusion_0,-5.651161,0.0035011338,0.9359635
real,00019774_008.png,19774,,effusion_0,-6.193281,0.0020389461,0.91736823
real,00026911_003.png,26911,,effusion_0,0.007663727,0.50191593,0.42487198
real,00009761_000.png,9761,,effusion_0,-6.4305954,0.0016088983,0.93816787
real,00005511_000.png,5511,,effusion_0,-6.5335503,0.0014517247,0.9798175
real,00000517_004.png,517,,effusion_0,-6.3826275,0.0016878212,0.9280936
real,00027025_000.png,27025,,effusion_0,-6.560856,0.001412676,0.9690154
real,00009061_001.png,9061,,effusion_0,-6.650835,0.0012912725,0.9760664
real,00006851_029.png,6851,,effusion_0,-4.743437,0.008633479,0.7892865
real,00020193_000.png,20193,,effusion_0,-6.6080704,0.001347615,0.9770814
real,00029105_019.png,29105,,effusion_0,-4.7862415,0.008274716,0.7267415
real,00018284_013.png,18284,,effusion_0,6.1230583,0.997813,0.99098784
real,00016990_001.png,16990,,effusion_0,-6.76408,0.0011531777,0.98215276
real,00001563_000.png,1563,,effusion_0,-6.7963963,0.001116548,0.97360677
real,00010465_001.png,10465,,effusion_0,-6.5813503,0.0013840583,0.97482806
real,00020568_000.png,20568,,effusion_0,-6.0050697,0.00246015,0.954238
real,00022920_000.png,22920,,effusion_0,-6.487549,0.001519962,0.9710336
real,00016907_000.png,16907,,effusion_0,-6.7087364,0.0012187178,0.97133476
real,00005401_001.png,5401,,effusion_0,-6.6947746,0.0012358315,0.97629565
real,00004734_001.png,4734,,effusion_0,-5.659422,0.0034724309,0.8994113
real,00002793_001.png,2793,,effusion_0,-6.548647,0.001430004,0.9789434
real,00030153_002.png,30153,,effusion_0,-6.4944115,0.0015095824,0.9745683
real,00023937_000.png,23937,,effusion_0,-6.209345,0.00200652,0.97455966
real,00029879_001.png,29879,,effusion_0,-6.667141,0.0012704143,0.98021173
real,00009907_001.png,9907,,effusion_0,-6.8016605,0.0011106923,0.97811455
real,00007088_000.png,7088,,effusion_0,-5.354744,0.0047034523,0.9207953
real,00017618_001.png,17618,,effusion_0,-6.646784,0.0012965074,0.9475713
real,00026342_000.png,26342,,effusion_0,-6.74938,0.0011702346,0.98244
real,00006936_006.png,6936,,effusion_0,-6.560112,0.0014137257,0.9686126
real,00019503_000.png,19503,,effusion_0,-6.6113815,0.0013431662,0.9798232
real,00021239_001.png,21239,,effusion_0,-6.920725,0.0009861407,0.9802548
real,00015762_000.png,15762,,effusion_0,-6.820303,0.0010902004,0.9852849
real,00012129_000.png,12129,,effusion_0,-6.6692886,0.0012676922,0.97542745
real,00007589_000.png,7589,,effusion_0,-6.652588,0.0012890139,0.98391634
real,00011310_000.png,11310,,effusion_0,-6.67729,0.0012576022,0.93799037
real,00011029_001.png,11029,,effusion_0,-6.6746464,0.001260927,0.98621565
real,00017824_000.png,17824,,effusion_0,-6.53545,0.0014489733,0.9490616
real,00003013_002.png,3013,,effusion_0,-6.3206043,0.0017956259,0.96000504
real,00013541_000.png,13541,,effusion_0,-5.841898,0.002894922,0.9144126
real,00010905_017.png,10905,,effusion_0,-6.403265,0.0016534029,0.9398671
real,00012784_000.png,12784,,effusion_0,-6.5651493,0.0014066322,0.9700772
real,00023943_000.png,23943,,effusion_0,-6.8457394,0.0010628485,0.98481065
real,00001470_001.png,1470,,effusion_0,2.5010052,0.9242123,0.75743496
real,00016417_005.png,16417,,effusion_0,5.3515778,0.99528164,0.96274257
real,00017014_000.png,17014,,effusion_0,-6.7158375,0.0012101048,0.9696937
real,00001223_001.png,1223,,effusion_0,-5.9788094,0.002525445,0.94823074
real,00022677_003.png,22677,,effusion_0,-6.5206738,0.001470511,0.96870863
real,00026292_004.png,26292,,effusion_0,-5.816683,0.0029686266,0.8369767
real,00007113_000.png,7113,,effusion_0,-6.433468,0.0016042908,0.98192626
real,00021976_001.png,21976,,effusion_0,-6.5846367,0.0013795234,0.969448
real,00017729_006.png,17729,,effusion_0,-6.6179066,0.0013344421,0.98105043
real,00015149_000.png,15149,,effusion_0,-6.3758755,0.0016992366,0.95544136
real,00029340_001.png,29340,,effusion_0,-6.305319,0.0018232336,0.9811557
real,00011985_000.png,11985,,effusion_0,-6.595854,0.0013641566,0.9661339
real,00025037_000.png,25037,,effusion_0,-6.6108704,0.001343852,0.9774228
real,00009757_000.png,9757,,effusion_0,-6.2939644,0.0018440149,0.9775963
real,00001995_000.png,1995,,effusion_0,-6.741905,0.0011790044,0.97371894
real,00014560_000.png,14560,,effusion_0,-6.490097,0.0015160996,0.9692708
real,00025738_000.png,25738,,effusion_0,-6.4673443,0.0015509364,0.9779197
real,00024116_002.png,24116,,effusion_0,-6.66226,0.0012766223,0.9807479
real,00012537_000.png,12537,,effusion_0,-6.6581326,0.0012818956,0.97809505
real,00006005_000.png,6005,,effusion_0,4.6839066,0.99084175,0.9612781
real,00023422_000.png,23422,,effusion_0,-6.5594482,0.001414663,0.9750507
real,00014662_001.png,14662,,effusion_0,-6.6828365,0.0012506548,0.98086953
real,00015783_000.png,15783,,effusion_0,-6.2441254,0.0019380647,0.9645385
real,00025058_000.png,25058,,effusion_0,-6.5885925,0.0013740845,0.9805258
real,00008142_005.png,8142,,effusion_0,-6.642454,0.0013021259,0.9770981
real,00016219_000.png,16219,,effusion_0,-6.6847935,0.0012482129,0.95484436
real,00020699_003.png,20699,,effusion_0,-4.3224926,0.013093071,0.7968812
real,00020139_000.png,20139,,effusion_0,-6.6882954,0.0012438549,0.9727222
real,00011237_004.png,11237,,effusion_0,5.9323196,0.99735475,0.9832913
real,00004466_000.png,4466,,effusion_0,-6.584461,0.0013797652,0.9707388
real,00003785_001.png,3785,,effusion_0,-5.773901,0.0030979838,0.9688945
real,00022033_000.png,22033,,effusion_0,-6.5726604,0.0013961211,0.9591717
real,00016341_001.png,16341,,effusion_0,-5.6360264,0.003554336,0.935213
real,00009498_000.png,9498,,effusion_0,-6.6073895,0.0013485318,0.9745747
real,00003105_000.png,3105,,effusion_0,-6.6353416,0.001311408,0.9831631
real,00020912_001.png,20912,,effusion_0,-6.762251,0.0011552866,0.9818082
real,00026599_001.png,26599,,effusion_0,-6.6631126,0.0012755357,0.97606766
real,00007379_000.png,7379,,effusion_0,-6.7963734,0.0011165736,0.9766497
real,00010920_006.png,10920,,effusion_0,-6.7104588,0.0012166231,0.9726184
real,00004562_000.png,4562,,effusion_0,-6.77886,0.0011362783,0.97234887
real,00023219_000.png,23219,,effusion_0,-6.7486973,0.0011710331,0.964102
real,00003640_001.png,3640,,effusion_0,-6.699644,0.0012298357,0.9852795
real,00001170_003.png,1170,,effusion_0,4.846155,0.99220276,0.9503778
real,00001203_017.png,1203,,effusion_0,-6.313118,0.0018090948,0.96350265
real,00008185_001.png,8185,,effusion_0,-4.255972,0.013981061,0.56118196
real,00022389_000.png,22389,,effusion_0,-6.5887337,0.0013738908,0.9732274
real,00021424_000.png,21424,,effusion_0,-6.243805,0.0019386848,0.94886756
real,00030332_000.png,30332,,effusion_0,-6.521946,0.0014686441,0.9809439
real,00002225_002.png,2225,,effusion_0,-5.4647255,0.0042156563,0.8068755
real,00001803_013.png,1803,,effusion_0,-1.4034824,0.19726409,0.34148222
real,00023043_000.png,23043,,effusion_0,-6.8579273,0.0010499867,0.9848565
real,00005530_001.png,5530,,effusion_0,-6.433771,0.0016038052,0.98171335
real,00030650_004.png,30650,,effusion_0,6.1799145,0.99793375,0.9828542
real,00026736_000.png,26736,,effusion_0,-6.49889,0.0015028471,0.9736224
real,00011491_000.png,11491,,effusion_0,-6.2434044,0.0019394598,0.9747728
real,00000705_002.png,705,,effusion_0,-5.718052,0.0032753432,0.92066467
real,00016509_001.png,16509,,effusion_0,-6.6160545,0.0013369126,0.9593691
real,00003320_002.png,3320,,effusion_0,-6.59791,0.0013613584,0.9770884
real,00006030_000.png,6030,,effusion_0,-6.648182,0.0012946984,0.9828459
real,00012304_009.png,12304,,effusion_0,-5.7914066,0.0030443873,0.90933895
real,00010445_001.png,10445,,effusion_0,-6.5974045,0.0013620458,0.9689731
real,00030196_003.png,30196,,effusion_0,7.0369415,0.99912196,0.9937212
real,00007258_004.png,7258,,effusion_0,-6.143036,0.0021437856,0.9555315
real,00020292_000.png,20292,,effusion_0,-6.814163,0.0010969072,0.9770528
real,00007389_001.png,7389,,effusion_0,-6.292698,0.0018463475,0.9600581
real,00005401_003.png,5401,,effusion_0,-6.510042,0.0014862048,0.9801203
real,00024497_000.png,24497,,effusion_0,-6.451645,0.0015754385,0.9792037
real,00021409_007.png,21409,,effusion_0,5.2957096,0.9950119,0.9710279
real,00022159_000.png,22159,,effusion_0,-6.615656,0.001337445,0.9846549
real,00002837_000.png,2837,,effusion_0,-3.4302807,0.031362407,0.52355176
real,00014939_000.png,14939,,effusion_0,-6.590826,0.0013710232,0.9599062
real,00002114_000.png,2114,,effusion_0,-6.6305447,0.0013177056,0.9746841
real,00024641_000.png,24641,,effusion_0,-6.669964,0.0012668377,0.9709013
real,00028148_003.png,28148,,effusion_0,1.1786346,0.7647022,0.5080917
real,00025230_000.png,25230,,effusion_0,-6.598776,0.0013601816,0.97383904
real,00002793_003.png,2793,,effusion_0,-5.6052876,0.0036648817,0.92749065
real,00019640_003.png,19640,,effusion_0,-6.8311977,0.0010784001,0.9671393
real,00005347_000.png,5347,,effusion_0,-6.6308136,0.0013173517,0.984038
real,00024875_000.png,24875,,effusion_0,-6.5124245,0.0014826737,0.9806985
real,00017754_000.png,17754,,effusion_0,-6.7511253,0.0011681964,0.9718378
real,00019868_002.png,19868,,effusion_0,-6.6652946,0.001272759,0.9710205
real,00025020_000.png,25020,,effusion_0,-6.111744,0.0022117791,0.95762956
real,00002736_001.png,2736,,effusion_0,-6.4545,0.0015709536,0.971633
real,00017592_000.png,17592,,effusion_0,-6.7369137,0.0011848971,0.9795193
real,00023012_004.png,23012,,effusion_0,-6.462965,0.0015577327,0.9792125
real,00010152_001.png,10152,,effusion_0,-6.6433926,0.0013009061,0.973522
real,00002685_001.png,2685,,effusion_0,-6.427452,0.0016139554,0.96997434
real,00027847_002.png,27847,,effusion_0,-6.199812,0.0020257006,0.97441363
real,00026957_000.png,26957,,effusion_0,-6.662405,0.0012764374,0.97339016
real,00014695_002.png,14695,,effusion_0,3.6947327,0.97574866,0.803984
real,00029105_028.png,29105,,effusion_0,-5.107519,0.0060146805,0.7975893
real,00008335_000.png,8335,,effusion_0,-6.897047,0.0010097452,0.9824351
real,00000246_018.png,246,,effusion_0,-6.2270756,0.001971326,0.93937755
real,00015177_000.png,15177,,effusion_0,-6.23567,0.001954489,0.97195387
real,00002831_000.png,2831,,effusion_0,-6.6745243,0.0012610807,0.96947
real,00024326_000.png,24326,,effusion_0,-6.863783,0.0010438627,0.98001164
real,00005053_001.png,5053,,effusion_0,-6.403633,0.0016527954,0.96741545
real,00003804_012.png,3804,,effusion_0,-6.594589,0.0013658805,0.96490306
real,00021970_005.png,21970,,effusion_0,-6.146757,0.00213584,0.96216226
real,00016484_027.png,16484,,effusion_0,-5.7934074,0.0030383205,0.9104932
real,00010892_000.png,10892,,effusion_0,-6.296997,0.0018384414,0.9638954
real,00014145_000.png,14145,,effusion_0,-6.103777,0.0022294312,0.9612871
real,00027625_000.png,27625,,effusion_0,-6.7329025,0.0011896539,0.9697936
real,00025215_000.png,25215,,effusion_0,-6.1186066,0.0021966854,0.94427836
real,00002355_005.png,2355,,effusion_0,-6.405939,0.0016489946,0.95726144
real,00011932_006.png,11932,,effusion_0,-6.6295853,0.0013189688,0.98225635
real,00014087_000.png,14087,,effusion_0,-6.747143,0.0011728527,0.98531044
real,00004899_000.png,4899,,effusion_0,-6.652981,0.0012885083,0.97516763
real,00001775_003.png,1775,,effusion_0,6.3443146,0.99824643,0.9846475
real,00028598_000.png,28598,,effusion_0,-6.4817104,0.0015288485,0.98275185
real,00019815_000.png,19815,,effusion_0,-6.5093,0.0014873063,0.974633
real,00024789_001.png,24789,,effusion_0,-6.5712185,0.0013981329,0.97300076
real,00005002_000.png,5002,,effusion_0,-6.6166687,0.0013360928,0.9697454
real,00003013_003.png,3013,,effusion_0,-6.2563343,0.0019145922,0.9646602
real,00025438_000.png,25438,,effusion_0,-6.5206223,0.0014705866,0.9697545
real,00029382_000.png,29382,,effusion_0,-6.360777,0.0017250428,0.9794121
real,00015313_013.png,15313,,effusion_0,-6.6114864,0.0013430255,0.96172327
real,00024474_000.png,24474,,effusion_0,-6.585064,0.0013789351,0.9777745
real,00006694_001.png,6694,,effusion_0,-6.38785,0.0016790447,0.96848553
real,00003576_000.png,3576,,effusion_0,-6.4810295,0.0015298884,0.9817776
real,00013288_001.png,13288,,effusion_0,-6.4828777,0.0015270676,0.9679609
real,00001727_000.png,1727,,effusion_0,-6.233183,0.0019593467,0.9403495
real,00018844_000.png,18844,,effusion_0,-5.6545296,0.0034894017,0.9005509
real,00013162_000.png,13162,,effusion_0,-6.8221874,0.0010881501,0.97100115
real,00018345_000.png,18345,,effusion_0,-6.351204,0.001741607,0.9483837
real,00020341_000.png,20341,,effusion_0,-6.403639,0.0016527858,0.93810636
real,00003804_000.png,3804,,effusion_0,-6.4728985,0.0015423592,0.9669274
real,00014809_010.png,14809,,effusion_0,-6.2993927,0.0018340503,0.97591543
real,00029487_001.png,29487,,effusion_0,-6.5778294,0.0013889333,0.97553873
real,00029211_000.png,29211,,effusion_0,-6.2463074,0.0019338487,0.9718496
real,00004435_004.png,4435,,effusion_0,-6.089983,0.0022603269,0.9497366
real,00008142_001.png,8142,,effusion_0,-6.6989346,0.0012307075,0.9791516
real,00003499_004.png,3499,,effusion_0,-6.4356594,0.0016007845,0.96631837
real,00019163_000.png,19163,,effusion_0,-6.460123,0.001562159,0.9702148
real,00010120_020.png,10120,,effusion_0,-6.6171303,0.0013354771,0.9580221
real,00002402_000.png,2402,,effusion_0,-6.715578,0.0012104183,0.97833276
real,00029025_004.png,29025,,effusion_0,-6.0692463,0.0023075787,0.95627344
real,00011598_020.png,11598,,effusion_0,-6.2560368,0.0019151608,0.94959855
real,00012855_000.png,12855,,effusion_0,-5.4715424,0.004187136,0.81630284
real,00030389_014.png,30389,,effusion_0,-2.2362137,0.0965453,0.31484184
real,00024171_000.png,24171,,effusion_0,-6.484415,0.0015247253,0.9734302
real,00007851_004.png,7851,,effusion_0,-6.5360165,0.0014481539,0.97712094
real,00011932_005.png,11932,,effusion_0,-6.717388,0.001208232,0.9783799
real,00027422_000.png,27422,,effusion_0,-6.647711,0.0012953078,0.97782797
real,00013397_000.png,13397,,effusion_0,-7.029701,0.00088441337,0.9634464
real,00000318_009.png,318,,effusion_0,-6.3660526,0.0017159814,0.9515936
real,00025924_005.png,25924,,effusion_0,-6.5050697,0.0014936023,0.9708591
real,00001507_002.png,1507,,effusion_0,-6.0861015,0.0022690974,0.96772635
real,00007851_001.png,7851,,effusion_0,-6.594759,0.0013656488,0.98028964
real,00026354_000.png,26354,,effusion_0,-6.4579277,0.0015655869,0.95774865
real,00018642_001.png,18642,,effusion_0,-6.2484303,0.0019297557,0.9723171
real,00016245_000.png,16245,,effusion_0,-6.776512,0.0011389463,0.985461
real,00007340_004.png,7340,,effusion_0,-6.421686,0.001623273,0.97044885
real,00000273_009.png,273,,effusion_0,-6.185398,0.0020550496,0.959712
real,00017778_000.png,17778,,effusion_0,-5.7102394,0.0033009471,0.85083467
real,00023339_000.png,23339,,effusion_0,-6.9392605,0.0009680478,0.98229516
real,00006981_017.png,6981,,effusion_0,-6.42688,0.0016148777,0.9530413
real,00017013_001.png,17013,,effusion_0,-6.2868614,0.001857135,0.9701859
real,00019574_000.png,19574,,effusion_0,-5.7016354,0.0033293765,0.9414872
real,00029200_001.png,29200,,effusion_0,-4.667219,0.009310862,0.8394472
real,00012772_006.png,12772,,effusion_0,-6.6291676,0.0013195191,0.97878575
real,00020624_013.png,20624,,effusion_0,-6.02553,0.0024104468,0.94674504
real,00020060_004.png,20060,,effusion_0,-5.83683,0.0029095875,0.94990885
real,00017747_018.png,17747,,effusion_0,0.5089035,0.6245494,0.6660373
real,00000318_007.png,318,,effusion_0,-6.670658,0.0012659596,0.9618812
real,00017930_002.png,17930,,effusion_0,3.091238,0.95652986,0.68379146
real,00021023_024.png,21023,,effusion_0,-6.5703106,0.0013994011,0.9678681
real,00011929_000.png,11929,,effusion_0,-6.6467037,0.0012966113,0.9626261
real,00015142_000.png,15142,,effusion_0,3.8798504,0.979764,0.84246975
real,00001222_007.png,1222,,effusion_0,-6.497839,0.001504425,0.958792
real,00007159_000.png,7159,,effusion_0,-6.6573734,0.001282868,0.97508407
real,00012669_000.png,12669,,effusion_0,-6.540266,0.0014420218,0.9678815
real,00027427_005.png,27427,,effusion_0,1.4240513,0.80597275,0.40118796
real,00016484_003.png,16484,,effusion_0,-5.6757774,0.003416292,0.9548437
real,00001336_000.png,1336,,effusion_0,-6.7699394,0.0011464483,0.9816322
real,00028358_000.png,28358,,effusion_0,-5.8938427,0.0027487876,0.9346588
real,00010015_000.png,10015,,effusion_0,-6.5869637,0.0013763215,0.97410583
real,00006002_000.png,6002,,effusion_0,-5.9839897,0.002512429,0.94385785
real,00000246_000.png,246,,effusion_0,-6.3631077,0.0017210337,0.9771563
real,00013098_000.png,13098,,effusion_0,-6.7205925,0.0012043713,0.97159797
real,00018869_000.png,18869,,effusion_0,-6.729889,0.00119324,0.9671726
real,00025696_002.png,25696,,effusion_0,2.5998688,0.9308531,0.7115986
real,00001977_000.png,1977,,effusion_0,-6.398058,0.0016620203,0.9717657
real,00014335_000.png,14335,,effusion_0,-6.5381794,0.0014450296,0.9780658
real,00025924_001.png,25924,,effusion_0,-5.8226795,0.0029509303,0.92756456
real,00026180_000.png,26180,,effusion_0,-6.255104,0.0019169443,0.9452862
real,00022312_001.png,22312,,effusion_0,-6.8645115,0.0010431033,0.9832154
real,00005768_005.png,5768,,effusion_0,-6.4443264,0.0015869924,0.9671285
real,00019260_003.png,19260,,effusion_0,-6.2586403,0.0019101904,0.9751711
real,00003548_002.png,3548,,effusion_0,-6.423481,0.0016203668,0.9631417
real,00010695_018.png,10695,,effusion_0,4.155197,0.9845595,0.8973481
real,00029428_000.png,29428,,effusion_0,-6.4616756,0.0015597392,0.9754575
real,00026292_006.png,26292,,effusion_0,-6.642971,0.0013014538,0.96817565
real,00004580_000.png,4580,,effusion_0,-6.6120377,0.0013422864,0.9880793
real,00019554_000.png,19554,,effusion_0,-6.8097267,0.001101779,0.97620463
real,00011139_001.png,11139,,effusion_0,-6.317297,0.0018015639,0.95503616
real,00014126_000.png,14126,,effusion_0,-6.103119,0.0022308952,0.95337796
real,00009815_004.png,9815,,effusion_0,-5.9140663,0.0026939039,0.95473224
real,00017747_060.png,17747,,effusion_0,5.025793,0.99347645,0.97187096
real,00003464_001.png,3464,,effusion_0,-6.559757,0.0014142267,0.97377187
real,00024003_000.png,24003,,effusion_0,-6.3071117,0.0018199735,0.95501906
real,00014171_001.png,14171,,effusion_0,-6.2709904,0.0018867888,0.96691996
real,00021983_000.png,21983,,effusion_0,-6.652296,0.0012893897,0.96460545
real,00006566_000.png,6566,,effusion_0,-6.6471424,0.0012960432,0.9548723
real,00021562_001.png,21562,,effusion_0,-6.2433586,0.0019395484,0.97581786
real,00016698_001.png,16698,,effusion_0,-6.7389584,0.0011824798,0.98067397
real,00017747_021.png,17747,,effusion_0,-0.3597126,0.41102913,0.64875317
real,00020458_003.png,20458,,effusion_0,-6.0826263,0.0022769785,0.9188839
real,00026833_000.png,26833,,effusion_0,5.300907,0.9950376,0.97080123
real,00002962_000.png,2962,,effusion_0,-6.6513195,0.0012906479,0.9723005
real,00016865_000.png,16865,,effusion_0,-6.85725,0.001050697,0.98090357
real,00008157_000.png,8157,,effusion_0,-6.4301662,0.0016095879,0.97133917
real,00005063_000.png,5063,,effusion_0,-6.7494984,0.0011700965,0.973374
real,00007424_001.png,7424,,effusion_0,-6.544882,0.0014353907,0.97977835
real,00010964_000.png,10964,,effusion_0,-5.5444145,0.0038940085,0.94837344
real,00023372_000.png,23372,,effusion_0,-6.28179,0.0018665598,0.9718494
real,00024386_000.png,24386,,effusion_0,-6.509781,0.0014865927,0.97514874
real,00010481_033.png,10481,,effusion_0,-6.0135155,0.00243951,0.95185643
real,00001222_003.png,1222,,effusion_0,-6.5442867,0.0014362439,0.97766566
real,00001104_006.png,1104,,effusion_0,-3.4179535,0.03173906,0.5483581
real,00016568_006.png,16568,,effusion_0,2.8912125,0.94741035,0.8833006
real,00017835_011.png,17835,,effusion_0,-6.5138435,0.0014805744,0.96473116
real,00006527_000.png,6527,,effusion_0,-6.5590553,0.0014152181,0.9792102
real,00001136_002.png,1136,,effusion_0,-6.380335,0.0016916887,0.97678244
real,00028457_000.png,28457,,effusion_0,-6.195118,0.002035212,0.9500054
real,00009378_006.png,9378,,effusion_0,-6.4952145,0.0015083724,0.9698593
real,00021976_000.png,21976,,effusion_0,-6.3502254,0.001743309,0.9466167
real,00029569_000.png,29569,,effusion_0,-6.4020805,0.0016553592,0.98317134
real,00007082_000.png,7082,,effusion_0,-6.409775,0.0016426921,0.9671644
real,00015795_000.png,15795,,effusion_0,-6.3952103,0.0016667522,0.96441185
real,00018616_000.png,18616,,effusion_0,-6.253229,0.001920535,0.96725494
real,00019345_000.png,19345,,effusion_0,-0.754406,0.319862,0.20823646
real,00007389_002.png,7389,,effusion_0,-6.0481834,0.0023565823,0.9331674
real,00017836_001.png,17836,,effusion_0,-6.420206,0.0016256736,0.9311262
real,00023372_003.png,23372,,effusion_0,-6.4023533,0.0016549084,0.975362
real,00009090_001.png,9090,,effusion_0,-6.060587,0.0023276007,0.973708
real,00001222_000.png,1222,,effusion_0,-6.869442,0.0010379782,0.97631514
real,00030690_000.png,30690,,effusion_0,-5.999956,0.0024727313,0.97422606
real,00025054_000.png,25054,,effusion_0,-6.731718,0.0011910622,0.97743165
real,00007153_000.png,7153,,effusion_0,-6.425415,0.0016172412,0.9621785
real,00012913_001.png,12913,,effusion_0,-6.6915264,0.0012398473,0.9671768
real,00022266_000.png,22266,,effusion_0,-6.4417267,0.0015911168,0.9829738
real,00027857_001.png,27857,,effusion_0,-6.8164463,0.0010944083,0.98002326
real,00012178_004.png,12178,,effusion_0,-6.5768814,0.0013902487,0.9736977
real,00029847_000.png,29847,,effusion_0,-6.306093,0.0018218248,0.9806482
real,00006040_000.png,6040,,effusion_0,-6.487997,0.0015192819,0.95553637
real,00020359_000.png,20359,,effusion_0,-6.554449,0.0014217428,0.9741973
real,00008802_004.png,8802,,effusion_0,-6.3128242,0.0018096253,0.9719028
real,00030783_000.png,30783,,effusion_0,-2.8746395,0.053421553,0.49967366
real,00001733_002.png,1733,,effusion_0,-6.5519238,0.0014253326,0.9712972
real,00026105_000.png,26105,,effusion_0,-6.4757385,0.0015379918,0.9754307
real,00022135_010.png,22135,,effusion_0,-6.5039806,0.0014952273,0.9814514
real,00029487_000.png,29487,,effusion_0,-6.4635887,0.0015567628,0.9399731
real,00016975_007.png,16975,,effusion_0,-6.1622143,0.0021031487,0.94298464
real,00001122_001.png,1122,,effusion_0,-6.32127,0.0017944333,0.96702033
real,00017465_001.png,17465,,effusion_0,-6.5362167,0.0014478643,0.96268225
real,00021710_000.png,21710,,effusion_0,-6.1546555,0.0021190727,0.9407408
real,00015347_000.png,15347,,effusion_0,2.7090092,0.9375562,0.6452128
real,00013408_015.png,13408,,effusion_0,-5.60408,0.003669293,0.9300554
real,00000705_001.png,705,,effusion_0,-4.618393,0.009772205,0.66351193
real,00014809_020.png,14809,,effusion_0,-6.4054337,0.001649827,0.96881056
real,00008013_004.png,8013,,effusion_0,4.9559917,0.99300814,0.959292
real,00023156_007.png,23156,,effusion_0,-0.66518784,0.3395752,0.45699468
real,00029885_000.png,29885,,effusion_0,-6.6428967,0.0013015504,0.98592687
real,00013723_001.png,13723,,effusion_0,-6.587406,0.0013757134,0.97894466
real,00004493_000.png,4493,,effusion_0,-6.506071,0.0014921095,0.9723027
real,00007616_002.png,7616,,effusion_0,-5.3830357,0.0045728483,0.89569443
real,00018008_000.png,18008,,effusion_0,-6.601095,0.0013570349,0.9738479
real,00024125_000.png,24125,,effusion_0,-6.706457,0.0012214956,0.96596706
real,00012304_003.png,12304,,effusion_0,-5.9408035,0.0026230172,0.8943405
real,00004057_000.png,4057,,effusion_0,-6.6379776,0.0013079603,0.9533821
real,00013625_018.png,13625,,effusion_0,-6.560604,0.0014130311,0.97875607
real,00021475_000.png,21475,,effusion_0,-6.510124,0.0014860831,0.96890473
real,00020060_002.png,20060,,effusion_0,-5.7990284,0.0030213417,0.8670073
real,00015009_004.png,15009,,effusion_0,-6.5766907,0.0013905136,0.96996343
real,00003439_006.png,3439,,effusion_0,-6.6719856,0.0012642823,0.97525305
real,00012585_007.png,12585,,effusion_0,-6.3399734,0.0017612417,0.9595007
real,00005768_008.png,5768,,effusion_0,-6.57918,0.0013870614,0.9700301
real,00028027_005.png,28027,,effusion_0,5.9614525,0.9974305,0.98709667
real,00019911_001.png,19911,,effusion_0,-6.7443085,0.0011761776,0.96585935
real,00029678_000.png,29678,,effusion_0,-6.61022,0.0013447251,0.9707518
real,00002825_003.png,2825,,effusion_0,-6.777561,0.0011377535,0.98176897
real,00002383_001.png,2383,,effusion_0,-6.1823254,0.002061361,0.90365624
real,00003570_003.png,3570,,effusion_0,-6.640274,0.001304964,0.978962
real,00012975_006.png,12975,,effusion_0,3.6529884,0.974741,0.90687585
real,00002816_001.png,2816,,effusion_0,-6.6821423,0.0012515223,0.9808177
real,00007325_000.png,7325,,effusion_0,-5.7432213,0.0031941936,0.96159685
real,00013372_001.png,13372,,effusion_0,-6.2622128,0.0019033917,0.9381674
real,00006574_000.png,6574,,effusion_0,-6.58794,0.0013749799,0.97861075
real,00014295_001.png,14295,,effusion_0,-6.8415375,0.001067319,0.9798926
real,00006024_011.png,6024,,effusion_0,-6.6422806,0.0013023515,0.9809607
real,00013489_000.png,13489,,effusion_0,-6.615288,0.0013379367,0.9709301
real,00029870_000.png,29870,,effusion_0,-6.4233093,0.0016206447,0.96529776
real,00023506_000.png,23506,,effusion_0,-6.7902336,0.0011234425,0.9816364
real,00000865_008.png,865,,effusion_0,-6.402014,0.0016554695,0.9597883
real,00000877_033.png,877,,effusion_0,-6.831051,0.0010785584,0.98089993
real,00011726_000.png,11726,,effusion_0,-6.6784477,0.0012561489,0.97171074
real,00017785_000.png,17785,,effusion_0,-6.566759,0.0014043729,0.9609581
real,00027829_000.png,27829,,effusion_0,-6.6834373,0.0012499046,0.97687
real,00000023_000.png,23,,effusion_0,-6.436701,0.0015991208,0.9586879
real,00026299_000.png,26299,,effusion_0,-6.442478,0.0015899235,0.94017404
real,00019963_000.png,19963,,effusion_0,-6.499262,0.0015022892,0.95734197
real,00005579_001.png,5579,,effusion_0,-5.3941307,0.0045226207,0.8778704
real,00015338_011.png,15338,,effusion_0,-5.9471855,0.0026063742,0.94977707
real,00009090_003.png,9090,,effusion_0,-6.4848595,0.001524049,0.9689902
real,00010042_004.png,10042,,effusion_0,-6.175785,0.002074859,0.97484505
real,00025527_001.png,25527,,effusion_0,-6.434601,0.0016024773,0.93473923
real,00022827_000.png,22827,,effusion_0,-6.6373425,0.0013087902,0.97785795
real,00021305_000.png,21305,,effusion_0,-6.81439,0.0010966585,0.97136205
real,00004018_000.png,4018,,effusion_0,-6.6747704,0.0012607708,0.9782785
real,00014922_000.png,14922,,effusion_0,-6.7270184,0.0011966663,0.9815391
real,00002566_000.png,2566,,effusion_0,-6.0799294,0.0022831138,0.9375743
real,00008136_000.png,8136,,effusion_0,-6.368616,0.0017115959,0.9785662
real,00008929_000.png,8929,,effusion_0,-6.5906334,0.0013712869,0.9803614
real,00000949_009.png,949,,effusion_0,-6.2100697,0.0020050693,0.90334445
real,00028533_000.png,28533,,effusion_0,-6.1007195,0.0022362426,0.96419984
real,00001170_044.png,1170,,effusion_0,5.332382,0.99519074,0.97501415
real,00010905_011.png,10905,,effusion_0,-6.3515434,0.001741017,0.97197205
real,00000169_001.png,169,,effusion_0,-6.6386585,0.0013070711,0.97728163
real,00000318_000.png,318,,effusion_0,-6.528038,0.0014597372,0.9744067
real,00022334_000.png,22334,,effusion_0,-6.747387,0.0011725667,0.9789323
real,00016195_000.png,16195,,effusion_0,-6.512583,0.0014824393,0.95783484
real,00008698_000.png,8698,,effusion_0,-6.121399,0.0021905734,0.9584821
real,00015313_012.png,15313,,effusion_0,-6.385168,0.0016835458,0.9753787
real,00026815_003.png,26815,,effusion_0,-6.3442516,0.001753736,0.964742
real,00008386_001.png,8386,,effusion_0,-6.8385067,0.0010705552,0.97958696
real,00028766_004.png,28766,,effusion_0,-6.2393627,0.0019472991,0.978052
real,00006674_001.png,6674,,effusion_0,-6.873102,0.0010341898,0.98474896
real,00014719_002.png,14719,,effusion_0,-6.55204,0.001425167,0.96058005
real,00003174_013.png,3174,,effusion_0,-6.7868595,0.0011272351,0.9787855
real,00005347_001.png,5347,,effusion_0,-6.3816586,0.0016894547,0.9749714
real,00024931_000.png,24931,,effusion_0,-6.792509,0.0011208918,0.9790968
real,00010120_000.png,10120,,effusion_0,-6.7370796,0.0011847009,0.955262
real,00012653_001.png,12653,,effusion_0,-5.16218,0.00569656,0.8744701
real,00015840_000.png,15840,,effusion_0,-6.3928947,0.0016706095,0.9724349
real,00010713_001.png,10713,,effusion_0,-6.338724,0.0017634395,0.9137917
real,00021344_000.png,21344,,effusion_0,-6.090166,0.002259914,0.9655651
real,00002073_001.png,2073,,effusion_0,7.331852,0.9993461,0.9961559
real,00026111_001.png,26111,,effusion_0,-6.3571033,0.0017313805,0.97837263
real,00016484_023.png,16484,,effusion_0,-6.206175,0.002012878,0.96237844
real,00028566_000.png,28566,,effusion_0,-6.730709,0.0011922631,0.9836711
real,00007931_000.png,7931,,effusion_0,-5.539528,0.003913009,0.9503939
real,00003042_001.png,3042,,effusion_0,-6.3795834,0.0016929584,0.96548873
real,00011153_000.png,11153,,effusion_0,-6.4712944,0.0015448316,0.9694086
real,00021716_002.png,21716,,effusion_0,-5.073017,0.006224507,0.8239277
real,00025676_000.png,25676,,effusion_0,-6.5400696,0.0014423048,0.979015
real,00006123_003.png,6123,,effusion_0,-6.700083,0.001229297,0.9803323
real,00004773_001.png,4773,,effusion_0,-6.1396046,0.0021511384,0.94008267
real,00012797_000.png,12797,,effusion_0,-6.834612,0.0010747286,0.97420275
real,00016842_002.png,16842,,effusion_0,-6.62591,0.001323819,0.97791135
real,00011732_000.png,11732,,effusion_0,-6.5898266,0.0013723923,0.9581682
real,00009777_000.png,9777,,effusion_0,-6.8862667,0.0010206783,0.973733
real,00024861_000.png,24861,,effusion_0,-6.286394,0.0018580015,0.96003044
real,00029926_000.png,29926,,effusion_0,-6.406019,0.0016488628,0.97679543
real,00010071_001.png,10071,,effusion_0,-5.9667645,0.0025559696,0.95474094
real,00022788_004.png,22788,,effusion_0,-6.5149784,0.0014788975,0.94070613
real,00029648_000.png,29648,,effusion_0,-6.6764507,0.0012586567,0.98437077
real,00011910_009.png,11910,,effusion_0,-6.8023987,0.0011098736,0.97617465
real,00021972_024.png,21972,,effusion_0,2.1817474,0.8985984,0.53833663
real,00016410_000.png,16410,,effusion_0,-6.5089607,0.0014878105,0.97538805
real,00013181_003.png,13181,,effusion_0,-6.4726562,0.0015427322,0.9706618
real,00005614_001.png,5614,,effusion_0,-6.570671,0.0013988974,0.97368866
real,00014110_000.png,14110,,effusion_0,-6.2973595,0.0018377763,0.9093892
real,00028148_015.png,28148,,effusion_0,-4.1108704,0.016129088,0.66668534
real,00013427_000.png,13427,,effusion_0,-6.6413326,0.0013035851,0.96912307
real,00016879_000.png,16879,,effusion_0,-6.399313,0.0016599392,0.96621
real,00013723_000.png,13723,,effusion_0,-6.569433,0.0014006278,0.980779
real,00000085_000.png,85,,effusion_0,-5.6717243,0.0034301188,0.9175625
real,00026599_000.png,26599,,effusion_0,-6.5991096,0.0013597284,0.9787536
real,00017729_001.png,17729,,effusion_0,-6.627968,0.001321101,0.9747271
real,00016255_000.png,16255,,effusion_0,-6.5553226,0.0014205032,0.979842
real,00020758_000.png,20758,,effusion_0,-6.4312553,0.0016078387,0.93450505
real,00030029_000.png,30029,,effusion_0,-6.539072,0.0014437421,0.98585683
real,00006098_006.png,6098,,effusion_0,-4.3039856,0.0133343795,0.7502204
real,00023625_000.png,23625,,effusion_0,-6.7675056,0.0011492387,0.9822037
real,00009034_006.png,9034,,effusion_0,-5.231886,0.005315038,0.8462378
real,00009061_000.png,9061,,effusion_0,-6.4486866,0.0015800988,0.97551733
real,00008359_000.png,8359,,effusion_0,-6.7247753,0.0011993501,0.980381
real,00001170_004.png,1170,,effusion_0,3.7269192,0.97649866,0.8409906
real,00015087_011.png,15087,,effusion_0,-6.071327,0.0023027929,0.91837656
real,00005401_007.png,5401,,effusion_0,-6.7388783,0.0011825744,0.9684437
real,00020631_001.png,20631,,effusion_0,-6.393696,0.0016692741,0.9751848
real,00010984_003.png,10984,,effusion_0,-6.717293,0.0012083472,0.9784036
real,00025075_005.png,25075,,effusion_0,-6.592598,0.0013685991,0.97335446
real,00018448_017.png,18448,,effusion_0,-6.408146,0.0016453656,0.97566646
real,00000341_000.png,341,,effusion_0,-6.557865,0.0014169012,0.97140425
real,00006955_000.png,6955,,effusion_0,-6.367491,0.0017135197,0.97853184
real,00002168_000.png,2168,,effusion_0,-6.9867287,0.0009232114,0.984683
real,00025483_000.png,25483,,effusion_0,-3.336609,0.03433642,0.5907073
real,00008562_000.png,8562,,effusion_0,-6.9113045,0.0009954652,0.9841575
real,00028614_000.png,28614,,effusion_0,-6.8679543,0.001039522,0.9823806
real,00005014_014.png,5014,,effusion_0,3.68404,0.97549427,0.82574016
real,00024583_000.png,24583,,effusion_0,-6.3776207,0.0016962787,0.9698074
real,00026264_000.png,26264,,effusion_0,-6.6440964,0.001299992,0.96105635
real,00017111_006.png,17111,,effusion_0,-6.3757534,0.0016994437,0.96407014
real,00012074_000.png,12074,,effusion_0,-6.5946617,0.0013657815,0.9673799
real,00013303_000.png,13303,,effusion_0,-6.266054,0.0018961078,0.9685215
real,00005552_000.png,5552,,effusion_0,-6.4848576,0.0015240519,0.95748204
real,00016205_006.png,16205,,effusion_0,3.871601,0.97959983,0.7993121
real,00010481_029.png,10481,,effusion_0,-6.507496,0.0014899884,0.9849897
real,00022788_003.png,22788,,effusion_0,-6.5491734,0.0014292526,0.9639696
real,00020802_000.png,20802,,effusion_0,-6.7522087,0.001166933,0.98045635
real,00023133_002.png,23133,,effusion_0,-6.548937,0.0014295902,0.97550094
real,00011770_008.png,11770,,effusion_0,7.9679966,0.9996537,0.99638855
real,00029286_000.png,29286,,effusion_0,-6.412237,0.0016386587,0.98019665
real,00029203_000.png,29203,,effusion_0,-6.4479675,0.0015812335,0.9650292
real,00021424_004.png,21424,,effusion_0,-5.500166,0.004069465,0.87961406
real,00021409_000.png,21409,,effusion_0,6.6793957,0.99874496,0.99101967
real,00011932_007.png,11932,,effusion_0,-6.722288,0.0012023333,0.9655884
real,00001713_000.png,1713,,effusion_0,-6.463745,0.0015565198,0.9576158
real,00012980_000.png,12980,,effusion_0,-6.3443203,0.0017536157,0.97527623
real,00028229_000.png,28229,,effusion_0,-6.525791,0.001463016,0.97521275
real,00028282_000.png,28282,,effusion_0,-6.577797,0.0013889782,0.98492324
real,00013533_001.png,13533,,effusion_0,-6.439129,0.0015952492,0.9772321
real,00004318_000.png,4318,,effusion_0,-6.5154305,0.0014782301,0.9717657
real,00001974_007.png,1974,,effusion_0,2.6274548,0.93260777,0.52997404
real,00009699_000.png,9699,,effusion_0,-6.6743164,0.0012613425,0.978989
real,00014838_000.png,14838,,effusion_0,-6.141802,0.0021464273,0.9645942
real,00012919_000.png,12919,,effusion_0,-6.54591,0.0014339179,0.96953183
real,00006526_000.png,6526,,effusion_0,-6.7643948,0.0011528153,0.97342396
real,00008054_000.png,8054,,effusion_0,-6.2609024,0.0019058826,0.9663512
real,00009652_000.png,9652,,effusion_0,-5.9336166,0.0026418865,0.960901
real,00012585_002.png,12585,,effusion_0,-6.4737587,0.0015410351,0.9682479
real,00012086_000.png,12086,,effusion_0,-6.655102,0.0012857819,0.9691482
real,00025908_000.png,25908,,effusion_0,-6.744631,0.001175799,0.9815385
real,00016842_000.png,16842,,effusion_0,-6.7065125,0.0012214279,0.98635906
real,00008593_002.png,8593,,effusion_0,-6.389309,0.0016766007,0.9755534
real,00019857_001.png,19857,,effusion_0,-6.4444637,0.0015867747,0.9675031
real,00017111_008.png,17111,,effusion_0,-6.40921,0.0016436181,0.96152604
real,00021652_000.png,21652,,effusion_0,-6.8261814,0.0010838174,0.98072356
real,00022883_016.png,22883,,effusion_0,-6.125065,0.0021825752,0.96106184
real,00004378_001.png,4378,,effusion_0,-6.6213875,0.0013298114,0.98377204
real,00021705_000.png,21705,,effusion_0,-6.6399746,0.0013053543,0.98498166
real,00016769_000.png,16769,,effusion_0,-6.2694473,0.0018896968,0.9498774
real,00008806_009.png,8806,,effusion_0,-6.2238026,0.001977776,0.8970861
real,00016789_006.png,16789,,effusion_0,-6.2315655,0.0019625123,0.9630848
real,00018044_004.png,18044,,effusion_0,-6.2820263,0.0018661193,0.9259312
real,00000463_000.png,463,,effusion_0,2.8343372,0.9445034,0.72162825
real,00012017_000.png,12017,,effusion_0,-6.462885,0.0015578573,0.9747758
real,00009369_000.png,9369,,effusion_0,-6.6062565,0.0013500584,0.9659349
real,00001059_006.png,1059,,effusion_0,-6.571821,0.0013972915,0.93221074
real,00005532_033.png,5532,,effusion_0,-6.247122,0.0019322773,0.87082404
real,00009409_002.png,9409,,effusion_0,-6.505581,0.0014928401,0.98380554
real,00025432_000.png,25432,,effusion_0,-6.5734386,0.0013950366,0.9618311
real,00014523_000.png,14523,,effusion_0,-6.54937,0.0014289721,0.976034
real,00027084_000.png,27084,,effusion_0,-6.551384,0.0014261011,0.98248625
real,00007719_000.png,7719,,effusion_0,-6.6175556,0.00133491,0.9799597
real,00012585_014.png,12585,,effusion_0,-6.5346737,0.001450097,0.9548114
real,00006791_002.png,6791,,effusion_0,-6.3074303,0.0018193949,0.9374662
real,00016789_008.png,16789,,effusion_0,-6.4697685,0.0015471869,0.96873134
real,00018603_000.png,18603,,effusion_0,-6.4394703,0.0015947054,0.95009637
real,00012400_000.png,12400,,effusion_0,-6.6008873,0.0013573167,0.9750192
real,00026299_001.png,26299,,effusion_0,-6.445757,0.0015847273,0.96683705
real,00000821_000.png,821,,effusion_0,-6.4283714,0.0016124747,0.963856
real,00003570_005.png,3570,,effusion_0,-6.5565567,0.0014187536,0.9770996
real,00012476_001.png,12476,,effusion_0,-6.6160374,0.0013369354,0.9756613
real,00023964_000.png,23964,,effusion_0,-6.3743725,0.0017017882,0.9471833
real,00006002_003.png,6002,,effusion_0,-6.0654545,0.0023163247,0.91600835
real,00008806_000.png,8806,,effusion_0,-6.604555,0.0013523541,0.9461396
real,00030149_000.png,30149,,effusion_0,-6.543665,0.0014371359,0.9776252
real,00010936_001.png,10936,,effusion_0,-5.9029007,0.0027240692,0.90871847
real,00024948_000.png,24948,,effusion_0,-6.4893513,0.0015172289,0.9769952
real,00029393_000.png,29393,,effusion_0,-6.7148323,0.0012113203,0.9766525
real,00023266_005.png,23266,,effusion_0,3.8590183,0.9793468,0.88508487
real,00018284_023.png,18284,,effusion_0,0.8956661,0.71005803,0.8193346
real,00006024_002.png,6024,,effusion_0,-6.263048,0.0019018052,0.9739521
real,00016724_002.png,16724,,effusion_0,7.069336,0.9991499,0.9947839
real,00009936_000.png,9936,,effusion_0,-6.4749756,0.0015391638,0.9487733
real,00010682_000.png,10682,,effusion_0,-6.677746,0.0012570298,0.9661186
real,00003785_006.png,3785,,effusion_0,-6.076542,0.002290843,0.8992531
real,00015938_000.png,15938,,effusion_0,-6.495886,0.0015073618,0.96220464
real,00013952_006.png,13952,,effusion_0,-5.324568,0.004846849,0.86180997
real,00014352_004.png,14352,,effusion_0,-6.3767414,0.0016977682,0.97323287
real,00004547_000.png,4547,,effusion_0,-6.5674076,0.0014034637,0.97590315
real,00029140_000.png,29140,,effusion_0,-5.2103615,0.005430053,0.9298695
real,00012625_012.png,12625,,effusion_0,-6.771063,0.0011451626,0.9812489
real,00011987_000.png,11987,,effusion_0,-6.528776,0.0014586617,0.9755579
real,00016388_000.png,16388,,effusion_0,-6.5613365,0.0014119981,0.9806568
real,00021362_000.png,21362,,effusion_0,-6.2941036,0.0018437585,0.9500874
real,00002515_001.png,2515,,effusion_0,-6.2990704,0.0018346405,0.9575003
real,00028465_001.png,28465,,effusion_0,-6.565405,0.0014062733,0.97284347
real,00025466_000.png,25466,,effusion_0,-6.6312866,0.0013167296,0.98421925
real,00018822_000.png,18822,,effusion_0,-6.5556793,0.0014199972,0.97096425
real,00010481_004.png,10481,,effusion_0,-6.074106,0.0022964168,0.9733847
real,00024245_000.png,24245,,effusion_0,-6.5777683,0.0013890179,0.97854143
real,00022341_000.png,22341,,effusion_0,-6.6155167,0.001337631,0.97759795
real,00008318_000.png,8318,,effusion_0,-6.5556355,0.0014200595,0.972134
real,00022532_000.png,22532,,effusion_0,-6.617504,0.0013349786,0.9840951
real,00018044_041.png,18044,,effusion_0,3.8276196,0.9787022,0.76287585
real,00001248_034.png,1248,,effusion_0,6.409376,0.99835664,0.9916911
real,00030001_000.png,30001,,effusion_0,-6.3109493,0.0018130151,0.95952976
real,00016123_000.png,16123,,effusion_0,-6.6815147,0.001252307,0.98136365
real,00001075_044.png,1075,,effusion_0,-6.5951366,0.0013651339,0.9781621
real,00022155_017.png,22155,,effusion_0,2.2339916,0.90326077,0.6166529
real,00020312_030.png,20312,,effusion_0,-6.444744,0.0015863306,0.9752061
real,00003362_002.png,3362,,effusion_0,5.671154,0.99656796,0.97227174
real,00020572_001.png,20572,,effusion_0,-6.6886387,0.0012434284,0.9689688
real,00009138_022.png,9138,,effusion_0,3.350996,0.9661374,0.79308975
real,00007131_006.png,7131,,effusion_0,-5.743807,0.0031923298,0.9093429
real,00012329_001.png,12329,,effusion_0,-6.6403236,0.0013048995,0.9669765
real,00008185_000.png,8185,,effusion_0,-3.50239,0.029244306,0.517958
real,00018547_000.png,18547,,effusion_0,-6.6689568,0.0012681126,0.9705231
real,00029423_000.png,29423,,effusion_0,5.941929,0.99737984,0.9886057
real,00017326_001.png,17326,,effusion_0,-6.77808,0.0011371641,0.9828479
real,00014307_001.png,14307,,effusion_0,-6.5863934,0.0013771056,0.9605613
real,00006674_000.png,6674,,effusion_0,-6.786108,0.0011280816,0.98166245
real,00018044_003.png,18044,,effusion_0,-6.299267,0.0018342808,0.95446557
real,00019406_000.png,19406,,effusion_0,-6.652361,0.0012893062,0.97211105
real,00003896_004.png,3896,,effusion_0,-6.6130314,0.001340955,0.969601
real,00011932_003.png,11932,,effusion_0,-6.3397884,0.001761567,0.95691234
real,00019317_000.png,19317,,effusion_0,-6.57539,0.001392321,0.9723749
real,00002139_000.png,2139,,effusion_0,-6.590603,0.0013713287,0.9715193
real,00013678_003.png,13678,,effusion_0,-6.409683,0.0016428422,0.96803856
real,00016512_001.png,16512,,effusion_0,-6.5822563,0.0013828066,0.97079825
real,00008502_000.png,8502,,effusion_0,-6.7667694,0.0011500842,0.9853352
real,00014294_003.png,14294,,effusion_0,-5.7410965,0.0032009662,0.94474524
real,00018011_000.png,18011,,effusion_0,-6.5647106,0.0014072486,0.96539533
real,00001203_002.png,1203,,effusion_0,-6.2956505,0.001840914,0.97511023
real,00005250_001.png,5250,,effusion_0,-6.6577663,0.0012823646,0.9799895
real,00028042_000.png,28042,,effusion_0,-6.574835,0.0013930929,0.97448
real,00017330_000.png,17330,,effusion_0,-6.411337,0.0016401323,0.9482926
real,00010936_003.png,10936,,effusion_0,5.546274,0.9961132,0.9704174
real,00011380_022.png,11380,,effusion_0,5.0551147,0.9936638,0.9560006
real,00009105_003.png,9105,,effusion_0,-6.4061317,0.0016486777,0.9596795
real,00006012_000.png,6012,,effusion_0,-6.1848907,0.0020560904,0.97655565
real,00006040_005.png,6040,,effusion_0,-5.959364,0.0025749062,0.9475961
real,00011279_000.png,11279,,effusion_0,7.226507,0.9992735,0.99371034
real,00016485_000.png,16485,,effusion_0,-6.4634953,0.0015569081,0.9596774
real,00003094_003.png,3094,,effusion_0,-5.9181976,0.0026828274,0.91395116
real,00020699_001.png,20699,,effusion_0,-5.682041,0.0033950324,0.905626
real,00001213_003.png,1213,,effusion_0,-6.3575325,0.0017306389,0.9686435
real,00028764_000.png,28764,,effusion_0,-6.5866127,0.001376804,0.9870246
real,00005501_000.png,5501,,effusion_0,-6.6796017,0.001254702,0.9787323
real,00012051_004.png,12051,,effusion_0,-6.6305485,0.0013177006,0.9771704
real,00023621_000.png,23621,,effusion_0,-6.579113,0.001387154,0.9807845
real,00001174_000.png,1174,,effusion_0,-6.0659256,0.0023152363,0.96336704
real,00012536_001.png,12536,,effusion_0,3.9273643,0.9806849,0.89149404
real,00004490_005.png,4490,,effusion_0,-5.5629673,0.0038227038,0.9341737
real,00014462_001.png,14462,,effusion_0,-6.5367527,0.0014470897,0.9714121
real,00007623_002.png,7623,,effusion_0,-6.419243,0.0016272377,0.97965014
real,00015449_000.png,15449,,effusion_0,-6.2720203,0.0018848502,0.948686
real,00002585_001.png,2585,,effusion_0,5.942499,0.9973814,0.9879889
real,00001292_000.png,1292,,effusion_0,-6.530369,0.0014563438,0.9625584
real,00007313_002.png,7313,,effusion_0,-6.352682,0.0017390389,0.97829694
real,00024273_000.png,24273,,effusion_0,-6.6262608,0.0013233551,0.975202
real,00008728_000.png,8728,,effusion_0,-6.621208,0.0013300496,0.95671904
real,00025832_003.png,25832,,effusion_0,-6.2829666,0.0018643688,0.9470257
real,00010453_000.png,10453,,effusion_0,-6.9923496,0.0009180414,0.9737106
real,00004589_000.png,4589,,effusion_0,-6.6639214,0.0012745059,0.9715778
real,00021375_007.png,21375,,effusion_0,-4.76157,0.008479653,0.87828857
real,00007019_001.png,7019,,effusion_0,-6.809721,0.0011017853,0.9824389
real,00011910_003.png,11910,,effusion_0,-6.5409603,0.0014410224,0.9634109
real,00015056_005.png,15056,,effusion_0,-6.952694,0.0009551429,0.9862453
real,00028766_002.png,28766,,effusion_0,-6.049408,0.0023537052,0.97032
real,00017020_000.png,17020,,effusion_0,-6.440714,0.0015927267,0.9219788
real,00016939_000.png,16939,,effusion_0,-6.652128,0.0012896059,0.9744803
real,00015795_003.png,15795,,effusion_0,-6.412472,0.001638275,0.96416974
real,00006024_006.png,6024,,effusion_0,-6.3338737,0.0017719986,0.9683473
real,00016191_019.png,16191,,effusion_0,-4.4510746,0.011531497,0.7602126
real,00017747_061.png,17747,,effusion_0,5.948698,0.99739754,0.9931042
real,00010246_000.png,10246,,effusion_0,-6.5213604,0.0014695032,0.95848286
real,00004943_000.png,4943,,effusion_0,-6.105299,0.0022260477,0.8409365
real,00021288_000.png,21288,,effusion_0,-6.568203,0.0014023496,0.97084385
real,00025046_000.png,25046,,effusion_0,-6.603655,0.0013535705,0.98002565
real,00015338_003.png,15338,,effusion_0,-6.403967,0.0016522447,0.9647562
real,00014504_000.png,14504,,effusion_0,-6.38072,0.0016910381,0.9567453
real,00014281_000.png,14281,,effusion_0,-6.53125,0.001455063,0.97140235
real,00006098_007.png,6098,,effusion_0,-6.572384,0.0013965068,0.9671334
real,00004695_000.png,4695,,effusion_0,-6.406393,0.0016482475,0.9444698
real,00027153_001.png,27153,,effusion_0,-6.225012,0.0019753904,0.9699397
real,00028027_002.png,28027,,effusion_0,-6.14089,0.0021483807,0.94010735
real,00004834_000.png,4834,,effusion_0,-6.620678,0.001330754,0.9722047
real,00006002_001.png,6002,,effusion_0,-6.394516,0.0016679078,0.9541219
real,00002825_001.png,2825,,effusion_0,-6.7155495,0.001210453,0.9641211
real,00021569_000.png,21569,,effusion_0,-6.410719,0.0016411445,0.9816104
real,00013138_002.png,13138,,effusion_0,-6.5275593,0.0014604353,0.97792447
real,00014029_000.png,14029,,effusion_0,-6.7034435,0.0012251777,0.9827899
real,00021614_001.png,21614,,effusion_0,-6.356743,0.0017320038,0.9787585
real,00014045_000.png,14045,,effusion_0,-6.3470764,0.0017487977,0.93616945
real,00006202_000.png,6202,,effusion_0,-6.258074,0.0019112708,0.97651625
real,00020060_007.png,20060,,effusion_0,-4.956156,0.0069907242,0.8212289
real,00001587_000.png,1587,,effusion_0,-6.907713,0.0009990432,0.97114104
real,00020674_000.png,20674,,effusion_0,-6.7249546,0.0011991353,0.97801995
real,00022763_000.png,22763,,effusion_0,-6.399399,0.0016597969,0.95299274
real,00025832_004.png,25832,,effusion_0,-5.9264565,0.00266082,0.8765263
real,00000877_007.png,877,,effusion_0,-6.855486,0.0010525505,0.9762818
real,00008733_000.png,8733,,effusion_0,-6.6409817,0.0013040421,0.9793799
real,00005903_000.png,5903,,effusion_0,-6.4105835,0.0016413664,0.97377706
real,00030781_000.png,30781,,effusion_0,-6.44483,0.0015861947,0.9752883
real,00026409_000.png,26409,,effusion_0,-6.2239933,0.0019773995,0.9825348
real,00000872_000.png,872,,effusion_0,-6.4860306,0.001522268,0.9640879
real,00015597_000.png,15597,,effusion_0,-5.312578,0.0049050236,0.8311774
real,00005395_001.png,5395,,effusion_0,-5.653736,0.0034921616,0.8811558
real,00008081_019.png,8081,,effusion_0,4.907633,0.9926643,0.9701898
real,00001733_001.png,1733,,effusion_0,-6.6059017,0.0013505367,0.9750614
real,00020642_006.png,20642,,effusion_0,-6.492403,0.0015126128,0.97556496
real,00008489_015.png,8489,,effusion_0,-5.9175644,0.0026845222,0.94269896
real,00019575_000.png,19575,,effusion_0,-6.316143,0.0018036402,0.9595608
real,00008342_023.png,8342,,effusion_0,-6.044771,0.0023646185,0.91322356
real,00024797_000.png,24797,,effusion_0,-6.6300735,0.0013183256,0.9819377
real,00008779_000.png,8779,,effusion_0,-6.1545124,0.0021193752,0.95669
real,00003812_002.png,3812,,effusion_0,-6.697527,0.0012324391,0.97595954
real,00019544_000.png,19544,,effusion_0,-6.675602,0.0012597241,0.98113906
real,00003804_001.png,3804,,effusion_0,-6.0547924,0.0023410956,0.9745649
real,00004909_005.png,4909,,effusion_0,-5.80851,0.0029929157,0.92770016
real,00029543_002.png,29543,,effusion_0,-4.879421,0.0075440668,0.8267416
real,00022582_001.png,22582,,effusion_0,-6.8308334,0.0010787926,0.9780108
real,00000463_001.png,463,,effusion_0,2.1528873,0.8959383,0.62354577
real,00000796_004.png,796,,effusion_0,-6.318907,0.0017986713,0.9700372
real,00022155_012.png,22155,,effusion_0,-4.752865,0.008553157,0.63167816
real,00012304_002.png,12304,,effusion_0,-5.52116,0.003985258,0.8397417
real,00003570_001.png,3570,,effusion_0,-5.361433,0.004672242,0.9344318
real,00015449_002.png,15449,,effusion_0,-6.4921303,0.0015130249,0.97165287
real,00023776_000.png,23776,,effusion_0,-6.6535683,0.0012877524,0.9687615
real,00001606_004.png,1606,,effusion_0,-6.5816765,0.0013836074,0.9639034
real,00026795_000.png,26795,,effusion_0,-6.3076572,0.0018189828,0.97331464
real,00030805_000.png,30805,,effusion_0,-6.748247,0.0011715596,0.9750685
real,00017747_023.png,17747,,effusion_0,-1.2727852,0.21878086,0.73650146
real,00010348_001.png,10348,,effusion_0,-5.8390408,0.0029031811,0.95602304
real,00016929_001.png,16929,,effusion_0,-6.2584534,0.0019105469,0.9716783
real,00002120_001.png,2120,,effusion_0,-3.0929298,0.043399837,0.6318695
real,00011598_028.png,11598,,effusion_0,-4.4355984,0.011709244,0.7906592
real,00003064_010.png,3064,,effusion_0,-6.605419,0.0013511877,0.95207864
real,00014076_000.png,14076,,effusion_0,-6.871521,0.0010358247,0.9845163
real,00001059_005.png,1059,,effusion_0,-6.068783,0.002308646,0.92456967
real,00015977_000.png,15977,,effusion_0,-6.51976,0.0014718532,0.97649306
real,00010135_000.png,10135,,effusion_0,-6.7378807,0.0011837533,0.9724861
real,00014025_000.png,14025,,effusion_0,-6.441824,0.0015909623,0.97979397
real,00005587_000.png,5587,,effusion_0,-6.530636,0.0014559557,0.98439574
real,00011764_007.png,11764,,effusion_0,-6.5230827,0.001466978,0.9567404
real,00028256_000.png,28256,,effusion_0,-6.407776,0.0016459737,0.96481377
real,00010131_001.png,10131,,effusion_0,-6.697094,0.0012329721,0.97754997
real,00008184_003.png,8184,,effusion_0,-6.5665455,0.0014046725,0.974876
real,00003916_000.png,3916,,effusion_0,-2.0714188,0.111905955,0.30155492
real,00000273_004.png,273,,effusion_0,-4.3594704,0.012623761,0.69573027
real,00023343_000.png,23343,,effusion_0,-6.7585125,0.0011596085,0.9797332
real,00001292_001.png,1292,,effusion_0,-6.3707886,0.0017078879,0.9396453
real,00001470_002.png,1470,,effusion_0,2.7789688,0.9415287,0.83194256
real,00017545_000.png,17545,,effusion_0,-6.4398994,0.0015940223,0.9432172
real,00013441_000.png,13441,,effusion_0,-6.6975613,0.0012323967,0.97565097
real,00010920_004.png,10920,,effusion_0,-6.62438,0.0013258429,0.97613263
real,00007313_001.png,7313,,effusion_0,-6.674509,0.0012610999,0.9870514
real,00000304_001.png,304,,effusion_0,-5.95195,0.0025940174,0.95180374
real,00010481_031.png,10481,,effusion_0,-6.322033,0.0017930673,0.96598405
real,00022155_024.png,22155,,effusion_0,-6.611267,0.0013433198,0.9490413
real,00011603_000.png,11603,,effusion_0,-6.6836796,0.0012496023,0.9749848
real,00001230_001.png,1230,,effusion_0,-6.82337,0.0010868656,0.971842
real,00017824_001.png,17824,,effusion_0,-6.561243,0.0014121297,0.9562418
real,00028706_000.png,28706,,effusion_0,-6.286684,0.0018574639,0.9754135
real,00012989_001.png,12989,,effusion_0,-6.474476,0.001539932,0.95281655
real,00029493_000.png,29493,,effusion_0,-6.676714,0.0012583259,0.98495847
real,00005579_000.png,5579,,effusion_0,-6.517313,0.001475454,0.93310314
real,00015795_004.png,15795,,effusion_0,-6.4356976,0.0016007235,0.95716745
real,00000262_000.png,262,,effusion_0,-6.796892,0.001115995,0.97652096
real,00019413_000.png,19413,,effusion_0,-6.6632023,0.0012754216,0.9842835
real,00008147_000.png,8147,,effusion_0,-6.547922,0.0014310394,0.98028666
real,00012951_000.png,12951,,effusion_0,-6.2911625,0.0018491793,0.9424582
real,00024613_000.png,24613,,effusion_0,-6.723446,0.0012009437,0.978802
real,00003577_000.png,3577,,effusion_0,-6.5552044,0.0014206709,0.97169286
real,00014352_007.png,14352,,effusion_0,-6.204426,0.0020163946,0.957454
real,00016509_000.png,16509,,effusion_0,-6.550022,0.0014280417,0.9760376
real,00010696_000.png,10696,,effusion_0,-6.509712,0.0014866947,0.9715582
real,00013591_000.png,13591,,effusion_0,-6.700588,0.0012286765,0.9829906
real,00027305_000.png,27305,,effusion_0,-6.454279,0.0015713008,0.96990514
real,00018488_002.png,18488,,effusion_0,-3.9793816,0.01835403,0.810034
real,00012626_005.png,12626,,effusion_0,-6.619032,0.0013329432,0.98110145
real,00023423_000.png,23423,,effusion_0,-6.7756405,0.0011399385,0.9838601
real,00010481_040.png,10481,,effusion_0,-6.4437103,0.0015879688,0.9617582
real,00015111_000.png,15111,,effusion_0,-6.566784,0.001404338,0.96720314
real,00023085_009.png,23085,,effusion_0,-5.571249,0.0037912955,0.9179634
real,00011328_000.png,11328,,effusion_0,-6.590004,0.001372149,0.9732196
real,00028475_000.png,28475,,effusion_0,-6.4623547,0.0015586822,0.96666455
real,00022677_005.png,22677,,effusion_0,-6.1243763,0.0021840753,0.9537993
real,00003464_000.png,3464,,effusion_0,-6.7454967,0.0011747825,0.9819283
real,00010295_000.png,10295,,effusion_0,-6.4785767,0.0015336397,0.97308594
real,00022527_000.png,22527,,effusion_0,-6.861807,0.0010459253,0.9703488
real,00013970_009.png,13970,,effusion_0,-6.35857,0.0017288473,0.9744862
real,00001203_003.png,1203,,effusion_0,-5.3171005,0.0048829997,0.9345826
real,00015228_000.png,15228,,effusion_0,-5.706068,0.0033147,0.88819754
real,00001136_001.png,1136,,effusion_0,-5.868429,0.0028193397,0.9439096
real,00006040_009.png,6040,,effusion_0,-6.4879665,0.0015193281,0.9335563
real,00008441_000.png,8441,,effusion_0,-6.606804,0.0013493205,0.9859888
real,00015740_000.png,15740,,effusion_0,-6.5594673,0.0014146362,0.97372967
real,00007109_011.png,7109,,effusion_0,-6.4779816,0.0015345513,0.9418952
real,00019496_000.png,19496,,effusion_0,-6.497034,0.0015056345,0.9686735
real,00022882_000.png,22882,,effusion_0,-6.7492714,0.0011703616,0.9806295
real,00022500_000.png,22500,,effusion_0,-6.694475,0.0012362011,0.9755835
real,00011380_008.png,11380,,effusion_0,-0.6502743,0.34292775,0.34858477
real,00000386_000.png,386,,effusion_0,-6.6750336,0.0012604395,0.9833532
real,00022196_002.png,22196,,effusion_0,-6.456602,0.0015676604,0.9568889
real,00018597_002.png,18597,,effusion_0,-6.7555447,0.0011630511,0.969806
real,00013969_008.png,13969,,effusion_0,-6.558611,0.0014158465,0.97558975
real,00029579_007.png,29579,,effusion_0,-3.7098274,0.023896713,0.58435553
real,00020485_005.png,20485,,effusion_0,-6.5496807,0.0014285287,0.9672169
real,00005002_001.png,5002,,effusion_0,-6.4819393,0.0015284991,0.96873033
real,00028053_000.png,28053,,effusion_0,-6.738241,0.001183327,0.98131955
real,00000417_003.png,417,,effusion_0,-3.6828842,0.024533309,0.6282275
real,00016439_000.png,16439,,effusion_0,-6.5132275,0.0014814853,0.97431153
real,00020531_000.png,20531,,effusion_0,-6.608507,0.0013470274,0.96776897
real,00015435_001.png,15435,,effusion_0,-6.431347,0.0016076916,0.9408189
real,00002595_001.png,2595,,effusion_0,-6.5926266,0.00136856,0.97084504
real,00016512_000.png,16512,,effusion_0,-6.5527363,0.0014241766,0.9763835
real,00021023_004.png,21023,,effusion_0,7.493843,0.9994438,0.9951077
real,00009273_002.png,9273,,effusion_0,-4.2752666,0.013717552,0.8437485
real,00002292_001.png,2292,,effusion_0,-6.7076035,0.0012200978,0.96329415
real,00000757_000.png,757,,effusion_0,-6.12253,0.0021881028,0.9559259
real,00006711_000.png,6711,,effusion_0,-6.4246407,0.001618492,0.97353745
real,00016261_001.png,16261,,effusion_0,-6.0458736,0.0023620191,0.9454946
real,00002816_003.png,2816,,effusion_0,-6.370941,0.0017076276,0.95410573
real,00009378_002.png,9378,,effusion_0,-6.409876,0.0016425264,0.9746328
real,00023266_004.png,23266,,effusion_0,-6.510027,0.0014862275,0.97915334
real,00003094_004.png,3094,,effusion_0,-4.7434216,0.008633609,0.8015385
real,00026807_000.png,26807,,effusion_0,-6.492674,0.0015122037,0.98313826
real,00012086_001.png,12086,,effusion_0,-6.307127,0.0018199458,0.9402653
real,00003917_000.png,3917,,effusion_0,-6.565565,0.0014060484,0.96680284
real,00010445_003.png,10445,,effusion_0,-6.6135864,0.001340212,0.96537155
real,00016184_001.png,16184,,effusion_0,-6.3596306,0.0017270179,0.95636743
real,00011598_017.png,11598,,effusion_0,-6.3669376,0.001714466,0.96862733
real,00025290_002.png,25290,,effusion_0,-6.375759,0.001699434,0.9605289
real,00012363_004.png,12363,,effusion_0,-6.74704,0.0011729733,0.97826827
real,00011813_000.png,11813,,effusion_0,-6.7358646,0.0011861393,0.9659211
real,00010732_000.png,10732,,effusion_0,-6.6294384,0.0013191622,0.9818342
real,00026927_000.png,26927,,effusion_0,-0.80353165,0.30927056,0.54453486
real,00017786_013.png,17786,,effusion_0,-6.574156,0.0013940379,0.96578103
real,00018642_000.png,18642,,effusion_0,-6.189739,0.002046166,0.96434957
real,00009668_000.png,9668,,effusion_0,-6.6758614,0.001259398,0.98497814
real,00005245_000.png,5245,,effusion_0,-6.3953705,0.0016664856,0.96857595
real,00010120_004.png,10120,,effusion_0,-6.218487,0.0019882966,0.9724419
real,00007018_005.png,7018,,effusion_0,-6.7713737,0.0011448071,0.9820393
real,00030385_000.png,30385,,effusion_0,-6.5361233,0.0014479995,0.9810117
real,00021631_001.png,21631,,effusion_0,-6.6000957,0.0013583901,0.97675693
real,00005443_000.png,5443,,effusion_0,-6.7633686,0.0011539975,0.9746651
real,00003439_007.png,3439,,effusion_0,-6.6942883,0.001236432,0.97901225
real,00021114_001.png,21114,,effusion_0,-2.6727524,0.064600445,0.55182827
real,00006135_000.png,6135,,effusion_0,-6.272478,0.0018839891,0.92228043
real,00006123_001.png,6123,,effusion_0,-6.583954,0.0013804645,0.9825835
real,00004926_000.png,4926,,effusion_0,-5.4159374,0.0044254963,0.8740059
real,00019435_003.png,19435,,effusion_0,-6.748354,0.0011714348,0.9821236
real,00019535_002.png,19535,,effusion_0,-5.8582077,0.002848223,0.92927283
real,00008342_001.png,8342,,effusion_0,-6.603634,0.0013535988,0.9667751
real,00014843_000.png,14843,,effusion_0,-6.622404,0.001328462,0.96690977
real,00002492_010.png,2492,,effusion_0,-6.556467,0.0014188807,0.9712631
real,00020716_002.png,20716,,effusion_0,-6.622488,0.0013283506,0.9689986
real,00027353_000.png,27353,,effusion_0,-6.7210045,0.0012038759,0.9707421
real,00013969_007.png,13969,,effusion_0,-6.6226444,0.0013281431,0.9821399
real,00010489_000.png,10489,,effusion_0,-6.3926964,0.0016709404,0.94474864
real,00018011_009.png,18011,,effusion_0,-6.244814,0.0019367335,0.94293886
real,00016518_000.png,16518,,effusion_0,-6.5707664,0.0013987642,0.9701336
real,00013214_001.png,13214,,effusion_0,-6.5340004,0.0014510723,0.9768565
real,00007792_000.png,7792,,effusion_0,-6.809683,0.0011018272,0.9822094
real,00012949_001.png,12949,,effusion_0,-6.5875206,0.0013755562,0.9768439
real,00028570_000.png,28570,,effusion_0,-6.4934273,0.0015110667,0.97537947
real,00003628_000.png,3628,,effusion_0,-6.07687,0.0022900933,0.9579038
real,00026658_002.png,26658,,effusion_0,-6.3520374,0.0017401585,0.96252406
real,00006490_000.png,6490,,effusion_0,-6.3735027,0.0017032665,0.9680766
real,00012178_002.png,12178,,effusion_0,-5.546776,0.0038848603,0.88475174
real,00018037_019.png,18037,,effusion_0,-6.7299767,0.0011931356,0.9719279
real,00013360_000.png,13360,,effusion_0,-6.232229,0.0019612126,0.9465049
real,00003640_000.png,3640,,effusion_0,-6.6845055,0.001248572,0.97664195
real,00016568_001.png,16568,,effusion_0,3.647913,0.9746157,0.92010903
real,00015475_000.png,15475,,effusion_0,-6.7189007,0.001206408,0.9753724
real,00029314_000.png,29314,,effusion_0,-6.7330055,0.0011895315,0.98191845
real,00018011_019.png,18011,,effusion_0,-6.4591236,0.0015637187,0.9707892
real,00009709_007.png,9709,,effusion_0,-2.9389668,0.050260574,0.558352
real,00002686_000.png,2686,,effusion_0,-6.602272,0.0013554409,0.98454696
real,00025453_000.png,25453,,effusion_0,-6.6638165,0.0012746394,0.96140075
real,00019716_003.png,19716,,effusion_0,-6.4217625,0.0016231494,0.9568463
real,00003792_001.png,3792,,effusion_0,-6.103037,0.0022310778,0.9690793
real,00008184_002.png,8184,,effusion_0,-6.60478,0.0013520502,0.9734345
real,00000869_006.png,869,,effusion_0,-6.5387077,0.0014442673,0.95714784
real,00022574_001.png,22574,,effusion_0,-6.2320557,0.001961552,0.9358774
real,00030139_000.png,30139,,effusion_0,-5.9117756,0.0027000653,0.95618427
real,00010131_005.png,10131,,effusion_0,-6.5052032,0.0014934031,0.9640207
real,00018016_005.png,18016,,effusion_0,-6.3886013,0.0016777855,0.9678139
real,00030091_000.png,30091,,effusion_0,-6.494707,0.0015091369,0.97510254
real,00029426_000.png,29426,,effusion_0,-6.662531,0.001276277,0.98488355
real,00012902_001.png,12902,,effusion_0,-6.5659847,0.0014054592,0.9803316
real,00016865_001.png,16865,,effusion_0,-6.88999,0.001016889,0.9788463
real,00008802_008.png,8802,,effusion_0,-6.5896873,0.001372583,0.9704636
real,00029295_000.png,29295,,effusion_0,-6.445614,0.0015849537,0.9857789
real,00003689_004.png,3689,,effusion_0,-6.720648,0.0012043047,0.9802476
real,00003064_042.png,3064,,effusion_0,-6.6227283,0.0013280318,0.9332407
real,00017835_006.png,17835,,effusion_0,-6.403961,0.0016522541,0.96722895
real,00011690_000.png,11690,,effusion_0,-6.1877728,0.0020501853,0.9388401
real,00004976_003.png,4976,,effusion_0,-5.630741,0.003573104,0.87205637
real,00009381_000.png,9381,,effusion_0,-6.4327583,0.0016054277,0.97443986
real,00010600_000.png,10600,,effusion_0,-6.4135723,0.001636476,0.9776157
real,00028889_000.png,28889,,effusion_0,-6.3534203,0.001737758,0.97306335
real,00027693_000.png,27693,,effusion_0,-5.0348053,0.006465392,0.87632936
real,00003769_002.png,3769,,effusion_0,-6.345213,0.0017520539,0.9177977
real,00019303_000.png,19303,,effusion_0,-6.6806736,0.0012533595,0.97399735
real,00013759_000.png,13759,,effusion_0,-6.5231133,0.0014669334,0.978496
real,00016083_003.png,16083,,effusion_0,-6.23909,0.0019478293,0.9642721
real,00006981_018.png,6981,,effusion_0,-6.5911064,0.0013706392,0.9741244
real,00024924_000.png,24924,,effusion_0,-6.622858,0.0013278598,0.9784005
real,00005532_041.png,5532,,effusion_0,-6.2812805,0.0018675092,0.9120447
real,00011149_000.png,11149,,effusion_0,-6.6281796,0.0013208217,0.97508156
real,00005623_000.png,5623,,effusion_0,-6.4257526,0.0016166961,0.9632799
real,00011116_000.png,11116,,effusion_0,-6.502207,0.0014978781,0.9680688
real,00028822_001.png,28822,,effusion_0,-6.498356,0.0015036488,0.97600543
real,00005410_003.png,5410,,effusion_0,0.84815025,0.700179,0.5326946
real,00023468_000.png,23468,,effusion_0,-6.6479206,0.0012950365,0.97379804
real,00010465_005.png,10465,,effusion_0,-6.269596,0.0018894164,0.9724655
real,00012536_004.png,12536,,effusion_0,4.2212257,0.9855318,0.88137925
real,00012772_000.png,12772,,effusion_0,-6.601305,0.0013567505,0.97338367
real,00009905_000.png,9905,,effusion_0,-6.697464,0.0012325165,0.9775178
real,00014094_000.png,14094,,effusion_0,-6.0321064,0.0023946841,0.9465507
real,00021346_000.png,21346,,effusion_0,-3.1256123,0.04206305,0.57543474
real,00016801_003.png,16801,,effusion_0,5.9085197,0.99729115,0.9781462
real,00009335_000.png,9335,,effusion_0,-6.631363,0.0013166292,0.97350293
real,00009932_006.png,9932,,effusion_0,-6.39275,0.0016708513,0.9506105
real,00024029_000.png,24029,,effusion_0,-6.434826,0.0016021172,0.9730645
real,00005708_000.png,5708,,effusion_0,-6.552288,0.0014248141,0.9749959
real,00019911_000.png,19911,,effusion_0,-6.617737,0.0013346685,0.9443402
real,00004608_000.png,4608,,effusion_0,-6.675543,0.0012597986,0.9843918
real,00010071_005.png,10071,,effusion_0,-3.4884014,0.029644053,0.6617376
real,00001548_000.png,1548,,effusion_0,-6.7897778,0.0011239542,0.9819587
real,00011910_012.png,11910,,effusion_0,-6.6542244,0.001286909,0.9658461
real,00020811_020.png,20811,,effusion_0,-6.6672134,0.0012703225,0.9686059
real,00029311_003.png,29311,,effusion_0,-6.5130405,0.001481762,0.98097116
real,00003174_002.png,3174,,effusion_0,-6.5900764,0.0013720498,0.9742741
real,00024737_001.png,24737,,effusion_0,-6.8095665,0.0011019553,0.9829447
real,00027582_002.png,27582,,effusion_0,6.729536,0.99880636,0.98866755
real,00003752_000.png,3752,,effusion_0,-6.825651,0.0010843916,0.98600084
real,00010279_002.png,10279,,effusion_0,6.1552258,0.99788207,0.9875375
real,00020502_001.png,20502,,effusion_0,-6.7949295,0.0011181851,0.9869847
real,00029742_002.png,29742,,effusion_0,-6.4426613,0.001589633,0.95541877
real,00017381_000.png,17381,,effusion_0,-6.7686615,0.0011479127,0.97659004
real,00027326_000.png,27326,,effusion_0,-6.7111588,0.0012157729,0.97861665
real,00011359_000.png,11359,,effusion_0,-6.70945,0.0012178499,0.97671616
real,00005401_005.png,5401,,effusion_0,-6.636259,0.0013102071,0.9680092
real,00020884_000.png,20884,,effusion_0,-6.6669846,0.0012706127,0.9851553
real,00007795_000.png,7795,,effusion_0,-6.6198483,0.001331857,0.9525238
real,00023636_000.png,23636,,effusion_0,-6.8883038,0.0010186033,0.978994
real,00019201_010.png,19201,,effusion_0,-6.7206345,0.0012043208,0.966101
real,00014319_000.png,14319,,effusion_0,-6.642437,0.0013021481,0.9495472
real,00016498_001.png,16498,,effusion_0,-6.705755,0.001222352,0.9791555
real,00020286_025.png,20286,,effusion_0,5.0418453,0.9935796,0.97744143
real,00024192_000.png,24192,,effusion_0,-6.658869,0.0012809534,0.98155487
real,00013886_000.png,13886,,effusion_0,-6.3239136,0.0017897043,0.9596952
real,00004490_004.png,4490,,effusion_0,-6.0990906,0.00223988,0.96820724
real,00017603_029.png,17603,,effusion_0,-6.3028755,0.0018276853,0.92775005
real,00007935_000.png,7935,,effusion_0,-5.969309,0.002549491,0.93120027
real,00010650_000.png,10650,,effusion_0,-6.562929,0.0014097543,0.95884997
real,00007505_000.png,7505,,effusion_0,-6.5898495,0.0013723609,0.9738295
real,00010286_001.png,10286,,effusion_0,-6.5955257,0.0013646036,0.97149575
real,00017835_002.png,17835,,effusion_0,-6.4093075,0.0016434587,0.96619177
