kind,image,patient_id,growth,question,log_odds,p_yes,yes_no_mass
real,00000023_002.png,23,,cardiomegaly_0,-5.018841,0.0065687536,0.9147435
real,00000041_002.png,41,,cardiomegaly_0,-5.290306,0.005014941,0.92123145
real,00000041_006.png,41,,cardiomegaly_0,-6.211752,0.0020017056,0.96972615
real,00000078_001.png,78,,cardiomegaly_0,-5.0241547,0.006534168,0.89572394
real,00000121_006.png,121,,cardiomegaly_0,-5.9404182,0.0026240253,0.9404105
real,00000121_007.png,121,,cardiomegaly_0,-6.0204697,0.0024226452,0.96355474
real,00000148_001.png,148,,cardiomegaly_0,-6.1292,0.0021735881,0.968873
real,00000148_002.png,148,,cardiomegaly_0,-6.201891,0.002021502,0.97702104
real,00000176_001.png,176,,cardiomegaly_0,8.051525,0.9996815,0.9959066
real,00000176_002.png,176,,cardiomegaly_0,8.472841,0.99979097,0.99570346
real,00000200_001.png,200,,cardiomegaly_0,8.969854,0.9998728,0.9945275
real,00000240_000.png,240,,cardiomegaly_0,9.506641,0.9999256,0.99745077
real,00000246_008.png,246,,cardiomegaly_0,-2.8250198,0.055987027,0.5102454
real,00000246_012.png,246,,cardiomegaly_0,-5.1642036,0.005685109,0.9299802
real,00000246_013.png,246,,cardiomegaly_0,-4.251234,0.0140465265,0.80414873
real,00000284_004.png,284,,cardiomegaly_0,2.7396564,0.9393266,0.64632607
real,00000284_005.png,284,,cardiomegaly_0,8.502176,0.99979705,0.99662715
real,00000337_000.png,337,,cardiomegaly_0,-5.7698574,0.003110497,0.96677715
real,00000404_002.png,404,,cardiomegaly_0,-4.9960823,0.0067189457,0.90607584
real,00000457_002.png,457,,cardiomegaly_0,9.356226,0.9999136,0.9976273
real,00000457_003.png,457,,cardiomegaly_0,9.748602,0.9999416,0.9979659
real,00000457_004.png,457,,cardiomegaly_0,8.078478,0.99968994,0.99309784
real,00000499_002.png,499,,cardiomegaly_0,-6.0686626,0.0023089226,0.949515
real,00000499_003.png,499,,cardiomegaly_0,-5.8821983,0.0027808934,0.9466618
real,00000591_001.png,591,,cardiomegaly_0,-5.4990864,0.004073843,0.9380545
real,00000591_002.png,591,,cardiomegaly_0,-2.7322025,0.06109969,0.5145042
real,00000591_004.png,591,,cardiomegaly_0,-5.183792,0.005575445,0.9182705
real,00000591_005.png,591,,cardiomegaly_0,-5.3561935,0.004696671,0.9276407
real,00000591_006.png,591,,cardiomegaly_0,0.11649513,0.5290909,0.3339901
real,00000591_007.png,591,,cardiomegaly_0,-4.704628,0.008972054,0.81938857
real,00000591_009.png,591,,cardiomegaly_0,-5.8871784,0.0027671168,0.957258
real,00000591_010.png,591,,cardiomegaly_0,-5.54113,0.003906769,0.9434558
real,00000591_011.png,591,,cardiomegaly_0,-4.9975834,0.006708936,0.89142406
real,00000591_012.png,591,,cardiomegaly_0,-2.780466,0.058388926,0.52688015
real,00000591_013.png,591,,cardiomegaly_0,-4.3528347,0.012706737,0.811672
real,00000591_014.png,591,,cardiomegaly_0,-4.2679653,0.013816685,0.8145565
real,00000591_015.png,591,,cardiomegaly_0,-4.1842003,0.015005781,0.7929995
real,00000591_016.png,591,,cardiomegaly_0,-4.956831,0.006986039,0.8938581
real,00000591_018.png,591,,cardiomegaly_0,-5.5185795,0.003995514,0.9467609
real,00000591_019.png,591,,cardiomegaly_0,-4.89517,0.007427061,0.9215524
real,00000622_000.png,622,,cardiomegaly_0,-6.275381,0.0018785383,0.94461894
real,00000661_001.png,661,,cardiomegaly_0,9.563255,0.9999298,0.99746305
real,00000661_000.png,661,,cardiomegaly_0,9.349714,0.999913,0.9968543
real,00000707_002.png,707,,cardiomegaly_0,-5.8200474,0.002958685,0.92441726
real,00000787_002.png,787,,cardiomegaly_0,9.051683,0.9998828,0.994844
real,00000848_000.png,848,,cardiomegaly_0,-6.0858517,0.002269663,0.96111107
real,00000869_008.png,869,,cardiomegaly_0,5.4834957,0.99586236,0.9672687
real,00000949_005.png,949,,cardiomegaly_0,-6.2874146,0.0018561101,0.96510446
real,00001075_038.png,1075,,cardiomegaly_0,-3.9667797,0.018582461,0.7796492
real,00001075_045.png,1075,,cardiomegaly_0,-5.187458,0.0055551566,0.9050136
real,00001075_046.png,1075,,cardiomegaly_0,6.9361897,0.99902904,0.97747463
real,00001075_047.png,1075,,cardiomegaly_0,-2.749363,0.06012263,0.5758977
real,00001075_007.png,1075,,cardiomegaly_0,-4.9457912,0.0070630424,0.8808521
real,00001075_022.png,1075,,cardiomegaly_0,-4.7325783,0.0087269135,0.7564975
real,00001075_033.png,1075,,cardiomegaly_0,9.613028,0.9999331,0.99587196
real,00001096_001.png,1096,,cardiomegaly_0,2.0178852,0.8826621,0.4717209
real,00001104_022.png,1104,,cardiomegaly_0,-5.495014,0.004090398,0.9242536
real,00001170_006.png,1170,,cardiomegaly_0,-5.3907413,0.004537906,0.9079189
real,00001170_020.png,1170,,cardiomegaly_0,-4.903118,0.007368699,0.8391836
real,00001170_021.png,1170,,cardiomegaly_0,-5.026289,0.0065203276,0.88092923
real,00001170_023.png,1170,,cardiomegaly_0,-5.2060966,0.0054531344,0.9130901
real,00001170_030.png,1170,,cardiomegaly_0,-5.1093445,0.0060037784,0.9078027
real,00001170_034.png,1170,,cardiomegaly_0,-5.214714,0.005406597,0.9191095
real,00001170_035.png,1170,,cardiomegaly_0,-4.436983,0.011693229,0.82590324
real,00001170_036.png,1170,,cardiomegaly_0,-5.056465,0.006327735,0.8951618
real,00001170_037.png,1170,,cardiomegaly_0,-4.977434,0.0068445522,0.89477956
real,00001170_039.png,1170,,cardiomegaly_0,-5.281929,0.0050569144,0.9227166
real,00001170_040.png,1170,,cardiomegaly_0,-4.8381023,0.007859807,0.85034233
real,00001170_045.png,1170,,cardiomegaly_0,-5.311838,0.0049086376,0.91584784
real,00001170_046.png,1170,,cardiomegaly_0,-5.8135223,0.0029779957,0.9544658
real,00001170_047.png,1170,,cardiomegaly_0,-5.750044,0.0031725438,0.94591105
real,00001187_001.png,1187,,cardiomegaly_0,-1.16856,0.23711537,0.5347466
real,00001248_022.png,1248,,cardiomegaly_0,-5.0818996,0.006169802,0.90391755
real,00001248_023.png,1248,,cardiomegaly_0,-4.799797,0.008164214,0.8844783
real,00001248_024.png,1248,,cardiomegaly_0,-5.3520756,0.00471596,0.9534426
real,00001248_025.png,1248,,cardiomegaly_0,-5.543314,0.0038982797,0.95158803
real,00001248_028.png,1248,,cardiomegaly_0,-5.668888,0.0034398278,0.9635435
real,00001248_036.png,1248,,cardiomegaly_0,-6.0306683,0.0023981223,0.96165305
real,00001248_038.png,1248,,cardiomegaly_0,-5.8286934,0.002933289,0.96739864
real,00001248_000.png,1248,,cardiomegaly_0,-5.9003353,0.0027310473,0.9501471
real,00001248_002.png,1248,,cardiomegaly_0,3.5951347,0.97327673,0.8974217
real,00001248_003.png,1248,,cardiomegaly_0,-0.24516869,0.439013,0.46540955
real,00001248_004.png,1248,,cardiomegaly_0,-3.0542965,0.045032345,0.7150618
real,00001248_016.png,1248,,cardiomegaly_0,-1.7961178,0.1423243,0.54292655
real,00001248_017.png,1248,,cardiomegaly_0,-4.503826,0.010945444,0.86243033
real,00001309_002.png,1309,,cardiomegaly_0,-6.02586,0.0024096533,0.9559778
real,00001458_001.png,1458,,cardiomegaly_0,-5.998993,0.0024751083,0.96475005
real,00001470_006.png,1470,,cardiomegaly_0,-5.660614,0.0034683081,0.9505876
real,00001470_007.png,1470,,cardiomegaly_0,-5.6626873,0.0034611495,0.9498357
real,00001775_001.png,1775,,cardiomegaly_0,-4.3779488,0.012395501,0.7567942
real,00001775_002.png,1775,,cardiomegaly_0,-4.146576,0.01557216,0.71252716
real,00001775_004.png,1775,,cardiomegaly_0,-3.1283054,0.041954663,0.49277857
real,00001775_005.png,1775,,cardiomegaly_0,-2.2030659,0.09947552,0.39661494
real,00001782_000.png,1782,,cardiomegaly_0,-5.4471893,0.0042899144,0.9311659
real,00001784_000.png,1784,,cardiomegaly_0,6.133177,0.997835,0.9740582
real,00001974_000.png,1974,,cardiomegaly_0,-5.7168236,0.0032793556,0.9674298
real,00001974_003.png,1974,,cardiomegaly_0,-6.183937,0.0020580483,0.9604643
real,00001989_011.png,1989,,cardiomegaly_0,0.104824066,0.52618206,0.35584947
real,00002046_003.png,2046,,cardiomegaly_0,-4.8505726,0.007763157,0.9120292
real,00002083_000.png,2083,,cardiomegaly_0,9.573051,0.9999304,0.99615365
real,00002120_005.png,2120,,cardiomegaly_0,-4.602339,0.009928784,0.7977373
real,00002239_002.png,2239,,cardiomegaly_0,-4.635769,0.009605487,0.8781243
real,00002239_005.png,2239,,cardiomegaly_0,-6.1954765,0.002034484,0.9798215
real,00002239_006.png,2239,,cardiomegaly_0,-5.6961346,0.0033476797,0.97071207
real,00002239_007.png,2239,,cardiomegaly_0,-5.4388123,0.004325846,0.93978137
real,00002239_008.png,2239,,cardiomegaly_0,-6.636259,0.0013102071,0.98450035
real,00002239_009.png,2239,,cardiomegaly_0,-6.8169613,0.0010938456,0.98548436
real,00002299_007.png,2299,,cardiomegaly_0,-6.213459,0.0019982983,0.9608382
real,00002299_010.png,2299,,cardiomegaly_0,-6.4110985,0.0016405226,0.9725568
real,00002299_001.png,2299,,cardiomegaly_0,-6.506424,0.001491584,0.97299004
real,00002299_002.png,2299,,cardiomegaly_0,-6.209814,0.0020055808,0.9524893
real,00002300_000.png,2300,,cardiomegaly_0,-5.1828156,0.0055808625,0.86998516
real,00002339_007.png,2339,,cardiomegaly_0,2.9800453,0.95166445,0.6058731
real,00002355_004.png,2355,,cardiomegaly_0,-6.43956,0.0015945625,0.9704889
real,00002355_006.png,2355,,cardiomegaly_0,-6.57917,0.0013870748,0.96978015
real,00002355_002.png,2355,,cardiomegaly_0,-6.460127,0.0015621532,0.9689991
real,00002424_013.png,2424,,cardiomegaly_0,-6.145508,0.0021385043,0.9662272
real,00002490_000.png,2490,,cardiomegaly_0,-6.579077,0.0013872043,0.98258615
real,00002492_016.png,2492,,cardiomegaly_0,5.9414883,0.9973788,0.98227245
real,00002492_002.png,2492,,cardiomegaly_0,-5.395687,0.0045156195,0.8937524
real,00002492_003.png,2492,,cardiomegaly_0,-6.1365376,0.002157732,0.9641518
real,00002533_004.png,2533,,cardiomegaly_0,-0.7902603,0.31211278,0.3176656
real,00002533_005.png,2533,,cardiomegaly_0,2.0616474,0.8871192,0.559434
real,00002552_001.png,2552,,cardiomegaly_0,9.748148,0.9999416,0.99642986
real,00002585_000.png,2585,,cardiomegaly_0,-5.478197,0.00415948,0.949435
real,00002585_003.png,2585,,cardiomegaly_0,-5.528185,0.0039574704,0.966024
real,00002599_001.png,2599,,cardiomegaly_0,-4.50111,0.010974887,0.8072855
real,00002609_000.png,2609,,cardiomegaly_0,-5.796158,0.0030300007,0.95961326
real,00002685_002.png,2685,,cardiomegaly_0,-5.8067875,0.0029980594,0.9341467
real,00002686_001.png,2686,,cardiomegaly_0,-2.2920952,0.09177975,0.62142783
real,00002825_007.png,2825,,cardiomegaly_0,-6.714226,0.0012120543,0.9798931
real,00002825_008.png,2825,,cardiomegaly_0,-6.6091213,0.0013462013,0.9810319
real,00002825_011.png,2825,,cardiomegaly_0,-6.303858,0.0018258943,0.9682844
real,00002924_001.png,2924,,cardiomegaly_0,-2.2968063,0.091387816,0.5514822
real,00003013_011.png,3013,,cardiomegaly_0,-5.7668533,0.0031198263,0.9436355
real,00003013_013.png,3013,,cardiomegaly_0,-5.870146,0.0028145178,0.95352453
real,00003013_014.png,3013,,cardiomegaly_0,-5.927704,0.002657512,0.96724874
real,00003015_000.png,3015,,cardiomegaly_0,9.057636,0.99988353,0.9948413
real,00003064_003.png,3064,,cardiomegaly_0,-6.4870167,0.0015207698,0.9812872
real,00003064_005.png,3064,,cardiomegaly_0,-6.526533,0.0014619324,0.9750333
real,00003064_006.png,3064,,cardiomegaly_0,-6.793314,0.001119991,0.9809796
real,00003064_007.png,3064,,cardiomegaly_0,5.364725,0.9953431,0.9389729
real,00003064_035.png,3064,,cardiomegaly_0,-6.187748,0.002050236,0.96423495
real,00003064_037.png,3064,,cardiomegaly_0,-6.5757732,0.0013917881,0.9656768
real,00003064_038.png,3064,,cardiomegaly_0,-4.004608,0.017904999,0.7717591
real,00003064_039.png,3064,,cardiomegaly_0,-3.3780212,0.03298946,0.61769634
real,00003064_043.png,3064,,cardiomegaly_0,-6.403387,0.0016532013,0.97604406
real,00003064_048.png,3064,,cardiomegaly_0,-6.3157253,0.0018043923,0.9780847
real,00003064_050.png,3064,,cardiomegaly_0,-6.7887497,0.0011251089,0.9837184
real,00003064_052.png,3064,,cardiomegaly_0,-6.7231445,0.0012013052,0.9860587
real,00003362_006.png,3362,,cardiomegaly_0,-5.569069,0.0037995381,0.9285961
real,00003423_002.png,3423,,cardiomegaly_0,-3.7311497,0.023404375,0.83283335
real,00003423_003.png,3423,,cardiomegaly_0,-5.274906,0.0050923717,0.9145375
real,00003423_005.png,3423,,cardiomegaly_0,-5.8793507,0.0027888014,0.9547911
real,00003423_011.png,3423,,cardiomegaly_0,-3.9152985,0.019544978,0.69248
real,00003423_015.png,3423,,cardiomegaly_0,1.1369247,0.7571145,0.45375142
real,00003423_021.png,3423,,cardiomegaly_0,-4.713434,0.0088940915,0.88986474
real,00003428_000.png,3428,,cardiomegaly_0,-5.178068,0.005607271,0.9226729
real,00003439_002.png,3439,,cardiomegaly_0,-6.23353,0.001958668,0.97912234
real,00003439_003.png,3439,,cardiomegaly_0,-6.1936054,0.0020382865,0.97703874
real,00003570_002.png,3570,,cardiomegaly_0,8.258556,0.999741,0.99030185
real,00003570_004.png,3570,,cardiomegaly_0,-6.578369,0.0013881848,0.97836834
real,00003611_002.png,3611,,cardiomegaly_0,-5.852457,0.0028646023,0.9606465
real,00003611_004.png,3611,,cardiomegaly_0,-5.7588787,0.0031447262,0.9520067
real,00003611_005.png,3611,,cardiomegaly_0,-5.817774,0.0029653993,0.9575677
real,00003611_006.png,3611,,cardiomegaly_0,-5.6455555,0.0035207458,0.9523115
real,00003706_001.png,3706,,cardiomegaly_0,3.710989,0.9761304,0.7992475
real,00003737_000.png,3737,,cardiomegaly_0,-3.3614883,0.03352097,0.59469146
real,00003737_001.png,3737,,cardiomegaly_0,-5.785795,0.003061466,0.9567097
real,00003789_009.png,3789,,cardiomegaly_0,9.014318,0.9998783,0.9955787
real,00003856_003.png,3856,,cardiomegaly_0,-4.9030113,0.00736948,0.87237006
real,00003916_001.png,3916,,cardiomegaly_0,4.818203,0.9919835,0.8948097
real,00003916_002.png,3916,,cardiomegaly_0,-4.481106,0.011194159,0.8472153
real,00003937_000.png,3937,,cardiomegaly_0,-6.607378,0.001348547,0.9850199
real,00003996_020.png,3996,,cardiomegaly_0,-5.4721565,0.0041845758,0.91299355
real,00004003_000.png,4003,,cardiomegaly_0,-6.4094906,0.0016431583,0.97700894
real,00004080_000.png,4080,,cardiomegaly_0,-5.847992,0.0028773847,0.96245223
real,00004080_001.png,4080,,cardiomegaly_0,-5.3626404,0.004666631,0.93116343
real,00004081_000.png,4081,,cardiomegaly_0,-5.3288364,0.0048263036,0.90533894
real,00004220_000.png,4220,,cardiomegaly_0,-6.475876,0.001537781,0.9815206
real,00004233_000.png,4233,,cardiomegaly_0,-1.7077808,0.15345177,0.45776328
real,00004263_000.png,4263,,cardiomegaly_0,-4.2385883,0.014222739,0.82835704
real,00004344_013.png,4344,,cardiomegaly_0,9.726114,0.9999403,0.9983003
real,00004344_014.png,4344,,cardiomegaly_0,9.256147,0.9999045,0.99728477
real,00004344_046.png,4344,,cardiomegaly_0,9.614792,0.99993324,0.9976559
real,00004344_047.png,4344,,cardiomegaly_0,9.558535,0.9999294,0.9974232
real,00004404_008.png,4404,,cardiomegaly_0,9.041355,0.9998816,0.99616736
real,00004511_000.png,4511,,cardiomegaly_0,7.2503567,0.9992906,0.98065364
real,00004547_020.png,4547,,cardiomegaly_0,-5.962799,0.002566099,0.96188396
real,00004583_000.png,4583,,cardiomegaly_0,-2.683792,0.06393655,0.6438525
real,00004608_008.png,4608,,cardiomegaly_0,-2.9352837,0.05043667,0.4947648
real,00004608_009.png,4608,,cardiomegaly_0,5.5813313,0.99624664,0.9360892
real,00004608_011.png,4608,,cardiomegaly_0,-0.18583488,0.45367453,0.42775866
real,00004646_002.png,4646,,cardiomegaly_0,-5.4412193,0.004315491,0.9175874
real,00004750_004.png,4750,,cardiomegaly_0,-3.8358097,0.021127833,0.819255
real,00004750_006.png,4750,,cardiomegaly_0,-5.366276,0.004649775,0.9567036
real,00004833_014.png,4833,,cardiomegaly_0,-5.3511906,0.004720116,0.9522822
real,00004862_000.png,4862,,cardiomegaly_0,-5.70376,0.0033223329,0.9539317
real,00004909_006.png,4909,,cardiomegaly_0,7.0043087,0.9990928,0.99168766
real,00004909_007.png,4909,,cardiomegaly_0,5.9926376,0.9975091,0.98034674
real,00004976_000.png,4976,,cardiomegaly_0,5.8921604,0.9972466,0.9749393
real,00005038_000.png,5038,,cardiomegaly_0,6.6505356,0.99870837,0.97298956
real,00005101_002.png,5101,,cardiomegaly_0,-6.8593597,0.0010484853,0.98559
real,00005108_000.png,5108,,cardiomegaly_0,-0.9703312,0.2748145,0.38150585
real,00005110_009.png,5110,,cardiomegaly_0,-6.2528305,0.0019212991,0.97239405
real,00005395_006.png,5395,,cardiomegaly_0,-5.4197273,0.0044088303,0.91768104
real,00005395_007.png,5395,,cardiomegaly_0,-4.8230762,0.007977852,0.86379033
real,00005395_010.png,5395,,cardiomegaly_0,-6.0672226,0.0023122423,0.95650375
real,00005395_011.png,5395,,cardiomegaly_0,-4.60001,0.009951704,0.78068304
real,00005401_000.png,5401,,cardiomegaly_0,-6.434458,0.0016027062,0.9651258
real,00005410_002.png,5410,,cardiomegaly_0,-4.6291065,0.009669075,0.8503403
real,00005520_007.png,5520,,cardiomegaly_0,-6.5416203,0.0014400731,0.9760851
real,00005532_031.png,5532,,cardiomegaly_0,6.745512,0.99882525,0.9659024
real,00005532_037.png,5532,,cardiomegaly_0,1.8882465,0.8685555,0.5108425
real,00005532_042.png,5532,,cardiomegaly_0,8.265018,0.9997427,0.9927855
real,00005532_043.png,5532,,cardiomegaly_0,7.135475,0.99920434,0.9848008
real,00005532_000.png,5532,,cardiomegaly_0,2.1556835,0.8961987,0.4979429
real,00005532_004.png,5532,,cardiomegaly_0,9.2017,0.99989915,0.9964184
real,00005532_005.png,5532,,cardiomegaly_0,6.6896687,0.99875784,0.9725683
real,00005532_007.png,5532,,cardiomegaly_0,9.559597,0.9999294,0.99628705
real,00005532_008.png,5532,,cardiomegaly_0,5.4743843,0.9958247,0.92137676
real,00005532_010.png,5532,,cardiomegaly_0,0.6451454,0.6559157,0.21123582
real,00005532_011.png,5532,,cardiomegaly_0,1.1876907,0.7663278,0.2894736
real,00005532_012.png,5532,,cardiomegaly_0,-2.1318989,0.10603485,0.39382684
real,00005532_013.png,5532,,cardiomegaly_0,7.549549,0.999474,0.9912172
real,00005532_014.png,5532,,cardiomegaly_0,8.8931465,0.9998627,0.9966442
real,00005532_016.png,5532,,cardiomegaly_0,9.10672,0.99988914,0.99567366
real,00005532_018.png,5532,,cardiomegaly_0,6.3407364,0.9982401,0.97831666
real,00005532_019.png,5532,,cardiomegaly_0,7.345974,0.99935526,0.99128467
real,00005556_000.png,5556,,cardiomegaly_0,5.0531483,0.99365145,0.9433548
real,00005556_008.png,5556,,cardiomegaly_0,-6.0033436,0.00246439,0.9582468
real,00005579_002.png,5579,,cardiomegaly_0,-1.293211,0.21530981,0.37802172
real,00005626_002.png,5626,,cardiomegaly_0,-5.9173317,0.0026851452,0.96814924
real,00005641_003.png,5641,,cardiomegaly_0,8.677475,0.99982965,0.9947977
real,00005641_006.png,5641,,cardiomegaly_0,9.76594,0.99994266,0.9971628
real,00005641_012.png,5641,,cardiomegaly_0,8.8332405,0.9998542,0.9970004
real,00005666_004.png,5666,,cardiomegaly_0,6.9003277,0.9989936,0.9852432
real,00005666_010.png,5666,,cardiomegaly_0,5.9734287,0.99746096,0.974931
real,00005666_011.png,5666,,cardiomegaly_0,6.757719,0.99883944,0.98391265
real,00005666_012.png,5666,,cardiomegaly_0,6.5767555,0.99860954,0.97875977
real,00005666_013.png,5666,,cardiomegaly_0,6.7650166,0.99884784,0.9762932
real,00005666_018.png,5666,,cardiomegaly_0,5.78718,0.9969427,0.9718718
real,00005666_019.png,5666,,cardiomegaly_0,6.054983,0.9976593,0.9632639
real,00005766_004.png,5766,,cardiomegaly_0,-5.9724083,0.0025416212,0.9495978
real,00005869_001.png,5869,,cardiomegaly_0,8.131973,0.9997061,0.99431556
real,00005895_003.png,5895,,cardiomegaly_0,-4.0102043,0.017806858,0.68999827
real,00005895_005.png,5895,,cardiomegaly_0,0.72822,0.6744145,0.4207735
real,00005895_007.png,5895,,cardiomegaly_0,4.101057,0.9837144,0.91194195
real,00005895_009.png,5895,,cardiomegaly_0,6.6385746,0.9986928,0.9896351
real,00005895_013.png,5895,,cardiomegaly_0,7.649534,0.999524,0.9974043
real,00005895_023.png,5895,,cardiomegaly_0,4.336294,0.9870841,0.92799413
real,00005920_003.png,5920,,cardiomegaly_0,6.8570404,0.9989491,0.9892971
real,00006166_000.png,6166,,cardiomegaly_0,6.8799057,0.9989728,0.9668845
real,00006298_003.png,6298,,cardiomegaly_0,-5.419142,0.0044114008,0.91839373
real,00006298_004.png,6298,,cardiomegaly_0,-5.938711,0.0026284968,0.9413234
real,00006298_005.png,6298,,cardiomegaly_0,-5.8876667,0.0027657698,0.95162773
real,00006359_000.png,6359,,cardiomegaly_0,5.533678,0.9960641,0.95519465
real,00006368_000.png,6368,,cardiomegaly_0,-6.7510223,0.0011683166,0.9891753
real,00006436_012.png,6436,,cardiomegaly_0,-4.980982,0.006820478,0.8541064
real,00006483_000.png,6483,,cardiomegaly_0,-6.1509094,0.0021270087,0.97009474
real,00006537_000.png,6537,,cardiomegaly_0,-6.5844173,0.0013798256,0.9806967
real,00006626_000.png,6626,,cardiomegaly_0,-5.685747,0.003382516,0.9523973
real,00006626_006.png,6626,,cardiomegaly_0,-6.411682,0.0016395671,0.96942884
real,00006683_002.png,6683,,cardiomegaly_0,-5.419174,0.0044112587,0.9351247
real,00006683_003.png,6683,,cardiomegaly_0,-6.1776314,0.0020710395,0.9700172
real,00006683_004.png,6683,,cardiomegaly_0,-6.091675,0.0022565145,0.9695769
real,00006683_005.png,6683,,cardiomegaly_0,-6.1499786,0.002128985,0.9682377
real,00006683_006.png,6683,,cardiomegaly_0,-5.0277348,0.006510969,0.875404
real,00006694_002.png,6694,,cardiomegaly_0,-6.0604324,0.0023279595,0.96937037
real,00006694_003.png,6694,,cardiomegaly_0,-6.466505,0.0015522366,0.98096204
real,00006774_001.png,6774,,cardiomegaly_0,-5.977909,0.0025277138,0.96345496
real,00006791_006.png,6791,,cardiomegaly_0,-6.076542,0.002290843,0.95303226
real,00006832_005.png,6832,,cardiomegaly_0,-6.1101,0.0022154103,0.97727525
real,00006850_027.png,6850,,cardiomegaly_0,-6.4250336,0.0016178573,0.9695076
real,00006850_028.png,6850,,cardiomegaly_0,-6.530754,0.0014557837,0.97977185
real,00006851_022.png,6851,,cardiomegaly_0,7.607321,0.9995035,0.9962996
real,00006851_023.png,6851,,cardiomegaly_0,1.425003,0.8061215,0.68053013
real,00006851_024.png,6851,,cardiomegaly_0,-4.932768,0.0071549662,0.8332264
real,00006851_009.png,6851,,cardiomegaly_0,-0.16532898,0.4587617,0.49755624
real,00006851_010.png,6851,,cardiomegaly_0,-1.8582191,0.13491075,0.40863994
real,00006890_003.png,6890,,cardiomegaly_0,8.482485,0.999793,0.99655634
real,00006936_001.png,6936,,cardiomegaly_0,-5.675228,0.0034181625,0.96226
real,00006964_011.png,6964,,cardiomegaly_0,-6.3165073,0.0018029844,0.9732143
real,00006981_001.png,6981,,cardiomegaly_0,-6.157028,0.002114061,0.958253
real,00006981_002.png,6981,,cardiomegaly_0,-6.5330296,0.0014524795,0.9841967
real,00006981_009.png,6981,,cardiomegaly_0,-6.337042,0.0017664033,0.97070956
real,00006981_010.png,6981,,cardiomegaly_0,-4.422756,0.011858791,0.7895754
real,00006981_011.png,6981,,cardiomegaly_0,-6.215721,0.0019937921,0.97424215
real,00006981_014.png,6981,,cardiomegaly_0,-6.117029,0.0022001455,0.9789285
real,00006981_016.png,6981,,cardiomegaly_0,-6.196888,0.0020316201,0.9754856
real,00006996_002.png,6996,,cardiomegaly_0,-6.0440006,0.0023664369,0.9442318
real,00007033_001.png,7033,,cardiomegaly_0,-6.1809597,0.0020641722,0.9691495
real,00007033_002.png,7033,,cardiomegaly_0,-6.405386,0.0016499056,0.98192674
real,00007033_004.png,7033,,cardiomegaly_0,-6.0919,0.0022560079,0.97064626
real,00007109_018.png,7109,,cardiomegaly_0,-3.986763,0.018221509,0.6859662
real,00007156_000.png,7156,,cardiomegaly_0,-5.2027836,0.0054711318,0.8655507
real,00007156_001.png,7156,,cardiomegaly_0,-4.7433414,0.008634294,0.87815917
real,00007340_014.png,7340,,cardiomegaly_0,-6.130123,0.002171587,0.98046786
real,00007405_014.png,7405,,cardiomegaly_0,-5.685955,0.0033818153,0.95527625
real,00007482_009.png,7482,,cardiomegaly_0,-6.1412373,0.0021476366,0.9781936
real,00007482_015.png,7482,,cardiomegaly_0,-0.48161125,0.3818717,0.4931176
real,00007482_023.png,7482,,cardiomegaly_0,-6.8246803,0.0010854439,0.9857396
real,00007482_026.png,7482,,cardiomegaly_0,-6.5305576,0.0014560693,0.98156494
real,00007519_003.png,7519,,cardiomegaly_0,-0.14716911,0.463274,0.50603443
real,00007519_004.png,7519,,cardiomegaly_0,-6.669176,0.0012678347,0.9790267
real,00007551_021.png,7551,,cardiomegaly_0,8.872833,0.9998598,0.9948489
real,00007652_000.png,7652,,cardiomegaly_0,4.5045986,0.98906296,0.800328
real,00007679_000.png,7679,,cardiomegaly_0,4.7381935,0.9913215,0.9461634
real,00007679_001.png,7679,,cardiomegaly_0,1.7241116,0.8486577,0.55585456
real,00007679_003.png,7679,,cardiomegaly_0,4.945135,0.9929323,0.93928546
real,00007679_004.png,7679,,cardiomegaly_0,6.1479588,0.9978667,0.9827308
real,00007679_005.png,7679,,cardiomegaly_0,3.4000473,0.967706,0.8347856
real,00007718_000.png,7718,,cardiomegaly_0,-5.188286,0.005550585,0.9337209
real,00007718_001.png,7718,,cardiomegaly_0,-6.0954456,0.0022480409,0.97160816
real,00007718_005.png,7718,,cardiomegaly_0,4.2078114,0.9853393,0.884895
real,00007718_006.png,7718,,cardiomegaly_0,-5.4815044,0.004145803,0.93849003
real,00007718_007.png,7718,,cardiomegaly_0,-6.8017464,0.001110597,0.9869958
real,00007718_009.png,7718,,cardiomegaly_0,-6.804207,0.0011078708,0.9869587
real,00007718_010.png,7718,,cardiomegaly_0,-5.932005,0.0026461366,0.9617962
real,00007740_000.png,7740,,cardiomegaly_0,3.6920395,0.97568476,0.9038956
real,00007769_002.png,7769,,cardiomegaly_0,-3.4967556,0.029404685,0.6663943
real,00007772_000.png,7772,,cardiomegaly_0,-6.046852,0.0023597144,0.9746689
real,00007833_000.png,7833,,cardiomegaly_0,0.28649712,0.5711383,0.5558079
real,00007833_001.png,7833,,cardiomegaly_0,-6.6821995,0.0012514509,0.9867277
real,00007833_002.png,7833,,cardiomegaly_0,8.357487,0.99976546,0.99163586
real,00007833_003.png,7833,,cardiomegaly_0,6.5398254,0.9985574,0.9813764
real,00007848_001.png,7848,,cardiomegaly_0,-5.7994423,0.003020095,0.96130735
real,00007848_004.png,7848,,cardiomegaly_0,-3.001215,0.047371015,0.6876189
real,00007848_005.png,7848,,cardiomegaly_0,-5.0069504,0.0066468026,0.89940804
real,00007848_006.png,7848,,cardiomegaly_0,-5.3619423,0.0046698744,0.94058686
real,00007865_001.png,7865,,cardiomegaly_0,-6.080902,0.002280899,0.9613239
real,00007865_003.png,7865,,cardiomegaly_0,-4.9218025,0.0072332844,0.86356896
real,00007865_005.png,7865,,cardiomegaly_0,-2.5460377,0.07269313,0.4401414
real,00007869_004.png,7869,,cardiomegaly_0,-1.7763653,0.14475253,0.6024271
real,00007882_000.png,7882,,cardiomegaly_0,-4.1395645,0.01568001,0.8346561
real,00007882_001.png,7882,,cardiomegaly_0,-3.8681965,0.020468315,0.7938736
real,00007908_000.png,7908,,cardiomegaly_0,8.36639,0.9997675,0.99625856
real,00007989_000.png,7989,,cardiomegaly_0,-1.5913067,0.16920014,0.4259468
real,00007989_001.png,7989,,cardiomegaly_0,8.136166,0.9997073,0.99412626
real,00007989_002.png,7989,,cardiomegaly_0,8.521393,0.99980086,0.994302
real,00008013_003.png,8013,,cardiomegaly_0,-5.843216,0.00289112,0.94159395
real,00008013_006.png,8013,,cardiomegaly_0,-5.8045635,0.0030047144,0.90667725
real,00008037_000.png,8037,,cardiomegaly_0,-6.171173,0.0020844303,0.96977437
real,00008037_001.png,8037,,cardiomegaly_0,-5.1332397,0.0058628474,0.9174401
real,00008037_002.png,8037,,cardiomegaly_0,-5.719063,0.0032720445,0.96060467
real,00008103_000.png,8103,,cardiomegaly_0,3.9888077,0.98181504,0.92982745
real,00008112_000.png,8112,,cardiomegaly_0,5.704071,0.9966787,0.9676972
real,00008147_013.png,8147,,cardiomegaly_0,-5.398012,0.0045051794,0.9399096
real,00008184_007.png,8184,,cardiomegaly_0,-6.5074368,0.0014900763,0.9776616
real,00008185_003.png,8185,,cardiomegaly_0,-4.6149006,0.0098060565,0.82620066
real,00008185_005.png,8185,,cardiomegaly_0,-5.4839096,0.0041358843,0.92953295
real,00008191_001.png,8191,,cardiomegaly_0,-6.1461067,0.0021372268,0.9448575
real,00008195_000.png,8195,,cardiomegaly_0,-6.2256947,0.0019740448,0.980268
real,00008339_000.png,8339,,cardiomegaly_0,8.398018,0.99977475,0.9961578
real,00008339_003.png,8339,,cardiomegaly_0,5.863243,0.997166,0.98122615
real,00008339_005.png,8339,,cardiomegaly_0,7.93606,0.9996425,0.9942811
real,00008339_010.png,8339,,cardiomegaly_0,8.777554,0.99984586,0.99339366
real,00008342_012.png,8342,,cardiomegaly_0,-5.0264053,0.0065195737,0.8992642
real,00008342_015.png,8342,,cardiomegaly_0,-4.493181,0.011061285,0.84266186
real,00008342_016.png,8342,,cardiomegaly_0,-5.028467,0.0065062325,0.88705885
real,00008342_025.png,8342,,cardiomegaly_0,-6.182846,0.0020602902,0.96795475
real,00008404_000.png,8404,,cardiomegaly_0,-5.0615005,0.0062961522,0.8758739
real,00008465_004.png,8465,,cardiomegaly_0,-5.850918,0.0028690023,0.9332436
real,00008465_006.png,8465,,cardiomegaly_0,-6.5271416,0.0014610445,0.9736246
real,00008471_000.png,8471,,cardiomegaly_0,-5.6978607,0.003341925,0.9579367
real,00008477_001.png,8477,,cardiomegaly_0,-5.871292,0.0028113022,0.940194
real,00008477_005.png,8477,,cardiomegaly_0,-5.265541,0.00514004,0.9364135
real,00008477_006.png,8477,,cardiomegaly_0,-4.8656063,0.0076482077,0.90153724
real,00008477_007.png,8477,,cardiomegaly_0,-5.561943,0.0038266063,0.9434735
real,00008489_025.png,8489,,cardiomegaly_0,-6.4194584,0.0016268875,0.9774891
real,00008637_000.png,8637,,cardiomegaly_0,1.9897327,0.87971485,0.50973165
real,00008637_001.png,8637,,cardiomegaly_0,-6.576376,0.0013909506,0.97981524
real,00008738_000.png,8738,,cardiomegaly_0,2.9126034,0.948466,0.6138905
real,00008802_005.png,8802,,cardiomegaly_0,-5.4210663,0.004402957,0.88878304
real,00008806_014.png,8806,,cardiomegaly_0,-5.77433,0.0030966587,0.9318461
real,00008827_000.png,8827,,cardiomegaly_0,0.6276798,0.6519632,0.5429034
real,00008866_004.png,8866,,cardiomegaly_0,-4.867674,0.0076325317,0.91720116
real,00008898_000.png,8898,,cardiomegaly_0,9.537657,0.9999279,0.99527603
real,00008970_002.png,8970,,cardiomegaly_0,-6.258415,0.0019106196,0.9642908
real,00009034_004.png,9034,,cardiomegaly_0,0.59737206,0.6450548,0.3784148
real,00009105_007.png,9105,,cardiomegaly_0,-6.412878,0.0016376108,0.97132015
real,00009141_000.png,9141,,cardiomegaly_0,-4.593853,0.01001255,0.85456294
real,00009163_000.png,9163,,cardiomegaly_0,-5.958849,0.0025762292,0.95845604
real,00009163_001.png,9163,,cardiomegaly_0,-5.598509,0.0036897173,0.94928783
real,00009174_000.png,9174,,cardiomegaly_0,6.9672947,0.99905866,0.98490685
real,00009185_006.png,9185,,cardiomegaly_0,4.9991894,0.99330175,0.9600845
real,00009189_002.png,9189,,cardiomegaly_0,-5.720106,0.0032686437,0.9570194
real,00009189_004.png,9189,,cardiomegaly_0,-4.301153,0.013371696,0.8168185
real,00009189_005.png,9189,,cardiomegaly_0,-4.598158,0.009969969,0.83268374
real,00009189_006.png,9189,,cardiomegaly_0,-5.522957,0.003978132,0.9416574
real,00009229_000.png,9229,,cardiomegaly_0,7.706764,0.9995504,0.99016595
real,00009286_003.png,9286,,cardiomegaly_0,-0.54989815,0.36588803,0.38619235
real,00009326_000.png,9326,,cardiomegaly_0,-6.5150757,0.0014787539,0.97676456
real,00009326_001.png,9326,,cardiomegaly_0,-6.4009533,0.0016572231,0.973604
real,00009349_001.png,9349,,cardiomegaly_0,-4.270008,0.013788878,0.8216903
real,00009349_012.png,9349,,cardiomegaly_0,-5.095476,0.00608711,0.91094375
real,00009349_014.png,9349,,cardiomegaly_0,-5.067976,0.0062557673,0.8692051
real,00009349_015.png,9349,,cardiomegaly_0,-4.1399097,0.015674682,0.7567387
real,00009349_016.png,9349,,cardiomegaly_0,-4.749161,0.008584625,0.87649894
real,00009349_019.png,9349,,cardiomegaly_0,-4.820999,0.007994307,0.90084714
real,00009349_020.png,9349,,cardiomegaly_0,-4.9703045,0.0068931887,0.9187281
real,00009349_021.png,9349,,cardiomegaly_0,-4.912119,0.007303154,0.90039116
real,00009349_024.png,9349,,cardiomegaly_0,-4.7748375,0.008368827,0.88048095
real,00009349_025.png,9349,,cardiomegaly_0,-4.7352905,0.008703481,0.88484615
real,00009349_026.png,9349,,cardiomegaly_0,-5.1924095,0.00552787,0.9113205
real,00009349_027.png,9349,,cardiomegaly_0,-4.947729,0.0070494656,0.89734864
real,00009349_028.png,9349,,cardiomegaly_0,-5.2212086,0.0053717857,0.895517
real,00009349_029.png,9349,,cardiomegaly_0,-5.4057426,0.0044706413,0.94176674
real,00009373_000.png,9373,,cardiomegaly_0,-5.24498,0.0052462593,0.91870564
real,00009373_001.png,9373,,cardiomegaly_0,-6.063656,0.002320485,0.9707023
real,00009378_005.png,9378,,cardiomegaly_0,-6.7005367,0.0012287397,0.9842491
real,00009378_010.png,9378,,cardiomegaly_0,-5.695696,0.0033491435,0.92678833
real,00009378_013.png,9378,,cardiomegaly_0,-6.292635,0.0018464634,0.97239745
real,00009378_014.png,9378,,cardiomegaly_0,-1.1232834,0.24540275,0.2819781
real,00009378_016.png,9378,,cardiomegaly_0,4.883625,0.9924873,0.92790574
real,00009457_003.png,9457,,cardiomegaly_0,-5.7681923,0.0031156645,0.94751674
real,00009457_004.png,9457,,cardiomegaly_0,5.695484,0.99665016,0.9722477
real,00009516_003.png,9516,,cardiomegaly_0,-3.5339527,0.028361458,0.730183
real,00009571_001.png,9571,,cardiomegaly_0,-5.9527397,0.0025919753,0.96810836
real,00009571_002.png,9571,,cardiomegaly_0,-5.9535275,0.0025899394,0.97429997
real,00009571_003.png,9571,,cardiomegaly_0,-6.17449,0.0020775422,0.97634745
real,00009571_004.png,9571,,cardiomegaly_0,-6.2412033,0.0019437252,0.9795842
real,00009641_011.png,9641,,cardiomegaly_0,5.1401234,0.9941771,0.94992334
real,00009665_004.png,9665,,cardiomegaly_0,-5.996889,0.002480308,0.9645837
real,00009665_005.png,9665,,cardiomegaly_0,-6.2549076,0.0019173202,0.956368
real,00009709_010.png,9709,,cardiomegaly_0,-6.5640087,0.0014082352,0.9774336
real,00009709_011.png,9709,,cardiomegaly_0,-6.836626,0.0010725684,0.9853972
real,00009812_000.png,9812,,cardiomegaly_0,-6.009575,0.0024491185,0.95502424
real,00009908_001.png,9908,,cardiomegaly_0,-5.7518234,0.0031669214,0.939651
real,00009908_002.png,9908,,cardiomegaly_0,-6.167225,0.0020926592,0.964264
real,00009932_008.png,9932,,cardiomegaly_0,-1.2002048,0.23143879,0.35411447
real,00009934_007.png,9934,,cardiomegaly_0,3.7801266,0.9776894,0.8724928
real,00009934_008.png,9934,,cardiomegaly_0,4.3797817,0.98762697,0.9394099
real,00009934_009.png,9934,,cardiomegaly_0,7.3678017,0.9993692,0.9950139
real,00010071_003.png,10071,,cardiomegaly_0,-5.7195473,0.0032704647,0.9529417
real,00010071_004.png,10071,,cardiomegaly_0,-5.921509,0.0026739824,0.9598391
real,00010071_007.png,10071,,cardiomegaly_0,-5.968609,0.0025512713,0.96495783
real,00010071_008.png,10071,,cardiomegaly_0,-5.779604,0.0030804204,0.94910157
real,00010071_010.png,10071,,cardiomegaly_0,-5.914263,0.0026933763,0.9628574
real,00010071_011.png,10071,,cardiomegaly_0,-6.0197144,0.0024244713,0.97038496
real,00010071_012.png,10071,,cardiomegaly_0,-5.847872,0.0028777295,0.9594044
real,00010120_021.png,10120,,cardiomegaly_0,-5.82456,0.0029454022,0.95509726
real,00010131_007.png,10131,,cardiomegaly_0,-6.0989437,0.0022402082,0.94919103
real,00010177_000.png,10177,,cardiomegaly_0,7.9539127,0.9996488,0.9878947
real,00010275_000.png,10275,,cardiomegaly_0,-5.5110226,0.0040257,0.9458955
real,00010279_003.png,10279,,cardiomegaly_0,6.502636,0.99850273,0.98893243
real,00010279_004.png,10279,,cardiomegaly_0,0.37462616,0.5925763,0.36776492
real,00010279_005.png,10279,,cardiomegaly_0,1.8617458,0.8655003,0.5150615
real,00010335_001.png,10335,,cardiomegaly_0,-4.7516346,0.008563596,0.9108334
real,00010335_002.png,10335,,cardiomegaly_0,-5.5582848,0.0038405766,0.94622535
real,00010335_003.png,10335,,cardiomegaly_0,-4.9906826,0.006755079,0.8848336
real,00010335_005.png,10335,,cardiomegaly_0,-4.96126,0.0069553824,0.89558595
real,00010354_002.png,10354,,cardiomegaly_0,2.5183086,0.92541534,0.59725446
real,00010427_009.png,10427,,cardiomegaly_0,-6.2433968,0.0019394747,0.9704372
real,00010443_001.png,10443,,cardiomegaly_0,-6.421587,0.0016234338,0.9686911
real,00010465_004.png,10465,,cardiomegaly_0,-5.589981,0.0037211995,0.95837176
real,00010469_002.png,10469,,cardiomegaly_0,-4.7348595,0.008707202,0.90639895
real,00010521_002.png,10521,,cardiomegaly_0,-5.992655,0.0024908066,0.96457976
real,00010536_000.png,10536,,cardiomegaly_0,3.8605556,0.9793779,0.8385442
real,00010571_006.png,10571,,cardiomegaly_0,-4.806141,0.008113004,0.8538376
real,00010575_002.png,10575,,cardiomegaly_0,-5.5779057,0.0037662368,0.9544907
real,00010575_003.png,10575,,cardiomegaly_0,-5.7033043,0.003323843,0.95319057
real,00010625_000.png,10625,,cardiomegaly_0,9.119783,0.99989057,0.99738616
real,00010625_010.png,10625,,cardiomegaly_0,9.624546,0.99993396,0.99740344
real,00010625_014.png,10625,,cardiomegaly_0,8.277239,0.9997458,0.99209714
real,00010638_001.png,10638,,cardiomegaly_0,7.539448,0.9994686,0.98643315
real,00010695_007.png,10695,,cardiomegaly_0,-5.71208,0.0032948973,0.9434236
real,00010695_008.png,10695,,cardiomegaly_0,-6.050688,0.002350702,0.9690275
real,00010695_013.png,10695,,cardiomegaly_0,-6.09791,0.00224252,0.9615377
real,00010695_014.png,10695,,cardiomegaly_0,-6.2868557,0.0018571458,0.95426816
real,00010695_015.png,10695,,cardiomegaly_0,-6.1965523,0.002032301,0.94829077
real,00010695_017.png,10695,,cardiomegaly_0,-6.243063,0.0019401208,0.9639222
real,00010695_016.png,10695,,cardiomegaly_0,-6.3199196,0.0017968537,0.9687994
real,00010767_001.png,10767,,cardiomegaly_0,4.659914,0.99062157,0.8585429
real,00010767_017.png,10767,,cardiomegaly_0,-5.878292,0.0027917468,0.9508385
real,00010767_015.png,10767,,cardiomegaly_0,-5.930582,0.0026498944,0.9465396
real,00010767_016.png,10767,,cardiomegaly_0,-6.1264935,0.0021794662,0.96277857
real,00010767_022.png,10767,,cardiomegaly_0,-4.441637,0.011639569,0.85370165
real,00010767_023.png,10767,,cardiomegaly_0,-5.35515,0.0047015506,0.9348523
real,00010767_024.png,10767,,cardiomegaly_0,-5.77767,0.0030863658,0.95782626
real,00010767_025.png,10767,,cardiomegaly_0,-6.055517,0.0023394034,0.95853674
real,00010767_026.png,10767,,cardiomegaly_0,-5.548769,0.003877155,0.9310171
real,00010772_002.png,10772,,cardiomegaly_0,-6.1020527,0.0022332699,0.96471083
real,00010772_003.png,10772,,cardiomegaly_0,-6.019491,0.0024250112,0.9604279
real,00010772_007.png,10772,,cardiomegaly_0,7.421747,0.9994023,0.9803819
real,00010772_010.png,10772,,cardiomegaly_0,-5.7642,0.0031280885,0.9709239
real,00010772_012.png,10772,,cardiomegaly_0,-5.2639484,0.0051481905,0.92856437
real,00010772_015.png,10772,,cardiomegaly_0,-4.516802,0.010805862,0.83998793
real,00010790_003.png,10790,,cardiomegaly_0,1.2895966,0.78407896,0.3168945
real,00010828_000.png,10828,,cardiomegaly_0,-5.653208,0.0034940003,0.9172447
real,00010936_008.png,10936,,cardiomegaly_0,-2.3044224,0.09075736,0.5522169
real,00010936_009.png,10936,,cardiomegaly_0,-0.31829643,0.42109096,0.33939165
real,00010936_010.png,10936,,cardiomegaly_0,-2.6017895,0.06902334,0.60804
real,00010936_016.png,10936,,cardiomegaly_0,0.29702377,0.5737148,0.4452305
real,00010936_017.png,10936,,cardiomegaly_0,3.7516384,0.9770594,0.86502594
real,00010936_018.png,10936,,cardiomegaly_0,-5.298298,0.004975221,0.92158854
real,00010936_019.png,10936,,cardiomegaly_0,-4.748581,0.008589561,0.8355664
real,00010936_021.png,10936,,cardiomegaly_0,-4.659273,0.009384444,0.8841217
real,00010936_023.png,10936,,cardiomegaly_0,-5.6751366,0.0034184747,0.9532227
real,00010936_024.png,10936,,cardiomegaly_0,-4.702961,0.008986889,0.8685609
real,00010940_000.png,10940,,cardiomegaly_0,-6.408745,0.0016443823,0.9730117
real,00010953_000.png,10953,,cardiomegaly_0,-5.9578705,0.0025787447,0.9660734
real,00010953_003.png,10953,,cardiomegaly_0,-4.7091846,0.008931629,0.88289165
real,00010953_004.png,10953,,cardiomegaly_0,-4.833746,0.007893851,0.919035
real,00010953_009.png,10953,,cardiomegaly_0,-5.37763,0.0045975195,0.9465269
real,00010953_011.png,10953,,cardiomegaly_0,-4.505411,0.010928299,0.86717004
real,00010953_012.png,10953,,cardiomegaly_0,-4.2814407,0.013634271,0.8577743
real,00010970_000.png,10970,,cardiomegaly_0,7.8785458,0.9996214,0.98660237
real,00010992_000.png,10992,,cardiomegaly_0,-4.7856426,0.008279632,0.8678238
real,00010992_006.png,10992,,cardiomegaly_0,-4.441435,0.011641895,0.84957165
real,00010992_007.png,10992,,cardiomegaly_0,-4.6821384,0.009174245,0.8468529
real,00010992_008.png,10992,,cardiomegaly_0,-4.8942413,0.007433912,0.86483985
real,00010992_009.png,10992,,cardiomegaly_0,-5.379486,0.0045890342,0.9268687
real,00010992_010.png,10992,,cardiomegaly_0,-5.2590446,0.0051733674,0.9307203
real,00010992_011.png,10992,,cardiomegaly_0,-5.585106,0.0037393172,0.9384959
real,00010992_012.png,10992,,cardiomegaly_0,-5.4495144,0.0042799944,0.93536586
real,00010994_003.png,10994,,cardiomegaly_0,9.782183,0.9999435,0.99736583
real,00010994_005.png,10994,,cardiomegaly_0,9.540586,0.9999281,0.9975646
real,00010994_007.png,10994,,cardiomegaly_0,9.319805,0.99991035,0.9976378
real,00010994_009.png,10994,,cardiomegaly_0,9.582314,0.9999311,0.99787885
real,00010994_010.png,10994,,cardiomegaly_0,9.414974,0.99991846,0.9966504
real,00010994_011.png,10994,,cardiomegaly_0,9.664696,0.99993646,0.99753004
real,00010994_012.png,10994,,cardiomegaly_0,9.47176,0.999923,0.996997
real,00010994_013.png,10994,,cardiomegaly_0,9.428625,0.99991965,0.99698436
real,00010994_000.png,10994,,cardiomegaly_0,9.634817,0.99993455,0.99706817
real,00011139_000.png,11139,,cardiomegaly_0,-3.4099026,0.031987414,0.6497725
real,00011237_001.png,11237,,cardiomegaly_0,2.1591873,0.89652413,0.66610223
real,00011279_002.png,11279,,cardiomegaly_0,-6.3004932,0.0018320365,0.9756819
real,00011380_005.png,11380,,cardiomegaly_0,-6.2859993,0.001858734,0.96203125
real,00011380_006.png,11380,,cardiomegaly_0,-6.118244,0.0021974798,0.95027983
real,00011380_009.png,11380,,cardiomegaly_0,-6.187166,0.0020514268,0.96872395
real,00011380_010.png,11380,,cardiomegaly_0,-6.269373,0.0018898372,0.9670361
real,00011380_011.png,11380,,cardiomegaly_0,-6.2075195,0.0020101785,0.96736115
real,00011380_012.png,11380,,cardiomegaly_0,-6.289364,0.001852502,0.96264684
real,00011380_014.png,11380,,cardiomegaly_0,-3.9815826,0.018314414,0.79341125
real,00011380_015.png,11380,,cardiomegaly_0,-6.1990166,0.002027309,0.9718082
real,00011380_016.png,11380,,cardiomegaly_0,-5.0107765,0.006621588,0.89462674
real,00011380_018.png,11380,,cardiomegaly_0,-5.1313953,0.005873608,0.9053325
real,00011380_019.png,11380,,cardiomegaly_0,-5.9859657,0.0025074815,0.9577953
real,00011380_020.png,11380,,cardiomegaly_0,-4.5357113,0.010605596,0.839978
real,00011380_021.png,11380,,cardiomegaly_0,-3.2367897,0.037804496,0.7175206
real,00011380_023.png,11380,,cardiomegaly_0,-5.9498177,0.0025995404,0.93603253
real,00011380_024.png,11380,,cardiomegaly_0,-6.1770267,0.0020722896,0.96728045
real,00011380_025.png,11380,,cardiomegaly_0,-6.3110943,0.0018127527,0.9726085
real,00011380_026.png,11380,,cardiomegaly_0,-5.6699085,0.0034363316,0.94970024
real,00011423_002.png,11423,,cardiomegaly_0,-6.166994,0.002093141,0.9755584
real,00011423_003.png,11423,,cardiomegaly_0,-6.108263,0.0022194742,0.95233047
real,00011423_006.png,11423,,cardiomegaly_0,-6.1919746,0.0020416062,0.97753906
real,00011423_008.png,11423,,cardiomegaly_0,-6.0476437,0.0023578517,0.96958995
real,00011423_000.png,11423,,cardiomegaly_0,-6.587572,0.0013754854,0.9849666
real,00011423_001.png,11423,,cardiomegaly_0,-5.938141,0.0026299923,0.9682498
real,00011654_004.png,11654,,cardiomegaly_0,-5.389448,0.004543751,0.95077085
real,00011748_000.png,11748,,cardiomegaly_0,-4.6602154,0.009375689,0.8756577
real,00011764_004.png,11764,,cardiomegaly_0,-6.3868504,0.0016807208,0.9653347
real,00011770_010.png,11770,,cardiomegaly_0,-5.9911213,0.0024946195,0.95029104
real,00011831_004.png,11831,,cardiomegaly_0,-5.284693,0.0050430284,0.9400952
real,00011831_007.png,11831,,cardiomegaly_0,-4.60837,0.009869673,0.89970887
real,00011831_008.png,11831,,cardiomegaly_0,-4.355694,0.01267092,0.8076129
real,00011831_009.png,11831,,cardiomegaly_0,-4.234415,0.01428137,0.81395113
real,00011831_010.png,11831,,cardiomegaly_0,-4.9019547,0.0073772133,0.9355977
real,00011831_016.png,11831,,cardiomegaly_0,-4.947151,0.007053512,0.92202395
real,00011831_017.png,11831,,cardiomegaly_0,-4.638239,0.009582018,0.8982221
real,00011831_020.png,11831,,cardiomegaly_0,-5.5896187,0.0037225434,0.9599899
real,00011831_021.png,11831,,cardiomegaly_0,-5.808239,0.0029937238,0.96988624
real,00011949_000.png,11949,,cardiomegaly_0,8.502058,0.99979705,0.9932572
real,00011950_013.png,11950,,cardiomegaly_0,-5.8430386,0.0028916316,0.9508094
real,00011950_015.png,11950,,cardiomegaly_0,-5.0279427,0.0065096244,0.8839335
real,00011950_016.png,11950,,cardiomegaly_0,-1.6712837,0.1582531,0.45801783
real,00011950_018.png,11950,,cardiomegaly_0,-5.666996,0.0034463203,0.9326409
real,00011987_008.png,11987,,cardiomegaly_0,-2.7230453,0.061627116,0.54318696
real,00012021_001.png,12021,,cardiomegaly_0,-4.592821,0.010022783,0.8760386
real,00012043_012.png,12043,,cardiomegaly_0,-6.0277786,0.002405045,0.97382855
real,00012043_013.png,12043,,cardiomegaly_0,-4.610197,0.009851833,0.8781203
real,00012043_015.png,12043,,cardiomegaly_0,-5.439127,0.004324491,0.96320367
real,00012043_016.png,12043,,cardiomegaly_0,-5.8625965,0.0028357855,0.9672728
real,00012092_003.png,12092,,cardiomegaly_0,-0.2116661,0.44728017,0.24262819
real,00012178_000.png,12178,,cardiomegaly_0,1.4130707,0.8042498,0.45650834
real,00012178_001.png,12178,,cardiomegaly_0,-0.9101467,0.2869698,0.28261843
real,00012263_000.png,12263,,cardiomegaly_0,-5.5723534,0.0037871266,0.9374773
real,00012263_002.png,12263,,cardiomegaly_0,-5.283901,0.005047001,0.94456315
real,00012263_005.png,12263,,cardiomegaly_0,-5.215599,0.00540184,0.94888955
real,00012263_006.png,12263,,cardiomegaly_0,-4.298107,0.013411941,0.8931842
real,00012263_007.png,12263,,cardiomegaly_0,-5.829563,0.0029307462,0.9681301
real,00012415_002.png,12415,,cardiomegaly_0,-5.373892,0.0046146596,0.9099788
real,00012415_004.png,12415,,cardiomegaly_0,-5.543091,0.0038991468,0.9170873
real,00012415_005.png,12415,,cardiomegaly_0,-5.402359,0.0044857264,0.9163803
real,00012415_006.png,12415,,cardiomegaly_0,-5.840969,0.0028976044,0.9362459
real,00012460_002.png,12460,,cardiomegaly_0,-6.2734375,0.001882186,0.9712908
real,00012460_003.png,12460,,cardiomegaly_0,-6.2893753,0.0018524808,0.9711993
real,00012523_000.png,12523,,cardiomegaly_0,3.7089157,0.976082,0.73134375
real,00012536_003.png,12536,,cardiomegaly_0,-4.568762,0.010264344,0.7882088
real,00012604_000.png,12604,,cardiomegaly_0,-5.79368,0.0030374944,0.96462786
real,00012604_004.png,12604,,cardiomegaly_0,-4.3442173,0.0128153,0.84825265
real,00012604_005.png,12604,,cardiomegaly_0,-4.253441,0.014015996,0.805192
real,00012626_015.png,12626,,cardiomegaly_0,-5.759672,0.0031422398,0.9441868
real,00012653_002.png,12653,,cardiomegaly_0,-5.9878864,0.0025026822,0.9640362
real,00012707_000.png,12707,,cardiomegaly_0,3.8798313,0.9797636,0.800398
real,00012722_000.png,12722,,cardiomegaly_0,-6.187111,0.00205154,0.9830793
real,00012722_001.png,12722,,cardiomegaly_0,-5.8142834,0.002975737,0.9791102
real,00012722_002.png,12722,,cardiomegaly_0,-5.568144,0.0038030413,0.9586971
real,00012722_005.png,12722,,cardiomegaly_0,-5.559351,0.0038365,0.9660523
real,00012799_001.png,12799,,cardiomegaly_0,-5.4921627,0.0041020303,0.92489874
real,00012827_001.png,12827,,cardiomegaly_0,-5.047003,0.00638751,0.8758333
real,00012827_002.png,12827,,cardiomegaly_0,-4.653734,0.009436076,0.8277403
real,00012939_002.png,12939,,cardiomegaly_0,-2.8833694,0.052981824,0.589325
real,00012949_002.png,12949,,cardiomegaly_0,-5.8736897,0.0028045892,0.9156544
real,00012973_017.png,12973,,cardiomegaly_0,-5.1703644,0.005650389,0.9085548
real,00012973_015.png,12973,,cardiomegaly_0,-5.580715,0.00375571,0.9329355
real,00012973_016.png,12973,,cardiomegaly_0,-5.658085,0.0034770607,0.9463764
real,00012973_019.png,12973,,cardiomegaly_0,-4.7316017,0.008735366,0.8370745
real,00012973_020.png,12973,,cardiomegaly_0,-6.1699543,0.002086967,0.9476739
real,00012973_021.png,12973,,cardiomegaly_0,-5.967432,0.002554268,0.9657173
real,00012975_000.png,12975,,cardiomegaly_0,-2.3879623,0.08409525,0.53001785
real,00013205_001.png,13205,,cardiomegaly_0,-5.85651,0.0028530485,0.93955266
real,00013205_003.png,13205,,cardiomegaly_0,-5.642109,0.0035328583,0.926004
real,00013205_004.png,13205,,cardiomegaly_0,-5.9401646,0.0026246894,0.9374879
real,00013205_006.png,13205,,cardiomegaly_0,-6.374876,0.001700933,0.9602363
real,00013237_000.png,13237,,cardiomegaly_0,-5.7897797,0.0030493292,0.94020647
real,00013285_000.png,13285,,cardiomegaly_0,-5.401888,0.0044878307,0.92014456
real,00013285_002.png,13285,,cardiomegaly_0,-5.621254,0.0036070407,0.9481629
real,00013285_003.png,13285,,cardiomegaly_0,-3.9072285,0.019700224,0.7451893
real,00013370_005.png,13370,,cardiomegaly_0,5.0099525,0.99337304,0.92882735
real,00013408_007.png,13408,,cardiomegaly_0,-6.5270615,0.0014611614,0.9785214
real,00013408_008.png,13408,,cardiomegaly_0,-5.843113,0.002891417,0.93600553
real,00013408_016.png,13408,,cardiomegaly_0,-5.446087,0.0042946264,0.9129798
real,00013408_017.png,13408,,cardiomegaly_0,-6.150545,0.002127782,0.9583647
real,00013408_018.png,13408,,cardiomegaly_0,-6.39612,0.001665239,0.97040135
real,00013458_002.png,13458,,cardiomegaly_0,-6.575054,0.0013927879,0.97946674
real,00013499_000.png,13499,,cardiomegaly_0,-4.8519287,0.0077527193,0.9213093
real,00013519_001.png,13519,,cardiomegaly_0,-5.5408173,0.003907987,0.9028803
real,00013522_000.png,13522,,cardiomegaly_0,-5.62018,0.0036109025,0.92328143
real,00013534_006.png,13534,,cardiomegaly_0,-2.9792004,0.048374422,0.53791493
real,00013534_008.png,13534,,cardiomegaly_0,-5.0641346,0.0062796935,0.8304782
real,00013534_010.png,13534,,cardiomegaly_0,-4.8879185,0.007480712,0.7742921
real,00013591_003.png,13591,,cardiomegaly_0,-1.7259159,0.15111072,0.40817875
real,00013591_005.png,13591,,cardiomegaly_0,-6.040148,0.0023755503,0.9750628
real,00013608_006.png,13608,,cardiomegaly_0,-4.748102,0.008593639,0.87306356
real,00013608_007.png,13608,,cardiomegaly_0,-2.355608,0.08662105,0.4956907
real,00013608_008.png,13608,,cardiomegaly_0,-5.064741,0.00627591,0.89899933
real,00013608_011.png,13608,,cardiomegaly_0,-4.952755,0.007014373,0.91627634
real,00013608_012.png,13608,,cardiomegaly_0,-4.5970745,0.009980668,0.9096119
real,00013608_013.png,13608,,cardiomegaly_0,-5.0068836,0.0066472436,0.91586816
real,00013608_017.png,13608,,cardiomegaly_0,-4.8218803,0.007987322,0.9099368
real,00013608_021.png,13608,,cardiomegaly_0,-3.3631973,0.033465646,0.63619393
real,00013625_004.png,13625,,cardiomegaly_0,-5.96447,0.0025618258,0.9615802
real,00013625_061.png,13625,,cardiomegaly_0,-1.8574066,0.13500562,0.4775321
real,00013678_000.png,13678,,cardiomegaly_0,-5.8559837,0.002854546,0.95828855
real,00013678_001.png,13678,,cardiomegaly_0,-0.7909355,0.31196782,0.3921836
real,00013709_000.png,13709,,cardiomegaly_0,-6.659256,0.0012804583,0.9815739
real,00013743_001.png,13743,,cardiomegaly_0,-5.8929863,0.0027511364,0.92353666
real,00013830_000.png,13830,,cardiomegaly_0,-1.9955368,0.11967231,0.32883793
real,00013862_004.png,13862,,cardiomegaly_0,-6.254835,0.001917459,0.9726085
real,00013911_002.png,13911,,cardiomegaly_0,-5.761677,0.0031359668,0.9269669
real,00013911_004.png,13911,,cardiomegaly_0,-5.903021,0.002723743,0.95582026
real,00013911_007.png,13911,,cardiomegaly_0,-5.4132786,0.004437227,0.9333077
real,00013911_012.png,13911,,cardiomegaly_0,-6.082058,0.0022782702,0.9662377
real,00013911_020.png,13911,,cardiomegaly_0,-4.464094,0.011384034,0.77992254
real,00013911_000.png,13911,,cardiomegaly_0,8.262367,0.999742,0.9952398
real,00013964_001.png,13964,,cardiomegaly_0,-5.1390667,0.0058289827,0.92787457
real,00014183_000.png,14183,,cardiomegaly_0,-6.336447,0.0017674529,0.9697856
real,00014196_002.png,14196,,cardiomegaly_0,-5.603142,0.0036727253,0.9334716
real,00014196_003.png,14196,,cardiomegaly_0,-6.04121,0.0023730337,0.95481336
real,00014289_000.png,14289,,cardiomegaly_0,-3.9177284,0.019498466,0.76812357
real,00014307_004.png,14307,,cardiomegaly_0,-5.86936,0.0028167244,0.94076663
real,00014307_008.png,14307,,cardiomegaly_0,-6.349386,0.0017447701,0.9781999
real,00014307_011.png,14307,,cardiomegaly_0,-5.984644,0.0025107898,0.9611605
real,00014320_011.png,14320,,cardiomegaly_0,7.7586136,0.9995732,0.99230915
real,00014320_012.png,14320,,cardiomegaly_0,6.8926697,0.9989858,0.9781818
real,00014320_033.png,14320,,cardiomegaly_0,-3.5885696,0.02689453,0.6214914
real,00014320_039.png,14320,,cardiomegaly_0,-5.6421814,0.0035326032,0.91834843
real,00014387_000.png,14387,,cardiomegaly_0,-6.05781,0.0023340588,0.97474307
real,00014387_008.png,14387,,cardiomegaly_0,-4.2394943,0.014210043,0.7993586
real,00014387_010.png,14387,,cardiomegaly_0,-5.088112,0.0061318264,0.89037156
real,00014475_001.png,14475,,cardiomegaly_0,-6.517538,0.0014751225,0.9691063
real,00014538_000.png,14538,,cardiomegaly_0,-5.660589,0.003468394,0.944136
real,00014574_000.png,14574,,cardiomegaly_0,6.9949284,0.99908435,0.97564816
real,00014648_000.png,14648,,cardiomegaly_0,-6.618437,0.0013337357,0.9786348
real,00014695_004.png,14695,,cardiomegaly_0,9.810183,0.99994516,0.9974372
real,00014719_006.png,14719,,cardiomegaly_0,-5.9532776,0.0025905848,0.95566297
real,00014719_007.png,14719,,cardiomegaly_0,-6.1635017,0.0021004484,0.9621075
real,00014773_003.png,14773,,cardiomegaly_0,-5.6127987,0.0036375574,0.94433063
real,00014773_004.png,14773,,cardiomegaly_0,-5.125578,0.005907674,0.90654284
real,00014773_006.png,14773,,cardiomegaly_0,-5.0411015,0.006425073,0.890999
real,00014773_005.png,14773,,cardiomegaly_0,-5.376322,0.0046035117,0.892611
real,00014773_007.png,14773,,cardiomegaly_0,-6.7122517,0.0012144465,0.9856007
real,00014943_000.png,14943,,cardiomegaly_0,-5.2866898,0.005033018,0.91928315
real,00015064_000.png,15064,,cardiomegaly_0,6.1920624,0.99795854,0.9805012
real,00015080_002.png,15080,,cardiomegaly_0,-4.9504814,0.0070302263,0.8569565
real,00015114_001.png,15114,,cardiomegaly_0,-6.643177,0.001301186,0.98288786
real,00015114_003.png,15114,,cardiomegaly_0,-5.996977,0.002480091,0.96206737
real,00015212_001.png,15212,,cardiomegaly_0,-6.104931,0.0022268654,0.9745942
real,00015212_003.png,15212,,cardiomegaly_0,-5.675619,0.003416831,0.9428232
real,00015212_008.png,15212,,cardiomegaly_0,-4.2333183,0.014296817,0.80221283
real,00015228_002.png,15228,,cardiomegaly_0,-6.2046986,0.0020158459,0.9687609
real,00015242_000.png,15242,,cardiomegaly_0,-1.2771397,0.21803752,0.45122752
real,00015244_002.png,15244,,cardiomegaly_0,-6.6856194,0.0012471838,0.9757844
real,00015244_000.png,15244,,cardiomegaly_0,-6.6503296,0.0012919245,0.9768681
real,00015254_001.png,15254,,cardiomegaly_0,-6.248396,0.0019298218,0.96863496
real,00015254_002.png,15254,,cardiomegaly_0,-5.1048965,0.0060303803,0.91658324
real,00015282_000.png,15282,,cardiomegaly_0,9.685947,0.9999379,0.9963378
real,00015313_000.png,15313,,cardiomegaly_0,8.6873,0.9998313,0.99398607
real,00015313_003.png,15313,,cardiomegaly_0,0.15919876,0.5397158,0.33580187
real,00015313_005.png,15313,,cardiomegaly_0,2.2989178,0.90878737,0.5072063
real,00015313_006.png,15313,,cardiomegaly_0,2.9333553,0.94947094,0.6527897
real,00015313_007.png,15313,,cardiomegaly_0,-5.27454,0.0050942274,0.8775831
real,00015313_008.png,15313,,cardiomegaly_0,-6.274225,0.0018807066,0.96498805
real,00015318_007.png,15318,,cardiomegaly_0,-3.9252357,0.019355455,0.6684017
real,00015318_008.png,15318,,cardiomegaly_0,4.6124973,0.99017054,0.9102969
real,00015376_002.png,15376,,cardiomegaly_0,-2.3320293,0.08850481,0.44691887
real,00015376_037.png,15376,,cardiomegaly_0,6.0726585,0.9977003,0.9827627
real,00015388_004.png,15388,,cardiomegaly_0,-5.729002,0.003239789,0.9312708
real,00015423_001.png,15423,,cardiomegaly_0,-2.0389957,0.115169026,0.41336533
real,00015423_002.png,15423,,cardiomegaly_0,-0.59052277,0.35651493,0.40228495
real,00015423_003.png,15423,,cardiomegaly_0,2.222849,0.9022827,0.6596302
real,00015423_004.png,15423,,cardiomegaly_0,1.0557404,0.7418757,0.37603834
real,00015423_005.png,15423,,cardiomegaly_0,-0.74114037,0.32275483,0.36365062
real,00015423_006.png,15423,,cardiomegaly_0,-0.2188816,0.44549707,0.30245435
real,00015448_003.png,15448,,cardiomegaly_0,-6.205311,0.0020146144,0.9700997
real,00015492_002.png,15492,,cardiomegaly_0,-5.780792,0.0030767734,0.9337534
real,00015497_000.png,15497,,cardiomegaly_0,0.090221405,0.52254003,0.28489757
real,00015497_001.png,15497,,cardiomegaly_0,9.54303,0.99992836,0.9955297
real,00015562_004.png,15562,,cardiomegaly_0,-6.432665,0.0016055775,0.981302
real,00015654_000.png,15654,,cardiomegaly_0,-6.185892,0.0020540368,0.96965915
real,00015654_001.png,15654,,cardiomegaly_0,-4.6031857,0.009920464,0.8866479
real,00015654_002.png,15654,,cardiomegaly_0,-3.276373,0.036390692,0.69393885
real,00015654_003.png,15654,,cardiomegaly_0,-5.6384354,0.0035458142,0.9501988
real,00015654_004.png,15654,,cardiomegaly_0,-4.637499,0.009589043,0.874471
real,00015654_005.png,15654,,cardiomegaly_0,-3.5929985,0.026778864,0.7868927
real,00015654_006.png,15654,,cardiomegaly_0,-3.6068363,0.026420573,0.73681533
real,00015716_000.png,15716,,cardiomegaly_0,-1.1181335,0.24635765,0.3842247
real,00015985_000.png,15985,,cardiomegaly_0,-5.0853996,0.0061483774,0.91207117
real,00016041_000.png,16041,,cardiomegaly_0,-5.6384983,0.0035455916,0.9554785
real,00016184_016.png,16184,,cardiomegaly_0,-4.7701073,0.008408174,0.8423207
real,00016191_001.png,16191,,cardiomegaly_0,-5.963335,0.0025647276,0.9615867
real,00016191_015.png,16191,,cardiomegaly_0,-5.932575,0.002644632,0.9500839
real,00016191_016.png,16191,,cardiomegaly_0,-6.1556053,0.0021170648,0.9588572
real,00016191_021.png,16191,,cardiomegaly_0,-5.09737,0.0060756616,0.90242636
real,00016191_026.png,16191,,cardiomegaly_0,-5.1838627,0.005575054,0.8938641
real,00016191_027.png,16191,,cardiomegaly_0,-5.226776,0.005342121,0.91051084
real,00016202_000.png,16202,,cardiomegaly_0,-4.9310436,0.0071672257,0.92713076
real,00016205_005.png,16205,,cardiomegaly_0,-5.77907,0.003082061,0.92640376
real,00016205_007.png,16205,,cardiomegaly_0,-5.469198,0.0041969214,0.9090396
real,00016205_008.png,16205,,cardiomegaly_0,-6.18404,0.0020578366,0.95878506
real,00016205_009.png,16205,,cardiomegaly_0,-6.2034397,0.00201838,0.9579262
real,00016238_007.png,16238,,cardiomegaly_0,-3.688923,0.02438921,0.7574495
real,00016238_008.png,16238,,cardiomegaly_0,-5.960409,0.0025722233,0.9609295
real,00016353_000.png,16353,,cardiomegaly_0,-6.166546,0.0020940774,0.96926343
real,00016417_000.png,16417,,cardiomegaly_0,-3.8414345,0.021011818,0.7078148
real,00016417_001.png,16417,,cardiomegaly_0,-3.7918415,0.022056565,0.80692893
real,00016417_002.png,16417,,cardiomegaly_0,-4.0517006,0.017095435,0.6832606
real,00016417_004.png,16417,,cardiomegaly_0,-3.399479,0.032311752,0.6181365
real,00016417_006.png,16417,,cardiomegaly_0,-4.305685,0.013312038,0.7461063
real,00016417_007.png,16417,,cardiomegaly_0,-4.2493477,0.014072674,0.7692913
real,00016417_008.png,16417,,cardiomegaly_0,-2.5679836,0.07122758,0.5637042
real,00016417_009.png,16417,,cardiomegaly_0,-4.9972057,0.0067114527,0.8200345
real,00016484_002.png,16484,,cardiomegaly_0,9.494629,0.9999248,0.99637324
real,00016484_018.png,16484,,cardiomegaly_0,9.122154,0.9998908,0.9958093
real,00016484_030.png,16484,,cardiomegaly_0,8.2465,0.9997379,0.9870065
real,00016548_000.png,16548,,cardiomegaly_0,-5.8295193,0.0029308745,0.9694877
real,00016568_005.png,16568,,cardiomegaly_0,-5.4000206,0.004496181,0.942912
real,00016568_015.png,16568,,cardiomegaly_0,-5.366066,0.004650746,0.910595
real,00016568_016.png,16568,,cardiomegaly_0,-4.8079815,0.0080982065,0.84837294
real,00016568_017.png,16568,,cardiomegaly_0,-4.4839725,0.011162473,0.80541354
real,00016568_018.png,16568,,cardiomegaly_0,-5.3799553,0.0045868913,0.93446285
real,00016568_019.png,16568,,cardiomegaly_0,-5.0072937,0.0066445363,0.90376025
real,00016568_020.png,16568,,cardiomegaly_0,-5.268511,0.0051248767,0.92922014
real,00016568_021.png,16568,,cardiomegaly_0,-5.1714497,0.005644295,0.9372364
real,00016568_022.png,16568,,cardiomegaly_0,-5.7084656,0.0033067882,0.9516094
real,00016568_023.png,16568,,cardiomegaly_0,-5.1490135,0.0057716235,0.9348706
real,00016568_024.png,16568,,cardiomegaly_0,-5.449173,0.0042814496,0.958795
real,00016568_025.png,16568,,cardiomegaly_0,-5.3732796,0.0046174726,0.9352339
real,00016568_028.png,16568,,cardiomegaly_0,-5.513645,0.0040151984,0.9579952
real,00016568_029.png,16568,,cardiomegaly_0,-5.505375,0.004048408,0.96024424
real,00016568_032.png,16568,,cardiomegaly_0,-5.729885,0.0032369387,0.9647187
real,00016568_036.png,16568,,cardiomegaly_0,-5.0565395,0.006327267,0.90681905
real,00016568_037.png,16568,,cardiomegaly_0,-5.251045,0.0052147005,0.93756837
real,00016568_038.png,16568,,cardiomegaly_0,-5.910778,0.0027027526,0.9575123
real,00016568_039.png,16568,,cardiomegaly_0,-5.8553963,0.002856219,0.967627
real,00016568_040.png,16568,,cardiomegaly_0,-5.4046917,0.0044753216,0.9416678
real,00016568_041.png,16568,,cardiomegaly_0,-5.404047,0.0044781948,0.94303244
real,00016568_042.png,16568,,cardiomegaly_0,-5.4336967,0.0043479353,0.9411354
real,00016568_043.png,16568,,cardiomegaly_0,-5.7717,0.0031047887,0.9548363
real,00016568_044.png,16568,,cardiomegaly_0,-5.366169,0.004650269,0.92918247
real,00016568_047.png,16568,,cardiomegaly_0,-5.270279,0.0051158695,0.90893936
real,00016568_051.png,16568,,cardiomegaly_0,-5.32609,0.004839513,0.89438957
real,00016677_004.png,16677,,cardiomegaly_0,5.720646,0.9967332,0.961708
real,00016677_000.png,16677,,cardiomegaly_0,3.5327282,0.97160476,0.82696116
real,00016724_000.png,16724,,cardiomegaly_0,-4.6669292,0.009313536,0.8747816
real,00016724_001.png,16724,,cardiomegaly_0,-5.8887653,0.0027627412,0.9683342
real,00016724_003.png,16724,,cardiomegaly_0,-6.1847744,0.002056329,0.9778446
real,00016757_003.png,16757,,cardiomegaly_0,-5.154112,0.005742442,0.87111145
real,00016801_000.png,16801,,cardiomegaly_0,-4.2591248,0.013937663,0.7998072
real,00016801_006.png,16801,,cardiomegaly_0,-3.444683,0.030927818,0.715886
real,00016801_008.png,16801,,cardiomegaly_0,-5.0616245,0.0062953765,0.86604697
real,00016862_000.png,16862,,cardiomegaly_0,-5.8004017,0.0030172076,0.95082504
real,00016975_010.png,16975,,cardiomegaly_0,-5.5704384,0.003794358,0.95075727
real,00016975_013.png,16975,,cardiomegaly_0,-5.315588,0.004890355,0.9497379
real,00016975_017.png,16975,,cardiomegaly_0,-4.5213413,0.010757446,0.8764151
real,00016975_018.png,16975,,cardiomegaly_0,-4.8958817,0.0074218186,0.85292584
real,00016990_000.png,16990,,cardiomegaly_0,9.542555,0.99992824,0.99640393
real,00017258_002.png,17258,,cardiomegaly_0,-5.558584,0.0038394313,0.967015
real,00017258_003.png,17258,,cardiomegaly_0,-5.9693108,0.0025494862,0.9820485
real,00017258_004.png,17258,,cardiomegaly_0,-5.3986588,0.0045022806,0.9613704
real,00017258_005.png,17258,,cardiomegaly_0,-6.032406,0.0023939686,0.9798403
real,00017258_006.png,17258,,cardiomegaly_0,-5.4079514,0.0044608223,0.9476461
real,00017258_007.png,17258,,cardiomegaly_0,-5.2307606,0.005320991,0.9573235
real,00017258_008.png,17258,,cardiomegaly_0,-4.9373894,0.007122211,0.9528518
real,00017258_009.png,17258,,cardiomegaly_0,-4.946804,0.007055944,0.9578749
real,00017258_010.png,17258,,cardiomegaly_0,-4.895056,0.007427905,0.95919776
real,00017258_011.png,17258,,cardiomegaly_0,-3.4985523,0.029353453,0.80521774
real,00017258_016.png,17258,,cardiomegaly_0,-5.100933,0.0060541844,0.8841483
real,00017258_017.png,17258,,cardiomegaly_0,-5.4600277,0.004235423,0.93860924
real,00017258_019.png,17258,,cardiomegaly_0,-5.838808,0.002903855,0.9660224
real,00017263_000.png,17263,,cardiomegaly_0,-1.9946995,0.11976057,0.43811896
real,00017395_001.png,17395,,cardiomegaly_0,-5.1906986,0.005537283,0.89769816
real,00017395_002.png,17395,,cardiomegaly_0,-5.7808723,0.003076528,0.9574003
real,00017395_003.png,17395,,cardiomegaly_0,-6.0266056,0.0024078612,0.9723095
real,00017443_012.png,17443,,cardiomegaly_0,-6.022684,0.0024172994,0.94871396
real,00017443_013.png,17443,,cardiomegaly_0,-6.0999393,0.0022379837,0.9554341
real,00017529_000.png,17529,,cardiomegaly_0,9.514135,0.9999262,0.99684215
real,00017607_000.png,17607,,cardiomegaly_0,-6.3244495,0.001788747,0.9541477
real,00017618_004.png,17618,,cardiomegaly_0,-4.753668,0.0085463505,0.8538673
real,00017618_005.png,17618,,cardiomegaly_0,-3.9688854,0.0185441,0.72261363
real,00017618_006.png,17618,,cardiomegaly_0,-3.6126137,0.026272373,0.6662176
real,00017618_008.png,17618,,cardiomegaly_0,-1.7608643,0.14668213,0.32890445
real,00017618_009.png,17618,,cardiomegaly_0,-4.1646023,0.01529822,0.80903465
real,00017618_010.png,17618,,cardiomegaly_0,-3.0969715,0.04323235,0.5685899
real,00017618_011.png,17618,,cardiomegaly_0,-1.3559494,0.20489942,0.35151595
real,00017618_014.png,17618,,cardiomegaly_0,6.4229927,0.9983789,0.9837047
real,00017618_015.png,17618,,cardiomegaly_0,-1.2893848,0.21595696,0.30653113
real,00017618_019.png,17618,,cardiomegaly_0,-4.5570965,0.010383531,0.7699208
real,00017618_020.png,17618,,cardiomegaly_0,-0.5472412,0.3665047,0.24641111
real,00017618_021.png,17618,,cardiomegaly_0,4.815016,0.99195814,0.89931554
real,00017618_022.png,17618,,cardiomegaly_0,7.0988426,0.99917465,0.9911677
real,00017618_023.png,17618,,cardiomegaly_0,6.303314,0.9981731,0.9809814
real,00017618_032.png,17618,,cardiomegaly_0,5.4412594,0.99568474,0.9609902
real,00017691_014.png,17691,,cardiomegaly_0,-5.756233,0.0031530303,0.94509107
real,00017702_001.png,17702,,cardiomegaly_0,-5.9177456,0.0026840372,0.9768462
real,00017747_053.png,17747,,cardiomegaly_0,-5.326803,0.0048360787,0.9485821
real,00017747_054.png,17747,,cardiomegaly_0,-4.5541706,0.01041364,0.9050256
real,00017747_055.png,17747,,cardiomegaly_0,-4.882883,0.0075181914,0.9060635
real,00017747_056.png,17747,,cardiomegaly_0,-5.162615,0.005694097,0.9357222
real,00017747_057.png,17747,,cardiomegaly_0,-5.0670795,0.0062613427,0.9350793
real,00017747_004.png,17747,,cardiomegaly_0,-3.9330807,0.019207112,0.7841451
real,00017747_005.png,17747,,cardiomegaly_0,-4.5244007,0.0107249385,0.88784176
real,00017747_008.png,17747,,cardiomegaly_0,-4.7286587,0.008760886,0.92645985
real,00017747_010.png,17747,,cardiomegaly_0,-5.098261,0.0060702856,0.94464564
real,00017747_011.png,17747,,cardiomegaly_0,-5.1502857,0.0057643275,0.95665395
real,00017747_012.png,17747,,cardiomegaly_0,-5.179598,0.005598748,0.956194
real,00017763_003.png,17763,,cardiomegaly_0,-6.2028923,0.0020194827,0.96161103
real,00017763_004.png,17763,,cardiomegaly_0,-6.00988,0.0024483732,0.940272
real,00017786_005.png,17786,,cardiomegaly_0,-4.6857452,0.009141518,0.73706037
real,00017786_010.png,17786,,cardiomegaly_0,-5.7793217,0.0030812875,0.9306306
real,00017786_012.png,17786,,cardiomegaly_0,-5.6725216,0.003427395,0.9208115
real,00017786_000.png,17786,,cardiomegaly_0,-0.2483406,0.43823195,0.24961154
real,00017822_000.png,17822,,cardiomegaly_0,0.8434372,0.69918865,0.2649172
real,00017835_032.png,17835,,cardiomegaly_0,-5.5660458,0.0038109983,0.9411726
real,00017846_000.png,17846,,cardiomegaly_0,-5.657963,0.0034774835,0.93383265
real,00017930_004.png,17930,,cardiomegaly_0,-5.250082,0.0052196993,0.94018763
real,00017930_005.png,17930,,cardiomegaly_0,-5.639719,0.0035412817,0.9654686
real,00017939_000.png,17939,,cardiomegaly_0,9.365347,0.9999144,0.99643344
real,00017945_000.png,17945,,cardiomegaly_0,1.0616589,0.7430074,0.54724216
real,00017953_000.png,17953,,cardiomegaly_0,8.940126,0.999869,0.9959038
real,00017963_005.png,17963,,cardiomegaly_0,-2.5707493,0.07104484,0.48976097
real,00017963_006.png,17963,,cardiomegaly_0,-6.2737045,0.0018816845,0.9752533
real,00018011_003.png,18011,,cardiomegaly_0,-3.5728378,0.027309326,0.6529252
real,00018011_005.png,18011,,cardiomegaly_0,-5.9854355,0.0025088082,0.96252066
real,00018011_006.png,18011,,cardiomegaly_0,-6.1138363,0.002207166,0.9635052
real,00018011_008.png,18011,,cardiomegaly_0,-4.8280525,0.007938566,0.8244605
real,00018065_005.png,18065,,cardiomegaly_0,-6.203867,0.0020175194,0.9645573
real,00018065_006.png,18065,,cardiomegaly_0,-6.2692432,0.0018900818,0.97081375
real,00018065_007.png,18065,,cardiomegaly_0,-6.554863,0.0014211554,0.9696514
real,00018090_000.png,18090,,cardiomegaly_0,-3.524063,0.028635262,0.7626148
real,00018102_001.png,18102,,cardiomegaly_0,-3.6643982,0.024979617,0.7336843
real,00018102_002.png,18102,,cardiomegaly_0,-4.0763893,0.016685495,0.8665451
real,00018102_004.png,18102,,cardiomegaly_0,-4.2836914,0.013604036,0.8646291
real,00018148_001.png,18148,,cardiomegaly_0,-4.8696003,0.0076179537,0.904157
real,00018284_003.png,18284,,cardiomegaly_0,-3.0575428,0.044892944,0.6654556
real,00018284_004.png,18284,,cardiomegaly_0,-3.7620773,0.022707796,0.75151885
real,00018374_000.png,18374,,cardiomegaly_0,-5.873974,0.0028037946,0.9372758
real,00018463_000.png,18463,,cardiomegaly_0,-0.87278175,0.2946758,0.31964934
real,00018488_005.png,18488,,cardiomegaly_0,-5.4941483,0.0040939273,0.9476795
real,00018521_005.png,18521,,cardiomegaly_0,-5.316946,0.004883751,0.89697003
real,00018521_007.png,18521,,cardiomegaly_0,-5.7728825,0.003101131,0.96244144
real,00018521_008.png,18521,,cardiomegaly_0,-5.5362835,0.0039256755,0.93091846
real,00018521_009.png,18521,,cardiomegaly_0,-5.5120773,0.004021473,0.9365675
real,00018521_010.png,18521,,cardiomegaly_0,-5.5794144,0.0037605802,0.93289334
real,00018521_011.png,18521,,cardiomegaly_0,-5.125456,0.0059083905,0.94237006
real,00018521_014.png,18521,,cardiomegaly_0,-6.056509,0.0023370897,0.9751963
real,00018521_015.png,18521,,cardiomegaly_0,-5.647457,0.0035140805,0.97270805
real,00018524_002.png,18524,,cardiomegaly_0,-3.344801,0.034065828,0.5079756
real,00018524_003.png,18524,,cardiomegaly_0,-3.9834538,0.018280804,0.69808424
real,00018524_005.png,18524,,cardiomegaly_0,-4.3840504,0.012321027,0.70786613
real,00018531_000.png,18531,,cardiomegaly_0,-6.4960117,0.0015071724,0.9647434
real,00018592_002.png,18592,,cardiomegaly_0,-6.0464535,0.0023606531,0.9550889
real,00018592_007.png,18592,,cardiomegaly_0,-6.871973,0.0010353571,0.98260117
real,00018626_010.png,18626,,cardiomegaly_0,-3.2950382,0.035741802,0.59996927
real,00018626_012.png,18626,,cardiomegaly_0,-5.566292,0.0038100642,0.93945694
real,00018626_013.png,18626,,cardiomegaly_0,-5.062256,0.0062914286,0.8891929
real,00018626_014.png,18626,,cardiomegaly_0,-5.2951107,0.004991024,0.9227437
real,00018626_017.png,18626,,cardiomegaly_0,-5.938282,0.0026296221,0.96764386
real,00018672_000.png,18672,,cardiomegaly_0,5.431694,0.9956434,0.95399916
real,00018678_000.png,18678,,cardiomegaly_0,-5.4929295,0.0040988997,0.9501993
real,00018964_004.png,18964,,cardiomegaly_0,-5.8884144,0.0027637081,0.94050574
real,00018964_005.png,18964,,cardiomegaly_0,-5.8505116,0.0028701648,0.9509533
real,00018964_006.png,18964,,cardiomegaly_0,-5.888771,0.0027627256,0.95181376
real,00019125_000.png,19125,,cardiomegaly_0,-3.7103176,0.023885284,0.7813164
real,00019154_000.png,19154,,cardiomegaly_0,-5.526556,0.003963896,0.95623374
real,00019154_001.png,19154,,cardiomegaly_0,-2.9301357,0.050683796,0.60847634
real,00019201_002.png,19201,,cardiomegaly_0,-5.876976,0.0027954134,0.9394388
real,00019231_001.png,19231,,cardiomegaly_0,-2.4906673,0.07651503,0.36093184
real,00019395_006.png,19395,,cardiomegaly_0,-1.0490475,0.25940806,0.4337479
real,00019395_012.png,19395,,cardiomegaly_0,-3.9051342,0.019740708,0.77600944
real,00019395_014.png,19395,,cardiomegaly_0,-5.905159,0.0027179408,0.94064677
real,00019395_015.png,19395,,cardiomegaly_0,-5.695402,0.0033501242,0.92169
real,00019395_016.png,19395,,cardiomegaly_0,-4.8301373,0.007922163,0.8511417
real,00019395_017.png,19395,,cardiomegaly_0,-4.7906055,0.008238981,0.86656344
real,00019395_018.png,19395,,cardiomegaly_0,-0.34249306,0.41520405,0.35500008
real,00019395_020.png,19395,,cardiomegaly_0,3.0796204,0.9560442,0.760969
real,00019395_021.png,19395,,cardiomegaly_0,-4.0358906,0.017363131,0.7472786
real,00019395_022.png,19395,,cardiomegaly_0,-4.8510494,0.0077594863,0.8907574
real,00019395_023.png,19395,,cardiomegaly_0,0.9389076,0.718879,0.56106377
real,00019395_026.png,19395,,cardiomegaly_0,4.8653946,0.99235016,0.89663607
real,00019406_007.png,19406,,cardiomegaly_0,-6.2616367,0.0019044862,0.96604574
real,00019409_000.png,19409,,cardiomegaly_0,-6.31534,0.0018050864,0.9692702
real,00019437_000.png,19437,,cardiomegaly_0,-0.5520592,0.36538678,0.32094628
real,00019486_001.png,19486,,cardiomegaly_0,8.493,0.99979514,0.98685986
real,00019486_000.png,19486,,cardiomegaly_0,1.4913826,0.81628567,0.5482009
real,00019592_006.png,19592,,cardiomegaly_0,-5.095335,0.006087964,0.86496013
real,00019592_007.png,19592,,cardiomegaly_0,-5.008808,0.0066345483,0.8414256
real,00019592_008.png,19592,,cardiomegaly_0,-3.1152973,0.042480644,0.6374573
real,00019637_004.png,19637,,cardiomegaly_0,-6.119089,0.002195628,0.95652163
real,00019637_008.png,19637,,cardiomegaly_0,6.0339966,0.99760985,0.974527
real,00019637_003.png,19637,,cardiomegaly_0,-5.9024906,0.0027251835,0.95121896
real,00019761_000.png,19761,,cardiomegaly_0,-4.7965775,0.008190326,0.8556027
real,00019863_006.png,19863,,cardiomegaly_0,-6.3480606,0.0017470805,0.9457877
real,00019863_008.png,19863,,cardiomegaly_0,-5.022608,0.006544217,0.8677323
real,00019917_000.png,19917,,cardiomegaly_0,-5.7097893,0.0033024284,0.9640998
real,00019919_016.png,19919,,cardiomegaly_0,-6.0569534,0.0023360536,0.95680827
real,00019919_017.png,19919,,cardiomegaly_0,-4.5175037,0.010798361,0.83835906
real,00019919_018.png,19919,,cardiomegaly_0,-5.840233,0.0028997324,0.9379709
real,00019919_020.png,19919,,cardiomegaly_0,-5.0919113,0.0061087157,0.8743662
real,00019919_021.png,19919,,cardiomegaly_0,-4.52536,0.010714764,0.8285479
real,00019919_003.png,19919,,cardiomegaly_0,-6.372072,0.0017057006,0.98051107
real,00019927_005.png,19927,,cardiomegaly_0,-6.090725,0.0022586542,0.97092664
real,00019927_007.png,19927,,cardiomegaly_0,-6.0336266,0.0023910552,0.9736646
real,00019927_008.png,19927,,cardiomegaly_0,-5.7797527,0.0030799638,0.96300703
real,00019927_009.png,19927,,cardiomegaly_0,-6.3156013,0.0018046157,0.97948784
real,00019927_010.png,19927,,cardiomegaly_0,-6.3665867,0.001715067,0.9813108
real,00019964_000.png,19964,,cardiomegaly_0,-6.215561,0.0019941109,0.94996035
real,00020234_000.png,20234,,cardiomegaly_0,-6.203354,0.0020185527,0.96238816
real,00020286_004.png,20286,,cardiomegaly_0,-3.7793064,0.022328574,0.7501601
real,00020286_003.png,20286,,cardiomegaly_0,-3.0256824,0.04627902,0.699238
real,00020286_002.png,20286,,cardiomegaly_0,-2.5150661,0.07480871,0.640688
real,00020286_008.png,20286,,cardiomegaly_0,-4.131111,0.015811015,0.74903595
real,00020286_009.png,20286,,cardiomegaly_0,-3.5097256,0.029036772,0.62935674
real,00020286_012.png,20286,,cardiomegaly_0,-3.024208,0.04634414,0.56674045
real,00020286_011.png,20286,,cardiomegaly_0,-3.8328228,0.021189695,0.7687115
real,00020286_014.png,20286,,cardiomegaly_0,-4.260336,0.013921029,0.8037799
real,00020286_015.png,20286,,cardiomegaly_0,-3.6416492,0.02553971,0.67488307
real,00020286_028.png,20286,,cardiomegaly_0,-2.1740952,0.102101,0.580155
real,00020286_023.png,20286,,cardiomegaly_0,-3.7573318,0.02281335,0.67082006
real,00020286_026.png,20286,,cardiomegaly_0,-4.154379,0.015452994,0.7038532
real,00020312_018.png,20312,,cardiomegaly_0,-5.9362183,0.0026350403,0.94271874
real,00020318_035.png,20318,,cardiomegaly_0,-6.3565655,0.0017323105,0.9746427
real,00020318_002.png,20318,,cardiomegaly_0,0.02290535,0.5057261,0.44009307
real,00020318_003.png,20318,,cardiomegaly_0,-3.0771885,0.044058077,0.6909343
real,00020318_004.png,20318,,cardiomegaly_0,-4.5526714,0.0104291,0.8474078
real,00020318_006.png,20318,,cardiomegaly_0,-4.6662655,0.009319662,0.87312716
real,00020318_008.png,20318,,cardiomegaly_0,-4.405327,0.012064778,0.84018785
real,00020318_010.png,20318,,cardiomegaly_0,-3.5439396,0.028087541,0.73857576
real,00020318_011.png,20318,,cardiomegaly_0,-4.4107094,0.01200079,0.84844506
real,00020318_012.png,20318,,cardiomegaly_0,-3.985918,0.018236632,0.7971684
real,00020318_014.png,20318,,cardiomegaly_0,-4.2421665,0.014172658,0.84785026
real,00020318_015.png,20318,,cardiomegaly_0,-4.084877,0.016546804,0.8389841
real,00020318_017.png,20318,,cardiomegaly_0,-4.8464165,0.007795238,0.8981165
real,00020318_018.png,20318,,cardiomegaly_0,-4.0646343,0.016879458,0.8422166
real,00020318_019.png,20318,,cardiomegaly_0,-4.7382603,0.008677897,0.89507794
real,00020318_020.png,20318,,cardiomegaly_0,-4.8012123,0.0081527615,0.90673196
real,00020318_021.png,20318,,cardiomegaly_0,-5.4112244,0.0044463105,0.9395884
real,00020318_022.png,20318,,cardiomegaly_0,-5.517708,0.0039989846,0.9496436
real,00020318_023.png,20318,,cardiomegaly_0,-4.8086586,0.008092769,0.91727066
real,00020382_000.png,20382,,cardiomegaly_0,-4.90086,0.0073852353,0.8939059
real,00020393_003.png,20393,,cardiomegaly_0,-5.967844,0.0025532187,0.9518844
real,00020393_004.png,20393,,cardiomegaly_0,-6.4905586,0.001515401,0.98210347
real,00020399_000.png,20399,,cardiomegaly_0,-4.4477673,0.011569257,0.9012111
real,00020428_000.png,20428,,cardiomegaly_0,6.6381607,0.99869233,0.97010034
real,00020485_000.png,20485,,cardiomegaly_0,-7.06336,0.00085516536,0.9924106
real,00020629_006.png,20629,,cardiomegaly_0,-4.7572403,0.008516133,0.8606798
real,00020629_007.png,20629,,cardiomegaly_0,-6.1627636,0.0021019962,0.9682835
real,00020629_008.png,20629,,cardiomegaly_0,-5.6489677,0.0035087946,0.945476
real,00020629_011.png,20629,,cardiomegaly_0,7.909584,0.99963295,0.9940374
real,00020629_012.png,20629,,cardiomegaly_0,8.042994,0.99967873,0.9926648
real,00020629_014.png,20629,,cardiomegaly_0,-3.8524895,0.020785613,0.73708534
real,00020629_016.png,20629,,cardiomegaly_0,-6.625578,0.0013242578,0.97812325
real,00020642_002.png,20642,,cardiomegaly_0,-4.887909,0.0074807834,0.86716485
real,00020642_003.png,20642,,cardiomegaly_0,-5.5277996,0.0039589894,0.9394667
real,00020671_000.png,20671,,cardiomegaly_0,-4.3499146,0.012743425,0.8586144
real,00020671_003.png,20671,,cardiomegaly_0,-4.4811726,0.011193421,0.8775203
real,00020671_004.png,20671,,cardiomegaly_0,-2.3745441,0.08513454,0.4477024
real,00020671_005.png,20671,,cardiomegaly_0,-4.93779,0.007119379,0.88944376
real,00020671_006.png,20671,,cardiomegaly_0,-4.7190456,0.008844763,0.866917
real,00020671_008.png,20671,,cardiomegaly_0,-4.7721825,0.0083908895,0.86955386
real,00020671_009.png,20671,,cardiomegaly_0,-5.4826508,0.0041410727,0.9491126
real,00020671_010.png,20671,,cardiomegaly_0,-5.275114,0.005091319,0.9406792
real,00020671_015.png,20671,,cardiomegaly_0,-4.567316,0.010279042,0.8656268
real,00020671_016.png,20671,,cardiomegaly_0,-4.940592,0.0070996014,0.9214129
real,00020671_017.png,20671,,cardiomegaly_0,-5.4936543,0.004095942,0.9442759
real,00020671_018.png,20671,,cardiomegaly_0,-5.5816383,0.0037522572,0.94912654
real,00020683_000.png,20683,,cardiomegaly_0,-4.9538574,0.007006698,0.8621154
real,00020683_001.png,20683,,cardiomegaly_0,-4.3502407,0.012739321,0.7757846
real,00020758_001.png,20758,,cardiomegaly_0,7.756296,0.9995721,0.9923862
real,00020810_004.png,20810,,cardiomegaly_0,-5.802759,0.0030101244,0.9366532
real,00020811_013.png,20811,,cardiomegaly_0,-4.976181,0.006853076,0.9002658
real,00020811_014.png,20811,,cardiomegaly_0,-5.6753635,0.0034177012,0.9250236
real,00020811_004.png,20811,,cardiomegaly_0,-5.4095325,0.0044538057,0.9476403
real,00020811_008.png,20811,,cardiomegaly_0,-4.076416,0.016685057,0.7705378
real,00020819_002.png,20819,,cardiomegaly_0,7.814478,0.9995963,0.99621
real,00020819_006.png,20819,,cardiomegaly_0,-5.6150837,0.0036292851,0.94881046
real,00020819_010.png,20819,,cardiomegaly_0,7.005392,0.9990939,0.9906442
real,00020819_012.png,20819,,cardiomegaly_0,6.111599,0.99778783,0.9851426
real,00020819_013.png,20819,,cardiomegaly_0,3.2378597,0.96223444,0.7670246
real,00020819_014.png,20819,,cardiomegaly_0,2.098217,0.8907298,0.6459778
real,00020819_015.png,20819,,cardiomegaly_0,1.564909,0.82705665,0.5365572
real,00020819_016.png,20819,,cardiomegaly_0,0.7334938,0.6755715,0.5270895
real,00020869_007.png,20869,,cardiomegaly_0,-5.6517124,0.0034992113,0.9391829
real,00020880_002.png,20880,,cardiomegaly_0,-5.6347485,0.003558865,0.9126065
real,00020880_004.png,20880,,cardiomegaly_0,-6.1881695,0.002049374,0.9601134
real,00020928_001.png,20928,,cardiomegaly_0,-3.5716057,0.027342077,0.78287536
real,00020934_000.png,20934,,cardiomegaly_0,-1.5029945,0.18197931,0.39734372
real,00021023_005.png,21023,,cardiomegaly_0,-3.709322,0.023908505,0.65005577
real,00021023_007.png,21023,,cardiomegaly_0,-4.5416813,0.010543135,0.8504689
real,00021023_020.png,21023,,cardiomegaly_0,-5.8651123,0.0028286804,0.94516575
real,00021107_001.png,21107,,cardiomegaly_0,8.992931,0.99987566,0.99438787
real,00021107_002.png,21107,,cardiomegaly_0,8.657959,0.9998264,0.9913422
real,00021200_003.png,21200,,cardiomegaly_0,9.045076,0.999882,0.9964395
real,00021245_002.png,21245,,cardiomegaly_0,-4.333214,0.012955256,0.7830785
real,00021245_003.png,21245,,cardiomegaly_0,-3.0766544,0.044080574,0.61233443
real,00021260_005.png,21260,,cardiomegaly_0,-6.045603,0.0023626573,0.96262705
real,00021362_003.png,21362,,cardiomegaly_0,-1.0246944,0.264114,0.39294752
real,00021362_004.png,21362,,cardiomegaly_0,6.737299,0.99881554,0.98721665
real,00021362_005.png,21362,,cardiomegaly_0,5.1286182,0.99411017,0.93080866
real,00021398_000.png,21398,,cardiomegaly_0,-4.239876,0.0142047005,0.82335645
real,00021398_001.png,21398,,cardiomegaly_0,-4.062727,0.01691114,0.7382659
real,00021409_003.png,21409,,cardiomegaly_0,-3.3792572,0.032950055,0.7338429
real,00021409_004.png,21409,,cardiomegaly_0,0.6756649,0.66277045,0.4781993
real,00021409_005.png,21409,,cardiomegaly_0,4.9488754,0.99295855,0.9487699
real,00021409_009.png,21409,,cardiomegaly_0,-3.723446,0.023581104,0.7873015
real,00021455_000.png,21455,,cardiomegaly_0,-6.296215,0.0018398768,0.9812224
real,00021455_001.png,21455,,cardiomegaly_0,-6.3345985,0.0017707169,0.9736309
real,00021455_005.png,21455,,cardiomegaly_0,-3.048378,0.04528755,0.7714098
real,00021455_006.png,21455,,cardiomegaly_0,-4.031439,0.01743925,0.8704236
real,00021455_007.png,21455,,cardiomegaly_0,-3.8706207,0.020419769,0.8561071
real,00021455_009.png,21455,,cardiomegaly_0,-5.825363,0.002943045,0.9623883
real,00021495_002.png,21495,,cardiomegaly_0,-5.9158,0.00268925,0.96836305
real,00021495_006.png,21495,,cardiomegaly_0,-5.6315823,0.0035701105,0.94515365
real,00021495_007.png,21495,,cardiomegaly_0,-5.002079,0.0066790436,0.9057697
real,00021495_008.png,21495,,cardiomegaly_0,-5.278372,0.0050748433,0.9194185
real,00021648_009.png,21648,,cardiomegaly_0,-6.204939,0.0020153623,0.97006
real,00021649_001.png,21649,,cardiomegaly_0,-6.164749,0.0020978355,0.95564383
real,00021684_000.png,21684,,cardiomegaly_0,-6.387289,0.001679985,0.97140914
real,00021707_003.png,21707,,cardiomegaly_0,-6.291279,0.0018489645,0.97168726
real,00021707_004.png,21707,,cardiomegaly_0,-6.0130653,0.002440606,0.9512216
real,00021803_000.png,21803,,cardiomegaly_0,-6.08943,0.0022615746,0.9642744
real,00021803_001.png,21803,,cardiomegaly_0,-6.120432,0.0021926882,0.9741536
real,00021845_000.png,21845,,cardiomegaly_0,0.2731533,0.56786686,0.35972616
real,00021845_003.png,21845,,cardiomegaly_0,-6.448656,0.0015801468,0.9805569
real,00021972_025.png,21972,,cardiomegaly_0,-4.3562984,0.012663357,0.79884154
real,00021972_027.png,21972,,cardiomegaly_0,-4.5674953,0.010277218,0.8923807
real,00021972_028.png,21972,,cardiomegaly_0,-5.1880302,0.005551996,0.9136906
real,00021972_029.png,21972,,cardiomegaly_0,-5.054291,0.006341421,0.9153365
real,00021972_030.png,21972,,cardiomegaly_0,-4.735815,0.008698957,0.8675458
real,00021972_032.png,21972,,cardiomegaly_0,-5.1973248,0.0055009145,0.8716006
real,00021972_001.png,21972,,cardiomegaly_0,-4.627121,0.009688105,0.87879795
real,00021972_003.png,21972,,cardiomegaly_0,-5.1852207,0.00556753,0.91816974
real,00021972_005.png,21972,,cardiomegaly_0,-4.405802,0.012059118,0.8261137
real,00021972_007.png,21972,,cardiomegaly_0,-4.7776012,0.008345922,0.88109016
real,00021972_009.png,21972,,cardiomegaly_0,2.7595215,0.9404488,0.7207139
real,00021972_010.png,21972,,cardiomegaly_0,3.8100262,0.9783322,0.90366644
real,00021976_004.png,21976,,cardiomegaly_0,-4.6196384,0.00976016,0.8304472
real,00021976_005.png,21976,,cardiomegaly_0,-5.6749783,0.003419014,0.9128921
real,00021976_006.png,21976,,cardiomegaly_0,-5.005495,0.0066564186,0.81089103
real,00021976_007.png,21976,,cardiomegaly_0,-5.4380436,0.004329158,0.8903379
real,00021976_008.png,21976,,cardiomegaly_0,-5.639328,0.0035426614,0.9021342
real,00021976_009.png,21976,,cardiomegaly_0,-5.367275,0.004645152,0.88344264
real,00021976_010.png,21976,,cardiomegaly_0,-5.6557007,0.0034853315,0.92521966
real,00021976_011.png,21976,,cardiomegaly_0,-5.504364,0.0040524863,0.8844218
real,00021976_013.png,21976,,cardiomegaly_0,-5.7691727,0.0031126211,0.91547424
real,00021976_012.png,21976,,cardiomegaly_0,-5.5917397,0.0037146856,0.9159768
real,00022147_005.png,22147,,cardiomegaly_0,7.315689,0.99933535,0.9793601
real,00022147_000.png,22147,,cardiomegaly_0,1.020834,0.735135,0.29600477
real,00022155_003.png,22155,,cardiomegaly_0,-4.603302,0.009919321,0.82386297
real,00022155_004.png,22155,,cardiomegaly_0,-3.9468727,0.01894901,0.76186293
real,00022155_005.png,22155,,cardiomegaly_0,-2.4852371,0.07689962,0.53749865
real,00022155_008.png,22155,,cardiomegaly_0,-5.1725044,0.005638378,0.8936998
real,00022155_010.png,22155,,cardiomegaly_0,-4.473427,0.011279477,0.75241524
real,00022155_011.png,22155,,cardiomegaly_0,-5.053097,0.0063489494,0.866493
real,00022155_013.png,22155,,cardiomegaly_0,-0.98340607,0.27221647,0.3147145
real,00022155_021.png,22155,,cardiomegaly_0,-1.7263393,0.15105641,0.5157128
real,00022175_001.png,22175,,cardiomegaly_0,2.9980164,0.95248437,0.6476613
real,00022341_005.png,22341,,cardiomegaly_0,-0.58057594,0.35880008,0.4651976
real,00022574_000.png,22574,,cardiomegaly_0,-6.3773384,0.0016967567,0.97621715
real,00022651_001.png,22651,,cardiomegaly_0,1.9922523,0.8799813,0.73798126
real,00022651_003.png,22651,,cardiomegaly_0,2.0594234,0.8868964,0.6579528
real,00022651_004.png,22651,,cardiomegaly_0,-4.211767,0.014603726,0.8610946
real,00022651_005.png,22651,,cardiomegaly_0,-0.83781624,0.30199492,0.5108419
real,00022651_006.png,22651,,cardiomegaly_0,-5.0403423,0.006429922,0.92582524
real,00022651_007.png,22651,,cardiomegaly_0,-5.435917,0.004338335,0.9413213
real,00022651_008.png,22651,,cardiomegaly_0,-5.454294,0.0042596725,0.952755
real,00022651_009.png,22651,,cardiomegaly_0,-5.5953407,0.0037013823,0.9504372
real,00022651_010.png,22651,,cardiomegaly_0,-5.7044945,0.0033199023,0.96129024
real,00022651_013.png,22651,,cardiomegaly_0,-2.1814137,0.10143201,0.4541646
real,00022651_015.png,22651,,cardiomegaly_0,-4.075016,0.01670804,0.7867848
real,00022651_016.png,22651,,cardiomegaly_0,-4.7023296,0.008992514,0.861236
real,00022651_017.png,22651,,cardiomegaly_0,-4.986988,0.006779913,0.9077306
real,00022651_018.png,22651,,cardiomegaly_0,-4.6412487,0.009553496,0.8750586
real,00022651_019.png,22651,,cardiomegaly_0,-4.2479153,0.014092564,0.7715727
real,00022651_023.png,22651,,cardiomegaly_0,-1.7840481,0.143804,0.38658732
real,00022677_002.png,22677,,cardiomegaly_0,8.88925,0.9998622,0.9949463
real,00022716_000.png,22716,,cardiomegaly_0,-5.9574547,0.0025798143,0.94891083
real,00022789_000.png,22789,,cardiomegaly_0,-5.827524,0.0029367106,0.9444669
real,00022789_001.png,22789,,cardiomegaly_0,-6.467825,0.0015501922,0.9679089
real,00022818_000.png,22818,,cardiomegaly_0,-6.228348,0.0019688245,0.97092825
real,00022883_002.png,22883,,cardiomegaly_0,-1.580307,0.170752,0.3494264
real,00022883_011.png,22883,,cardiomegaly_0,-5.474148,0.004176286,0.8831898
real,00022883_012.png,22883,,cardiomegaly_0,-4.6434383,0.009532799,0.810434
real,00023073_008.png,23073,,cardiomegaly_0,-6.0316124,0.0023958646,0.9786445
real,00023093_007.png,23093,,cardiomegaly_0,7.9281216,0.99963963,0.99414927
real,00023093_009.png,23093,,cardiomegaly_0,9.430729,0.9999198,0.99689734
real,00023093_011.png,23093,,cardiomegaly_0,7.978586,0.9996574,0.98795366
real,00023093_012.png,23093,,cardiomegaly_0,9.459944,0.99992204,0.9966858
real,00023093_017.png,23093,,cardiomegaly_0,9.354923,0.99991345,0.9955399
real,00023097_000.png,23097,,cardiomegaly_0,-5.5609627,0.0038303449,0.96343976
real,00023097_001.png,23097,,cardiomegaly_0,-5.667547,0.0034444276,0.955817
real,00023097_002.png,23097,,cardiomegaly_0,-5.7191677,0.0032717024,0.95941645
real,00023097_007.png,23097,,cardiomegaly_0,-5.9638233,0.0025634787,0.97601706
real,00023156_002.png,23156,,cardiomegaly_0,-3.456112,0.030587113,0.78391665
real,00023156_004.png,23156,,cardiomegaly_0,0.6558418,0.65832573,0.5792667
real,00023156_005.png,23156,,cardiomegaly_0,-4.5955715,0.009995529,0.8913982
real,00023156_010.png,23156,,cardiomegaly_0,-4.3477936,0.012770136,0.808918
real,00023156_013.png,23156,,cardiomegaly_0,-5.039423,0.006435797,0.9355975
real,00023156_014.png,23156,,cardiomegaly_0,-5.0752163,0.006210918,0.9134091
real,00023156_020.png,23156,,cardiomegaly_0,-5.593977,0.0037064145,0.95169675
real,00023156_021.png,23156,,cardiomegaly_0,-5.126425,0.0059027025,0.9285121
real,00023156_022.png,23156,,cardiomegaly_0,-5.750078,0.0031724353,0.9683611
real,00023176_017.png,23176,,cardiomegaly_0,6.8936214,0.9989868,0.98885036
real,00023196_003.png,23196,,cardiomegaly_0,8.585211,0.99981326,0.9957225
real,00023319_000.png,23319,,cardiomegaly_0,-6.6831684,0.0012502404,0.98333067
real,00023325_013.png,23325,,cardiomegaly_0,7.3088875,0.9993309,0.9934414
real,00023325_014.png,23325,,cardiomegaly_0,9.014545,0.9998784,0.99726385
real,00024073_000.png,24073,,cardiomegaly_0,-5.2891674,0.005020626,0.88848704
real,00024116_001.png,24116,,cardiomegaly_0,-3.9996681,0.017992074,0.707201
real,00024264_000.png,24264,,cardiomegaly_0,-4.0172424,0.01768418,0.8231011
real,00024692_001.png,24692,,cardiomegaly_0,5.4276905,0.995626,0.9491839
real,00024749_000.png,24749,,cardiomegaly_0,-6.2741165,0.0018809107,0.97115725
real,00025252_000.png,25252,,cardiomegaly_0,-2.9549427,0.049503423,0.67217815
real,00025252_001.png,25252,,cardiomegaly_0,-4.2512856,0.014045813,0.83699304
real,00025261_000.png,25261,,cardiomegaly_0,-6.075018,0.002294329,0.97268915
real,00025261_001.png,25261,,cardiomegaly_0,-5.5245495,0.0039718268,0.9284116
real,00025261_002.png,25261,,cardiomegaly_0,-4.715023,0.0088800965,0.8511179
real,00025261_004.png,25261,,cardiomegaly_0,-4.2039356,0.014716854,0.79724085
real,00025290_032.png,25290,,cardiomegaly_0,8.396957,0.9997745,0.99047613
real,00025416_001.png,25416,,cardiomegaly_0,-0.3131752,0.4223399,0.28403884
real,00025517_000.png,25517,,cardiomegaly_0,-5.308344,0.004925735,0.8508486
real,00025527_009.png,25527,,cardiomegaly_0,-5.839056,0.002903137,0.9585098
real,00025635_000.png,25635,,cardiomegaly_0,-4.9384384,0.0071147964,0.9116018
real,00025635_001.png,25635,,cardiomegaly_0,3.7672348,0.9774064,0.81387544
real,00025635_008.png,25635,,cardiomegaly_0,2.4741135,0.922307,0.6927846
real,00025688_001.png,25688,,cardiomegaly_0,-6.019268,0.0024255512,0.95374393
real,00025688_002.png,25688,,cardiomegaly_0,-6.388954,0.0016771945,0.9740747
real,00025696_000.png,25696,,cardiomegaly_0,8.548626,0.9998062,0.9968944
real,00025696_001.png,25696,,cardiomegaly_0,6.05464,0.9976585,0.9869712
real,00025707_008.png,25707,,cardiomegaly_0,-4.317255,0.013160922,0.7250711
real,00025707_010.png,25707,,cardiomegaly_0,-5.541294,0.0039061308,0.9036334
real,00025707_013.png,25707,,cardiomegaly_0,-3.3481312,0.033956416,0.5672445
real,00025784_000.png,25784,,cardiomegaly_0,4.3033276,0.98665696,0.90102255
real,00025784_001.png,25784,,cardiomegaly_0,-1.945343,0.12506205,0.47502017
real,00025832_007.png,25832,,cardiomegaly_0,-5.8591785,0.002845467,0.9173865
real,00025924_003.png,25924,,cardiomegaly_0,-6.2563667,0.00191453,0.9689681
real,00025924_006.png,25924,,cardiomegaly_0,-6.5507336,0.0014270275,0.98391837
real,00025924_016.png,25924,,cardiomegaly_0,-6.4506664,0.0015769785,0.9757676
real,00025924_025.png,25924,,cardiomegaly_0,-5.129795,0.0058829584,0.9139965
real,00025924_026.png,25924,,cardiomegaly_0,-5.784767,0.0030646054,0.9560133
real,00025924_027.png,25924,,cardiomegaly_0,-6.334385,0.0017710945,0.97081506
real,00026657_000.png,26657,,cardiomegaly_0,-4.318798,0.013140897,0.7953767
real,00026715_002.png,26715,,cardiomegaly_0,7.950762,0.99964774,0.9967041
real,00026715_003.png,26715,,cardiomegaly_0,7.4685936,0.9994295,0.995329
real,00026715_004.png,26715,,cardiomegaly_0,8.225025,0.9997322,0.99696726
real,00026738_005.png,26738,,cardiomegaly_0,-6.1815186,0.0020630213,0.9741007
real,00026751_000.png,26751,,cardiomegaly_0,-5.80299,0.0030094318,0.9181763
real,00026815_000.png,26815,,cardiomegaly_0,-6.31415,0.0018072322,0.9609374
real,00026815_002.png,26815,,cardiomegaly_0,-6.652153,0.0012895738,0.9820938
real,00026889_000.png,26889,,cardiomegaly_0,1.784502,0.8562519,0.6423721
real,00026889_001.png,26889,,cardiomegaly_0,-1.5606785,0.17354931,0.46994296
real,00026889_002.png,26889,,cardiomegaly_0,-3.1081066,0.042774104,0.75771195
real,00026911_006.png,26911,,cardiomegaly_0,-4.824753,0.007964594,0.8913757
real,00026912_000.png,26912,,cardiomegaly_0,-6.821764,0.0010886105,0.9803198
real,00026913_000.png,26913,,cardiomegaly_0,-6.470726,0.0015457085,0.9752842
real,00026967_002.png,26967,,cardiomegaly_0,-4.3598785,0.012618673,0.7615695
real,00026999_000.png,26999,,cardiomegaly_0,-6.019762,0.002424356,0.97114336
real,00027011_000.png,27011,,cardiomegaly_0,-5.920944,0.0026754884,0.9603578
real,00027061_001.png,27061,,cardiomegaly_0,9.693087,0.99993825,0.99714524
real,00027092_004.png,27092,,cardiomegaly_0,-2.9348812,0.050455954,0.49785727
real,00027092_005.png,27092,,cardiomegaly_0,-4.721632,0.008822118,0.83663976
real,00027092_006.png,27092,,cardiomegaly_0,-5.967554,0.002553957,0.9531337
real,00027142_008.png,27142,,cardiomegaly_0,-5.8115444,0.0029838742,0.9211759
real,00027142_009.png,27142,,cardiomegaly_0,-5.808201,0.002993838,0.93097264
real,00027306_000.png,27306,,cardiomegaly_0,-6.1863422,0.0020531144,0.9671459
real,00027389_002.png,27389,,cardiomegaly_0,8.165913,0.99971586,0.9904605
real,00027389_003.png,27389,,cardiomegaly_0,9.069187,0.99988484,0.99690557
real,00027420_002.png,27420,,cardiomegaly_0,-5.9876137,0.0025033632,0.9752515
real,00027420_003.png,27420,,cardiomegaly_0,-6.3794117,0.0016932485,0.9690309
real,00027422_003.png,27422,,cardiomegaly_0,-4.3195133,0.013131625,0.78005856
real,00027441_025.png,27441,,cardiomegaly_0,-4.3069363,0.013295615,0.7846717
real,00027474_005.png,27474,,cardiomegaly_0,-4.033556,0.017403008,0.7250842
real,00027474_007.png,27474,,cardiomegaly_0,-4.324377,0.013068743,0.84306693
real,00027474_008.png,27474,,cardiomegaly_0,-4.8318157,0.007908982,0.8507383
real,00027474_009.png,27474,,cardiomegaly_0,-5.4871044,0.0041227466,0.92410594
real,00027485_001.png,27485,,cardiomegaly_0,-4.429407,0.011781106,0.8732222
real,00027514_008.png,27514,,cardiomegaly_0,-6.246538,0.0019334033,0.9747209
real,00027618_006.png,27618,,cardiomegaly_0,3.0668812,0.9555058,0.7419723
real,00027618_008.png,27618,,cardiomegaly_0,-3.8724442,0.020383328,0.6310237
real,00027618_009.png,27618,,cardiomegaly_0,-3.314415,0.03507997,0.57276237
real,00027815_001.png,27815,,cardiomegaly_0,6.398079,0.998338,0.9551016
real,00027907_001.png,27907,,cardiomegaly_0,8.912426,0.9998653,0.9944587
real,00028013_004.png,28013,,cardiomegaly_0,-6.066902,0.0023129818,0.96522105
real,00028013_005.png,28013,,cardiomegaly_0,-3.86055,0.020622188,0.7461879
real,00028013_006.png,28013,,cardiomegaly_0,-5.203848,0.005465344,0.93318224
real,00028013_010.png,28013,,cardiomegaly_0,-5.924429,0.0026662063,0.97212875
real,00028013_011.png,28013,,cardiomegaly_0,-5.857624,0.002849881,0.96596915
real,00028013_013.png,28013,,cardiomegaly_0,-6.166668,0.0020938225,0.97569054
real,00028018_000.png,28018,,cardiomegaly_0,9.110214,0.9998895,0.9927808
real,00028027_000.png,28027,,cardiomegaly_0,5.551731,0.9961343,0.95198494
real,00028027_003.png,28027,,cardiomegaly_0,-5.3750324,0.0046094237,0.9482077
real,00028027_004.png,28027,,cardiomegaly_0,-4.59828,0.009968763,0.91799325
real,00028036_000.png,28036,,cardiomegaly_0,-3.9553146,0.018792711,0.8011395
real,00028105_000.png,28105,,cardiomegaly_0,-6.274742,0.0018797365,0.96714985
real,00028148_005.png,28148,,cardiomegaly_0,-5.281639,0.0050583733,0.89696354
real,00028148_006.png,28148,,cardiomegaly_0,-6.325474,0.0017869191,0.97720116
real,00028148_008.png,28148,,cardiomegaly_0,-6.163765,0.002099897,0.9523658
real,00028148_010.png,28148,,cardiomegaly_0,-3.3400211,0.03422346,0.71699375
real,00028148_013.png,28148,,cardiomegaly_0,-5.095396,0.0060875947,0.86865795
real,00028148_014.png,28148,,cardiomegaly_0,-4.9706,0.006891165,0.85922676
real,00028148_011.png,28148,,cardiomegaly_0,-5.126066,0.005904807,0.8759056
real,00028148_012.png,28148,,cardiomegaly_0,-4.429615,0.011778685,0.80189323
real,00028148_017.png,28148,,cardiomegaly_0,-5.133911,0.005858936,0.9123882
real,00028256_003.png,28256,,cardiomegaly_0,-5.7230835,0.0032589578,0.9453225
real,00028256_001.png,28256,,cardiomegaly_0,-4.4746857,0.011265447,0.8207931
real,00028256_004.png,28256,,cardiomegaly_0,-6.391714,0.0016725798,0.9690111
real,00028256_005.png,28256,,cardiomegaly_0,-6.458008,0.0015654617,0.9742341
real,00028274_000.png,28274,,cardiomegaly_0,-4.992342,0.006743954,0.94498575
real,00028392_001.png,28392,,cardiomegaly_0,-6.215088,0.0019950524,0.97819585
real,00028392_004.png,28392,,cardiomegaly_0,-6.2627106,0.001902446,0.98012376
real,00028392_005.png,28392,,cardiomegaly_0,-6.2290134,0.0019675172,0.9701812
real,00028412_000.png,28412,,cardiomegaly_0,-5.788048,0.0030545988,0.94597
real,00028558_000.png,28558,,cardiomegaly_0,-6.163254,0.0021009683,0.9566567
real,00028625_000.png,28625,,cardiomegaly_0,-2.5275555,0.073948875,0.45453286
real,00028628_006.png,28628,,cardiomegaly_0,-3.6512318,0.025302308,0.7440381
real,00028628_007.png,28628,,cardiomegaly_0,-4.3237495,0.013076838,0.80802697
real,00028628_008.png,28628,,cardiomegaly_0,-3.9223804,0.019409725,0.75919515
real,00028628_009.png,28628,,cardiomegaly_0,-4.5189514,0.010782909,0.8439768
real,00028628_010.png,28628,,cardiomegaly_0,-5.18256,0.005582281,0.89601594
real,00028628_016.png,28628,,cardiomegaly_0,-3.8565235,0.020703666,0.73777986
real,00028628_017.png,28628,,cardiomegaly_0,-2.6712646,0.06469041,0.5211389
real,00028628_022.png,28628,,cardiomegaly_0,-3.8917618,0.020001147,0.80128247
real,00028703_000.png,28703,,cardiomegaly_0,-5.9687634,0.0025508786,0.97298545
real,00028764_004.png,28764,,cardiomegaly_0,-6.766878,0.0011499592,0.9900934
real,00028766_000.png,28766,,cardiomegaly_0,-4.2311687,0.014327141,0.8030905
real,00028772_000.png,28772,,cardiomegaly_0,-5.1279774,0.005893599,0.9029252
real,00028811_000.png,28811,,cardiomegaly_0,-5.8959064,0.0027431366,0.9670898
real,00028811_001.png,28811,,cardiomegaly_0,-4.7545567,0.008538822,0.9084553
real,00028811_002.png,28811,,cardiomegaly_0,-5.4354515,0.0043403455,0.9579947
real,00028811_006.png,28811,,cardiomegaly_0,-5.3477516,0.0047362996,0.96109766
real,00028811_007.png,28811,,cardiomegaly_0,-5.9966354,0.0024809358,0.97736317
real,00028882_005.png,28882,,cardiomegaly_0,-6.5656033,0.0014059949,0.9774621
real,00028897_002.png,28897,,cardiomegaly_0,-6.4747486,0.0015395127,0.98057806
real,00028897_003.png,28897,,cardiomegaly_0,-6.447172,0.0015824897,0.97438264
real,00028897_011.png,28897,,cardiomegaly_0,-4.340912,0.012857186,0.80581206
real,00028897_012.png,28897,,cardiomegaly_0,-0.94898796,0.27908838,0.37587065
real,00028897_013.png,28897,,cardiomegaly_0,-4.0508194,0.017110247,0.7754705
real,00028897_015.png,28897,,cardiomegaly_0,-4.889141,0.0074716406,0.86494756
real,00028897_016.png,28897,,cardiomegaly_0,-4.044243,0.017221201,0.78984225
real,00028897_018.png,28897,,cardiomegaly_0,-4.9200706,0.007245732,0.90482813
real,00028897_019.png,28897,,cardiomegaly_0,-4.761196,0.008482796,0.8945651
real,00028934_001.png,28934,,cardiomegaly_0,-3.7276058,0.023485515,0.7209353
real,00029021_000.png,29021,,cardiomegaly_0,-6.23567,0.001954489,0.96159166
real,00029022_000.png,29022,,cardiomegaly_0,-5.848406,0.0028761975,0.93864125
real,00029031_000.png,29031,,cardiomegaly_0,-6.8797035,0.0010273923,0.983213
real,00029058_004.png,29058,,cardiomegaly_0,-6.242691,0.0019408411,0.9691047
real,00029105_001.png,29105,,cardiomegaly_0,7.246002,0.99928755,0.994179
real,00029105_002.png,29105,,cardiomegaly_0,8.066898,0.99968636,0.9972648
real,00029105_007.png,29105,,cardiomegaly_0,-2.5651474,0.07141543,0.66427386
real,00029105_009.png,29105,,cardiomegaly_0,5.500181,0.9959306,0.9828822
real,00029105_010.png,29105,,cardiomegaly_0,0.11938095,0.52980983,0.6252294
real,00029105_011.png,29105,,cardiomegaly_0,0.3457737,0.5855923,0.5108278
real,00029105_014.png,29105,,cardiomegaly_0,-4.450714,0.011535607,0.82903576
real,00029105_015.png,29105,,cardiomegaly_0,-4.8160286,0.008033822,0.89027166
real,00029225_000.png,29225,,cardiomegaly_0,8.367178,0.9997677,0.9957692
real,00029297_000.png,29297,,cardiomegaly_0,-6.652725,0.0012888372,0.98289007
real,00029297_003.png,29297,,cardiomegaly_0,-2.79488,0.05760148,0.56985986
real,00029297_004.png,29297,,cardiomegaly_0,-5.1807213,0.005592497,0.90989304
real,00029297_005.png,29297,,cardiomegaly_0,-6.522911,0.0014672294,0.97786945
real,00029459_002.png,29459,,cardiomegaly_0,5.1655216,0.9943223,0.9666471
real,00029459_004.png,29459,,cardiomegaly_0,7.976969,0.9996568,0.9945876
real,00029500_000.png,29500,,cardiomegaly_0,8.619869,0.9998196,0.9972964
real,00029510_000.png,29510,,cardiomegaly_0,7.5338345,0.99946564,0.9885428
real,00029551_000.png,29551,,cardiomegaly_0,-4.7411423,0.00865314,0.8960111
real,00029551_003.png,29551,,cardiomegaly_0,-5.4519844,0.0042694807,0.9319779
real,00029551_004.png,29551,,cardiomegaly_0,-4.974434,0.0068649775,0.8894824
real,00029551_005.png,29551,,cardiomegaly_0,-4.6913357,0.00909102,0.8233002
real,00029552_000.png,29552,,cardiomegaly_0,7.598755,0.9994992,0.98806196
real,00029579_000.png,29579,,cardiomegaly_0,-2.1073284,0.10838658,0.52012616
real,00029579_004.png,29579,,cardiomegaly_0,-2.7510796,0.060025707,0.74525833
real,00029579_005.png,29579,,cardiomegaly_0,1.9886112,0.8795961,0.7261623
real,00029579_009.png,29579,,cardiomegaly_0,-3.6898308,0.024367617,0.7518999
real,00029579_014.png,29579,,cardiomegaly_0,-5.152136,0.005753734,0.91944677
real,00029579_012.png,29579,,cardiomegaly_0,-4.547447,0.010483154,0.8922889
real,00029579_015.png,29579,,cardiomegaly_0,-5.002573,0.0066757672,0.9363733
real,00029631_004.png,29631,,cardiomegaly_0,2.7588196,0.9404095,0.82211727
real,00029631_006.png,29631,,cardiomegaly_0,-6.081627,0.0022792502,0.9734664
real,00029631_007.png,29631,,cardiomegaly_0,-5.8133984,0.0029783638,0.967547
real,00029631_012.png,29631,,cardiomegaly_0,-5.7741737,0.0030971416,0.95643264
real,00029631_013.png,29631,,cardiomegaly_0,-5.605612,0.0036636982,0.94890434
real,00029747_002.png,29747,,cardiomegaly_0,-6.438677,0.0015959691,0.97377926
real,00029756_000.png,29756,,cardiomegaly_0,-5.906122,0.0027153313,0.95152533
real,00029794_000.png,29794,,cardiomegaly_0,9.539583,0.999928,0.9955579
real,00029821_013.png,29821,,cardiomegaly_0,0.65107536,0.6572528,0.5706348
real,00029821_014.png,29821,,cardiomegaly_0,8.557842,0.999808,0.99456954
real,00029839_008.png,29839,,cardiomegaly_0,-5.9612694,0.0025700172,0.97737753
real,00029839_009.png,29839,,cardiomegaly_0,-6.4730606,0.0015421096,0.9826474
real,00029943_002.png,29943,,cardiomegaly_0,-5.846512,0.0028816343,0.95295835
real,00029943_004.png,29943,,cardiomegaly_0,-5.7060337,0.0033148134,0.9628009
real,00029943_005.png,29943,,cardiomegaly_0,-5.6368294,0.0035514932,0.95527375
real,00029943_007.png,29943,,cardiomegaly_0,-5.9585247,0.0025770625,0.96868014
real,00029943_006.png,29943,,cardiomegaly_0,-5.573332,0.0037834365,0.947073
real,00029943_008.png,29943,,cardiomegaly_0,-5.1276474,0.005895533,0.9198882
real,00029981_004.png,29981,,cardiomegaly_0,6.3367004,0.99823296,0.9899793
real,00029981_007.png,29981,,cardiomegaly_0,1.3005714,0.78593117,0.55291826
real,00030059_009.png,30059,,cardiomegaly_0,1.6683006,0.84134907,0.658854
real,00030059_011.png,30059,,cardiomegaly_0,-1.6326084,0.16347335,0.5956238
real,00030070_000.png,30070,,cardiomegaly_0,-5.864519,0.0028303538,0.9642138
real,00030153_004.png,30153,,cardiomegaly_0,-5.5892925,0.0037237532,0.95183706
real,00030162_023.png,30162,,cardiomegaly_0,-4.969532,0.0068984786,0.9039325
real,00030183_004.png,30183,,cardiomegaly_0,-6.0500107,0.0023522906,0.9738086
real,00030183_005.png,30183,,cardiomegaly_0,-6.088436,0.002263818,0.9708098
real,00030183_006.png,30183,,cardiomegaly_0,-6.2615547,0.0019046421,0.96747726
real,00030196_001.png,30196,,cardiomegaly_0,-4.558996,0.010364029,0.8957
real,00030196_002.png,30196,,cardiomegaly_0,-4.716896,0.008863627,0.863721
real,00030207_000.png,30207,,cardiomegaly_0,6.9209385,0.999014,0.99096465
real,00030276_000.png,30276,,cardiomegaly_0,-5.819422,0.0029605308,0.9608966
real,00030389_005.png,30389,,cardiomegaly_0,4.037094,0.9826574,0.8465132
real,00030389_006.png,30389,,cardiomegaly_0,-0.68622017,0.33487445,0.31860298
real,00030389_007.png,30389,,cardiomegaly_0,0.44237518,0.60882485,0.41958988
real,00030389_008.png,30389,,cardiomegaly_0,6.7599354,0.99884206,0.9876099
real,00030389_009.png,30389,,cardiomegaly_0,7.6495075,0.999524,0.9929623
real,00030389_010.png,30389,,cardiomegaly_0,6.781601,0.9988668,0.989988
real,00030389_011.png,30389,,cardiomegaly_0,7.6577682,0.99952793,0.9933719
real,00030389_012.png,30389,,cardiomegaly_0,8.764626,0.99984384,0.9967116
real,00030389_013.png,30389,,cardiomegaly_0,6.7333393,0.9988109,0.98874974
real,00030436_000.png,30436,,cardiomegaly_0,-6.398796,0.001660796,0.98001933
real,00030490_000.png,30490,,cardiomegaly_0,6.215658,0.99800605,0.9673875
real,00030541_005.png,30541,,cardiomegaly_0,-5.2378063,0.0052838293,0.93634045
real,00030561_005.png,30561,,cardiomegaly_0,-5.2454357,0.005243881,0.9332294
real,00030561_006.png,30561,,cardiomegaly_0,-5.815729,0.0029714508,0.96299374
real,00030561_007.png,30561,,cardiomegaly_0,-5.478258,0.004159227,0.939389
real,00030561_010.png,30561,,cardiomegaly_0,-5.877018,0.0027952965,0.9650675
real,00030561_011.png,30561,,cardiomegaly_0,-5.9212933,0.002674557,0.96725744
real,00030561_013.png,30561,,cardiomegaly_0,-5.9938145,0.002487927,0.9696252
real,00030561_014.png,30561,,cardiomegaly_0,-6.077751,0.002288081,0.9729602
real,00030561_017.png,30561,,cardiomegaly_0,-5.776449,0.0030901239,0.97016066
real,00030561_018.png,30561,,cardiomegaly_0,-5.967737,0.0025534907,0.9722357
real,00030632_000.png,30632,,cardiomegaly_0,-3.720583,0.023647115,0.7490438
real,00030650_000.png,30650,,cardiomegaly_0,-5.537937,0.003919214,0.94760776
real,00030650_001.png,30650,,cardiomegaly_0,-4.5335464,0.010628335,0.89384025
real,00030650_002.png,30650,,cardiomegaly_0,-5.2128773,0.005416483,0.92425257
real,00030650_003.png,30650,,cardiomegaly_0,-4.7148705,0.008881439,0.90426373
real,00030650_007.png,30650,,cardiomegaly_0,-4.4726353,0.011288309,0.857578
real,00030650_008.png,30650,,cardiomegaly_0,-4.011759,0.01777969,0.8654717
real,00030650_009.png,30650,,cardiomegaly_0,-4.1255054,0.015898481,0.8654955
real,00030659_000.png,30659,,cardiomegaly_0,-4.452175,0.011518959,0.7406775
real,00030668_000.png,30668,,cardiomegaly_0,-5.8364754,0.002910617,0.9550327
real,00002793_006.png,2793,,cardiomegaly_0,-6.870756,0.0010366165,0.9813895
real,00014954_000.png,14954,,cardiomegaly_0,-6.522232,0.0014682247,0.98337054
real,00026982_005.png,26982,,cardiomegaly_0,-6.2983284,0.0018359999,0.9776731
real,00014719_000.png,14719,,cardiomegaly_0,-6.64098,0.0013040445,0.9801317
real,00003321_001.png,3321,,cardiomegaly_0,-6.5602417,0.0014135427,0.98048204
real,00001430_001.png,1430,,cardiomegaly_0,-2.4020672,0.083015196,0.55349594
real,00012460_000.png,12460,,cardiomegaly_0,-6.39089,0.0016739562,0.97168195
real,00008806_003.png,8806,,cardiomegaly_0,-6.0789204,0.0022854132,0.9474463
real,00010931_003.png,10931,,cardiomegaly_0,-6.305294,0.0018232786,0.9811368
real,00026815_001.png,26815,,cardiomegaly_0,-6.236994,0.0019519086,0.9532016
real,00028980_001.png,28980,,cardiomegaly_0,-4.238064,0.014230096,0.8792651
real,00019376_000.png,19376,,cardiomegaly_0,-2.9849281,0.048111435,0.68314546
real,00020318_024.png,20318,,cardiomegaly_0,-5.4235134,0.004392243,0.9483276
real,00004909_001.png,4909,,cardiomegaly_0,-4.654152,0.009432172,0.81744206
real,00000582_000.png,582,,cardiomegaly_0,-6.5271263,0.0014610668,0.9783389
real,00006576_000.png,6576,,cardiomegaly_0,-6.2739506,0.0018812224,0.97663623
real,00022712_000.png,22712,,cardiomegaly_0,-6.7514553,0.0011678116,0.98619324
real,00018361_000.png,18361,,cardiomegaly_0,-6.439598,0.0015945019,0.98469144
real,00011380_001.png,11380,,cardiomegaly_0,-6.1640816,0.0020992334,0.9522097
real,00009306_000.png,9306,,cardiomegaly_0,-6.581003,0.0013845381,0.986707
real,00029058_000.png,29058,,cardiomegaly_0,-5.756798,0.0031512564,0.9569499
real,00011611_000.png,11611,,cardiomegaly_0,-6.4053326,0.0016499935,0.97345537
real,00024476_000.png,24476,,cardiomegaly_0,-6.586645,0.0013767594,0.9831783
real,00012478_000.png,12478,,cardiomegaly_0,-6.5908985,0.0013709238,0.9790656
real,00010673_000.png,10673,,cardiomegaly_0,-5.4059715,0.004469623,0.9220913
real,00010933_000.png,10933,,cardiomegaly_0,-6.516569,0.0014765504,0.9826472
real,00007431_000.png,7431,,cardiomegaly_0,-6.07831,0.0022868055,0.96234083
real,00028628_005.png,28628,,cardiomegaly_0,-3.4286995,0.031410474,0.6540448
real,00002736_000.png,2736,,cardiomegaly_0,-4.577114,0.010179839,0.87960166
real,00026148_002.png,26148,,cardiomegaly_0,-6.5129585,0.0014818832,0.9876213
real,00021716_004.png,21716,,cardiomegaly_0,-6.2923546,0.0018469802,0.95579535
real,00005364_000.png,5364,,cardiomegaly_0,-6.866535,0.0010409966,0.9857563
real,00008623_002.png,8623,,cardiomegaly_0,-6.983616,0.0009260869,0.98883426
real,00015553_003.png,15553,,cardiomegaly_0,-4.860445,0.00768748,0.8948078
real,00015552_000.png,15552,,cardiomegaly_0,-4.89793,0.0074067437,0.8671497
real,00004158_000.png,4158,,cardiomegaly_0,-6.621586,0.0013295478,0.98314697
real,00008802_002.png,8802,,cardiomegaly_0,6.335747,0.99823135,0.9799763
real,00004699_000.png,4699,,cardiomegaly_0,-6.369896,0.0017094105,0.97659844
real,00015795_002.png,15795,,cardiomegaly_0,-6.415388,0.0016335121,0.9745282
real,00014429_018.png,14429,,cardiomegaly_0,-6.078642,0.0022860484,0.95571756
real,00010920_003.png,10920,,cardiomegaly_0,-6.4158134,0.0016328185,0.9778327
real,00006490_001.png,6490,,cardiomegaly_0,-6.2674313,0.0018935034,0.97055775
real,00020060_005.png,20060,,cardiomegaly_0,-6.099392,0.0022392066,0.961724
real,00013970_000.png,13970,,cardiomegaly_0,-5.4445915,0.004301025,0.9278723
real,00012352_000.png,12352,,cardiomegaly_0,-5.1843414,0.0055724,0.88964593
real,00001199_006.png,1199,,cardiomegaly_0,-5.607826,0.0036556234,0.92795765
real,00019771_000.png,19771,,cardiomegaly_0,-6.1168766,0.0022004806,0.9649622
real,00000304_000.png,304,,cardiomegaly_0,-6.179924,0.0020663065,0.9638252
real,00028287_000.png,28287,,cardiomegaly_0,-6.123905,0.002185102,0.9622088
real,00015000_007.png,15000,,cardiomegaly_0,-6.4212666,0.0016239533,0.97926766
real,00018476_000.png,18476,,cardiomegaly_0,-7.026943,0.0008868537,0.9864354
real,00027035_000.png,27035,,cardiomegaly_0,-6.5934124,0.0013674865,0.97945863
real,00002228_000.png,2228,,cardiomegaly_0,-6.4729786,0.0015422358,0.9756336
real,00019640_000.png,19640,,cardiomegaly_0,-6.441845,0.0015909289,0.97625846
real,00010175_000.png,10175,,cardiomegaly_0,-6.4562244,0.0015682516,0.9745477
real,00003940_006.png,3940,,cardiomegaly_0,-6.7266483,0.0011971086,0.9755547
real,00014387_006.png,14387,,cardiomegaly_0,-5.0944157,0.0060935295,0.87658334
real,00021375_002.png,21375,,cardiomegaly_0,-6.9052715,0.0010014828,0.9866693
real,00001230_006.png,1230,,cardiomegaly_0,-6.6872673,0.0012451326,0.97546065
real,00012772_003.png,12772,,cardiomegaly_0,-6.234194,0.001957371,0.9724174
real,00026354_001.png,26354,,cardiomegaly_0,-6.3584785,0.0017290052,0.96489656
real,00028962_000.png,28962,,cardiomegaly_0,-6.439516,0.0015946324,0.98001796
real,00007876_000.png,7876,,cardiomegaly_0,-6.8843307,0.0010226541,0.99239
real,00006921_000.png,6921,,cardiomegaly_0,-6.438135,0.0015968325,0.97089887
real,00008576_000.png,8576,,cardiomegaly_0,5.2078114,0.9945562,0.91920537
real,00021871_000.png,21871,,cardiomegaly_0,6.229864,0.9980342,0.9719007
real,00019774_008.png,19774,,cardiomegaly_0,-5.204771,0.0054603284,0.9219733
real,00026911_003.png,26911,,cardiomegaly_0,-1.2529907,0.22218286,0.39651948
real,00009761_000.png,9761,,cardiomegaly_0,-4.903511,0.007365826,0.88910556
real,00005511_000.png,5511,,cardiomegaly_0,-6.7071705,0.0012206255,0.98530227
real,00000517_004.png,517,,cardiomegaly_0,-2.9190483,0.05121993,0.54662144
real,00027025_000.png,27025,,cardiomegaly_0,-6.4992867,0.001502252,0.97822577
real,00009061_001.png,9061,,cardiomegaly_0,-6.7446537,0.0011757722,0.9884861
real,00006851_029.png,6851,,cardiomegaly_0,-6.2776413,0.0018743048,0.9629598
real,00020193_000.png,20193,,cardiomegaly_0,-6.450281,0.0015775852,0.9805467
real,00029105_019.png,29105,,cardiomegaly_0,2.0783577,0.8887818,0.77641904
real,00018284_013.png,18284,,cardiomegaly_0,-3.7239017,0.023570612,0.77056974
real,00016990_001.png,16990,,cardiomegaly_0,-5.2830257,0.005051399,0.91304994
real,00001563_000.png,1563,,cardiomegaly_0,-6.721554,0.0012032154,0.98259705
real,00010465_001.png,10465,,cardiomegaly_0,-6.0152016,0.0024354104,0.972956
real,00020568_000.png,20568,,cardiomegaly_0,7.3149033,0.9993349,0.9839371
real,00022920_000.png,22920,,cardiomegaly_0,-6.7177067,0.0012078477,0.9746431
real,00016907_000.png,16907,,cardiomegaly_0,-6.1470757,0.0021351613,0.966731
real,00005401_001.png,5401,,cardiomegaly_0,-6.80175,0.0011105927,0.98117167
real,00004734_001.png,4734,,cardiomegaly_0,1.3348656,0.7916443,0.4375051
real,00002793_001.png,2793,,cardiomegaly_0,-6.6177044,0.0013347116,0.9786219
real,00030153_002.png,30153,,cardiomegaly_0,-6.485527,0.0015230334,0.98537904
real,00023937_000.png,23937,,cardiomegaly_0,-6.526634,0.0014617848,0.9809754
real,00029879_001.png,29879,,cardiomegaly_0,-3.8552608,0.020729281,0.7718146
real,00009907_001.png,9907,,cardiomegaly_0,-5.537018,0.003922805,0.90069795
real,00007088_000.png,7088,,cardiomegaly_0,-6.5403214,0.0014419422,0.98121804
real,00017618_001.png,17618,,cardiomegaly_0,-6.383711,0.0016859969,0.970695
real,00026342_000.png,26342,,cardiomegaly_0,-6.658928,0.0012808779,0.98133457
real,00006936_006.png,6936,,cardiomegaly_0,-6.577671,0.001389153,0.9764257
real,00019503_000.png,19503,,cardiomegaly_0,-6.787575,0.0011264301,0.98169446
real,00021239_001.png,21239,,cardiomegaly_0,-6.9395084,0.00096780807,0.98599863
real,00015762_000.png,15762,,cardiomegaly_0,-6.83708,0.0010720821,0.98822594
real,00012129_000.png,12129,,cardiomegaly_0,-6.441221,0.0015919199,0.9803394
real,00007589_000.png,7589,,cardiomegaly_0,-6.7336845,0.001188725,0.98792255
real,00011310_000.png,11310,,cardiomegaly_0,-6.1512337,0.0021263207,0.96724087
real,00011029_001.png,11029,,cardiomegaly_0,-6.7266617,0.0011970926,0.9839953
real,00017824_000.png,17824,,cardiomegaly_0,-6.2550735,0.0019170028,0.962709
real,00003013_002.png,3013,,cardiomegaly_0,-6.3053036,0.0018232614,0.97168565
real,00013541_000.png,13541,,cardiomegaly_0,-5.5763817,0.003771959,0.9329321
real,00010905_017.png,10905,,cardiomegaly_0,-6.3972588,0.0016633469,0.9737913
real,00012784_000.png,12784,,cardiomegaly_0,-5.9585514,0.0025769938,0.96893746
real,00023943_000.png,23943,,cardiomegaly_0,-6.8617744,0.0010459592,0.9900003
real,00001470_001.png,1470,,cardiomegaly_0,-3.2015324,0.039108098,0.68578
real,00016417_005.png,16417,,cardiomegaly_0,-4.3567886,0.012657231,0.70648265
real,00017014_000.png,17014,,cardiomegaly_0,-6.7902985,0.0011233697,0.98570085
real,00001223_001.png,1223,,cardiomegaly_0,2.1523304,0.89588636,0.57681197
real,00022677_003.png,22677,,cardiomegaly_0,-3.1912937,0.039494675,0.5559037
real,00026292_004.png,26292,,cardiomegaly_0,0.7886677,0.6875452,0.28491527
real,00007113_000.png,7113,,cardiomegaly_0,-6.093933,0.002251436,0.97243416
real,00021976_001.png,21976,,cardiomegaly_0,-6.6471424,0.0012960432,0.9810293
real,00017729_006.png,17729,,cardiomegaly_0,-6.473673,0.0015411671,0.98216385
real,00015149_000.png,15149,,cardiomegaly_0,-5.9714355,0.0025440883,0.9344593
real,00029340_001.png,29340,,cardiomegaly_0,-6.533926,0.00145118,0.9827686
real,00011985_000.png,11985,,cardiomegaly_0,-6.751625,0.0011676134,0.97796
real,00025037_000.png,25037,,cardiomegaly_0,-6.7924194,0.0011209921,0.98726696
real,00009757_000.png,9757,,cardiomegaly_0,-4.613241,0.009822182,0.8496803
real,00001995_000.png,1995,,cardiomegaly_0,-6.682907,0.0012505667,0.9781155
real,00014560_000.png,14560,,cardiomegaly_0,-6.140896,0.0021483686,0.9748396
real,00025738_000.png,25738,,cardiomegaly_0,-6.6761036,0.0012590932,0.98380995
real,00024116_002.png,24116,,cardiomegaly_0,-3.6276073,0.025891514,0.6747914
real,00012537_000.png,12537,,cardiomegaly_0,-6.7071056,0.0012207045,0.98280966
real,00006005_000.png,6005,,cardiomegaly_0,-4.597933,0.00997219,0.75258106
real,00023422_000.png,23422,,cardiomegaly_0,-6.8384495,0.0010706164,0.98858666
real,00014662_001.png,14662,,cardiomegaly_0,-6.587496,0.0013755903,0.98262995
real,00015783_000.png,15783,,cardiomegaly_0,-3.8861256,0.020111922,0.75211114
real,00025058_000.png,25058,,cardiomegaly_0,-6.7177925,0.0012077442,0.986529
real,00008142_005.png,8142,,cardiomegaly_0,-6.7245197,0.0011996563,0.98504496
real,00016219_000.png,16219,,cardiomegaly_0,-6.175894,0.002074634,0.9756048
real,00020699_003.png,20699,,cardiomegaly_0,1.2326069,0.7742745,0.38442972
real,00020139_000.png,20139,,cardiomegaly_0,-6.345257,0.0017519771,0.9777739
real,00011237_004.png,11237,,cardiomegaly_0,-4.864691,0.00765516,0.8939245
real,00004466_000.png,4466,,cardiomegaly_0,-6.593302,0.0013676377,0.98454815
real,00003785_001.png,3785,,cardiomegaly_0,-5.18153,0.005588001,0.9185499
real,00022033_000.png,22033,,cardiomegaly_0,-6.5348873,0.0014497876,0.97557026
real,00016341_001.png,16341,,cardiomegaly_0,-6.2055817,0.0020140698,0.9766924
real,00009498_000.png,9498,,cardiomegaly_0,-6.7774277,0.0011379053,0.98361963
real,00003105_000.png,3105,,cardiomegaly_0,-6.6744747,0.0012611431,0.9889234
real,00020912_001.png,20912,,cardiomegaly_0,-6.93594,0.0009712647,0.98771065
real,00026599_001.png,26599,,cardiomegaly_0,-6.6027737,0.0013547621,0.9807866
real,00007379_000.png,7379,,cardiomegaly_0,-6.5765495,0.0013907095,0.98113763
real,00010920_006.png,10920,,cardiomegaly_0,-6.775755,0.0011398081,0.97936225
real,00004562_000.png,4562,,cardiomegaly_0,-6.164036,0.0020993294,0.9724395
real,00023219_000.png,23219,,cardiomegaly_0,-6.530554,0.0014560749,0.9749452
real,00003640_001.png,3640,,cardiomegaly_0,-6.531536,0.0014546474,0.98424006
real,00001170_003.png,1170,,cardiomegaly_0,6.549919,0.99857175,0.9891892
real,00001203_017.png,1203,,cardiomegaly_0,-6.490263,0.0015158483,0.97060835
real,00008185_001.png,8185,,cardiomegaly_0,-4.9212112,0.0072375317,0.8851105
real,00022389_000.png,22389,,cardiomegaly_0,-6.5586395,0.0014158059,0.9814484
real,00021424_000.png,21424,,cardiomegaly_0,-6.0012703,0.002469492,0.94437456
real,00030332_000.png,30332,,cardiomegaly_0,-6.7570076,0.001161353,0.98477536
real,00002225_002.png,2225,,cardiomegaly_0,4.744749,0.9913777,0.888185
real,00001803_013.png,1803,,cardiomegaly_0,2.213644,0.9014681,0.50328475
real,00023043_000.png,23043,,cardiomegaly_0,-6.273815,0.0018814766,0.9771893
real,00005530_001.png,5530,,cardiomegaly_0,-1.1884041,0.2335445,0.44659486
real,00030650_004.png,30650,,cardiomegaly_0,-4.3802814,0.012366976,0.84255457
real,00026736_000.png,26736,,cardiomegaly_0,-6.443451,0.0015883802,0.97674525
real,00011491_000.png,11491,,cardiomegaly_0,-6.314245,0.0018070602,0.97697365
real,00000705_002.png,705,,cardiomegaly_0,-5.927326,0.0026585131,0.946401
real,00016509_001.png,16509,,cardiomegaly_0,-6.84737,0.0010611184,0.9829732
real,00003320_002.png,3320,,cardiomegaly_0,-6.627743,0.001321398,0.98107934
real,00006030_000.png,6030,,cardiomegaly_0,-6.5021667,0.001497938,0.9818988
real,00012304_009.png,12304,,cardiomegaly_0,-4.9347935,0.007140591,0.8787413
real,00010445_001.png,10445,,cardiomegaly_0,-6.5335255,0.0014517605,0.9829795
real,00030196_003.png,30196,,cardiomegaly_0,-4.583658,0.01011411,0.8604223
real,00007258_004.png,7258,,cardiomegaly_0,-6.9208393,0.000986028,0.985062
real,00020292_000.png,20292,,cardiomegaly_0,-6.8524303,0.0010557681,0.98780954
real,00007389_001.png,7389,,cardiomegaly_0,2.248577,0.9045277,0.64958185
real,00005401_003.png,5401,,cardiomegaly_0,-6.8957424,0.0010110621,0.98751193
real,00024497_000.png,24497,,cardiomegaly_0,-6.59927,0.0013595109,0.9857822
real,00021409_007.png,21409,,cardiomegaly_0,6.532524,0.9985468,0.99017906
real,00022159_000.png,22159,,cardiomegaly_0,-6.8214684,0.0010889319,0.9909398
real,00002837_000.png,2837,,cardiomegaly_0,-4.6018085,0.009933999,0.8064398
real,00014939_000.png,14939,,cardiomegaly_0,-6.523222,0.001466774,0.9741051
real,00002114_000.png,2114,,cardiomegaly_0,-6.638256,0.0013075966,0.97724664
real,00024641_000.png,24641,,cardiomegaly_0,-6.612196,0.0013420741,0.978348
real,00028148_003.png,28148,,cardiomegaly_0,-4.6038876,0.009913571,0.8648387
real,00025230_000.png,25230,,cardiomegaly_0,-6.6209736,0.0013303611,0.9821169
real,00002793_003.png,2793,,cardiomegaly_0,-5.439665,0.004322176,0.94116217
real,00019640_003.png,19640,,cardiomegaly_0,-6.409992,0.0016423356,0.97713464
real,00005347_000.png,5347,,cardiomegaly_0,-7.1276836,0.0008019327,0.98909956
real,00024875_000.png,24875,,cardiomegaly_0,-6.9639225,0.00094448816,0.9884796
real,00017754_000.png,17754,,cardiomegaly_0,-6.2197437,0.001985804,0.9614439
real,00019868_002.png,19868,,cardiomegaly_0,-6.3920364,0.0016720416,0.9755641
real,00025020_000.png,25020,,cardiomegaly_0,-6.6977425,0.0012321736,0.9829681
real,00002736_001.png,2736,,cardiomegaly_0,-5.1608334,0.0057041924,0.90530425
real,00017592_000.png,17592,,cardiomegaly_0,-6.607233,0.0013487423,0.98039985
real,00023012_004.png,23012,,cardiomegaly_0,-6.272236,0.0018844448,0.9822457
real,00010152_001.png,10152,,cardiomegaly_0,-5.4796524,0.0041534556,0.89853275
real,00002685_001.png,2685,,cardiomegaly_0,-6.4586773,0.0015644156,0.97715694
real,00027847_002.png,27847,,cardiomegaly_0,-1.6351166,0.16313064,0.5525786
real,00026957_000.png,26957,,cardiomegaly_0,-6.561062,0.0014123854,0.9721688
real,00014695_002.png,14695,,cardiomegaly_0,7.751829,0.9995702,0.9931294
real,00029105_028.png,29105,,cardiomegaly_0,-6.139433,0.0021515072,0.96466804
real,00008335_000.png,8335,,cardiomegaly_0,-6.898451,0.0010083301,0.98572004
real,00000246_018.png,246,,cardiomegaly_0,-5.922888,0.0026703074,0.9363211
real,00015177_000.png,15177,,cardiomegaly_0,-6.3524227,0.0017394891,0.97562647
real,00002831_000.png,2831,,cardiomegaly_0,-6.58235,0.0013826776,0.97428834
real,00024326_000.png,24326,,cardiomegaly_0,-6.883671,0.0010233285,0.9895728
real,00005053_001.png,5053,,cardiomegaly_0,-6.863655,0.001043996,0.9815955
real,00003804_012.png,3804,,cardiomegaly_0,-6.5095043,0.0014870033,0.97890013
real,00021970_005.png,21970,,cardiomegaly_0,-6.4878464,0.0015195106,0.98539245
real,00016484_027.png,16484,,cardiomegaly_0,9.182508,0.9998971,0.99591005
real,00010892_000.png,10892,,cardiomegaly_0,-6.0778313,0.002287898,0.9666699
real,00014145_000.png,14145,,cardiomegaly_0,-5.933815,0.002641364,0.9710199
real,00027625_000.png,27625,,cardiomegaly_0,-6.3119545,0.001811197,0.971328
real,00025215_000.png,25215,,cardiomegaly_0,-4.354267,0.012688781,0.8210867
real,00002355_005.png,2355,,cardiomegaly_0,-6.2791405,0.0018715024,0.9696754
real,00011932_006.png,11932,,cardiomegaly_0,-6.6382904,0.0013075516,0.9810246
real,00014087_000.png,14087,,cardiomegaly_0,-6.725128,0.0011989275,0.982969
real,00004899_000.png,4899,,cardiomegaly_0,-6.3617,0.0017234539,0.9629666
real,00001775_003.png,1775,,cardiomegaly_0,-2.243351,0.09592454,0.48501614
real,00028598_000.png,28598,,cardiomegaly_0,-6.056139,0.0023379528,0.9570882
real,00019815_000.png,19815,,cardiomegaly_0,-6.28417,0.0018621305,0.9764737
real,00024789_001.png,24789,,cardiomegaly_0,-6.642397,0.0013022001,0.9802266
real,00005002_000.png,5002,,cardiomegaly_0,5.8886986,0.9972371,0.96003115
real,00003013_003.png,3013,,cardiomegaly_0,-6.2997665,0.001833366,0.9751598
real,00025438_000.png,25438,,cardiomegaly_0,-6.522875,0.0014672825,0.97876066
real,00029382_000.png,29382,,cardiomegaly_0,-6.649639,0.0012928157,0.9843161
real,00015313_013.png,15313,,cardiomegaly_0,-5.4461327,0.0042944304,0.8899447
real,00024474_000.png,24474,,cardiomegaly_0,-6.7471695,0.0011728214,0.98815495
real,00006694_001.png,6694,,cardiomegaly_0,-6.0935135,0.0022523787,0.97183466
real,00003576_000.png,3576,,cardiomegaly_0,-6.605667,0.0013508532,0.985526
real,00013288_001.png,13288,,cardiomegaly_0,-5.2775154,0.005079169,0.87716585
real,00001727_000.png,1727,,cardiomegaly_0,-5.074682,0.006214215,0.852898
real,00018844_000.png,18844,,cardiomegaly_0,6.3613663,0.998276,0.9834451
real,00013162_000.png,13162,,cardiomegaly_0,-6.5922394,0.0013690895,0.97121006
real,00018345_000.png,18345,,cardiomegaly_0,-5.8306293,0.002927632,0.9438479
real,00020341_000.png,20341,,cardiomegaly_0,-6.2645626,0.0018989326,0.96378523
real,00003804_000.png,3804,,cardiomegaly_0,-6.3549194,0.0017351591,0.97455186
real,00014809_010.png,14809,,cardiomegaly_0,-6.4376125,0.0015976661,0.9795898
real,00029487_001.png,29487,,cardiomegaly_0,-6.821102,0.0010893303,0.98298466
real,00029211_000.png,29211,,cardiomegaly_0,-6.217352,0.0019905497,0.9741923
real,00004435_004.png,4435,,cardiomegaly_0,-6.5509834,0.0014266715,0.9774622
real,00008142_001.png,8142,,cardiomegaly_0,-6.719267,0.0012059669,0.982521
real,00003499_004.png,3499,,cardiomegaly_0,-4.869751,0.007616815,0.85584325
real,00019163_000.png,19163,,cardiomegaly_0,-6.608101,0.0013475739,0.97974336
real,00010120_020.png,10120,,cardiomegaly_0,-6.4040813,0.0016520559,0.970425
real,00002402_000.png,2402,,cardiomegaly_0,-4.0041485,0.017913083,0.7945416
real,00029025_004.png,29025,,cardiomegaly_0,-5.935856,0.002635993,0.9678001
real,00011598_020.png,11598,,cardiomegaly_0,-6.0278187,0.002404949,0.9577638
real,00012855_000.png,12855,,cardiomegaly_0,6.398548,0.9983388,0.9687204
real,00030389_014.png,30389,,cardiomegaly_0,6.8271427,0.9989172,0.9842146
real,00024171_000.png,24171,,cardiomegaly_0,-6.6125965,0.0013415375,0.98136324
real,00007851_004.png,7851,,cardiomegaly_0,-6.7464504,0.001173664,0.98727876
real,00011932_005.png,11932,,cardiomegaly_0,-6.469763,0.0015471957,0.97685355
real,00027422_000.png,27422,,cardiomegaly_0,-6.611473,0.0013430434,0.9825174
real,00013397_000.png,13397,,cardiomegaly_0,-6.447878,0.001581375,0.97342396
real,00000318_009.png,318,,cardiomegaly_0,-6.287348,0.0018562337,0.9717745
real,00025924_005.png,25924,,cardiomegaly_0,-6.755436,0.0011631774,0.98662496
real,00001507_002.png,1507,,cardiomegaly_0,-6.0412197,0.002373011,0.9689099
real,00007851_001.png,7851,,cardiomegaly_0,-6.473425,0.0015415488,0.9885324
real,00026354_000.png,26354,,cardiomegaly_0,-5.1252995,0.0059093093,0.894172
real,00018642_001.png,18642,,cardiomegaly_0,-6.246996,0.0019325203,0.97097075
real,00016245_000.png,16245,,cardiomegaly_0,-6.961027,0.00094722415,0.99057776
real,00007340_004.png,7340,,cardiomegaly_0,-5.8744373,0.0028024989,0.9658643
real,00000273_009.png,273,,cardiomegaly_0,-5.8346977,0.0029157803,0.93795055
real,00017778_000.png,17778,,cardiomegaly_0,7.8284245,0.9996019,0.99271035
real,00023339_000.png,23339,,cardiomegaly_0,-6.0081825,0.0024525227,0.9412683
real,00006981_017.png,6981,,cardiomegaly_0,-6.552746,0.001424163,0.9767217
real,00017013_001.png,17013,,cardiomegaly_0,-6.5433235,0.0014376261,0.9839194
real,00019574_000.png,19574,,cardiomegaly_0,-3.6242104,0.025977328,0.758651
real,00029200_001.png,29200,,cardiomegaly_0,-5.766016,0.0031224315,0.95040727
real,00012772_006.png,12772,,cardiomegaly_0,-6.681164,0.001252746,0.9840853
real,00020624_013.png,20624,,cardiomegaly_0,-6.2439537,0.0019383967,0.9682734
real,00020060_004.png,20060,,cardiomegaly_0,-6.0995636,0.002238823,0.9646886
real,00017747_018.png,17747,,cardiomegaly_0,-3.552866,0.027844885,0.73625225
real,00000318_007.png,318,,cardiomegaly_0,-6.2688065,0.0018909061,0.9706596
real,00017930_002.png,17930,,cardiomegaly_0,-2.5691395,0.07115115,0.44846946
real,00021023_024.png,21023,,cardiomegaly_0,-6.5147457,0.0014792411,0.97549707
real,00011929_000.png,11929,,cardiomegaly_0,-6.247694,0.0019311741,0.9712417
real,00015142_000.png,15142,,cardiomegaly_0,3.7906418,0.97791755,0.83061457
real,00001222_007.png,1222,,cardiomegaly_0,-6.4128456,0.0016376637,0.9721509
real,00007159_000.png,7159,,cardiomegaly_0,-6.2452583,0.0019358743,0.96392405
real,00012669_000.png,12669,,cardiomegaly_0,-6.312578,0.0018100698,0.97257173
real,00027427_005.png,27427,,cardiomegaly_0,-4.72579,0.008785834,0.8592409
real,00016484_003.png,16484,,cardiomegaly_0,8.271952,0.9997445,0.994609
real,00001336_000.png,1336,,cardiomegaly_0,-6.8037415,0.001108386,0.98712766
real,00028358_000.png,28358,,cardiomegaly_0,6.8188114,0.99890816,0.9844549
real,00010015_000.png,10015,,cardiomegaly_0,-6.6211414,0.0013301382,0.9841603
real,00006002_000.png,6002,,cardiomegaly_0,-4.8315735,0.007910883,0.8994272
real,00000246_000.png,246,,cardiomegaly_0,-6.10779,0.002220522,0.9711127
real,00013098_000.png,13098,,cardiomegaly_0,-6.8766575,0.0010305233,0.98120254
real,00018869_000.png,18869,,cardiomegaly_0,-6.499407,0.0015020716,0.980949
real,00025696_002.png,25696,,cardiomegaly_0,7.6443005,0.9995215,0.995878
real,00001977_000.png,1977,,cardiomegaly_0,-6.4992905,0.0015022461,0.9686782
real,00014335_000.png,14335,,cardiomegaly_0,-6.4340706,0.0016033258,0.98015374
real,00025924_001.png,25924,,cardiomegaly_0,-5.8325386,0.0029220644,0.9488368
real,00026180_000.png,26180,,cardiomegaly_0,-6.0799656,0.0022830311,0.96392477
real,00022312_001.png,22312,,cardiomegaly_0,-6.9677696,0.00094086496,0.9871739
real,00005768_005.png,5768,,cardiomegaly_0,-6.3647404,0.0017182309,0.9666665
real,00019260_003.png,19260,,cardiomegaly_0,-6.401413,0.0016564628,0.9779454
real,00003548_002.png,3548,,cardiomegaly_0,-6.2931004,0.0018456058,0.9641411
real,00010695_018.png,10695,,cardiomegaly_0,-6.2270927,0.0019712923,0.9690526
real,00029428_000.png,29428,,cardiomegaly_0,-6.65769,0.0012824624,0.9866367
real,00026292_006.png,26292,,cardiomegaly_0,-6.0400333,0.0023758216,0.9513909
real,00004580_000.png,4580,,cardiomegaly_0,-6.564106,0.0014080985,0.9832666
real,00019554_000.png,19554,,cardiomegaly_0,-6.7166443,0.00120913,0.9838327
real,00011139_001.png,11139,,cardiomegaly_0,-2.8962078,0.052341342,0.45875922
real,00014126_000.png,14126,,cardiomegaly_0,-6.0586643,0.0023320697,0.97627354
real,00009815_004.png,9815,,cardiomegaly_0,-6.08638,0.0022684669,0.9613334
real,00017747_060.png,17747,,cardiomegaly_0,-5.917511,0.0026846651,0.9602316
real,00003464_001.png,3464,,cardiomegaly_0,-6.8347645,0.0010745648,0.98557305
real,00024003_000.png,24003,,cardiomegaly_0,-5.9603596,0.0025723504,0.94270086
real,00014171_001.png,14171,,cardiomegaly_0,-5.228222,0.0053344443,0.91529006
real,00021983_000.png,21983,,cardiomegaly_0,-6.6407146,0.0013043899,0.9763253
real,00006566_000.png,6566,,cardiomegaly_0,-5.9406395,0.0026234465,0.9371566
real,00021562_001.png,21562,,cardiomegaly_0,-6.0680923,0.002310237,0.9639713
real,00016698_001.png,16698,,cardiomegaly_0,-6.788786,0.0011250682,0.98808646
real,00017747_021.png,17747,,cardiomegaly_0,-3.934618,0.019178174,0.8127148
real,00020458_003.png,20458,,cardiomegaly_0,-3.7491016,0.022997547,0.6712155
real,00026833_000.png,26833,,cardiomegaly_0,-6.1262035,0.0021800967,0.9636197
real,00002962_000.png,2962,,cardiomegaly_0,-6.4697437,0.0015472252,0.97978824
real,00016865_000.png,16865,,cardiomegaly_0,-6.8700314,0.0010373673,0.9866389
real,00008157_000.png,8157,,cardiomegaly_0,-5.4882393,0.0041180896,0.9157088
real,00005063_000.png,5063,,cardiomegaly_0,-6.5558186,0.0014197999,0.9822038
real,00007424_001.png,7424,,cardiomegaly_0,-6.8386364,0.0010704165,0.9829055
real,00010964_000.png,10964,,cardiomegaly_0,-6.570593,0.0013990067,0.98570603
real,00023372_000.png,23372,,cardiomegaly_0,-6.500761,0.0015000419,0.97662586
real,00024386_000.png,24386,,cardiomegaly_0,-6.617285,0.0013352712,0.98139644
real,00010481_033.png,10481,,cardiomegaly_0,-5.6830826,0.0033915108,0.9367316
real,00001222_003.png,1222,,cardiomegaly_0,-6.7147923,0.0012113687,0.9832777
real,00001104_006.png,1104,,cardiomegaly_0,-5.453005,0.004265145,0.8975922
real,00016568_006.png,16568,,cardiomegaly_0,-5.6439724,0.0035263044,0.9465485
real,00017835_011.png,17835,,cardiomegaly_0,-5.225586,0.005348448,0.8658916
real,00006527_000.png,6527,,cardiomegaly_0,-6.8077774,0.0011039265,0.98888403
real,00001136_002.png,1136,,cardiomegaly_0,-6.390375,0.0016748168,0.9720429
real,00028457_000.png,28457,,cardiomegaly_0,-5.7240906,0.0032556881,0.9252835
real,00009378_006.png,9378,,cardiomegaly_0,-6.553549,0.0014230215,0.9803338
real,00021976_000.png,21976,,cardiomegaly_0,-5.9514523,0.0025953057,0.9372352
real,00029569_000.png,29569,,cardiomegaly_0,-6.48744,0.0015201269,0.9813622
real,00007082_000.png,7082,,cardiomegaly_0,-5.4949875,0.004090507,0.8968082
real,00015795_000.png,15795,,cardiomegaly_0,-5.923401,0.0026689412,0.95114726
real,00018616_000.png,18616,,cardiomegaly_0,-2.1839905,0.10119739,0.5150477
real,00019345_000.png,19345,,cardiomegaly_0,-5.477293,0.004163226,0.9114598
real,00007389_002.png,7389,,cardiomegaly_0,1.6377296,0.8372258,0.65320617
real,00017836_001.png,17836,,cardiomegaly_0,-4.256523,0.013973464,0.7079213
real,00023372_003.png,23372,,cardiomegaly_0,-6.574274,0.0013938732,0.9845783
real,00009090_001.png,9090,,cardiomegaly_0,-6.2293377,0.0019668804,0.97224146
real,00001222_000.png,1222,,cardiomegaly_0,-6.8607254,0.0010470559,0.98529196
real,00030690_000.png,30690,,cardiomegaly_0,-6.7844734,0.001129925,0.98704654
real,00025054_000.png,25054,,cardiomegaly_0,-6.944559,0.000962937,0.98584974
real,00007153_000.png,7153,,cardiomegaly_0,-5.4738464,0.0041775396,0.92493606
real,00012913_001.png,12913,,cardiomegaly_0,-6.617676,0.0013347499,0.9821416
real,00022266_000.png,22266,,cardiomegaly_0,-6.364483,0.0017186727,0.97933793
real,00027857_001.png,27857,,cardiomegaly_0,-6.8489323,0.001059464,0.986715
real,00012178_004.png,12178,,cardiomegaly_0,-6.811367,0.0010999753,0.9782547
real,00029847_000.png,29847,,cardiomegaly_0,-6.680956,0.0012530062,0.9876134
real,00006040_000.png,6040,,cardiomegaly_0,-6.5485897,0.0014300859,0.9767103
real,00020359_000.png,20359,,cardiomegaly_0,-6.7677193,0.0011489935,0.98854655
real,00008802_004.png,8802,,cardiomegaly_0,8.60322,0.9998166,0.9960694
real,00030783_000.png,30783,,cardiomegaly_0,-5.923815,0.0026678396,0.9488823
real,00001733_002.png,1733,,cardiomegaly_0,-6.456026,0.0015685622,0.9777611
real,00026105_000.png,26105,,cardiomegaly_0,-6.4514904,0.0015756816,0.9776511
real,00022135_010.png,22135,,cardiomegaly_0,-6.567793,0.0014029238,0.9850403
real,00029487_000.png,29487,,cardiomegaly_0,-6.2078724,0.0020094707,0.9590095
real,00016975_007.png,16975,,cardiomegaly_0,-5.8257256,0.0029419817,0.9674298
real,00001122_001.png,1122,,cardiomegaly_0,5.7568398,0.9968489,0.9478176
real,00017465_001.png,17465,,cardiomegaly_0,-6.7606583,0.0011571259,0.9817276
real,00021710_000.png,21710,,cardiomegaly_0,-6.3122063,0.0018107418,0.9757916
real,00015347_000.png,15347,,cardiomegaly_0,-4.9294815,0.00717835,0.8517507
real,00013408_015.png,13408,,cardiomegaly_0,-5.8903484,0.002758383,0.9557159
real,00000705_001.png,705,,cardiomegaly_0,-6.1625156,0.0021025164,0.9448893
real,00014809_020.png,14809,,cardiomegaly_0,-6.69619,0.0012340859,0.98382926
real,00008013_004.png,8013,,cardiomegaly_0,-5.5087566,0.004034796,0.93564427
real,00023156_007.png,23156,,cardiomegaly_0,-0.44189453,0.39128962,0.57214904
real,00029885_000.png,29885,,cardiomegaly_0,-6.696907,0.0012332023,0.9880922
real,00013723_001.png,13723,,cardiomegaly_0,-6.7351303,0.0011870096,0.98426
real,00004493_000.png,4493,,cardiomegaly_0,-5.1857796,0.005564437,0.8983054
real,00007616_002.png,7616,,cardiomegaly_0,-3.1208057,0.04225715,0.65124434
real,00018008_000.png,18008,,cardiomegaly_0,-6.433977,0.0016034753,0.97187465
real,00024125_000.png,24125,,cardiomegaly_0,2.9670086,0.9510612,0.6659074
real,00012304_003.png,12304,,cardiomegaly_0,-5.0514393,0.006359414,0.83346915
real,00004057_000.png,4057,,cardiomegaly_0,-6.443266,0.0015886736,0.9670232
real,00013625_018.png,13625,,cardiomegaly_0,-6.4698734,0.0015470248,0.9794345
real,00021475_000.png,21475,,cardiomegaly_0,-6.263296,0.0019013344,0.9691917
real,00020060_002.png,20060,,cardiomegaly_0,-6.2438545,0.0019385887,0.9532246
real,00015009_004.png,15009,,cardiomegaly_0,-6.1429462,0.0021439777,0.96444464
real,00003439_006.png,3439,,cardiomegaly_0,-6.4326973,0.0016055256,0.9786722
real,00012585_007.png,12585,,cardiomegaly_0,-6.236891,0.0019521095,0.9640848
real,00005768_008.png,5768,,cardiomegaly_0,-6.502409,0.0014975758,0.971235
real,00028027_005.png,28027,,cardiomegaly_0,-5.363613,0.0046621147,0.95284873
real,00019911_001.png,19911,,cardiomegaly_0,-6.6395874,0.0013058592,0.98079973
real,00029678_000.png,29678,,cardiomegaly_0,-4.867897,0.0076308423,0.86880994
real,00002825_003.png,2825,,cardiomegaly_0,-6.663355,0.0012752273,0.9801054
real,00002383_001.png,2383,,cardiomegaly_0,7.307806,0.99933016,0.99070656
real,00003570_003.png,3570,,cardiomegaly_0,-6.5944176,0.0013661145,0.978377
real,00012975_006.png,12975,,cardiomegaly_0,-4.662586,0.009353694,0.8745783
real,00002816_001.png,2816,,cardiomegaly_0,-6.744871,0.0011755169,0.98602355
real,00007325_000.png,7325,,cardiomegaly_0,-2.5012398,0.07577131,0.6636596
real,00013372_001.png,13372,,cardiomegaly_0,-5.7415314,0.0031995787,0.9293933
real,00006574_000.png,6574,,cardiomegaly_0,-6.5771255,0.0013899099,0.98297316
real,00014295_001.png,14295,,cardiomegaly_0,-6.694401,0.0012362931,0.9847634
real,00006024_011.png,6024,,cardiomegaly_0,-6.6646442,0.0012735861,0.9869901
real,00013489_000.png,13489,,cardiomegaly_0,-6.632025,0.0013157593,0.9771089
real,00029870_000.png,29870,,cardiomegaly_0,-6.2718773,0.0018851194,0.9704136
real,00023506_000.png,23506,,cardiomegaly_0,-6.709219,0.0012181306,0.987364
real,00000865_008.png,865,,cardiomegaly_0,-6.3187065,0.0017990309,0.9673142
real,00000877_033.png,877,,cardiomegaly_0,-6.6701202,0.0012666398,0.9848144
real,00011726_000.png,11726,,cardiomegaly_0,-6.527708,0.0014602182,0.976262
real,00017785_000.png,17785,,cardiomegaly_0,-6.6913586,0.0012400552,0.96728444
real,00027829_000.png,27829,,cardiomegaly_0,-6.673439,0.0012624483,0.97642004
real,00000023_000.png,23,,cardiomegaly_0,-5.66391,0.0034569353,0.94688463
real,00026299_000.png,26299,,cardiomegaly_0,-6.3416443,0.0017583065,0.9681668
real,00019963_000.png,19963,,cardiomegaly_0,-6.4381523,0.0015968052,0.9736964
real,00005579_001.png,5579,,cardiomegaly_0,-6.542877,0.0014382667,0.9754069
real,00015338_011.png,15338,,cardiomegaly_0,-5.8173122,0.0029667642,0.9470254
real,00009090_003.png,9090,,cardiomegaly_0,-5.657757,0.0034781974,0.924672
real,00010042_004.png,10042,,cardiomegaly_0,-5.923544,0.0026685605,0.98198247
real,00025527_001.png,25527,,cardiomegaly_0,-5.8035088,0.0030078758,0.94630915
real,00022827_000.png,22827,,cardiomegaly_0,-6.7369633,0.0011848385,0.98804975
real,00021305_000.png,21305,,cardiomegaly_0,-6.721834,0.0012028784,0.98241496
real,00004018_000.png,4018,,cardiomegaly_0,-6.9194546,0.000987393,0.98903817
real,00014922_000.png,14922,,cardiomegaly_0,-6.800232,0.0011122783,0.98643035
real,00002566_000.png,2566,,cardiomegaly_0,-5.863699,0.0028326698,0.9372882
real,00008136_000.png,8136,,cardiomegaly_0,-6.5078716,0.0014894295,0.9776059
real,00008929_000.png,8929,,cardiomegaly_0,-2.995617,0.047624283,0.69012284
real,00000949_009.png,949,,cardiomegaly_0,-6.4779873,0.0015345424,0.9626263
real,00028533_000.png,28533,,cardiomegaly_0,-6.1816597,0.0020627307,0.9593573
real,00001170_044.png,1170,,cardiomegaly_0,-5.191515,0.00553279,0.9123703
real,00010905_011.png,10905,,cardiomegaly_0,-6.2909546,0.001849563,0.97158206
real,00000169_001.png,169,,cardiomegaly_0,-6.3695927,0.001709928,0.97533184
real,00000318_000.png,318,,cardiomegaly_0,-6.5595646,0.0014144987,0.9858829
real,00022334_000.png,22334,,cardiomegaly_0,-6.834608,0.0010747326,0.9849285
real,00016195_000.png,16195,,cardiomegaly_0,7.1050014,0.99917966,0.9621003
real,00008698_000.png,8698,,cardiomegaly_0,9.322769,0.9999106,0.9953179
real,00015313_012.png,15313,,cardiomegaly_0,-6.6602383,0.0012792026,0.97830254
real,00026815_003.png,26815,,cardiomegaly_0,-6.312866,0.0018095494,0.9719045
real,00008386_001.png,8386,,cardiomegaly_0,-6.474579,0.0015397737,0.9863733
real,00028766_004.png,28766,,cardiomegaly_0,-4.419613,0.011895681,0.81361204
real,00006674_001.png,6674,,cardiomegaly_0,-6.734722,0.0011874937,0.983296
real,00014719_002.png,14719,,cardiomegaly_0,-6.390869,0.0016739912,0.96754545
real,00003174_013.png,3174,,cardiomegaly_0,-6.7789574,0.0011361679,0.98734665
real,00005347_001.png,5347,,cardiomegaly_0,-6.6910534,0.0012404332,0.9808271
real,00024931_000.png,24931,,cardiomegaly_0,-6.8345604,0.0010747839,0.98271984
real,00010120_000.png,10120,,cardiomegaly_0,-6.481312,0.001529457,0.9730145
real,00012653_001.png,12653,,cardiomegaly_0,-6.049122,0.0023543774,0.9656487
real,00015840_000.png,15840,,cardiomegaly_0,-6.6153984,0.0013377889,0.9832011
real,00010713_001.png,10713,,cardiomegaly_0,-3.3926563,0.032525763,0.56521714
real,00021344_000.png,21344,,cardiomegaly_0,-2.4611473,0.07862718,0.5764705
real,00002073_001.png,2073,,cardiomegaly_0,-4.09297,0.016415624,0.7738333
real,00026111_001.png,26111,,cardiomegaly_0,-6.2086716,0.0020078688,0.9688815
real,00016484_023.png,16484,,cardiomegaly_0,0.24958992,0.56207556,0.26065952
real,00028566_000.png,28566,,cardiomegaly_0,-7.165943,0.00077185384,0.9910473
real,00007931_000.png,7931,,cardiomegaly_0,-6.441042,0.001592205,0.97825813
real,00003042_001.png,3042,,cardiomegaly_0,-6.3669643,0.0017144203,0.97539765
real,00011153_000.png,11153,,cardiomegaly_0,-0.23751068,0.44089988,0.34442455
real,00021716_002.png,21716,,cardiomegaly_0,-5.5731125,0.0037842637,0.9268331
real,00025676_000.png,25676,,cardiomegaly_0,-6.7073135,0.0012204511,0.98753774
real,00006123_003.png,6123,,cardiomegaly_0,-6.6923676,0.0012388062,0.9862388
real,00004773_001.png,4773,,cardiomegaly_0,-6.190428,0.0020447606,0.967541
real,00012797_000.png,12797,,cardiomegaly_0,-6.8833523,0.0010236542,0.9845451
real,00016842_002.png,16842,,cardiomegaly_0,-6.543783,0.0014369662,0.9843076
real,00011732_000.png,11732,,cardiomegaly_0,-6.149849,0.0021292607,0.9612759
real,00009777_000.png,9777,,cardiomegaly_0,-6.546913,0.001432482,0.97511595
real,00024861_000.png,24861,,cardiomegaly_0,-6.6267147,0.0013227554,0.98230636
real,00029926_000.png,29926,,cardiomegaly_0,-6.4532204,0.0015729623,0.9783813
real,00010071_001.png,10071,,cardiomegaly_0,-6.47534,0.0015386041,0.9781797
real,00022788_004.png,22788,,cardiomegaly_0,-6.150366,0.0021281627,0.9758552
real,00029648_000.png,29648,,cardiomegaly_0,-6.844778,0.0010638697,0.9891038
real,00011910_009.png,11910,,cardiomegaly_0,-6.5762196,0.0013911678,0.9801228
real,00021972_024.png,21972,,cardiomegaly_0,0.81198883,0.69253314,0.4636628
real,00016410_000.png,16410,,cardiomegaly_0,-6.76001,0.0011578756,0.98900515
real,00013181_003.png,13181,,cardiomegaly_0,-6.197174,0.0020310404,0.9779288
real,00005614_001.png,5614,,cardiomegaly_0,-6.6735115,0.001262357,0.98466337
real,00014110_000.png,14110,,cardiomegaly_0,-3.2376556,0.037773006,0.53946054
real,00028148_015.png,28148,,cardiomegaly_0,-4.704979,0.008968934,0.8248296
real,00013427_000.png,13427,,cardiomegaly_0,-6.523918,0.0014657549,0.9764314
real,00016879_000.png,16879,,cardiomegaly_0,-6.5580406,0.001416653,0.9745096
real,00013723_000.png,13723,,cardiomegaly_0,-6.710264,0.0012168597,0.98627114
real,00000085_000.png,85,,cardiomegaly_0,-5.0794315,0.0061849537,0.8730537
real,00026599_000.png,26599,,cardiomegaly_0,-6.9257355,0.0009812168,0.98733294
real,00017729_001.png,17729,,cardiomegaly_0,-6.520527,0.0014707266,0.9819959
real,00016255_000.png,16255,,cardiomegaly_0,-5.5495987,0.003873952,0.92809653
real,00020758_000.png,20758,,cardiomegaly_0,8.123138,0.99970347,0.9922796
real,00030029_000.png,30029,,cardiomegaly_0,-6.8493958,0.0010589735,0.98811316
real,00006098_006.png,6098,,cardiomegaly_0,-6.35651,0.0017324061,0.96132493
real,00023625_000.png,23625,,cardiomegaly_0,-6.7564793,0.001161966,0.98686296
real,00009034_006.png,9034,,cardiomegaly_0,3.0509872,0.95482516,0.7276167
real,00009061_000.png,9061,,cardiomegaly_0,-6.7054615,0.0012227107,0.98845583
real,00008359_000.png,8359,,cardiomegaly_0,-5.8291073,0.0029320787,0.95206225
real,00001170_004.png,1170,,cardiomegaly_0,-5.131319,0.005874053,0.9129032
real,00015087_011.png,15087,,cardiomegaly_0,-6.609167,0.0013461398,0.97721666
real,00005401_007.png,5401,,cardiomegaly_0,-5.2245903,0.005353748,0.8683188
real,00020631_001.png,20631,,cardiomegaly_0,-6.622967,0.0013277156,0.9790721
real,00010984_003.png,10984,,cardiomegaly_0,-6.1954937,0.002034449,0.9612092
real,00025075_005.png,25075,,cardiomegaly_0,-5.8729496,0.0028066598,0.93522996
real,00018448_017.png,18448,,cardiomegaly_0,-6.4756203,0.0015381734,0.9862204
real,00000341_000.png,341,,cardiomegaly_0,-6.717993,0.0012075026,0.9754813
real,00006955_000.png,6955,,cardiomegaly_0,-6.5484715,0.0014302548,0.9793494
real,00002168_000.png,2168,,cardiomegaly_0,-6.7999077,0.0011126386,0.9867792
real,00025483_000.png,25483,,cardiomegaly_0,-2.5838299,0.07018638,0.4259626
real,00008562_000.png,8562,,cardiomegaly_0,-7.091358,0.00083157414,0.99197763
real,00028614_000.png,28614,,cardiomegaly_0,-6.8032303,0.001108952,0.98502445
real,00005014_014.png,5014,,cardiomegaly_0,-4.745117,0.008619108,0.80896735
real,00024583_000.png,24583,,cardiomegaly_0,-6.743355,0.0011772986,0.9857215
real,00026264_000.png,26264,,cardiomegaly_0,-6.449915,0.0015781622,0.9759184
real,00017111_006.png,17111,,cardiomegaly_0,-5.60128,0.0036795433,0.96905136
real,00012074_000.png,12074,,cardiomegaly_0,-6.54513,0.0014350353,0.9744307
real,00013303_000.png,13303,,cardiomegaly_0,-6.660269,0.0012791636,0.98280907
real,00005552_000.png,5552,,cardiomegaly_0,3.993969,0.98190695,0.8544594
real,00016205_006.png,16205,,cardiomegaly_0,-5.598711,0.0036889743,0.9304414
real,00010481_029.png,10481,,cardiomegaly_0,-6.1888847,0.0020479118,0.9754558
real,00022788_003.png,22788,,cardiomegaly_0,-6.5647507,0.0014071922,0.98380286
real,00020802_000.png,20802,,cardiomegaly_0,-6.863659,0.001043992,0.98688936
real,00023133_002.png,23133,,cardiomegaly_0,-6.153013,0.002122548,0.96546745
real,00011770_008.png,11770,,cardiomegaly_0,-4.424835,0.011834453,0.76149356
real,00029286_000.png,29286,,cardiomegaly_0,-6.56546,0.0014061956,0.98581535
real,00029203_000.png,29203,,cardiomegaly_0,2.6378765,0.93325984,0.5729385
real,00021424_004.png,21424,,cardiomegaly_0,-5.7374706,0.003212556,0.9220853
real,00021409_000.png,21409,,cardiomegaly_0,6.3847237,0.9983157,0.98399484
real,00011932_007.png,11932,,cardiomegaly_0,-6.5503235,0.001427612,0.96850914
real,00001713_000.png,1713,,cardiomegaly_0,2.289177,0.9079767,0.42689982
real,00012980_000.png,12980,,cardiomegaly_0,-5.8000183,0.003018361,0.947845
real,00028229_000.png,28229,,cardiomegaly_0,-6.763283,0.0011540964,0.98780197
real,00028282_000.png,28282,,cardiomegaly_0,-6.6341915,0.0013129152,0.98242
real,00013533_001.png,13533,,cardiomegaly_0,-6.66671,0.0012709614,0.9824422
real,00004318_000.png,4318,,cardiomegaly_0,-6.6268272,0.0013226067,0.97701705
real,00001974_007.png,1974,,cardiomegaly_0,-5.811123,0.0029851284,0.9416731
real,00009699_000.png,9699,,cardiomegaly_0,4.7460327,0.99138874,0.9303515
real,00014838_000.png,14838,,cardiomegaly_0,-6.612278,0.0013419642,0.9813352
real,00012919_000.png,12919,,cardiomegaly_0,3.3821163,0.9671409,0.7099677
real,00006526_000.png,6526,,cardiomegaly_0,-6.4392357,0.001595079,0.9784358
real,00008054_000.png,8054,,cardiomegaly_0,-6.6937504,0.0012370964,0.98222846
real,00009652_000.png,9652,,cardiomegaly_0,6.129883,0.9978278,0.96734625
real,00012585_002.png,12585,,cardiomegaly_0,-6.709053,0.0012183324,0.9826966
real,00012086_000.png,12086,,cardiomegaly_0,-6.694689,0.0012359374,0.9848804
real,00025908_000.png,25908,,cardiomegaly_0,-6.526703,0.0014616847,0.9784064
real,00016842_000.png,16842,,cardiomegaly_0,-6.598572,0.0013604589,0.9873131
real,00008593_002.png,8593,,cardiomegaly_0,-6.1815453,0.0020629663,0.9832459
real,00019857_001.png,19857,,cardiomegaly_0,-6.380577,0.0016912797,0.9755266
real,00017111_008.png,17111,,cardiomegaly_0,-5.6601143,0.0034700355,0.95792645
real,00021652_000.png,21652,,cardiomegaly_0,-6.873083,0.0010342095,0.98909694
real,00022883_016.png,22883,,cardiomegaly_0,-1.1182156,0.24634242,0.6037985
real,00004378_001.png,4378,,cardiomegaly_0,-6.8909264,0.0010159381,0.9886276
real,00021705_000.png,21705,,cardiomegaly_0,-6.617798,0.0013345871,0.9888892
real,00016769_000.png,16769,,cardiomegaly_0,5.6344795,0.9964401,0.9425339
real,00008806_009.png,8806,,cardiomegaly_0,-5.582815,0.0037478607,0.8833247
real,00016789_006.png,16789,,cardiomegaly_0,-6.154749,0.0021188748,0.9731179
real,00018044_004.png,18044,,cardiomegaly_0,-6.2356644,0.0019545,0.94782674
real,00000463_000.png,463,,cardiomegaly_0,-6.436571,0.0015993279,0.96717864
real,00012017_000.png,12017,,cardiomegaly_0,-6.417122,0.001630687,0.9790232
real,00009369_000.png,9369,,cardiomegaly_0,-6.5907154,0.0013711746,0.9793523
real,00001059_006.png,1059,,cardiomegaly_0,-6.253834,0.0019193763,0.9634065
real,00005532_033.png,5532,,cardiomegaly_0,6.8268356,0.99891686,0.9513428
real,00009409_002.png,9409,,cardiomegaly_0,-6.8582554,0.0010496426,0.986582
real,00025432_000.png,25432,,cardiomegaly_0,-6.478342,0.0015339991,0.9711963
real,00014523_000.png,14523,,cardiomegaly_0,-6.5422,0.0014392396,0.9811158
real,00027084_000.png,27084,,cardiomegaly_0,-6.663084,0.0012755722,0.9836928
real,00007719_000.png,7719,,cardiomegaly_0,-6.715971,0.0012099434,0.98512596
real,00012585_014.png,12585,,cardiomegaly_0,-6.405054,0.0016504524,0.967022
real,00006791_002.png,6791,,cardiomegaly_0,-5.8042965,0.0030055144,0.9280883
real,00016789_008.png,16789,,cardiomegaly_0,-6.239546,0.0019469432,0.977727
real,00018603_000.png,18603,,cardiomegaly_0,-6.3143234,0.0018069192,0.9757424
real,00012400_000.png,12400,,cardiomegaly_0,-6.785303,0.001128989,0.98453474
real,00026299_001.png,26299,,cardiomegaly_0,-6.5068626,0.0014909308,0.9711219
real,00000821_000.png,821,,cardiomegaly_0,-6.3499966,0.0017437073,0.9640167
real,00003570_005.png,3570,,cardiomegaly_0,-6.747511,0.0011724215,0.9852757
real,00012476_001.png,12476,,cardiomegaly_0,-6.6666527,0.0012710339,0.9857573
real,00023964_000.png,23964,,cardiomegaly_0,-6.335785,0.0017686212,0.9643941
real,00006002_003.png,6002,,cardiomegaly_0,-6.1735115,0.0020795718,0.95657855
real,00008806_000.png,8806,,cardiomegaly_0,-6.23081,0.0019639921,0.9685145
real,00030149_000.png,30149,,cardiomegaly_0,-6.920418,0.0009864433,0.9845381
real,00010936_001.png,10936,,cardiomegaly_0,-5.8057575,0.0030011397,0.9323598
real,00024948_000.png,24948,,cardiomegaly_0,-6.8489037,0.0010594942,0.98691386
real,00029393_000.png,29393,,cardiomegaly_0,-6.4836426,0.0015259018,0.9725379
real,00023266_005.png,23266,,cardiomegaly_0,-5.790287,0.0030477871,0.92910665
real,00018284_023.png,18284,,cardiomegaly_0,-5.503744,0.0040549887,0.9565808
real,00006024_002.png,6024,,cardiomegaly_0,-5.70945,0.0033035462,0.96008724
real,00016724_002.png,16724,,cardiomegaly_0,-6.0819225,0.002278578,0.9723991
real,00009936_000.png,9936,,cardiomegaly_0,-0.7832184,0.31362665,0.39135286
real,00010682_000.png,10682,,cardiomegaly_0,-6.486534,0.0015215027,0.97393066
real,00003785_006.png,3785,,cardiomegaly_0,-6.320591,0.0017956499,0.96479356
real,00015938_000.png,15938,,cardiomegaly_0,-5.9451294,0.0026117244,0.9616549
real,00013952_006.png,13952,,cardiomegaly_0,-5.986574,0.0025059602,0.9222388
real,00014352_004.png,14352,,cardiomegaly_0,-6.669821,0.0012670187,0.97721916
real,00004547_000.png,4547,,cardiomegaly_0,-6.6251698,0.0013247977,0.98745495
real,00029140_000.png,29140,,cardiomegaly_0,-5.5320606,0.0039422223,0.95172554
real,00012625_012.png,12625,,cardiomegaly_0,-6.8022366,0.0011100534,0.98842067
real,00011987_000.png,11987,,cardiomegaly_0,-6.309288,0.0018160242,0.9751395
real,00016388_000.png,16388,,cardiomegaly_0,-6.5506973,0.0014270792,0.9869273
real,00021362_000.png,21362,,cardiomegaly_0,-5.9512234,0.0025958985,0.96327084
real,00002515_001.png,2515,,cardiomegaly_0,-6.392601,0.0016710995,0.9707207
real,00028465_001.png,28465,,cardiomegaly_0,-6.2928505,0.0018460662,0.9582757
real,00025466_000.png,25466,,cardiomegaly_0,-6.7110214,0.0012159396,0.9870204
real,00018822_000.png,18822,,cardiomegaly_0,-6.572891,0.0013957993,0.98038554
real,00010481_004.png,10481,,cardiomegaly_0,-6.302376,0.0018285974,0.9772587
real,00024245_000.png,24245,,cardiomegaly_0,-6.6144657,0.0013390356,0.98325324
real,00022341_000.png,22341,,cardiomegaly_0,-6.7030945,0.0012256048,0.98607713
real,00008318_000.png,8318,,cardiomegaly_0,4.260206,0.9860772,0.8331565
real,00022532_000.png,22532,,cardiomegaly_0,-6.925503,0.000981445,0.99028444
real,00018044_041.png,18044,,cardiomegaly_0,-3.3082848,0.035288066,0.62282366
real,00001248_034.png,1248,,cardiomegaly_0,-5.803196,0.003008814,0.9531902
real,00030001_000.png,30001,,cardiomegaly_0,-5.760807,0.003138687,0.9699273
real,00016123_000.png,16123,,cardiomegaly_0,-6.6014595,0.0013565413,0.9796552
real,00001075_044.png,1075,,cardiomegaly_0,6.4141693,0.9983645,0.9716064
real,00022155_017.png,22155,,cardiomegaly_0,-2.429535,0.08094806,0.5835295
real,00020312_030.png,20312,,cardiomegaly_0,-6.586445,0.0013770348,0.9804264
real,00003362_002.png,3362,,cardiomegaly_0,-6.3592396,0.0017276921,0.98125404
real,00020572_001.png,20572,,cardiomegaly_0,-6.7129498,0.0012136,0.978721
real,00009138_022.png,9138,,cardiomegaly_0,2.2023506,0.9004604,0.75033766
real,00007131_006.png,7131,,cardiomegaly_0,-6.5624638,0.0014104096,0.9818821
real,00012329_001.png,12329,,cardiomegaly_0,-6.6165676,0.0013362279,0.9784126
real,00008185_000.png,8185,,cardiomegaly_0,3.737009,0.97672915,0.8759742
real,00018547_000.png,18547,,cardiomegaly_0,-6.6760845,0.0012591172,0.9837597
real,00029423_000.png,29423,,cardiomegaly_0,-5.2564907,0.0051865284,0.9532751
real,00017326_001.png,17326,,cardiomegaly_0,-6.8613853,0.0010463658,0.98690975
real,00014307_001.png,14307,,cardiomegaly_0,-6.7656727,0.0011513447,0.9842613
real,00006674_000.png,6674,,cardiomegaly_0,-6.7314625,0.0011913662,0.9857953
real,00018044_003.png,18044,,cardiomegaly_0,-6.174589,0.0020773367,0.9606469
real,00019406_000.png,19406,,cardiomegaly_0,-6.130127,0.0021715786,0.9708708
real,00003896_004.png,3896,,cardiomegaly_0,-6.051626,0.0023485022,0.97517794
real,00011932_003.png,11932,,cardiomegaly_0,-3.7826862,0.022254912,0.7290924
real,00019317_000.png,19317,,cardiomegaly_0,-6.6916466,0.0012396986,0.9792052
real,00002139_000.png,2139,,cardiomegaly_0,-6.784733,0.0011296322,0.9825329
real,00013678_003.png,13678,,cardiomegaly_0,-6.398329,0.0016615711,0.972337
real,00016512_001.png,16512,,cardiomegaly_0,-6.4696846,0.0015473166,0.9698006
real,00008502_000.png,8502,,cardiomegaly_0,-6.6117,0.0013427391,0.98598933
real,00014294_003.png,14294,,cardiomegaly_0,-5.172756,0.0056369673,0.9205698
real,00018011_000.png,18011,,cardiomegaly_0,-6.2348614,0.0019560673,0.97064114
real,00001203_002.png,1203,,cardiomegaly_0,-6.5529613,0.0014238566,0.9781053
real,00005250_001.png,5250,,cardiomegaly_0,-6.801111,0.0011113018,0.9830551
real,00028042_000.png,28042,,cardiomegaly_0,-6.727255,0.0011963835,0.9812365
real,00017330_000.png,17330,,cardiomegaly_0,-6.2094727,0.0020062642,0.9776593
real,00010936_003.png,10936,,cardiomegaly_0,-5.7466774,0.0031832082,0.9333389
real,00011380_022.png,11380,,cardiomegaly_0,-5.740406,0.00320317,0.93679845
real,00009105_003.png,9105,,cardiomegaly_0,-6.137144,0.0021564264,0.96531993
real,00006012_000.png,6012,,cardiomegaly_0,-6.612589,0.0013415477,0.9840748
real,00006040_005.png,6040,,cardiomegaly_0,-6.151354,0.0021260655,0.9690188
real,00011279_000.png,11279,,cardiomegaly_0,-5.7766037,0.003089648,0.9584292
real,00016485_000.png,16485,,cardiomegaly_0,-5.793686,0.003037477,0.93527573
real,00003094_003.png,3094,,cardiomegaly_0,-5.4607506,0.004232375,0.87675446
real,00020699_001.png,20699,,cardiomegaly_0,-5.271305,0.005110649,0.9093427
real,00001213_003.png,1213,,cardiomegaly_0,-6.803129,0.0011090641,0.9837881
real,00028764_000.png,28764,,cardiomegaly_0,-6.927532,0.000979457,0.9916791
real,00005501_000.png,5501,,cardiomegaly_0,-6.96212,0.0009461904,0.98709744
real,00012051_004.png,12051,,cardiomegaly_0,-6.737789,0.0011838615,0.98129815
real,00023621_000.png,23621,,cardiomegaly_0,-6.751602,0.0011676402,0.9824209
real,00001174_000.png,1174,,cardiomegaly_0,-6.605459,0.0013511337,0.9856701
real,00012536_001.png,12536,,cardiomegaly_0,-4.5315647,0.010649195,0.8267302
real,00004490_005.png,4490,,cardiomegaly_0,-6.525593,0.0014633058,0.9758428
real,00014462_001.png,14462,,cardiomegaly_0,-6.223036,0.0019792903,0.97140676
real,00007623_002.png,7623,,cardiomegaly_0,-6.496649,0.0015062139,0.9871003
real,00015449_000.png,15449,,cardiomegaly_0,-5.4682064,0.0042010685,0.93231934
real,00002585_001.png,2585,,cardiomegaly_0,-5.4217377,0.0044000144,0.9466257
real,00001292_000.png,1292,,cardiomegaly_0,-6.5814514,0.0013839185,0.97763884
real,00007313_002.png,7313,,cardiomegaly_0,-6.322338,0.001792521,0.97348654
real,00024273_000.png,24273,,cardiomegaly_0,-6.6921825,0.0012390352,0.97940433
real,00008728_000.png,8728,,cardiomegaly_0,-6.4260864,0.0016161575,0.97835404
real,00025832_003.png,25832,,cardiomegaly_0,-6.230112,0.001965361,0.95812887
real,00010453_000.png,10453,,cardiomegaly_0,-6.822338,0.0010879864,0.9831059
real,00004589_000.png,4589,,cardiomegaly_0,-6.320137,0.0017964636,0.9740619
real,00021375_007.png,21375,,cardiomegaly_0,-6.4477577,0.0015815649,0.98391634
real,00007019_001.png,7019,,cardiomegaly_0,-6.8262634,0.0010837287,0.98477787
real,00011910_003.png,11910,,cardiomegaly_0,-6.1829205,0.0020601372,0.9668781
real,00015056_005.png,15056,,cardiomegaly_0,-6.4669266,0.0015515833,0.9842181
real,00028766_002.png,28766,,cardiomegaly_0,-5.997772,0.0024781239,0.95981824
real,00017020_000.png,17020,,cardiomegaly_0,-6.0034485,0.002464132,0.936597
real,00016939_000.png,16939,,cardiomegaly_0,-6.6951237,0.0012354007,0.9841499
real,00015795_003.png,15795,,cardiomegaly_0,-6.144106,0.002141498,0.9654601
real,00006024_006.png,6024,,cardiomegaly_0,-5.9459,0.0026097181,0.9546405
real,00016191_019.png,16191,,cardiomegaly_0,-6.4035587,0.001652918,0.9715759
real,00017747_061.png,17747,,cardiomegaly_0,-6.116312,0.0022017204,0.9842247
real,00010246_000.png,10246,,cardiomegaly_0,-3.9687061,0.018547364,0.70639193
real,00004943_000.png,4943,,cardiomegaly_0,-6.1820583,0.0020619102,0.9578536
real,00021288_000.png,21288,,cardiomegaly_0,-6.381998,0.0016888822,0.98093593
real,00025046_000.png,25046,,cardiomegaly_0,-6.812948,0.0010982392,0.9827787
real,00015338_003.png,15338,,cardiomegaly_0,-6.482033,0.0015283565,0.9778971
real,00014504_000.png,14504,,cardiomegaly_0,-5.8773956,0.0027942436,0.9641365
real,00014281_000.png,14281,,cardiomegaly_0,-6.596222,0.0013636551,0.9750416
real,00006098_007.png,6098,,cardiomegaly_0,-6.404867,0.0016507604,0.96980417
real,00004695_000.png,4695,,cardiomegaly_0,-6.273388,0.0018822792,0.9542215
real,00027153_001.png,27153,,cardiomegaly_0,-5.5824223,0.0037493282,0.95513725
real,00028027_002.png,28027,,cardiomegaly_0,-3.8583202,0.020667268,0.73684883
real,00004834_000.png,4834,,cardiomegaly_0,-6.7426147,0.0011781692,0.98598415
real,00006002_001.png,6002,,cardiomegaly_0,-6.2800007,0.0018698961,0.9724083
real,00002825_001.png,2825,,cardiomegaly_0,-6.189287,0.0020470892,0.9602811
real,00021569_000.png,21569,,cardiomegaly_0,-6.7092075,0.0012181447,0.9868541
real,00013138_002.png,13138,,cardiomegaly_0,-6.4065266,0.0016480278,0.97854084
real,00014029_000.png,14029,,cardiomegaly_0,-6.946947,0.00096064253,0.98879933
real,00021614_001.png,21614,,cardiomegaly_0,-6.661581,0.0012774883,0.9788186
real,00014045_000.png,14045,,cardiomegaly_0,-6.001789,0.0024682141,0.94877476
real,00006202_000.png,6202,,cardiomegaly_0,8.532518,0.9998031,0.99545634
real,00020060_007.png,20060,,cardiomegaly_0,-1.4196911,0.19471003,0.46916202
real,00001587_000.png,1587,,cardiomegaly_0,-6.61677,0.0013359579,0.9763576
real,00020674_000.png,20674,,cardiomegaly_0,-6.6952744,0.0012352149,0.9803093
real,00022763_000.png,22763,,cardiomegaly_0,-6.2885265,0.001854051,0.96419543
real,00025832_004.png,25832,,cardiomegaly_0,-5.938265,0.0026296673,0.9418099
real,00000877_007.png,877,,cardiomegaly_0,-6.3307514,0.0017775302,0.97462523
real,00008733_000.png,8733,,cardiomegaly_0,-6.5269012,0.0014613952,0.98334855
real,00005903_000.png,5903,,cardiomegaly_0,-5.985796,0.0025079062,0.95286673
real,00030781_000.png,30781,,cardiomegaly_0,5.972864,0.9974596,0.9402858
real,00026409_000.png,26409,,cardiomegaly_0,-6.320488,0.0017958345,0.9724483
real,00000872_000.png,872,,cardiomegaly_0,-6.3053875,0.0018231086,0.96048254
real,00015597_000.png,15597,,cardiomegaly_0,-6.4606056,0.0015614065,0.9704877
real,00005395_001.png,5395,,cardiomegaly_0,-3.4725075,0.03010468,0.6726075
real,00008081_019.png,8081,,cardiomegaly_0,-5.140003,0.005823558,0.93305975
real,00001733_001.png,1733,,cardiomegaly_0,-6.8335896,0.0010758266,0.98424965
real,00020642_006.png,20642,,cardiomegaly_0,-6.4405575,0.0015929752,0.98309094
real,00008489_015.png,8489,,cardiomegaly_0,-5.962511,0.0025668363,0.9587551
real,00019575_000.png,19575,,cardiomegaly_0,6.4551163,0.99842995,0.9530011
real,00008342_023.png,8342,,cardiomegaly_0,-6.2137375,0.001997743,0.97028905
real,00024797_000.png,24797,,cardiomegaly_0,-6.4408875,0.0015924507,0.9837735
real,00008779_000.png,8779,,cardiomegaly_0,-6.7620125,0.0011555618,0.9831174
real,00003812_002.png,3812,,cardiomegaly_0,-6.6861706,0.0012464974,0.98682976
real,00019544_000.png,19544,,cardiomegaly_0,-6.742218,0.0011786361,0.9830233
real,00003804_001.png,3804,,cardiomegaly_0,-6.2771225,0.0018752759,0.97810525
real,00004909_005.png,4909,,cardiomegaly_0,-2.6443024,0.06634105,0.55245227
real,00029543_002.png,29543,,cardiomegaly_0,3.384121,0.9672046,0.7981997
real,00022582_001.png,22582,,cardiomegaly_0,-6.853462,0.0010546804,0.98338574
real,00000463_001.png,463,,cardiomegaly_0,-6.127638,0.0021769789,0.95851266
real,00000796_004.png,796,,cardiomegaly_0,2.3110657,0.9097893,0.7365739
real,00022155_012.png,22155,,cardiomegaly_0,-1.5006008,0.18233594,0.33841428
real,00012304_002.png,12304,,cardiomegaly_0,-4.998348,0.006703841,0.88502973
real,00003570_001.png,3570,,cardiomegaly_0,-6.615202,0.0013380514,0.98587364
real,00015449_002.png,15449,,cardiomegaly_0,-6.3736706,0.001702981,0.9740796
real,00023776_000.png,23776,,cardiomegaly_0,-6.3513126,0.0017414181,0.97429264
real,00001606_004.png,1606,,cardiomegaly_0,-6.402052,0.0016554063,0.9734389
real,00026795_000.png,26795,,cardiomegaly_0,-6.21558,0.0019940727,0.9754343
real,00030805_000.png,30805,,cardiomegaly_0,-6.9137154,0.0009930704,0.9834243
real,00017747_023.png,17747,,cardiomegaly_0,-4.4726334,0.01128833,0.8897109
real,00010348_001.png,10348,,cardiomegaly_0,-6.6175632,0.0013348997,0.981909
real,00016929_001.png,16929,,cardiomegaly_0,0.4489193,0.61038226,0.35113978
real,00002120_001.png,2120,,cardiomegaly_0,-5.4030323,0.0044827205,0.92242914
real,00011598_028.png,11598,,cardiomegaly_0,-5.38571,0.0045606922,0.9185363
real,00003064_010.png,3064,,cardiomegaly_0,-6.6752834,0.001260125,0.97965014
real,00014076_000.png,14076,,cardiomegaly_0,-6.730839,0.0011921086,0.98652637
real,00001059_005.png,1059,,cardiomegaly_0,-5.590111,0.0037207187,0.9131449
real,00015977_000.png,15977,,cardiomegaly_0,-6.5593185,0.0014148464,0.9824494
real,00010135_000.png,10135,,cardiomegaly_0,-0.8953781,0.2900012,0.3451856
real,00014025_000.png,14025,,cardiomegaly_0,-6.5152626,0.001478478,0.97655016
real,00005587_000.png,5587,,cardiomegaly_0,-6.7485447,0.0011712115,0.9845207
real,00011764_007.png,11764,,cardiomegaly_0,-1.1038227,0.24902435,0.37977666
real,00028256_000.png,28256,,cardiomegaly_0,-6.3561726,0.00173299,0.97239804
real,00010131_001.png,10131,,cardiomegaly_0,-6.257227,0.0019128871,0.9802341
real,00008184_003.png,8184,,cardiomegaly_0,-6.722574,0.0012019897,0.98247457
real,00003916_000.png,3916,,cardiomegaly_0,-3.5020142,0.029254979,0.6314539
real,00000273_004.png,273,,cardiomegaly_0,-2.6755886,0.064429276,0.5097126
real,00023343_000.png,23343,,cardiomegaly_0,-6.625881,0.0013238568,0.97828597
real,00001292_001.png,1292,,cardiomegaly_0,-4.99485,0.0067271744,0.8672481
real,00001470_002.png,1470,,cardiomegaly_0,-5.795578,0.0030317528,0.9690415
real,00017545_000.png,17545,,cardiomegaly_0,-6.062113,0.00232406,0.9562735
real,00013441_000.png,13441,,cardiomegaly_0,-6.3137016,0.0018080411,0.9703413
real,00010920_004.png,10920,,cardiomegaly_0,-6.5978603,0.0013614258,0.97961175
real,00007313_001.png,7313,,cardiomegaly_0,-6.7268753,0.0011968373,0.985158
real,00000304_001.png,304,,cardiomegaly_0,-5.88805,0.0027647126,0.9573145
real,00010481_031.png,10481,,cardiomegaly_0,-6.28191,0.0018663362,0.96727276
real,00022155_024.png,22155,,cardiomegaly_0,-6.2482357,0.0019301305,0.95289564
real,00011603_000.png,11603,,cardiomegaly_0,-6.445589,0.001584993,0.9769085
real,00001230_001.png,1230,,cardiomegaly_0,-6.9011116,0.0010056535,0.9835847
real,00017824_001.png,17824,,cardiomegaly_0,-6.3466244,0.0017495871,0.95819694
real,00028706_000.png,28706,,cardiomegaly_0,-3.1908932,0.03950987,0.6610839
real,00012989_001.png,12989,,cardiomegaly_0,-5.8593845,0.0028448824,0.93674535
real,00029493_000.png,29493,,cardiomegaly_0,-6.727274,0.0011963607,0.98520535
real,00005579_000.png,5579,,cardiomegaly_0,-6.421007,0.0016243738,0.961746
real,00015795_004.png,15795,,cardiomegaly_0,-6.17964,0.0020668928,0.96757364
real,00000262_000.png,262,,cardiomegaly_0,-6.620205,0.0013313828,0.97929424
real,00019413_000.png,19413,,cardiomegaly_0,-6.411463,0.0016399261,0.97194177
real,00008147_000.png,8147,,cardiomegaly_0,-6.6526203,0.0012889722,0.98723185
real,00012951_000.png,12951,,cardiomegaly_0,-5.674017,0.0034222908,0.9105958
real,00024613_000.png,24613,,cardiomegaly_0,-6.723675,0.0012006692,0.9831361
real,00003577_000.png,3577,,cardiomegaly_0,-6.6364307,0.0013099823,0.9809028
real,00014352_007.png,14352,,cardiomegaly_0,-5.927162,0.002658948,0.93941957
real,00016509_000.png,16509,,cardiomegaly_0,-6.5709,0.0013985776,0.9786597
real,00010696_000.png,10696,,cardiomegaly_0,-6.53957,0.0014430246,0.97152853
real,00013591_000.png,13591,,cardiomegaly_0,-6.5535755,0.0014229836,0.9845294
real,00027305_000.png,27305,,cardiomegaly_0,-6.6659393,0.0012719398,0.9867983
real,00018488_002.png,18488,,cardiomegaly_0,-5.6612835,0.0034659947,0.95557356
real,00012626_005.png,12626,,cardiomegaly_0,-6.5818825,0.001383323,0.986673
real,00023423_000.png,23423,,cardiomegaly_0,-6.74032,0.0011808724,0.98811007
real,00010481_040.png,10481,,cardiomegaly_0,-6.2567673,0.001913765,0.97136533
real,00015111_000.png,15111,,cardiomegaly_0,-6.681534,0.0012522831,0.97978157
real,00023085_009.png,23085,,cardiomegaly_0,-5.8850822,0.002772907,0.9676338
real,00011328_000.png,11328,,cardiomegaly_0,-6.713585,0.0012128304,0.9851011
real,00028475_000.png,28475,,cardiomegaly_0,-6.485718,0.0015227434,0.9761792
real,00022677_005.png,22677,,cardiomegaly_0,2.5031548,0.92436266,0.51184136
real,00003464_000.png,3464,,cardiomegaly_0,-6.6273365,0.0013219343,0.98236847
real,00010295_000.png,10295,,cardiomegaly_0,-6.617256,0.0013353092,0.9792009
real,00022527_000.png,22527,,cardiomegaly_0,-6.8101673,0.0011012943,0.9800413
real,00013970_009.png,13970,,cardiomegaly_0,-6.0154076,0.00243491,0.9678537
real,00001203_003.png,1203,,cardiomegaly_0,-6.6030636,0.0013543699,0.98243606
real,00015228_000.png,15228,,cardiomegaly_0,-2.5330048,0.07357657,0.49867088
real,00001136_001.png,1136,,cardiomegaly_0,0.1722393,0.54295367,0.30969864
real,00006040_009.png,6040,,cardiomegaly_0,-6.605524,0.0013510461,0.97305757
real,00008441_000.png,8441,,cardiomegaly_0,-6.809475,0.0011020561,0.9846531
real,00015740_000.png,15740,,cardiomegaly_0,-6.562765,0.0014099852,0.97735626
real,00007109_011.png,7109,,cardiomegaly_0,-5.9636917,0.0025638153,0.94612765
real,00019496_000.png,19496,,cardiomegaly_0,-6.615814,0.0013372336,0.97183645
real,00022882_000.png,22882,,cardiomegaly_0,-6.8493843,0.0010589856,0.98821366
real,00022500_000.png,22500,,cardiomegaly_0,-6.627411,0.0013218359,0.9733798
real,00011380_008.png,11380,,cardiomegaly_0,-6.311262,0.0018124491,0.96923083
real,00000386_000.png,386,,cardiomegaly_0,-6.5873528,0.0013757868,0.98152447
real,00022196_002.png,22196,,cardiomegaly_0,-5.8708553,0.0028125271,0.94538426
real,00018597_002.png,18597,,cardiomegaly_0,-6.6813183,0.0012525526,0.97645134
real,00013969_008.png,13969,,cardiomegaly_0,-6.522423,0.001467945,0.98124075
real,00029579_007.png,29579,,cardiomegaly_0,-4.349474,0.01274897,0.8672201
real,00020485_005.png,20485,,cardiomegaly_0,-6.2548466,0.0019174372,0.9646618
real,00005002_001.png,5002,,cardiomegaly_0,7.4249153,0.9994042,0.9836868
real,00028053_000.png,28053,,cardiomegaly_0,-6.796669,0.0011162439,0.9887141
real,00000417_003.png,417,,cardiomegaly_0,-5.6016636,0.0036781386,0.9295701
real,00016439_000.png,16439,,cardiomegaly_0,-6.7788773,0.0011362588,0.98690045
real,00020531_000.png,20531,,cardiomegaly_0,-6.3879166,0.0016789328,0.9742133
real,00015435_001.png,15435,,cardiomegaly_0,-6.0844803,0.0022727705,0.9669979
real,00002595_001.png,2595,,cardiomegaly_0,-6.2666855,0.0018949133,0.9687361
real,00016512_000.png,16512,,cardiomegaly_0,-6.724949,0.0011991423,0.9849168
real,00021023_004.png,21023,,cardiomegaly_0,0.8661766,0.7039495,0.3821578
real,00009273_002.png,9273,,cardiomegaly_0,-5.415407,0.0044278335,0.9347601
real,00002292_001.png,2292,,cardiomegaly_0,-6.7464085,0.0011737132,0.98056394
real,00000757_000.png,757,,cardiomegaly_0,-6.617689,0.001334732,0.98221034
real,00006711_000.png,6711,,cardiomegaly_0,-1.8670807,0.13387987,0.5768488
real,00016261_001.png,16261,,cardiomegaly_0,2.6206512,0.9321789,0.5842092
real,00002816_003.png,2816,,cardiomegaly_0,-6.2965755,0.0018392148,0.9734183
real,00009378_002.png,9378,,cardiomegaly_0,-6.448532,0.0015803425,0.9817863
real,00023266_004.png,23266,,cardiomegaly_0,-6.595911,0.0013640786,0.9793562
real,00003094_004.png,3094,,cardiomegaly_0,-4.85371,0.007739027,0.84623796
real,00026807_000.png,26807,,cardiomegaly_0,-6.921541,0.0009853368,0.9882635
real,00012086_001.png,12086,,cardiomegaly_0,-6.404478,0.0016514019,0.9714354
real,00003917_000.png,3917,,cardiomegaly_0,-6.525959,0.0014627709,0.9734997
real,00010445_003.png,10445,,cardiomegaly_0,-6.4507046,0.0015769183,0.9766892
real,00016184_001.png,16184,,cardiomegaly_0,-5.793909,0.0030368012,0.93957025
real,00011598_017.png,11598,,cardiomegaly_0,-6.3441963,0.0017538329,0.9738174
real,00025290_002.png,25290,,cardiomegaly_0,-5.8340607,0.0029176332,0.9620068
real,00012363_004.png,12363,,cardiomegaly_0,-6.5578613,0.0014169066,0.9867519
real,00011813_000.png,11813,,cardiomegaly_0,-6.6613045,0.0012778413,0.97672975
real,00010732_000.png,10732,,cardiomegaly_0,-6.542639,0.0014386093,0.975467
real,00026927_000.png,26927,,cardiomegaly_0,-6.121868,0.002189548,0.9772859
real,00017786_013.png,17786,,cardiomegaly_0,-6.4782715,0.0015341071,0.973738
real,00018642_000.png,18642,,cardiomegaly_0,-5.8079987,0.0029944414,0.9404541
real,00009668_000.png,9668,,cardiomegaly_0,-6.4589405,0.0015640046,0.9858165
real,00005245_000.png,5245,,cardiomegaly_0,-6.4230213,0.0016211107,0.9756335
real,00010120_004.png,10120,,cardiomegaly_0,-6.1918736,0.0020418125,0.9757001
real,00007018_005.png,7018,,cardiomegaly_0,-6.9213448,0.0009855302,0.9887267
real,00030385_000.png,30385,,cardiomegaly_0,-6.8046627,0.0011073664,0.98594916
real,00021631_001.png,21631,,cardiomegaly_0,-6.5600967,0.0014137472,0.9874042
real,00005443_000.png,5443,,cardiomegaly_0,-6.0281773,0.0024040889,0.9653968
real,00003439_007.png,3439,,cardiomegaly_0,-6.3539734,0.0017367987,0.9776133
real,00021114_001.png,21114,,cardiomegaly_0,-5.5596523,0.0038353482,0.94403225
real,00006135_000.png,6135,,cardiomegaly_0,8.131554,0.999706,0.9911581
real,00006123_001.png,6123,,cardiomegaly_0,-6.8802776,0.0010268033,0.9890981
real,00004926_000.png,4926,,cardiomegaly_0,5.737032,0.996786,0.96949154
real,00019435_003.png,19435,,cardiomegaly_0,-6.9197655,0.0009870863,0.9882707
real,00019535_002.png,19535,,cardiomegaly_0,-6.8561172,0.0010518869,0.9814585
real,00008342_001.png,8342,,cardiomegaly_0,6.0626507,0.99767715,0.94306177
real,00014843_000.png,14843,,cardiomegaly_0,-5.4346333,0.0043438827,0.92635185
real,00002492_010.png,2492,,cardiomegaly_0,-6.672287,0.0012639018,0.9766666
real,00020716_002.png,20716,,cardiomegaly_0,-6.457098,0.0015668845,0.9707664
real,00027353_000.png,27353,,cardiomegaly_0,-6.6369057,0.0013093612,0.97888255
real,00013969_007.png,13969,,cardiomegaly_0,-6.5917892,0.001369705,0.98567045
real,00010489_000.png,10489,,cardiomegaly_0,-5.908533,0.0027088106,0.95704865
real,00018011_009.png,18011,,cardiomegaly_0,-6.0118866,0.0024434775,0.95649827
real,00016518_000.png,16518,,cardiomegaly_0,-6.332033,0.0017752573,0.97288656
real,00013214_001.png,13214,,cardiomegaly_0,-6.391962,0.0016721657,0.97871673
real,00007792_000.png,7792,,cardiomegaly_0,-6.76404,0.0011532238,0.98828673
real,00012949_001.png,12949,,cardiomegaly_0,-6.5404434,0.0014417664,0.98557645
real,00028570_000.png,28570,,cardiomegaly_0,-6.8249664,0.0010851336,0.98380715
real,00003628_000.png,3628,,cardiomegaly_0,-6.0474243,0.002358368,0.9666593
real,00026658_002.png,26658,,cardiomegaly_0,-6.2614594,0.0019048232,0.9724936
real,00006490_000.png,6490,,cardiomegaly_0,-6.1608887,0.0021059327,0.97522515
real,00012178_002.png,12178,,cardiomegaly_0,-3.3838043,0.032805473,0.5552237
real,00018037_019.png,18037,,cardiomegaly_0,-6.0957546,0.0022473477,0.95867085
real,00013360_000.png,13360,,cardiomegaly_0,-5.900919,0.002729458,0.9459997
real,00003640_000.png,3640,,cardiomegaly_0,-6.711977,0.0012147797,0.98541737
real,00016568_001.png,16568,,cardiomegaly_0,-6.0325527,0.002393618,0.94918364
real,00015475_000.png,15475,,cardiomegaly_0,-6.658432,0.0012815123,0.9825949
real,00029314_000.png,29314,,cardiomegaly_0,-6.8593864,0.0010484573,0.9877099
real,00018011_019.png,18011,,cardiomegaly_0,-6.2265987,0.0019722644,0.97735524
real,00009709_007.png,9709,,cardiomegaly_0,-6.415777,0.0016328776,0.9752679
real,00002686_000.png,2686,,cardiomegaly_0,-3.7026844,0.024063898,0.76557225
real,00025453_000.png,25453,,cardiomegaly_0,-6.3370647,0.0017663629,0.96558774
real,00019716_003.png,19716,,cardiomegaly_0,7.361536,0.99936515,0.97166145
real,00003792_001.png,3792,,cardiomegaly_0,-4.7182217,0.008851989,0.8684004
real,00008184_002.png,8184,,cardiomegaly_0,-6.6867027,0.001245835,0.9836586
real,00000869_006.png,869,,cardiomegaly_0,-6.3119698,0.0018111694,0.96255636
real,00022574_001.png,22574,,cardiomegaly_0,-6.001642,0.002468576,0.9775378
real,00030139_000.png,30139,,cardiomegaly_0,-5.172159,0.005640314,0.89894956
real,00010131_005.png,10131,,cardiomegaly_0,-6.343508,0.0017550389,0.9729431
real,00018016_005.png,18016,,cardiomegaly_0,-4.9838924,0.0068007903,0.89824015
real,00030091_000.png,30091,,cardiomegaly_0,-6.7313633,0.0011914843,0.9796253
real,00029426_000.png,29426,,cardiomegaly_0,-6.825062,0.0010850303,0.9864997
real,00012902_001.png,12902,,cardiomegaly_0,-6.5839386,0.0013804856,0.985521
real,00016865_001.png,16865,,cardiomegaly_0,-6.8527927,0.001055386,0.98569536
real,00008802_008.png,8802,,cardiomegaly_0,-6.663906,0.0012745253,0.9808589
real,00029295_000.png,29295,,cardiomegaly_0,-6.702881,0.0012258663,0.98600566
real,00003689_004.png,3689,,cardiomegaly_0,-6.8901634,0.0010167127,0.9893299
real,00003064_042.png,3064,,cardiomegaly_0,-6.6950893,0.0012354432,0.97459036
real,00017835_006.png,17835,,cardiomegaly_0,-6.036459,0.0023843085,0.9581494
real,00011690_000.png,11690,,cardiomegaly_0,-6.3051167,0.0018236015,0.9791323
real,00004976_003.png,4976,,cardiomegaly_0,-5.9009666,0.0027293283,0.9372993
real,00009381_000.png,9381,,cardiomegaly_0,5.6819477,0.9966047,0.9556838
real,00010600_000.png,10600,,cardiomegaly_0,-6.4764137,0.0015369554,0.9833183
real,00028889_000.png,28889,,cardiomegaly_0,-6.993778,0.00091673195,0.9858946
real,00027693_000.png,27693,,cardiomegaly_0,-4.5669193,0.010283078,0.8000657
real,00003769_002.png,3769,,cardiomegaly_0,-4.75902,0.008501121,0.8706795
real,00019303_000.png,19303,,cardiomegaly_0,-6.60989,0.0013451684,0.9785786
real,00013759_000.png,13759,,cardiomegaly_0,-6.7230034,0.0012014746,0.9878897
real,00016083_003.png,16083,,cardiomegaly_0,-6.3162117,0.0018035166,0.9705234
real,00006981_018.png,6981,,cardiomegaly_0,-6.516205,0.0014770876,0.98086
real,00024924_000.png,24924,,cardiomegaly_0,-6.7035084,0.0012250983,0.98569995
real,00005532_041.png,5532,,cardiomegaly_0,-3.1697598,0.04031971,0.6369354
real,00011149_000.png,11149,,cardiomegaly_0,-6.432516,0.0016058161,0.982469
real,00005623_000.png,5623,,cardiomegaly_0,-6.5260715,0.0014626064,0.9750897
real,00011116_000.png,11116,,cardiomegaly_0,-6.3661156,0.0017158736,0.9743388
real,00028822_001.png,28822,,cardiomegaly_0,-5.849209,0.0028738957,0.9576766
real,00005410_003.png,5410,,cardiomegaly_0,-5.4074078,0.004463237,0.93762237
real,00023468_000.png,23468,,cardiomegaly_0,-6.817978,0.0010927353,0.9819983
real,00010465_005.png,10465,,cardiomegaly_0,-6.1270523,0.002178251,0.97590625
real,00012536_004.png,12536,,cardiomegaly_0,-5.178009,0.0056076003,0.8859512
real,00012772_000.png,12772,,cardiomegaly_0,-6.610977,0.0013437087,0.9839398
real,00009905_000.png,9905,,cardiomegaly_0,-5.990427,0.0024963478,0.9449374
real,00014094_000.png,14094,,cardiomegaly_0,-5.3780193,0.0045957393,0.9124084
real,00021346_000.png,21346,,cardiomegaly_0,-2.763853,0.05930903,0.53740317
real,00016801_003.png,16801,,cardiomegaly_0,-3.8503113,0.020829994,0.7163543
real,00009335_000.png,9335,,cardiomegaly_0,-6.492506,0.0015124573,0.964169
real,00009932_006.png,9932,,cardiomegaly_0,-5.1316967,0.0058718477,0.8528834
real,00024029_000.png,24029,,cardiomegaly_0,-6.574505,0.001393552,0.97965443
real,00005708_000.png,5708,,cardiomegaly_0,-6.98032,0.00092914153,0.9876294
real,00019911_000.png,19911,,cardiomegaly_0,-5.7110577,0.003298256,0.94741577
real,00004608_000.png,4608,,cardiomegaly_0,-6.673311,0.0012626095,0.9862206
real,00010071_005.png,10071,,cardiomegaly_0,-5.947151,0.0026064632,0.9653946
real,00001548_000.png,1548,,cardiomegaly_0,-6.549721,0.0014284715,0.98077303
real,00011910_012.png,11910,,cardiomegaly_0,-6.4535007,0.001572522,0.97542924
real,00020811_020.png,20811,,cardiomegaly_0,-6.543415,0.0014374946,0.97858495
real,00029311_003.png,29311,,cardiomegaly_0,-6.642702,0.0013018034,0.98529863
real,00003174_002.png,3174,,cardiomegaly_0,-6.6918736,0.0012394175,0.9842751
real,00024737_001.png,24737,,cardiomegaly_0,-6.756523,0.0011619151,0.9874026
real,00027582_002.png,27582,,cardiomegaly_0,5.0492764,0.99362695,0.9341198
real,00003752_000.png,3752,,cardiomegaly_0,-6.458439,0.0015647882,0.97982395
real,00010279_002.png,10279,,cardiomegaly_0,0.873024,0.70537454,0.34571552
real,00020502_001.png,20502,,cardiomegaly_0,-6.4456177,0.0015849478,0.9781991
real,00029742_002.png,29742,,cardiomegaly_0,-6.1297626,0.002172368,0.95857906
real,00017381_000.png,17381,,cardiomegaly_0,-6.8972416,0.0010095489,0.987888
real,00027326_000.png,27326,,cardiomegaly_0,-6.720667,0.0012042817,0.98684585
real,00011359_000.png,11359,,cardiomegaly_0,-6.763073,0.0011543382,0.98538625
real,00005401_005.png,5401,,cardiomegaly_0,-6.268154,0.0018921378,0.9699279
real,00020884_000.png,20884,,cardiomegaly_0,-6.8894005,0.001017488,0.9889963
real,00007795_000.png,7795,,cardiomegaly_0,-5.45665,0.004249693,0.92493236
real,00023636_000.png,23636,,cardiomegaly_0,-6.7689705,0.0011475584,0.9824484
real,00019201_010.png,19201,,cardiomegaly_0,-6.273649,0.0018817883,0.9773434
real,00014319_000.png,14319,,cardiomegaly_0,-2.8975048,0.05227705,0.5786298
real,00016498_001.png,16498,,cardiomegaly_0,-6.6655293,0.0012724609,0.985279
real,00020286_025.png,20286,,cardiomegaly_0,-3.7637672,0.022670325,0.72723114
real,00024192_000.png,24192,,cardiomegaly_0,-6.637245,0.0013089174,0.9846664
real,00013886_000.png,13886,,cardiomegaly_0,-6.2850647,0.0018604688,0.97226125
real,00004490_004.png,4490,,cardiomegaly_0,-6.4217987,0.0016230907,0.9735548
real,00017603_029.png,17603,,cardiomegaly_0,-6.3310757,0.0017769546,0.9556542
real,00007935_000.png,7935,,cardiomegaly_0,8.342436,0.9997619,0.99094325
real,00010650_000.png,10650,,cardiomegaly_0,-6.0693607,0.0023073154,0.95040727
real,00007505_000.png,7505,,cardiomegaly_0,-6.570381,0.0013993025,0.97726536
real,00010286_001.png,10286,,cardiomegaly_0,-6.5347557,0.0014499781,0.9724135
real,00017835_002.png,17835,,cardiomegaly_0,-6.424904,0.0016180666,0.9797225
edit,00001059_006.png,1059,0.0,cardiomegaly_0,-6.305765,0.0018224216,0.9563019
edit,00001174_000.png,1174,0.0,cardiomegaly_0,-6.4860325,0.001522265,0.98194337
edit,00001470_001.png,1470,0.0,cardiomegaly_0,1.6919403,0.84447914,0.7532745
edit,00001606_004.png,1606,0.0,cardiomegaly_0,-6.0374393,0.0023819779,0.96197844
edit,00002139_000.png,2139,0.0,cardiomegaly_0,-6.5995693,0.0013591043,0.9769096
edit,00002355_005.png,2355,0.0,cardiomegaly_0,-4.4927483,0.011066021,0.83535683
edit,00002492_010.png,2492,0.0,cardiomegaly_0,-6.6907196,0.0012408467,0.97898644
edit,00002566_000.png,2566,0.0,cardiomegaly_0,-6.2123947,0.002000422,0.95896864
edit,00003064_010.png,3064,0.0,cardiomegaly_0,-6.513359,0.0014812908,0.9744454
edit,00003804_012.png,3804,0.0,cardiomegaly_0,-6.342682,0.0017564863,0.9743021
edit,00003917_000.png,3917,0.0,cardiomegaly_0,-5.7796173,0.0030803792,0.94520384
edit,00004057_000.png,4057,0.0,cardiomegaly_0,-6.4279613,0.0016131349,0.9581465
edit,00005623_000.png,5623,0.0,cardiomegaly_0,-6.4577103,0.0015659268,0.97257495
edit,00006012_000.png,6012,0.0,cardiomegaly_0,-6.560396,0.0014133245,0.9820968
edit,00006791_002.png,6791,0.0,cardiomegaly_0,-5.898718,0.002735456,0.9362072
edit,00006921_000.png,6921,0.0,cardiomegaly_0,-6.4515896,0.0015755256,0.9710314
edit,00006981_017.png,6981,0.0,cardiomegaly_0,-6.493288,0.0015112767,0.9701483
edit,00007082_000.png,7082,0.0,cardiomegaly_0,-3.7608318,0.022735454,0.67774165
edit,00007159_000.png,7159,0.0,cardiomegaly_0,-5.439459,0.004323062,0.89221734
edit,00007340_004.png,7340,0.0,cardiomegaly_0,-5.83976,0.0029011003,0.96611685
edit,00007589_000.png,7589,0.0,cardiomegaly_0,-6.752445,0.0011666573,0.98795044
edit,00007931_000.png,7931,0.0,cardiomegaly_0,-5.7204323,0.0032675816,0.9494035
edit,00008142_005.png,8142,0.0,cardiomegaly_0,-6.7822895,0.0011323927,0.9864922
edit,00008147_000.png,8147,0.0,cardiomegaly_0,-6.6995697,0.0012299271,0.9857965
edit,00008184_003.png,8184,0.0,cardiomegaly_0,-6.3537827,0.0017371294,0.9784491
edit,00008359_000.png,8359,0.0,cardiomegaly_0,-6.084837,0.002271962,0.96494347
edit,00008386_001.png,8386,0.0,cardiomegaly_0,-6.599636,0.0013590137,0.98648566
edit,00008802_008.png,8802,0.0,cardiomegaly_0,-6.3630295,0.001721168,0.9756102
edit,00009090_001.png,9090,0.0,cardiomegaly_0,-5.7260246,0.0032494182,0.9478907
edit,00009105_003.png,9105,0.0,cardiomegaly_0,-6.143116,0.0021436142,0.96227473
edit,00009306_000.png,9306,0.0,cardiomegaly_0,-6.4530067,0.0015732979,0.9820052
edit,00009335_000.png,9335,0.0,cardiomegaly_0,-5.2164745,0.0053971387,0.8965351
edit,00009409_002.png,9409,0.0,cardiomegaly_0,-6.63616,0.0013103368,0.982712
edit,00009761_000.png,9761,0.0,cardiomegaly_0,2.7546673,0.94017637,0.60887957
edit,00010465_001.png,10465,0.0,cardiomegaly_0,-5.3680077,0.0046417667,0.9476485
edit,00010892_000.png,10892,0.0,cardiomegaly_0,-6.108467,0.002219022,0.9653948
edit,00010931_003.png,10931,0.0,cardiomegaly_0,-6.3638096,0.0017198282,0.9776975
edit,00010964_000.png,10964,0.0,cardiomegaly_0,-6.4278126,0.0016133746,0.98213583
edit,00011611_000.png,11611,0.0,cardiomegaly_0,-6.2430496,0.0019401468,0.96838117
edit,00012129_000.png,12129,0.0,cardiomegaly_0,-6.608656,0.0013468273,0.985477
edit,00012400_000.png,12400,0.0,cardiomegaly_0,-6.673403,0.0012624941,0.98112625
edit,00012772_003.png,12772,0.0,cardiomegaly_0,-6.326601,0.0017849095,0.97567815
edit,00012902_001.png,12902,0.0,cardiomegaly_0,-6.408716,0.0016444292,0.97683597
edit,00013441_000.png,13441,0.0,cardiomegaly_0,-5.636854,0.0035514054,0.9367404
edit,00013678_003.png,13678,0.0,cardiomegaly_0,-4.5424404,0.010535218,0.81345105
edit,00013759_000.png,13759,0.0,cardiomegaly_0,-6.7837105,0.0011307865,0.99127054
edit,00014281_000.png,14281,0.0,cardiomegaly_0,-6.5459023,0.001433929,0.9767044
edit,00014295_001.png,14295,0.0,cardiomegaly_0,-6.6999493,0.0012294609,0.98632795
edit,00014387_006.png,14387,0.0,cardiomegaly_0,-2.0137062,0.11777134,0.4477405
edit,00014838_000.png,14838,0.0,cardiomegaly_0,-6.3279095,0.0017825797,0.9669852
edit,00014954_000.png,14954,0.0,cardiomegaly_0,-6.528158,0.0014595622,0.98298997
edit,00015056_005.png,15056,0.0,cardiomegaly_0,-3.5731945,0.027299857,0.76436424
edit,00015087_011.png,15087,0.0,cardiomegaly_0,-6.51046,0.0014855851,0.97462076
edit,00016191_019.png,16191,0.0,cardiomegaly_0,-5.9575806,0.0025794904,0.9507501
edit,00016245_000.png,16245,0.0,cardiomegaly_0,-6.991867,0.00091848406,0.99010265
edit,00016498_001.png,16498,0.0,cardiomegaly_0,-6.7240467,0.0012002233,0.98794866
edit,00016509_001.png,16509,0.0,cardiomegaly_0,-6.5145035,0.0014795989,0.97122014
edit,00016512_001.png,16512,0.0,cardiomegaly_0,-6.12043,0.0021926924,0.9527774
edit,00016724_002.png,16724,0.0,cardiomegaly_0,-5.641554,0.0035348127,0.9459788
edit,00016865_000.png,16865,0.0,cardiomegaly_0,-6.617794,0.0013345921,0.9831292
edit,00016907_000.png,16907,0.0,cardiomegaly_0,-6.2460117,0.0019344194,0.967822
edit,00017381_000.png,17381,0.0,cardiomegaly_0,-6.6500664,0.0012922641,0.9818778
edit,00018008_000.png,18008,0.0,cardiomegaly_0,-6.1981583,0.0020290464,0.96330166
edit,00018011_000.png,18011,0.0,cardiomegaly_0,-5.6665726,0.0034477748,0.9244145
edit,00018488_002.png,18488,0.0,cardiomegaly_0,-5.676754,0.0034129685,0.95544356
edit,00018616_000.png,18616,0.0,cardiomegaly_0,-1.8147812,0.14006126,0.4905202
edit,00019435_003.png,19435,0.0,cardiomegaly_0,-6.935213,0.0009719701,0.9866117
edit,00019535_002.png,19535,0.0,cardiomegaly_0,-6.682562,0.001250998,0.97429794
edit,00019544_000.png,19544,0.0,cardiomegaly_0,-6.630806,0.0013173617,0.9806982
edit,00019911_001.png,19911,0.0,cardiomegaly_0,-6.7211723,0.0012036739,0.97887015
edit,00020318_024.png,20318,0.0,cardiomegaly_0,-5.4441433,0.0043029455,0.94632596
edit,00020341_000.png,20341,0.0,cardiomegaly_0,-6.1323166,0.0021668393,0.9637504
edit,00020642_006.png,20642,0.0,cardiomegaly_0,-6.5585194,0.0014159759,0.9819626
edit,00020674_000.png,20674,0.0,cardiomegaly_0,-6.376053,0.0016989356,0.9759639
edit,00020716_002.png,20716,0.0,cardiomegaly_0,-5.327074,0.0048347753,0.90157795
edit,00020802_000.png,20802,0.0,cardiomegaly_0,-6.4818993,0.0015285603,0.978033
edit,00021023_024.png,21023,0.0,cardiomegaly_0,-6.433447,0.0016043244,0.9744933
edit,00021569_000.png,21569,0.0,cardiomegaly_0,-6.7604504,0.0011573662,0.9864491
edit,00022341_000.png,22341,0.0,cardiomegaly_0,-6.533182,0.0014522583,0.9844995
edit,00022582_001.png,22582,0.0,cardiomegaly_0,-6.5451984,0.0014349369,0.9746848
edit,00022712_000.png,22712,0.0,cardiomegaly_0,-6.7015667,0.0012274764,0.98333806
edit,00023621_000.png,23621,0.0,cardiomegaly_0,-6.6784554,0.0012561394,0.9804849
edit,00023776_000.png,23776,0.0,cardiomegaly_0,-6.475477,0.0015383932,0.9769568
edit,00024192_000.png,24192,0.0,cardiomegaly_0,-6.3354244,0.0017692577,0.9747011
edit,00024326_000.png,24326,0.0,cardiomegaly_0,-6.8805866,0.0010264864,0.99034464
edit,00024474_000.png,24474,0.0,cardiomegaly_0,-6.643795,0.0013003832,0.9844502
edit,00024583_000.png,24583,0.0,cardiomegaly_0,-6.7169685,0.0012087384,0.9853729
edit,00025054_000.png,25054,0.0,cardiomegaly_0,-6.7909355,0.0011226551,0.98606366
edit,00026354_001.png,26354,0.0,cardiomegaly_0,-3.7886505,0.0221255,0.7309565
edit,00026807_000.png,26807,0.0,cardiomegaly_0,-6.8461533,0.001062409,0.98880845
edit,00027305_000.png,27305,0.0,cardiomegaly_0,-6.5241547,0.0014654086,0.9817679
edit,00028027_005.png,28027,0.0,cardiomegaly_0,-4.695795,0.009050935,0.88570637
edit,00028053_000.png,28053,0.0,cardiomegaly_0,-6.652792,0.0012887513,0.9878369
edit,00028457_000.png,28457,0.0,cardiomegaly_0,-5.6306496,0.0035734298,0.92690086
edit,00028962_000.png,28962,0.0,cardiomegaly_0,-6.44014,0.00159364,0.98146236
edit,00029393_000.png,29393,0.0,cardiomegaly_0,-2.6921787,0.06343645,0.43153208
edit,00029569_000.png,29569,0.0,cardiomegaly_0,-4.9096336,0.0073211943,0.89848965
edit,00029648_000.png,29648,0.0,cardiomegaly_0,-6.741377,0.0011796268,0.9848632
edit,00030332_000.png,30332,0.0,cardiomegaly_0,-6.59223,0.0013691024,0.97936934
edit,00030805_000.png,30805,0.0,cardiomegaly_0,-6.8261337,0.001083869,0.9840107
edit,00001059_006.png,1059,0.06,cardiomegaly_0,-5.9872017,0.002504392,0.94106877
edit,00001174_000.png,1174,0.06,cardiomegaly_0,-6.335106,0.0017698203,0.9752924
edit,00001470_001.png,1470,0.06,cardiomegaly_0,1.3192711,0.7890604,0.5543809
edit,00001606_004.png,1606,0.06,cardiomegaly_0,-3.1389694,0.04152812,0.665467
edit,00002139_000.png,2139,0.06,cardiomegaly_0,-6.413521,0.0016365602,0.9709496
edit,00002355_005.png,2355,0.06,cardiomegaly_0,4.250374,0.9859416,0.9368472
edit,00002492_010.png,2492,0.06,cardiomegaly_0,-6.5010757,0.0014995707,0.97250384
edit,00002566_000.png,2566,0.06,cardiomegaly_0,-5.0625286,0.0062897233,0.87674785
edit,00003064_010.png,3064,0.06,cardiomegaly_0,-6.270998,0.0018867747,0.9676151
edit,00003804_012.png,3804,0.06,cardiomegaly_0,-6.0517826,0.002348136,0.9623528
edit,00003917_000.png,3917,0.06,cardiomegaly_0,-4.8900623,0.0074648117,0.8439368
edit,00004057_000.png,4057,0.06,cardiomegaly_0,-6.451088,0.0015763148,0.9586352
edit,00005623_000.png,5623,0.06,cardiomegaly_0,-6.5270157,0.0014612282,0.97568613
edit,00006012_000.png,6012,0.06,cardiomegaly_0,-6.1326504,0.0021661175,0.96952695
edit,00006791_002.png,6791,0.06,cardiomegaly_0,-2.6231823,0.06766126,0.5855068
edit,00006921_000.png,6921,0.06,cardiomegaly_0,-6.391247,0.0016733601,0.9675528
edit,00006981_017.png,6981,0.06,cardiomegaly_0,-6.304041,0.0018255607,0.9628596
edit,00007082_000.png,7082,0.06,cardiomegaly_0,-1.2843018,0.21681888,0.4279567
edit,00007159_000.png,7159,0.06,cardiomegaly_0,0.21015549,0.55234635,0.46753398
edit,00007340_004.png,7340,0.06,cardiomegaly_0,-5.869772,0.0028155674,0.9588098
edit,00007589_000.png,7589,0.06,cardiomegaly_0,-6.702154,0.0012267564,0.98596376
edit,00007931_000.png,7931,0.06,cardiomegaly_0,-3.1595173,0.040717904,0.65623236
edit,00008142_005.png,8142,0.06,cardiomegaly_0,-6.673565,0.0012622897,0.9833795
edit,00008147_000.png,8147,0.06,cardiomegaly_0,-6.7178326,0.0012076959,0.9874514
edit,00008184_003.png,8184,0.06,cardiomegaly_0,-5.5969563,0.0036954293,0.9474535
edit,00008359_000.png,8359,0.06,cardiomegaly_0,-4.451641,0.011525042,0.8610531
edit,00008386_001.png,8386,0.06,cardiomegaly_0,-6.595991,0.0013639696,0.98516196
edit,00008802_008.png,8802,0.06,cardiomegaly_0,-6.2529907,0.0019209919,0.9698204
edit,00009090_001.png,9090,0.06,cardiomegaly_0,8.183619,0.9997209,0.99408656
edit,00009105_003.png,9105,0.06,cardiomegaly_0,-5.983265,0.002514246,0.95723855
edit,00009306_000.png,9306,0.06,cardiomegaly_0,-6.510727,0.001485189,0.9792973
edit,00009335_000.png,9335,0.06,cardiomegaly_0,-3.5322495,0.028408434,0.6589831
edit,00009409_002.png,9409,0.06,cardiomegaly_0,-6.267626,0.0018931358,0.9717806
edit,00009761_000.png,9761,0.06,cardiomegaly_0,4.74996,0.9914221,0.9205088
edit,00010465_001.png,10465,0.06,cardiomegaly_0,-4.4272594,0.011806137,0.8315224
edit,00010892_000.png,10892,0.06,cardiomegaly_0,-5.9256344,0.0026630026,0.9684968
edit,00010931_003.png,10931,0.06,cardiomegaly_0,-6.4064255,0.0016481943,0.97736245
edit,00010964_000.png,10964,0.06,cardiomegaly_0,-6.179821,0.002066519,0.9757571
edit,00011611_000.png,11611,0.06,cardiomegaly_0,-6.267929,0.0018925626,0.9685267
edit,00012129_000.png,12129,0.06,cardiomegaly_0,-6.5655556,0.0014060617,0.9839865
edit,00012400_000.png,12400,0.06,cardiomegaly_0,-6.099928,0.0022380094,0.9569144
edit,00012772_003.png,12772,0.06,cardiomegaly_0,-6.3140736,0.0018073699,0.9748428
edit,00012902_001.png,12902,0.06,cardiomegaly_0,-6.236145,0.0019535627,0.9717016
edit,00013441_000.png,13441,0.06,cardiomegaly_0,-5.0196323,0.00656359,0.87168735
edit,00013678_003.png,13678,0.06,cardiomegaly_0,-2.5642414,0.07147554,0.4899113
edit,00013759_000.png,13759,0.06,cardiomegaly_0,-6.8762817,0.0010309103,0.9901242
edit,00014281_000.png,14281,0.06,cardiomegaly_0,-6.4678516,0.001550151,0.96917605
edit,00014295_001.png,14295,0.06,cardiomegaly_0,-6.7174187,0.0012081952,0.9861313
edit,00014387_006.png,14387,0.06,cardiomegaly_0,-0.8751564,0.2941825,0.3474534
edit,00014838_000.png,14838,0.06,cardiomegaly_0,-4.473896,0.011274246,0.833078
edit,00014954_000.png,14954,0.06,cardiomegaly_0,-6.4660378,0.001552961,0.9808963
edit,00015056_005.png,15056,0.06,cardiomegaly_0,2.9558144,0.95053756,0.8096259
edit,00015087_011.png,15087,0.06,cardiomegaly_0,-4.875553,0.007573083,0.86555046
edit,00016191_019.png,16191,0.06,cardiomegaly_0,-5.825014,0.0029440692,0.93768054
edit,00016245_000.png,16245,0.06,cardiomegaly_0,-6.8900146,0.0010168639,0.9875491
edit,00016498_001.png,16498,0.06,cardiomegaly_0,-6.6291695,0.0013195167,0.98480076
edit,00016509_001.png,16509,0.06,cardiomegaly_0,-0.019227982,0.49519318,0.2976729
edit,00016512_001.png,16512,0.06,cardiomegaly_0,-5.3013077,0.0049603432,0.8923357
edit,00016724_002.png,16724,0.06,cardiomegaly_0,-4.4789886,0.011217619,0.8390005
edit,00016865_000.png,16865,0.06,cardiomegaly_0,-6.151026,0.0021267617,0.96748346
edit,00016907_000.png,16907,0.06,cardiomegaly_0,-6.1968613,0.0020316744,0.964179
edit,00017381_000.png,17381,0.06,cardiomegaly_0,-6.5625935,0.0014102268,0.9770374
edit,00018008_000.png,18008,0.06,cardiomegaly_0,-6.195757,0.0020339147,0.96067095
edit,00018011_000.png,18011,0.06,cardiomegaly_0,-3.474802,0.030037755,0.6410761
edit,00018488_002.png,18488,0.06,cardiomegaly_0,-5.6562805,0.0034833187,0.95546335
edit,00018616_000.png,18616,0.06,cardiomegaly_0,-0.49635696,0.37839717,0.4232522
edit,00019435_003.png,19435,0.06,cardiomegaly_0,-6.9462433,0.0009613182,0.987942
edit,00019535_002.png,19535,0.06,cardiomegaly_0,-6.583641,0.0013808958,0.97091854
edit,00019544_000.png,19544,0.06,cardiomegaly_0,-6.209503,0.002006203,0.9708177
edit,00019911_001.png,19911,0.06,cardiomegaly_0,-6.586872,0.0013764474,0.9773202
edit,00020318_024.png,20318,0.06,cardiomegaly_0,-5.4179974,0.00441643,0.9460874
edit,00020341_000.png,20341,0.06,cardiomegaly_0,-6.2100143,0.0020051799,0.9628657
edit,00020642_006.png,20642,0.06,cardiomegaly_0,-6.4445934,0.0015865694,0.97838855
edit,00020674_000.png,20674,0.06,cardiomegaly_0,-6.438671,0.0015959784,0.97550225
edit,00020716_002.png,20716,0.06,cardiomegaly_0,-2.1752415,0.10199595,0.44001707
edit,00020802_000.png,20802,0.06,cardiomegaly_0,-6.394123,0.0016685621,0.97524315
edit,00021023_024.png,21023,0.06,cardiomegaly_0,-6.408455,0.001644858,0.9713789
edit,00021569_000.png,21569,0.06,cardiomegaly_0,-6.6271114,0.0013222314,0.98139745
edit,00022341_000.png,22341,0.06,cardiomegaly_0,-6.424961,0.0016179743,0.9822139
edit,00022582_001.png,22582,0.06,cardiomegaly_0,-6.302904,0.0018276334,0.9586207
edit,00022712_000.png,22712,0.06,cardiomegaly_0,-6.6062717,0.0013500379,0.9845092
edit,00023621_000.png,23621,0.06,cardiomegaly_0,-6.2534637,0.0019200854,0.96543396
edit,00023776_000.png,23776,0.06,cardiomegaly_0,-6.3900814,0.0016753082,0.9731999
edit,00024192_000.png,24192,0.06,cardiomegaly_0,-6.0443077,0.002365712,0.9637476
edit,00024326_000.png,24326,0.06,cardiomegaly_0,-6.8748245,0.0010324119,0.9912823
edit,00024474_000.png,24474,0.06,cardiomegaly_0,-6.6985416,0.0012311907,0.9864538
edit,00024583_000.png,24583,0.06,cardiomegaly_0,-6.7537727,0.0011651114,0.98581076
edit,00025054_000.png,25054,0.06,cardiomegaly_0,-6.6531105,0.0012883414,0.9847915
edit,00026354_001.png,26354,0.06,cardiomegaly_0,2.0888443,0.88981414,0.5935791
edit,00026807_000.png,26807,0.06,cardiomegaly_0,-6.907173,0.0009995822,0.9890712
edit,00027305_000.png,27305,0.06,cardiomegaly_0,-6.5000324,0.0015011337,0.9815616
edit,00028027_005.png,28027,0.06,cardiomegaly_0,-4.298607,0.0134053305,0.8427492
edit,00028053_000.png,28053,0.06,cardiomegaly_0,-6.6916656,0.001239675,0.9883411
edit,00028457_000.png,28457,0.06,cardiomegaly_0,3.6564655,0.97482646,0.86767274
edit,00028962_000.png,28962,0.06,cardiomegaly_0,-6.46546,0.0015538572,0.97874695
edit,00029393_000.png,29393,0.06,cardiomegaly_0,2.7479515,0.9397976,0.54292417
edit,00029569_000.png,29569,0.06,cardiomegaly_0,0.06279373,0.51569325,0.28149813
edit,00029648_000.png,29648,0.06,cardiomegaly_0,-6.2832603,0.0018638222,0.96927106
edit,00030332_000.png,30332,0.06,cardiomegaly_0,-6.52544,0.0014635287,0.9792712
edit,00030805_000.png,30805,0.06,cardiomegaly_0,-6.1941414,0.0020371964,0.96202326
edit,00001059_006.png,1059,0.12,cardiomegaly_0,-4.910898,0.0073120096,0.81974715
edit,00001174_000.png,1174,0.12,cardiomegaly_0,-5.6804695,0.0034003542,0.9470704
edit,00001470_001.png,1470,0.12,cardiomegaly_0,1.3822231,0.79934776,0.55554295
edit,00001606_004.png,1606,0.12,cardiomegaly_0,8.194744,0.999724,0.99139005
edit,00002139_000.png,2139,0.12,cardiomegaly_0,-5.2858295,0.0050373273,0.9018399
edit,00002355_005.png,2355,0.12,cardiomegaly_0,7.2488556,0.9992895,0.98932254
edit,00002492_010.png,2492,0.12,cardiomegaly_0,-5.8093605,0.0029903783,0.9435274
edit,00002566_000.png,2566,0.12,cardiomegaly_0,7.7059536,0.99955004,0.9941646
edit,00003064_010.png,3064,0.12,cardiomegaly_0,-5.129921,0.005882223,0.8676624
edit,00003804_012.png,3804,0.12,cardiomegaly_0,-5.8232594,0.0029492248,0.94803965
edit,00003917_000.png,3917,0.12,cardiomegaly_0,-2.4219341,0.08151533,0.38851118
edit,00004057_000.png,4057,0.12,cardiomegaly_0,-6.291067,0.0018493552,0.9551828
edit,00005623_000.png,5623,0.12,cardiomegaly_0,-6.589344,0.0013730536,0.97577083
edit,00006012_000.png,6012,0.12,cardiomegaly_0,-3.5195942,0.02875983,0.72601277
edit,00006791_002.png,6791,0.12,cardiomegaly_0,7.0258236,0.9991122,0.98965937
edit,00006921_000.png,6921,0.12,cardiomegaly_0,-6.411993,0.0016390582,0.97066826
edit,00006981_017.png,6981,0.12,cardiomegaly_0,-6.403637,0.0016527891,0.9662809
edit,00007082_000.png,7082,0.12,cardiomegaly_0,5.5961533,0.99630165,0.95898485
edit,00007159_000.png,7159,0.12,cardiomegaly_0,7.2316685,0.9992772,0.9896125
edit,00007340_004.png,7340,0.12,cardiomegaly_0,-5.659849,0.0034709526,0.95134664
edit,00007589_000.png,7589,0.12,cardiomegaly_0,-6.661991,0.0012769653,0.9859526
edit,00007931_000.png,7931,0.12,cardiomegaly_0,1.2332077,0.77437955,0.4661093
edit,00008142_005.png,8142,0.12,cardiomegaly_0,-6.726349,0.0011974667,0.9850416
edit,00008147_000.png,8147,0.12,cardiomegaly_0,-6.52129,0.0014696067,0.9844263
edit,00008184_003.png,8184,0.12,cardiomegaly_0,-4.8670845,0.0076369974,0.8991112
edit,00008359_000.png,8359,0.12,cardiomegaly_0,5.144964,0.99420506,0.9105151
edit,00008386_001.png,8386,0.12,cardiomegaly_0,-6.378973,0.0016939902,0.9795089
edit,00008802_008.png,8802,0.12,cardiomegaly_0,-5.6395454,0.003541894,0.9321852
edit,00009090_001.png,9090,0.12,cardiomegaly_0,9.270969,0.9999058,0.9968334
edit,00009105_003.png,9105,0.12,cardiomegaly_0,-4.8829346,0.0075178067,0.8875385
edit,00009306_000.png,9306,0.12,cardiomegaly_0,-6.215294,0.0019946424,0.97021496
edit,00009335_000.png,9335,0.12,cardiomegaly_0,5.800991,0.99698454,0.95203
edit,00009409_002.png,9409,0.12,cardiomegaly_0,-5.918873,0.0026810213,0.95783204
edit,00009761_000.png,9761,0.12,cardiomegaly_0,7.313898,0.99933416,0.9902546
edit,00010465_001.png,10465,0.12,cardiomegaly_0,0.43872643,0.6079555,0.2885738
edit,00010892_000.png,10892,0.12,cardiomegaly_0,-6.0318794,0.0023952264,0.95717216
edit,00010931_003.png,10931,0.12,cardiomegaly_0,-6.3079967,0.0018183662,0.9703622
edit,00010964_000.png,10964,0.12,cardiomegaly_0,-1.8870144,0.13158527,0.5134501
edit,00011611_000.png,11611,0.12,cardiomegaly_0,-5.7727127,0.0031016557,0.93949115
edit,00012129_000.png,12129,0.12,cardiomegaly_0,-6.524151,0.0014654142,0.983479
edit,00012400_000.png,12400,0.12,cardiomegaly_0,2.5535545,0.927812,0.5351419
edit,00012772_003.png,12772,0.12,cardiomegaly_0,-6.209671,0.002005867,0.9725701
edit,00012902_001.png,12902,0.12,cardiomegaly_0,-4.703993,0.008977704,0.85097396
edit,00013441_000.png,13441,0.12,cardiomegaly_0,-1.8862495,0.13167268,0.38061914
edit,00013678_003.png,13678,0.12,cardiomegaly_0,5.1951275,0.9944871,0.9435879
edit,00013759_000.png,13759,0.12,cardiomegaly_0,-6.839985,0.0010689757,0.9899835
edit,00014281_000.png,14281,0.12,cardiomegaly_0,-6.4194584,0.0016268875,0.960232
edit,00014295_001.png,14295,0.12,cardiomegaly_0,-6.623005,0.001327665,0.98144346
edit,00014387_006.png,14387,0.12,cardiomegaly_0,-1.3997898,0.19784947,0.35513926
edit,00014838_000.png,14838,0.12,cardiomegaly_0,1.7686214,0.85428613,0.53890103
edit,00014954_000.png,14954,0.12,cardiomegaly_0,-6.364977,0.0017178252,0.9780056
edit,00015056_005.png,15056,0.12,cardiomegaly_0,7.070902,0.99915123,0.9909653
edit,00015087_011.png,15087,0.12,cardiomegaly_0,4.430952,0.98823684,0.9047864
edit,00016191_019.png,16191,0.12,cardiomegaly_0,-4.108267,0.016170455,0.7755932
edit,00016245_000.png,16245,0.12,cardiomegaly_0,-7.0018215,0.0009093947,0.98910356
edit,00016498_001.png,16498,0.12,cardiomegaly_0,-6.6206055,0.0013308503,0.9856033
edit,00016509_001.png,16509,0.12,cardiomegaly_0,5.3128624,0.9950964,0.9245902
edit,00016512_001.png,16512,0.12,cardiomegaly_0,-1.4643421,0.18780412,0.25546297
edit,00016724_002.png,16724,0.12,cardiomegaly_0,-1.3862839,0.20000167,0.355632
edit,00016865_000.png,16865,0.12,cardiomegaly_0,-3.2428036,0.037586343,0.68511474
edit,00016907_000.png,16907,0.12,cardiomegaly_0,-6.217951,0.0019893602,0.9671262
edit,00017381_000.png,17381,0.12,cardiomegaly_0,-6.109625,0.0022164604,0.96842265
edit,00018008_000.png,18008,0.12,cardiomegaly_0,-6.2114906,0.0020022278,0.95774394
edit,00018011_000.png,18011,0.12,cardiomegaly_0,5.41061,0.995551,0.8885437
edit,00018488_002.png,18488,0.12,cardiomegaly_0,-5.5456886,0.00388907,0.94860524
edit,00018616_000.png,18616,0.12,cardiomegaly_0,5.4730797,0.9958192,0.9467922
edit,00019435_003.png,19435,0.12,cardiomegaly_0,-6.9207687,0.0009860975,0.98655975
edit,00019535_002.png,19535,0.12,cardiomegaly_0,-6.274294,0.0018805778,0.9569952
edit,00019544_000.png,19544,0.12,cardiomegaly_0,-1.7245827,0.15128183,0.41636837
edit,00019911_001.png,19911,0.12,cardiomegaly_0,-6.4062862,0.0016484233,0.9741142
edit,00020318_024.png,20318,0.12,cardiomegaly_0,-5.2009697,0.005481011,0.9337503
edit,00020341_000.png,20341,0.12,cardiomegaly_0,-6.221779,0.0019817746,0.958173
edit,00020642_006.png,20642,0.12,cardiomegaly_0,-6.0933495,0.0022527473,0.96394575
edit,00020674_000.png,20674,0.12,cardiomegaly_0,-6.428705,0.0016119374,0.97602236
edit,00020716_002.png,20716,0.12,cardiomegaly_0,3.371914,0.9668151,0.7860837
edit,00020802_000.png,20802,0.12,cardiomegaly_0,-6.363426,0.0017204867,0.97481513
edit,00021023_024.png,21023,0.12,cardiomegaly_0,-6.2793236,0.0018711603,0.96858084
edit,00021569_000.png,21569,0.12,cardiomegaly_0,-6.24061,0.0019448764,0.97184485
edit,00022341_000.png,22341,0.12,cardiomegaly_0,-6.168665,0.002089654,0.96528566
edit,00022582_001.png,22582,0.12,cardiomegaly_0,-3.4040718,0.03216845,0.6337409
edit,00022712_000.png,22712,0.12,cardiomegaly_0,-6.4199677,0.0016260607,0.9794055
edit,00023621_000.png,23621,0.12,cardiomegaly_0,4.8567867,0.99228454,0.8615783
edit,00023776_000.png,23776,0.12,cardiomegaly_0,-6.187969,0.0020497835,0.9662487
edit,00024192_000.png,24192,0.12,cardiomegaly_0,-5.623663,0.0035983934,0.9391849
edit,00024326_000.png,24326,0.12,cardiomegaly_0,-6.8294945,0.0010802365,0.9913501
edit,00024474_000.png,24474,0.12,cardiomegaly_0,-6.6434135,0.0013008788,0.9838191
edit,00024583_000.png,24583,0.12,cardiomegaly_0,-6.6865044,0.0012460819,0.98547924
edit,00025054_000.png,25054,0.12,cardiomegaly_0,-5.8058605,0.0030008315,0.9548246
edit,00026354_001.png,26354,0.12,cardiomegaly_0,7.9089127,0.9996327,0.9905546
edit,00026807_000.png,26807,0.12,cardiomegaly_0,-6.9366474,0.0009705783,0.9876283
edit,00027305_000.png,27305,0.12,cardiomegaly_0,-6.517769,0.0014747826,0.97972983
edit,00028027_005.png,28027,0.12,cardiomegaly_0,-4.183449,0.015016892,0.8123371
edit,00028053_000.png,28053,0.12,cardiomegaly_0,-6.6409206,0.0013041216,0.9851802
edit,00028457_000.png,28457,0.12,cardiomegaly_0,7.8341274,0.99960417,0.9939477
edit,00028962_000.png,28962,0.12,cardiomegaly_0,-6.172596,0.002081473,0.96498793
edit,00029393_000.png,29393,0.12,cardiomegaly_0,6.0719223,0.9976986,0.94877434
edit,00029569_000.png,29569,0.12,cardiomegaly_0,7.202282,0.9992556,0.9790522
edit,00029648_000.png,29648,0.12,cardiomegaly_0,-3.4901981,0.029592415,0.7356885
edit,00030332_000.png,30332,0.12,cardiomegaly_0,-6.1801224,0.0020658977,0.967805
edit,00030805_000.png,30805,0.12,cardiomegaly_0,-3.7409496,0.023181425,0.65605724
edit,00001059_006.png,1059,0.18,cardiomegaly_0,-2.6629124,0.06519761,0.52288675
edit,00001174_000.png,1174,0.18,cardiomegaly_0,-3.586954,0.02693684,0.72843695
edit,00001470_001.png,1470,0.18,cardiomegaly_0,3.1840172,0.9602284,0.86472327
edit,00001606_004.png,1606,0.18,cardiomegaly_0,8.937166,0.99986863,0.9940454
edit,00002139_000.png,2139,0.18,cardiomegaly_0,4.3786697,0.9876133,0.9010975
edit,00002355_005.png,2355,0.18,cardiomegaly_0,8.701059,0.9998336,0.99408114
edit,00002492_010.png,2492,0.18,cardiomegaly_0,-2.840334,0.055183124,0.59246254
edit,00002566_000.png,2566,0.18,cardiomegaly_0,8.875179,0.99986017,0.99627024
edit,00003064_010.png,3064,0.18,cardiomegaly_0,0.96528435,0.72417855,0.3139881
edit,00003804_012.png,3804,0.18,cardiomegaly_0,-5.203766,0.005465789,0.897633
edit,00003917_000.png,3917,0.18,cardiomegaly_0,4.1378345,0.9842933,0.792732
edit,00004057_000.png,4057,0.18,cardiomegaly_0,-6.3327923,0.0017739126,0.9600108
edit,00005623_000.png,5623,0.18,cardiomegaly_0,-6.394182,0.0016684636,0.965346
edit,00006012_000.png,6012,0.18,cardiomegaly_0,-0.098054886,0.47550586,0.37672737
edit,00006791_002.png,6791,0.18,cardiomegaly_0,8.924318,0.99986684,0.99701816
edit,00006921_000.png,6921,0.18,cardiomegaly_0,-6.301115,0.0018308999,0.9682488
edit,00006981_017.png,6981,0.18,cardiomegaly_0,-6.296465,0.0018394181,0.9585387
edit,00007082_000.png,7082,0.18,cardiomegaly_0,8.621727,0.99981993,0.99494475
edit,00007159_000.png,7159,0.18,cardiomegaly_0,9.12249,0.9998908,0.99661076
edit,00007340_004.png,7340,0.18,cardiomegaly_0,-3.5059757,0.02914268,0.77614677
edit,00007589_000.png,7589,0.18,cardiomegaly_0,-6.0143604,0.0024374546,0.96235996
edit,00007931_000.png,7931,0.18,cardiomegaly_0,7.7044277,0.9995493,0.9934396
edit,00008142_005.png,8142,0.18,cardiomegaly_0,-6.774086,0.0011417097,0.9832754
edit,00008147_000.png,8147,0.18,cardiomegaly_0,-6.384178,0.0016852104,0.978879
edit,00008184_003.png,8184,0.18,cardiomegaly_0,5.1248665,0.9940882,0.96003807
edit,00008359_000.png,8359,0.18,cardiomegaly_0,7.8039627,0.999592,0.9896303
edit,00008386_001.png,8386,0.18,cardiomegaly_0,-5.8287334,0.0029331718,0.9438503
edit,00008802_008.png,8802,0.18,cardiomegaly_0,2.4435425,0.92008793,0.49077424
edit,00009090_001.png,9090,0.18,cardiomegaly_0,9.50597,0.9999256,0.9972246
edit,00009105_003.png,9105,0.18,cardiomegaly_0,-0.19276237,0.4519581,0.38338584
edit,00009306_000.png,9306,0.18,cardiomegaly_0,-1.3121815,0.21212204,0.39892837
edit,00009335_000.png,9335,0.18,cardiomegaly_0,8.265001,0.9997427,0.99026716
edit,00009409_002.png,9409,0.18,cardiomegaly_0,-2.6686535,0.06484857,0.49101514
edit,00009761_000.png,9761,0.18,cardiomegaly_0,8.232996,0.99973434,0.99511725
edit,00010465_001.png,10465,0.18,cardiomegaly_0,7.246086,0.99928755,0.9758867
edit,00010892_000.png,10892,0.18,cardiomegaly_0,-4.909916,0.007319143,0.86490846
edit,00010931_003.png,10931,0.18,cardiomegaly_0,-0.14774323,0.46313122,0.2109109
edit,00010964_000.png,10964,0.18,cardiomegaly_0,7.8399086,0.99960643,0.9909546
edit,00011611_000.png,11611,0.18,cardiomegaly_0,-3.8828716,0.02017615,0.69470984
edit,00012129_000.png,12129,0.18,cardiomegaly_0,-5.9005013,0.0027305952,0.95361215
edit,00012400_000.png,12400,0.18,cardiomegaly_0,7.513361,0.99945456,0.98099005
edit,00012772_003.png,12772,0.18,cardiomegaly_0,-6.138756,0.0021529612,0.9675909
edit,00012902_001.png,12902,0.18,cardiomegaly_0,-3.022749,0.04640867,0.60805917
edit,00013441_000.png,13441,0.18,cardiomegaly_0,8.342735,0.999762,0.9880973
edit,00013678_003.png,13678,0.18,cardiomegaly_0,8.361397,0.9997663,0.9904984
edit,00013759_000.png,13759,0.18,cardiomegaly_0,-6.8621235,0.0010455946,0.9888682
edit,00014281_000.png,14281,0.18,cardiomegaly_0,-5.8880863,0.0027646124,0.9380709
edit,00014295_001.png,14295,0.18,cardiomegaly_0,-6.579054,0.0013872359,0.98007834
edit,00014387_006.png,14387,0.18,cardiomegaly_0,2.0758114,0.8885299,0.6041348
edit,00014838_000.png,14838,0.18,cardiomegaly_0,6.6740856,0.99873835,0.9811675
edit,00014954_000.png,14954,0.18,cardiomegaly_0,-6.3316154,0.0017759976,0.9779604
edit,00015056_005.png,15056,0.18,cardiomegaly_0,8.6753235,0.9998293,0.9958751
edit,00015087_011.png,15087,0.18,cardiomegaly_0,6.0946026,0.9977501,0.9775176
edit,00016191_019.png,16191,0.18,cardiomegaly_0,1.1302242,0.75588024,0.51324934
edit,00016245_000.png,16245,0.18,cardiomegaly_0,-6.8826504,0.0010243722,0.9862325
edit,00016498_001.png,16498,0.18,cardiomegaly_0,-6.427925,0.0016131934,0.97898316
edit,00016509_001.png,16509,0.18,cardiomegaly_0,9.160551,0.99989486,0.9953193
edit,00016512_001.png,16512,0.18,cardiomegaly_0,5.981632,0.99748164,0.90924025
edit,00016724_002.png,16724,0.18,cardiomegaly_0,5.675249,0.996582,0.9777256
edit,00016865_000.png,16865,0.18,cardiomegaly_0,5.2469025,0.99476373,0.9372109
edit,00016907_000.png,16907,0.18,cardiomegaly_0,-6.2274,0.001970688,0.9671909
edit,00017381_000.png,17381,0.18,cardiomegaly_0,-3.1345272,0.04170529,0.64563614
edit,00018008_000.png,18008,0.18,cardiomegaly_0,-5.9915524,0.0024935473,0.9471743
edit,00018011_000.png,18011,0.18,cardiomegaly_0,7.739048,0.9995647,0.9770414
edit,00018488_002.png,18488,0.18,cardiomegaly_0,-5.313793,0.004899097,0.935796
edit,00018616_000.png,18616,0.18,cardiomegaly_0,7.529127,0.99946314,0.9867761
edit,00019435_003.png,19435,0.18,cardiomegaly_0,-6.381386,0.0016899148,0.9727953
edit,00019535_002.png,19535,0.18,cardiomegaly_0,-4.806097,0.008113357,0.8215392
edit,00019544_000.png,19544,0.18,cardiomegaly_0,4.4497967,0.9884539,0.8512975
edit,00019911_001.png,19911,0.18,cardiomegaly_0,-5.7382584,0.0032100345,0.95236146
edit,00020318_024.png,20318,0.18,cardiomegaly_0,-0.85697365,0.29797202,0.5052256
edit,00020341_000.png,20341,0.18,cardiomegaly_0,-6.2057896,0.0020136521,0.9635247
edit,00020642_006.png,20642,0.18,cardiomegaly_0,-0.508482,0.37554947,0.4034467
edit,00020674_000.png,20674,0.18,cardiomegaly_0,-6.18828,0.0020491476,0.9637582
edit,00020716_002.png,20716,0.18,cardiomegaly_0,7.983019,0.99965894,0.9926512
edit,00020802_000.png,20802,0.18,cardiomegaly_0,-6.4160175,0.001632486,0.97479886
edit,00021023_024.png,21023,0.18,cardiomegaly_0,-6.265337,0.0018974653,0.95642775
edit,00021569_000.png,21569,0.18,cardiomegaly_0,-1.7251606,0.15120764,0.36609808
edit,00022341_000.png,22341,0.18,cardiomegaly_0,-3.4460335,0.030887369,0.60961664
edit,00022582_001.png,22582,0.18,cardiomegaly_0,2.0703201,0.8879848,0.46763033
edit,00022712_000.png,22712,0.18,cardiomegaly_0,-2.2684498,0.093769856,0.49703315
edit,00023621_000.png,23621,0.18,cardiomegaly_0,8.4380455,0.9997836,0.9920477
edit,00023776_000.png,23776,0.18,cardiomegaly_0,-3.989231,0.018177409,0.7147342
edit,00024192_000.png,24192,0.18,cardiomegaly_0,-0.013328552,0.49666792,0.2913929
edit,00024326_000.png,24326,0.18,cardiomegaly_0,-6.8440228,0.0010646726,0.9902465
edit,00024474_000.png,24474,0.18,cardiomegaly_0,-6.3648033,0.001718123,0.9749211
edit,00024583_000.png,24583,0.18,cardiomegaly_0,-6.7450523,0.0011753042,0.98565716
edit,00025054_000.png,25054,0.18,cardiomegaly_0,-1.3200397,0.21081167,0.3814671
edit,00026354_001.png,26354,0.18,cardiomegaly_0,9.210163,0.9999,0.9948012
edit,00026807_000.png,26807,0.18,cardiomegaly_0,-6.8767624,0.0010304154,0.9890007
edit,00027305_000.png,27305,0.18,cardiomegaly_0,-6.021761,0.0024195267,0.9668463
edit,00028027_005.png,28027,0.18,cardiomegaly_0,-3.9804268,0.018335208,0.81076825
edit,00028053_000.png,28053,0.18,cardiomegaly_0,-6.0822086,0.0022779277,0.968294
edit,00028457_000.png,28457,0.18,cardiomegaly_0,9.117197,0.9998902,0.9966897
edit,00028962_000.png,28962,0.18,cardiomegaly_0,-4.033554,0.01740304,0.8292147
edit,00029393_000.png,29393,0.18,cardiomegaly_0,8.172659,0.9997178,0.9898852
edit,00029569_000.png,29569,0.18,cardiomegaly_0,8.889103,0.9998621,0.9934318
edit,00029648_000.png,29648,0.18,cardiomegaly_0,7.735317,0.99956304,0.9872396
edit,00030332_000.png,30332,0.18,cardiomegaly_0,-5.673353,0.0034245555,0.9380441
edit,00030805_000.png,30805,0.18,cardiomegaly_0,4.94952,0.99296314,0.86527634
edit,00001059_006.png,1059,0.24,cardiomegaly_0,6.857456,0.9989496,0.9884581
edit,00001174_000.png,1174,0.24,cardiomegaly_0,5.2667923,0.9948664,0.927633
edit,00001470_001.png,1470,0.24,cardiomegaly_0,4.586933,0.98991865,0.9599652
edit,00001606_004.png,1606,0.24,cardiomegaly_0,9.348785,0.999913,0.995942
edit,00002139_000.png,2139,0.24,cardiomegaly_0,7.8550034,0.9996124,0.9876813
edit,00002355_005.png,2355,0.24,cardiomegaly_0,9.37649,0.99991536,0.9964127
edit,00002492_010.png,2492,0.24,cardiomegaly_0,1.9734898,0.8779854,0.55068386
edit,00002566_000.png,2566,0.24,cardiomegaly_0,9.288197,0.9999075,0.99709177
edit,00003064_010.png,3064,0.24,cardiomegaly_0,6.9773083,0.9990681,0.9791245
edit,00003804_012.png,3804,0.24,cardiomegaly_0,-4.2485027,0.0140844025,0.79170567
edit,00003917_000.png,3917,0.24,cardiomegaly_0,8.155172,0.99971277,0.99090815
edit,00004057_000.png,4057,0.24,cardiomegaly_0,-6.301918,0.001829433,0.9600815
edit,00005623_000.png,5623,0.24,cardiomegaly_0,-6.214037,0.001997146,0.9621547
edit,00006012_000.png,6012,0.24,cardiomegaly_0,6.3244934,0.9982114,0.96908504
edit,00006791_002.png,6791,0.24,cardiomegaly_0,9.260454,0.9999049,0.99790883
edit,00006921_000.png,6921,0.24,cardiomegaly_0,-6.2791634,0.0018714597,0.96226245
edit,00006981_017.png,6981,0.24,cardiomegaly_0,-5.879078,0.00278956,0.93469244
edit,00007082_000.png,7082,0.24,cardiomegaly_0,9.605148,0.99993265,0.99712586
edit,00007159_000.png,7159,0.24,cardiomegaly_0,9.315615,0.99991,0.99629664
edit,00007340_004.png,7340,0.24,cardiomegaly_0,0.49442482,0.6211482,0.49864063
edit,00007589_000.png,7589,0.24,cardiomegaly_0,1.4250851,0.80613434,0.5217928
edit,00007931_000.png,7931,0.24,cardiomegaly_0,8.9811325,0.99987423,0.9967475
edit,00008142_005.png,8142,0.24,cardiomegaly_0,-6.845846,0.001062735,0.9836896
edit,00008147_000.png,8147,0.24,cardiomegaly_0,-6.2939014,0.0018441307,0.974416
edit,00008184_003.png,8184,0.24,cardiomegaly_0,8.690086,0.9998318,0.99481255
edit,00008359_000.png,8359,0.24,cardiomegaly_0,8.939636,0.99986887,0.9937508
edit,00008386_001.png,8386,0.24,cardiomegaly_0,4.2924557,0.9865131,0.9224766
edit,00008802_008.png,8802,0.24,cardiomegaly_0,8.78339,0.9998467,0.9920564
edit,00009090_001.png,9090,0.24,cardiomegaly_0,9.670614,0.99993694,0.9974424
edit,00009105_003.png,9105,0.24,cardiomegaly_0,6.1485596,0.99786794,0.95285887
edit,00009306_000.png,9306,0.24,cardiomegaly_0,5.6459656,0.99648076,0.9525088
edit,00009335_000.png,9335,0.24,cardiomegaly_0,9.049601,0.9998826,0.995318
edit,00009409_002.png,9409,0.24,cardiomegaly_0,2.6811085,0.93590266,0.55303335
edit,00009761_000.png,9761,0.24,cardiomegaly_0,8.966747,0.99987245,0.99655443
edit,00010465_001.png,10465,0.24,cardiomegaly_0,9.113714,0.99988985,0.9933928
edit,00010892_000.png,10892,0.24,cardiomegaly_0,0.12849617,0.53207994,0.30370647
edit,00010931_003.png,10931,0.24,cardiomegaly_0,7.855562,0.9996126,0.98836297
edit,00010964_000.png,10964,0.24,cardiomegaly_0,9.414804,0.99991846,0.9965011
edit,00011611_000.png,11611,0.24,cardiomegaly_0,4.1686153,0.9847621,0.782938
edit,00012129_000.png,12129,0.24,cardiomegaly_0,2.1751423,0.89799494,0.6755742
edit,00012400_000.png,12400,0.24,cardiomegaly_0,9.164614,0.99989533,0.9933861
edit,00012772_003.png,12772,0.24,cardiomegaly_0,-5.921028,0.0026752646,0.955679
edit,00012902_001.png,12902,0.24,cardiomegaly_0,-0.15617561,0.46103522,0.36154887
edit,00013441_000.png,13441,0.24,cardiomegaly_0,8.925507,0.9998671,0.99192613
edit,00013678_003.png,13678,0.24,cardiomegaly_0,9.355719,0.9999136,0.9948073
edit,00013759_000.png,13759,0.24,cardiomegaly_0,-6.6593266,0.001280368,0.9884669
edit,00014281_000.png,14281,0.24,cardiomegaly_0,-3.7771492,0.022375714,0.6727509
edit,00014295_001.png,14295,0.24,cardiomegaly_0,-6.631077,0.0013170056,0.9816769
edit,00014387_006.png,14387,0.24,cardiomegaly_0,3.6676483,0.97509944,0.83321714
edit,00014838_000.png,14838,0.24,cardiomegaly_0,9.309078,0.9999094,0.9960161
edit,00014954_000.png,14954,0.24,cardiomegaly_0,-5.8507214,0.0028695643,0.93845564
edit,00015056_005.png,15056,0.24,cardiomegaly_0,9.078003,0.9998858,0.9970755
edit,00015087_011.png,15087,0.24,cardiomegaly_0,8.592684,0.99981457,0.9952894
edit,00016191_019.png,16191,0.24,cardiomegaly_0,6.2378902,0.99804986,0.9795107
edit,00016245_000.png,16245,0.24,cardiomegaly_0,-5.8205853,0.0029570984,0.9535383
edit,00016498_001.png,16498,0.24,cardiomegaly_0,-5.407568,0.0044625252,0.9325707
edit,00016509_001.png,16509,0.24,cardiomegaly_0,9.52166,0.9999268,0.99630374
edit,00016512_001.png,16512,0.24,cardiomegaly_0,9.08713,0.9998869,0.99077404
edit,00016724_002.png,16724,0.24,cardiomegaly_0,7.6634464,0.99953055,0.99401355
edit,00016865_000.png,16865,0.24,cardiomegaly_0,7.341955,0.99935263,0.9831703
edit,00016907_000.png,16907,0.24,cardiomegaly_0,-6.259388,0.0019087655,0.9670215
edit,00017381_000.png,17381,0.24,cardiomegaly_0,5.691902,0.9966382,0.95593053
edit,00018008_000.png,18008,0.24,cardiomegaly_0,-6.0558586,0.0023386066,0.9570721
edit,00018011_000.png,18011,0.24,cardiomegaly_0,9.0168705,0.99987864,0.99073064
edit,00018488_002.png,18488,0.24,cardiomegaly_0,-5.3142376,0.004896931,0.9318651
edit,00018616_000.png,18616,0.24,cardiomegaly_0,7.7438164,0.99956673,0.9895177
edit,00019435_003.png,19435,0.24,cardiomegaly_0,0.37696838,0.59314173,0.2656785
edit,00019535_002.png,19535,0.24,cardiomegaly_0,2.396494,0.9165596,0.6754754
edit,00019544_000.png,19544,0.24,cardiomegaly_0,7.995344,0.9996631,0.9855467
edit,00019911_001.png,19911,0.24,cardiomegaly_0,2.2783508,0.90706813,0.6265307
edit,00020318_024.png,20318,0.24,cardiomegaly_0,-0.19719887,0.45085946,0.4906849
edit,00020341_000.png,20341,0.24,cardiomegaly_0,-5.1348476,0.0058534835,0.87088203
edit,00020642_006.png,20642,0.24,cardiomegaly_0,5.187805,0.99444675,0.9444418
edit,00020674_000.png,20674,0.24,cardiomegaly_0,0.37909508,0.5936548,0.27742064
edit,00020716_002.png,20716,0.24,cardiomegaly_0,9.137936,0.9998925,0.9959749
edit,00020802_000.png,20802,0.24,cardiomegaly_0,-6.273508,0.0018820532,0.97200334
edit,00021023_024.png,21023,0.24,cardiomegaly_0,-6.15654,0.0021150913,0.957967
edit,00021569_000.png,21569,0.24,cardiomegaly_0,2.7588177,0.9404094,0.6007127
edit,00022341_000.png,22341,0.24,cardiomegaly_0,4.184223,0.9849946,0.8306539
edit,00022582_001.png,22582,0.24,cardiomegaly_0,8.3841305,0.99977165,0.99104726
edit,00022712_000.png,22712,0.24,cardiomegaly_0,3.0766544,0.95591944,0.71398234
edit,00023621_000.png,23621,0.24,cardiomegaly_0,9.628061,0.9999342,0.9964592
edit,00023776_000.png,23776,0.24,cardiomegaly_0,4.011881,0.98222244,0.7873986
edit,00024192_000.png,24192,0.24,cardiomegaly_0,5.8845196,0.9972255,0.9502341
edit,00024326_000.png,24326,0.24,cardiomegaly_0,-6.6731358,0.0012628309,0.9865072
edit,00024474_000.png,24474,0.24,cardiomegaly_0,-5.233326,0.00530743,0.9086566
edit,00024583_000.png,24583,0.24,cardiomegaly_0,-6.484064,0.0015252597,0.97937995
edit,00025054_000.png,25054,0.24,cardiomegaly_0,6.69166,0.99876034,0.9794994
edit,00026354_001.png,26354,0.24,cardiomegaly_0,9.707401,0.9999392,0.996722
edit,00026807_000.png,26807,0.24,cardiomegaly_0,-6.8615723,0.0010461705,0.98743665
edit,00027305_000.png,27305,0.24,cardiomegaly_0,-2.416975,0.081887394,0.65045315
edit,00028027_005.png,28027,0.24,cardiomegaly_0,-3.4543648,0.03063896,0.70284075
edit,00028053_000.png,28053,0.24,cardiomegaly_0,-2.3711758,0.08539726,0.5122187
edit,00028457_000.png,28457,0.24,cardiomegaly_0,9.394299,0.9999168,0.99738723
edit,00028962_000.png,28962,0.24,cardiomegaly_0,4.0411797,0.98272693,0.92783105
edit,00029393_000.png,29393,0.24,cardiomegaly_0,8.696167,0.99983275,0.99303293
edit,00029569_000.png,29569,0.24,cardiomegaly_0,9.254784,0.9999044,0.9942874
edit,00029648_000.png,29648,0.24,cardiomegaly_0,9.2038,0.9998994,0.99551034
edit,00030332_000.png,30332,0.24,cardiomegaly_0,-1.8909073,0.13114105,0.47702518
edit,00030805_000.png,30805,0.24,cardiomegaly_0,8.520704,0.99980074,0.98982126
edit,00001059_006.png,1059,0.3,cardiomegaly_0,8.146486,0.99971026,0.9942105
edit,00001174_000.png,1174,0.3,cardiomegaly_0,8.41457,0.99977845,0.9906909
edit,00001470_001.png,1470,0.3,cardiomegaly_0,6.0954,0.9977519,0.9896958
edit,00001606_004.png,1606,0.3,cardiomegaly_0,9.379082,0.9999155,0.99541724
edit,00002139_000.png,2139,0.3,cardiomegaly_0,8.582224,0.99981266,0.9915231
edit,00002355_005.png,2355,0.3,cardiomegaly_0,9.519531,0.99992657,0.9970897
edit,00002492_010.png,2492,0.3,cardiomegaly_0,2.986456,0.95195854,0.7057059
edit,00002566_000.png,2566,0.3,cardiomegaly_0,9.116703,0.9998902,0.9968163
edit,00003064_010.png,3064,0.3,cardiomegaly_0,9.271057,0.99990594,0.99494606
edit,00003804_012.png,3804,0.3,cardiomegaly_0,3.4209404,0.9683526,0.7515517
edit,00003917_000.png,3917,0.3,cardiomegaly_0,9.260458,0.9999049,0.9950134
edit,00004057_000.png,4057,0.3,cardiomegaly_0,-6.0428314,0.0023691987,0.93812233
edit,00005623_000.png,5623,0.3,cardiomegaly_0,-5.242464,0.005259405,0.84484005
edit,00006012_000.png,6012,0.3,cardiomegaly_0,7.9602547,0.9996511,0.98654944
edit,00006791_002.png,6791,0.3,cardiomegaly_0,9.529196,0.9999273,0.9980027
edit,00006921_000.png,6921,0.3,cardiomegaly_0,-3.7789764,0.022335779,0.6730486
edit,00006981_017.png,6981,0.3,cardiomegaly_0,-3.017025,0.046662636,0.6022896
edit,00007082_000.png,7082,0.3,cardiomegaly_0,9.621931,0.9999337,0.99685335
edit,00007159_000.png,7159,0.3,cardiomegaly_0,9.51086,0.999926,0.99682045
edit,00007340_004.png,7340,0.3,cardiomegaly_0,7.258375,0.9992962,0.9869055
edit,00007589_000.png,7589,0.3,cardiomegaly_0,4.188881,0.9850632,0.88961005
edit,00007931_000.png,7931,0.3,cardiomegaly_0,9.168442,0.9998957,0.99715024
edit,00008142_005.png,8142,0.3,cardiomegaly_0,-6.661186,0.0012779922,0.97595274
edit,00008147_000.png,8147,0.3,cardiomegaly_0,-4.9897175,0.006761558,0.91859907
edit,00008184_003.png,8184,0.3,cardiomegaly_0,9.226568,0.99990165,0.9959831
edit,00008359_000.png,8359,0.3,cardiomegaly_0,9.580729,0.999931,0.9955412
edit,00008386_001.png,8386,0.3,cardiomegaly_0,7.413246,0.99939716,0.99262595
edit,00008802_008.png,8802,0.3,cardiomegaly_0,9.669348,0.9999368,0.9960818
edit,00009090_001.png,9090,0.3,cardiomegaly_0,9.655956,0.999936,0.99774665
edit,00009105_003.png,9105,0.3,cardiomegaly_0,8.829603,0.9998536,0.9905575
edit,00009306_000.png,9306,0.3,cardiomegaly_0,6.7398205,0.99881846,0.97869825
edit,00009335_000.png,9335,0.3,cardiomegaly_0,9.469423,0.9999229,0.9959515
edit,00009409_002.png,9409,0.3,cardiomegaly_0,6.627142,0.9986778,0.96368116
edit,00009761_000.png,9761,0.3,cardiomegaly_0,9.17004,0.99989593,0.9966797
edit,00010465_001.png,10465,0.3,cardiomegaly_0,9.505177,0.9999255,0.9953682
edit,00010892_000.png,10892,0.3,cardiomegaly_0,6.362211,0.9982774,0.97690713
edit,00010931_003.png,10931,0.3,cardiomegaly_0,8.969769,0.9998728,0.99477476
edit,00010964_000.png,10964,0.3,cardiomegaly_0,9.621992,0.9999337,0.99724394
edit,00011611_000.png,11611,0.3,cardiomegaly_0,7.7830048,0.9995834,0.9847564
edit,00012129_000.png,12129,0.3,cardiomegaly_0,7.9465923,0.9996463,0.9905388
edit,00012400_000.png,12400,0.3,cardiomegaly_0,9.622837,0.99993384,0.99548054
edit,00012772_003.png,12772,0.3,cardiomegaly_0,-4.874792,0.0075788046,0.8620305
edit,00012902_001.png,12902,0.3,cardiomegaly_0,6.799986,0.9988875,0.9766416
edit,00013441_000.png,13441,0.3,cardiomegaly_0,9.500774,0.99992526,0.99486256
edit,00013678_003.png,13678,0.3,cardiomegaly_0,9.371702,0.9999149,0.9948925
edit,00013759_000.png,13759,0.3,cardiomegaly_0,-3.7970238,0.021945061,0.76092213
edit,00014281_000.png,14281,0.3,cardiomegaly_0,6.1850357,0.9979442,0.9627505
edit,00014295_001.png,14295,0.3,cardiomegaly_0,-6.0220184,0.0024189053,0.963085
edit,00014387_006.png,14387,0.3,cardiomegaly_0,4.7667103,0.99156344,0.927672
edit,00014838_000.png,14838,0.3,cardiomegaly_0,9.292929,0.999908,0.9963787
edit,00014954_000.png,14954,0.3,cardiomegaly_0,-4.381832,0.012348052,0.75255096
edit,00015056_005.png,15056,0.3,cardiomegaly_0,9.310596,0.9999095,0.99713445
edit,00015087_011.png,15087,0.3,cardiomegaly_0,9.017746,0.99987876,0.99626076
edit,00016191_019.png,16191,0.3,cardiomegaly_0,8.38797,0.9997725,0.99536496
edit,00016245_000.png,16245,0.3,cardiomegaly_0,1.4735966,0.81360346,0.46855035
edit,00016498_001.png,16498,0.3,cardiomegaly_0,-0.834177,0.3027626,0.3730272
edit,00016509_001.png,16509,0.3,cardiomegaly_0,9.791849,0.9999441,0.9975192
edit,00016512_001.png,16512,0.3,cardiomegaly_0,9.858835,0.99994767,0.99551487
edit,00016724_002.png,16724,0.3,cardiomegaly_0,8.505415,0.99979764,0.9967699
edit,00016865_000.png,16865,0.3,cardiomegaly_0,7.82176,0.9995993,0.98683727
edit,00016907_000.png,16907,0.3,cardiomegaly_0,-6.218609,0.0019880543,0.96992064
edit,00017381_000.png,17381,0.3,cardiomegaly_0,8.875195,0.99986017,0.9940094
edit,00018008_000.png,18008,0.3,cardiomegaly_0,-5.6436214,0.0035275375,0.9282942
edit,00018011_000.png,18011,0.3,cardiomegaly_0,9.241152,0.9999031,0.9915837
edit,00018488_002.png,18488,0.3,cardiomegaly_0,-5.312914,0.004903386,0.9324716
edit,00018616_000.png,18616,0.3,cardiomegaly_0,8.351223,0.9997639,0.99335694
edit,00019435_003.png,19435,0.3,cardiomegaly_0,7.9672585,0.99965346,0.9865393
edit,00019535_002.png,19535,0.3,cardiomegaly_0,7.5107746,0.9994531,0.98817426
edit,00019544_000.png,19544,0.3,cardiomegaly_0,8.44244,0.9997845,0.9909759
edit,00019911_001.png,19911,0.3,cardiomegaly_0,7.872423,0.999619,0.99001074
edit,00020318_024.png,20318,0.3,cardiomegaly_0,5.265728,0.99486095,0.9724818
edit,00020341_000.png,20341,0.3,cardiomegaly_0,3.0611591,0.9552618,0.78464186
edit,00020642_006.png,20642,0.3,cardiomegaly_0,8.714766,0.99983585,0.99430656
edit,00020674_000.png,20674,0.3,cardiomegaly_0,6.0314236,0.9976037,0.94804305
edit,00020716_002.png,20716,0.3,cardiomegaly_0,9.395674,0.9999169,0.9960365
edit,00020802_000.png,20802,0.3,cardiomegaly_0,-5.331337,0.004814308,0.91772485
edit,00021023_024.png,21023,0.3,cardiomegaly_0,-2.4151764,0.08202272,0.38818178
edit,00021569_000.png,21569,0.3,cardiomegaly_0,8.753637,0.99984217,0.99276894
edit,00022341_000.png,22341,0.3,cardiomegaly_0,7.101692,0.9991769,0.97347033
edit,00022582_001.png,22582,0.3,cardiomegaly_0,9.561312,0.99992955,0.9961568
edit,00022712_000.png,22712,0.3,cardiomegaly_0,5.420595,0.9955949,0.9359213
edit,00023621_000.png,23621,0.3,cardiomegaly_0,9.962429,0.9999529,0.9973171
edit,00023776_000.png,23776,0.3,cardiomegaly_0,7.9697266,0.9996543,0.9868451
edit,00024192_000.png,24192,0.3,cardiomegaly_0,8.904015,0.9998641,0.99308926
edit,00024326_000.png,24326,0.3,cardiomegaly_0,-6.450964,0.00157651,0.9815081
edit,00024474_000.png,24474,0.3,cardiomegaly_0,4.367573,0.9874769,0.79165775
edit,00024583_000.png,24583,0.3,cardiomegaly_0,-5.8257694,0.002941853,0.95555675
edit,00025054_000.png,25054,0.3,cardiomegaly_0,8.5090065,0.99979836,0.9943926
edit,00026354_001.png,26354,0.3,cardiomegaly_0,9.883829,0.999949,0.99711466
edit,00026807_000.png,26807,0.3,cardiomegaly_0,-6.736561,0.001185315,0.9861423
edit,00027305_000.png,27305,0.3,cardiomegaly_0,7.3653584,0.99936765,0.99179476
edit,00028027_005.png,28027,0.3,cardiomegaly_0,-0.7077427,0.33009782,0.45912313
edit,00028053_000.png,28053,0.3,cardiomegaly_0,6.776911,0.99886155,0.9754339
edit,00028457_000.png,28457,0.3,cardiomegaly_0,9.847481,0.9999471,0.99749976
edit,00028962_000.png,28962,0.3,cardiomegaly_0,6.856428,0.9989485,0.98921853
edit,00029393_000.png,29393,0.3,cardiomegaly_0,9.55323,0.9999291,0.9965366
edit,00029569_000.png,29569,0.3,cardiomegaly_0,9.272421,0.99990606,0.9943877
edit,00029648_000.png,29648,0.3,cardiomegaly_0,9.837273,0.9999466,0.9968387
edit,00030332_000.png,30332,0.3,cardiomegaly_0,6.967741,0.99905914,0.9793297
edit,00030805_000.png,30805,0.3,cardiomegaly_0,9.252232,0.99990416,0.99493384
sham,00001059_006.png,1059,0.3,cardiomegaly_0,5.8926506,0.9972479,0.9795989
sham,00001174_000.png,1174,0.3,cardiomegaly_0,-6.6251755,0.0013247902,0.9852248
sham,00001470_001.png,1470,0.3,cardiomegaly_0,-3.880125,0.02023052,0.77532095
sham,00001606_004.png,1606,0.3,cardiomegaly_0,-2.6039429,0.068885095,0.51193345
sham,00002139_000.png,2139,0.3,cardiomegaly_0,0.09140396,0.52283514,0.35618147
sham,00002355_005.png,2355,0.3,cardiomegaly_0,-5.7540913,0.00315977,0.94821566
sham,00002492_010.png,2492,0.3,cardiomegaly_0,-6.5980835,0.0013611225,0.9763477
sham,00002566_000.png,2566,0.3,cardiomegaly_0,-6.4596786,0.0015628523,0.97746295
sham,00003064_010.png,3064,0.3,cardiomegaly_0,-6.5231514,0.0014668774,0.9685549
sham,00003804_012.png,3804,0.3,cardiomegaly_0,-6.5209255,0.0014701413,0.9729526
sham,00003917_000.png,3917,0.3,cardiomegaly_0,-6.583063,0.001381693,0.97561395
sham,00004057_000.png,4057,0.3,cardiomegaly_0,-6.3510227,0.0017419221,0.9650245
sham,00005623_000.png,5623,0.3,cardiomegaly_0,-6.4558887,0.0015687774,0.97509456
sham,00006012_000.png,6012,0.3,cardiomegaly_0,-6.505863,0.0014924193,0.98212683
sham,00006791_002.png,6791,0.3,cardiomegaly_0,-6.108412,0.0022191447,0.9636498
sham,00006921_000.png,6921,0.3,cardiomegaly_0,-6.528141,0.0014595871,0.9702068
sham,00006981_017.png,6981,0.3,cardiomegaly_0,-6.519577,0.0014721223,0.97531074
sham,00007082_000.png,7082,0.3,cardiomegaly_0,-3.6067524,0.026422733,0.6840243
sham,00007159_000.png,7159,0.3,cardiomegaly_0,-6.313732,0.0018079861,0.95523804
sham,00007340_004.png,7340,0.3,cardiomegaly_0,-6.004524,0.002461489,0.97169816
sham,00007589_000.png,7589,0.3,cardiomegaly_0,-6.7719593,0.0011441377,0.9879412
sham,00007931_000.png,7931,0.3,cardiomegaly_0,-6.451185,0.0015761618,0.98155797
sham,00008142_005.png,8142,0.3,cardiomegaly_0,-6.675802,0.0012594722,0.9849088
sham,00008147_000.png,8147,0.3,cardiomegaly_0,-6.2386475,0.0019486897,0.9781
sham,00008184_003.png,8184,0.3,cardiomegaly_0,-6.4722385,0.0015433759,0.98003525
sham,00008359_000.png,8359,0.3,cardiomegaly_0,-5.4679546,0.004202122,0.9317959
sham,00008386_001.png,8386,0.3,cardiomegaly_0,-6.5379467,0.0014453654,0.98620754
sham,00008802_008.png,8802,0.3,cardiomegaly_0,-6.7565365,0.0011618995,0.9819004
sham,00009090_001.png,9090,0.3,cardiomegaly_0,-6.3207474,0.0017953697,0.9628282
sham,00009105_003.png,9105,0.3,cardiomegaly_0,-6.1032352,0.0022306363,0.96865845
sham,00009306_000.png,9306,0.3,cardiomegaly_0,-6.607153,0.0013488503,0.9852434
sham,00009335_000.png,9335,0.3,cardiomegaly_0,-6.7823677,0.0011323041,0.9821571
sham,00009409_002.png,9409,0.3,cardiomegaly_0,-6.732237,0.001190445,0.9850061
sham,00009761_000.png,9761,0.3,cardiomegaly_0,-5.5583763,0.0038402264,0.9382805
sham,00010465_001.png,10465,0.3,cardiomegaly_0,-5.8674564,0.0028220757,0.9676828
sham,00010892_000.png,10892,0.3,cardiomegaly_0,-6.2277374,0.0019700243,0.97014844
sham,00010931_003.png,10931,0.3,cardiomegaly_0,-6.346489,0.0017498237,0.9822862
sham,00010964_000.png,10964,0.3,cardiomegaly_0,-6.636221,0.0013102569,0.9872515
sham,00011611_000.png,11611,0.3,cardiomegaly_0,-6.5247993,0.0014644655,0.97914094
sham,00012129_000.png,12129,0.3,cardiomegaly_0,-6.3536186,0.0017374138,0.9801826
sham,00012400_000.png,12400,0.3,cardiomegaly_0,-6.7397404,0.0011815565,0.98338485
sham,00012772_003.png,12772,0.3,cardiomegaly_0,-6.2224407,0.001980466,0.9753439
sham,00012902_001.png,12902,0.3,cardiomegaly_0,-6.4885483,0.0015184459,0.9848733
sham,00013441_000.png,13441,0.3,cardiomegaly_0,-6.1408195,0.002148532,0.9614926
sham,00013678_003.png,13678,0.3,cardiomegaly_0,-5.4472847,0.0042895074,0.9180037
sham,00013759_000.png,13759,0.3,cardiomegaly_0,-6.784378,0.0011300327,0.9874042
sham,00014281_000.png,14281,0.3,cardiomegaly_0,-6.5149784,0.0014788975,0.9712863
sham,00014295_001.png,14295,0.3,cardiomegaly_0,-6.7444572,0.0011760029,0.98681825
sham,00014387_006.png,14387,0.3,cardiomegaly_0,-5.3164177,0.004886319,0.91767734
sham,00014838_000.png,14838,0.3,cardiomegaly_0,-6.4766045,0.0015366627,0.97920257
sham,00014954_000.png,14954,0.3,cardiomegaly_0,-6.6175632,0.0013348997,0.9846471
sham,00015056_005.png,15056,0.3,cardiomegaly_0,-4.8374157,0.0078651635,0.882728
sham,00015087_011.png,15087,0.3,cardiomegaly_0,-4.0591373,0.016970921,0.76266736
sham,00016191_019.png,16191,0.3,cardiomegaly_0,-5.8701572,0.0028144857,0.94495636
sham,00016245_000.png,16245,0.3,cardiomegaly_0,-7.1082897,0.00081762427,0.99013066
sham,00016498_001.png,16498,0.3,cardiomegaly_0,-6.6686,0.0012685643,0.9850053
sham,00016509_001.png,16509,0.3,cardiomegaly_0,1.5677738,0.827466,0.4827538
sham,00016512_001.png,16512,0.3,cardiomegaly_0,-6.3978443,0.0016623749,0.964458
sham,00016724_002.png,16724,0.3,cardiomegaly_0,7.157753,0.9992218,0.9915584
sham,00016865_000.png,16865,0.3,cardiomegaly_0,-6.742056,0.001178827,0.98526907
sham,00016907_000.png,16907,0.3,cardiomegaly_0,-6.1735325,0.0020795283,0.9677157
sham,00017381_000.png,17381,0.3,cardiomegaly_0,2.3576374,0.91353935,0.7402511
sham,00018008_000.png,18008,0.3,cardiomegaly_0,-6.4677906,0.0015502454,0.9720565
sham,00018011_000.png,18011,0.3,cardiomegaly_0,-6.3327293,0.0017740238,0.975194
sham,00018488_002.png,18488,0.3,cardiomegaly_0,-4.1482964,0.015545809,0.79470724
sham,00018616_000.png,18616,0.3,cardiomegaly_0,-6.2717476,0.0018853634,0.9579356
sham,00019435_003.png,19435,0.3,cardiomegaly_0,-5.9646873,0.0025612703,0.9623604
sham,00019535_002.png,19535,0.3,cardiomegaly_0,-5.0579205,0.0063185906,0.90237147
sham,00019544_000.png,19544,0.3,cardiomegaly_0,-6.6502075,0.001292082,0.9841686
sham,00019911_001.png,19911,0.3,cardiomegaly_0,-6.4840927,0.0015252162,0.9741476
sham,00020318_024.png,20318,0.3,cardiomegaly_0,-5.5814323,0.0037530272,0.954991
sham,00020341_000.png,20341,0.3,cardiomegaly_0,-6.1839447,0.0020580324,0.96215945
sham,00020642_006.png,20642,0.3,cardiomegaly_0,-6.4977684,0.001504531,0.98270524
sham,00020674_000.png,20674,0.3,cardiomegaly_0,-6.1255608,0.0021814953,0.9613422
sham,00020716_002.png,20716,0.3,cardiomegaly_0,-6.221525,0.0019822763,0.9678592
sham,00020802_000.png,20802,0.3,cardiomegaly_0,-6.7434635,0.0011771708,0.9863127
sham,00021023_024.png,21023,0.3,cardiomegaly_0,-6.4430275,0.0015890518,0.9722459
sham,00021569_000.png,21569,0.3,cardiomegaly_0,-6.7147236,0.0012114518,0.9831897
sham,00022341_000.png,22341,0.3,cardiomegaly_0,-6.61747,0.0013350245,0.9842157
sham,00022582_001.png,22582,0.3,cardiomegaly_0,-6.6999702,0.0012294352,0.9829842
sham,00022712_000.png,22712,0.3,cardiomegaly_0,-6.0122337,0.0024426314,0.9676017
sham,00023621_000.png,23621,0.3,cardiomegaly_0,-6.556469,0.001418878,0.98193187
sham,00023776_000.png,23776,0.3,cardiomegaly_0,-6.362812,0.0017215416,0.9760683
sham,00024192_000.png,24192,0.3,cardiomegaly_0,-6.7069016,0.0012209534,0.9840471
sham,00024326_000.png,24326,0.3,cardiomegaly_0,-6.8920593,0.0010147889,0.99164146
sham,00024474_000.png,24474,0.3,cardiomegaly_0,-6.6579075,0.0012821838,0.98446983
sham,00024583_000.png,24583,0.3,cardiomegaly_0,-6.702379,0.0012264806,0.98381805
sham,00025054_000.png,25054,0.3,cardiomegaly_0,-6.8859234,0.0010210284,0.9858367
sham,00026354_001.png,26354,0.3,cardiomegaly_0,-6.520361,0.0014709705,0.9728241
sham,00026807_000.png,26807,0.3,cardiomegaly_0,-6.837408,0.0010717309,0.98814094
sham,00027305_000.png,27305,0.3,cardiomegaly_0,-6.620186,0.001331408,0.9862142
sham,00028027_005.png,28027,0.3,cardiomegaly_0,-5.298273,0.004975344,0.9478172
sham,00028053_000.png,28053,0.3,cardiomegaly_0,-6.7451897,0.0011751429,0.9882608
sham,00028457_000.png,28457,0.3,cardiomegaly_0,-6.048992,0.002354682,0.95228726
sham,00028962_000.png,28962,0.3,cardiomegaly_0,-6.3660717,0.0017159487,0.9796452
sham,00029393_000.png,29393,0.3,cardiomegaly_0,8.257521,0.9997408,0.98951596
sham,00029569_000.png,29569,0.3,cardiomegaly_0,-1.6137829,0.16606407,0.46492577
sham,00029648_000.png,29648,0.3,cardiomegaly_0,-6.6583385,0.0012816321,0.98577404
sham,00030332_000.png,30332,0.3,cardiomegaly_0,-6.1966286,0.0020321463,0.9649832
sham,00030805_000.png,30805,0.3,cardiomegaly_0,-7.036804,0.0008781591,0.9878731
blank,00001059_006.png,1059,,cardiomegaly_0,-4.985119,0.006792511,0.7893071
blank,00001174_000.png,1174,,cardiomegaly_0,-5.04064,0.006428021,0.7910321
blank,00001470_001.png,1470,,cardiomegaly_0,-5.3045483,0.004944374,0.808171
blank,00001606_004.png,1606,,cardiomegaly_0,-5.3316,0.004813047,0.798135
blank,00002139_000.png,2139,,cardiomegaly_0,-5.4588165,0.0042405333,0.84036833
blank,00002355_005.png,2355,,cardiomegaly_0,-5.092449,0.006105451,0.7899262
blank,00002492_010.png,2492,,cardiomegaly_0,-5.085247,0.0061493106,0.78958887
blank,00002566_000.png,2566,,cardiomegaly_0,-5.287304,0.0050299433,0.7914298
blank,00003064_010.png,3064,,cardiomegaly_0,-5.3045483,0.004944374,0.808171
blank,00003804_012.png,3804,,cardiomegaly_0,-5.071932,0.0062312237,0.7897349
blank,00003917_000.png,3917,,cardiomegaly_0,-5.16992,0.0056528873,0.8049924
blank,00004057_000.png,4057,,cardiomegaly_0,-5.3541336,0.00470631,0.8081798
blank,00005623_000.png,5623,,cardiomegaly_0,-5.0570164,0.00632427,0.78545403
blank,00006012_000.png,6012,,cardiomegaly_0,-5.3624973,0.004667295,0.8143029
blank,00006791_002.png,6791,,cardiomegaly_0,-5.086096,0.0061441255,0.79127306
blank,00006921_000.png,6921,,cardiomegaly_0,-5.086096,0.0061441255,0.79127306
blank,00006981_017.png,6981,,cardiomegaly_0,-4.985119,0.006792511,0.7893071
blank,00007082_000.png,7082,,cardiomegaly_0,-5.4905605,0.0041085808,0.8247407
blank,00007159_000.png,7159,,cardiomegaly_0,-5.3732185,0.0046177534,0.8085428
blank,00007340_004.png,7340,,cardiomegaly_0,-5.4529285,0.004265469,0.826067
blank,00007589_000.png,7589,,cardiomegaly_0,-5.3045483,0.004944374,0.808171
blank,00007931_000.png,7931,,cardiomegaly_0,-5.536728,0.0039239377,0.8398372
blank,00008142_005.png,8142,,cardiomegaly_0,-5.3963985,0.0045124223,0.8098624
blank,00008147_000.png,8147,,cardiomegaly_0,-5.2745895,0.0050939764,0.8071046
blank,00008184_003.png,8184,,cardiomegaly_0,-5.2745895,0.0050939764,0.8071046
blank,00008359_000.png,8359,,cardiomegaly_0,-5.085247,0.0061493106,0.78958887
blank,00008386_001.png,8386,,cardiomegaly_0,-5.040209,0.006430774,0.77328825
blank,00008802_008.png,8802,,cardiomegaly_0,-5.106758,0.0060192323,0.7903148
blank,00009090_001.png,9090,,cardiomegaly_0,-5.3045483,0.004944374,0.808171
blank,00009105_003.png,9105,,cardiomegaly_0,-5.055876,0.006331442,0.7716166
blank,00009306_000.png,9306,,cardiomegaly_0,-5.5129986,0.004017785,0.8299684
blank,00009335_000.png,9335,,cardiomegaly_0,-5.4055214,0.0044716266,0.8194562
blank,00009409_002.png,9409,,cardiomegaly_0,-5.5129986,0.004017785,0.8299684
blank,00009761_000.png,9761,,cardiomegaly_0,-5.189188,0.0055456082,0.7970695
blank,00010465_001.png,10465,,cardiomegaly_0,-5.068321,0.006253621,0.7849361
blank,00010892_000.png,10892,,cardiomegaly_0,-5.0854588,0.0061480165,0.7703853
blank,00010931_003.png,10931,,cardiomegaly_0,-4.985119,0.006792511,0.7893071
blank,00010964_000.png,10964,,cardiomegaly_0,-5.0787506,0.0061891405,0.78965425
blank,00011611_000.png,11611,,cardiomegaly_0,-5.0634174,0.006284171,0.7890114
blank,00012129_000.png,12129,,cardiomegaly_0,-5.085247,0.0061493106,0.78958887
blank,00012400_000.png,12400,,cardiomegaly_0,-5.04064,0.006428021,0.7910321
blank,00012772_003.png,12772,,cardiomegaly_0,-5.1083603,0.0060096537,0.77855015
blank,00012902_001.png,12902,,cardiomegaly_0,-5.180971,0.0055911075,0.7940301
blank,00013441_000.png,13441,,cardiomegaly_0,-5.087145,0.0061377226,0.7716311
blank,00013678_003.png,13678,,cardiomegaly_0,-5.068321,0.006253621,0.7849361
blank,00013759_000.png,13759,,cardiomegaly_0,-5.124893,0.0059116967,0.7916133
blank,00014281_000.png,14281,,cardiomegaly_0,-5.0577583,0.006319609,0.7898072
blank,00014295_001.png,14295,,cardiomegaly_0,-5.0949554,0.0060902615,0.79093295
blank,00014387_006.png,14387,,cardiomegaly_0,-5.0854053,0.006148343,0.7713405
blank,00014838_000.png,14838,,cardiomegaly_0,-5.083029,0.006162882,0.76881486
blank,00014954_000.png,14954,,cardiomegaly_0,-5.061903,0.0062936344,0.7855244
blank,00015056_005.png,15056,,cardiomegaly_0,-5.4055214,0.0044716266,0.8194562
blank,00015087_011.png,15087,,cardiomegaly_0,-5.5754433,0.0037754867,0.8382798
blank,00016191_019.png,16191,,cardiomegaly_0,-5.1290417,0.005887367,0.79128224
blank,00016245_000.png,16245,,cardiomegaly_0,-5.3035316,0.0049493783,0.81528413
blank,00016498_001.png,16498,,cardiomegaly_0,-5.0577583,0.006319609,0.7898072
blank,00016509_001.png,16509,,cardiomegaly_0,-5.041809,0.006420558,0.7798692
blank,00016512_001.png,16512,,cardiomegaly_0,-5.1959743,0.0055083074,0.7964058
blank,00016724_002.png,16724,,cardiomegaly_0,-5.2198277,0.005379169,0.7901317
blank,00016865_000.png,16865,,cardiomegaly_0,-5.092449,0.006105451,0.7899262
blank,00016907_000.png,16907,,cardiomegaly_0,-4.985119,0.006792511,0.7893071
blank,00017381_000.png,17381,,cardiomegaly_0,-5.040209,0.006430774,0.77328825
blank,00018008_000.png,18008,,cardiomegaly_0,-5.449753,0.0042789783,0.83205074
blank,00018011_000.png,18011,,cardiomegaly_0,-5.055876,0.006331442,0.7716166
blank,00018488_002.png,18488,,cardiomegaly_0,-5.109064,0.006005451,0.76990926
blank,00018616_000.png,18616,,cardiomegaly_0,-5.0949554,0.0060902615,0.79093295
blank,00019435_003.png,19435,,cardiomegaly_0,-5.0854588,0.0061480165,0.7703853
blank,00019535_002.png,19535,,cardiomegaly_0,-5.0935497,0.0060987766,0.78550875
blank,00019544_000.png,19544,,cardiomegaly_0,-5.0386925,0.00644047,0.77119946
blank,00019911_001.png,19911,,cardiomegaly_0,-5.0607224,0.006301023,0.77562916
blank,00020318_024.png,20318,,cardiomegaly_0,-5.1415653,0.0058145216,0.8046039
blank,00020341_000.png,20341,,cardiomegaly_0,-5.040209,0.006430774,0.77328825
blank,00020642_006.png,20642,,cardiomegaly_0,-5.0867977,0.0061398405,0.79258007
blank,00020674_000.png,20674,,cardiomegaly_0,-5.0854053,0.006148343,0.7713405
blank,00020716_002.png,20716,,cardiomegaly_0,-5.04064,0.006428021,0.7910321
blank,00020802_000.png,20802,,cardiomegaly_0,-5.092449,0.006105451,0.7899262
blank,00021023_024.png,21023,,cardiomegaly_0,-5.0634174,0.006284171,0.7890114
blank,00021569_000.png,21569,,cardiomegaly_0,-5.2302036,0.005323939,0.79831874
blank,00022341_000.png,22341,,cardiomegaly_0,-5.04064,0.006428021,0.7910321
blank,00022582_001.png,22582,,cardiomegaly_0,-5.0949554,0.0060902615,0.79093295
blank,00022712_000.png,22712,,cardiomegaly_0,-5.2503853,0.0052181254,0.7900147
blank,00023621_000.png,23621,,cardiomegaly_0,-5.2503853,0.0052181254,0.7900147
blank,00023776_000.png,23776,,cardiomegaly_0,-5.1965466,0.005505174,0.7972054
blank,00024192_000.png,24192,,cardiomegaly_0,-5.1277885,0.0058947057,0.77191615
blank,00024326_000.png,24326,,cardiomegaly_0,-5.189188,0.0055456082,0.7970695
blank,00024474_000.png,24474,,cardiomegaly_0,-5.0400486,0.006431798,0.780946
blank,00024583_000.png,24583,,cardiomegaly_0,-5.1043262,0.0060337996,0.7846502
blank,00025054_000.png,25054,,cardiomegaly_0,-5.089945,0.0061206664,0.78963625
blank,00026354_001.png,26354,,cardiomegaly_0,-5.120243,0.0059390874,0.78979146
blank,00026807_000.png,26807,,cardiomegaly_0,-5.067745,0.006257202,0.7716528
blank,00027305_000.png,27305,,cardiomegaly_0,-5.1028633,0.00604258,0.794146
blank,00028027_005.png,28027,,cardiomegaly_0,-5.194956,0.0055138897,0.7699149
blank,00028053_000.png,28053,,cardiomegaly_0,-5.089945,0.0061206664,0.78963625
blank,00028457_000.png,28457,,cardiomegaly_0,-5.1057587,0.006025215,0.7917094
blank,00028962_000.png,28962,,cardiomegaly_0,-5.1104374,0.0059972596,0.79234564
blank,00029393_000.png,29393,,cardiomegaly_0,-5.1104374,0.0059972596,0.79234564
blank,00029569_000.png,29569,,cardiomegaly_0,-5.119972,0.005940686,0.7912119
blank,00029648_000.png,29648,,cardiomegaly_0,-5.1104374,0.0059972596,0.79234564
blank,00030332_000.png,30332,,cardiomegaly_0,-4.9986935,0.0067015425,0.78849584
blank,00030805_000.png,30805,,cardiomegaly_0,-5.3114586,0.0049104914,0.7930855
real,00000023_002.png,23,,cardiomegaly_1,-4.7098904,0.008925384,0.89109504
real,00000041_002.png,41,,cardiomegaly_1,-5.545801,0.0038886338,0.9119634
real,00000041_006.png,41,,cardiomegaly_1,-5.9583282,0.0025775675,0.94510615
real,00000078_001.png,78,,cardiomegaly_1,-4.84914,0.0077742,0.83340484
real,00000121_006.png,121,,cardiomegaly_1,-5.69816,0.003340928,0.91360545
real,00000121_007.png,121,,cardiomegaly_1,-5.9376354,0.0026313185,0.9364164
real,00000148_001.png,148,,cardiomegaly_1,-5.8883457,0.0027638974,0.95533705
real,00000148_002.png,148,,cardiomegaly_1,-5.959093,0.002575602,0.9633157
real,00000176_001.png,176,,cardiomegaly_1,7.6940746,0.9995447,0.9941913
real,00000176_002.png,176,,cardiomegaly_1,8.218866,0.9997305,0.99560744
real,00000200_001.png,200,,cardiomegaly_1,8.828667,0.9998535,0.9950663
real,00000240_000.png,240,,cardiomegaly_1,9.524576,0.9999269,0.99753517
real,00000246_008.png,246,,cardiomegaly_1,-4.155239,0.015439911,0.7000539
real,00000246_012.png,246,,cardiomegaly_1,-5.223152,0.0053614117,0.9029549
real,00000246_013.png,246,,cardiomegaly_1,-4.4808426,0.011197073,0.772625
real,00000284_004.png,284,,cardiomegaly_1,0.54868317,0.63383,0.3849553
real,00000284_005.png,284,,cardiomegaly_1,7.6775284,0.9995371,0.994697
real,00000337_000.png,337,,cardiomegaly_1,-5.543783,0.0038964585,0.9432017
real,00000404_002.png,404,,cardiomegaly_1,-4.3552265,0.012676767,0.7798781
real,00000457_002.png,457,,cardiomegaly_1,9.2676525,0.9999056,0.99794704
real,00000457_003.png,457,,cardiomegaly_1,9.724091,0.99994016,0.99822104
real,00000457_004.png,457,,cardiomegaly_1,8.120386,0.99970263,0.993977
real,00000499_002.png,499,,cardiomegaly_1,-5.617384,0.0036209768,0.88271946
real,00000499_003.png,499,,cardiomegaly_1,-5.617117,0.00362194,0.91819113
real,00000591_001.png,591,,cardiomegaly_1,-5.524637,0.0039714794,0.93084234
real,00000591_002.png,591,,cardiomegaly_1,-3.591093,0.026828568,0.65947104
real,00000591_004.png,591,,cardiomegaly_1,-5.1012497,0.006052279,0.91835797
real,00000591_005.png,591,,cardiomegaly_1,-5.2036934,0.005466183,0.90976936
real,00000591_006.png,591,,cardiomegaly_1,-2.8196392,0.056272093,0.55099154
real,00000591_007.png,591,,cardiomegaly_1,-4.969898,0.0068959696,0.8417473
real,00000591_009.png,591,,cardiomegaly_1,-5.730997,0.0032333527,0.9264579
real,00000591_010.png,591,,cardiomegaly_1,-5.3821926,0.0045766877,0.8928777
real,00000591_011.png,591,,cardiomegaly_1,-5.0617294,0.006294721,0.87847453
real,00000591_012.png,591,,cardiomegaly_1,-3.990345,0.01815754,0.6873283
real,00000591_013.png,591,,cardiomegaly_1,-4.5542946,0.010412362,0.7758606
real,00000591_014.png,591,,cardiomegaly_1,-4.9485264,0.007043887,0.85240173
real,00000591_015.png,591,,cardiomegaly_1,-4.6431847,0.009535194,0.7731172
real,00000591_016.png,591,,cardiomegaly_1,-4.9070435,0.007340043,0.8600063
real,00000591_018.png,591,,cardiomegaly_1,-5.2990646,0.0049714264,0.9211477
real,00000591_019.png,591,,cardiomegaly_1,-4.9315815,0.0071633984,0.8816032
real,00000622_000.png,622,,cardiomegaly_1,-6.0619297,0.0023244848,0.90585315
real,00000661_001.png,661,,cardiomegaly_1,9.559204,0.9999294,0.9980485
real,00000661_000.png,661,,cardiomegaly_1,9.232204,0.9999021,0.9972425
real,00000707_002.png,707,,cardiomegaly_1,-5.885622,0.002771415,0.90722597
real,00000787_002.png,787,,cardiomegaly_1,8.83267,0.9998541,0.9954354
real,00000848_000.png,848,,cardiomegaly_1,-5.6059875,0.0036623266,0.9309945
real,00000869_008.png,869,,cardiomegaly_1,3.2450237,0.9624939,0.8582218
real,00000949_005.png,949,,cardiomegaly_1,-5.948818,0.0026021332,0.927544
real,00001075_038.png,1075,,cardiomegaly_1,-4.9357605,0.0071337386,0.8941819
real,00001075_045.png,1075,,cardiomegaly_1,-5.51733,0.004000489,0.90478724
real,00001075_046.png,1075,,cardiomegaly_1,6.0300007,0.99760026,0.96820253
real,00001075_047.png,1075,,cardiomegaly_1,-4.4824963,0.011178779,0.80331707
real,00001075_007.png,1075,,cardiomegaly_1,-4.8997135,0.0073936437,0.8685387
real,00001075_022.png,1075,,cardiomegaly_1,-4.876194,0.0075682676,0.75032353
real,00001075_033.png,1075,,cardiomegaly_1,9.509655,0.99992585,0.99630463
real,00001096_001.png,1096,,cardiomegaly_1,-0.20974922,0.4477541,0.3891813
real,00001104_022.png,1104,,cardiomegaly_1,-5.211853,0.005422004,0.87487924
real,00001170_006.png,1170,,cardiomegaly_1,-5.222166,0.0053666723,0.86862046
real,00001170_020.png,1170,,cardiomegaly_1,-4.5807953,0.0101428125,0.7280287
real,00001170_021.png,1170,,cardiomegaly_1,-4.8465614,0.007794116,0.8196508
real,00001170_023.png,1170,,cardiomegaly_1,-4.9957504,0.006721162,0.8732373
real,00001170_030.png,1170,,cardiomegaly_1,-5.059643,0.0063077854,0.85568684
real,00001170_034.png,1170,,cardiomegaly_1,-4.926201,0.0072017685,0.868237
real,00001170_035.png,1170,,cardiomegaly_1,-4.487461,0.011124033,0.7565197
real,00001170_036.png,1170,,cardiomegaly_1,-4.865555,0.0076485993,0.8123862
real,00001170_037.png,1170,,cardiomegaly_1,-5.000725,0.006688034,0.83964396
real,00001170_039.png,1170,,cardiomegaly_1,-5.1451244,0.005793983,0.88153607
real,00001170_040.png,1170,,cardiomegaly_1,-4.6154556,0.009800669,0.74300075
real,00001170_045.png,1170,,cardiomegaly_1,-5.0428867,0.0064136866,0.8328387
real,00001170_046.png,1170,,cardiomegaly_1,-5.3686275,0.004638904,0.8990424
real,00001170_047.png,1170,,cardiomegaly_1,-5.4036865,0.004479802,0.90661204
real,00001187_001.png,1187,,cardiomegaly_1,-1.5510406,0.17493601,0.5396236
real,00001248_022.png,1248,,cardiomegaly_1,-5.2480717,0.005230149,0.8965108
real,00001248_023.png,1248,,cardiomegaly_1,-5.0464077,0.0063912873,0.8523339
real,00001248_024.png,1248,,cardiomegaly_1,-5.3017883,0.0049579716,0.92994326
real,00001248_025.png,1248,,cardiomegaly_1,-5.4482536,0.004285371,0.92941767
real,00001248_028.png,1248,,cardiomegaly_1,-5.6154556,0.0036279403,0.952009
real,00001248_036.png,1248,,cardiomegaly_1,-5.948921,0.002601866,0.9487492
real,00001248_038.png,1248,,cardiomegaly_1,-5.6726456,0.0034269711,0.94395286
real,00001248_000.png,1248,,cardiomegaly_1,-6.0647182,0.0023180267,0.94515646
real,00001248_002.png,1248,,cardiomegaly_1,0.17619514,0.54393524,0.53383726
real,00001248_003.png,1248,,cardiomegaly_1,-2.8986855,0.052218582,0.6546438
real,00001248_004.png,1248,,cardiomegaly_1,-4.4945602,0.01104621,0.85698473
real,00001248_016.png,1248,,cardiomegaly_1,-4.3160553,0.013176512,0.7946441
real,00001248_017.png,1248,,cardiomegaly_1,-5.3213005,0.0048626335,0.9072723
real,00001309_002.png,1309,,cardiomegaly_1,-5.707781,0.0033090457,0.9083833
real,00001458_001.png,1458,,cardiomegaly_1,-5.7591305,0.0031439373,0.9452738
real,00001470_006.png,1470,,cardiomegaly_1,-5.466717,0.004207305,0.94012386
real,00001470_007.png,1470,,cardiomegaly_1,-5.761154,0.003137601,0.9448492
real,00001775_001.png,1775,,cardiomegaly_1,-4.895193,0.007426893,0.81002384
real,00001775_002.png,1775,,cardiomegaly_1,-4.840122,0.007844072,0.7913093
real,00001775_004.png,1775,,cardiomegaly_1,-4.621889,0.00973843,0.78739995
real,00001775_005.png,1775,,cardiomegaly_1,-3.974411,0.0184438,0.7129505
real,00001782_000.png,1782,,cardiomegaly_1,-5.305176,0.0049412875,0.90877146
real,00001784_000.png,1784,,cardiomegaly_1,6.1666107,0.9979061,0.9745369
real,00001974_000.png,1974,,cardiomegaly_1,-5.5061684,0.0040452103,0.9363517
real,00001974_003.png,1974,,cardiomegaly_1,-6.188032,0.002049655,0.94321394
real,00001989_011.png,1989,,cardiomegaly_1,-2.4386005,0.08027618,0.4817093
real,00002046_003.png,2046,,cardiomegaly_1,-4.8201103,0.008001359,0.9023829
real,00002083_000.png,2083,,cardiomegaly_1,9.346354,0.99991274,0.9966426
real,00002120_005.png,2120,,cardiomegaly_1,-4.471609,0.011299767,0.75463724
real,00002239_002.png,2239,,cardiomegaly_1,-4.6289444,0.009670627,0.8848592
real,00002239_005.png,2239,,cardiomegaly_1,-6.115511,0.002203481,0.97671765
real,00002239_006.png,2239,,cardiomegaly_1,-5.8763027,0.002797291,0.96784425
real,00002239_007.png,2239,,cardiomegaly_1,-5.493223,0.0040977006,0.9332564
real,00002239_008.png,2239,,cardiomegaly_1,-6.499937,0.0015012767,0.97660404
real,00002239_009.png,2239,,cardiomegaly_1,-6.5027275,0.0014970994,0.97672415
real,00002299_007.png,2299,,cardiomegaly_1,-5.7114124,0.0032970903,0.9025824
real,00002299_010.png,2299,,cardiomegaly_1,-6.094019,0.002251243,0.94697404
real,00002299_001.png,2299,,cardiomegaly_1,-6.0434628,0.002367707,0.9279373
real,00002299_002.png,2299,,cardiomegaly_1,-5.9773617,0.0025290945,0.9387913
real,00002300_000.png,2300,,cardiomegaly_1,-4.8769646,0.007562482,0.8016227
real,00002339_007.png,2339,,cardiomegaly_1,-0.3392849,0.41598323,0.32529077
real,00002355_004.png,2355,,cardiomegaly_1,-6.2403717,0.0019453391,0.9463208
real,00002355_006.png,2355,,cardiomegaly_1,-6.337322,0.001765909,0.9400156
real,00002355_002.png,2355,,cardiomegaly_1,-6.1454163,0.0021386996,0.9466736
real,00002424_013.png,2424,,cardiomegaly_1,-5.9176636,0.0026842565,0.94974726
real,00002490_000.png,2490,,cardiomegaly_1,-6.5300846,0.0014567572,0.9710356
real,00002492_016.png,2492,,cardiomegaly_1,4.0110645,0.9822082,0.9125304
real,00002492_002.png,2492,,cardiomegaly_1,-5.3210793,0.004863705,0.86671644
real,00002492_003.png,2492,,cardiomegaly_1,-6.247692,0.0019311778,0.94519377
real,00002533_004.png,2533,,cardiomegaly_1,-3.098301,0.043177396,0.50609493
real,00002533_005.png,2533,,cardiomegaly_1,-1.2481041,0.22302848,0.38839749
real,00002552_001.png,2552,,cardiomegaly_1,9.617971,0.9999335,0.9965623
real,00002585_000.png,2585,,cardiomegaly_1,-5.395403,0.004516897,0.9330928
real,00002585_003.png,2585,,cardiomegaly_1,-5.462162,0.0042264313,0.9429141
real,00002599_001.png,2599,,cardiomegaly_1,-4.647566,0.009493907,0.7840214
real,00002609_000.png,2609,,cardiomegaly_1,-5.40897,0.004456301,0.94815224
real,00002685_002.png,2685,,cardiomegaly_1,-5.76865,0.003114243,0.8962982
real,00002686_001.png,2686,,cardiomegaly_1,-3.4295292,0.03138524,0.7930007
real,00002825_007.png,2825,,cardiomegaly_1,-6.460886,0.0015609694,0.9646074
real,00002825_008.png,2825,,cardiomegaly_1,-6.372917,0.0017042625,0.9676586
real,00002825_011.png,2825,,cardiomegaly_1,-6.2728977,0.0018832003,0.9471217
real,00002924_001.png,2924,,cardiomegaly_1,-3.4110794,0.031950995,0.6693463
real,00003013_011.png,3013,,cardiomegaly_1,-5.8136253,0.00297769,0.9257809
real,00003013_013.png,3013,,cardiomegaly_1,-5.9551983,0.002585627,0.93991894
real,00003013_014.png,3013,,cardiomegaly_1,-5.7922516,0.0030418236,0.9328974
real,00003015_000.png,3015,,cardiomegaly_1,8.890781,0.9998623,0.99498683
real,00003064_003.png,3064,,cardiomegaly_1,-6.426895,0.0016148532,0.9717805
real,00003064_005.png,3064,,cardiomegaly_1,-6.1524544,0.002123732,0.9512902
real,00003064_006.png,3064,,cardiomegaly_1,-6.305521,0.0018228656,0.96435887
real,00003064_007.png,3064,,cardiomegaly_1,4.7533436,0.99145097,0.90970284
real,00003064_035.png,3064,,cardiomegaly_1,-5.9434032,0.0026162248,0.94632447
real,00003064_037.png,3064,,cardiomegaly_1,-6.222124,0.001981092,0.9392269
real,00003064_038.png,3064,,cardiomegaly_1,-4.5960426,0.009990869,0.8350621
real,00003064_039.png,3064,,cardiomegaly_1,-4.5414658,0.010545383,0.80082697
real,00003064_043.png,3064,,cardiomegaly_1,-6.1301823,0.0021714587,0.9570983
real,00003064_048.png,3064,,cardiomegaly_1,-6.219406,0.001986473,0.97025126
real,00003064_050.png,3064,,cardiomegaly_1,-6.4964447,0.0015065208,0.9723483
real,00003064_052.png,3064,,cardiomegaly_1,-6.589525,0.0013728053,0.97580165
real,00003362_006.png,3362,,cardiomegaly_1,-5.4636116,0.004220335,0.91958845
real,00003423_002.png,3423,,cardiomegaly_1,-4.5338974,0.010624646,0.88696057
real,00003423_003.png,3423,,cardiomegaly_1,-5.3469505,0.004740077,0.92479044
real,00003423_005.png,3423,,cardiomegaly_1,-5.7357006,0.0032182292,0.9315271
real,00003423_011.png,3423,,cardiomegaly_1,-4.537739,0.010584342,0.74577636
real,00003423_015.png,3423,,cardiomegaly_1,-1.8940201,0.13078678,0.43752375
real,00003423_021.png,3423,,cardiomegaly_1,-5.5284805,0.003956306,0.92677253
real,00003428_000.png,3428,,cardiomegaly_1,-5.0846367,0.0061530415,0.90300435
real,00003439_002.png,3439,,cardiomegaly_1,-6.1593704,0.0021091257,0.9701816
real,00003439_003.png,3439,,cardiomegaly_1,-6.1480694,0.002133045,0.9663896
real,00003570_002.png,3570,,cardiomegaly_1,7.9603043,0.9996511,0.9891539
real,00003570_004.png,3570,,cardiomegaly_1,-6.23456,0.0019566554,0.9648795
real,00003611_002.png,3611,,cardiomegaly_1,-5.594368,0.0037049714,0.94884974
real,00003611_004.png,3611,,cardiomegaly_1,-5.635071,0.003557722,0.94364935
real,00003611_005.png,3611,,cardiomegaly_1,-5.8548164,0.0028578707,0.9365796
real,00003611_006.png,3611,,cardiomegaly_1,-5.2249203,0.005351991,0.9240427
real,00003706_001.png,3706,,cardiomegaly_1,1.1098862,0.75210786,0.46464372
real,00003737_000.png,3737,,cardiomegaly_1,-4.0823135,0.016588572,0.6545619
real,00003737_001.png,3737,,cardiomegaly_1,-5.2682343,0.0051262868,0.91465175
real,00003789_009.png,3789,,cardiomegaly_1,8.742748,0.9998404,0.99435335
real,00003856_003.png,3856,,cardiomegaly_1,-5.063656,0.006282682,0.8398046
real,00003916_001.png,3916,,cardiomegaly_1,3.59128,0.97317636,0.8201014
real,00003916_002.png,3916,,cardiomegaly_1,-4.221472,0.014464728,0.801467
real,00003937_000.png,3937,,cardiomegaly_1,-6.5032463,0.0014963242,0.97821087
real,00003996_020.png,3996,,cardiomegaly_1,-5.503212,0.004057138,0.8686594
real,00004003_000.png,4003,,cardiomegaly_1,-6.391102,0.0016736024,0.96367615
real,00004080_000.png,4080,,cardiomegaly_1,-5.622366,0.0036030465,0.9499328
real,00004080_001.png,4080,,cardiomegaly_1,-5.0996056,0.0060621775,0.8957277
real,00004081_000.png,4081,,cardiomegaly_1,-5.102806,0.0060429233,0.84752405
real,00004220_000.png,4220,,cardiomegaly_1,-6.2929173,0.001845943,0.9709788
real,00004233_000.png,4233,,cardiomegaly_1,-3.5236359,0.028647147,0.6533108
real,00004263_000.png,4263,,cardiomegaly_1,-4.2919693,0.0134934,0.79781604
real,00004344_013.png,4344,,cardiomegaly_1,9.758549,0.9999422,0.9979956
real,00004344_014.png,4344,,cardiomegaly_1,9.304689,0.99990904,0.99749506
real,00004344_046.png,4344,,cardiomegaly_1,9.678436,0.9999374,0.99760747
real,00004344_047.png,4344,,cardiomegaly_1,9.528753,0.9999273,0.99725777
real,00004404_008.png,4404,,cardiomegaly_1,8.69433,0.9998325,0.9956277
real,00004511_000.png,4511,,cardiomegaly_1,6.935787,0.99902856,0.9803072
real,00004547_020.png,4547,,cardiomegaly_1,-5.7636204,0.003129897,0.95022976
real,00004583_000.png,4583,,cardiomegaly_1,-4.1113453,0.016121551,0.8340859
real,00004608_008.png,4608,,cardiomegaly_1,-4.587448,0.010076236,0.7735914
real,00004608_009.png,4608,,cardiomegaly_1,-1.467619,0.18730478,0.29987386
real,00004608_011.png,4608,,cardiomegaly_1,-4.1853867,0.014988256,0.6641006
real,00004646_002.png,4646,,cardiomegaly_1,-5.030197,0.00649506,0.8944887
real,00004750_004.png,4750,,cardiomegaly_1,-4.178486,0.015090479,0.84415495
real,00004750_006.png,4750,,cardiomegaly_1,-5.2579117,0.0051792017,0.92853427
real,00004833_014.png,4833,,cardiomegaly_1,-5.1569424,0.0057263034,0.93540925
real,00004862_000.png,4862,,cardiomegaly_1,-5.604721,0.0036669506,0.93336195
real,00004909_006.png,4909,,cardiomegaly_1,6.1679897,0.99790895,0.9837776
real,00004909_007.png,4909,,cardiomegaly_1,4.6271286,0.990312,0.9200632
real,00004976_000.png,4976,,cardiomegaly_1,5.3615,0.99532807,0.9652413
real,00005038_000.png,5038,,cardiomegaly_1,5.9298534,0.9973482,0.9588395
real,00005101_002.png,5101,,cardiomegaly_1,-6.211733,0.0020017438,0.97216314
real,00005108_000.png,5108,,cardiomegaly_1,-3.1436749,0.041341234,0.6521625
real,00005110_009.png,5110,,cardiomegaly_1,-5.99127,0.0024942495,0.9455836
real,00005395_006.png,5395,,cardiomegaly_1,-5.2550526,0.005193954,0.9003207
real,00005395_007.png,5395,,cardiomegaly_1,-5.132595,0.0058666063,0.9067785
real,00005395_010.png,5395,,cardiomegaly_1,-6.076708,0.0022904638,0.94119096
real,00005395_011.png,5395,,cardiomegaly_1,-5.0619793,0.0062931576,0.8442973
real,00005401_000.png,5401,,cardiomegaly_1,-5.942482,0.00261863,0.9441186
real,00005410_002.png,5410,,cardiomegaly_1,-4.687517,0.009125482,0.81814295
real,00005520_007.png,5520,,cardiomegaly_1,-6.2918053,0.0018479933,0.9608228
real,00005532_031.png,5532,,cardiomegaly_1,5.7030544,0.9966754,0.93914104
real,00005532_037.png,5532,,cardiomegaly_1,0.22182846,0.5552308,0.45167366
real,00005532_042.png,5532,,cardiomegaly_1,7.9347095,0.999642,0.9920089
real,00005532_043.png,5532,,cardiomegaly_1,6.4124737,0.99836177,0.96984667
real,00005532_000.png,5532,,cardiomegaly_1,-0.23855972,0.44064128,0.34989575
real,00005532_004.png,5532,,cardiomegaly_1,9.243374,0.9999032,0.9958412
real,00005532_005.png,5532,,cardiomegaly_1,6.0946693,0.9977502,0.9604522
real,00005532_007.png,5532,,cardiomegaly_1,9.376207,0.99991524,0.996254
real,00005532_008.png,5532,,cardiomegaly_1,5.0393143,0.99356353,0.88875103
real,00005532_010.png,5532,,cardiomegaly_1,-1.8504257,0.13582292,0.3346774
real,00005532_011.png,5532,,cardiomegaly_1,-1.519001,0.17960867,0.3007627
real,00005532_012.png,5532,,cardiomegaly_1,-2.9554672,0.049478754,0.5348987
real,00005532_013.png,5532,,cardiomegaly_1,6.993698,0.99908316,0.9813518
real,00005532_014.png,5532,,cardiomegaly_1,8.65156,0.9998252,0.9953641
real,00005532_016.png,5532,,cardiomegaly_1,8.978939,0.999874,0.9951211
real,00005532_018.png,5532,,cardiomegaly_1,5.060028,0.9936946,0.92312026
real,00005532_019.png,5532,,cardiomegaly_1,6.76672,0.99884987,0.984818
real,00005556_000.png,5556,,cardiomegaly_1,3.3182964,0.9650512,0.83233684
real,00005556_008.png,5556,,cardiomegaly_1,-6.0261364,0.0024089883,0.94321793
real,00005579_002.png,5579,,cardiomegaly_1,-0.57419014,0.36027053,0.34770373
real,00005626_002.png,5626,,cardiomegaly_1,-5.8464375,0.002881848,0.96504873
real,00005641_003.png,5641,,cardiomegaly_1,8.487125,0.99979395,0.994641
real,00005641_006.png,5641,,cardiomegaly_1,9.360956,0.99991393,0.9967747
real,00005641_012.png,5641,,cardiomegaly_1,8.399363,0.999775,0.99489814
real,00005666_004.png,5666,,cardiomegaly_1,5.817461,0.9970337,0.97424716
real,00005666_010.png,5666,,cardiomegaly_1,5.615345,0.9963716,0.95631224
real,00005666_011.png,5666,,cardiomegaly_1,6.701767,0.9987728,0.97729313
real,00005666_012.png,5666,,cardiomegaly_1,6.4743137,0.9984598,0.97412986
real,00005666_013.png,5666,,cardiomegaly_1,6.577116,0.99861,0.9770027
real,00005666_018.png,5666,,cardiomegaly_1,4.7524853,0.9914436,0.9392767
real,00005666_019.png,5666,,cardiomegaly_1,5.481819,0.9958555,0.9547397
real,00005766_004.png,5766,,cardiomegaly_1,-5.66366,0.0034577963,0.9042312
real,00005869_001.png,5869,,cardiomegaly_1,7.8227425,0.99959964,0.9923779
real,00005895_003.png,5895,,cardiomegaly_1,-4.4066143,0.012049442,0.72639734
real,00005895_005.png,5895,,cardiomegaly_1,-1.8012466,0.14169937,0.39323136
real,00005895_007.png,5895,,cardiomegaly_1,1.217783,0.77167314,0.55505484
real,00005895_009.png,5895,,cardiomegaly_1,5.0281105,0.9934915,0.94291997
real,00005895_013.png,5895,,cardiomegaly_1,7.60314,0.99950135,0.99682164
real,00005895_023.png,5895,,cardiomegaly_1,0.9904156,0.72917,0.5347329
real,00005920_003.png,5920,,cardiomegaly_1,5.9495564,0.9973998,0.96525806
real,00006166_000.png,6166,,cardiomegaly_1,6.246704,0.99806696,0.95476615
real,00006298_003.png,6298,,cardiomegaly_1,-5.2528267,0.0052054673,0.92402345
real,00006298_004.png,6298,,cardiomegaly_1,-5.781353,0.003075054,0.9382403
real,00006298_005.png,6298,,cardiomegaly_1,-5.8477917,0.0028779593,0.94557655
real,00006359_000.png,6359,,cardiomegaly_1,4.936207,0.99286944,0.92975277
real,00006368_000.png,6368,,cardiomegaly_1,-6.732134,0.0011905676,0.98409605
real,00006436_012.png,6436,,cardiomegaly_1,-5.1117535,0.0059894193,0.8808992
real,00006483_000.png,6483,,cardiomegaly_1,-5.971773,0.0025432317,0.9447013
real,00006537_000.png,6537,,cardiomegaly_1,-6.3874607,0.0016796971,0.96569
real,00006626_000.png,6626,,cardiomegaly_1,-5.3442974,0.00475261,0.9236512
real,00006626_006.png,6626,,cardiomegaly_1,-5.912447,0.002698258,0.95474607
real,00006683_002.png,6683,,cardiomegaly_1,-5.187565,0.0055545666,0.9255715
real,00006683_003.png,6683,,cardiomegaly_1,-6.1013317,0.0022348769,0.9641388
real,00006683_004.png,6683,,cardiomegaly_1,-5.86166,0.002838435,0.95402145
real,00006683_005.png,6683,,cardiomegaly_1,-5.869335,0.002816794,0.963337
real,00006683_006.png,6683,,cardiomegaly_1,-5.318163,0.00487784,0.8880349
real,00006694_002.png,6694,,cardiomegaly_1,-6.0369587,0.0023831201,0.9604649
real,00006694_003.png,6694,,cardiomegaly_1,-6.213848,0.0019975225,0.97036153
real,00006774_001.png,6774,,cardiomegaly_1,-6.0031643,0.0024648306,0.95194995
real,00006791_006.png,6791,,cardiomegaly_1,-5.960266,0.0025725903,0.9172011
real,00006832_005.png,6832,,cardiomegaly_1,-6.1585674,0.0021108165,0.97060907
real,00006850_027.png,6850,,cardiomegaly_1,-6.233383,0.0019589553,0.94982636
real,00006850_028.png,6850,,cardiomegaly_1,-6.1951637,0.002035119,0.96342313
real,00006851_022.png,6851,,cardiomegaly_1,6.697357,0.9987674,0.99023527
real,00006851_023.png,6851,,cardiomegaly_1,-1.0907516,0.25147676,0.6105474
real,00006851_024.png,6851,,cardiomegaly_1,-4.8800945,0.007539027,0.8227088
real,00006851_009.png,6851,,cardiomegaly_1,-2.0981941,0.10927247,0.5267565
real,00006851_010.png,6851,,cardiomegaly_1,-3.2103329,0.038778726,0.5220671
real,00006890_003.png,6890,,cardiomegaly_1,8.165356,0.99971575,0.996121
real,00006936_001.png,6936,,cardiomegaly_1,-5.297737,0.0049779974,0.9444775
real,00006964_011.png,6964,,cardiomegaly_1,-6.00898,0.002450573,0.9390524
real,00006981_001.png,6981,,cardiomegaly_1,-5.777357,0.0030873283,0.94025564
real,00006981_002.png,6981,,cardiomegaly_1,-6.438301,0.001596568,0.97760236
real,00006981_009.png,6981,,cardiomegaly_1,-5.8568134,0.0028521854,0.95085025
real,00006981_010.png,6981,,cardiomegaly_1,-5.0057487,0.006654741,0.8633948
real,00006981_011.png,6981,,cardiomegaly_1,-6.023531,0.0024152582,0.9656402
real,00006981_014.png,6981,,cardiomegaly_1,-5.8942337,0.002747716,0.9683381
real,00006981_016.png,6981,,cardiomegaly_1,-5.8147125,0.0029744639,0.959693
real,00006996_002.png,6996,,cardiomegaly_1,-5.6257725,0.0035908374,0.91464895
real,00007033_001.png,7033,,cardiomegaly_1,-5.9787674,0.0025255508,0.9428639
real,00007033_002.png,7033,,cardiomegaly_1,-6.1670704,0.0020929817,0.9685201
real,00007033_004.png,7033,,cardiomegaly_1,-6.007616,0.002453909,0.95494044
real,00007109_018.png,7109,,cardiomegaly_1,-4.193737,0.014865472,0.6451651
real,00007156_000.png,7156,,cardiomegaly_1,-5.126398,0.005902859,0.8525776
real,00007156_001.png,7156,,cardiomegaly_1,-4.7155094,0.008875817,0.8506816
real,00007340_014.png,7340,,cardiomegaly_1,-5.9112396,0.0027015088,0.9692221
real,00007405_014.png,7405,,cardiomegaly_1,-5.321993,0.0048592845,0.9479098
real,00007482_009.png,7482,,cardiomegaly_1,-5.8133564,0.0029784883,0.96372783
real,00007482_015.png,7482,,cardiomegaly_1,-1.8457851,0.13636851,0.5191122
real,00007482_023.png,7482,,cardiomegaly_1,-6.567295,0.0014036214,0.97443277
real,00007482_026.png,7482,,cardiomegaly_1,-6.2920017,0.001847631,0.96366596
real,00007519_003.png,7519,,cardiomegaly_1,-0.32553864,0.41932654,0.5278774
real,00007519_004.png,7519,,cardiomegaly_1,-6.46241,0.0015585962,0.96530247
real,00007551_021.png,7551,,cardiomegaly_1,8.674086,0.99982905,0.99563193
real,00007652_000.png,7652,,cardiomegaly_1,3.4365082,0.96882623,0.6855907
real,00007679_000.png,7679,,cardiomegaly_1,-0.7537384,0.32000726,0.3754572
real,00007679_001.png,7679,,cardiomegaly_1,-2.1672573,0.10272957,0.45543995
real,00007679_003.png,7679,,cardiomegaly_1,-0.12682533,0.4683361,0.40902242
real,00007679_004.png,7679,,cardiomegaly_1,3.4840508,0.9702305,0.84896827
real,00007679_005.png,7679,,cardiomegaly_1,-2.0624447,0.11280094,0.52445894
real,00007718_000.png,7718,,cardiomegaly_1,-5.0555725,0.0063333497,0.922454
real,00007718_001.png,7718,,cardiomegaly_1,-5.776474,0.0030900475,0.9537084
real,00007718_005.png,7718,,cardiomegaly_1,-0.5924244,0.35607877,0.3950833
real,00007718_006.png,7718,,cardiomegaly_1,-5.638214,0.003546596,0.929749
real,00007718_007.png,7718,,cardiomegaly_1,-6.682371,0.0012512363,0.9764691
real,00007718_009.png,7718,,cardiomegaly_1,-6.612385,0.0013418212,0.9765825
real,00007718_010.png,7718,,cardiomegaly_1,-5.7566605,0.003151688,0.9454202
real,00007740_000.png,7740,,cardiomegaly_1,1.960371,0.8765731,0.750581
real,00007769_002.png,7769,,cardiomegaly_1,-3.9915428,0.018136198,0.6772469
real,00007772_000.png,7772,,cardiomegaly_1,-5.816511,0.002969135,0.9599312
real,00007833_000.png,7833,,cardiomegaly_1,-0.6998768,0.33183953,0.5925088
real,00007833_001.png,7833,,cardiomegaly_1,-6.78232,0.0011323581,0.9838448
real,00007833_002.png,7833,,cardiomegaly_1,7.8151665,0.99959666,0.9908591
real,00007833_003.png,7833,,cardiomegaly_1,6.1517143,0.99787474,0.9742535
real,00007848_001.png,7848,,cardiomegaly_1,-5.6226673,0.0036019648,0.95538837
real,00007848_004.png,7848,,cardiomegaly_1,-4.5075054,0.010905686,0.8478336
real,00007848_005.png,7848,,cardiomegaly_1,-5.3908443,0.004537441,0.9319368
real,00007848_006.png,7848,,cardiomegaly_1,-5.3760033,0.004604971,0.9356699
real,00007865_001.png,7865,,cardiomegaly_1,-6.1145325,0.0022056336,0.9554721
real,00007865_003.png,7865,,cardiomegaly_1,-4.917448,0.007264621,0.7926141
real,00007865_005.png,7865,,cardiomegaly_1,-3.681429,0.024568161,0.5629559
real,00007869_004.png,7869,,cardiomegaly_1,-3.128315,0.041954283,0.73799413
real,00007882_000.png,7882,,cardiomegaly_1,-4.3556194,0.01267185,0.84199715
real,00007882_001.png,7882,,cardiomegaly_1,-3.8663502,0.020505365,0.77510273
real,00007908_000.png,7908,,cardiomegaly_1,8.16062,0.9997143,0.99482423
real,00007989_000.png,7989,,cardiomegaly_1,-2.161869,0.1032273,0.61574715
real,00007989_001.png,7989,,cardiomegaly_1,7.359722,0.9993641,0.98656136
real,00007989_002.png,7989,,cardiomegaly_1,7.609541,0.99950457,0.9895784
real,00008013_003.png,8013,,cardiomegaly_1,-6.084715,0.0022722385,0.9497953
real,00008013_006.png,8013,,cardiomegaly_1,-5.816654,0.0029687113,0.9093696
real,00008037_000.png,8037,,cardiomegaly_1,-5.84165,0.0028956376,0.9559648
real,00008037_001.png,8037,,cardiomegaly_1,-5.288576,0.00502358,0.9055384
real,00008037_002.png,8037,,cardiomegaly_1,-5.5628223,0.0038232557,0.94347185
real,00008103_000.png,8103,,cardiomegaly_1,2.6720066,0.9353545,0.83794934
real,00008112_000.png,8112,,cardiomegaly_1,3.8077374,0.97828376,0.8411055
real,00008147_013.png,8147,,cardiomegaly_1,-5.688059,0.0033747323,0.95208246
real,00008184_007.png,8184,,cardiomegaly_1,-6.196623,0.002032158,0.96314955
real,00008185_003.png,8185,,cardiomegaly_1,-4.662838,0.009351361,0.80892766
real,00008185_005.png,8185,,cardiomegaly_1,-5.22023,0.0053770165,0.9148791
real,00008191_001.png,8191,,cardiomegaly_1,-5.687958,0.0033750723,0.92450035
real,00008195_000.png,8195,,cardiomegaly_1,-6.0485706,0.0023556724,0.9699871
real,00008339_000.png,8339,,cardiomegaly_1,8.157354,0.9997135,0.99565935
real,00008339_003.png,8339,,cardiomegaly_1,4.3909836,0.987763,0.9496082
real,00008339_005.png,8339,,cardiomegaly_1,7.666273,0.99953187,0.99229234
real,00008339_010.png,8339,,cardiomegaly_1,8.591871,0.99981445,0.99141216
real,00008342_012.png,8342,,cardiomegaly_1,-5.111744,0.0059894756,0.8788164
real,00008342_015.png,8342,,cardiomegaly_1,-4.495056,0.011040794,0.82577723
real,00008342_016.png,8342,,cardiomegaly_1,-4.9786186,0.0068365047,0.8627119
real,00008342_025.png,8342,,cardiomegaly_1,-6.007761,0.0024535542,0.9510627
real,00008404_000.png,8404,,cardiomegaly_1,-4.6404324,0.009561223,0.8408691
real,00008465_004.png,8465,,cardiomegaly_1,-5.66551,0.0034514267,0.8880579
real,00008465_006.png,8465,,cardiomegaly_1,-6.336088,0.0017680858,0.9513796
real,00008471_000.png,8471,,cardiomegaly_1,-5.3047085,0.0049435855,0.94423383
real,00008477_001.png,8477,,cardiomegaly_1,-5.734598,0.0032217677,0.92521554
real,00008477_005.png,8477,,cardiomegaly_1,-4.984356,0.0067976606,0.8776755
real,00008477_006.png,8477,,cardiomegaly_1,-4.7229786,0.008810352,0.88844824
real,00008477_007.png,8477,,cardiomegaly_1,-5.6146793,0.0036307473,0.93330467
real,00008489_025.png,8489,,cardiomegaly_1,-6.2817364,0.0018666596,0.96144366
real,00008637_000.png,8637,,cardiomegaly_1,-1.4580078,0.18877223,0.45183882
real,00008637_001.png,8637,,cardiomegaly_1,-6.5349255,0.0014497325,0.96312225
real,00008738_000.png,8738,,cardiomegaly_1,1.1195583,0.7539068,0.36279765
real,00008802_005.png,8802,,cardiomegaly_1,-5.606655,0.0036598914,0.9046999
real,00008806_014.png,8806,,cardiomegaly_1,-5.88768,0.0027657326,0.92382336
real,00008827_000.png,8827,,cardiomegaly_1,-1.5789051,0.17095059,0.5566695
real,00008866_004.png,8866,,cardiomegaly_1,-4.7290573,0.0087574255,0.89637524
real,00008898_000.png,8898,,cardiomegaly_1,9.2645035,0.9999052,0.9955306
real,00008970_002.png,8970,,cardiomegaly_1,-5.983494,0.002513672,0.9502198
real,00009034_004.png,9034,,cardiomegaly_1,-2.118824,0.10728064,0.40204588
real,00009105_007.png,9105,,cardiomegaly_1,-6.176523,0.0020733313,0.9495358
real,00009141_000.png,9141,,cardiomegaly_1,-5.0528584,0.0063504535,0.9110245
real,00009163_000.png,9163,,cardiomegaly_1,-5.773018,0.003100712,0.9402187
real,00009163_001.png,9163,,cardiomegaly_1,-5.4439087,0.0043039504,0.9331092
real,00009174_000.png,9174,,cardiomegaly_1,6.4222965,0.9983777,0.9814898
real,00009185_006.png,9185,,cardiomegaly_1,4.112665,0.98389935,0.92508674
real,00009189_002.png,9189,,cardiomegaly_1,-5.597193,0.003694559,0.92946327
real,00009189_004.png,9189,,cardiomegaly_1,-4.8437004,0.007816274,0.8155239
real,00009189_005.png,9189,,cardiomegaly_1,-4.9296856,0.0071768956,0.8726672
real,00009189_006.png,9189,,cardiomegaly_1,-5.376192,0.004604106,0.91849965
real,00009229_000.png,9229,,cardiomegaly_1,7.4749165,0.9994332,0.98643804
real,00009286_003.png,9286,,cardiomegaly_1,-2.5968475,0.069341585,0.49263063
real,00009326_000.png,9326,,cardiomegaly_1,-6.358492,0.0017289822,0.96379775
real,00009326_001.png,9326,,cardiomegaly_1,-6.1602573,0.0021072598,0.94933504
real,00009349_001.png,9349,,cardiomegaly_1,-4.8137093,0.008052327,0.8780773
real,00009349_012.png,9349,,cardiomegaly_1,-5.2526207,0.005206534,0.92032737
real,00009349_014.png,9349,,cardiomegaly_1,-5.2514763,0.005212465,0.8552621
real,00009349_015.png,9349,,cardiomegaly_1,-4.6653557,0.009328066,0.8045478
real,00009349_016.png,9349,,cardiomegaly_1,-5.050209,0.0063671926,0.8529655
real,00009349_019.png,9349,,cardiomegaly_1,-5.1771107,0.0056126113,0.88233215
real,00009349_020.png,9349,,cardiomegaly_1,-5.2732105,0.0051009697,0.9137122
real,00009349_021.png,9349,,cardiomegaly_1,-4.6189575,0.009766743,0.8822929
real,00009349_024.png,9349,,cardiomegaly_1,-4.7756443,0.008362134,0.8560548
real,00009349_025.png,9349,,cardiomegaly_1,-4.556982,0.010384707,0.8530382
real,00009349_026.png,9349,,cardiomegaly_1,-4.5606728,0.010346847,0.8539139
real,00009349_027.png,9349,,cardiomegaly_1,-4.4534035,0.011504982,0.8173735
real,00009349_028.png,9349,,cardiomegaly_1,-4.880596,0.0075352746,0.86148906
real,00009349_029.png,9349,,cardiomegaly_1,-5.253975,0.0051995246,0.9044726
real,00009373_000.png,9373,,cardiomegaly_1,-5.1286316,0.0058897673,0.90766484
real,00009373_001.png,9373,,cardiomegaly_1,-5.5533905,0.0038593467,0.93635213
real,00009378_005.png,9378,,cardiomegaly_1,-6.7090797,0.0012183001,0.97765905
real,00009378_010.png,9378,,cardiomegaly_1,-5.4556046,0.004254118,0.88275045
real,00009378_013.png,9378,,cardiomegaly_1,-6.197874,0.002029622,0.9611605
real,00009378_014.png,9378,,cardiomegaly_1,-2.996317,0.047592536,0.48606193
real,00009378_016.png,9378,,cardiomegaly_1,3.5665493,0.9725231,0.83270836
real,00009457_003.png,9457,,cardiomegaly_1,-5.516409,0.0040041613,0.9294688
real,00009457_004.png,9457,,cardiomegaly_1,4.4104996,0.98799676,0.91834944
real,00009516_003.png,9516,,cardiomegaly_1,-3.8576164,0.020681519,0.7702907
real,00009571_001.png,9571,,cardiomegaly_1,-5.520073,0.0039895754,0.95386446
real,00009571_002.png,9571,,cardiomegaly_1,-5.5024014,0.004060415,0.9615002
real,00009571_003.png,9571,,cardiomegaly_1,-5.961567,0.0025692545,0.9639297
real,00009571_004.png,9571,,cardiomegaly_1,-5.950554,0.0025976324,0.9610243
real,00009641_011.png,9641,,cardiomegaly_1,2.1682377,0.89736074,0.7220618
real,00009665_004.png,9665,,cardiomegaly_1,-5.5816116,0.0037523573,0.95225245
real,00009665_005.png,9665,,cardiomegaly_1,-5.967039,0.0025552693,0.9323056
real,00009709_010.png,9709,,cardiomegaly_1,-6.2295284,0.0019665062,0.950895
real,00009709_011.png,9709,,cardiomegaly_1,-6.344309,0.0017536358,0.96461755
real,00009812_000.png,9812,,cardiomegaly_1,-5.7485886,0.00317715,0.9193316
real,00009908_001.png,9908,,cardiomegaly_1,-5.668354,0.0034416593,0.8975964
real,00009908_002.png,9908,,cardiomegaly_1,-6.152157,0.0021243626,0.9503479
real,00009932_008.png,9932,,cardiomegaly_1,-2.2163734,0.09828975,0.5235292
real,00009934_007.png,9934,,cardiomegaly_1,1.9804821,0.87873256,0.6009144
real,00009934_008.png,9934,,cardiomegaly_1,2.2062645,0.9008106,0.65568656
real,00009934_009.png,9934,,cardiomegaly_1,6.881544,0.99897456,0.9918006
real,00010071_003.png,10071,,cardiomegaly_1,-5.59704,0.00369512,0.9428422
real,00010071_004.png,10071,,cardiomegaly_1,-5.880516,0.0027855625,0.9532558
real,00010071_007.png,10071,,cardiomegaly_1,-5.7698555,0.0031105028,0.947511
real,00010071_008.png,10071,,cardiomegaly_1,-5.512724,0.0040188846,0.93494964
real,00010071_010.png,10071,,cardiomegaly_1,-5.526306,0.0039648833,0.92826897
real,00010071_011.png,10071,,cardiomegaly_1,-5.774643,0.003095693,0.9427178
real,00010071_012.png,10071,,cardiomegaly_1,-5.4643726,0.004217137,0.92728037
real,00010120_021.png,10120,,cardiomegaly_1,-5.7491856,0.0031752596,0.93270856
real,00010131_007.png,10131,,cardiomegaly_1,-5.508749,0.004034826,0.9271716
real,00010177_000.png,10177,,cardiomegaly_1,7.648691,0.9995235,0.9868412
real,00010275_000.png,10275,,cardiomegaly_1,-5.2970543,0.004981381,0.9194564
real,00010279_003.png,10279,,cardiomegaly_1,4.8187313,0.9919877,0.94710296
real,00010279_004.png,10279,,cardiomegaly_1,-2.8383808,0.055285048,0.5298547
real,00010279_005.png,10279,,cardiomegaly_1,0.010250092,0.5025625,0.42265
real,00010335_001.png,10335,,cardiomegaly_1,-5.027298,0.006513795,0.87578636
real,00010335_002.png,10335,,cardiomegaly_1,-5.4090652,0.004455878,0.92792034
real,00010335_003.png,10335,,cardiomegaly_1,-5.318285,0.004877248,0.88849527
real,00010335_005.png,10335,,cardiomegaly_1,-5.156273,0.005730116,0.8913679
real,00010354_002.png,10354,,cardiomegaly_1,-1.7168427,0.1522783,0.40744776
real,00010427_009.png,10427,,cardiomegaly_1,-5.92062,0.0026763538,0.9523884
real,00010443_001.png,10443,,cardiomegaly_1,-6.4150276,0.0016341,0.9510543
real,00010465_004.png,10465,,cardiomegaly_1,-5.6397896,0.0035410326,0.9427445
real,00010469_002.png,10469,,cardiomegaly_1,-4.892763,0.007444827,0.92462456
real,00010521_002.png,10521,,cardiomegaly_1,-5.674677,0.003420041,0.9197334
real,00010536_000.png,10536,,cardiomegaly_1,2.5485191,0.92747396,0.72253925
real,00010571_006.png,10571,,cardiomegaly_1,-4.8336296,0.007894763,0.8552317
real,00010575_002.png,10575,,cardiomegaly_1,-5.2039433,0.005464826,0.91712594
real,00010575_003.png,10575,,cardiomegaly_1,-5.6912804,0.0033639143,0.92742157
real,00010625_000.png,10625,,cardiomegaly_1,8.880543,0.9998609,0.9969757
real,00010625_010.png,10625,,cardiomegaly_1,9.460611,0.99992216,0.99769956
real,00010625_014.png,10625,,cardiomegaly_1,6.468254,0.9984504,0.9653091
real,00010638_001.png,10638,,cardiomegaly_1,6.7655125,0.99884844,0.97804326
real,00010695_007.png,10695,,cardiomegaly_1,-5.363718,0.004661628,0.9174288
real,00010695_008.png,10695,,cardiomegaly_1,-5.798929,0.0030216402,0.94949627
real,00010695_013.png,10695,,cardiomegaly_1,-5.731262,0.0032324987,0.93070644
real,00010695_014.png,10695,,cardiomegaly_1,-6.1512394,0.0021263084,0.9161555
real,00010695_015.png,10695,,cardiomegaly_1,-5.711792,0.003295843,0.8961923
real,00010695_017.png,10695,,cardiomegaly_1,-5.955427,0.0025850367,0.92576545
real,00010695_016.png,10695,,cardiomegaly_1,-5.949442,0.002600515,0.9435479
real,00010767_001.png,10767,,cardiomegaly_1,2.338974,0.9120538,0.5633321
real,00010767_017.png,10767,,cardiomegaly_1,-5.7956963,0.0030313956,0.92731917
real,00010767_015.png,10767,,cardiomegaly_1,-5.8322906,0.0029227869,0.9193368
real,00010767_016.png,10767,,cardiomegaly_1,-5.988661,0.0025007497,0.9426878
real,00010767_022.png,10767,,cardiomegaly_1,-5.192854,0.0055254274,0.9127665
real,00010767_023.png,10767,,cardiomegaly_1,-5.5264187,0.0039644386,0.93603927
real,00010767_024.png,10767,,cardiomegaly_1,-5.755377,0.0031557234,0.9504567
real,00010767_025.png,10767,,cardiomegaly_1,-5.876728,0.0027961044,0.93825465
real,00010767_026.png,10767,,cardiomegaly_1,-5.52932,0.0039529996,0.8995203
real,00010772_002.png,10772,,cardiomegaly_1,-6.0286045,0.0024030644,0.9532513
real,00010772_003.png,10772,,cardiomegaly_1,-5.699774,0.0033355593,0.9250497
real,00010772_007.png,10772,,cardiomegaly_1,5.8067646,0.9970018,0.9448681
real,00010772_010.png,10772,,cardiomegaly_1,-5.785103,0.0030635798,0.9568807
real,00010772_012.png,10772,,cardiomegaly_1,-5.036001,0.0064577144,0.9123448
real,00010772_015.png,10772,,cardiomegaly_1,-4.894396,0.007432772,0.87804246
real,00010790_003.png,10790,,cardiomegaly_1,0.28470802,0.57070005,0.30998245
real,00010828_000.png,10828,,cardiomegaly_1,-5.7516327,0.0031675233,0.9276937
real,00010936_008.png,10936,,cardiomegaly_1,-4.394068,0.012199718,0.77824044
real,00010936_009.png,10936,,cardiomegaly_1,-1.9435806,0.125255,0.39271405
real,00010936_010.png,10936,,cardiomegaly_1,-3.8352757,0.021138882,0.7565931
real,00010936_016.png,10936,,cardiomegaly_1,-1.9889164,0.12037154,0.5075669
real,00010936_017.png,10936,,cardiomegaly_1,1.4718208,0.813334,0.64259845
real,00010936_018.png,10936,,cardiomegaly_1,-5.303568,0.0049491995,0.91177243
real,00010936_019.png,10936,,cardiomegaly_1,-4.878355,0.0075520542,0.81051105
real,00010936_021.png,10936,,cardiomegaly_1,-4.6457996,0.00951053,0.8530251
real,00010936_023.png,10936,,cardiomegaly_1,-5.3982315,0.004504196,0.9322421
real,00010936_024.png,10936,,cardiomegaly_1,-4.996931,0.006713284,0.87835675
real,00010940_000.png,10940,,cardiomegaly_1,-6.0505657,0.0023509883,0.96350354
real,00010953_000.png,10953,,cardiomegaly_1,-5.6931744,0.0033575706,0.9434132
real,00010953_003.png,10953,,cardiomegaly_1,-5.107582,0.006014304,0.9070704
real,00010953_004.png,10953,,cardiomegaly_1,-5.050619,0.006364599,0.91686153
real,00010953_009.png,10953,,cardiomegaly_1,-5.1475525,0.005780013,0.9331766
real,00010953_011.png,10953,,cardiomegaly_1,-5.074156,0.006217467,0.89054
real,00010953_012.png,10953,,cardiomegaly_1,-5.0943146,0.0060941414,0.90261
real,00010970_000.png,10970,,cardiomegaly_1,6.7800217,0.998865,0.9740626
real,00010992_000.png,10992,,cardiomegaly_1,-4.9491005,0.007039872,0.8522676
real,00010992_006.png,10992,,cardiomegaly_1,-4.9316883,0.0071626394,0.8865143
real,00010992_007.png,10992,,cardiomegaly_1,-4.910839,0.007312439,0.83862376
real,00010992_008.png,10992,,cardiomegaly_1,-5.0541058,0.006342587,0.8399637
real,00010992_009.png,10992,,cardiomegaly_1,-5.352705,0.0047130072,0.9211303
real,00010992_010.png,10992,,cardiomegaly_1,-5.2401695,0.0052714227,0.91814154
real,00010992_011.png,10992,,cardiomegaly_1,-5.3876286,0.0045519895,0.925528
real,00010992_012.png,10992,,cardiomegaly_1,-5.330797,0.004816895,0.90958536
real,00010994_003.png,10994,,cardiomegaly_1,9.84211,0.99994683,0.99806
real,00010994_005.png,10994,,cardiomegaly_1,9.738371,0.999941,0.9984561
real,00010994_007.png,10994,,cardiomegaly_1,9.539495,0.999928,0.9982077
real,00010994_009.png,10994,,cardiomegaly_1,9.763184,0.9999424,0.9981507
real,00010994_010.png,10994,,cardiomegaly_1,9.382591,0.99991584,0.9974561
real,00010994_011.png,10994,,cardiomegaly_1,9.780769,0.9999435,0.99804825
real,00010994_012.png,10994,,cardiomegaly_1,9.471025,0.999923,0.99751145
real,00010994_013.png,10994,,cardiomegaly_1,9.541182,0.9999281,0.9979618
real,00010994_000.png,10994,,cardiomegaly_1,9.757021,0.99994206,0.9980379
real,00011139_000.png,11139,,cardiomegaly_1,-4.445793,0.011591853,0.79799163
real,00011237_001.png,11237,,cardiomegaly_1,-0.8782253,0.29354566,0.41352922
real,00011279_002.png,11279,,cardiomegaly_1,-6.0661793,0.0023146502,0.9533533
real,00011380_005.png,11380,,cardiomegaly_1,-6.0493927,0.002353741,0.92303246
real,00011380_006.png,11380,,cardiomegaly_1,-5.855036,0.0028572457,0.9203616
real,00011380_009.png,11380,,cardiomegaly_1,-6.0271873,0.0024064642,0.94631267
real,00011380_010.png,11380,,cardiomegaly_1,-6.0995674,0.0022388145,0.9466475
real,00011380_011.png,11380,,cardiomegaly_1,-6.0143814,0.002437404,0.9488826
real,00011380_012.png,11380,,cardiomegaly_1,-6.1971607,0.0020310672,0.9433449
real,00011380_014.png,11380,,cardiomegaly_1,-4.765812,0.0084440615,0.83442134
real,00011380_015.png,11380,,cardiomegaly_1,-5.839237,0.0029026126,0.94452554
real,00011380_016.png,11380,,cardiomegaly_1,-5.0650826,0.0062737805,0.89278954
real,00011380_018.png,11380,,cardiomegaly_1,-5.240425,0.005270083,0.92153347
real,00011380_019.png,11380,,cardiomegaly_1,-5.838026,0.00290612,0.9591652
real,00011380_020.png,11380,,cardiomegaly_1,-4.9508724,0.007027497,0.87324864
real,00011380_021.png,11380,,cardiomegaly_1,-4.2677155,0.01382009,0.823663
real,00011380_023.png,11380,,cardiomegaly_1,-5.831728,0.0029244274,0.9332512
real,00011380_024.png,11380,,cardiomegaly_1,-6.1915092,0.0020425548,0.9597348
real,00011380_025.png,11380,,cardiomegaly_1,-6.147936,0.0021333292,0.95831525
real,00011380_026.png,11380,,cardiomegaly_1,-5.731394,0.0032320747,0.9434049
real,00011423_002.png,11423,,cardiomegaly_1,-6.1547318,0.0021189111,0.96376455
real,00011423_003.png,11423,,cardiomegaly_1,-5.914093,0.0026938322,0.9183098
real,00011423_006.png,11423,,cardiomegaly_1,-5.92803,0.0026566477,0.96111625
real,00011423_008.png,11423,,cardiomegaly_1,-5.9174423,0.002684849,0.9364647
real,00011423_000.png,11423,,cardiomegaly_1,-6.2312565,0.0019631174,0.96443945
real,00011423_001.png,11423,,cardiomegaly_1,-5.853964,0.0028603012,0.935775
real,00011654_004.png,11654,,cardiomegaly_1,-4.893898,0.007436446,0.9139935
real,00011748_000.png,11748,,cardiomegaly_1,-4.7440643,0.0086281095,0.8488829
real,00011764_004.png,11764,,cardiomegaly_1,-6.4741764,0.0015403925,0.94713795
real,00011770_010.png,11770,,cardiomegaly_1,-5.695009,0.0033514365,0.9095125
real,00011831_004.png,11831,,cardiomegaly_1,-5.1890507,0.005546365,0.8984674
real,00011831_007.png,11831,,cardiomegaly_1,-4.875881,0.007570618,0.8871325
real,00011831_008.png,11831,,cardiomegaly_1,-4.739153,0.008670221,0.80157745
real,00011831_009.png,11831,,cardiomegaly_1,-4.870281,0.007612808,0.84682685
real,00011831_010.png,11831,,cardiomegaly_1,-5.1135426,0.005978777,0.94248194
real,00011831_016.png,11831,,cardiomegaly_1,-4.700802,0.009006139,0.88237387
real,00011831_017.png,11831,,cardiomegaly_1,-4.7464104,0.008608065,0.8988113
real,00011831_020.png,11831,,cardiomegaly_1,-5.249634,0.005222027,0.9378812
real,00011831_021.png,11831,,cardiomegaly_1,-5.569256,0.0037988313,0.9646
real,00011949_000.png,11949,,cardiomegaly_1,8.143221,0.9997093,0.99139845
real,00011950_013.png,11950,,cardiomegaly_1,-5.614517,0.003631334,0.9151324
real,00011950_015.png,11950,,cardiomegaly_1,-4.9928265,0.0067407098,0.86650527
real,00011950_016.png,11950,,cardiomegaly_1,-3.9771862,0.018393626,0.7183768
real,00011950_018.png,11950,,cardiomegaly_1,-5.2807045,0.005063079,0.8738856
real,00011987_008.png,11987,,cardiomegaly_1,-4.8458996,0.007799236,0.8386088
real,00012021_001.png,12021,,cardiomegaly_1,-5.0845222,0.0061537414,0.9019864
real,00012043_012.png,12043,,cardiomegaly_1,-5.6529446,0.0034949172,0.9690653
real,00012043_013.png,12043,,cardiomegaly_1,-4.7265587,0.008779142,0.8688404
real,00012043_015.png,12043,,cardiomegaly_1,-5.2088394,0.005438279,0.9584926
real,00012043_016.png,12043,,cardiomegaly_1,-5.7019405,0.003328364,0.9622511
real,00012092_003.png,12092,,cardiomegaly_1,-2.5553684,0.07206665,0.41635904
real,00012178_000.png,12178,,cardiomegaly_1,-1.5019302,0.18213782,0.40445054
real,00012178_001.png,12178,,cardiomegaly_1,-3.1146278,0.042507887,0.48132342
real,00012263_000.png,12263,,cardiomegaly_1,-5.3332996,0.004804914,0.88461035
real,00012263_002.png,12263,,cardiomegaly_1,-5.3811493,0.004581443,0.9174639
real,00012263_005.png,12263,,cardiomegaly_1,-5.0587444,0.0063134194,0.9056056
real,00012263_006.png,12263,,cardiomegaly_1,-4.2668095,0.013832443,0.85790557
real,00012263_007.png,12263,,cardiomegaly_1,-5.516304,0.0040045795,0.93862164
real,00012415_002.png,12415,,cardiomegaly_1,-5.2995396,0.0049690777,0.8824588
real,00012415_004.png,12415,,cardiomegaly_1,-5.258383,0.0051767747,0.8612819
real,00012415_005.png,12415,,cardiomegaly_1,-5.3365498,0.004789397,0.90659744
real,00012415_006.png,12415,,cardiomegaly_1,-5.6173935,0.0036209424,0.9244518
real,00012460_002.png,12460,,cardiomegaly_1,-5.970701,0.0025459526,0.93929857
real,00012460_003.png,12460,,cardiomegaly_1,-5.984989,0.0025099253,0.9503126
real,00012523_000.png,12523,,cardiomegaly_1,0.71974564,0.672551,0.31506464
real,00012536_003.png,12536,,cardiomegaly_1,-4.37694,0.012407858,0.6876069
real,00012604_000.png,12604,,cardiomegaly_1,-5.698097,0.0033411372,0.9526126
real,00012604_004.png,12604,,cardiomegaly_1,-4.4522038,0.011518633,0.83317757
real,00012604_005.png,12604,,cardiomegaly_1,-4.3779106,0.012395968,0.7381983
real,00012626_015.png,12626,,cardiomegaly_1,-5.6163273,0.0036247913,0.9406173
real,00012653_002.png,12653,,cardiomegaly_1,-5.9216347,0.0026736467,0.9522262
real,00012707_000.png,12707,,cardiomegaly_1,2.7888584,0.9420708,0.6634097
real,00012722_000.png,12722,,cardiomegaly_1,-5.7406654,0.0032023417,0.9761736
real,00012722_001.png,12722,,cardiomegaly_1,-5.4461,0.004294569,0.9592547
real,00012722_002.png,12722,,cardiomegaly_1,-5.413021,0.0044383644,0.9462692
real,00012722_005.png,12722,,cardiomegaly_1,-5.381468,0.0045799906,0.9504524
real,00012799_001.png,12799,,cardiomegaly_1,-5.486294,0.004126076,0.9288262
real,00012827_001.png,12827,,cardiomegaly_1,-5.5068855,0.004042322,0.84655195
real,00012827_002.png,12827,,cardiomegaly_1,-5.330065,0.0048204074,0.8708415
real,00012939_002.png,12939,,cardiomegaly_1,-3.7327404,0.023368046,0.7469078
real,00012949_002.png,12949,,cardiomegaly_1,-5.5642014,0.0038180072,0.8565684
real,00012973_017.png,12973,,cardiomegaly_1,-5.183792,0.005575445,0.9160872
real,00012973_015.png,12973,,cardiomegaly_1,-5.50786,0.0040383996,0.9327472
real,00012973_016.png,12973,,cardiomegaly_1,-5.46492,0.004214839,0.9261759
real,00012973_019.png,12973,,cardiomegaly_1,-4.7266827,0.008778063,0.79387736
real,00012973_020.png,12973,,cardiomegaly_1,-5.877342,0.0027943929,0.9194224
real,00012973_021.png,12973,,cardiomegaly_1,-5.608864,0.0036518464,0.954026
real,00012975_000.png,12975,,cardiomegaly_1,-3.331522,0.034505486,0.6651218
real,00013205_001.png,13205,,cardiomegaly_1,-5.3606358,0.0046759513,0.89301974
real,00013205_003.png,13205,,cardiomegaly_1,-5.056299,0.006328778,0.87041813
real,00013205_004.png,13205,,cardiomegaly_1,-5.576935,0.0037698809,0.8959241
real,00013205_006.png,13205,,cardiomegaly_1,-6.289467,0.0018523117,0.94589686
real,00013237_000.png,13237,,cardiomegaly_1,-5.6186047,0.0036165752,0.9055566
real,00013285_000.png,13285,,cardiomegaly_1,-5.2170486,0.0053940574,0.9132107
real,00013285_002.png,13285,,cardiomegaly_1,-5.5175896,0.0039994554,0.9348492
real,00013285_003.png,13285,,cardiomegaly_1,-4.5889893,0.010060876,0.81145996
real,00013370_005.png,13370,,cardiomegaly_1,4.1196003,0.9840089,0.864408
real,00013408_007.png,13408,,cardiomegaly_1,-5.9864426,0.0025062892,0.95735276
real,00013408_008.png,13408,,cardiomegaly_1,-5.505335,0.0040485696,0.8995774
real,00013408_016.png,13408,,cardiomegaly_1,-5.5866966,0.0037333958,0.90961117
real,00013408_017.png,13408,,cardiomegaly_1,-5.7346478,0.0032216085,0.93603414
real,00013408_018.png,13408,,cardiomegaly_1,-6.2011795,0.0020229376,0.9495733
real,00013458_002.png,13458,,cardiomegaly_1,-6.560688,0.0014129127,0.96819454
real,00013499_000.png,13499,,cardiomegaly_1,-4.7380085,0.008680063,0.86463886
real,00013519_001.png,13519,,cardiomegaly_1,-5.6873436,0.0033771389,0.8882127
real,00013522_000.png,13522,,cardiomegaly_1,-5.6528797,0.003495143,0.8942878
real,00013534_006.png,13534,,cardiomegaly_1,-4.1401405,0.015671121,0.7029583
real,00013534_008.png,13534,,cardiomegaly_1,-4.93602,0.0071319016,0.8027141
real,00013534_010.png,13534,,cardiomegaly_1,-4.923174,0.0072234427,0.7456622
real,00013591_003.png,13591,,cardiomegaly_1,-3.141121,0.041442566,0.6096581
real,00013591_005.png,13591,,cardiomegaly_1,-5.789694,0.00304959,0.9643997
real,00013608_006.png,13608,,cardiomegaly_1,-4.743349,0.008634229,0.8461957
real,00013608_007.png,13608,,cardiomegaly_1,-3.5507221,0.02790298,0.6209022
real,00013608_008.png,13608,,cardiomegaly_1,-5.0508194,0.0063633327,0.8681617
real,00013608_011.png,13608,,cardiomegaly_1,-4.6678524,0.009305023,0.85934174
real,00013608_012.png,13608,,cardiomegaly_1,-4.6430607,0.009536365,0.87691283
real,00013608_013.png,13608,,cardiomegaly_1,-4.7301025,0.008748356,0.85874254
real,00013608_017.png,13608,,cardiomegaly_1,-4.7589397,0.008501795,0.8634758
real,00013608_021.png,13608,,cardiomegaly_1,-3.753231,0.022904947,0.6261024
real,00013625_004.png,13625,,cardiomegaly_1,-5.7669907,0.003119399,0.92589164
real,00013625_061.png,13625,,cardiomegaly_1,-3.7321072,0.023382502,0.73325807
real,00013678_000.png,13678,,cardiomegaly_1,-5.7193985,0.00327095,0.9447149
real,00013678_001.png,13678,,cardiomegaly_1,-3.235777,0.037841354,0.6373463
real,00013709_000.png,13709,,cardiomegaly_1,-6.366865,0.0017145902,0.9679849
real,00013743_001.png,13743,,cardiomegaly_1,-5.910486,0.0027035393,0.8766836
real,00013830_000.png,13830,,cardiomegaly_1,-3.399355,0.03231563,0.6239056
real,00013862_004.png,13862,,cardiomegaly_1,-6.0001717,0.0024721997,0.95033234
real,00013911_002.png,13911,,cardiomegaly_1,-5.528063,0.003957952,0.9125991
real,00013911_004.png,13911,,cardiomegaly_1,-5.8753605,0.0027999203,0.9309805
real,00013911_007.png,13911,,cardiomegaly_1,-5.4726276,0.0041826135,0.91985995
real,00013911_012.png,13911,,cardiomegaly_1,-6.0873756,0.0022662147,0.95091456
real,00013911_020.png,13911,,cardiomegaly_1,-4.1291924,0.015840901,0.6853424
real,00013911_000.png,13911,,cardiomegaly_1,7.1660748,0.99922824,0.9880378
real,00013964_001.png,13964,,cardiomegaly_1,-5.1499157,0.0057664486,0.8978031
real,00014183_000.png,14183,,cardiomegaly_1,-6.327942,0.0017825221,0.94939214
real,00014196_002.png,14196,,cardiomegaly_1,-5.3110447,0.0049125147,0.89279634
real,00014196_003.png,14196,,cardiomegaly_1,-5.5927887,0.003710805,0.9095295
real,00014289_000.png,14289,,cardiomegaly_1,-4.829914,0.007923917,0.84778637
real,00014307_004.png,14307,,cardiomegaly_1,-5.6254444,0.0035920115,0.9316144
real,00014307_008.png,14307,,cardiomegaly_1,-6.263727,0.0019005168,0.9632523
real,00014307_011.png,14307,,cardiomegaly_1,-5.707445,0.0033101535,0.924717
real,00014320_011.png,14320,,cardiomegaly_1,7.143755,0.99921083,0.9879094
real,00014320_012.png,14320,,cardiomegaly_1,5.9997253,0.9975267,0.9524512
real,00014320_033.png,14320,,cardiomegaly_1,-3.3067703,0.035339657,0.5137567
real,00014320_039.png,14320,,cardiomegaly_1,-5.4218197,0.0043996554,0.89281654
real,00014387_000.png,14387,,cardiomegaly_1,-6.0044994,0.0024615498,0.95509756
real,00014387_008.png,14387,,cardiomegaly_1,-4.3831387,0.012332127,0.77500373
real,00014387_010.png,14387,,cardiomegaly_1,-5.5034904,0.0040560137,0.8936895
real,00014475_001.png,14475,,cardiomegaly_1,-6.634321,0.001312745,0.96690136
real,00014538_000.png,14538,,cardiomegaly_1,-5.4122066,0.0044419644,0.88621604
real,00014574_000.png,14574,,cardiomegaly_1,5.7401905,0.9967962,0.94586843
real,00014648_000.png,14648,,cardiomegaly_1,-6.613289,0.0013406102,0.9656829
real,00014695_004.png,14695,,cardiomegaly_1,9.853323,0.9999474,0.99784243
real,00014719_006.png,14719,,cardiomegaly_1,-5.8626423,0.0028356558,0.9078984
real,00014719_007.png,14719,,cardiomegaly_1,-5.9736156,0.002538562,0.9376614
real,00014773_003.png,14773,,cardiomegaly_1,-5.699211,0.0033374305,0.9498932
real,00014773_004.png,14773,,cardiomegaly_1,-5.416416,0.004423388,0.90354985
real,00014773_006.png,14773,,cardiomegaly_1,-5.2767277,0.005083152,0.87591594
real,00014773_005.png,14773,,cardiomegaly_1,-5.4747696,0.004173701,0.91365165
real,00014773_007.png,14773,,cardiomegaly_1,-6.6527634,0.001288788,0.9766361
real,00014943_000.png,14943,,cardiomegaly_1,-5.0547676,0.006338417,0.85312504
real,00015064_000.png,15064,,cardiomegaly_1,5.4691963,0.99580306,0.96885866
real,00015080_002.png,15080,,cardiomegaly_1,-4.633999,0.00962234,0.77042985
real,00015114_001.png,15114,,cardiomegaly_1,-6.561661,0.0014115409,0.97277546
real,00015114_003.png,15114,,cardiomegaly_1,-6.092251,0.002255218,0.95300156
real,00015212_001.png,15212,,cardiomegaly_1,-5.619833,0.0036121514,0.96650666
real,00015212_003.png,15212,,cardiomegaly_1,-5.410412,0.0044499086,0.915152
real,00015212_008.png,15212,,cardiomegaly_1,-4.529566,0.010670275,0.8286853
real,00015228_002.png,15228,,cardiomegaly_1,-5.978403,0.0025264684,0.9515819
real,00015242_000.png,15242,,cardiomegaly_1,-2.2663555,0.093947984,0.47041616
real,00015244_002.png,15244,,cardiomegaly_1,-6.6422386,0.0013024061,0.9585934
real,00015244_000.png,15244,,cardiomegaly_1,-6.5697536,0.0014001796,0.9612606
real,00015254_001.png,15254,,cardiomegaly_1,-6.1683083,0.002090398,0.95823264
real,00015254_002.png,15254,,cardiomegaly_1,-5.1341133,0.0058577587,0.8937219
real,00015282_000.png,15282,,cardiomegaly_1,9.749538,0.9999417,0.9973831
real,00015313_000.png,15313,,cardiomegaly_1,8.405619,0.9997764,0.9931274
real,00015313_003.png,15313,,cardiomegaly_1,-3.4913006,0.029560775,0.56829965
real,00015313_005.png,15313,,cardiomegaly_1,-0.57811356,0.35936677,0.29143745
real,00015313_006.png,15313,,cardiomegaly_1,0.29694366,0.5736952,0.3180255
real,00015313_007.png,15313,,cardiomegaly_1,-5.1475945,0.005779772,0.8266841
real,00015313_008.png,15313,,cardiomegaly_1,-6.030012,0.0023996923,0.9323469
real,00015318_007.png,15318,,cardiomegaly_1,-4.259844,0.013927785,0.7237038
real,00015318_008.png,15318,,cardiomegaly_1,1.2256908,0.7730635,0.5086661
real,00015376_002.png,15376,,cardiomegaly_1,-3.5622978,0.027590705,0.66005903
real,00015376_037.png,15376,,cardiomegaly_1,4.9358616,0.992867,0.96309286
real,00015388_004.png,15388,,cardiomegaly_1,-5.347187,0.0047389613,0.88576674
real,00015423_001.png,15423,,cardiomegaly_1,-3.2839565,0.036125693,0.6132965
real,00015423_002.png,15423,,cardiomegaly_1,-3.041275,0.045595653,0.6310775
real,00015423_003.png,15423,,cardiomegaly_1,-0.6458435,0.34392682,0.5758016
real,00015423_004.png,15423,,cardiomegaly_1,-1.5972443,0.16836713,0.4198754
real,00015423_005.png,15423,,cardiomegaly_1,-2.801571,0.057239342,0.54151976
real,00015423_006.png,15423,,cardiomegaly_1,-2.3809452,0.08463731,0.44736108
real,00015448_003.png,15448,,cardiomegaly_1,-6.0899506,0.0022604,0.9487349
real,00015492_002.png,15492,,cardiomegaly_1,-5.622299,0.003603286,0.8744419
real,00015497_000.png,15497,,cardiomegaly_1,-2.876667,0.053319123,0.5009552
real,00015497_001.png,15497,,cardiomegaly_1,9.469427,0.9999229,0.99686205
real,00015562_004.png,15562,,cardiomegaly_1,-6.1362724,0.0021583028,0.96373993
real,00015654_000.png,15654,,cardiomegaly_1,-5.8323765,0.0029225366,0.94747245
real,00015654_001.png,15654,,cardiomegaly_1,-4.6090355,0.009863171,0.8424735
real,00015654_002.png,15654,,cardiomegaly_1,-4.351757,0.0127202645,0.7637907
real,00015654_003.png,15654,,cardiomegaly_1,-5.3671646,0.004645664,0.9280823
real,00015654_004.png,15654,,cardiomegaly_1,-4.5917435,0.010033482,0.84290224
real,00015654_005.png,15654,,cardiomegaly_1,-3.8222523,0.02141005,0.7181507
real,00015654_006.png,15654,,cardiomegaly_1,-4.027033,0.017514907,0.68433464
real,00015716_000.png,15716,,cardiomegaly_1,-2.5107822,0.07510575,0.47790417
real,00015985_000.png,15985,,cardiomegaly_1,-5.3124924,0.0049054427,0.9113964
real,00016041_000.png,16041,,cardiomegaly_1,-5.630394,0.0035743401,0.9347691
real,00016184_016.png,16184,,cardiomegaly_1,-4.606848,0.009884559,0.8014788
real,00016191_001.png,16191,,cardiomegaly_1,-5.5552216,0.0038523136,0.91643506
real,00016191_015.png,16191,,cardiomegaly_1,-5.5856934,0.0037371295,0.9069417
real,00016191_016.png,16191,,cardiomegaly_1,-5.755623,0.0031549495,0.92547596
real,00016191_021.png,16191,,cardiomegaly_1,-5.199335,0.0054899277,0.87391335
real,00016191_026.png,16191,,cardiomegaly_1,-5.2152176,0.00540389,0.87765366
real,00016191_027.png,16191,,cardiomegaly_1,-5.235346,0.005296777,0.8768453
real,00016202_000.png,16202,,cardiomegaly_1,-5.1698647,0.0056531983,0.92928064
real,00016205_005.png,16205,,cardiomegaly_1,-5.6962547,0.0033472786,0.88795394
real,00016205_007.png,16205,,cardiomegaly_1,-5.37035,0.0046309577,0.8689222
real,00016205_008.png,16205,,cardiomegaly_1,-6.079214,0.0022847438,0.931552
real,00016205_009.png,16205,,cardiomegaly_1,-6.006922,0.0024556092,0.9366514
real,00016238_007.png,16238,,cardiomegaly_1,-4.782032,0.008309332,0.8618236
real,00016238_008.png,16238,,cardiomegaly_1,-5.7507763,0.0031702286,0.95023715
real,00016353_000.png,16353,,cardiomegaly_1,-5.849703,0.00287248,0.9502868
real,00016417_000.png,16417,,cardiomegaly_1,-4.686077,0.009138512,0.77367276
real,00016417_001.png,16417,,cardiomegaly_1,-4.763359,0.008464623,0.86733514
real,00016417_002.png,16417,,cardiomegaly_1,-4.8083878,0.008094944,0.72073716
real,00016417_004.png,16417,,cardiomegaly_1,-3.4883785,0.029644711,0.49381742
real,00016417_006.png,16417,,cardiomegaly_1,-3.7942295,0.022005117,0.57628936
real,00016417_007.png,16417,,cardiomegaly_1,-4.5251713,0.010716765,0.79226947
real,00016417_008.png,16417,,cardiomegaly_1,-3.4305458,0.03135435,0.5994895
real,00016417_009.png,16417,,cardiomegaly_1,-4.365549,0.012548217,0.6706958
real,00016484_002.png,16484,,cardiomegaly_1,9.333979,0.99991167,0.9974426
real,00016484_018.png,16484,,cardiomegaly_1,9.111158,0.9998896,0.9964447
real,00016484_030.png,16484,,cardiomegaly_1,7.9200783,0.99963677,0.98856586
real,00016548_000.png,16548,,cardiomegaly_1,-5.6467133,0.0035166861,0.95141685
real,00016568_005.png,16568,,cardiomegaly_1,-5.337448,0.004785117,0.9021881
real,00016568_015.png,16568,,cardiomegaly_1,-5.4740868,0.0041765403,0.8747637
real,00016568_016.png,16568,,cardiomegaly_1,-5.191099,0.0055350782,0.8734344
real,00016568_017.png,16568,,cardiomegaly_1,-4.900072,0.007391012,0.8476667
real,00016568_018.png,16568,,cardiomegaly_1,-5.4625015,0.004225002,0.93395007
real,00016568_019.png,16568,,cardiomegaly_1,-5.3190327,0.0048736203,0.9018435
real,00016568_020.png,16568,,cardiomegaly_1,-5.1680984,0.005663135,0.9022268
real,00016568_021.png,16568,,cardiomegaly_1,-5.1277847,0.005894728,0.9289784
real,00016568_022.png,16568,,cardiomegaly_1,-5.6631603,0.0034595185,0.9481822
real,00016568_023.png,16568,,cardiomegaly_1,-5.008442,0.0066369623,0.9195501
real,00016568_024.png,16568,,cardiomegaly_1,-5.2576065,0.0051807743,0.9523677
real,00016568_025.png,16568,,cardiomegaly_1,-5.3536453,0.004708598,0.93323755
real,00016568_028.png,16568,,cardiomegaly_1,-5.3923073,0.0045308378,0.9480772
real,00016568_029.png,16568,,cardiomegaly_1,-5.3827534,0.004574133,0.94515836
real,00016568_032.png,16568,,cardiomegaly_1,-5.449913,0.0042782957,0.93988776
real,00016568_036.png,16568,,cardiomegaly_1,-5.182764,0.005581148,0.89609766
real,00016568_037.png,16568,,cardiomegaly_1,-5.320797,0.0048650713,0.9116106
real,00016568_038.png,16568,,cardiomegaly_1,-5.6575184,0.0034790242,0.93204963
real,00016568_039.png,16568,,cardiomegaly_1,-5.60758,0.0036565198,0.94287235
real,00016568_040.png,16568,,cardiomegaly_1,-5.426174,0.0043806224,0.92745733
real,00016568_041.png,16568,,cardiomegaly_1,-5.3361893,0.004791116,0.9129669
real,00016568_042.png,16568,,cardiomegaly_1,-5.289486,0.005019035,0.91236174
real,00016568_043.png,16568,,cardiomegaly_1,-5.5297184,0.0039514303,0.9389052
real,00016568_044.png,16568,,cardiomegaly_1,-5.237524,0.005285313,0.8937717
real,00016568_047.png,16568,,cardiomegaly_1,-5.2736416,0.0050987825,0.9097175
real,00016568_051.png,16568,,cardiomegaly_1,-5.519987,0.0039899163,0.89270884
real,00016677_004.png,16677,,cardiomegaly_1,2.8911285,0.9474062,0.7282811
real,00016677_000.png,16677,,cardiomegaly_1,-0.29185867,0.42754886,0.44728822
real,00016724_000.png,16724,,cardiomegaly_1,-4.6162415,0.009793046,0.8295192
real,00016724_001.png,16724,,cardiomegaly_1,-5.4809837,0.004147953,0.95488435
real,00016724_003.png,16724,,cardiomegaly_1,-5.8865204,0.0027689333,0.9618599
real,00016757_003.png,16757,,cardiomegaly_1,-5.192642,0.0055265906,0.85387117
real,00016801_000.png,16801,,cardiomegaly_1,-3.7531052,0.022907764,0.65169567
real,00016801_006.png,16801,,cardiomegaly_1,-4.3419437,0.012844095,0.74794537
real,00016801_008.png,16801,,cardiomegaly_1,-4.849741,0.0077695665,0.82325816
real,00016862_000.png,16862,,cardiomegaly_1,-5.681265,0.0033976599,0.92459637
real,00016975_010.png,16975,,cardiomegaly_1,-5.4952946,0.004089256,0.92565143
real,00016975_013.png,16975,,cardiomegaly_1,-5.4722195,0.0041843136,0.9266942
real,00016975_017.png,16975,,cardiomegaly_1,-4.9688683,0.006903027,0.87662596
real,00016975_018.png,16975,,cardiomegaly_1,-4.913822,0.007290816,0.8197147
real,00016990_000.png,16990,,cardiomegaly_1,9.571104,0.99993026,0.9968931
real,00017258_002.png,17258,,cardiomegaly_1,-5.616497,0.0036241778,0.9451094
real,00017258_003.png,17258,,cardiomegaly_1,-5.841217,0.0028968882,0.9741018
real,00017258_004.png,17258,,cardiomegaly_1,-5.4165897,0.0044226237,0.9492655
real,00017258_005.png,17258,,cardiomegaly_1,-5.5591755,0.0038371703,0.9631828
real,00017258_006.png,17258,,cardiomegaly_1,-5.1349926,0.0058526406,0.9284657
real,00017258_007.png,17258,,cardiomegaly_1,-5.0779686,0.006193953,0.94762
real,00017258_008.png,17258,,cardiomegaly_1,-5.009346,0.0066310037,0.9348546
real,00017258_009.png,17258,,cardiomegaly_1,-5.024891,0.0065293903,0.952814
real,00017258_010.png,17258,,cardiomegaly_1,-4.8460903,0.007797761,0.9428315
real,00017258_011.png,17258,,cardiomegaly_1,-4.659481,0.0093825115,0.9051999
real,00017258_016.png,17258,,cardiomegaly_1,-5.076744,0.0062014945,0.8294643
real,00017258_017.png,17258,,cardiomegaly_1,-5.305233,0.004941006,0.8981457
real,00017258_019.png,17258,,cardiomegaly_1,-5.3761654,0.004604228,0.93066084
real,00017263_000.png,17263,,cardiomegaly_1,-2.8475018,0.0548106,0.50020564
real,00017395_001.png,17395,,cardiomegaly_1,-5.0434456,0.006410126,0.8948105
real,00017395_002.png,17395,,cardiomegaly_1,-5.350523,0.004723253,0.93595487
real,00017395_003.png,17395,,cardiomegaly_1,-5.889633,0.0027603512,0.9589638
real,00017443_012.png,17443,,cardiomegaly_1,-5.8638973,0.0028321096,0.93008137
real,00017443_013.png,17443,,cardiomegaly_1,-5.7717075,0.0031047652,0.9280911
real,00017529_000.png,17529,,cardiomegaly_1,9.573116,0.9999304,0.9970376
real,00017607_000.png,17607,,cardiomegaly_1,-6.170347,0.002086149,0.937766
real,00017618_004.png,17618,,cardiomegaly_1,-5.1638966,0.005686845,0.87927806
real,00017618_005.png,17618,,cardiomegaly_1,-4.5498734,0.010458017,0.8007896
real,00017618_006.png,17618,,cardiomegaly_1,-4.71369,0.008891839,0.81656915
real,00017618_008.png,17618,,cardiomegaly_1,-4.3576794,0.012646103,0.68016857
real,00017618_009.png,17618,,cardiomegaly_1,-4.847048,0.0077903564,0.876516
real,00017618_010.png,17618,,cardiomegaly_1,-4.38694,0.0122859115,0.80534613
real,00017618_011.png,17618,,cardiomegaly_1,-3.0969067,0.043235034,0.54397666
real,00017618_014.png,17618,,cardiomegaly_1,3.8843765,0.97985363,0.81918114
real,00017618_015.png,17618,,cardiomegaly_1,-2.8438168,0.055001818,0.48201
real,00017618_019.png,17618,,cardiomegaly_1,-4.942789,0.007084129,0.8386884
real,00017618_020.png,17618,,cardiomegaly_1,-1.7296638,0.15063058,0.32280698
real,00017618_021.png,17618,,cardiomegaly_1,3.171135,0.9597335,0.70746785
real,00017618_022.png,17618,,cardiomegaly_1,5.8824844,0.9972199,0.9754225
real,00017618_023.png,17618,,cardiomegaly_1,3.2822685,0.9638155,0.8065916
real,00017618_032.png,17618,,cardiomegaly_1,2.4200783,0.91834563,0.6529499
real,00017691_014.png,17691,,cardiomegaly_1,-5.3338737,0.0048021693,0.8807749
real,00017702_001.png,17702,,cardiomegaly_1,-5.510565,0.004027536,0.9593016
real,00017747_053.png,17747,,cardiomegaly_1,-5.6897717,0.0033689763,0.9500078
real,00017747_054.png,17747,,cardiomegaly_1,-4.8825264,0.007520853,0.89214003
real,00017747_055.png,17747,,cardiomegaly_1,-5.2098026,0.005433072,0.9242274
real,00017747_056.png,17747,,cardiomegaly_1,-5.5522976,0.0038635505,0.95058066
real,00017747_057.png,17747,,cardiomegaly_1,-5.5125103,0.0040197396,0.9542827
real,00017747_004.png,17747,,cardiomegaly_1,-4.642498,0.009541682,0.88054425
real,00017747_005.png,17747,,cardiomegaly_1,-4.760113,0.008491913,0.91190445
real,00017747_008.png,17747,,cardiomegaly_1,-4.91675,0.0072696568,0.91843104
real,00017747_010.png,17747,,cardiomegaly_1,-5.140728,0.005819364,0.9393709
real,00017747_011.png,17747,,cardiomegaly_1,-5.308983,0.004922604,0.9479207
real,00017747_012.png,17747,,cardiomegaly_1,-5.313179,0.0049020923,0.9519712
real,00017763_003.png,17763,,cardiomegaly_1,-5.8498993,0.0028719176,0.9258955
real,00017763_004.png,17763,,cardiomegaly_1,-5.8014507,0.0030140537,0.92308223
real,00017786_005.png,17786,,cardiomegaly_1,-4.784298,0.00829068,0.7754218
real,00017786_010.png,17786,,cardiomegaly_1,-5.7615356,0.003136408,0.92561805
real,00017786_012.png,17786,,cardiomegaly_1,-5.7095985,0.0033030563,0.91002494
real,00017786_000.png,17786,,cardiomegaly_1,-2.8107452,0.056746278,0.4272909
real,00017822_000.png,17822,,cardiomegaly_1,-1.6164799,0.16569091,0.351219
real,00017835_032.png,17835,,cardiomegaly_1,-5.368204,0.004640859,0.87199247
real,00017846_000.png,17846,,cardiomegaly_1,-5.4535885,0.0042626667,0.9060185
real,00017930_004.png,17930,,cardiomegaly_1,-5.4484615,0.004284484,0.9392831
real,00017930_005.png,17930,,cardiomegaly_1,-5.431364,0.0043580453,0.95869946
real,00017939_000.png,17939,,cardiomegaly_1,9.369041,0.99991465,0.9977993
real,00017945_000.png,17945,,cardiomegaly_1,1.6120758,0.83369935,0.63747394
real,00017953_000.png,17953,,cardiomegaly_1,8.846176,0.9998561,0.9960339
real,00017963_005.png,17963,,cardiomegaly_1,-3.757885,0.022801021,0.6016418
real,00017963_006.png,17963,,cardiomegaly_1,-6.112749,0.0022095619,0.9523081
real,00018011_003.png,18011,,cardiomegaly_1,-3.6181889,0.026130125,0.6396046
real,00018011_005.png,18011,,cardiomegaly_1,-5.8208733,0.0029562495,0.9442148
real,00018011_006.png,18011,,cardiomegaly_1,-5.9947586,0.002485585,0.949802
real,00018011_008.png,18011,,cardiomegaly_1,-3.9625092,0.018660506,0.70810026
real,00018065_005.png,18065,,cardiomegaly_1,-6.0629807,0.0023220489,0.9461547
real,00018065_006.png,18065,,cardiomegaly_1,-6.2868195,0.0018572127,0.951368
real,00018065_007.png,18065,,cardiomegaly_1,-6.5230026,0.0014670953,0.95468783
real,00018090_000.png,18090,,cardiomegaly_1,-4.0404186,0.017286044,0.7782899
real,00018102_001.png,18102,,cardiomegaly_1,-3.7826233,0.022256283,0.7130319
real,00018102_002.png,18102,,cardiomegaly_1,-4.2107716,0.01461806,0.8527274
real,00018102_004.png,18102,,cardiomegaly_1,-4.2449436,0.01413391,0.83626175
real,00018148_001.png,18148,,cardiomegaly_1,-4.9865303,0.006782996,0.8830886
real,00018284_003.png,18284,,cardiomegaly_1,-3.802494,0.021827957,0.72639537
real,00018284_004.png,18284,,cardiomegaly_1,-4.2270374,0.014385601,0.76685476
real,00018374_000.png,18374,,cardiomegaly_1,-5.502308,0.004060793,0.9168916
real,00018463_000.png,18463,,cardiomegaly_1,-2.9346638,0.05046637,0.6173697
real,00018488_005.png,18488,,cardiomegaly_1,-5.398655,0.0045022974,0.9371436
real,00018521_005.png,18521,,cardiomegaly_1,-5.5199413,0.0039900984,0.90637803
real,00018521_007.png,18521,,cardiomegaly_1,-5.8441257,0.0028884984,0.9560553
real,00018521_008.png,18521,,cardiomegaly_1,-5.650957,0.0035018458,0.9152279
real,00018521_009.png,18521,,cardiomegaly_1,-5.5280476,0.003958012,0.92462873
real,00018521_010.png,18521,,cardiomegaly_1,-5.5527306,0.0038618848,0.9110045
real,00018521_011.png,18521,,cardiomegaly_1,-5.0662804,0.0062663173,0.9139579
real,00018521_014.png,18521,,cardiomegaly_1,-5.768984,0.003113207,0.95918435
real,00018521_015.png,18521,,cardiomegaly_1,-5.610491,0.0036459316,0.9603836
real,00018524_002.png,18524,,cardiomegaly_1,-4.153597,0.015464896,0.62005347
real,00018524_003.png,18524,,cardiomegaly_1,-4.803303,0.008135875,0.78262836
real,00018524_005.png,18524,,cardiomegaly_1,-4.635523,0.009607827,0.75178266
real,00018531_000.png,18531,,cardiomegaly_1,-6.3125114,0.0018101905,0.9389143
real,00018592_002.png,18592,,cardiomegaly_1,-6.068754,0.0023087119,0.9491268
real,00018592_007.png,18592,,cardiomegaly_1,-6.586746,0.0013766204,0.9669492
real,00018626_010.png,18626,,cardiomegaly_1,-4.29784,0.013415474,0.75243723
real,00018626_012.png,18626,,cardiomegaly_1,-5.3997726,0.004497291,0.9331346
real,00018626_013.png,18626,,cardiomegaly_1,-5.1569653,0.005726173,0.8952956
real,00018626_014.png,18626,,cardiomegaly_1,-5.3368073,0.0047881706,0.9260692
real,00018626_017.png,18626,,cardiomegaly_1,-5.821886,0.0029532656,0.96070933
real,00018672_000.png,18672,,cardiomegaly_1,3.7897625,0.9778985,0.84588826
real,00018678_000.png,18678,,cardiomegaly_1,-5.390953,0.00453695,0.9292773
real,00018964_004.png,18964,,cardiomegaly_1,-5.495682,0.0040876796,0.8920195
real,00018964_005.png,18964,,cardiomegaly_1,-5.442114,0.0043116487,0.9185729
real,00018964_006.png,18964,,cardiomegaly_1,-5.4465694,0.004292563,0.9286974
real,00019125_000.png,19125,,cardiomegaly_1,-4.3031673,0.013345148,0.8104695
real,00019154_000.png,19154,,cardiomegaly_1,-5.49098,0.0041068643,0.9362806
real,00019154_001.png,19154,,cardiomegaly_1,-3.9968262,0.018042354,0.69796896
real,00019201_002.png,19201,,cardiomegaly_1,-5.505953,0.0040460783,0.88311225
real,00019231_001.png,19231,,cardiomegaly_1,-3.3355045,0.03437306,0.46368438
real,00019395_006.png,19395,,cardiomegaly_1,-3.5986366,0.026632315,0.71015793
real,00019395_012.png,19395,,cardiomegaly_1,-5.023203,0.006540349,0.8957632
real,00019395_014.png,19395,,cardiomegaly_1,-5.883482,0.0027773357,0.93403476
real,00019395_015.png,19395,,cardiomegaly_1,-5.9477634,0.0026048722,0.93741286
real,00019395_016.png,19395,,cardiomegaly_1,-5.2742577,0.0050956584,0.9008268
real,00019395_017.png,19395,,cardiomegaly_1,-5.201065,0.0054804906,0.90168196
real,00019395_018.png,19395,,cardiomegaly_1,-3.4269657,0.031463265,0.611736
real,00019395_020.png,19395,,cardiomegaly_1,0.874218,0.7056226,0.4858099
real,00019395_021.png,19395,,cardiomegaly_1,-4.7561893,0.008525011,0.79217345
real,00019395_022.png,19395,,cardiomegaly_1,-5.2682934,0.005125985,0.92915714
real,00019395_023.png,19395,,cardiomegaly_1,-1.3743935,0.20191094,0.5254773
real,00019395_026.png,19395,,cardiomegaly_1,1.7065029,0.8463822,0.51599264
real,00019406_007.png,19406,,cardiomegaly_1,-6.2634907,0.0019009653,0.9612049
real,00019409_000.png,19409,,cardiomegaly_1,-5.844633,0.0028870376,0.92100275
real,00019437_000.png,19437,,cardiomegaly_1,-2.9215755,0.051097255,0.51131445
real,00019486_001.png,19486,,cardiomegaly_1,8.203754,0.9997265,0.9880974
real,00019486_000.png,19486,,cardiomegaly_1,-0.60406685,0.35341382,0.4709587
real,00019592_006.png,19592,,cardiomegaly_1,-4.8160095,0.008033974,0.798378
real,00019592_007.png,19592,,cardiomegaly_1,-4.985178,0.0067921127,0.8382492
real,00019592_008.png,19592,,cardiomegaly_1,-4.0287113,0.017486047,0.7605683
real,00019637_004.png,19637,,cardiomegaly_1,-5.983835,0.002512816,0.92894876
real,00019637_008.png,19637,,cardiomegaly_1,5.104698,0.99396837,0.94496334
real,00019637_003.png,19637,,cardiomegaly_1,-5.7878647,0.0030551564,0.9263243
real,00019761_000.png,19761,,cardiomegaly_1,-4.9957085,0.0067214416,0.88464785
real,00019863_006.png,19863,,cardiomegaly_1,-5.935234,0.0026376282,0.9278963
real,00019863_008.png,19863,,cardiomegaly_1,-4.9223804,0.0072291354,0.8112728
real,00019917_000.png,19917,,cardiomegaly_1,-5.322069,0.004858916,0.9325959
real,00019919_016.png,19919,,cardiomegaly_1,-5.6460876,0.0035188796,0.9037459
real,00019919_017.png,19919,,cardiomegaly_1,-4.5270348,0.010697027,0.8031095
real,00019919_018.png,19919,,cardiomegaly_1,-5.693657,0.0033559562,0.91348517
real,00019919_020.png,19919,,cardiomegaly_1,-5.096857,0.006078761,0.82006687
real,00019919_021.png,19919,,cardiomegaly_1,-4.291937,0.013493832,0.75904787
real,00019919_003.png,19919,,cardiomegaly_1,-6.11191,0.0022114126,0.9674746
real,00019927_005.png,19927,,cardiomegaly_1,-5.8643284,0.0028308926,0.945183
real,00019927_007.png,19927,,cardiomegaly_1,-5.755623,0.0031549495,0.95282036
real,00019927_008.png,19927,,cardiomegaly_1,-5.6176186,0.0036201302,0.93005943
real,00019927_009.png,19927,,cardiomegaly_1,-6.01252,0.0024419343,0.9578092
real,00019927_010.png,19927,,cardiomegaly_1,-6.0121574,0.0024428172,0.95811176
real,00019964_000.png,19964,,cardiomegaly_1,-5.9191837,0.0026801901,0.91316825
real,00020234_000.png,20234,,cardiomegaly_1,-6.1011066,0.0022353788,0.94118285
real,00020286_004.png,20286,,cardiomegaly_1,-3.6570091,0.025160218,0.57722265
real,00020286_003.png,20286,,cardiomegaly_1,-3.597046,0.02667358,0.643416
real,00020286_002.png,20286,,cardiomegaly_1,-3.2104263,0.038775243,0.55489755
real,00020286_008.png,20286,,cardiomegaly_1,-4.146475,0.015573709,0.6002163
real,00020286_009.png,20286,,cardiomegaly_1,-3.2150726,0.038602434,0.5081942
real,00020286_012.png,20286,,cardiomegaly_1,-3.1686172,0.04036394,0.443962
real,00020286_011.png,20286,,cardiomegaly_1,-3.5140076,0.028916288,0.60472983
real,00020286_014.png,20286,,cardiomegaly_1,-4.062214,0.01691967,0.6677175
real,00020286_015.png,20286,,cardiomegaly_1,-3.6370773,0.02565374,0.560374
real,00020286_028.png,20286,,cardiomegaly_1,-3.3066864,0.03534252,0.5358584
real,00020286_023.png,20286,,cardiomegaly_1,-3.9861126,0.018233148,0.59522545
real,00020286_026.png,20286,,cardiomegaly_1,-4.117737,0.016020486,0.6308364
real,00020312_018.png,20312,,cardiomegaly_1,-5.703169,0.0033242914,0.9050312
real,00020318_035.png,20318,,cardiomegaly_1,-6.061699,0.0023250198,0.94464123
real,00020318_002.png,20318,,cardiomegaly_1,-2.8136997,0.056588344,0.549758
real,00020318_003.png,20318,,cardiomegaly_1,-3.974409,0.018443836,0.77333266
real,00020318_004.png,20318,,cardiomegaly_1,-5.071888,0.006231495,0.85603863
real,00020318_006.png,20318,,cardiomegaly_1,-4.913683,0.007291824,0.8473151
real,00020318_008.png,20318,,cardiomegaly_1,-4.99481,0.0067274417,0.80930257
real,00020318_010.png,20318,,cardiomegaly_1,-4.6385136,0.009579412,0.79879403
real,00020318_011.png,20318,,cardiomegaly_1,-5.1469326,0.0057835765,0.8792859
real,00020318_012.png,20318,,cardiomegaly_1,-4.338974,0.012881803,0.77574056
real,00020318_014.png,20318,,cardiomegaly_1,-4.7192154,0.008843275,0.8290728
real,00020318_015.png,20318,,cardiomegaly_1,-4.6915245,0.009089318,0.84115595
real,00020318_017.png,20318,,cardiomegaly_1,-5.1434174,0.0058038253,0.88168186
real,00020318_018.png,20318,,cardiomegaly_1,-4.7248344,0.008794159,0.8252895
real,00020318_019.png,20318,,cardiomegaly_1,-4.981304,0.006818295,0.87629706
real,00020318_020.png,20318,,cardiomegaly_1,-5.207987,0.005442892,0.90406895
real,00020318_021.png,20318,,cardiomegaly_1,-5.3052006,0.004941166,0.9099134
real,00020318_022.png,20318,,cardiomegaly_1,-5.3568134,0.0046937745,0.9125006
real,00020318_023.png,20318,,cardiomegaly_1,-4.95537,0.006996182,0.8960175
real,00020382_000.png,20382,,cardiomegaly_1,-5.362194,0.0046687042,0.92443585
real,00020393_003.png,20393,,cardiomegaly_1,-5.77153,0.0031053142,0.9369738
real,00020393_004.png,20393,,cardiomegaly_1,-6.5763245,0.0013910221,0.9756651
real,00020399_000.png,20399,,cardiomegaly_1,-4.6357803,0.009605378,0.8740981
real,00020428_000.png,20428,,cardiomegaly_1,5.16555,0.99432254,0.92665285
real,00020485_000.png,20485,,cardiomegaly_1,-7.047743,0.0008686139,0.98881155
real,00020629_006.png,20629,,cardiomegaly_1,-5.1186047,0.005948768,0.90576416
real,00020629_007.png,20629,,cardiomegaly_1,-6.0316734,0.0023957186,0.93807673
real,00020629_008.png,20629,,cardiomegaly_1,-5.5205593,0.003987643,0.89867246
real,00020629_011.png,20629,,cardiomegaly_1,7.0876274,0.9991653,0.99081177
real,00020629_012.png,20629,,cardiomegaly_1,7.3001328,0.99932504,0.9905162
real,00020629_014.png,20629,,cardiomegaly_1,-4.542963,0.010529772,0.80663687
real,00020629_016.png,20629,,cardiomegaly_1,-6.512848,0.001482047,0.9696561
real,00020642_002.png,20642,,cardiomegaly_1,-5.0982857,0.0060701356,0.8833368
real,00020642_003.png,20642,,cardiomegaly_1,-5.3844604,0.0045663677,0.9295835
real,00020671_000.png,20671,,cardiomegaly_1,-4.4355965,0.011709265,0.85778904
real,00020671_003.png,20671,,cardiomegaly_1,-4.8741684,0.0075834976,0.87673897
real,00020671_004.png,20671,,cardiomegaly_1,-3.725937,0.023523819,0.6310852
real,00020671_005.png,20671,,cardiomegaly_1,-5.0358505,0.0064586806,0.89862716
real,00020671_006.png,20671,,cardiomegaly_1,-5.1734886,0.005632863,0.8690864
real,00020671_008.png,20671,,cardiomegaly_1,-5.0283966,0.006506689,0.87957007
real,00020671_009.png,20671,,cardiomegaly_1,-5.444458,0.004301597,0.930682
real,00020671_010.png,20671,,cardiomegaly_1,-5.2507915,0.005216017,0.93502444
real,00020671_015.png,20671,,cardiomegaly_1,-4.632696,0.009634762,0.8851189
real,00020671_016.png,20671,,cardiomegaly_1,-5.237776,0.0052839895,0.9198565
real,00020671_017.png,20671,,cardiomegaly_1,-5.3861275,0.004558796,0.93060654
real,00020671_018.png,20671,,cardiomegaly_1,-5.3228664,0.0048550623,0.9239557
real,00020683_000.png,20683,,cardiomegaly_1,-5.1423645,0.005809903,0.8574492
real,00020683_001.png,20683,,cardiomegaly_1,-4.874695,0.0075795366,0.8371613
real,00020758_001.png,20758,,cardiomegaly_1,5.983528,0.99748635,0.97110105
real,00020810_004.png,20810,,cardiomegaly_1,-5.2279167,0.0053360634,0.88969374
real,00020811_013.png,20811,,cardiomegaly_1,-4.8479977,0.007783018,0.845275
real,00020811_014.png,20811,,cardiomegaly_1,-5.3006,0.004963837,0.88572675
real,00020811_004.png,20811,,cardiomegaly_1,-5.4711,0.0041889814,0.9385344
real,00020811_008.png,20811,,cardiomegaly_1,-4.3838654,0.012323279,0.7483016
real,00020819_002.png,20819,,cardiomegaly_1,7.0499096,0.9991333,0.99193895
real,00020819_006.png,20819,,cardiomegaly_1,-5.227463,0.0053384732,0.912494
real,00020819_010.png,20819,,cardiomegaly_1,5.4996567,0.99592847,0.9518573
real,00020819_012.png,20819,,cardiomegaly_1,3.831421,0.97878116,0.8382546
real,00020819_013.png,20819,,cardiomegaly_1,-0.25567627,0.43642688,0.29657748
real,00020819_014.png,20819,,cardiomegaly_1,-0.03270912,0.49182346,0.36510676
real,00020819_015.png,20819,,cardiomegaly_1,-1.7432613,0.14889915,0.32015708
real,00020819_016.png,20819,,cardiomegaly_1,-1.6767483,0.15752654,0.35474783
real,00020869_007.png,20869,,cardiomegaly_1,-5.4858227,0.0041280123,0.88576764
real,00020880_002.png,20880,,cardiomegaly_1,-5.3562107,0.004696591,0.8803929
real,00020880_004.png,20880,,cardiomegaly_1,-6.0228004,0.0024170189,0.9392987
real,00020928_001.png,20928,,cardiomegaly_1,-4.1201706,0.015982166,0.79836524
real,00020934_000.png,20934,,cardiomegaly_1,-2.3091183,0.090370595,0.570896
real,00021023_005.png,21023,,cardiomegaly_1,-4.497978,0.011008933,0.72657484
real,00021023_007.png,21023,,cardiomegaly_1,-4.9300613,0.0071742185,0.84365606
real,00021023_020.png,21023,,cardiomegaly_1,-5.546709,0.0038851188,0.89999425
real,00021107_001.png,21107,,cardiomegaly_1,8.8698635,0.99985945,0.99489355
real,00021107_002.png,21107,,cardiomegaly_1,8.60915,0.99981767,0.9902862
real,00021200_003.png,21200,,cardiomegaly_1,9.162081,0.9998951,0.9975599
real,00021245_002.png,21245,,cardiomegaly_1,-4.591717,0.010033747,0.8087177
real,00021245_003.png,21245,,cardiomegaly_1,-4.1622524,0.01533366,0.71510446
real,00021260_005.png,21260,,cardiomegaly_1,-5.77771,0.0030862424,0.9392325
real,00021362_003.png,21362,,cardiomegaly_1,-3.501524,0.0292689,0.64007396
real,00021362_004.png,21362,,cardiomegaly_1,6.061783,0.99767524,0.97179526
real,00021362_005.png,21362,,cardiomegaly_1,2.3807487,0.9153475,0.6474815
real,00021398_000.png,21398,,cardiomegaly_1,-4.5173626,0.01079987,0.84446067
real,00021398_001.png,21398,,cardiomegaly_1,-4.5361443,0.010601054,0.7748454
real,00021409_003.png,21409,,cardiomegaly_1,-4.319603,0.013130464,0.8591781
real,00021409_004.png,21409,,cardiomegaly_1,-3.396925,0.032391705,0.7328002
real,00021409_005.png,21409,,cardiomegaly_1,2.57436,0.929193,0.75119543
real,00021409_009.png,21409,,cardiomegaly_1,-4.6983852,0.009027733,0.8917177
real,00021455_000.png,21455,,cardiomegaly_1,-5.979166,0.0025245466,0.97332245
real,00021455_001.png,21455,,cardiomegaly_1,-6.1886177,0.0020484573,0.95924556
real,00021455_005.png,21455,,cardiomegaly_1,-4.8387794,0.007854529,0.91445315
real,00021455_006.png,21455,,cardiomegaly_1,-5.011244,0.006618515,0.9214551
real,00021455_007.png,21455,,cardiomegaly_1,-4.8096046,0.008085178,0.9133142
real,00021455_009.png,21455,,cardiomegaly_1,-5.588011,0.0037285113,0.9478886
real,00021495_002.png,21495,,cardiomegaly_1,-5.3148937,0.0048937346,0.948072
real,00021495_006.png,21495,,cardiomegaly_1,-5.2932816,0.0050001154,0.902359
real,00021495_007.png,21495,,cardiomegaly_1,-5.211149,0.0054258006,0.90802085
real,00021495_008.png,21495,,cardiomegaly_1,-5.0205784,0.006557424,0.9018787
real,00021648_009.png,21648,,cardiomegaly_1,-5.8897457,0.0027600413,0.9344695
real,00021649_001.png,21649,,cardiomegaly_1,-5.851639,0.0028669406,0.9197028
real,00021684_000.png,21684,,cardiomegaly_1,-6.1060467,0.0022243878,0.9575167
real,00021707_003.png,21707,,cardiomegaly_1,-6.281534,0.0018670363,0.95821863
real,00021707_004.png,21707,,cardiomegaly_1,-5.883152,0.0027782498,0.9255567
real,00021803_000.png,21803,,cardiomegaly_1,-5.8181496,0.0029642885,0.9464725
real,00021803_001.png,21803,,cardiomegaly_1,-5.7797356,0.0030800162,0.9514576
real,00021845_000.png,21845,,cardiomegaly_1,-0.025043488,0.4937395,0.40521383
real,00021845_003.png,21845,,cardiomegaly_1,-6.5668945,0.001404183,0.9714096
real,00021972_025.png,21972,,cardiomegaly_1,-4.565811,0.010294362,0.77694243
real,00021972_027.png,21972,,cardiomegaly_1,-4.840538,0.0078408355,0.83501536
real,00021972_028.png,21972,,cardiomegaly_1,-4.9569016,0.0069855493,0.86872137
real,00021972_029.png,21972,,cardiomegaly_1,-5.064659,0.0062764212,0.8625802
real,00021972_030.png,21972,,cardiomegaly_1,-4.920763,0.007240753,0.8699887
real,00021972_032.png,21972,,cardiomegaly_1,-5.190365,0.0055391216,0.82582724
real,00021972_001.png,21972,,cardiomegaly_1,-4.7597694,0.008494805,0.81894207
real,00021972_003.png,21972,,cardiomegaly_1,-5.196169,0.0055072415,0.8885434
real,00021972_005.png,21972,,cardiomegaly_1,-4.5296707,0.010669168,0.78804135
real,00021972_007.png,21972,,cardiomegaly_1,-4.9916153,0.006748824,0.8550896
real,00021972_009.png,21972,,cardiomegaly_1,-0.4127617,0.3982501,0.37946805
real,00021972_010.png,21972,,cardiomegaly_1,0.9544964,0.72201854,0.53517455
real,00021976_004.png,21976,,cardiomegaly_1,-4.5686493,0.010265487,0.76222926
real,00021976_005.png,21976,,cardiomegaly_1,-5.4666443,0.0042076088,0.83819354
real,00021976_006.png,21976,,cardiomegaly_1,-5.062479,0.006290033,0.7499907
real,00021976_007.png,21976,,cardiomegaly_1,-5.449686,0.004279263,0.84388113
real,00021976_008.png,21976,,cardiomegaly_1,-5.519552,0.003991645,0.85596657
real,00021976_009.png,21976,,cardiomegaly_1,-5.225317,0.005349879,0.8099505
real,00021976_010.png,21976,,cardiomegaly_1,-5.698902,0.0033384582,0.8810374
real,00021976_011.png,21976,,cardiomegaly_1,-5.270279,0.0051158695,0.8134524
real,00021976_013.png,21976,,cardiomegaly_1,-5.6262054,0.0035892888,0.87178004
real,00021976_012.png,21976,,cardiomegaly_1,-5.5144672,0.0040119123,0.8624315
real,00022147_005.png,22147,,cardiomegaly_1,7.048504,0.9991321,0.97699827
real,00022147_000.png,22147,,cardiomegaly_1,-0.6225662,0.349198,0.3167911
real,00022155_003.png,22155,,cardiomegaly_1,-4.408247,0.012030022,0.7034458
real,00022155_004.png,22155,,cardiomegaly_1,-4.3127785,0.013219189,0.7005283
real,00022155_005.png,22155,,cardiomegaly_1,-3.4255066,0.03150776,0.5202401
real,00022155_008.png,22155,,cardiomegaly_1,-4.610321,0.009850624,0.754136
real,00022155_010.png,22155,,cardiomegaly_1,-4.3743,0.012440247,0.68774796
real,00022155_011.png,22155,,cardiomegaly_1,-4.7857475,0.00827877,0.7681443
real,00022155_013.png,22155,,cardiomegaly_1,-2.431158,0.080827385,0.38207042
real,00022155_021.png,22155,,cardiomegaly_1,-2.8329964,0.055566937,0.4965965
real,00022175_001.png,22175,,cardiomegaly_1,-0.50486755,0.3763975,0.32268396
real,00022341_005.png,22341,,cardiomegaly_1,-3.2562428,0.03710321,0.6677832
real,00022574_000.png,22574,,cardiomegaly_1,-5.9718933,0.002542927,0.94936335
real,00022651_001.png,22651,,cardiomegaly_1,-1.8369408,0.1374135,0.7250695
real,00022651_003.png,22651,,cardiomegaly_1,-1.7638836,0.1463046,0.5979005
real,00022651_004.png,22651,,cardiomegaly_1,-4.92169,0.0072340923,0.9187501
real,00022651_005.png,22651,,cardiomegaly_1,-3.2554073,0.037133068,0.75434786
real,00022651_006.png,22651,,cardiomegaly_1,-5.7014885,0.0033298638,0.9549998
real,00022651_007.png,22651,,cardiomegaly_1,-5.314825,0.004894069,0.9317522
real,00022651_008.png,22651,,cardiomegaly_1,-5.359564,0.0046809427,0.9382442
real,00022651_009.png,22651,,cardiomegaly_1,-5.575039,0.003777008,0.93870455
real,00022651_010.png,22651,,cardiomegaly_1,-5.571499,0.0037903518,0.9572604
real,00022651_013.png,22651,,cardiomegaly_1,-3.3422947,0.034148395,0.5688652
real,00022651_015.png,22651,,cardiomegaly_1,-4.34544,0.012799844,0.8074023
real,00022651_016.png,22651,,cardiomegaly_1,-5.135517,0.005849589,0.8900673
real,00022651_017.png,22651,,cardiomegaly_1,-5.391777,0.00453323,0.9184876
real,00022651_018.png,22651,,cardiomegaly_1,-5.117716,0.005954026,0.90010405
real,00022651_019.png,22651,,cardiomegaly_1,-4.931879,0.007161283,0.82881445
real,00022651_023.png,22651,,cardiomegaly_1,-2.7588139,0.059590805,0.5727571
real,00022677_002.png,22677,,cardiomegaly_1,8.604486,0.99981683,0.9955185
real,00022716_000.png,22716,,cardiomegaly_1,-5.832344,0.002922631,0.9397615
real,00022789_000.png,22789,,cardiomegaly_1,-5.857992,0.0028488352,0.9363238
real,00022789_001.png,22789,,cardiomegaly_1,-6.1702576,0.0020863356,0.94159806
real,00022818_000.png,22818,,cardiomegaly_1,-6.1263065,0.0021798727,0.95766985
real,00022883_002.png,22883,,cardiomegaly_1,-2.8938274,0.05245954,0.44256225
real,00022883_011.png,22883,,cardiomegaly_1,-5.226536,0.005343398,0.84404254
real,00022883_012.png,22883,,cardiomegaly_1,-4.7798157,0.008327615,0.8131886
real,00023073_008.png,23073,,cardiomegaly_1,-5.878645,0.002790765,0.9708758
real,00023093_007.png,23093,,cardiomegaly_1,6.9702797,0.9990615,0.9884364
real,00023093_009.png,23093,,cardiomegaly_1,9.03809,0.99988115,0.9964394
real,00023093_011.png,23093,,cardiomegaly_1,7.451275,0.9994197,0.98504263
real,00023093_012.png,23093,,cardiomegaly_1,9.332911,0.99991155,0.9967893
real,00023093_017.png,23093,,cardiomegaly_1,8.803942,0.9998499,0.9949126
real,00023097_000.png,23097,,cardiomegaly_1,-5.32975,0.0048219175,0.9504074
real,00023097_001.png,23097,,cardiomegaly_1,-5.387686,0.00455173,0.93638194
real,00023097_002.png,23097,,cardiomegaly_1,-5.4815826,0.0041454798,0.9417067
real,00023097_007.png,23097,,cardiomegaly_1,-5.6097946,0.003648461,0.95548683
real,00023156_002.png,23156,,cardiomegaly_1,-4.1767464,0.015116353,0.8484354
real,00023156_004.png,23156,,cardiomegaly_1,-2.3386726,0.08797035,0.55037564
real,00023156_005.png,23156,,cardiomegaly_1,-4.8023376,0.008143667,0.9003465
real,00023156_010.png,23156,,cardiomegaly_1,-4.697281,0.009037618,0.8251443
real,00023156_013.png,23156,,cardiomegaly_1,-5.2902336,0.0050153024,0.9311329
real,00023156_014.png,23156,,cardiomegaly_1,-5.0447655,0.0064017256,0.89580095
real,00023156_020.png,23156,,cardiomegaly_1,-5.3911743,0.0045359507,0.9178378
real,00023156_021.png,23156,,cardiomegaly_1,-5.2193356,0.0053818026,0.91385186
real,00023156_022.png,23156,,cardiomegaly_1,-5.5875263,0.003730311,0.94325995
real,00023176_017.png,23176,,cardiomegaly_1,4.0156765,0.9822886,0.8511065
real,00023196_003.png,23196,,cardiomegaly_1,8.062334,0.99968493,0.99193627
real,00023319_000.png,23319,,cardiomegaly_1,-6.5058975,0.0014923682,0.96846753
real,00023325_013.png,23325,,cardiomegaly_1,6.228266,0.99803096,0.9824214
real,00023325_014.png,23325,,cardiomegaly_1,8.71846,0.99983644,0.9966388
real,00024073_000.png,24073,,cardiomegaly_1,-5.194046,0.0055188807,0.8733045
real,00024116_001.png,24116,,cardiomegaly_1,-4.6902657,0.0091006635,0.7796873
real,00024264_000.png,24264,,cardiomegaly_1,-4.4154587,0.011944609,0.86927503
real,00024692_001.png,24692,,cardiomegaly_1,4.2715244,0.98623174,0.8795129
real,00024749_000.png,24749,,cardiomegaly_1,-6.0788383,0.0022856004,0.94595045
real,00025252_000.png,25252,,cardiomegaly_1,-4.37463,0.012436194,0.82300484
real,00025252_001.png,25252,,cardiomegaly_1,-4.867111,0.0076367944,0.8905905
real,00025261_000.png,25261,,cardiomegaly_1,-5.7801247,0.0030788218,0.93894863
real,00025261_001.png,25261,,cardiomegaly_1,-5.073122,0.0062238583,0.87800646
real,00025261_002.png,25261,,cardiomegaly_1,-4.8667355,0.0076396433,0.8447128
real,00025261_004.png,25261,,cardiomegaly_1,-4.415163,0.011948098,0.79004025
real,00025290_032.png,25290,,cardiomegaly_1,7.7684956,0.99957734,0.9877264
real,00025416_001.png,25416,,cardiomegaly_1,-2.221861,0.09780448,0.42740613
real,00025517_000.png,25517,,cardiomegaly_1,-5.370575,0.0046299202,0.8174694
real,00025527_009.png,25527,,cardiomegaly_1,-5.725191,0.0032521186,0.9301303
real,00025635_000.png,25635,,cardiomegaly_1,-4.886635,0.007490249,0.9016446
real,00025635_001.png,25635,,cardiomegaly_1,1.1664429,0.7625015,0.42621133
real,00025635_008.png,25635,,cardiomegaly_1,0.5532379,0.6348865,0.47703636
real,00025688_001.png,25688,,cardiomegaly_1,-6.055107,0.0023403608,0.945766
real,00025688_002.png,25688,,cardiomegaly_1,-6.5316486,0.0014544838,0.9662235
real,00025696_000.png,25696,,cardiomegaly_1,7.9948673,0.9996629,0.99496424
real,00025696_001.png,25696,,cardiomegaly_1,4.318962,0.9868613,0.9381479
real,00025707_008.png,25707,,cardiomegaly_1,-4.0823746,0.016587576,0.66523886
real,00025707_010.png,25707,,cardiomegaly_1,-4.992279,0.006744376,0.80053675
real,00025707_013.png,25707,,cardiomegaly_1,-4.2592297,0.0139362225,0.6960166
real,00025784_000.png,25784,,cardiomegaly_1,2.2268848,0.90263796,0.6402364
real,00025784_001.png,25784,,cardiomegaly_1,-3.2426376,0.037592344,0.6119671
real,00025832_007.png,25832,,cardiomegaly_1,-5.758766,0.0031450791,0.9067155
real,00025924_003.png,25924,,cardiomegaly_1,-6.1159573,0.0022025,0.951117
real,00025924_006.png,25924,,cardiomegaly_1,-6.2628193,0.0019022397,0.9700986
real,00025924_016.png,25924,,cardiomegaly_1,-6.164957,0.0020974004,0.96169084
real,00025924_025.png,25924,,cardiomegaly_1,-5.6042233,0.00366877,0.929842
real,00025924_026.png,25924,,cardiomegaly_1,-5.84692,0.0028804617,0.94527954
real,00025924_027.png,25924,,cardiomegaly_1,-5.987892,0.0025026677,0.94856846
real,00026657_000.png,26657,,cardiomegaly_1,-4.7295685,0.008752989,0.8155454
real,00026715_002.png,26715,,cardiomegaly_1,7.7579937,0.9995728,0.9948934
real,00026715_003.png,26715,,cardiomegaly_1,7.383747,0.99937904,0.99355364
real,00026715_004.png,26715,,cardiomegaly_1,8.124008,0.9997037,0.99663335
real,00026738_005.png,26738,,cardiomegaly_1,-5.9566746,0.0025818225,0.9558671
real,00026751_000.png,26751,,cardiomegaly_1,-5.5615177,0.003828228,0.85822487
real,00026815_000.png,26815,,cardiomegaly_1,-6.1329765,0.0021654128,0.936674
real,00026815_002.png,26815,,cardiomegaly_1,-6.4334354,0.0016043428,0.96732306
real,00026889_000.png,26889,,cardiomegaly_1,-0.3729725,0.40782294,0.46674508
real,00026889_001.png,26889,,cardiomegaly_1,-2.8091316,0.05683271,0.55465
real,00026889_002.png,26889,,cardiomegaly_1,-4.118328,0.016011167,0.8063931
real,00026911_006.png,26911,,cardiomegaly_1,-4.843811,0.007815416,0.8622424
real,00026912_000.png,26912,,cardiomegaly_1,-6.502695,0.0014971478,0.9630907
real,00026913_000.png,26913,,cardiomegaly_1,-6.134449,0.0021622335,0.94750494
real,00026967_002.png,26967,,cardiomegaly_1,-4.426384,0.0118163545,0.7558734
real,00026999_000.png,26999,,cardiomegaly_1,-5.8339043,0.002918088,0.9386294
real,00027011_000.png,27011,,cardiomegaly_1,-5.6838436,0.003388939,0.9343383
real,00027061_001.png,27061,,cardiomegaly_1,9.439362,0.9999205,0.99713457
real,00027092_004.png,27092,,cardiomegaly_1,-3.9558697,0.01878248,0.64906865
real,00027092_005.png,27092,,cardiomegaly_1,-5.036173,0.0064566126,0.85702866
real,00027092_006.png,27092,,cardiomegaly_1,-5.892458,0.0027525865,0.9288877
real,00027142_008.png,27142,,cardiomegaly_1,-5.5390263,0.003914965,0.86714464
real,00027142_009.png,27142,,cardiomegaly_1,-5.6917496,0.0033623418,0.8999107
real,00027306_000.png,27306,,cardiomegaly_1,-6.1984425,0.0020284709,0.9558824
real,00027389_002.png,27389,,cardiomegaly_1,7.5500355,0.9994742,0.98896325
real,00027389_003.png,27389,,cardiomegaly_1,8.535744,0.9998037,0.9951963
real,00027420_002.png,27420,,cardiomegaly_1,-6.017523,0.0024297775,0.9630305
real,00027420_003.png,27420,,cardiomegaly_1,-6.3320885,0.0017751592,0.9468478
real,00027422_003.png,27422,,cardiomegaly_1,-4.7332134,0.008721421,0.8114659
real,00027441_025.png,27441,,cardiomegaly_1,-4.294134,0.013464614,0.7050507
real,00027474_005.png,27474,,cardiomegaly_1,-4.3072777,0.013291136,0.69725776
real,00027474_007.png,27474,,cardiomegaly_1,-4.555628,0.010398634,0.81584585
real,00027474_008.png,27474,,cardiomegaly_1,-5.015114,0.0065931184,0.85642457
real,00027474_009.png,27474,,cardiomegaly_1,-5.5144825,0.0040118517,0.8971116
real,00027485_001.png,27485,,cardiomegaly_1,-4.773548,0.008379534,0.8703441
real,00027514_008.png,27514,,cardiomegaly_1,-5.9512177,0.0025959131,0.9497768
real,00027618_006.png,27618,,cardiomegaly_1,0.5708103,0.63895017,0.4907137
real,00027618_008.png,27618,,cardiomegaly_1,-3.6557217,0.025191814,0.5383169
real,00027618_009.png,27618,,cardiomegaly_1,-2.9058228,0.051866475,0.4225822
real,00027815_001.png,27815,,cardiomegaly_1,5.442774,0.99569124,0.9130281
real,00027907_001.png,27907,,cardiomegaly_1,8.617935,0.9998192,0.9934216
real,00028013_004.png,28013,,cardiomegaly_1,-5.7388973,0.003207991,0.9274353
real,00028013_005.png,28013,,cardiomegaly_1,-4.2959957,0.013439908,0.7762613
real,00028013_006.png,28013,,cardiomegaly_1,-5.4634933,0.0042208317,0.9139767
real,00028013_010.png,28013,,cardiomegaly_1,-5.835991,0.0029120233,0.95119745
real,00028013_011.png,28013,,cardiomegaly_1,-5.5155334,0.0040076547,0.9317313
real,00028013_013.png,28013,,cardiomegaly_1,-5.8777027,0.0027933882,0.95879227
real,00028018_000.png,28018,,cardiomegaly_1,8.9010105,0.99986374,0.99430877
real,00028027_000.png,28027,,cardiomegaly_1,4.0597324,0.983039,0.8503895
real,00028027_003.png,28027,,cardiomegaly_1,-5.2815475,0.005058834,0.91810936
real,00028027_004.png,28027,,cardiomegaly_1,-4.4326534,0.011743371,0.86753714
real,00028036_000.png,28036,,cardiomegaly_1,-4.776123,0.008358166,0.8772501
real,00028105_000.png,28105,,cardiomegaly_1,-6.3494167,0.0017447169,0.9583758
real,00028148_005.png,28148,,cardiomegaly_1,-5.134197,0.0058572697,0.8435501
real,00028148_006.png,28148,,cardiomegaly_1,-6.294058,0.0018438428,0.9665975
real,00028148_008.png,28148,,cardiomegaly_1,-5.922695,0.0026708206,0.9204703
real,00028148_010.png,28148,,cardiomegaly_1,-4.0394154,0.017303094,0.77380407
real,00028148_013.png,28148,,cardiomegaly_1,-5.4858913,0.00412773,0.87534237
real,00028148_014.png,28148,,cardiomegaly_1,-5.2135468,0.0054128775,0.88284796
real,00028148_011.png,28148,,cardiomegaly_1,-5.3046627,0.004943811,0.86935693
real,00028148_012.png,28148,,cardiomegaly_1,-4.9580383,0.0069776685,0.8470648
real,00028148_017.png,28148,,cardiomegaly_1,-5.215029,0.0054049054,0.8915517
real,00028256_003.png,28256,,cardiomegaly_1,-5.73868,0.003208686,0.9223854
real,00028256_001.png,28256,,cardiomegaly_1,-4.9459267,0.0070620934,0.86387014
real,00028256_004.png,28256,,cardiomegaly_1,-6.373953,0.0017025012,0.9607587
real,00028256_005.png,28256,,cardiomegaly_1,-6.4150467,0.0016340689,0.9523307
real,00028274_000.png,28274,,cardiomegaly_1,-5.13422,0.005857136,0.9253897
real,00028392_001.png,28392,,cardiomegaly_1,-5.911743,0.0027001526,0.9623304
real,00028392_004.png,28392,,cardiomegaly_1,-5.83177,0.002924305,0.96218127
real,00028392_005.png,28392,,cardiomegaly_1,-5.9011345,0.0027288715,0.939313
real,00028412_000.png,28412,,cardiomegaly_1,-6.197178,0.0020310325,0.95284605
real,00028558_000.png,28558,,cardiomegaly_1,-5.9031124,0.002723494,0.924821
real,00028625_000.png,28625,,cardiomegaly_1,-4.16815,0.0152448695,0.64646876
real,00028628_006.png,28628,,cardiomegaly_1,-4.596285,0.009988473,0.8168591
real,00028628_007.png,28628,,cardiomegaly_1,-4.8815823,0.007527903,0.8394291
real,00028628_008.png,28628,,cardiomegaly_1,-4.836788,0.007870062,0.85745674
real,00028628_009.png,28628,,cardiomegaly_1,-4.874172,0.007583468,0.8606537
real,00028628_010.png,28628,,cardiomegaly_1,-4.960743,0.0069589526,0.8428886
real,00028628_016.png,28628,,cardiomegaly_1,-4.6489906,0.009480517,0.81502724
real,00028628_017.png,28628,,cardiomegaly_1,-4.210205,0.014626223,0.7249535
real,00028628_022.png,28628,,cardiomegaly_1,-4.529463,0.010671362,0.8310347
real,00028703_000.png,28703,,cardiomegaly_1,-5.8575993,0.0028499514,0.96401256
real,00028764_004.png,28764,,cardiomegaly_1,-6.7815914,0.0011331824,0.9820188
real,00028766_000.png,28766,,cardiomegaly_1,-4.842123,0.007828515,0.82977444
real,00028772_000.png,28772,,cardiomegaly_1,-5.5807056,0.003755746,0.91553694
real,00028811_000.png,28811,,cardiomegaly_1,-5.5902367,0.0037202523,0.9394411
real,00028811_001.png,28811,,cardiomegaly_1,-4.8455963,0.0078015835,0.896598
real,00028811_002.png,28811,,cardiomegaly_1,-5.5397854,0.0039120056,0.9556853
real,00028811_006.png,28811,,cardiomegaly_1,-5.44293,0.004308146,0.9553169
real,00028811_007.png,28811,,cardiomegaly_1,-5.705902,0.0033152478,0.9680223
real,00028882_005.png,28882,,cardiomegaly_1,-6.2523823,0.0019221589,0.9537674
real,00028897_002.png,28897,,cardiomegaly_1,-6.1217117,0.0021898898,0.96471965
real,00028897_003.png,28897,,cardiomegaly_1,-6.208454,0.0020083045,0.96044165
real,00028897_011.png,28897,,cardiomegaly_1,-4.9581585,0.006976836,0.85021555
real,00028897_012.png,28897,,cardiomegaly_1,-3.9528522,0.018838169,0.6418802
real,00028897_013.png,28897,,cardiomegaly_1,-4.9029217,0.0073701357,0.8289193
real,00028897_015.png,28897,,cardiomegaly_1,-5.208805,0.005438465,0.8795449
real,00028897_016.png,28897,,cardiomegaly_1,-4.4612427,0.01141617,0.8037113
real,00028897_018.png,28897,,cardiomegaly_1,-4.8620834,0.0076749916,0.8832427
real,00028897_019.png,28897,,cardiomegaly_1,-4.596369,0.009987644,0.8783761
real,00028934_001.png,28934,,cardiomegaly_1,-4.204607,0.014707123,0.76312804
real,00029021_000.png,29021,,cardiomegaly_1,-5.950598,0.0025975185,0.92868
real,00029022_000.png,29022,,cardiomegaly_1,-5.570904,0.0037925995,0.90863407
real,00029031_000.png,29031,,cardiomegaly_1,-6.8452663,0.0010633507,0.9773229
real,00029058_004.png,29058,,cardiomegaly_1,-6.110201,0.0022151868,0.9503786
real,00029105_001.png,29105,,cardiomegaly_1,6.7457314,0.9988255,0.9861323
real,00029105_002.png,29105,,cardiomegaly_1,7.6790295,0.9995378,0.9947737
real,00029105_007.png,29105,,cardiomegaly_1,-3.9941502,0.018089827,0.7936717
real,00029105_009.png,29105,,cardiomegaly_1,4.016056,0.98229516,0.9454621
real,00029105_010.png,29105,,cardiomegaly_1,-2.7450638,0.060366042,0.7095996
real,00029105_011.png,29105,,cardiomegaly_1,-2.7092018,0.062432557,0.65648705
real,00029105_014.png,29105,,cardiomegaly_1,-5.103079,0.0060412856,0.8539522
real,00029105_015.png,29105,,cardiomegaly_1,-4.9943256,0.0067306804,0.8865842
real,00029225_000.png,29225,,cardiomegaly_1,8.383886,0.99977154,0.99572426
real,00029297_000.png,29297,,cardiomegaly_1,-6.402075,0.0016553685,0.96992266
real,00029297_003.png,29297,,cardiomegaly_1,-3.4267426,0.031470068,0.6352357
real,00029297_004.png,29297,,cardiomegaly_1,-5.0731277,0.0062238225,0.8656498
real,00029297_005.png,29297,,cardiomegaly_1,-6.458164,0.0015652173,0.96839726
real,00029459_002.png,29459,,cardiomegaly_1,3.474289,0.96994734,0.84911484
real,00029459_004.png,29459,,cardiomegaly_1,7.237238,0.9992812,0.9889058
real,00029500_000.png,29500,,cardiomegaly_1,8.03928,0.99967754,0.99526274
real,00029510_000.png,29510,,cardiomegaly_1,6.5376034,0.99855417,0.9838135
real,00029551_000.png,29551,,cardiomegaly_1,-5.155258,0.0057359003,0.9074793
real,00029551_003.png,29551,,cardiomegaly_1,-5.370762,0.004629059,0.9135279
real,00029551_004.png,29551,,cardiomegaly_1,-5.190769,0.0055368943,0.86424524
real,00029551_005.png,29551,,cardiomegaly_1,-4.8248234,0.007964036,0.790636
real,00029552_000.png,29552,,cardiomegaly_1,6.9886513,0.9990785,0.9850146
real,00029579_000.png,29579,,cardiomegaly_1,-3.9979134,0.018023103,0.7379635
real,00029579_004.png,29579,,cardiomegaly_1,-4.270357,0.013784133,0.86236227
real,00029579_005.png,29579,,cardiomegaly_1,-1.1249313,0.2450977,0.52127856
real,00029579_009.png,29579,,cardiomegaly_1,-4.717493,0.008858385,0.878033
real,00029579_014.png,29579,,cardiomegaly_1,-5.5364037,0.003925205,0.9179674
real,00029579_012.png,29579,,cardiomegaly_1,-4.825634,0.0079576345,0.8960085
real,00029579_015.png,29579,,cardiomegaly_1,-4.9555206,0.006995135,0.91693443
real,00029631_004.png,29631,,cardiomegaly_1,-1.6134777,0.16610633,0.52942127
real,00029631_006.png,29631,,cardiomegaly_1,-5.9454517,0.0026108848,0.9641605
real,00029631_007.png,29631,,cardiomegaly_1,-5.8828697,0.002779032,0.95473975
real,00029631_012.png,29631,,cardiomegaly_1,-5.6405888,0.003538214,0.940556
real,00029631_013.png,29631,,cardiomegaly_1,-5.540617,0.0039087664,0.9451304
real,00029747_002.png,29747,,cardiomegaly_1,-6.1173267,0.0021994924,0.9475699
real,00029756_000.png,29756,,cardiomegaly_1,-5.754341,0.0031589833,0.9255309
real,00029794_000.png,29794,,cardiomegaly_1,9.225801,0.99990153,0.99648076
real,00029821_013.png,29821,,cardiomegaly_1,-2.4181137,0.081801824,0.5499154
real,00029821_014.png,29821,,cardiomegaly_1,7.969261,0.9996542,0.9911715
real,00029839_008.png,29839,,cardiomegaly_1,-5.9978333,0.0024779732,0.9621132
real,00029839_009.png,29839,,cardiomegaly_1,-6.5319633,0.0014540268,0.97743773
real,00029943_002.png,29943,,cardiomegaly_1,-5.655224,0.0034869884,0.9122778
real,00029943_004.png,29943,,cardiomegaly_1,-5.7786903,0.0030832277,0.93950856
real,00029943_005.png,29943,,cardiomegaly_1,-5.5371,0.0039224843,0.91985637
real,00029943_007.png,29943,,cardiomegaly_1,-5.9074936,0.0027116202,0.9488976
real,00029943_006.png,29943,,cardiomegaly_1,-5.7182617,0.003274658,0.93359905
real,00029943_008.png,29943,,cardiomegaly_1,-5.4567356,0.0042493297,0.90398276
real,00029981_004.png,29981,,cardiomegaly_1,4.35828,0.98736143,0.93683785
real,00029981_007.png,29981,,cardiomegaly_1,-1.7735062,0.14510684,0.39065444
real,00030059_009.png,30059,,cardiomegaly_1,-2.2367382,0.096499555,0.5764014
real,00030059_011.png,30059,,cardiomegaly_1,-3.9521122,0.018851854,0.78388345
real,00030070_000.png,30070,,cardiomegaly_1,-5.7642994,0.003127779,0.9502283
real,00030153_004.png,30153,,cardiomegaly_1,-5.5329704,0.0039386516,0.9271196
real,00030162_023.png,30162,,cardiomegaly_1,-5.0156136,0.006589846,0.84827465
real,00030183_004.png,30183,,cardiomegaly_1,-5.903082,0.002723577,0.9495413
real,00030183_005.png,30183,,cardiomegaly_1,-5.94388,0.0026149808,0.95102566
real,00030183_006.png,30183,,cardiomegaly_1,-5.942528,0.0026185103,0.9449077
real,00030196_001.png,30196,,cardiomegaly_1,-5.2256584,0.0053480626,0.9092042
real,00030196_002.png,30196,,cardiomegaly_1,-5.4028854,0.004483376,0.89353824
real,00030207_000.png,30207,,cardiomegaly_1,5.9609013,0.9974291,0.9836636
real,00030276_000.png,30276,,cardiomegaly_1,-5.804878,0.0030037719,0.95332134
real,00030389_005.png,30389,,cardiomegaly_1,-0.1848526,0.453918,0.37554199
real,00030389_006.png,30389,,cardiomegaly_1,-2.8082561,0.056879655,0.45506114
real,00030389_007.png,30389,,cardiomegaly_1,-2.5641441,0.071481995,0.50483626
real,00030389_008.png,30389,,cardiomegaly_1,5.408865,0.9955433,0.9542469
real,00030389_009.png,30389,,cardiomegaly_1,6.5277863,0.9985399,0.9782142
real,00030389_010.png,30389,,cardiomegaly_1,5.0746346,0.9937855,0.94755393
real,00030389_011.png,30389,,cardiomegaly_1,6.4592285,0.9984364,0.9814628
real,00030389_012.png,30389,,cardiomegaly_1,8.128653,0.99970514,0.99570817
real,00030389_013.png,30389,,cardiomegaly_1,5.2816696,0.9949418,0.95520836
real,00030436_000.png,30436,,cardiomegaly_1,-6.0797844,0.002283444,0.9624943
real,00030490_000.png,30490,,cardiomegaly_1,5.5567703,0.99615365,0.9593194
real,00030541_005.png,30541,,cardiomegaly_1,-5.0812626,0.0061737094,0.8757885
real,00030561_005.png,30561,,cardiomegaly_1,-5.186075,0.005562801,0.8826002
real,00030561_006.png,30561,,cardiomegaly_1,-5.74806,0.0031788235,0.9273572
real,00030561_007.png,30561,,cardiomegaly_1,-5.390711,0.004538044,0.9080792
real,00030561_010.png,30561,,cardiomegaly_1,-5.8397865,0.0029010233,0.93472517
real,00030561_011.png,30561,,cardiomegaly_1,-5.777193,0.0030878333,0.9391439
real,00030561_013.png,30561,,cardiomegaly_1,-5.7561703,0.0031532282,0.94908875
real,00030561_014.png,30561,,cardiomegaly_1,-5.892071,0.0027536494,0.9600341
real,00030561_017.png,30561,,cardiomegaly_1,-5.749012,0.003175809,0.9396403
real,00030561_018.png,30561,,cardiomegaly_1,-5.847103,0.002879936,0.9440633
real,00030632_000.png,30632,,cardiomegaly_1,-5.1610737,0.005702829,0.90179944
real,00030650_000.png,30650,,cardiomegaly_1,-5.29031,0.0050149215,0.9213081
real,00030650_001.png,30650,,cardiomegaly_1,-4.8782444,0.0075528836,0.9100073
real,00030650_002.png,30650,,cardiomegaly_1,-5.074835,0.006213273,0.91148466
real,00030650_003.png,30650,,cardiomegaly_1,-4.752022,0.008560309,0.8918014
real,00030650_007.png,30650,,cardiomegaly_1,-4.724575,0.008796421,0.86949056
real,00030650_008.png,30650,,cardiomegaly_1,-4.3132305,0.013213294,0.8742553
real,00030650_009.png,30650,,cardiomegaly_1,-4.5157948,0.010816632,0.864012
real,00030659_000.png,30659,,cardiomegaly_1,-4.841318,0.007834769,0.74932295
real,00030668_000.png,30668,,cardiomegaly_1,-5.7352257,0.003219753,0.94572836
real,00002793_006.png,2793,,cardiomegaly_1,-6.633116,0.0013143265,0.96942276
real,00014954_000.png,14954,,cardiomegaly_1,-6.346384,0.0017500068,0.9712174
real,00026982_005.png,26982,,cardiomegaly_1,-6.49201,0.0015132064,0.97049075
real,00014719_000.png,14719,,cardiomegaly_1,-6.321697,0.001793668,0.9591021
real,00003321_001.png,3321,,cardiomegaly_1,-6.2481365,0.0019303216,0.96775794
real,00001430_001.png,1430,,cardiomegaly_1,-3.547535,0.027989559,0.7017434
real,00012460_000.png,12460,,cardiomegaly_1,-6.063135,0.002321691,0.95676297
real,00008806_003.png,8806,,cardiomegaly_1,-5.8906784,0.0027574755,0.9131545
real,00010931_003.png,10931,,cardiomegaly_1,-6.2025604,0.0020201518,0.9785756
real,00026815_001.png,26815,,cardiomegaly_1,-6.0725765,0.0022999241,0.9169608
real,00028980_001.png,28980,,cardiomegaly_1,-4.429899,0.011775379,0.8339315
real,00019376_000.png,19376,,cardiomegaly_1,-4.745075,0.008619467,0.90656793
real,00020318_024.png,20318,,cardiomegaly_1,-5.3184643,0.0048763775,0.9372704
real,00004909_001.png,4909,,cardiomegaly_1,-4.7837753,0.008294978,0.81221366
real,00000582_000.png,582,,cardiomegaly_1,-6.2997646,0.0018333695,0.9683554
real,00006576_000.png,6576,,cardiomegaly_1,-5.963749,0.0025636689,0.96302843
real,00022712_000.png,22712,,cardiomegaly_1,-6.8190155,0.0010916033,0.98221743
real,00018361_000.png,18361,,cardiomegaly_1,-6.258642,0.0019101867,0.9740741
real,00011380_001.png,11380,,cardiomegaly_1,-5.97925,0.0025243354,0.9268261
real,00009306_000.png,9306,,cardiomegaly_1,-6.616268,0.0013366275,0.9810355
real,00029058_000.png,29058,,cardiomegaly_1,-5.6115913,0.0036419358,0.93163514
real,00011611_000.png,11611,,cardiomegaly_1,-6.3968163,0.0016640819,0.9602371
real,00024476_000.png,24476,,cardiomegaly_1,-6.4821625,0.0015281586,0.9779695
real,00012478_000.png,12478,,cardiomegaly_1,-6.31225,0.0018106627,0.9622945
real,00010673_000.png,10673,,cardiomegaly_1,-5.2462196,0.005239793,0.90503764
real,00010933_000.png,10933,,cardiomegaly_1,-6.392555,0.0016711758,0.9727278
real,00007431_000.png,7431,,cardiomegaly_1,-5.963093,0.0025653474,0.9512888
real,00028628_005.png,28628,,cardiomegaly_1,-4.768009,0.008425685,0.7802472
real,00002736_000.png,2736,,cardiomegaly_1,-5.0759354,0.006206481,0.9123984
real,00026148_002.png,26148,,cardiomegaly_1,-6.5169106,0.0014760471,0.97935534
real,00021716_004.png,21716,,cardiomegaly_1,-5.9834957,0.002513667,0.9010838
real,00005364_000.png,5364,,cardiomegaly_1,-6.616802,0.0013359148,0.97297835
real,00008623_002.png,8623,,cardiomegaly_1,-6.8837585,0.0010232389,0.9819014
real,00015553_003.png,15553,,cardiomegaly_1,-5.556177,0.0038486489,0.92230624
real,00015552_000.png,15552,,cardiomegaly_1,-4.924402,0.0072146393,0.8703269
real,00004158_000.png,4158,,cardiomegaly_1,-6.652813,0.0012887242,0.97377443
real,00008802_002.png,8802,,cardiomegaly_1,5.2334957,0.99469346,0.9555798
real,00004699_000.png,4699,,cardiomegaly_1,-6.288643,0.0018538358,0.9606333
real,00015795_002.png,15795,,cardiomegaly_1,-6.313553,0.0018083095,0.9610708
real,00014429_018.png,14429,,cardiomegaly_1,-5.9183254,0.0026824854,0.9373635
real,00010920_003.png,10920,,cardiomegaly_1,-6.3557434,0.0017337324,0.9713597
real,00006490_001.png,6490,,cardiomegaly_1,-6.217764,0.0019897313,0.9631063
real,00020060_005.png,20060,,cardiomegaly_1,-5.8637104,0.0028326374,0.93958884
real,00013970_000.png,13970,,cardiomegaly_1,-5.3773766,0.0045986804,0.8802637
real,00012352_000.png,12352,,cardiomegaly_1,-5.237116,0.0052874596,0.8988654
real,00001199_006.png,1199,,cardiomegaly_1,-5.2227726,0.005363436,0.8807844
real,00019771_000.png,19771,,cardiomegaly_1,-6.0267906,0.002407417,0.9359811
real,00000304_000.png,304,,cardiomegaly_1,-6.145195,0.0021391718,0.94441223
real,00028287_000.png,28287,,cardiomegaly_1,-6.227297,0.001970891,0.95023537
real,00015000_007.png,15000,,cardiomegaly_1,-6.5390034,0.0014438411,0.97792923
real,00018476_000.png,18476,,cardiomegaly_1,-6.969694,0.0009390577,0.98085153
real,00027035_000.png,27035,,cardiomegaly_1,-6.4136124,0.0016364106,0.9632435
real,00002228_000.png,2228,,cardiomegaly_1,-6.238245,0.0019494727,0.9495233
real,00019640_000.png,19640,,cardiomegaly_1,-6.1809235,0.0020642467,0.956748
real,00010175_000.png,10175,,cardiomegaly_1,-6.3875732,0.0016795084,0.9578867
real,00003940_006.png,3940,,cardiomegaly_1,-6.543892,0.0014368102,0.96317804
real,00014387_006.png,14387,,cardiomegaly_1,-5.290661,0.005013171,0.87174207
real,00021375_002.png,21375,,cardiomegaly_1,-6.5882263,0.0013745872,0.9629049
real,00001230_006.png,1230,,cardiomegaly_1,-6.580906,0.0013846726,0.9589254
real,00012772_003.png,12772,,cardiomegaly_1,-6.2707806,0.0018871839,0.9602986
real,00026354_001.png,26354,,cardiomegaly_1,-5.9858932,0.0025076629,0.91820157
real,00028962_000.png,28962,,cardiomegaly_1,-6.2266273,0.001972208,0.963319
real,00007876_000.png,7876,,cardiomegaly_1,-6.74041,0.0011807667,0.9882225
real,00006921_000.png,6921,,cardiomegaly_1,-6.2988014,0.0018351331,0.95382804
real,00008576_000.png,8576,,cardiomegaly_1,3.553379,0.972169,0.887813
real,00021871_000.png,21871,,cardiomegaly_1,5.2863483,0.99496526,0.9635247
real,00019774_008.png,19774,,cardiomegaly_1,-5.115738,0.005965744,0.8769616
real,00026911_003.png,26911,,cardiomegaly_1,-2.9667492,0.048950844,0.4860784
real,00009761_000.png,9761,,cardiomegaly_1,-4.6762505,0.009227923,0.77257735
real,00005511_000.png,5511,,cardiomegaly_1,-6.8928585,0.0010139791,0.9785843
real,00000517_004.png,517,,cardiomegaly_1,-4.465641,0.011366637,0.76827604
real,00027025_000.png,27025,,cardiomegaly_1,-6.3603153,0.0017258378,0.96370447
real,00009061_001.png,9061,,cardiomegaly_1,-6.4748783,0.0015393135,0.97777766
real,00006851_029.png,6851,,cardiomegaly_1,-5.969797,0.0025482494,0.927596
real,00020193_000.png,20193,,cardiomegaly_1,-6.4016914,0.0016560024,0.9701777
real,00029105_019.png,29105,,cardiomegaly_1,-1.0799503,0.25351542,0.56857115
real,00018284_013.png,18284,,cardiomegaly_1,-4.0830936,0.01657585,0.736582
real,00016990_001.png,16990,,cardiomegaly_1,-5.2763977,0.0050848206,0.9100917
real,00001563_000.png,1563,,cardiomegaly_1,-6.6322002,0.0013155288,0.97257406
real,00010465_001.png,10465,,cardiomegaly_1,-6.1631184,0.0021012523,0.97103393
real,00020568_000.png,20568,,cardiomegaly_1,6.2791576,0.9981286,0.9748102
real,00022920_000.png,22920,,cardiomegaly_1,-6.6209793,0.0013303536,0.96481335
real,00016907_000.png,16907,,cardiomegaly_1,-6.159609,0.002108624,0.95537394
real,00005401_001.png,5401,,cardiomegaly_1,-6.697031,0.0012330496,0.97437745
real,00004734_001.png,4734,,cardiomegaly_1,-1.9757442,0.12177324,0.47995758
real,00002793_001.png,2793,,cardiomegaly_1,-6.396347,0.0016648617,0.9708894
real,00030153_002.png,30153,,cardiomegaly_1,-6.3484592,0.0017463855,0.9668624
real,00023937_000.png,23937,,cardiomegaly_1,-6.202915,0.0020194366,0.97178674
real,00029879_001.png,29879,,cardiomegaly_1,-4.9140816,0.00728894,0.87154824
real,00009907_001.png,9907,,cardiomegaly_1,-6.2126064,0.0019999994,0.9425139
real,00007088_000.png,7088,,cardiomegaly_1,-6.465185,0.0015542834,0.97838205
real,00017618_001.png,17618,,cardiomegaly_1,-6.2548294,0.0019174699,0.9579702
real,00026342_000.png,26342,,cardiomegaly_1,-6.713352,0.0012131123,0.9746159
real,00006936_006.png,6936,,cardiomegaly_1,-6.371193,0.0017071983,0.9646606
real,00019503_000.png,19503,,cardiomegaly_1,-6.5882454,0.001374561,0.9771869
real,00021239_001.png,21239,,cardiomegaly_1,-6.961197,0.0009470635,0.98030275
real,00015762_000.png,15762,,cardiomegaly_1,-6.7596626,0.0011582772,0.9838983
real,00012129_000.png,12129,,cardiomegaly_1,-6.3712864,0.0017070392,0.969688
real,00007589_000.png,7589,,cardiomegaly_1,-6.5984344,0.0013606454,0.98302555
real,00011310_000.png,11310,,cardiomegaly_1,-5.730488,0.0032349941,0.95600724
real,00011029_001.png,11029,,cardiomegaly_1,-6.348234,0.0017467778,0.9697714
real,00017824_000.png,17824,,cardiomegaly_1,-5.9280396,0.0026566223,0.9301356
real,00003013_002.png,3013,,cardiomegaly_1,-6.083042,0.002276034,0.95359224
real,00013541_000.png,13541,,cardiomegaly_1,-5.7518597,0.0031668067,0.92128044
real,00010905_017.png,10905,,cardiomegaly_1,-6.294548,0.0018429408,0.96167105
real,00012784_000.png,12784,,cardiomegaly_1,-5.609844,0.003648281,0.94038147
real,00023943_000.png,23943,,cardiomegaly_1,-6.7970695,0.0011157974,0.9855331
real,00001470_001.png,1470,,cardiomegaly_1,-3.8626099,0.020580625,0.7415658
real,00016417_005.png,16417,,cardiomegaly_1,-3.9977112,0.018026682,0.6123943
real,00017014_000.png,17014,,cardiomegaly_1,-6.663395,0.0012751762,0.9768663
real,00001223_001.png,1223,,cardiomegaly_1,0.27205086,0.5675963,0.507349
real,00022677_003.png,22677,,cardiomegaly_1,-2.9382706,0.050293814,0.5460277
real,00026292_004.png,26292,,cardiomegaly_1,-2.0786667,0.11118767,0.303181
real,00007113_000.png,7113,,cardiomegaly_1,-6.0413475,0.0023727086,0.9599393
real,00021976_001.png,21976,,cardiomegaly_1,-6.2052193,0.0020147986,0.9601594
real,00017729_006.png,17729,,cardiomegaly_1,-6.493105,0.0015115531,0.9761066
real,00015149_000.png,15149,,cardiomegaly_1,-5.8628216,0.002835149,0.8860131
real,00029340_001.png,29340,,cardiomegaly_1,-6.569931,0.0013999316,0.97461855
real,00011985_000.png,11985,,cardiomegaly_1,-6.528719,0.0014587451,0.961767
real,00025037_000.png,25037,,cardiomegaly_1,-6.7539005,0.0011649628,0.9789122
real,00009757_000.png,9757,,cardiomegaly_1,-5.012186,0.0066123228,0.88075006
real,00001995_000.png,1995,,cardiomegaly_1,-6.6236897,0.0013267574,0.9630055
real,00014560_000.png,14560,,cardiomegaly_1,-6.010597,0.0024466221,0.9601798
real,00025738_000.png,25738,,cardiomegaly_1,-6.784485,0.0011299121,0.9798063
real,00024116_002.png,24116,,cardiomegaly_1,-3.8914032,0.020008177,0.7829683
real,00012537_000.png,12537,,cardiomegaly_1,-6.598093,0.0013611094,0.9764096
real,00006005_000.png,6005,,cardiomegaly_1,-4.8178654,0.008019198,0.74563515
real,00023422_000.png,23422,,cardiomegaly_1,-6.6359577,0.0013106014,0.9799407
real,00014662_001.png,14662,,cardiomegaly_1,-6.4730606,0.0015421096,0.9766315
real,00015783_000.png,15783,,cardiomegaly_1,-3.5830917,0.027038261,0.6597173
real,00025058_000.png,25058,,cardiomegaly_1,-6.6147156,0.0013387016,0.97825724
real,00008142_005.png,8142,,cardiomegaly_1,-6.556061,0.0014194564,0.9777363
real,00016219_000.png,16219,,cardiomegaly_1,-6.2351303,0.0019555422,0.9669266
real,00020699_003.png,20699,,cardiomegaly_1,-0.8812046,0.29292822,0.39616957
real,00020139_000.png,20139,,cardiomegaly_1,-6.41988,0.001626203,0.97300833
real,00011237_004.png,11237,,cardiomegaly_1,-5.0653152,0.00627233,0.88894236
real,00004466_000.png,4466,,cardiomegaly_1,-6.3690834,0.0017107973,0.9684318
real,00003785_001.png,3785,,cardiomegaly_1,-5.7788296,0.0030827997,0.9391862
real,00022033_000.png,22033,,cardiomegaly_1,-6.369955,0.0017093093,0.9512399
real,00016341_001.png,16341,,cardiomegaly_1,-6.0731964,0.002298502,0.9665809
real,00009498_000.png,9498,,cardiomegaly_1,-6.6090927,0.0013462399,0.9734455
real,00003105_000.png,3105,,cardiomegaly_1,-6.5402126,0.0014420986,0.98450255
real,00020912_001.png,20912,,cardiomegaly_1,-6.6388226,0.001306857,0.9837217
real,00026599_001.png,26599,,cardiomegaly_1,-6.5009003,0.0014998335,0.96764064
real,00007379_000.png,7379,,cardiomegaly_1,-6.295727,0.0018407737,0.9689473
real,00010920_006.png,10920,,cardiomegaly_1,-6.6597652,0.0012798072,0.9680132
real,00004562_000.png,4562,,cardiomegaly_1,-6.0232334,0.002415975,0.95755166
real,00023219_000.png,23219,,cardiomegaly_1,-6.318222,0.0017999011,0.96066046
real,00003640_001.png,3640,,cardiomegaly_1,-6.3936405,0.0016693663,0.97480655
real,00001170_003.png,1170,,cardiomegaly_1,5.2775745,0.99492115,0.94909054
real,00001203_017.png,1203,,cardiomegaly_1,-6.0768223,0.0022902023,0.94219464
real,00008185_001.png,8185,,cardiomegaly_1,-5.009365,0.0066308784,0.8491274
real,00022389_000.png,22389,,cardiomegaly_1,-6.5180035,0.001474437,0.9596174
real,00021424_000.png,21424,,cardiomegaly_1,-5.6405964,0.0035381871,0.90566653
real,00030332_000.png,30332,,cardiomegaly_1,-6.5273514,0.0014607384,0.96797633
real,00002225_002.png,2225,,cardiomegaly_1,2.9688663,0.95114756,0.6735629
real,00001803_013.png,1803,,cardiomegaly_1,-1.229662,0.2262406,0.4297164
real,00023043_000.png,23043,,cardiomegaly_1,-6.3202,0.0017963508,0.9713422
real,00005530_001.png,5530,,cardiomegaly_1,-3.9234676,0.019389044,0.785734
real,00030650_004.png,30650,,cardiomegaly_1,-4.4649715,0.011374164,0.81633794
real,00026736_000.png,26736,,cardiomegaly_1,-6.437832,0.0015973161,0.9613864
real,00011491_000.png,11491,,cardiomegaly_1,-6.287571,0.0018558201,0.96521604
real,00000705_002.png,705,,cardiomegaly_1,-5.657055,0.0034806314,0.8911072
real,00016509_001.png,16509,,cardiomegaly_1,-6.525038,0.0014641171,0.9576148
real,00003320_002.png,3320,,cardiomegaly_1,-6.6301174,0.001318268,0.9713643
real,00006030_000.png,6030,,cardiomegaly_1,-6.4610825,0.0015606633,0.9754617
real,00012304_009.png,12304,,cardiomegaly_1,-5.045904,0.006394486,0.857214
real,00010445_001.png,10445,,cardiomegaly_1,-6.288662,0.0018538005,0.97203594
real,00030196_003.png,30196,,cardiomegaly_1,-5.2903385,0.005014779,0.885497
real,00007258_004.png,7258,,cardiomegaly_1,-6.7637386,0.0011535711,0.97601867
real,00020292_000.png,20292,,cardiomegaly_1,-6.650013,0.001292333,0.9773391
real,00007389_001.png,7389,,cardiomegaly_1,0.02260971,0.5056522,0.45213345
real,00005401_003.png,5401,,cardiomegaly_1,-6.650442,0.0012917793,0.9787783
real,00024497_000.png,24497,,cardiomegaly_1,-6.6066647,0.0013495081,0.979009
real,00021409_007.png,21409,,cardiomegaly_1,6.14291,0.99785596,0.986096
real,00022159_000.png,22159,,cardiomegaly_1,-6.868105,0.0010393655,0.9841059
real,00002837_000.png,2837,,cardiomegaly_1,-4.728441,0.008762775,0.7912581
real,00014939_000.png,14939,,cardiomegaly_1,-6.456667,0.0015675589,0.9562039
real,00002114_000.png,2114,,cardiomegaly_1,-6.5029697,0.0014967374,0.97028637
real,00024641_000.png,24641,,cardiomegaly_1,-6.387684,0.0016793229,0.967283
real,00028148_003.png,28148,,cardiomegaly_1,-4.964115,0.0069356887,0.88884735
real,00025230_000.png,25230,,cardiomegaly_1,-6.3776093,0.001696298,0.96457607
real,00002793_003.png,2793,,cardiomegaly_1,-5.428589,0.0043701036,0.90642875
real,00019640_003.png,19640,,cardiomegaly_1,-6.2931385,0.0018455357,0.9653553
real,00005347_000.png,5347,,cardiomegaly_1,-6.977314,0.000931936,0.98373425
real,00024875_000.png,24875,,cardiomegaly_1,-6.706293,0.0012216957,0.97546273
real,00017754_000.png,17754,,cardiomegaly_1,-6.2592735,0.0019089836,0.94255537
real,00019868_002.png,19868,,cardiomegaly_1,-6.4092655,0.0016435275,0.9704845
real,00025020_000.png,25020,,cardiomegaly_1,-6.5434723,0.0014374123,0.96901983
real,00002736_001.png,2736,,cardiomegaly_1,-5.3237953,0.0048505766,0.9138096
real,00017592_000.png,17592,,cardiomegaly_1,-6.4487686,0.0015799693,0.9734193
real,00023012_004.png,23012,,cardiomegaly_1,-6.0786552,0.002286018,0.97164154
real,00010152_001.png,10152,,cardiomegaly_1,-5.6812477,0.003397718,0.91755694
real,00002685_001.png,2685,,cardiomegaly_1,-6.197403,0.0020305763,0.9560403
real,00027847_002.png,27847,,cardiomegaly_1,-2.8018932,0.05722195,0.68917954
real,00026957_000.png,26957,,cardiomegaly_1,-6.4699497,0.001546907,0.9620651
real,00014695_002.png,14695,,cardiomegaly_1,6.5964146,0.99863654,0.98093665
real,00029105_028.png,29105,,cardiomegaly_1,-6.067938,0.002310593,0.92856324
real,00008335_000.png,8335,,cardiomegaly_1,-6.6687946,0.0012683179,0.97659
real,00000246_018.png,246,,cardiomegaly_1,-5.580967,0.003754768,0.8673184
real,00015177_000.png,15177,,cardiomegaly_1,-6.28636,0.0018580651,0.9586112
real,00002831_000.png,2831,,cardiomegaly_1,-6.3600254,0.0017263374,0.95635015
real,00024326_000.png,24326,,cardiomegaly_1,-6.9005165,0.0010062514,0.98687065
real,00005053_001.png,5053,,cardiomegaly_1,-6.733721,0.0011886819,0.97145605
real,00003804_012.png,3804,,cardiomegaly_1,-6.159342,0.0021091858,0.95874536
real,00021970_005.png,21970,,cardiomegaly_1,-6.12871,0.0021746515,0.97339445
real,00016484_027.png,16484,,cardiomegaly_1,8.982458,0.99987435,0.99574757
real,00010892_000.png,10892,,cardiomegaly_1,-6.064699,0.002318071,0.9575545
real,00014145_000.png,14145,,cardiomegaly_1,-5.8413887,0.0028963923,0.95441806
real,00027625_000.png,27625,,cardiomegaly_1,-6.4325333,0.0016057885,0.9569238
real,00025215_000.png,25215,,cardiomegaly_1,-4.471529,0.011300662,0.79060066
real,00002355_005.png,2355,,cardiomegaly_1,-6.1725864,0.0020814925,0.9422214
real,00011932_006.png,11932,,cardiomegaly_1,-6.4281044,0.0016129046,0.9689016
real,00014087_000.png,14087,,cardiomegaly_1,-6.647217,0.0012959469,0.97805154
real,00004899_000.png,4899,,cardiomegaly_1,-6.062214,0.0023238258,0.9368918
real,00001775_003.png,1775,,cardiomegaly_1,-4.0617504,0.016927382,0.7626259
real,00028598_000.png,28598,,cardiomegaly_1,-6.142893,0.0021440918,0.94374985
real,00019815_000.png,19815,,cardiomegaly_1,-6.158127,0.0021117446,0.9752384
real,00024789_001.png,24789,,cardiomegaly_1,-6.4474297,0.001582083,0.96799755
real,00005002_000.png,5002,,cardiomegaly_1,4.318289,0.98685247,0.91126806
real,00003013_003.png,3013,,cardiomegaly_1,-6.0963974,0.002245907,0.95292985
real,00025438_000.png,25438,,cardiomegaly_1,-6.530491,0.0014561663,0.97811395
real,00029382_000.png,29382,,cardiomegaly_1,-6.5241795,0.0014653724,0.97274476
real,00015313_013.png,15313,,cardiomegaly_1,-5.6070824,0.0036583338,0.843543
real,00024474_000.png,24474,,cardiomegaly_1,-6.7750893,0.0011405662,0.9831812
real,00006694_001.png,6694,,cardiomegaly_1,-6.0376854,0.002381393,0.9642947
real,00003576_000.png,3576,,cardiomegaly_1,-6.3279514,0.0017825052,0.9710343
real,00013288_001.png,13288,,cardiomegaly_1,-5.4184017,0.0044146525,0.89612675
real,00001727_000.png,1727,,cardiomegaly_1,-5.5551167,0.0038527164,0.91218084
real,00018844_000.png,18844,,cardiomegaly_1,6.5903835,0.9986284,0.98600835
real,00013162_000.png,13162,,cardiomegaly_1,-6.498192,0.001503895,0.9515887
real,00018345_000.png,18345,,cardiomegaly_1,-5.402214,0.0044863736,0.8647549
real,00020341_000.png,20341,,cardiomegaly_1,-5.8939095,0.0027486049,0.92433006
real,00003804_000.png,3804,,cardiomegaly_1,-6.0200977,0.0024235442,0.9540297
real,00014809_010.png,14809,,cardiomegaly_1,-6.542221,0.0014392096,0.9731772
real,00029487_001.png,29487,,cardiomegaly_1,-6.7327843,0.0011897944,0.9750355
real,00029211_000.png,29211,,cardiomegaly_1,-6.200302,0.0020247097,0.96204126
real,00004435_004.png,4435,,cardiomegaly_1,-6.3824196,0.0016881716,0.9665658
real,00008142_001.png,8142,,cardiomegaly_1,-6.510805,0.001485073,0.97118974
real,00003499_004.png,3499,,cardiomegaly_1,-5.305372,0.0049403217,0.89125836
real,00019163_000.png,19163,,cardiomegaly_1,-6.5183334,0.0014739514,0.972748
real,00010120_020.png,10120,,cardiomegaly_1,-6.1845284,0.0020568343,0.95208675
real,00002402_000.png,2402,,cardiomegaly_1,-3.982689,0.018294536,0.7927389
real,00029025_004.png,29025,,cardiomegaly_1,-5.829672,0.0029304286,0.9404692
real,00011598_020.png,11598,,cardiomegaly_1,-6.0154305,0.0024348546,0.9394678
real,00012855_000.png,12855,,cardiomegaly_1,4.9969444,0.9932868,0.9217584
real,00030389_014.png,30389,,cardiomegaly_1,5.5851803,0.99626094,0.9602278
real,00024171_000.png,24171,,cardiomegaly_1,-6.5367203,0.0014471366,0.97187155
real,00007851_004.png,7851,,cardiomegaly_1,-6.2188606,0.0019875548,0.9801601
real,00011932_005.png,11932,,cardiomegaly_1,-6.5604076,0.0014133083,0.964304
real,00027422_000.png,27422,,cardiomegaly_1,-6.6772175,0.0012576933,0.9793102
real,00013397_000.png,13397,,cardiomegaly_1,-6.276806,0.0018758686,0.95191073
real,00000318_009.png,318,,cardiomegaly_1,-6.29006,0.0018512151,0.96457446
real,00025924_005.png,25924,,cardiomegaly_1,-6.510874,0.0014849713,0.97819203
real,00001507_002.png,1507,,cardiomegaly_1,-5.857744,0.0028495397,0.9550655
real,00007851_001.png,7851,,cardiomegaly_1,-6.1652336,0.0020968216,0.9844478
real,00026354_000.png,26354,,cardiomegaly_1,-5.1113644,0.005991736,0.8541641
real,00018642_001.png,18642,,cardiomegaly_1,-6.069927,0.0023060115,0.9544195
real,00016245_000.png,16245,,cardiomegaly_1,-6.8888054,0.001018093,0.985811
real,00007340_004.png,7340,,cardiomegaly_1,-5.8276463,0.002936353,0.9457773
real,00000273_009.png,273,,cardiomegaly_1,-5.7420864,0.0031978092,0.8994685
real,00017778_000.png,17778,,cardiomegaly_1,6.8666973,0.9989592,0.9867464
real,00023339_000.png,23339,,cardiomegaly_1,-6.537262,0.001446354,0.9631345
real,00006981_017.png,6981,,cardiomegaly_1,-6.3540306,0.0017366995,0.96159387
real,00017013_001.png,17013,,cardiomegaly_1,-6.3733044,0.0017036038,0.9769065
real,00019574_000.png,19574,,cardiomegaly_1,-3.9762497,0.018410543,0.79052573
real,00029200_001.png,29200,,cardiomegaly_1,-5.9479923,0.0026042776,0.94345295
real,00012772_006.png,12772,,cardiomegaly_1,-6.6188126,0.0013332354,0.9767104
real,00020624_013.png,20624,,cardiomegaly_1,-5.8717556,0.0028100035,0.95205486
real,00020060_004.png,20060,,cardiomegaly_1,-6.114765,0.0022051213,0.9518912
real,00017747_018.png,17747,,cardiomegaly_1,-4.098154,0.016332129,0.7918522
real,00000318_007.png,318,,cardiomegaly_1,-6.2357903,0.0019542547,0.9600307
real,00017930_002.png,17930,,cardiomegaly_1,-3.9738426,0.018454093,0.65927106
real,00021023_024.png,21023,,cardiomegaly_1,-6.3738403,0.0017026925,0.9537475
real,00011929_000.png,11929,,cardiomegaly_1,-6.0383263,0.002379871,0.93983275
real,00015142_000.png,15142,,cardiomegaly_1,0.98534393,0.7281673,0.47576177
real,00001222_007.png,1222,,cardiomegaly_1,-6.2253437,0.0019747363,0.9454413
real,00007159_000.png,7159,,cardiomegaly_1,-5.949526,0.0026002973,0.9289932
real,00012669_000.png,12669,,cardiomegaly_1,-6.130707,0.0021703225,0.9521901
real,00027427_005.png,27427,,cardiomegaly_1,-4.7739887,0.008375874,0.8667783
real,00016484_003.png,16484,,cardiomegaly_1,7.975691,0.99965644,0.9935732
real,00001336_000.png,1336,,cardiomegaly_1,-6.6572857,0.0012829803,0.9830962
real,00028358_000.png,28358,,cardiomegaly_1,5.9907856,0.99750453,0.9700415
real,00010015_000.png,10015,,cardiomegaly_1,-6.446581,0.0015834243,0.9739895
real,00006002_000.png,6002,,cardiomegaly_1,-4.8273964,0.007943734,0.87256086
real,00000246_000.png,246,,cardiomegaly_1,-6.1299458,0.0021719711,0.95332235
real,00013098_000.png,13098,,cardiomegaly_1,-6.615246,0.0013379927,0.9719244
real,00018869_000.png,18869,,cardiomegaly_1,-6.3676186,0.001713301,0.9661867
real,00025696_002.png,25696,,cardiomegaly_1,7.178564,0.9992378,0.99372935
real,00001977_000.png,1977,,cardiomegaly_1,-6.3371334,0.001766242,0.93179864
real,00014335_000.png,14335,,cardiomegaly_1,-6.1915855,0.0020423993,0.9713742
real,00025924_001.png,25924,,cardiomegaly_1,-5.904499,0.0027197304,0.93758464
real,00026180_000.png,26180,,cardiomegaly_1,-5.6688385,0.003439998,0.91893435
real,00022312_001.png,22312,,cardiomegaly_1,-6.9388065,0.00096848694,0.98132044
real,00005768_005.png,5768,,cardiomegaly_1,-6.3133507,0.0018086745,0.95555043
real,00019260_003.png,19260,,cardiomegaly_1,-6.6051006,0.0013516176,0.9746534
real,00003548_002.png,3548,,cardiomegaly_1,-6.135441,0.0021600947,0.93853277
real,00010695_018.png,10695,,cardiomegaly_1,-5.7422867,0.0031971706,0.9523803
real,00029428_000.png,29428,,cardiomegaly_1,-6.661133,0.0012780605,0.9780137
real,00026292_006.png,26292,,cardiomegaly_1,-5.870697,0.0028129711,0.90946627
real,00004580_000.png,4580,,cardiomegaly_1,-6.276163,0.0018770726,0.9712961
real,00019554_000.png,19554,,cardiomegaly_1,-6.650984,0.0012910806,0.97919047
real,00011139_001.png,11139,,cardiomegaly_1,-3.9169693,0.019512983,0.63760936
real,00014126_000.png,14126,,cardiomegaly_1,-5.983616,0.0025133658,0.9669884
real,00009815_004.png,9815,,cardiomegaly_1,-5.789551,0.003050025,0.9306669
real,00017747_060.png,17747,,cardiomegaly_1,-5.8654213,0.0028278087,0.9582438
real,00003464_001.png,3464,,cardiomegaly_1,-6.826977,0.0010829567,0.98031753
real,00024003_000.png,24003,,cardiomegaly_1,-5.9052334,0.0027177392,0.92290145
real,00014171_001.png,14171,,cardiomegaly_1,-5.3458385,0.0047453255,0.9090233
real,00021983_000.png,21983,,cardiomegaly_1,-6.3508205,0.0017422737,0.9496987
real,00006566_000.png,6566,,cardiomegaly_1,-6.0629616,0.002322093,0.922605
real,00021562_001.png,21562,,cardiomegaly_1,-5.8026314,0.0030105081,0.93602353
real,00016698_001.png,16698,,cardiomegaly_1,-6.7631664,0.0011542306,0.97735584
real,00017747_021.png,17747,,cardiomegaly_1,-4.0677357,0.016828071,0.78201663
real,00020458_003.png,20458,,cardiomegaly_1,-4.0865955,0.016518863,0.66876274
real,00026833_000.png,26833,,cardiomegaly_1,-5.9879913,0.0025024202,0.94427943
real,00002962_000.png,2962,,cardiomegaly_1,-6.1985226,0.0020283088,0.964241
real,00016865_000.png,16865,,cardiomegaly_1,-6.7847614,0.0011296,0.97988755
real,00008157_000.png,8157,,cardiomegaly_1,-5.661646,0.0034647437,0.9258885
real,00005063_000.png,5063,,cardiomegaly_1,-6.367321,0.00171381,0.9716299
real,00007424_001.png,7424,,cardiomegaly_1,-6.7595577,0.0011583985,0.97763157
real,00010964_000.png,10964,,cardiomegaly_1,-6.421541,0.001623508,0.9758738
real,00023372_000.png,23372,,cardiomegaly_1,-6.4021854,0.001655186,0.9612163
real,00024386_000.png,24386,,cardiomegaly_1,-6.444668,0.0015864515,0.97606754
real,00010481_033.png,10481,,cardiomegaly_1,-5.8772163,0.0027947433,0.9374032
real,00001222_003.png,1222,,cardiomegaly_1,-6.4630146,0.0015576555,0.9683217
real,00001104_006.png,1104,,cardiomegaly_1,-5.3740005,0.0046141604,0.8814862
real,00016568_006.png,16568,,cardiomegaly_1,-5.5133286,0.004016465,0.92826325
real,00017835_011.png,17835,,cardiomegaly_1,-5.368641,0.0046388414,0.84614354
real,00006527_000.png,6527,,cardiomegaly_1,-6.699093,0.0012305129,0.986534
real,00001136_002.png,1136,,cardiomegaly_1,-6.4596176,0.0015629476,0.9670307
real,00028457_000.png,28457,,cardiomegaly_1,-5.826557,0.0029395435,0.91326934
real,00009378_006.png,9378,,cardiomegaly_1,-6.5269146,0.0014613756,0.96962076
real,00021976_000.png,21976,,cardiomegaly_1,-5.76165,0.0031360502,0.9123456
real,00029569_000.png,29569,,cardiomegaly_1,-6.62414,0.0013261612,0.97494864
real,00007082_000.png,7082,,cardiomegaly_1,-5.6882286,0.003374161,0.88377565
real,00015795_000.png,15795,,cardiomegaly_1,-6.231552,0.001962538,0.9519793
real,00018616_000.png,18616,,cardiomegaly_1,-3.904688,0.019749347,0.68599635
real,00019345_000.png,19345,,cardiomegaly_1,-5.279827,0.0050675008,0.86301476
real,00007389_002.png,7389,,cardiomegaly_1,-0.95594025,0.27769175,0.48361358
real,00017836_001.png,17836,,cardiomegaly_1,-4.15431,0.015454038,0.59989154
real,00023372_003.png,23372,,cardiomegaly_1,-6.435787,0.0016005802,0.97562236
real,00009090_001.png,9090,,cardiomegaly_1,-6.27734,0.0018748688,0.9729949
real,00001222_000.png,1222,,cardiomegaly_1,-6.70739,0.0012203582,0.97634333
real,00030690_000.png,30690,,cardiomegaly_1,-6.846695,0.0010618344,0.98290646
real,00025054_000.png,25054,,cardiomegaly_1,-6.7238064,0.0012005114,0.96452665
real,00007153_000.png,7153,,cardiomegaly_1,-5.280102,0.0050661163,0.90989923
real,00012913_001.png,12913,,cardiomegaly_1,-6.3517857,0.0017405959,0.9559033
real,00022266_000.png,22266,,cardiomegaly_1,-6.2716217,0.0018856002,0.96246344
real,00027857_001.png,27857,,cardiomegaly_1,-6.783798,0.0011306873,0.97498393
real,00012178_004.png,12178,,cardiomegaly_1,-6.6577835,0.0012823427,0.96227974
real,00029847_000.png,29847,,cardiomegaly_1,-6.553406,0.0014232249,0.974652
real,00006040_000.png,6040,,cardiomegaly_1,-6.359236,0.0017276987,0.9539285
real,00020359_000.png,20359,,cardiomegaly_1,-6.728546,0.0011948416,0.9833579
real,00008802_004.png,8802,,cardiomegaly_1,8.09469,0.99969494,0.9954546
real,00030783_000.png,30783,,cardiomegaly_1,-5.6264877,0.0035882795,0.91934
real,00001733_002.png,1733,,cardiomegaly_1,-6.3930664,0.0016703232,0.9617443
real,00026105_000.png,26105,,cardiomegaly_1,-6.431816,0.0016069387,0.9733
real,00022135_010.png,22135,,cardiomegaly_1,-6.409832,0.0016425983,0.9739495
real,00029487_000.png,29487,,cardiomegaly_1,-5.840231,0.0028997378,0.9205766
real,00016975_007.png,16975,,cardiomegaly_1,-5.6130714,0.0036365686,0.9477712
real,00001122_001.png,1122,,cardiomegaly_1,5.0096073,0.99337065,0.89952815
real,00017465_001.png,17465,,cardiomegaly_1,-6.5446415,0.001435735,0.9586112
real,00021710_000.png,21710,,cardiomegaly_1,-6.140774,0.0021486303,0.9524442
real,00015347_000.png,15347,,cardiomegaly_1,-5.3486786,0.0047319317,0.88853544
real,00013408_015.png,13408,,cardiomegaly_1,-5.548416,0.003878518,0.9190857
real,00000705_001.png,705,,cardiomegaly_1,-5.8283405,0.002934321,0.8958945
real,00014809_020.png,14809,,cardiomegaly_1,-6.6302757,0.0013180595,0.9764312
real,00008013_004.png,8013,,cardiomegaly_1,-5.7387295,0.0032085273,0.9433577
real,00023156_007.png,23156,,cardiomegaly_1,-2.9870377,0.048014913,0.6858914
real,00029885_000.png,29885,,cardiomegaly_1,-6.4954014,0.001508091,0.97409976
real,00013723_001.png,13723,,cardiomegaly_1,-6.6260395,0.0013236476,0.97864574
real,00004493_000.png,4493,,cardiomegaly_1,-4.995737,0.0067212502,0.86459273
real,00007616_002.png,7616,,cardiomegaly_1,-3.0078735,0.04707144,0.5672118
real,00018008_000.png,18008,,cardiomegaly_1,-6.305996,0.0018220016,0.9462434
real,00024125_000.png,24125,,cardiomegaly_1,0.54934883,0.6339845,0.41531837
real,00012304_003.png,12304,,cardiomegaly_1,-4.8007126,0.008156803,0.75349075
real,00004057_000.png,4057,,cardiomegaly_1,-6.2807503,0.0018684978,0.9478267
real,00013625_018.png,13625,,cardiomegaly_1,-6.2170525,0.0019911446,0.96484363
real,00021475_000.png,21475,,cardiomegaly_1,-6.173193,0.002080233,0.95465976
real,00020060_002.png,20060,,cardiomegaly_1,-6.116972,0.0022002712,0.9387586
real,00015009_004.png,15009,,cardiomegaly_1,-5.963228,0.0025650007,0.93723476
real,00003439_006.png,3439,,cardiomegaly_1,-6.3341274,0.0017715497,0.9632621
real,00012585_007.png,12585,,cardiomegaly_1,-5.8937225,0.0027491173,0.92895246
real,00005768_008.png,5768,,cardiomegaly_1,-6.43239,0.0016060178,0.9603937
real,00028027_005.png,28027,,cardiomegaly_1,-5.077345,0.0061977934,0.90372586
real,00019911_001.png,19911,,cardiomegaly_1,-6.3407116,0.0017599444,0.961679
real,00029678_000.png,29678,,cardiomegaly_1,-5.047043,0.006387256,0.8423815
real,00002825_003.png,2825,,cardiomegaly_1,-6.5635624,0.0014088631,0.9655689
real,00002383_001.png,2383,,cardiomegaly_1,6.795124,0.998882,0.9836925
real,00003570_003.png,3570,,cardiomegaly_1,-6.352625,0.0017391382,0.9683333
real,00012975_006.png,12975,,cardiomegaly_1,-4.695324,0.009055162,0.8590645
real,00002816_001.png,2816,,cardiomegaly_1,-6.7436237,0.0011769824,0.98382026
real,00007325_000.png,7325,,cardiomegaly_1,-3.1752014,0.04010968,0.7204149
real,00013372_001.png,13372,,cardiomegaly_1,-5.4744015,0.0041752313,0.8599079
real,00006574_000.png,6574,,cardiomegaly_1,-6.4526215,0.0015739034,0.9739128
real,00014295_001.png,14295,,cardiomegaly_1,-6.538727,0.0014442399,0.9750009
real,00006024_011.png,6024,,cardiomegaly_1,-6.207411,0.0020103964,0.9673515
real,00013489_000.png,13489,,cardiomegaly_1,-6.604128,0.0013529313,0.9615843
real,00029870_000.png,29870,,cardiomegaly_1,-6.1572323,0.0021136305,0.94642174
real,00023506_000.png,23506,,cardiomegaly_1,-6.657139,0.0012831687,0.98229825
real,00000865_008.png,865,,cardiomegaly_1,-6.3100014,0.0018147315,0.95154256
real,00000877_033.png,877,,cardiomegaly_1,-6.5825424,0.0013824117,0.979836
real,00011726_000.png,11726,,cardiomegaly_1,-6.3679886,0.0017126683,0.9650266
real,00017785_000.png,17785,,cardiomegaly_1,-6.569805,0.0014001075,0.9503962
real,00027829_000.png,27829,,cardiomegaly_1,-6.603056,0.0013543804,0.96063256
real,00000023_000.png,23,,cardiomegaly_1,-5.437437,0.004331773,0.92696804
real,00026299_000.png,26299,,cardiomegaly_1,-6.2510586,0.0019247001,0.93456715
real,00019963_000.png,19963,,cardiomegaly_1,-6.158249,0.0021114876,0.93576366
real,00005579_001.png,5579,,cardiomegaly_1,-6.4319267,0.0016067611,0.9640408
real,00015338_011.png,15338,,cardiomegaly_1,-5.7084217,0.0033069327,0.94705963
real,00009090_003.png,9090,,cardiomegaly_1,-6.1779613,0.0020703578,0.95153046
real,00010042_004.png,10042,,cardiomegaly_1,-5.8015785,0.0030136695,0.97452974
real,00025527_001.png,25527,,cardiomegaly_1,-5.7332,0.0032262607,0.91398174
real,00022827_000.png,22827,,cardiomegaly_1,-6.644375,0.0012996305,0.9795552
real,00021305_000.png,21305,,cardiomegaly_1,-6.4180794,0.0016291289,0.9652388
real,00004018_000.png,4018,,cardiomegaly_1,-6.737406,0.001184315,0.98366916
real,00014922_000.png,14922,,cardiomegaly_1,-6.823742,0.0010864617,0.9821211
real,00002566_000.png,2566,,cardiomegaly_1,-5.7844925,0.0030654445,0.9293983
real,00008136_000.png,8136,,cardiomegaly_1,-6.2497597,0.0019271967,0.9619662
real,00008929_000.png,8929,,cardiomegaly_1,-3.7648888,0.022645488,0.755629
real,00000949_009.png,949,,cardiomegaly_1,-5.9472504,0.0026062054,0.9245343
real,00028533_000.png,28533,,cardiomegaly_1,-5.875433,0.002799718,0.9018354
real,00001170_044.png,1170,,cardiomegaly_1,-4.9329624,0.007153584,0.826574
real,00010905_011.png,10905,,cardiomegaly_1,-6.2018642,0.0020215558,0.9528394
real,00000169_001.png,169,,cardiomegaly_1,-6.3985443,0.0016612135,0.96392643
real,00000318_000.png,318,,cardiomegaly_1,-6.25358,0.0019198623,0.9660615
real,00022334_000.png,22334,,cardiomegaly_1,-6.8942757,0.0010125446,0.9792794
real,00016195_000.png,16195,,cardiomegaly_1,6.479025,0.998467,0.95241123
real,00008698_000.png,8698,,cardiomegaly_1,9.070246,0.99988496,0.995981
real,00015313_012.png,15313,,cardiomegaly_1,-6.6477337,0.0012952782,0.95822763
real,00026815_003.png,26815,,cardiomegaly_1,-6.327854,0.0017826782,0.9507014
real,00008386_001.png,8386,,cardiomegaly_1,-6.2852383,0.0018601464,0.974504
real,00028766_004.png,28766,,cardiomegaly_1,-5.108,0.0060118074,0.87080336
real,00006674_001.png,6674,,cardiomegaly_1,-6.7956676,0.001117361,0.97897
real,00014719_002.png,14719,,cardiomegaly_1,-6.0605392,0.0023277116,0.93941134
real,00003174_013.png,3174,,cardiomegaly_1,-6.4257946,0.0016166285,0.9737941
real,00005347_001.png,5347,,cardiomegaly_1,-6.671383,0.0012650435,0.9747656
real,00024931_000.png,24931,,cardiomegaly_1,-6.862896,0.001044788,0.9764534
real,00010120_000.png,10120,,cardiomegaly_1,-6.182703,0.0020605843,0.95051306
real,00012653_001.png,12653,,cardiomegaly_1,-5.8463345,0.002882144,0.9341889
real,00015840_000.png,15840,,cardiomegaly_1,-6.5486755,0.0014299633,0.96952856
real,00010713_001.png,10713,,cardiomegaly_1,-2.331995,0.088507585,0.39293465
real,00021344_000.png,21344,,cardiomegaly_1,-3.6982822,0.024167497,0.5891982
real,00002073_001.png,2073,,cardiomegaly_1,-3.8631535,0.02056967,0.7266446
real,00026111_001.png,26111,,cardiomegaly_1,-6.1341686,0.0021628386,0.96356374
real,00016484_023.png,16484,,cardiomegaly_1,-3.1568298,0.040823005,0.5305083
real,00028566_000.png,28566,,cardiomegaly_1,-6.996458,0.00091428094,0.98462546
real,00007931_000.png,7931,,cardiomegaly_1,-6.2407665,0.0019445728,0.9675033
real,00003042_001.png,3042,,cardiomegaly_1,-6.2346725,0.0019564359,0.9632515
real,00011153_000.png,11153,,cardiomegaly_1,-1.6714363,0.1582328,0.47080395
real,00021716_002.png,21716,,cardiomegaly_1,-5.35623,0.004696502,0.89059407
real,00025676_000.png,25676,,cardiomegaly_1,-6.561533,0.0014117211,0.97975785
real,00006123_003.png,6123,,cardiomegaly_1,-6.763689,0.0011536281,0.9820491
real,00004773_001.png,4773,,cardiomegaly_1,-6.114189,0.002206389,0.9557888
real,00012797_000.png,12797,,cardiomegaly_1,-6.615635,0.0013374729,0.96753806
real,00016842_002.png,16842,,cardiomegaly_1,-6.5423126,0.0014390779,0.979903
real,00011732_000.png,11732,,cardiomegaly_1,-6.287096,0.0018567003,0.9455605
real,00009777_000.png,9777,,cardiomegaly_1,-6.200466,0.0020243784,0.9552552
real,00024861_000.png,24861,,cardiomegaly_1,-6.368622,0.0017115859,0.9625804
real,00029926_000.png,29926,,cardiomegaly_1,-6.3341312,0.001771543,0.96734864
real,00010071_001.png,10071,,cardiomegaly_1,-6.357109,0.0017313706,0.9544062
real,00022788_004.png,22788,,cardiomegaly_1,-5.8292084,0.002931783,0.95657
real,00029648_000.png,29648,,cardiomegaly_1,-6.889822,0.0010170595,0.98207945
real,00011910_009.png,11910,,cardiomegaly_1,-6.457762,0.0015658464,0.96956253
real,00021972_024.png,21972,,cardiomegaly_1,-1.955553,0.12394911,0.32306165
real,00016410_000.png,16410,,cardiomegaly_1,-6.5745163,0.0013935362,0.9785899
real,00013181_003.png,13181,,cardiomegaly_1,-6.1563168,0.0021155626,0.96742666
real,00005614_001.png,5614,,cardiomegaly_1,-6.42869,0.0016119619,0.9739497
real,00014110_000.png,14110,,cardiomegaly_1,-3.1810284,0.039885934,0.5814166
real,00028148_015.png,28148,,cardiomegaly_1,-4.9607544,0.0069588744,0.819524
real,00013427_000.png,13427,,cardiomegaly_1,-6.3941975,0.0016684382,0.9608873
real,00016879_000.png,16879,,cardiomegaly_1,-6.2960873,0.0018401116,0.9568073
real,00013723_000.png,13723,,cardiomegaly_1,-6.658058,0.001281991,0.9817758
real,00000085_000.png,85,,cardiomegaly_1,-5.1236515,0.0059189983,0.8484044
real,00026599_000.png,26599,,cardiomegaly_1,-6.8029976,0.0011092097,0.9787652
real,00017729_001.png,17729,,cardiomegaly_1,-6.5128193,0.0014820893,0.971338
real,00016255_000.png,16255,,cardiomegaly_1,-5.920578,0.0026764658,0.9529439
real,00020758_000.png,20758,,cardiomegaly_1,7.888489,0.9996251,0.99274915
real,00030029_000.png,30029,,cardiomegaly_1,-6.8186874,0.0010919612,0.98023605
real,00006098_006.png,6098,,cardiomegaly_1,-6.206869,0.0020114838,0.94553214
real,00023625_000.png,23625,,cardiomegaly_1,-6.717636,0.0012079328,0.9780291
real,00009034_006.png,9034,,cardiomegaly_1,0.69682693,0.6674839,0.42743158
real,00009061_000.png,9061,,cardiomegaly_1,-6.3430386,0.001755861,0.9744532
real,00008359_000.png,8359,,cardiomegaly_1,-5.6543236,0.003490118,0.9470597
real,00001170_004.png,1170,,cardiomegaly_1,-4.972519,0.006878046,0.8782336
real,00015087_011.png,15087,,cardiomegaly_1,-6.256315,0.0019146287,0.95721596
real,00005401_007.png,5401,,cardiomegaly_1,-5.437811,0.0043301615,0.91852474
real,00020631_001.png,20631,,cardiomegaly_1,-6.5161457,0.0014771747,0.9681811
real,00010984_003.png,10984,,cardiomegaly_1,-6.3884735,0.0016779996,0.96276194
real,00025075_005.png,25075,,cardiomegaly_1,-5.689165,0.0033710133,0.928253
real,00018448_017.png,18448,,cardiomegaly_1,-6.188902,0.0020478766,0.97782683
real,00000341_000.png,341,,cardiomegaly_1,-6.514715,0.0014792862,0.9569725
real,00006955_000.png,6955,,cardiomegaly_1,-6.458536,0.0015646361,0.972
real,00002168_000.png,2168,,cardiomegaly_1,-6.8944073,0.0010124116,0.985166
real,00025483_000.png,25483,,cardiomegaly_1,-2.886341,0.052832913,0.45665026
real,00008562_000.png,8562,,cardiomegaly_1,-6.796509,0.0011164226,0.9876425
real,00028614_000.png,28614,,cardiomegaly_1,-6.6054363,0.0013511645,0.9825058
real,00005014_014.png,5014,,cardiomegaly_1,-4.901945,0.007377284,0.8356355
real,00024583_000.png,24583,,cardiomegaly_1,-6.444401,0.0015868745,0.97667843
real,00026264_000.png,26264,,cardiomegaly_1,-6.3528423,0.0017387607,0.9497533
real,00017111_006.png,17111,,cardiomegaly_1,-5.37265,0.0046203667,0.9488
real,00012074_000.png,12074,,cardiomegaly_1,-6.4751835,0.0015388443,0.9597328
real,00013303_000.png,13303,,cardiomegaly_1,-6.5014668,0.0014989853,0.9743189
real,00005552_000.png,5552,,cardiomegaly_1,2.1201916,0.8928503,0.5938255
real,00016205_006.png,16205,,cardiomegaly_1,-5.41975,0.0044087297,0.87016803
real,00010481_029.png,10481,,cardiomegaly_1,-6.250166,0.0019264155,0.9662544
real,00022788_003.png,22788,,cardiomegaly_1,-6.1475945,0.002134056,0.9676603
real,00020802_000.png,20802,,cardiomegaly_1,-6.6267395,0.0013227226,0.9775861
real,00023133_002.png,23133,,cardiomegaly_1,-5.955061,0.0025859813,0.9454295
real,00011770_008.png,11770,,cardiomegaly_1,-4.701828,0.008996985,0.8112639
real,00029286_000.png,29286,,cardiomegaly_1,-6.5894413,0.0013729203,0.9793433
real,00029203_000.png,29203,,cardiomegaly_1,0.1290245,0.5322114,0.40281463
real,00021424_004.png,21424,,cardiomegaly_1,-5.435938,0.0043382444,0.8993013
real,00021409_000.png,21409,,cardiomegaly_1,5.823492,0.9970515,0.9689053
real,00011932_007.png,11932,,cardiomegaly_1,-6.405365,0.0016499402,0.9520366
real,00001713_000.png,1713,,cardiomegaly_1,-0.031044006,0.49223962,0.29773295
real,00012980_000.png,12980,,cardiomegaly_1,-6.0246925,0.002412461,0.94969445
real,00028229_000.png,28229,,cardiomegaly_1,-6.5666733,0.0014044932,0.9741971
real,00028282_000.png,28282,,cardiomegaly_1,-6.670992,0.0012655377,0.97115874
real,00013533_001.png,13533,,cardiomegaly_1,-6.431658,0.0016071927,0.9624499
real,00004318_000.png,4318,,cardiomegaly_1,-6.3195305,0.0017975519,0.9656053
real,00001974_007.png,1974,,cardiomegaly_1,-5.9324036,0.0026450846,0.921992
real,00009699_000.png,9699,,cardiomegaly_1,3.6371613,0.9743483,0.8931699
real,00014838_000.png,14838,,cardiomegaly_1,-6.3578186,0.0017301446,0.9693578
real,00012919_000.png,12919,,cardiomegaly_1,2.3102264,0.9097205,0.60891926
real,00006526_000.png,6526,,cardiomegaly_1,-6.3551216,0.001734809,0.963908
real,00008054_000.png,8054,,cardiomegaly_1,-6.4450912,0.001585781,0.9714052
real,00009652_000.png,9652,,cardiomegaly_1,5.3010025,0.9950381,0.94887537
real,00012585_002.png,12585,,cardiomegaly_1,-6.347933,0.0017473033,0.9668452
real,00012086_000.png,12086,,cardiomegaly_1,-6.5939236,0.0013667888,0.97129196
real,00025908_000.png,25908,,cardiomegaly_1,-6.5182514,0.0014740721,0.96946967
real,00016842_000.png,16842,,cardiomegaly_1,-6.59305,0.0013679817,0.9810049
real,00008593_002.png,8593,,cardiomegaly_1,-5.919571,0.0026791552,0.9817583
real,00019857_001.png,19857,,cardiomegaly_1,-6.2890224,0.0018531336,0.9620037
real,00017111_008.png,17111,,cardiomegaly_1,-5.4583836,0.0042423625,0.92865634
real,00021652_000.png,21652,,cardiomegaly_1,-6.8124847,0.0010987478,0.98618084
real,00022883_016.png,22883,,cardiomegaly_1,-1.9271317,0.1270684,0.59124213
real,00004378_001.png,4378,,cardiomegaly_1,-6.795891,0.0011171119,0.9846132
real,00021705_000.png,21705,,cardiomegaly_1,-6.6109905,0.0013436908,0.98165035
real,00016769_000.png,16769,,cardiomegaly_1,3.765356,0.97736484,0.83273816
real,00008806_009.png,8806,,cardiomegaly_1,-5.78034,0.0030781603,0.90516096
real,00016789_006.png,16789,,cardiomegaly_1,-5.987625,0.0025033348,0.9431623
real,00018044_004.png,18044,,cardiomegaly_1,-5.8543835,0.002859105,0.8950397
real,00000463_000.png,463,,cardiomegaly_1,-6.039364,0.0023774088,0.91821265
real,00012017_000.png,12017,,cardiomegaly_1,-6.321972,0.0017931764,0.96922594
real,00009369_000.png,9369,,cardiomegaly_1,-6.343382,0.0017552592,0.96131915
real,00001059_006.png,1059,,cardiomegaly_1,-6.1273937,0.0021775092,0.93950874
real,00005532_033.png,5532,,cardiomegaly_1,6.096798,0.997755,0.91138494
real,00009409_002.png,9409,,cardiomegaly_1,-6.692011,0.0012392475,0.98211586
real,00025432_000.png,25432,,cardiomegaly_1,-6.4342747,0.001602999,0.95577574
real,00014523_000.png,14523,,cardiomegaly_1,-6.5267315,0.0014616429,0.97483504
real,00027084_000.png,27084,,cardiomegaly_1,-6.618082,0.0013342084,0.9758427
real,00007719_000.png,7719,,cardiomegaly_1,-6.5314503,0.001454772,0.9721583
real,00012585_014.png,12585,,cardiomegaly_1,-6.1670055,0.0020931172,0.928263
real,00006791_002.png,6791,,cardiomegaly_1,-5.701172,0.0033309148,0.9196627
real,00016789_008.png,16789,,cardiomegaly_1,-6.1713142,0.002084137,0.9699164
real,00018603_000.png,18603,,cardiomegaly_1,-6.1668453,0.0020934518,0.94671875
real,00012400_000.png,12400,,cardiomegaly_1,-6.7840652,0.0011303858,0.97980815
real,00026299_001.png,26299,,cardiomegaly_1,-6.454384,0.0015711362,0.946856
real,00000821_000.png,821,,cardiomegaly_1,-6.1985817,0.0020281891,0.9446938
real,00003570_005.png,3570,,cardiomegaly_1,-6.694908,0.0012356668,0.97861505
real,00012476_001.png,12476,,cardiomegaly_1,-6.517023,0.0014758811,0.97688675
real,00023964_000.png,23964,,cardiomegaly_1,-6.19689,0.0020316164,0.93020046
real,00006002_003.png,6002,,cardiomegaly_1,-5.8248196,0.0029446403,0.90218127
real,00008806_000.png,8806,,cardiomegaly_1,-6.1853657,0.002055116,0.9489524
real,00030149_000.png,30149,,cardiomegaly_1,-6.8025475,0.0011097086,0.9757916
real,00010936_001.png,10936,,cardiomegaly_1,-5.60956,0.0036493144,0.8691244
real,00024948_000.png,24948,,cardiomegaly_1,-6.858719,0.0010491566,0.9777832
real,00029393_000.png,29393,,cardiomegaly_1,-6.4275208,0.0016138447,0.9584281
real,00023266_005.png,23266,,cardiomegaly_1,-5.725918,0.0032497642,0.93899995
real,00018284_023.png,18284,,cardiomegaly_1,-5.259777,0.005169599,0.9214454
real,00006024_002.png,6024,,cardiomegaly_1,-5.487751,0.004120093,0.9339904
real,00016724_002.png,16724,,cardiomegaly_1,-5.814234,0.0029758841,0.9642044
real,00009936_000.png,9936,,cardiomegaly_1,-2.2289467,0.09718102,0.5583824
real,00010682_000.png,10682,,cardiomegaly_1,-6.4958973,0.0015073445,0.9628615
real,00003785_006.png,3785,,cardiomegaly_1,-6.0661488,0.002314721,0.9370412
real,00015938_000.png,15938,,cardiomegaly_1,-5.8443584,0.0028878283,0.9311569
real,00013952_006.png,13952,,cardiomegaly_1,-6.0670185,0.0023127133,0.9132253
real,00014352_004.png,14352,,cardiomegaly_1,-6.6165314,0.0013362761,0.96666336
real,00004547_000.png,4547,,cardiomegaly_1,-6.4664917,0.0015522572,0.9750995
real,00029140_000.png,29140,,cardiomegaly_1,-5.629385,0.0035779355,0.9216727
real,00012625_012.png,12625,,cardiomegaly_1,-6.7104816,0.0012165953,0.9834284
real,00011987_000.png,11987,,cardiomegaly_1,-6.4143677,0.0016351771,0.96774644
real,00016388_000.png,16388,,cardiomegaly_1,-6.5813217,0.0013840977,0.9826088
real,00021362_000.png,21362,,cardiomegaly_1,-5.824785,0.0029447412,0.95331866
real,00002515_001.png,2515,,cardiomegaly_1,-6.0182533,0.0024280075,0.9374163
real,00028465_001.png,28465,,cardiomegaly_1,-6.2325115,0.00196066,0.9336273
real,00025466_000.png,25466,,cardiomegaly_1,-6.385599,0.0016828214,0.98049057
real,00018822_000.png,18822,,cardiomegaly_1,-6.4275723,0.0016137618,0.97073364
real,00010481_004.png,10481,,cardiomegaly_1,-6.276016,0.0018773477,0.96569026
real,00024245_000.png,24245,,cardiomegaly_1,-6.5782986,0.0013882826,0.9800637
real,00022341_000.png,22341,,cardiomegaly_1,-6.5639935,0.0014082567,0.9773507
real,00008318_000.png,8318,,cardiomegaly_1,3.6447792,0.974538,0.78147197
real,00022532_000.png,22532,,cardiomegaly_1,-6.85236,0.0010558426,0.9829776
real,00018044_041.png,18044,,cardiomegaly_1,-4.3606625,0.01260891,0.7380882
real,00001248_034.png,1248,,cardiomegaly_1,-5.7372265,0.003213338,0.92791444
real,00030001_000.png,30001,,cardiomegaly_1,-5.528263,0.003957162,0.9246398
real,00016123_000.png,16123,,cardiomegaly_1,-6.539154,0.0014436239,0.97167134
real,00001075_044.png,1075,,cardiomegaly_1,5.8828983,0.997221,0.9633697
real,00022155_017.png,22155,,cardiomegaly_1,-3.6034393,0.026508097,0.600965
real,00020312_030.png,20312,,cardiomegaly_1,-6.5704613,0.0013991905,0.96782166
real,00003362_002.png,3362,,cardiomegaly_1,-5.9719696,0.0025427334,0.96693546
real,00020572_001.png,20572,,cardiomegaly_1,-6.5681095,0.0014024804,0.9659474
real,00009138_022.png,9138,,cardiomegaly_1,-1.4261017,0.19370681,0.5510452
real,00007131_006.png,7131,,cardiomegaly_1,-6.1703434,0.0020861567,0.9614778
real,00012329_001.png,12329,,cardiomegaly_1,-6.392559,0.0016711694,0.96275014
real,00008185_000.png,8185,,cardiomegaly_1,2.337389,0.9119266,0.7316005
real,00018547_000.png,18547,,cardiomegaly_1,-6.582613,0.0013823141,0.9771538
real,00029423_000.png,29423,,cardiomegaly_1,-5.029398,0.006500219,0.927393
real,00017326_001.png,17326,,cardiomegaly_1,-6.6407757,0.0013043104,0.9756009
real,00014307_001.png,14307,,cardiomegaly_1,-6.4348946,0.0016020073,0.9663322
real,00006674_000.png,6674,,cardiomegaly_1,-6.71961,0.0012055534,0.97759604
real,00018044_003.png,18044,,cardiomegaly_1,-5.9627476,0.0025662307,0.93328977
real,00019406_000.png,19406,,cardiomegaly_1,-5.9012337,0.0027286017,0.95752096
real,00003896_004.png,3896,,cardiomegaly_1,-6.0098686,0.0024484012,0.96345454
real,00011932_003.png,11932,,cardiomegaly_1,-4.7695065,0.008413184,0.87203646
real,00019317_000.png,19317,,cardiomegaly_1,-6.671919,0.0012643666,0.972225
real,00002139_000.png,2139,,cardiomegaly_1,-6.593075,0.0013679477,0.9675544
real,00013678_003.png,13678,,cardiomegaly_1,-6.351324,0.0017413981,0.9603858
real,00016512_001.png,16512,,cardiomegaly_1,-6.578806,0.0013875795,0.96788424
real,00008502_000.png,8502,,cardiomegaly_1,-6.6847305,0.0012482913,0.98192877
real,00014294_003.png,14294,,cardiomegaly_1,-5.2256374,0.0053481744,0.9076833
real,00018011_000.png,18011,,cardiomegaly_1,-6.036503,0.002384204,0.9554358
real,00001203_002.png,1203,,cardiomegaly_1,-6.097601,0.0022432115,0.9480621
real,00005250_001.png,5250,,cardiomegaly_1,-6.6877193,0.0012445707,0.9680903
real,00028042_000.png,28042,,cardiomegaly_1,-6.7325287,0.0011900981,0.97522783
real,00017330_000.png,17330,,cardiomegaly_1,-5.7054577,0.0033167168,0.968575
real,00010936_003.png,10936,,cardiomegaly_1,-5.2189827,0.0053836918,0.8682466
real,00011380_022.png,11380,,cardiomegaly_1,-5.639723,0.0035412682,0.91963977
real,00009105_003.png,9105,,cardiomegaly_1,-5.9199886,0.0026780395,0.93835735
real,00006012_000.png,6012,,cardiomegaly_1,-6.4405117,0.0015930481,0.97238153
real,00006040_005.png,6040,,cardiomegaly_1,-6.0015545,0.002468792,0.95241916
real,00011279_000.png,11279,,cardiomegaly_1,-5.5114975,0.0040237964,0.9296145
real,00016485_000.png,16485,,cardiomegaly_1,-5.828459,0.0029339753,0.9195801
real,00003094_003.png,3094,,cardiomegaly_1,-5.3284264,0.0048282733,0.8492758
real,00020699_001.png,20699,,cardiomegaly_1,-5.116188,0.005963075,0.88745946
real,00001213_003.png,1213,,cardiomegaly_1,-6.43289,0.0016052168,0.9662173
real,00028764_000.png,28764,,cardiomegaly_1,-6.8577404,0.0010501827,0.9862101
real,00005501_000.png,5501,,cardiomegaly_1,-6.8932457,0.0010135869,0.98107445
real,00012051_004.png,12051,,cardiomegaly_1,-6.684307,0.0012488194,0.9675443
real,00023621_000.png,23621,,cardiomegaly_1,-6.8791122,0.0010279993,0.9811527
real,00001174_000.png,1174,,cardiomegaly_1,-6.494446,0.0015095306,0.9753377
real,00012536_001.png,12536,,cardiomegaly_1,-4.810051,0.0080816,0.7556984
real,00004490_005.png,4490,,cardiomegaly_1,-6.1857567,0.0020543144,0.9513596
real,00014462_001.png,14462,,cardiomegaly_1,-6.1259766,0.0021805903,0.96004057
real,00007623_002.png,7623,,cardiomegaly_1,-6.412346,0.0016384809,0.9810421
real,00015449_000.png,15449,,cardiomegaly_1,-5.490383,0.004109307,0.92645466
real,00002585_001.png,2585,,cardiomegaly_1,-5.380247,0.004585559,0.93563277
real,00001292_000.png,1292,,cardiomegaly_1,-6.177273,0.0020717809,0.9576158
real,00007313_002.png,7313,,cardiomegaly_1,-6.415449,0.0016334126,0.96560794
real,00024273_000.png,24273,,cardiomegaly_1,-6.757206,0.0011611229,0.96963227
real,00008728_000.png,8728,,cardiomegaly_1,-6.092785,0.0022540167,0.96063143
real,00025832_003.png,25832,,cardiomegaly_1,-6.3068867,0.0018203823,0.9541963
real,00010453_000.png,10453,,cardiomegaly_1,-6.6766357,0.0012584243,0.9686056
real,00004589_000.png,4589,,cardiomegaly_1,-6.2236233,0.00197813,0.9586223
real,00021375_007.png,21375,,cardiomegaly_1,-6.1895466,0.0020465592,0.9671152
real,00007019_001.png,7019,,cardiomegaly_1,-6.7264442,0.0011973527,0.9772801
real,00011910_003.png,11910,,cardiomegaly_1,-6.2017,0.0020218866,0.9495963
real,00015056_005.png,15056,,cardiomegaly_1,-5.9479637,0.0026043518,0.9721215
real,00028766_002.png,28766,,cardiomegaly_1,-5.967472,0.0025541661,0.927352
real,00017020_000.png,17020,,cardiomegaly_1,-6.018318,0.0024278504,0.89554405
real,00016939_000.png,16939,,cardiomegaly_1,-6.8429985,0.0010657625,0.97567296
real,00015795_003.png,15795,,cardiomegaly_1,-6.257263,0.0019128178,0.95396584
real,00006024_006.png,6024,,cardiomegaly_1,-5.6718235,0.0034297798,0.9089503
real,00016191_019.png,16191,,cardiomegaly_1,-6.3857765,0.0016825236,0.95736706
real,00017747_061.png,17747,,cardiomegaly_1,-5.830475,0.0029280835,0.9789568
real,00010246_000.png,10246,,cardiomegaly_1,-4.594549,0.010005651,0.76136166
real,00004943_000.png,4943,,cardiomegaly_1,-5.9462585,0.0026087847,0.9258918
real,00021288_000.png,21288,,cardiomegaly_1,-6.2664223,0.001895411,0.9682434
real,00025046_000.png,25046,,cardiomegaly_1,-6.692745,0.001238339,0.9737784
real,00015338_003.png,15338,,cardiomegaly_1,-6.2408714,0.0019443693,0.9589939
real,00014504_000.png,14504,,cardiomegaly_1,-5.804941,0.0030035833,0.94192195
real,00014281_000.png,14281,,cardiomegaly_1,-6.474554,0.0015398118,0.95293826
real,00006098_007.png,6098,,cardiomegaly_1,-6.3589916,0.0017281198,0.95618373
real,00004695_000.png,4695,,cardiomegaly_1,-5.9317093,0.0026469168,0.90614235
real,00027153_001.png,27153,,cardiomegaly_1,-5.5615864,0.0038279658,0.92536026
real,00028027_002.png,28027,,cardiomegaly_1,-3.6050549,0.026466437,0.64057165
real,00004834_000.png,4834,,cardiomegaly_1,-6.556486,0.0014188536,0.9742147
real,00006002_001.png,6002,,cardiomegaly_1,-5.9494095,0.002600599,0.94421285
real,00002825_001.png,2825,,cardiomegaly_1,-6.067707,0.0023111252,0.9323421
real,00021569_000.png,21569,,cardiomegaly_1,-6.6586227,0.0012812683,0.980928
real,00013138_002.png,13138,,cardiomegaly_1,-6.475027,0.0015390847,0.96977997
real,00014029_000.png,14029,,cardiomegaly_1,-6.71336,0.0012131031,0.98194575
real,00021614_001.png,21614,,cardiomegaly_1,-6.399641,0.0016593956,0.95742935
real,00014045_000.png,14045,,cardiomegaly_1,-5.978079,0.002527286,0.9449075
real,00006202_000.png,6202,,cardiomegaly_1,8.328678,0.99975854,0.99612075
real,00020060_007.png,20060,,cardiomegaly_1,-2.660244,0.06536043,0.5026014
real,00001587_000.png,1587,,cardiomegaly_1,-6.5208817,0.0014702058,0.9637037
real,00020674_000.png,20674,,cardiomegaly_1,-6.5459347,0.0014338824,0.96724653
real,00022763_000.png,22763,,cardiomegaly_1,-6.166975,0.002093181,0.9437186
real,00025832_004.png,25832,,cardiomegaly_1,-6.09293,0.0022536905,0.9247514
real,00000877_007.png,877,,cardiomegaly_1,-6.3771496,0.0016970767,0.96419346
real,00008733_000.png,8733,,cardiomegaly_1,-6.526375,0.0014621635,0.97410023
real,00005903_000.png,5903,,cardiomegaly_1,-6.0261765,0.0024088924,0.9443622
real,00030781_000.png,30781,,cardiomegaly_1,5.180685,0.9944073,0.9057715
real,00026409_000.png,26409,,cardiomegaly_1,-6.351246,0.001741534,0.96459275
real,00000872_000.png,872,,cardiomegaly_1,-6.385494,0.0016829978,0.95335734
real,00015597_000.png,15597,,cardiomegaly_1,-6.2728596,0.0018832721,0.9465681
real,00005395_001.png,5395,,cardiomegaly_1,-4.422493,0.011861877,0.7891632
real,00008081_019.png,8081,,cardiomegaly_1,-5.143509,0.005803297,0.90437686
real,00001733_001.png,1733,,cardiomegaly_1,-6.8673153,0.0010401858,0.9728228
real,00020642_006.png,20642,,cardiomegaly_1,-6.4107513,0.0016410914,0.9743585
real,00008489_015.png,8489,,cardiomegaly_1,-5.6470947,0.00351535,0.9495734
real,00019575_000.png,19575,,cardiomegaly_1,5.94306,0.9973828,0.935622
real,00008342_023.png,8342,,cardiomegaly_1,-5.9660873,0.0025576963,0.95084596
real,00024797_000.png,24797,,cardiomegaly_1,-6.422535,0.0016218981,0.9779078
real,00008779_000.png,8779,,cardiomegaly_1,-6.5449314,0.0014353197,0.9736617
real,00003812_002.png,3812,,cardiomegaly_1,-6.444002,0.0015875062,0.9782624
real,00019544_000.png,19544,,cardiomegaly_1,-6.7117176,0.0012150944,0.9750022
real,00003804_001.png,3804,,cardiomegaly_1,-6.043331,0.002368018,0.96262795
real,00004909_005.png,4909,,cardiomegaly_1,-3.7103024,0.02388564,0.7032185
real,00029543_002.png,29543,,cardiomegaly_1,0.4721775,0.615899,0.48064202
real,00022582_001.png,22582,,cardiomegaly_1,-6.8084717,0.0011031611,0.9756915
real,00000463_001.png,463,,cardiomegaly_1,-5.601555,0.0036785367,0.8961049
real,00000796_004.png,796,,cardiomegaly_1,0.14403915,0.5359476,0.54389495
real,00022155_012.png,22155,,cardiomegaly_1,-3.393818,0.032489233,0.59708303
real,00012304_002.png,12304,,cardiomegaly_1,-4.985384,0.006790723,0.85412985
real,00003570_001.png,3570,,cardiomegaly_1,-6.6547318,0.0012862571,0.9765585
real,00015449_002.png,15449,,cardiomegaly_1,-6.53368,0.0014515365,0.9670646
real,00023776_000.png,23776,,cardiomegaly_1,-6.247614,0.0019313287,0.95791656
real,00001606_004.png,1606,,cardiomegaly_1,-6.198517,0.0020283205,0.9529527
real,00026795_000.png,26795,,cardiomegaly_1,-6.1779594,0.0020703617,0.96211416
real,00030805_000.png,30805,,cardiomegaly_1,-6.7916946,0.0011218041,0.97254425
real,00017747_023.png,17747,,cardiomegaly_1,-4.5654163,0.010298385,0.8841506
real,00010348_001.png,10348,,cardiomegaly_1,-6.564144,0.0014080448,0.9714262
real,00016929_001.png,16929,,cardiomegaly_1,-0.4476223,0.38992625,0.4044661
real,00002120_001.png,2120,,cardiomegaly_1,-5.278515,0.005074121,0.88587624
real,00011598_028.png,11598,,cardiomegaly_1,-5.589508,0.0037229536,0.9143509
real,00003064_010.png,3064,,cardiomegaly_1,-6.3492928,0.0017449328,0.9665895
real,00014076_000.png,14076,,cardiomegaly_1,-6.607538,0.0013483313,0.9834317
real,00001059_005.png,1059,,cardiomegaly_1,-5.801464,0.0030140136,0.8930668
real,00015977_000.png,15977,,cardiomegaly_1,-6.708187,0.0012193867,0.98037505
real,00010135_000.png,10135,,cardiomegaly_1,-2.3068714,0.09055547,0.5366383
real,00014025_000.png,14025,,cardiomegaly_1,-6.1237717,0.0021853931,0.96210635
real,00005587_000.png,5587,,cardiomegaly_1,-6.5029907,0.001496706,0.9749673
real,00011764_007.png,11764,,cardiomegaly_1,-1.8985653,0.13027094,0.54176706
real,00028256_000.png,28256,,cardiomegaly_1,-6.1289806,0.0021740638,0.94746745
real,00010131_001.png,10131,,cardiomegaly_1,-6.23394,0.0019578664,0.971464
real,00008184_003.png,8184,,cardiomegaly_1,-6.3220177,0.0017930943,0.9694612
real,00003916_000.png,3916,,cardiomegaly_1,-4.1188354,0.016003177,0.74891186
real,00000273_004.png,273,,cardiomegaly_1,-2.9667702,0.048949864,0.5883624
real,00023343_000.png,23343,,cardiomegaly_1,-6.4842052,0.0015250448,0.9678737
real,00001292_001.png,1292,,cardiomegaly_1,-5.0465717,0.006390246,0.8526989
real,00001470_002.png,1470,,cardiomegaly_1,-5.6511497,0.0035011733,0.9536321
real,00017545_000.png,17545,,cardiomegaly_1,-6.070181,0.002305428,0.9243982
real,00013441_000.png,13441,,cardiomegaly_1,-6.3604755,0.0017255618,0.9607224
real,00010920_004.png,10920,,cardiomegaly_1,-6.6541977,0.0012869432,0.9735152
real,00007313_001.png,7313,,cardiomegaly_1,-6.410557,0.0016414102,0.9745123
real,00000304_001.png,304,,cardiomegaly_1,-5.7626457,0.0031329396,0.9324226
real,00010481_031.png,10481,,cardiomegaly_1,-6.093527,0.0022523485,0.9453889
real,00022155_024.png,22155,,cardiomegaly_1,-5.9703903,0.0025467423,0.8909266
real,00011603_000.png,11603,,cardiomegaly_1,-6.677084,0.001257861,0.9697301
real,00001230_001.png,1230,,cardiomegaly_1,-6.897915,0.0010088701,0.973984
real,00017824_001.png,17824,,cardiomegaly_1,-6.1353207,0.0021603536,0.93427265
real,00028706_000.png,28706,,cardiomegaly_1,-4.1450768,0.015595158,0.76349556
real,00012989_001.png,12989,,cardiomegaly_1,-5.5036907,0.0040552043,0.8891534
real,00029493_000.png,29493,,cardiomegaly_1,-6.6100426,0.0013449634,0.9755274
real,00005579_000.png,5579,,cardiomegaly_1,-5.968853,0.0025506504,0.91031283
real,00015795_004.png,15795,,cardiomegaly_1,-6.269726,0.0018891717,0.9522781
real,00000262_000.png,262,,cardiomegaly_1,-6.471609,0.0015443461,0.9687401
real,00019413_000.png,19413,,cardiomegaly_1,-6.3112164,0.001812532,0.95432276
real,00008147_000.png,8147,,cardiomegaly_1,-6.540457,0.0014417473,0.9819789
real,00012951_000.png,12951,,cardiomegaly_1,-5.5094795,0.004031892,0.86436766
real,00024613_000.png,24613,,cardiomegaly_1,-6.6776695,0.0012571255,0.97367793
real,00003577_000.png,3577,,cardiomegaly_1,-6.3815784,0.0016895898,0.9600456
real,00014352_007.png,14352,,cardiomegaly_1,-6.0524635,0.0023465413,0.9365612
real,00016509_000.png,16509,,cardiomegaly_1,-6.5248795,0.0014643485,0.9586054
real,00010696_000.png,10696,,cardiomegaly_1,-6.392233,0.0016717138,0.95874184
real,00013591_000.png,13591,,cardiomegaly_1,-6.445038,0.0015858655,0.9790948
real,00027305_000.png,27305,,cardiomegaly_1,-6.410095,0.0016421666,0.97261614
real,00018488_002.png,18488,,cardiomegaly_1,-5.666054,0.0034495576,0.9402629
real,00012626_005.png,12626,,cardiomegaly_1,-6.4563427,0.0015680664,0.9757515
real,00023423_000.png,23423,,cardiomegaly_1,-6.6992054,0.0012303748,0.98453194
real,00010481_040.png,10481,,cardiomegaly_1,-6.1101875,0.0022152164,0.9563875
real,00015111_000.png,15111,,cardiomegaly_1,-6.2533493,0.0019203047,0.9530452
real,00023085_009.png,23085,,cardiomegaly_1,-5.3808517,0.0045828,0.93480796
real,00011328_000.png,11328,,cardiomegaly_1,-6.650934,0.0012911445,0.9688337
real,00028475_000.png,28475,,cardiomegaly_1,-6.3184414,0.001799507,0.9560235
real,00022677_005.png,22677,,cardiomegaly_1,-0.80059814,0.3098976,0.36748207
real,00003464_000.png,3464,,cardiomegaly_1,-6.4830494,0.0015268059,0.9736762
real,00010295_000.png,10295,,cardiomegaly_1,-6.4246845,0.001618421,0.9621823
real,00022527_000.png,22527,,cardiomegaly_1,-6.665594,0.0012723785,0.9679905
real,00013970_009.png,13970,,cardiomegaly_1,-5.8259525,0.0029413158,0.9501497
real,00001203_003.png,1203,,cardiomegaly_1,-6.4795876,0.0015320926,0.96741754
real,00015228_000.png,15228,,cardiomegaly_1,-3.331892,0.034493163,0.6493599
real,00001136_001.png,1136,,cardiomegaly_1,-2.7082653,0.062487397,0.46599072
real,00006040_009.png,6040,,cardiomegaly_1,-6.4889545,0.0015178301,0.9537297
real,00008441_000.png,8441,,cardiomegaly_1,-6.70516,0.0012230788,0.9786461
real,00015740_000.png,15740,,cardiomegaly_1,-6.404278,0.0016517318,0.9659795
real,00007109_011.png,7109,,cardiomegaly_1,-5.7839737,0.0030670308,0.89559275
real,00019496_000.png,19496,,cardiomegaly_1,-6.3869267,0.001680593,0.94619954
real,00022882_000.png,22882,,cardiomegaly_1,-6.8095703,0.0011019512,0.9842926
real,00022500_000.png,22500,,cardiomegaly_1,-6.596731,0.001362962,0.9649562
real,00011380_008.png,11380,,cardiomegaly_1,-6.0986214,0.0022409288,0.94812715
real,00000386_000.png,386,,cardiomegaly_1,-6.5261955,0.0014624253,0.97596085
real,00022196_002.png,22196,,cardiomegaly_1,-5.6669044,0.0034466346,0.9233695
real,00018597_002.png,18597,,cardiomegaly_1,-6.4269295,0.0016147977,0.9597041
real,00013969_008.png,13969,,cardiomegaly_1,-6.403509,0.001653,0.9687272
real,00029579_007.png,29579,,cardiomegaly_1,-4.897608,0.0074091135,0.89963907
real,00020485_005.png,20485,,cardiomegaly_1,-6.2036343,0.002017988,0.944418
real,00005002_001.png,5002,,cardiomegaly_1,6.179327,0.99793243,0.9635818
real,00028053_000.png,28053,,cardiomegaly_1,-6.6952877,0.0012351983,0.9817964
real,00000417_003.png,417,,cardiomegaly_1,-5.3098793,0.004918215,0.89290977
real,00016439_000.png,16439,,cardiomegaly_1,-6.785242,0.0011290577,0.9811406
real,00020531_000.png,20531,,cardiomegaly_1,-6.447218,0.0015824174,0.9599334
real,00015435_001.png,15435,,cardiomegaly_1,-5.942936,0.0026174446,0.95063555
real,00002595_001.png,2595,,cardiomegaly_1,-6.2366657,0.0019525477,0.96101576
real,00016512_000.png,16512,,cardiomegaly_1,-6.605631,0.001350902,0.975129
real,00021023_004.png,21023,,cardiomegaly_1,-3.3739796,0.03311864,0.6062315
real,00009273_002.png,9273,,cardiomegaly_1,-5.3631706,0.0046641687,0.92626476
real,00002292_001.png,2292,,cardiomegaly_1,-6.5641594,0.0014080234,0.962022
real,00000757_000.png,757,,cardiomegaly_1,-6.3941307,0.0016685495,0.97433233
real,00006711_000.png,6711,,cardiomegaly_1,-2.837654,0.055323012,0.6926402
real,00016261_001.png,16261,,cardiomegaly_1,-0.36940384,0.4086851,0.3464798
real,00002816_003.png,2816,,cardiomegaly_1,-6.014841,0.0024362863,0.9429563
real,00009378_002.png,9378,,cardiomegaly_1,-6.4257107,0.0016167638,0.97126853
real,00023266_004.png,23266,,cardiomegaly_1,-6.5982647,0.0013608761,0.9647878
real,00003094_004.png,3094,,cardiomegaly_1,-5.2060432,0.005453424,0.86200774
real,00026807_000.png,26807,,cardiomegaly_1,-6.6962433,0.0012340201,0.9774621
real,00012086_001.png,12086,,cardiomegaly_1,-6.364006,0.0017194909,0.9530682
real,00003917_000.png,3917,,cardiomegaly_1,-6.1290264,0.0021739646,0.93926156
real,00010445_003.png,10445,,cardiomegaly_1,-6.3125134,0.0018101869,0.9645318
real,00016184_001.png,16184,,cardiomegaly_1,-5.8485966,0.0028756505,0.91577595
real,00011598_017.png,11598,,cardiomegaly_1,-6.1115303,0.0022122504,0.9464733
real,00025290_002.png,25290,,cardiomegaly_1,-5.731552,0.0032315645,0.9379259
real,00012363_004.png,12363,,cardiomegaly_1,-6.283886,0.0018626587,0.9790126
real,00011813_000.png,11813,,cardiomegaly_1,-6.4862385,0.001521952,0.96024877
real,00010732_000.png,10732,,cardiomegaly_1,-6.7404366,0.0011807352,0.97155654
real,00026927_000.png,26927,,cardiomegaly_1,-5.845705,0.0028839533,0.9572594
real,00017786_013.png,17786,,cardiomegaly_1,-6.325939,0.001786089,0.9573736
real,00018642_000.png,18642,,cardiomegaly_1,-5.7015896,0.0033295285,0.9238265
real,00009668_000.png,9668,,cardiomegaly_1,-6.282818,0.0018646456,0.9771614
real,00005245_000.png,5245,,cardiomegaly_1,-6.4386635,0.0015959905,0.9657387
real,00010120_004.png,10120,,cardiomegaly_1,-6.1306744,0.002170393,0.9656753
real,00007018_005.png,7018,,cardiomegaly_1,-6.80348,0.0011086753,0.98523486
real,00030385_000.png,30385,,cardiomegaly_1,-6.914688,0.0009921059,0.97610897
real,00021631_001.png,21631,,cardiomegaly_1,-6.5478745,0.0014311076,0.98354197
real,00005443_000.png,5443,,cardiomegaly_1,-6.0269375,0.002407064,0.95413274
real,00003439_007.png,3439,,cardiomegaly_1,-6.3106003,0.0018136469,0.9660026
real,00021114_001.png,21114,,cardiomegaly_1,-5.572853,0.0037852416,0.9157998
real,00006135_000.png,6135,,cardiomegaly_1,7.880722,0.9996221,0.99086785
real,00006123_001.png,6123,,cardiomegaly_1,-6.7561893,0.0011623024,0.9823566
real,00004926_000.png,4926,,cardiomegaly_1,3.9796028,0.98164994,0.8796744
real,00019435_003.png,19435,,cardiomegaly_1,-6.8919888,0.0010148605,0.9836761
real,00019535_002.png,19535,,cardiomegaly_1,-6.606615,0.001349575,0.966655
real,00008342_001.png,8342,,cardiomegaly_1,5.346775,0.9952591,0.9262619
real,00014843_000.png,14843,,cardiomegaly_1,-5.3720856,0.0046229637,0.90639746
real,00002492_010.png,2492,,cardiomegaly_1,-6.6180706,0.0013342235,0.9689006
real,00020716_002.png,20716,,cardiomegaly_1,-6.3482704,0.0017467147,0.95396787
real,00027353_000.png,27353,,cardiomegaly_1,-6.492798,0.0015120166,0.9608619
real,00013969_007.png,13969,,cardiomegaly_1,-6.4584427,0.0015647821,0.9763883
real,00010489_000.png,10489,,cardiomegaly_1,-5.920349,0.0026770767,0.9408847
real,00018011_009.png,18011,,cardiomegaly_1,-5.548931,0.003876529,0.9088951
real,00016518_000.png,16518,,cardiomegaly_1,-6.277437,0.0018746868,0.95823824
real,00013214_001.png,13214,,cardiomegaly_1,-6.361803,0.0017232766,0.9727399
real,00007792_000.png,7792,,cardiomegaly_1,-6.540472,0.0014417252,0.9815162
real,00012949_001.png,12949,,cardiomegaly_1,-6.327091,0.0017840364,0.9668437
real,00028570_000.png,28570,,cardiomegaly_1,-6.6178207,0.0013345566,0.97248137
real,00003628_000.png,3628,,cardiomegaly_1,-5.9024487,0.0027252974,0.9502309
real,00026658_002.png,26658,,cardiomegaly_1,-6.2249393,0.0019755336,0.9544702
real,00006490_000.png,6490,,cardiomegaly_1,-6.0814323,0.0022796928,0.97061354
real,00012178_002.png,12178,,cardiomegaly_1,-4.5954876,0.00999636,0.7526081
real,00018037_019.png,18037,,cardiomegaly_1,-6.1051655,0.0022263443,0.9514954
real,00013360_000.png,13360,,cardiomegaly_1,-5.6517124,0.0034992113,0.9017377
real,00003640_000.png,3640,,cardiomegaly_1,-6.5511475,0.0014264379,0.9792969
real,00016568_001.png,16568,,cardiomegaly_1,-5.770687,0.0031079252,0.9125472
real,00015475_000.png,15475,,cardiomegaly_1,-6.520645,0.001470553,0.97140336
real,00029314_000.png,29314,,cardiomegaly_1,-6.827429,0.0010824678,0.98068005
real,00018011_019.png,18011,,cardiomegaly_1,-6.1825867,0.0020608234,0.96863574
real,00009709_007.png,9709,,cardiomegaly_1,-6.1952095,0.002035026,0.9543202
real,00002686_000.png,2686,,cardiomegaly_1,-4.632902,0.009632797,0.8919128
real,00025453_000.png,25453,,cardiomegaly_1,-6.1825504,0.002060898,0.9275257
real,00019716_003.png,19716,,cardiomegaly_1,6.8051643,0.9988932,0.95943636
real,00003792_001.png,3792,,cardiomegaly_1,-5.294592,0.004993601,0.8797557
real,00008184_002.png,8184,,cardiomegaly_1,-6.5554028,0.0014203894,0.9698773
real,00000869_006.png,869,,cardiomegaly_1,-6.1770306,0.0020722817,0.9424877
real,00022574_001.png,22574,,cardiomegaly_1,-5.770296,0.003109137,0.959908
real,00030139_000.png,30139,,cardiomegaly_1,-4.8836136,0.0075127427,0.8364801
real,00010131_005.png,10131,,cardiomegaly_1,-6.2083073,0.0020085988,0.94715255
real,00018016_005.png,18016,,cardiomegaly_1,-5.1857643,0.005564521,0.9122464
real,00030091_000.png,30091,,cardiomegaly_1,-6.3052025,0.0018234452,0.9539466
real,00029426_000.png,29426,,cardiomegaly_1,-6.7801456,0.0011348202,0.97972685
real,00012902_001.png,12902,,cardiomegaly_1,-6.6187935,0.0013332608,0.979032
real,00016865_001.png,16865,,cardiomegaly_1,-6.735136,0.0011870029,0.9750776
real,00008802_008.png,8802,,cardiomegaly_1,-6.556017,0.0014195187,0.9635491
real,00029295_000.png,29295,,cardiomegaly_1,-6.600746,0.001357508,0.9767017
real,00003689_004.png,3689,,cardiomegaly_1,-7.0247593,0.000888791,0.9861682
real,00003064_042.png,3064,,cardiomegaly_1,-6.293848,0.0018442291,0.95142925
real,00017835_006.png,17835,,cardiomegaly_1,-6.0130367,0.0024406756,0.94398665
real,00011690_000.png,11690,,cardiomegaly_1,-5.9309177,0.0026490074,0.96246326
real,00004976_003.png,4976,,cardiomegaly_1,-5.626219,0.0035892413,0.901069
real,00009381_000.png,9381,,cardiomegaly_1,4.3705063,0.987513,0.89184964
real,00010600_000.png,10600,,cardiomegaly_1,-6.437601,0.0015976841,0.9783527
real,00028889_000.png,28889,,cardiomegaly_1,-6.851839,0.001056392,0.9745477
real,00027693_000.png,27693,,cardiomegaly_1,-4.468357,0.011336156,0.7829662
real,00003769_002.png,3769,,cardiomegaly_1,-4.471958,0.011295867,0.828727
real,00019303_000.png,19303,,cardiomegaly_1,-6.475956,0.001537658,0.96385896
real,00013759_000.png,13759,,cardiomegaly_1,-6.6035366,0.0013537304,0.982656
real,00016083_003.png,16083,,cardiomegaly_1,-6.251194,0.0019244401,0.9544653
real,00006981_018.png,6981,,cardiomegaly_1,-6.4033318,0.0016532927,0.9709081
real,00024924_000.png,24924,,cardiomegaly_1,-6.441698,0.0015911624,0.9715561
real,00005532_041.png,5532,,cardiomegaly_1,-3.5192566,0.02876926,0.6708006
real,00011149_000.png,11149,,cardiomegaly_1,-6.3413544,0.0017588156,0.97364736
real,00005623_000.png,5623,,cardiomegaly_1,-6.110531,0.0022144576,0.9551082
real,00011116_000.png,11116,,cardiomegaly_1,-6.344387,0.0017534989,0.95977247
real,00028822_001.png,28822,,cardiomegaly_1,-5.770012,0.0031100179,0.9309229
real,00005410_003.png,5410,,cardiomegaly_1,-5.439604,0.004322438,0.92113507
real,00023468_000.png,23468,,cardiomegaly_1,-6.698206,0.0012316034,0.9761934
real,00010465_005.png,10465,,cardiomegaly_1,-6.04208,0.0023709757,0.9676059
real,00012536_004.png,12536,,cardiomegaly_1,-5.0798874,0.006182153,0.8441345
real,00012772_000.png,12772,,cardiomegaly_1,-6.7648335,0.0011523103,0.9808936
real,00009905_000.png,9905,,cardiomegaly_1,-5.988287,0.0025016824,0.9381796
real,00014094_000.png,14094,,cardiomegaly_1,-5.022936,0.006542084,0.8697304
real,00021346_000.png,21346,,cardiomegaly_1,-3.8973598,0.019891713,0.632771
real,00016801_003.png,16801,,cardiomegaly_1,-4.524906,0.010719577,0.7874745
real,00009335_000.png,9335,,cardiomegaly_1,-6.3500977,0.0017435314,0.955107
real,00009932_006.png,9932,,cardiomegaly_1,-4.719654,0.008839429,0.8181107
real,00024029_000.png,24029,,cardiomegaly_1,-6.515068,0.001478765,0.9721116
real,00005708_000.png,5708,,cardiomegaly_1,-6.6382427,0.0013076139,0.9757872
real,00019911_000.png,19911,,cardiomegaly_1,-5.2139397,0.005410763,0.8939954
real,00004608_000.png,4608,,cardiomegaly_1,-6.524128,0.0014654477,0.9761964
real,00010071_005.png,10071,,cardiomegaly_1,-5.9044,0.0027199993,0.9548386
real,00001548_000.png,1548,,cardiomegaly_1,-6.52351,0.0014663523,0.9718274
real,00011910_012.png,11910,,cardiomegaly_1,-6.160158,0.0021074684,0.9578311
real,00020811_020.png,20811,,cardiomegaly_1,-6.329052,0.0017805481,0.95960426
real,00029311_003.png,29311,,cardiomegaly_1,-6.468191,0.0015496255,0.97663903
real,00003174_002.png,3174,,cardiomegaly_1,-6.4412537,0.0015918685,0.9723246
real,00024737_001.png,24737,,cardiomegaly_1,-6.780798,0.001134081,0.98373044
real,00027582_002.png,27582,,cardiomegaly_1,0.5436897,0.63267034,0.3891469
real,00003752_000.png,3752,,cardiomegaly_1,-6.423229,0.0016207743,0.97096556
real,00010279_002.png,10279,,cardiomegaly_1,-1.5685692,0.17242046,0.3998495
real,00020502_001.png,20502,,cardiomegaly_1,-6.29694,0.0018385461,0.9587441
real,00029742_002.png,29742,,cardiomegaly_1,-5.924549,0.0026658867,0.92469615
real,00017381_000.png,17381,,cardiomegaly_1,-6.765238,0.001151845,0.98030204
real,00027326_000.png,27326,,cardiomegaly_1,-6.6217594,0.0013293176,0.98046076
real,00011359_000.png,11359,,cardiomegaly_1,-6.596596,0.0013631461,0.98273075
real,00005401_005.png,5401,,cardiomegaly_1,-6.193264,0.002038981,0.95971215
real,00020884_000.png,20884,,cardiomegaly_1,-6.8307037,0.0010789323,0.98745424
real,00007795_000.png,7795,,cardiomegaly_1,-5.5595894,0.003835589,0.92176765
real,00023636_000.png,23636,,cardiomegaly_1,-6.6106205,0.0013441874,0.97859895
real,00019201_010.png,19201,,cardiomegaly_1,-6.2353497,0.0019551143,0.9667457
real,00014319_000.png,14319,,cardiomegaly_1,-3.4796448,0.029896982,0.6190608
real,00016498_001.png,16498,,cardiomegaly_1,-6.5411396,0.0014407645,0.97784793
real,00020286_025.png,20286,,cardiomegaly_1,-4.3608856,0.012606133,0.72065437
real,00024192_000.png,24192,,cardiomegaly_1,-6.425724,0.0016167425,0.9767394
real,00013886_000.png,13886,,cardiomegaly_1,-6.231741,0.0019621686,0.9518775
real,00004490_004.png,4490,,cardiomegaly_1,-6.326523,0.0017850489,0.9575341
real,00017603_029.png,17603,,cardiomegaly_1,-6.0033894,0.0024642774,0.90007603
real,00007935_000.png,7935,,cardiomegaly_1,7.8605404,0.9996145,0.9896203
real,00010650_000.png,10650,,cardiomegaly_1,-5.755842,0.0031542599,0.91364795
real,00007505_000.png,7505,,cardiomegaly_1,-6.2781487,0.0018733562,0.9646433
real,00010286_001.png,10286,,cardiomegaly_1,-6.3808327,0.0016908483,0.953159
real,00017835_002.png,17835,,cardiomegaly_1,-6.2969055,0.0018386093,0.9652528
edit,00001059_006.png,1059,0.0,cardiomegaly_1,-6.1091747,0.0022174562,0.93241304
edit,00001174_000.png,1174,0.0,cardiomegaly_1,-6.312519,0.0018101765,0.9673508
edit,00001470_001.png,1470,0.0,cardiomegaly_1,-1.6966591,0.1549021,0.518186
edit,00001606_004.png,1606,0.0,cardiomegaly_1,-6.0254803,0.0024105657,0.943985
edit,00002139_000.png,2139,0.0,cardiomegaly_1,-6.2459373,0.001934563,0.959142
edit,00002355_005.png,2355,0.0,cardiomegaly_1,-4.798382,0.008175682,0.83776665
edit,00002492_010.png,2492,0.0,cardiomegaly_1,-6.5971127,0.0013624429,0.9651317
edit,00002566_000.png,2566,0.0,cardiomegaly_1,-6.116934,0.0022003548,0.9544915
edit,00003064_010.png,3064,0.0,cardiomegaly_1,-6.2574005,0.0019125557,0.9581656
edit,00003804_012.png,3804,0.0,cardiomegaly_1,-6.073845,0.0022970156,0.95124024
edit,00003917_000.png,3917,0.0,cardiomegaly_1,-5.506611,0.0040434278,0.89334786
edit,00004057_000.png,4057,0.0,cardiomegaly_1,-6.242197,0.0019417985,0.9415552
edit,00005623_000.png,5623,0.0,cardiomegaly_1,-6.0913887,0.002257159,0.944182
edit,00006012_000.png,6012,0.0,cardiomegaly_1,-6.3488064,0.0017457803,0.9720426
edit,00006791_002.png,6791,0.0,cardiomegaly_1,-5.808468,0.002993041,0.9267599
edit,00006921_000.png,6921,0.0,cardiomegaly_1,-6.3209896,0.0017949354,0.950152
edit,00006981_017.png,6981,0.0,cardiomegaly_1,-6.266159,0.0018959092,0.9443924
edit,00007082_000.png,7082,0.0,cardiomegaly_1,-4.692034,0.009084732,0.7812578
edit,00007159_000.png,7159,0.0,cardiomegaly_1,-5.5589504,0.003838031,0.8876819
edit,00007340_004.png,7340,0.0,cardiomegaly_1,-5.7953224,0.0030325253,0.9437174
edit,00007589_000.png,7589,0.0,cardiomegaly_1,-6.5555,0.0014202514,0.980353
edit,00007931_000.png,7931,0.0,cardiomegaly_1,-5.6676884,0.0034439429,0.9339093
edit,00008142_005.png,8142,0.0,cardiomegaly_1,-6.509039,0.0014876944,0.97715354
edit,00008147_000.png,8147,0.0,cardiomegaly_1,-6.5194054,0.0014723745,0.9797769
edit,00008184_003.png,8184,0.0,cardiomegaly_1,-6.003582,0.0024638039,0.9578721
edit,00008359_000.png,8359,0.0,cardiomegaly_1,-5.9992886,0.0024743783,0.957458
edit,00008386_001.png,8386,0.0,cardiomegaly_1,-6.456709,0.0015674932,0.9780055
edit,00008802_008.png,8802,0.0,cardiomegaly_1,-6.4543495,0.00157119,0.9635195
edit,00009090_001.png,9090,0.0,cardiomegaly_1,-5.774603,0.0030958166,0.9591283
edit,00009105_003.png,9105,0.0,cardiomegaly_1,-5.8320274,0.002923554,0.9329244
edit,00009306_000.png,9306,0.0,cardiomegaly_1,-6.529066,0.0014582395,0.97623724
edit,00009335_000.png,9335,0.0,cardiomegaly_1,-5.326273,0.0048386315,0.88956314
edit,00009409_002.png,9409,0.0,cardiomegaly_1,-6.5375195,0.0014459821,0.9763052
edit,00009761_000.png,9761,0.0,cardiomegaly_1,1.1875038,0.76629436,0.35292327
edit,00010465_001.png,10465,0.0,cardiomegaly_1,-5.63035,0.0035744966,0.94722503
edit,00010892_000.png,10892,0.0,cardiomegaly_1,-6.108568,0.0022187983,0.95431674
edit,00010931_003.png,10931,0.0,cardiomegaly_1,-6.313122,0.0018090878,0.9720783
edit,00010964_000.png,10964,0.0,cardiomegaly_1,-6.3945904,0.0016677841,0.9758619
edit,00011611_000.png,11611,0.0,cardiomegaly_1,-6.0850353,0.0022715123,0.95082635
edit,00012129_000.png,12129,0.0,cardiomegaly_1,-6.472437,0.0015430702,0.97352886
edit,00012400_000.png,12400,0.0,cardiomegaly_1,-6.587059,0.0013761905,0.9752623
edit,00012772_003.png,12772,0.0,cardiomegaly_1,-6.382246,0.0016884643,0.9630867
edit,00012902_001.png,12902,0.0,cardiomegaly_1,-6.458786,0.0015642458,0.97273135
edit,00013441_000.png,13441,0.0,cardiomegaly_1,-6.014591,0.0024368938,0.9433494
edit,00013678_003.png,13678,0.0,cardiomegaly_1,-4.803919,0.008130905,0.8040738
edit,00013759_000.png,13759,0.0,cardiomegaly_1,-6.7252655,0.0011987631,0.98620707
edit,00014281_000.png,14281,0.0,cardiomegaly_1,-6.52367,0.0014661177,0.962214
edit,00014295_001.png,14295,0.0,cardiomegaly_1,-6.6882915,0.0012438595,0.97967774
edit,00014387_006.png,14387,0.0,cardiomegaly_1,-3.643158,0.02550219,0.62696904
edit,00014838_000.png,14838,0.0,cardiomegaly_1,-6.2992344,0.0018343402,0.96404576
edit,00014954_000.png,14954,0.0,cardiomegaly_1,-6.447071,0.0015826494,0.97066945
edit,00015056_005.png,15056,0.0,cardiomegaly_1,-4.6625977,0.009353587,0.85318255
edit,00015087_011.png,15087,0.0,cardiomegaly_1,-6.290537,0.0018503343,0.95907795
edit,00016191_019.png,16191,0.0,cardiomegaly_1,-6.090782,0.0022585252,0.9401567
edit,00016245_000.png,16245,0.0,cardiomegaly_1,-6.898697,0.0010080823,0.9840718
edit,00016498_001.png,16498,0.0,cardiomegaly_1,-6.5765266,0.0013907413,0.9779232
edit,00016509_001.png,16509,0.0,cardiomegaly_1,-6.2022343,0.0020208093,0.9390135
edit,00016512_001.png,16512,0.0,cardiomegaly_1,-6.3886776,0.0016776577,0.9548292
edit,00016724_002.png,16724,0.0,cardiomegaly_1,-5.504328,0.0040526325,0.9404904
edit,00016865_000.png,16865,0.0,cardiomegaly_1,-6.635086,0.0013117427,0.97308457
edit,00016907_000.png,16907,0.0,cardiomegaly_1,-6.1588383,0.0021102459,0.94623494
edit,00017381_000.png,17381,0.0,cardiomegaly_1,-6.383871,0.0016857273,0.96558696
edit,00018008_000.png,18008,0.0,cardiomegaly_1,-6.1674576,0.0020921733,0.94540256
edit,00018011_000.png,18011,0.0,cardiomegaly_1,-5.5258064,0.003966857,0.8918471
edit,00018488_002.png,18488,0.0,cardiomegaly_1,-5.5202465,0.0039888853,0.9344597
edit,00018616_000.png,18616,0.0,cardiomegaly_1,-3.7323265,0.023377493,0.6963317
edit,00019435_003.png,19435,0.0,cardiomegaly_1,-6.9605446,0.0009476809,0.98504466
edit,00019535_002.png,19535,0.0,cardiomegaly_1,-6.3794117,0.0016932485,0.94645077
edit,00019544_000.png,19544,0.0,cardiomegaly_1,-6.778902,0.0011362307,0.9739095
edit,00019911_001.png,19911,0.0,cardiomegaly_1,-6.3440323,0.00175412,0.95523864
edit,00020318_024.png,20318,0.0,cardiomegaly_1,-5.3078594,0.0049281097,0.92455244
edit,00020341_000.png,20341,0.0,cardiomegaly_1,-5.7650166,0.003125544,0.91547817
edit,00020642_006.png,20642,0.0,cardiomegaly_1,-6.5555687,0.0014201541,0.9731165
edit,00020674_000.png,20674,0.0,cardiomegaly_1,-6.3951683,0.001666822,0.9705027
edit,00020716_002.png,20716,0.0,cardiomegaly_1,-5.8252487,0.002943381,0.92732364
edit,00020802_000.png,20802,0.0,cardiomegaly_1,-6.35075,0.0017423963,0.96760386
edit,00021023_024.png,21023,0.0,cardiomegaly_1,-6.327669,0.0017830074,0.94791526
edit,00021569_000.png,21569,0.0,cardiomegaly_1,-6.607355,0.0013485779,0.9801061
edit,00022341_000.png,22341,0.0,cardiomegaly_1,-6.513502,0.001481079,0.97461516
edit,00022582_001.png,22582,0.0,cardiomegaly_1,-6.482683,0.0015273642,0.96671075
edit,00022712_000.png,22712,0.0,cardiomegaly_1,-6.7849464,0.0011293913,0.9839626
edit,00023621_000.png,23621,0.0,cardiomegaly_1,-6.674967,0.0012605236,0.9766652
edit,00023776_000.png,23776,0.0,cardiomegaly_1,-6.3617764,0.0017233226,0.96656704
edit,00024192_000.png,24192,0.0,cardiomegaly_1,-6.2641068,0.0018997969,0.96496874
edit,00024326_000.png,24326,0.0,cardiomegaly_1,-6.973791,0.00093522185,0.9880241
edit,00024474_000.png,24474,0.0,cardiomegaly_1,-6.615595,0.0013375265,0.97998285
edit,00024583_000.png,24583,0.0,cardiomegaly_1,-6.5685654,0.0014018421,0.9793834
edit,00025054_000.png,25054,0.0,cardiomegaly_1,-6.5785275,0.0013879654,0.9693613
edit,00026354_001.png,26354,0.0,cardiomegaly_1,-4.7661095,0.008441571,0.80170584
edit,00026807_000.png,26807,0.0,cardiomegaly_1,-6.6304893,0.0013177784,0.97888124
edit,00027305_000.png,27305,0.0,cardiomegaly_1,-6.273411,0.0018822362,0.9660765
edit,00028027_005.png,28027,0.0,cardiomegaly_1,-4.3725185,0.012462153,0.7920187
edit,00028053_000.png,28053,0.0,cardiomegaly_1,-6.6254997,0.0013243613,0.98208416
edit,00028457_000.png,28457,0.0,cardiomegaly_1,-5.787306,0.003056859,0.9186352
edit,00028962_000.png,28962,0.0,cardiomegaly_1,-6.2438354,0.0019386257,0.95817596
edit,00029393_000.png,29393,0.0,cardiomegaly_1,-4.1903553,0.014915076,0.6768402
edit,00029569_000.png,29569,0.0,cardiomegaly_1,-5.076088,0.00620554,0.90214586
edit,00029648_000.png,29648,0.0,cardiomegaly_1,-6.688757,0.0012432815,0.97512555
edit,00030332_000.png,30332,0.0,cardiomegaly_1,-6.3888645,0.0016773448,0.96300524
edit,00030805_000.png,30805,0.0,cardiomegaly_1,-6.8042164,0.0011078601,0.98120373
edit,00001059_006.png,1059,0.06,cardiomegaly_1,-5.937063,0.0026328207,0.91747195
edit,00001174_000.png,1174,0.06,cardiomegaly_1,-6.1759834,0.0020744484,0.9587781
edit,00001470_001.png,1470,0.06,cardiomegaly_1,-1.6810799,0.15695252,0.42891544
edit,00001606_004.png,1606,0.06,cardiomegaly_1,-3.2763252,0.036392365,0.7090092
edit,00002139_000.png,2139,0.06,cardiomegaly_1,-6.117176,0.002199823,0.948323
edit,00002355_005.png,2355,0.06,cardiomegaly_1,2.7489052,0.9398515,0.8409005
edit,00002492_010.png,2492,0.06,cardiomegaly_1,-6.3714237,0.0017068052,0.9557729
edit,00002566_000.png,2566,0.06,cardiomegaly_1,-5.018141,0.0065733227,0.8615651
edit,00003064_010.png,3064,0.06,cardiomegaly_1,-5.9113197,0.002701293,0.9378052
edit,00003804_012.png,3804,0.06,cardiomegaly_1,-5.777172,0.0030878978,0.9367585
edit,00003917_000.png,3917,0.06,cardiomegaly_1,-4.721878,0.0088199675,0.80320865
edit,00004057_000.png,4057,0.06,cardiomegaly_1,-6.284956,0.0018606705,0.941289
edit,00005623_000.png,5623,0.06,cardiomegaly_1,-6.102844,0.0022315066,0.95568514
edit,00006012_000.png,6012,0.06,cardiomegaly_1,-5.9899044,0.0024976495,0.95409197
edit,00006791_002.png,6791,0.06,cardiomegaly_1,-4.0454483,0.01720081,0.77393955
edit,00006921_000.png,6921,0.06,cardiomegaly_1,-6.373625,0.0017030588,0.948527
edit,00006981_017.png,6981,0.06,cardiomegaly_1,-6.0934525,0.0022525159,0.936743
edit,00007082_000.png,7082,0.06,cardiomegaly_1,-3.1948624,0.039359517,0.60913014
edit,00007159_000.png,7159,0.06,cardiomegaly_1,-1.7958679,0.1423548,0.510944
edit,00007340_004.png,7340,0.06,cardiomegaly_1,-5.85211,0.0028655939,0.9388169
edit,00007589_000.png,7589,0.06,cardiomegaly_1,-6.51569,0.0014778472,0.9781083
edit,00007931_000.png,7931,0.06,cardiomegaly_1,-3.9998035,0.01798968,0.778239
edit,00008142_005.png,8142,0.06,cardiomegaly_1,-6.5484276,0.0014303173,0.977825
edit,00008147_000.png,8147,0.06,cardiomegaly_1,-6.5764923,0.0013907889,0.98210436
edit,00008184_003.png,8184,0.06,cardiomegaly_1,-5.4484234,0.0042846464,0.9322183
edit,00008359_000.png,8359,0.06,cardiomegaly_1,-4.740904,0.008655184,0.8962419
edit,00008386_001.png,8386,0.06,cardiomegaly_1,-6.384014,0.0016854864,0.9720781
edit,00008802_008.png,8802,0.06,cardiomegaly_1,-6.433382,0.0016044283,0.9637399
edit,00009090_001.png,9090,0.06,cardiomegaly_1,8.074371,0.99968874,0.9948638
edit,00009105_003.png,9105,0.06,cardiomegaly_1,-5.7615776,0.0031362772,0.91506475
edit,00009306_000.png,9306,0.06,cardiomegaly_1,-6.3253517,0.0017871368,0.9681481
edit,00009335_000.png,9335,0.06,cardiomegaly_1,-4.091408,0.016440865,0.756478
edit,00009409_002.png,9409,0.06,cardiomegaly_1,-6.3024025,0.0018285486,0.96422374
edit,00009761_000.png,9761,0.06,cardiomegaly_1,3.5266056,0.9714354,0.7796174
edit,00010465_001.png,10465,0.06,cardiomegaly_1,-5.169052,0.005657768,0.88202614
edit,00010892_000.png,10892,0.06,cardiomegaly_1,-6.208355,0.0020085033,0.96316385
edit,00010931_003.png,10931,0.06,cardiomegaly_1,-6.3066483,0.0018208157,0.96867913
edit,00010964_000.png,10964,0.06,cardiomegaly_1,-6.1965656,0.002032274,0.9616096
edit,00011611_000.png,11611,0.06,cardiomegaly_1,-6.1802044,0.0020657287,0.9478781
edit,00012129_000.png,12129,0.06,cardiomegaly_1,-6.417589,0.0016299264,0.96986973
edit,00012400_000.png,12400,0.06,cardiomegaly_1,-6.0985794,0.0022410227,0.94904923
edit,00012772_003.png,12772,0.06,cardiomegaly_1,-6.352648,0.0017390985,0.9631261
edit,00012902_001.png,12902,0.06,cardiomegaly_1,-6.2327213,0.0019602494,0.9614995
edit,00013441_000.png,13441,0.06,cardiomegaly_1,-5.764759,0.003126346,0.93777066
edit,00013678_003.png,13678,0.06,cardiomegaly_1,-3.617344,0.026151637,0.59691244
edit,00013759_000.png,13759,0.06,cardiomegaly_1,-6.6956997,0.0012346902,0.98388857
edit,00014281_000.png,14281,0.06,cardiomegaly_1,-6.3821983,0.0016885445,0.9476192
edit,00014295_001.png,14295,0.06,cardiomegaly_1,-6.588789,0.0013738149,0.9743696
edit,00014387_006.png,14387,0.06,cardiomegaly_1,-3.1382046,0.041558575,0.592672
edit,00014838_000.png,14838,0.06,cardiomegaly_1,-4.8763466,0.007567121,0.8866603
edit,00014954_000.png,14954,0.06,cardiomegaly_1,-6.47521,0.0015388035,0.97373366
edit,00015056_005.png,15056,0.06,cardiomegaly_1,1.1795673,0.76487005,0.62890536
edit,00015087_011.png,15087,0.06,cardiomegaly_1,-5.046276,0.0063921236,0.85956997
edit,00016191_019.png,16191,0.06,cardiomegaly_1,-5.988611,0.0025008735,0.93634826
edit,00016245_000.png,16245,0.06,cardiomegaly_1,-6.7706985,0.0011455794,0.9797819
edit,00016498_001.png,16498,0.06,cardiomegaly_1,-6.503702,0.0014956433,0.9746411
edit,00016509_001.png,16509,0.06,cardiomegaly_1,-1.3326492,0.2087215,0.3093604
edit,00016512_001.png,16512,0.06,cardiomegaly_1,-5.9155254,0.0026899867,0.93579435
edit,00016724_002.png,16724,0.06,cardiomegaly_1,-4.7264576,0.008780021,0.8790052
edit,00016865_000.png,16865,0.06,cardiomegaly_1,-6.110735,0.0022140068,0.9593671
edit,00016907_000.png,16907,0.06,cardiomegaly_1,-6.1004105,0.002236932,0.9516495
edit,00017381_000.png,17381,0.06,cardiomegaly_1,-6.2548866,0.0019173605,0.9617841
edit,00018008_000.png,18008,0.06,cardiomegaly_1,-6.0688953,0.0023083868,0.9451165
edit,00018011_000.png,18011,0.06,cardiomegaly_1,-3.810009,0.021668075,0.68386436
edit,00018488_002.png,18488,0.06,cardiomegaly_1,-5.4033794,0.0044811717,0.92594194
edit,00018616_000.png,18616,0.06,cardiomegaly_1,-2.7858868,0.05809161,0.58227164
edit,00019435_003.png,19435,0.06,cardiomegaly_1,-7.0242786,0.0008892179,0.98690325
edit,00019535_002.png,19535,0.06,cardiomegaly_1,-6.268276,0.0018919071,0.93764555
edit,00019544_000.png,19544,0.06,cardiomegaly_1,-6.4389973,0.0015954586,0.9637154
edit,00019911_001.png,19911,0.06,cardiomegaly_1,-6.371151,0.0017072699,0.9526172
edit,00020318_024.png,20318,0.06,cardiomegaly_1,-5.345587,0.004746515,0.93089366
edit,00020341_000.png,20341,0.06,cardiomegaly_1,-5.8164253,0.0029693886,0.9134683
edit,00020642_006.png,20642,0.06,cardiomegaly_1,-6.555067,0.0014208658,0.9699858
edit,00020674_000.png,20674,0.06,cardiomegaly_1,-6.333563,0.0017725484,0.97064036
edit,00020716_002.png,20716,0.06,cardiomegaly_1,-3.8239803,0.021373875,0.67723554
edit,00020802_000.png,20802,0.06,cardiomegaly_1,-6.2261276,0.001973192,0.96714914
edit,00021023_024.png,21023,0.06,cardiomegaly_1,-6.312063,0.0018110005,0.94627106
edit,00021569_000.png,21569,0.06,cardiomegaly_1,-6.5379753,0.001445324,0.9753948
edit,00022341_000.png,22341,0.06,cardiomegaly_1,-6.535824,0.0014484326,0.9707696
edit,00022582_001.png,22582,0.06,cardiomegaly_1,-6.3246593,0.0017883725,0.9585703
edit,00022712_000.png,22712,0.06,cardiomegaly_1,-6.7827225,0.0011319029,0.98200035
edit,00023621_000.png,23621,0.06,cardiomegaly_1,-6.310976,0.0018129668,0.96539354
edit,00023776_000.png,23776,0.06,cardiomegaly_1,-6.3856144,0.001682796,0.966152
edit,00024192_000.png,24192,0.06,cardiomegaly_1,-6.2165527,0.0019921379,0.96299493
edit,00024326_000.png,24326,0.06,cardiomegaly_1,-6.864458,0.0010431589,0.98795456
edit,00024474_000.png,24474,0.06,cardiomegaly_1,-6.7167015,0.0012090609,0.9824398
edit,00024583_000.png,24583,0.06,cardiomegaly_1,-6.59902,0.0013598502,0.97627085
edit,00025054_000.png,25054,0.06,cardiomegaly_1,-6.5004673,0.001500482,0.96961147
edit,00026354_001.png,26354,0.06,cardiomegaly_1,-0.718153,0.32779983,0.35663182
edit,00026807_000.png,26807,0.06,cardiomegaly_1,-6.7542267,0.0011645834,0.98125106
edit,00027305_000.png,27305,0.06,cardiomegaly_1,-6.3212624,0.0017944468,0.97021425
edit,00028027_005.png,28027,0.06,cardiomegaly_1,-3.9181137,0.0194911,0.7065861
edit,00028053_000.png,28053,0.06,cardiomegaly_1,-6.722128,0.0012025258,0.9840416
edit,00028457_000.png,28457,0.06,cardiomegaly_1,2.028326,0.8837392,0.6455975
edit,00028962_000.png,28962,0.06,cardiomegaly_1,-6.16794,0.0020911659,0.95139474
edit,00029393_000.png,29393,0.06,cardiomegaly_1,-0.27531242,0.43160337,0.25410354
edit,00029569_000.png,29569,0.06,cardiomegaly_1,-1.6947327,0.15515445,0.39837614
edit,00029648_000.png,29648,0.06,cardiomegaly_1,-6.533537,0.0014517439,0.96868783
edit,00030332_000.png,30332,0.06,cardiomegaly_1,-6.322075,0.0017929921,0.95973617
edit,00030805_000.png,30805,0.06,cardiomegaly_1,-6.2570915,0.0019131457,0.9632398
edit,00001059_006.png,1059,0.12,cardiomegaly_1,-5.218582,0.005385837,0.83221465
edit,00001174_000.png,1174,0.12,cardiomegaly_1,-5.630617,0.0035735455,0.9331297
edit,00001470_001.png,1470,0.12,cardiomegaly_1,-1.3127613,0.21202514,0.3898866
edit,00001606_004.png,1606,0.12,cardiomegaly_1,7.907282,0.9996321,0.98965096
edit,00002139_000.png,2139,0.12,cardiomegaly_1,-5.1783066,0.005605941,0.8835863
edit,00002355_005.png,2355,0.12,cardiomegaly_1,6.76635,0.9988494,0.9869901
edit,00002492_010.png,2492,0.12,cardiomegaly_1,-5.876671,0.0027962641,0.93141806
edit,00002566_000.png,2566,0.12,cardiomegaly_1,7.370762,0.999371,0.9919665
edit,00003064_010.png,3064,0.12,cardiomegaly_1,-4.6511517,0.009460246,0.8083676
edit,00003804_012.png,3804,0.12,cardiomegaly_1,-5.671425,0.003431143,0.92038035
edit,00003917_000.png,3917,0.12,cardiomegaly_1,-2.8580208,0.05426819,0.40031517
edit,00004057_000.png,4057,0.12,cardiomegaly_1,-6.2628098,0.0019022576,0.9417903
edit,00005623_000.png,5623,0.12,cardiomegaly_1,-6.0573616,0.0023351025,0.94415945
edit,00006012_000.png,6012,0.12,cardiomegaly_1,-4.09169,0.016436301,0.7632498
edit,00006791_002.png,6791,0.12,cardiomegaly_1,6.376116,0.9983012,0.9822908
edit,00006921_000.png,6921,0.12,cardiomegaly_1,-6.4159107,0.0016326599,0.9504929
edit,00006981_017.png,6981,0.12,cardiomegaly_1,-6.2251263,0.0019751647,0.9435787
edit,00007082_000.png,7082,0.12,cardiomegaly_1,3.2359886,0.96216637,0.75769013
edit,00007159_000.png,7159,0.12,cardiomegaly_1,6.76157,0.9988439,0.98258394
edit,00007340_004.png,7340,0.12,cardiomegaly_1,-5.6893272,0.0033704687,0.93212634
edit,00007589_000.png,7589,0.12,cardiomegaly_1,-6.52347,0.0014664109,0.97800577
edit,00007931_000.png,7931,0.12,cardiomegaly_1,-0.7607765,0.3184777,0.4059427
edit,00008142_005.png,8142,0.12,cardiomegaly_1,-6.6674976,0.0012699618,0.9800838
edit,00008147_000.png,8147,0.12,cardiomegaly_1,-6.5716095,0.0013975871,0.9800379
edit,00008184_003.png,8184,0.12,cardiomegaly_1,-4.951908,0.007020273,0.87872624
edit,00008359_000.png,8359,0.12,cardiomegaly_1,3.556179,0.9722447,0.8319591
edit,00008386_001.png,8386,0.12,cardiomegaly_1,-6.35812,0.0017296242,0.9704837
edit,00008802_008.png,8802,0.12,cardiomegaly_1,-6.0095844,0.0024490955,0.94421834
edit,00009090_001.png,9090,0.12,cardiomegaly_1,9.22661,0.99990165,0.99760985
edit,00009105_003.png,9105,0.12,cardiomegaly_1,-4.9189415,0.0072538583,0.87863654
edit,00009306_000.png,9306,0.12,cardiomegaly_1,-6.1483936,0.002132355,0.9597338
edit,00009335_000.png,9335,0.12,cardiomegaly_1,4.865505,0.992351,0.91449535
edit,00009409_002.png,9409,0.12,cardiomegaly_1,-5.982172,0.0025169884,0.95554155
edit,00009761_000.png,9761,0.12,cardiomegaly_1,6.9663353,0.9990578,0.9847621
edit,00010465_001.png,10465,0.12,cardiomegaly_1,-1.824482,0.13889694,0.3845792
edit,00010892_000.png,10892,0.12,cardiomegaly_1,-6.190441,0.0020447331,0.9535489
edit,00010931_003.png,10931,0.12,cardiomegaly_1,-6.331936,0.0017754296,0.9658607
edit,00010964_000.png,10964,0.12,cardiomegaly_1,-2.564209,0.07147769,0.6398228
edit,00011611_000.png,11611,0.12,cardiomegaly_1,-5.723549,0.0032574465,0.9256949
edit,00012129_000.png,12129,0.12,cardiomegaly_1,-6.529442,0.0014576925,0.9727185
edit,00012400_000.png,12400,0.12,cardiomegaly_1,2.0492344,0.8858702,0.5166677
edit,00012772_003.png,12772,0.12,cardiomegaly_1,-6.2751064,0.0018790534,0.95865303
edit,00012902_001.png,12902,0.12,cardiomegaly_1,-4.518919,0.010783255,0.8081848
edit,00013441_000.png,13441,0.12,cardiomegaly_1,-3.7072544,0.023956804,0.7228981
edit,00013678_003.png,13678,0.12,cardiomegaly_1,3.6867027,0.9755579,0.8777283
edit,00013759_000.png,13759,0.12,cardiomegaly_1,-6.835184,0.0010741145,0.9844228
edit,00014281_000.png,14281,0.12,cardiomegaly_1,-6.3418827,0.0017578882,0.94178313
edit,00014295_001.png,14295,0.12,cardiomegaly_1,-6.564152,0.0014080341,0.973551
edit,00014387_006.png,14387,0.12,cardiomegaly_1,-3.050932,0.045177255,0.56032854
edit,00014838_000.png,14838,0.12,cardiomegaly_1,-0.076517105,0.48088005,0.46168172
edit,00014954_000.png,14954,0.12,cardiomegaly_1,-6.2715034,0.001885823,0.96582675
edit,00015056_005.png,15056,0.12,cardiomegaly_1,6.8512783,0.99894303,0.98787004
edit,00015087_011.png,15087,0.12,cardiomegaly_1,3.1105213,0.9573246,0.785176
edit,00016191_019.png,16191,0.12,cardiomegaly_1,-4.7810593,0.008317351,0.85372037
edit,00016245_000.png,16245,0.12,cardiomegaly_1,-6.881729,0.0010253154,0.98125654
edit,00016498_001.png,16498,0.12,cardiomegaly_1,-6.3440533,0.0017540833,0.97039044
edit,00016509_001.png,16509,0.12,cardiomegaly_1,4.777212,0.9916509,0.8824166
edit,00016512_001.png,16512,0.12,cardiomegaly_1,-3.8224297,0.021406334,0.63379
edit,00016724_002.png,16724,0.12,cardiomegaly_1,-2.4421215,0.0800166,0.52729297
edit,00016865_000.png,16865,0.12,cardiomegaly_1,-3.9722233,0.018483447,0.7971814
edit,00016907_000.png,16907,0.12,cardiomegaly_1,-6.1263123,0.0021798604,0.9502121
edit,00017381_000.png,17381,0.12,cardiomegaly_1,-5.95813,0.0025780776,0.95367455
edit,00018008_000.png,18008,0.12,cardiomegaly_1,-6.1051617,0.0022263527,0.9403991
edit,00018011_000.png,18011,0.12,cardiomegaly_1,4.373781,0.98755336,0.8212965
edit,00018488_002.png,18488,0.12,cardiomegaly_1,-5.4771786,0.0041637006,0.93264395
edit,00018616_000.png,18616,0.12,cardiomegaly_1,4.053833,0.9829404,0.8933315
edit,00019435_003.png,19435,0.12,cardiomegaly_1,-6.946556,0.0009610179,0.9836419
edit,00019535_002.png,19535,0.12,cardiomegaly_1,-6.0665092,0.0023138884,0.9180082
edit,00019544_000.png,19544,0.12,cardiomegaly_1,-3.6250648,0.025955718,0.74786663
edit,00019911_001.png,19911,0.12,cardiomegaly_1,-6.238821,0.0019483522,0.95405537
edit,00020318_024.png,20318,0.12,cardiomegaly_1,-5.2240124,0.005356826,0.9229845
edit,00020341_000.png,20341,0.12,cardiomegaly_1,-5.7768326,0.0030889432,0.90477055
edit,00020642_006.png,20642,0.12,cardiomegaly_1,-6.5444775,0.0014359704,0.9694471
edit,00020674_000.png,20674,0.12,cardiomegaly_1,-6.393791,0.001669115,0.96655643
edit,00020716_002.png,20716,0.12,cardiomegaly_1,1.9463749,0.8750508,0.5383009
edit,00020802_000.png,20802,0.12,cardiomegaly_1,-6.2919483,0.0018477294,0.9673241
edit,00021023_024.png,21023,0.12,cardiomegaly_1,-6.20319,0.0020188831,0.93845445
edit,00021569_000.png,21569,0.12,cardiomegaly_1,-6.3412113,0.0017590667,0.9702814
edit,00022341_000.png,22341,0.12,cardiomegaly_1,-6.209612,0.0020059855,0.95362693
edit,00022582_001.png,22582,0.12,cardiomegaly_1,-4.36199,0.012592393,0.8302438
edit,00022712_000.png,22712,0.12,cardiomegaly_1,-6.6125946,0.00134154,0.97724473
edit,00023621_000.png,23621,0.12,cardiomegaly_1,4.05315,0.9829289,0.80856454
edit,00023776_000.png,23776,0.12,cardiomegaly_1,-6.1467876,0.0021357748,0.9553378
edit,00024192_000.png,24192,0.12,cardiomegaly_1,-5.72908,0.0032395367,0.9345299
edit,00024326_000.png,24326,0.12,cardiomegaly_1,-6.8722076,0.0010351144,0.989433
edit,00024474_000.png,24474,0.12,cardiomegaly_1,-6.7022877,0.0012265928,0.9784157
edit,00024583_000.png,24583,0.12,cardiomegaly_1,-6.6464996,0.0012968755,0.9789412
edit,00025054_000.png,25054,0.12,cardiomegaly_1,-5.7636204,0.003129897,0.92509407
edit,00026354_001.png,26354,0.12,cardiomegaly_1,7.3061066,0.9993291,0.9861276
edit,00026807_000.png,26807,0.12,cardiomegaly_1,-6.706995,0.0012208394,0.9789571
edit,00027305_000.png,27305,0.12,cardiomegaly_1,-6.3082466,0.0018179129,0.9664591
edit,00028027_005.png,28027,0.12,cardiomegaly_1,-3.9940128,0.018092265,0.70092833
edit,00028053_000.png,28053,0.12,cardiomegaly_1,-6.5353374,0.0014491362,0.9763267
edit,00028457_000.png,28457,0.12,cardiomegaly_1,7.339216,0.99935085,0.99027014
edit,00028962_000.png,28962,0.12,cardiomegaly_1,-6.0812645,0.0022800746,0.94585574
edit,00029393_000.png,29393,0.12,cardiomegaly_1,4.574789,0.9897967,0.848847
edit,00029569_000.png,29569,0.12,cardiomegaly_1,6.675888,0.9987406,0.9762729
edit,00029648_000.png,29648,0.12,cardiomegaly_1,-4.898651,0.0074014445,0.8831595
edit,00030332_000.png,30332,0.12,cardiomegaly_1,-6.1007767,0.002236115,0.9449172
edit,00030805_000.png,30805,0.12,cardiomegaly_1,-3.8197498,0.021462543,0.7000002
edit,00001059_006.png,1059,0.18,cardiomegaly_1,-3.4794502,0.029902626,0.59380007
edit,00001174_000.png,1174,0.18,cardiomegaly_1,-3.9189453,0.019475214,0.7996788
edit,00001470_001.png,1470,0.18,cardiomegaly_1,0.19537354,0.5486886,0.3979202
edit,00001606_004.png,1606,0.18,cardiomegaly_1,8.575405,0.99981135,0.9926491
edit,00002139_000.png,2139,0.18,cardiomegaly_1,3.28199,0.9638058,0.7985339
edit,00002355_005.png,2355,0.18,cardiomegaly_1,8.435774,0.9997831,0.994292
edit,00002492_010.png,2492,0.18,cardiomegaly_1,-3.746725,0.023051005,0.77170956
edit,00002566_000.png,2566,0.18,cardiomegaly_1,8.489628,0.9997944,0.99586993
edit,00003064_010.png,3064,0.18,cardiomegaly_1,0.80735207,0.691545,0.38882148
edit,00003804_012.png,3804,0.18,cardiomegaly_1,-5.3060646,0.004936919,0.86886
edit,00003917_000.png,3917,0.18,cardiomegaly_1,3.4470863,0.9691441,0.6999317
edit,00004057_000.png,4057,0.18,cardiomegaly_1,-6.2031994,0.002018864,0.942137
edit,00005623_000.png,5623,0.18,cardiomegaly_1,-6.1134987,0.0022079097,0.9401928
edit,00006012_000.png,6012,0.18,cardiomegaly_1,-1.6261654,0.16435634,0.41649324
edit,00006791_002.png,6791,0.18,cardiomegaly_1,8.530409,0.99980265,0.9962313
edit,00006921_000.png,6921,0.18,cardiomegaly_1,-6.326519,0.0017850557,0.939922
edit,00006981_017.png,6981,0.18,cardiomegaly_1,-6.0698395,0.0023062134,0.94136703
edit,00007082_000.png,7082,0.18,cardiomegaly_1,8.00963,0.9996679,0.9929327
edit,00007159_000.png,7159,0.18,cardiomegaly_1,8.78747,0.9998474,0.9957587
edit,00007340_004.png,7340,0.18,cardiomegaly_1,-4.3940945,0.012199394,0.8574305
edit,00007589_000.png,7589,0.18,cardiomegaly_1,-6.0391197,0.0023779878,0.95449114
edit,00007931_000.png,7931,0.18,cardiomegaly_1,7.207117,0.9992593,0.9895706
edit,00008142_005.png,8142,0.18,cardiomegaly_1,-6.732668,0.0011899326,0.97805846
edit,00008147_000.png,8147,0.18,cardiomegaly_1,-6.3285217,0.0017814907,0.97268695
edit,00008184_003.png,8184,0.18,cardiomegaly_1,4.0922203,0.9835723,0.93624836
edit,00008359_000.png,8359,0.18,cardiomegaly_1,7.1204147,0.9991922,0.98716486
edit,00008386_001.png,8386,0.18,cardiomegaly_1,-6.1313896,0.0021688442,0.9604421
edit,00008802_008.png,8802,0.18,cardiomegaly_1,0.4678669,0.6148788,0.2875183
edit,00009090_001.png,9090,0.18,cardiomegaly_1,9.523054,0.9999268,0.9978801
edit,00009105_003.png,9105,0.18,cardiomegaly_1,-1.4896812,0.18396957,0.5103387
edit,00009306_000.png,9306,0.18,cardiomegaly_1,-2.6695442,0.064794585,0.56953454
edit,00009335_000.png,9335,0.18,cardiomegaly_1,7.8447704,0.99960834,0.9887465
edit,00009409_002.png,9409,0.18,cardiomegaly_1,-3.456995,0.030560935,0.67550755
edit,00009761_000.png,9761,0.18,cardiomegaly_1,7.9673557,0.9996536,0.99380374
edit,00010465_001.png,10465,0.18,cardiomegaly_1,6.5908775,0.9986291,0.9719686
edit,00010892_000.png,10892,0.18,cardiomegaly_1,-5.6411552,0.0035362171,0.90055937
edit,00010931_003.png,10931,0.18,cardiomegaly_1,-0.8960972,0.2898532,0.37241048
edit,00010964_000.png,10964,0.18,cardiomegaly_1,7.4252014,0.9994043,0.9908301
edit,00011611_000.png,11611,0.18,cardiomegaly_1,-4.4455585,0.011594542,0.78163075
edit,00012129_000.png,12129,0.18,cardiomegaly_1,-5.8258266,0.0029416853,0.9427267
edit,00012400_000.png,12400,0.18,cardiomegaly_1,7.185707,0.99924326,0.9814457
edit,00012772_003.png,12772,0.18,cardiomegaly_1,-6.2639904,0.0019000174,0.9553329
edit,00012902_001.png,12902,0.18,cardiomegaly_1,-2.615818,0.06812731,0.53546464
edit,00013441_000.png,13441,0.18,cardiomegaly_1,7.781765,0.99958295,0.9883689
edit,00013678_003.png,13678,0.18,cardiomegaly_1,8.070017,0.9996873,0.9913417
edit,00013759_000.png,13759,0.18,cardiomegaly_1,-6.913725,0.0009930611,0.982777
edit,00014281_000.png,14281,0.18,cardiomegaly_1,-5.8487835,0.0028751146,0.9148178
edit,00014295_001.png,14295,0.18,cardiomegaly_1,-6.5796604,0.0013863958,0.9737118
edit,00014387_006.png,14387,0.18,cardiomegaly_1,-0.5543976,0.36484474,0.40050104
edit,00014838_000.png,14838,0.18,cardiomegaly_1,5.892315,0.99724704,0.9710613
edit,00014954_000.png,14954,0.18,cardiomegaly_1,-6.3041,0.0018254529,0.9598787
edit,00015056_005.png,15056,0.18,cardiomegaly_1,8.689262,0.99983156,0.996391
edit,00015087_011.png,15087,0.18,cardiomegaly_1,5.3829174,0.9954266,0.9610365
edit,00016191_019.png,16191,0.18,cardiomegaly_1,-1.9960442,0.11961888,0.5493987
edit,00016245_000.png,16245,0.18,cardiomegaly_1,-6.8021946,0.0011100998,0.9796518
edit,00016498_001.png,16498,0.18,cardiomegaly_1,-6.2014008,0.002022491,0.9638828
edit,00016509_001.png,16509,0.18,cardiomegaly_1,8.987703,0.99987507,0.9952903
edit,00016512_001.png,16512,0.18,cardiomegaly_1,4.8042107,0.9918715,0.8594529
edit,00016724_002.png,16724,0.18,cardiomegaly_1,5.08832,0.9938694,0.9556608
edit,00016865_000.png,16865,0.18,cardiomegaly_1,4.3779488,0.9876045,0.9197131
edit,00016907_000.png,16907,0.18,cardiomegaly_1,-6.188389,0.0020489253,0.9505586
edit,00017381_000.png,17381,0.18,cardiomegaly_1,-3.6098118,0.026344148,0.65160316
edit,00018008_000.png,18008,0.18,cardiomegaly_1,-6.027977,0.0024045692,0.9395281
edit,00018011_000.png,18011,0.18,cardiomegaly_1,7.3781567,0.99937564,0.9763181
edit,00018488_002.png,18488,0.18,cardiomegaly_1,-5.2737713,0.005098125,0.9166815
edit,00018616_000.png,18616,0.18,cardiomegaly_1,6.8316364,0.9989221,0.98207784
edit,00019435_003.png,19435,0.18,cardiomegaly_1,-6.6258774,0.0013238618,0.9764842
edit,00019535_002.png,19535,0.18,cardiomegaly_1,-4.8027325,0.008140479,0.75766236
edit,00019544_000.png,19544,0.18,cardiomegaly_1,2.490944,0.92350453,0.71816194
edit,00019911_001.png,19911,0.18,cardiomegaly_1,-5.8575916,0.0028499733,0.94045156
edit,00020318_024.png,20318,0.18,cardiomegaly_1,-2.2729435,0.0933887,0.6571416
edit,00020341_000.png,20341,0.18,cardiomegaly_1,-5.8686275,0.002818782,0.917035
edit,00020642_006.png,20642,0.18,cardiomegaly_1,-2.8912067,0.05258996,0.7148342
edit,00020674_000.png,20674,0.18,cardiomegaly_1,-6.2603207,0.0019069894,0.95411396
edit,00020716_002.png,20716,0.18,cardiomegaly_1,7.7859383,0.9995846,0.9909227
edit,00020802_000.png,20802,0.18,cardiomegaly_1,-6.389578,0.0016761506,0.96659636
edit,00021023_024.png,21023,0.18,cardiomegaly_1,-6.1633816,0.0021007003,0.93058753
edit,00021569_000.png,21569,0.18,cardiomegaly_1,-2.7261276,0.06144911,0.5909813
edit,00022341_000.png,22341,0.18,cardiomegaly_1,-4.6831055,0.00916546,0.8326822
edit,00022582_001.png,22582,0.18,cardiomegaly_1,1.128912,0.755638,0.5042645
edit,00022712_000.png,22712,0.18,cardiomegaly_1,-3.268341,0.03667339,0.6983923
edit,00023621_000.png,23621,0.18,cardiomegaly_1,8.098345,0.99969614,0.9920749
edit,00023776_000.png,23776,0.18,cardiomegaly_1,-4.5334682,0.0106291585,0.83288056
edit,00024192_000.png,24192,0.18,cardiomegaly_1,-1.52808,0.17827478,0.5127652
edit,00024326_000.png,24326,0.18,cardiomegaly_1,-6.969866,0.0009388967,0.9880386
edit,00024474_000.png,24474,0.18,cardiomegaly_1,-6.519047,0.0014729019,0.9761397
edit,00024583_000.png,24583,0.18,cardiomegaly_1,-6.58226,0.0013828013,0.97895646
edit,00025054_000.png,25054,0.18,cardiomegaly_1,-2.7105255,0.062355116,0.56041604
edit,00026354_001.png,26354,0.18,cardiomegaly_1,8.986362,0.99987495,0.9940718
edit,00026807_000.png,26807,0.18,cardiomegaly_1,-6.734907,0.0011872742,0.9791221
edit,00027305_000.png,27305,0.18,cardiomegaly_1,-6.0080414,0.002452868,0.95321035
edit,00028027_005.png,28027,0.18,cardiomegaly_1,-3.7761059,0.02239855,0.69846535
edit,00028053_000.png,28053,0.18,cardiomegaly_1,-6.0039177,0.002462979,0.9587069
edit,00028457_000.png,28457,0.18,cardiomegaly_1,8.721737,0.99983704,0.99612117
edit,00028962_000.png,28962,0.18,cardiomegaly_1,-4.836725,0.007870553,0.8770057
edit,00029393_000.png,29393,0.18,cardiomegaly_1,7.6711884,0.99953413,0.9857302
edit,00029569_000.png,29569,0.18,cardiomegaly_1,8.693314,0.9998323,0.9935543
edit,00029648_000.png,29648,0.18,cardiomegaly_1,6.9627857,0.9990545,0.982155
edit,00030332_000.png,30332,0.18,cardiomegaly_1,-5.874132,0.0028033522,0.92687845
edit,00030805_000.png,30805,0.18,cardiomegaly_1,4.705158,0.99103266,0.8613603
edit,00001059_006.png,1059,0.24,cardiomegaly_1,6.656313,0.99871576,0.9885852
edit,00001174_000.png,1174,0.24,cardiomegaly_1,4.1690693,0.98476887,0.8854614
edit,00001470_001.png,1470,0.24,cardiomegaly_1,1.9123573,0.8712837,0.6424991
edit,00001606_004.png,1606,0.24,cardiomegaly_1,9.202364,0.99989915,0.99551314
edit,00002139_000.png,2139,0.24,cardiomegaly_1,7.483818,0.9994382,0.98599637
edit,00002355_005.png,2355,0.24,cardiomegaly_1,9.215345,0.99990046,0.9969187
edit,00002492_010.png,2492,0.24,cardiomegaly_1,0.40188408,0.5991402,0.4579328
edit,00002566_000.png,2566,0.24,cardiomegaly_1,9.013124,0.99987817,0.99709827
edit,00003064_010.png,3064,0.24,cardiomegaly_1,6.7780952,0.99886286,0.98103034
edit,00003804_012.png,3804,0.24,cardiomegaly_1,-4.719507,0.008840716,0.8459641
edit,00003917_000.png,3917,0.24,cardiomegaly_1,7.7832813,0.99958354,0.9872807
edit,00004057_000.png,4057,0.24,cardiomegaly_1,-6.2683887,0.0018916945,0.94257027
edit,00005623_000.png,5623,0.24,cardiomegaly_1,-5.8878517,0.0027652597,0.92531866
edit,00006012_000.png,6012,0.24,cardiomegaly_1,5.5404396,0.9960905,0.95689154
edit,00006791_002.png,6791,0.24,cardiomegaly_1,9.102787,0.99988866,0.99775773
edit,00006921_000.png,6921,0.24,cardiomegaly_1,-6.292368,0.0018469556,0.93989044
edit,00006981_017.png,6981,0.24,cardiomegaly_1,-5.6671753,0.0034457047,0.91601956
edit,00007082_000.png,7082,0.24,cardiomegaly_1,9.355303,0.99991345,0.9975063
edit,00007159_000.png,7159,0.24,cardiomegaly_1,9.301237,0.9999087,0.9968224
edit,00007340_004.png,7340,0.24,cardiomegaly_1,-1.6785965,0.15728141,0.5662028
edit,00007589_000.png,7589,0.24,cardiomegaly_1,-0.16947746,0.45773175,0.51974696
edit,00007931_000.png,7931,0.24,cardiomegaly_1,8.778334,0.999846,0.9967196
edit,00008142_005.png,8142,0.24,cardiomegaly_1,-6.756302,0.0011621718,0.97574145
edit,00008147_000.png,8147,0.24,cardiomegaly_1,-6.3430786,0.0017557908,0.9724767
edit,00008184_003.png,8184,0.24,cardiomegaly_1,8.5882,0.99981374,0.99538755
edit,00008359_000.png,8359,0.24,cardiomegaly_1,8.504488,0.9997975,0.9940036
edit,00008386_001.png,8386,0.24,cardiomegaly_1,3.0185127,0.9534035,0.8419802
edit,00008802_008.png,8802,0.24,cardiomegaly_1,8.478983,0.9997923,0.9927197
edit,00009090_001.png,9090,0.24,cardiomegaly_1,9.759144,0.9999422,0.9983408
edit,00009105_003.png,9105,0.24,cardiomegaly_1,5.1139526,0.9940236,0.9185944
edit,00009306_000.png,9306,0.24,cardiomegaly_1,4.5071125,0.98909,0.93419194
edit,00009335_000.png,9335,0.24,cardiomegaly_1,8.647842,0.9998246,0.9942866
edit,00009409_002.png,9409,0.24,cardiomegaly_1,1.9932003,0.88008136,0.5319611
edit,00009761_000.png,9761,0.24,cardiomegaly_1,8.780743,0.99984634,0.99616194
edit,00010465_001.png,10465,0.24,cardiomegaly_1,8.878963,0.99986076,0.99315965
edit,00010892_000.png,10892,0.24,cardiomegaly_1,-1.4537334,0.18942764,0.39499304
edit,00010931_003.png,10931,0.24,cardiomegaly_1,7.8303432,0.99960274,0.9914131
edit,00010964_000.png,10964,0.24,cardiomegaly_1,9.157866,0.9998946,0.99695307
edit,00011611_000.png,11611,0.24,cardiomegaly_1,2.3936214,0.9163396,0.5516766
edit,00012129_000.png,12129,0.24,cardiomegaly_1,1.2898083,0.7841147,0.648798
edit,00012400_000.png,12400,0.24,cardiomegaly_1,8.958693,0.9998714,0.99506617
edit,00012772_003.png,12772,0.24,cardiomegaly_1,-6.2635117,0.0019009257,0.95123583
edit,00012902_001.png,12902,0.24,cardiomegaly_1,-1.1150417,0.24693215,0.3823957
edit,00013441_000.png,13441,0.24,cardiomegaly_1,8.593603,0.9998148,0.9920891
edit,00013678_003.png,13678,0.24,cardiomegaly_1,9.26631,0.99990547,0.99550426
edit,00013759_000.png,13759,0.24,cardiomegaly_1,-6.6141033,0.0013395202,0.98090756
edit,00014281_000.png,14281,0.24,cardiomegaly_1,-4.0875454,0.01650344,0.75400716
edit,00014295_001.png,14295,0.24,cardiomegaly_1,-6.6047173,0.0013521351,0.97392994
edit,00014387_006.png,14387,0.24,cardiomegaly_1,1.8419838,0.86318314,0.5341757
edit,00014838_000.png,14838,0.24,cardiomegaly_1,9.002626,0.99987686,0.9964903
edit,00014954_000.png,14954,0.24,cardiomegaly_1,-5.8015614,0.0030137212,0.9258855
edit,00015056_005.png,15056,0.24,cardiomegaly_1,9.230518,0.999902,0.9974553
edit,00015087_011.png,15087,0.24,cardiomegaly_1,8.312412,0.9997546,0.9943406
edit,00016191_019.png,16191,0.24,cardiomegaly_1,4.8911476,0.9925432,0.9436708
edit,00016245_000.png,16245,0.24,cardiomegaly_1,-6.1828594,0.0020602625,0.9614186
edit,00016498_001.png,16498,0.24,cardiomegaly_1,-5.2590084,0.005173554,0.9187536
edit,00016509_001.png,16509,0.24,cardiomegaly_1,9.441662,0.9999206,0.9968562
edit,00016512_001.png,16512,0.24,cardiomegaly_1,8.676666,0.99982953,0.9918903
edit,00016724_002.png,16724,0.24,cardiomegaly_1,7.555237,0.99947697,0.9931055
edit,00016865_000.png,16865,0.24,cardiomegaly_1,6.9698887,0.99906117,0.9851871
edit,00016907_000.png,16907,0.24,cardiomegaly_1,-6.145008,0.002139571,0.9499116
edit,00017381_000.png,17381,0.24,cardiomegaly_1,5.1397667,0.99417514,0.921201
edit,00018008_000.png,18008,0.24,cardiomegaly_1,-6.1435146,0.0021427618,0.93972176
edit,00018011_000.png,18011,0.24,cardiomegaly_1,8.7834015,0.9998467,0.9907661
edit,00018488_002.png,18488,0.24,cardiomegaly_1,-5.276619,0.005083701,0.9174824
edit,00018616_000.png,18616,0.24,cardiomegaly_1,7.152956,0.9992181,0.98754615
edit,00019435_003.png,19435,0.24,cardiomegaly_1,-1.4489689,0.1901603,0.39905012
edit,00019535_002.png,19535,0.24,cardiomegaly_1,1.1067047,0.75151426,0.5293764
edit,00019544_000.png,19544,0.24,cardiomegaly_1,7.467102,0.9994287,0.9841833
edit,00019911_001.png,19911,0.24,cardiomegaly_1,0.2543316,0.5632424,0.43153226
edit,00020318_024.png,20318,0.24,cardiomegaly_1,-1.6673374,0.15877949,0.5876136
edit,00020341_000.png,20341,0.24,cardiomegaly_1,-4.77899,0.008334438,0.8042009
edit,00020642_006.png,20642,0.24,cardiomegaly_1,3.9098873,0.98035103,0.8807833
edit,00020674_000.png,20674,0.24,cardiomegaly_1,-0.43268204,0.39348605,0.36515486
edit,00020716_002.png,20716,0.24,cardiomegaly_1,8.867758,0.9998591,0.99549705
edit,00020802_000.png,20802,0.24,cardiomegaly_1,-6.301359,0.001830454,0.9635872
edit,00021023_024.png,21023,0.24,cardiomegaly_1,-6.0441875,0.0023659957,0.92697245
edit,00021569_000.png,21569,0.24,cardiomegaly_1,1.526619,0.8215111,0.50275975
edit,00022341_000.png,22341,0.24,cardiomegaly_1,2.201357,0.9003713,0.61223036
edit,00022582_001.png,22582,0.24,cardiomegaly_1,8.139221,0.99970824,0.98923475
edit,00022712_000.png,22712,0.24,cardiomegaly_1,2.3530045,0.9131727,0.7182881
edit,00023621_000.png,23621,0.24,cardiomegaly_1,9.48782,0.9999242,0.9975392
edit,00023776_000.png,23776,0.24,cardiomegaly_1,2.5223465,0.92569363,0.6481549
edit,00024192_000.png,24192,0.24,cardiomegaly_1,5.159582,0.9942887,0.9443252
edit,00024326_000.png,24326,0.24,cardiomegaly_1,-6.77907,0.0011360402,0.9865631
edit,00024474_000.png,24474,0.24,cardiomegaly_1,-5.484743,0.004132453,0.92716366
edit,00024583_000.png,24583,0.24,cardiomegaly_1,-6.400717,0.0016576146,0.9724502
edit,00025054_000.png,25054,0.24,cardiomegaly_1,6.137745,0.9978448,0.9746846
edit,00026354_001.png,26354,0.24,cardiomegaly_1,9.531679,0.9999275,0.9962936
edit,00026807_000.png,26807,0.24,cardiomegaly_1,-6.760477,0.0011573354,0.9812414
edit,00027305_000.png,27305,0.24,cardiomegaly_1,-3.8547535,0.020739581,0.8007625
edit,00028027_005.png,28027,0.24,cardiomegaly_1,-3.2793255,0.036287297,0.57668716
edit,00028053_000.png,28053,0.24,cardiomegaly_1,-3.6887913,0.024392344,0.77473044
edit,00028457_000.png,28457,0.24,cardiomegaly_1,9.305479,0.99990904,0.9971011
edit,00028962_000.png,28962,0.24,cardiomegaly_1,2.3322697,0.9115145,0.77997774
edit,00029393_000.png,29393,0.24,cardiomegaly_1,8.354132,0.9997646,0.9922183
edit,00029569_000.png,29569,0.24,cardiomegaly_1,8.970026,0.9998728,0.9943996
edit,00029648_000.png,29648,0.24,cardiomegaly_1,8.814854,0.99985147,0.99501586
edit,00030332_000.png,30332,0.24,cardiomegaly_1,-3.8108273,0.021650737,0.74418
edit,00030805_000.png,30805,0.24,cardiomegaly_1,8.293615,0.99974996,0.9898763
edit,00001059_006.png,1059,0.3,cardiomegaly_1,7.9689064,0.99965405,0.9949439
edit,00001174_000.png,1174,0.3,cardiomegaly_1,8.049803,0.999681,0.9919907
edit,00001470_001.png,1470,0.3,cardiomegaly_1,4.113693,0.9839156,0.91252756
edit,00001606_004.png,1606,0.3,cardiomegaly_1,9.412676,0.99991834,0.9964647
edit,00002139_000.png,2139,0.3,cardiomegaly_1,8.19319,0.9997235,0.9924063
edit,00002355_005.png,2355,0.3,cardiomegaly_1,9.36516,0.9999143,0.9969517
edit,00002492_010.png,2492,0.3,cardiomegaly_1,1.9932632,0.880088,0.6433463
edit,00002566_000.png,2566,0.3,cardiomegaly_1,8.823917,0.9998528,0.99674684
edit,00003064_010.png,3064,0.3,cardiomegaly_1,9.110556,0.9998895,0.9958616
edit,00003804_012.png,3804,0.3,cardiomegaly_1,0.8823528,0.70730954,0.46993515
edit,00003917_000.png,3917,0.3,cardiomegaly_1,9.00135,0.99987674,0.99452746
edit,00004057_000.png,4057,0.3,cardiomegaly_1,-5.942898,0.002617544,0.9082462
edit,00005623_000.png,5623,0.3,cardiomegaly_1,-5.2068596,0.005448998,0.83371425
edit,00006012_000.png,6012,0.3,cardiomegaly_1,7.428316,0.9994062,0.9861043
edit,00006791_002.png,6791,0.3,cardiomegaly_1,9.259405,0.99990475,0.99777234
edit,00006921_000.png,6921,0.3,cardiomegaly_1,-4.6826897,0.009169237,0.7636711
edit,00006981_017.png,6981,0.3,cardiomegaly_1,-3.5824738,0.027054524,0.73068744
edit,00007082_000.png,7082,0.3,cardiomegaly_1,9.393957,0.9999168,0.9978279
edit,00007159_000.png,7159,0.3,cardiomegaly_1,9.216867,0.9999007,0.9968267
edit,00007340_004.png,7340,0.3,cardiomegaly_1,6.687393,0.998755,0.98382634
edit,00007589_000.png,7589,0.3,cardiomegaly_1,3.3913307,0.9674325,0.87916666
edit,00007931_000.png,7931,0.3,cardiomegaly_1,9.081669,0.9998863,0.9974818
edit,00008142_005.png,8142,0.3,cardiomegaly_1,-6.560568,0.0014130822,0.97004765
edit,00008147_000.png,8147,0.3,cardiomegaly_1,-5.2808113,0.005062541,0.9265182
edit,00008184_003.png,8184,0.3,cardiomegaly_1,9.164719,0.99989533,0.99682564
edit,00008359_000.png,8359,0.3,cardiomegaly_1,9.249224,0.9999038,0.9962927
edit,00008386_001.png,8386,0.3,cardiomegaly_1,7.152937,0.999218,0.99129695
edit,00008802_008.png,8802,0.3,cardiomegaly_1,9.557985,0.9999293,0.99726355
edit,00009090_001.png,9090,0.3,cardiomegaly_1,9.789183,0.999944,0.99837613
edit,00009105_003.png,9105,0.3,cardiomegaly_1,8.51141,0.99979895,0.98898816
edit,00009306_000.png,9306,0.3,cardiomegaly_1,5.792099,0.9969578,0.9705725
edit,00009335_000.png,9335,0.3,cardiomegaly_1,9.244459,0.9999033,0.9968983
edit,00009409_002.png,9409,0.3,cardiomegaly_1,6.353609,0.9982626,0.96413255
edit,00009761_000.png,9761,0.3,cardiomegaly_1,9.0340805,0.9998807,0.9965679
edit,00010465_001.png,10465,0.3,cardiomegaly_1,9.272673,0.99990606,0.99585986
edit,00010892_000.png,10892,0.3,cardiomegaly_1,5.882538,0.99722004,0.9677956
edit,00010931_003.png,10931,0.3,cardiomegaly_1,8.724676,0.9998375,0.9958544
edit,00010964_000.png,10964,0.3,cardiomegaly_1,9.58115,0.999931,0.9977061
edit,00011611_000.png,11611,0.3,cardiomegaly_1,6.9417458,0.9990344,0.9786529
edit,00012129_000.png,12129,0.3,cardiomegaly_1,8.004993,0.99966633,0.99283487
edit,00012400_000.png,12400,0.3,cardiomegaly_1,9.535234,0.99992776,0.99659264
edit,00012772_003.png,12772,0.3,cardiomegaly_1,-5.529785,0.0039511677,0.89862645
edit,00012902_001.png,12902,0.3,cardiomegaly_1,5.8839245,0.99722385,0.956222
edit,00013441_000.png,13441,0.3,cardiomegaly_1,9.302748,0.9999088,0.99649453
edit,00013678_003.png,13678,0.3,cardiomegaly_1,9.282782,0.999907,0.9960179
edit,00013759_000.png,13759,0.3,cardiomegaly_1,-3.5423317,0.02813147,0.8167125
edit,00014281_000.png,14281,0.3,cardiomegaly_1,5.390745,0.9954621,0.9427134
edit,00014295_001.png,14295,0.3,cardiomegaly_1,-6.1402073,0.0021498452,0.9544829
edit,00014387_006.png,14387,0.3,cardiomegaly_1,3.4012737,0.9677443,0.7765085
edit,00014838_000.png,14838,0.3,cardiomegaly_1,8.980875,0.99987423,0.996861
edit,00014954_000.png,14954,0.3,cardiomegaly_1,-4.5854206,0.010096481,0.75755435
edit,00015056_005.png,15056,0.3,cardiomegaly_1,9.376856,0.99991536,0.9980401
edit,00015087_011.png,15087,0.3,cardiomegaly_1,8.936651,0.9998685,0.99678314
edit,00016191_019.png,16191,0.3,cardiomegaly_1,7.9466324,0.9996463,0.99380857
edit,00016245_000.png,16245,0.3,cardiomegaly_1,0.022743225,0.5056855,0.4692087
edit,00016498_001.png,16498,0.3,cardiomegaly_1,-2.2240372,0.09761262,0.53372097
edit,00016509_001.png,16509,0.3,cardiomegaly_1,9.575506,0.9999306,0.9975582
edit,00016512_001.png,16512,0.3,cardiomegaly_1,9.510736,0.999926,0.99618036
edit,00016724_002.png,16724,0.3,cardiomegaly_1,8.321896,0.9997569,0.9966322
edit,00016865_000.png,16865,0.3,cardiomegaly_1,7.741272,0.99956566,0.99063116
edit,00016907_000.png,16907,0.3,cardiomegaly_1,-6.094496,0.0022501722,0.9500773
edit,00017381_000.png,17381,0.3,cardiomegaly_1,8.813429,0.9998512,0.99423075
edit,00018008_000.png,18008,0.3,cardiomegaly_1,-5.8443737,0.0028877843,0.9152249
edit,00018011_000.png,18011,0.3,cardiomegaly_1,8.9121475,0.9998653,0.992608
edit,00018488_002.png,18488,0.3,cardiomegaly_1,-5.1193542,0.0059443363,0.90863204
edit,00018616_000.png,18616,0.3,cardiomegaly_1,8.001539,0.99966514,0.9929809
edit,00019435_003.png,19435,0.3,cardiomegaly_1,7.7826824,0.9995833,0.9887481
edit,00019535_002.png,19535,0.3,cardiomegaly_1,7.1370296,0.9992055,0.9848812
edit,00019544_000.png,19544,0.3,cardiomegaly_1,8.047222,0.99968016,0.9909861
edit,00019911_001.png,19911,0.3,cardiomegaly_1,7.4810886,0.9994367,0.98890483
edit,00020318_024.png,20318,0.3,cardiomegaly_1,4.4831924,0.98882884,0.9459933
edit,00020341_000.png,20341,0.3,cardiomegaly_1,2.7241955,0.93843937,0.72040933
edit,00020642_006.png,20642,0.3,cardiomegaly_1,8.448368,0.99978584,0.99462616
edit,00020674_000.png,20674,0.3,cardiomegaly_1,5.538967,0.9960848,0.95337486
edit,00020716_002.png,20716,0.3,cardiomegaly_1,9.27289,0.99990606,0.99689734
edit,00020802_000.png,20802,0.3,cardiomegaly_1,-5.784399,0.0030657302,0.94755507
edit,00021023_024.png,21023,0.3,cardiomegaly_1,-2.875637,0.053371135,0.4183427
edit,00021569_000.png,21569,0.3,cardiomegaly_1,8.270803,0.99974424,0.9919201
edit,00022341_000.png,22341,0.3,cardiomegaly_1,6.360424,0.9982743,0.96651417
edit,00022582_001.png,22582,0.3,cardiomegaly_1,9.502953,0.9999254,0.9963988
edit,00022712_000.png,22712,0.3,cardiomegaly_1,4.9986362,0.9932981,0.94947225
edit,00023621_000.png,23621,0.3,cardiomegaly_1,9.955877,0.99995255,0.99798226
edit,00023776_000.png,23776,0.3,cardiomegaly_1,7.072136,0.9991523,0.9836276
edit,00024192_000.png,24192,0.3,cardiomegaly_1,8.800051,0.9998493,0.99568754
edit,00024326_000.png,24326,0.3,cardiomegaly_1,-6.5818157,0.0013834151,0.9786679
edit,00024474_000.png,24474,0.3,cardiomegaly_1,3.520977,0.9712787,0.7769225
edit,00024583_000.png,24583,0.3,cardiomegaly_1,-5.900482,0.0027306473,0.94443333
edit,00025054_000.png,25054,0.3,cardiomegaly_1,8.242046,0.9997367,0.99298996
edit,00026354_001.png,26354,0.3,cardiomegaly_1,9.749943,0.9999417,0.9968614
edit,00026807_000.png,26807,0.3,cardiomegaly_1,-6.756529,0.0011619084,0.9789935
edit,00027305_000.png,27305,0.3,cardiomegaly_1,6.9505653,0.9990428,0.98912954
edit,00028027_005.png,28027,0.3,cardiomegaly_1,-1.0280514,0.26346207,0.42310002
edit,00028053_000.png,28053,0.3,cardiomegaly_1,6.0417995,0.9976284,0.9731175
edit,00028457_000.png,28457,0.3,cardiomegaly_1,9.610399,0.999933,0.997834
edit,00028962_000.png,28962,0.3,cardiomegaly_1,6.262285,0.99809676,0.9866163
edit,00029393_000.png,29393,0.3,cardiomegaly_1,9.423904,0.9999192,0.9967048
edit,00029569_000.png,29569,0.3,cardiomegaly_1,9.213879,0.99990034,0.9949378
edit,00029648_000.png,29648,0.3,cardiomegaly_1,9.563662,0.9999298,0.99724007
edit,00030332_000.png,30332,0.3,cardiomegaly_1,6.3378353,0.998235,0.9714036
edit,00030805_000.png,30805,0.3,cardiomegaly_1,9.171822,0.99989605,0.99523443
sham,00001059_006.png,1059,0.3,cardiomegaly_1,5.4101067,0.9955487,0.9713031
sham,00001174_000.png,1174,0.3,cardiomegaly_1,-6.39637,0.0016648236,0.9723671
sham,00001470_001.png,1470,0.3,cardiomegaly_1,-4.2199974,0.014485761,0.7692682
sham,00001606_004.png,1606,0.3,cardiomegaly_1,-3.4963036,0.02941759,0.62667006
sham,00002139_000.png,2139,0.3,cardiomegaly_1,-0.41705704,0.3972212,0.39699435
sham,00002355_005.png,2355,0.3,cardiomegaly_1,-5.5599766,0.0038341098,0.91540205
sham,00002492_010.png,2492,0.3,cardiomegaly_1,-6.53516,0.0014493929,0.96271926
sham,00002566_000.png,2566,0.3,cardiomegaly_1,-6.256958,0.0019134006,0.96667415
sham,00003064_010.png,3064,0.3,cardiomegaly_1,-6.0715904,0.002302188,0.93265736
sham,00003804_012.png,3804,0.3,cardiomegaly_1,-6.082241,0.002277854,0.93847454
sham,00003917_000.png,3917,0.3,cardiomegaly_1,-6.1856613,0.00205451,0.948501
sham,00004057_000.png,4057,0.3,cardiomegaly_1,-6.24144,0.0019432665,0.9476378
sham,00005623_000.png,5623,0.3,cardiomegaly_1,-5.9624405,0.0025670168,0.9498662
sham,00006012_000.png,6012,0.3,cardiomegaly_1,-6.323099,0.0017911597,0.9657296
sham,00006791_002.png,6791,0.3,cardiomegaly_1,-6.0239334,0.0024142885,0.9437129
sham,00006921_000.png,6921,0.3,cardiomegaly_1,-6.321621,0.0017938048,0.948159
sham,00006981_017.png,6981,0.3,cardiomegaly_1,-6.3578873,0.001730026,0.9625857
sham,00007082_000.png,7082,0.3,cardiomegaly_1,-4.581249,0.0101382565,0.7465248
sham,00007159_000.png,7159,0.3,cardiomegaly_1,-6.026146,0.0024089655,0.9221148
sham,00007340_004.png,7340,0.3,cardiomegaly_1,-5.9440746,0.0026144735,0.95375955
sham,00007589_000.png,7589,0.3,cardiomegaly_1,-6.6002483,0.0013581831,0.98273486
sham,00007931_000.png,7931,0.3,cardiomegaly_1,-6.0416107,0.0023720858,0.97150093
sham,00008142_005.png,8142,0.3,cardiomegaly_1,-6.413145,0.0016371743,0.97491926
sham,00008147_000.png,8147,0.3,cardiomegaly_1,-5.9466095,0.0026078718,0.9667563
sham,00008184_003.png,8184,0.3,cardiomegaly_1,-6.1738663,0.0020788356,0.9692202
sham,00008359_000.png,8359,0.3,cardiomegaly_1,-5.3638897,0.0046608313,0.93230397
sham,00008386_001.png,8386,0.3,cardiomegaly_1,-6.342657,0.0017565298,0.9713887
sham,00008802_008.png,8802,0.3,cardiomegaly_1,-6.725483,0.0011985027,0.97456455
sham,00009090_001.png,9090,0.3,cardiomegaly_1,-6.183035,0.002059902,0.96190447
sham,00009105_003.png,9105,0.3,cardiomegaly_1,-5.7994156,0.0030201755,0.9285273
sham,00009306_000.png,9306,0.3,cardiomegaly_1,-6.6803493,0.0012537653,0.9817945
sham,00009335_000.png,9335,0.3,cardiomegaly_1,-6.374464,0.0017016326,0.9666534
sham,00009409_002.png,9409,0.3,cardiomegaly_1,-6.5940094,0.0013666715,0.979612
sham,00009761_000.png,9761,0.3,cardiomegaly_1,-5.0591145,0.006311098,0.87014616
sham,00010465_001.png,10465,0.3,cardiomegaly_1,-6.0442543,0.002365838,0.9655523
sham,00010892_000.png,10892,0.3,cardiomegaly_1,-6.0511417,0.0023496377,0.9512736
sham,00010931_003.png,10931,0.3,cardiomegaly_1,-5.992037,0.0024923424,0.9774782
sham,00010964_000.png,10964,0.3,cardiomegaly_1,-6.4634533,0.0015569734,0.9754755
sham,00011611_000.png,11611,0.3,cardiomegaly_1,-6.5516796,0.0014256801,0.96513873
sham,00012129_000.png,12129,0.3,cardiomegaly_1,-6.333664,0.0017723697,0.9707269
sham,00012400_000.png,12400,0.3,cardiomegaly_1,-6.6821175,0.0012515534,0.9792127
sham,00012772_003.png,12772,0.3,cardiomegaly_1,-6.2546616,0.0019177913,0.95822144
sham,00012902_001.png,12902,0.3,cardiomegaly_1,-6.5850697,0.001378927,0.98045176
sham,00013441_000.png,13441,0.3,cardiomegaly_1,-6.1823006,0.002061412,0.954084
sham,00013678_003.png,13678,0.3,cardiomegaly_1,-5.6124916,0.0036386705,0.9108974
sham,00013759_000.png,13759,0.3,cardiomegaly_1,-6.653843,0.0012873992,0.97959983
sham,00014281_000.png,14281,0.3,cardiomegaly_1,-6.355379,0.0017343631,0.9507353
sham,00014295_001.png,14295,0.3,cardiomegaly_1,-6.7106133,0.0012164355,0.98063016
sham,00014387_006.png,14387,0.3,cardiomegaly_1,-5.2536125,0.0052014,0.8787454
sham,00014838_000.png,14838,0.3,cardiomegaly_1,-6.267027,0.0018942676,0.96874595
sham,00014954_000.png,14954,0.3,cardiomegaly_1,-6.3619156,0.0017230832,0.97003603
sham,00015056_005.png,15056,0.3,cardiomegaly_1,-5.4983444,0.004076854,0.91574544
sham,00015087_011.png,15087,0.3,cardiomegaly_1,-4.5273495,0.010693697,0.7795667
sham,00016191_019.png,16191,0.3,cardiomegaly_1,-5.9778004,0.002527988,0.9462725
sham,00016245_000.png,16245,0.3,cardiomegaly_1,-6.8945694,0.0010122475,0.9853887
sham,00016498_001.png,16498,0.3,cardiomegaly_1,-6.517061,0.0014758249,0.9719972
sham,00016509_001.png,16509,0.3,cardiomegaly_1,0.6912327,0.66624105,0.4180899
sham,00016512_001.png,16512,0.3,cardiomegaly_1,-6.405657,0.0016494595,0.95910764
sham,00016724_002.png,16724,0.3,cardiomegaly_1,6.804161,0.9988921,0.9894734
sham,00016865_000.png,16865,0.3,cardiomegaly_1,-6.7921925,0.0011212464,0.9805084
sham,00016907_000.png,16907,0.3,cardiomegaly_1,-6.2134094,0.001998397,0.9466829
sham,00017381_000.png,17381,0.3,cardiomegaly_1,1.8031673,0.85853404,0.7043424
sham,00018008_000.png,18008,0.3,cardiomegaly_1,-6.287071,0.0018567462,0.95215446
sham,00018011_000.png,18011,0.3,cardiomegaly_1,-6.140133,0.0021500047,0.9595521
sham,00018488_002.png,18488,0.3,cardiomegaly_1,-4.08638,0.016522365,0.74338466
sham,00018616_000.png,18616,0.3,cardiomegaly_1,-6.1939583,0.0020375687,0.9230533
sham,00019435_003.png,19435,0.3,cardiomegaly_1,-6.247217,0.0019320935,0.9663477
sham,00019535_002.png,19535,0.3,cardiomegaly_1,-4.720852,0.008828942,0.8356727
sham,00019544_000.png,19544,0.3,cardiomegaly_1,-6.562006,0.0014110544,0.9736969
sham,00019911_001.png,19911,0.3,cardiomegaly_1,-6.391142,0.0016735356,0.95865905
sham,00020318_024.png,20318,0.3,cardiomegaly_1,-5.3731747,0.004617955,0.9369897
sham,00020341_000.png,20341,0.3,cardiomegaly_1,-5.808832,0.002991954,0.910018
sham,00020642_006.png,20642,0.3,cardiomegaly_1,-6.4042416,0.0016517917,0.9703241
sham,00020674_000.png,20674,0.3,cardiomegaly_1,-5.9292507,0.002653415,0.9403949
sham,00020716_002.png,20716,0.3,cardiomegaly_1,-6.2617264,0.0019043158,0.9554047
sham,00020802_000.png,20802,0.3,cardiomegaly_1,-6.5402813,0.0014419998,0.97936684
sham,00021023_024.png,21023,0.3,cardiomegaly_1,-6.4544773,0.0015709896,0.9588563
sham,00021569_000.png,21569,0.3,cardiomegaly_1,-6.5209484,0.0014701078,0.9754261
sham,00022341_000.png,22341,0.3,cardiomegaly_1,-6.456026,0.0015685622,0.9760103
sham,00022582_001.png,22582,0.3,cardiomegaly_1,-6.675152,0.0012602906,0.97711974
sham,00022712_000.png,22712,0.3,cardiomegaly_1,-6.152643,0.002123332,0.96208894
sham,00023621_000.png,23621,0.3,cardiomegaly_1,-6.54599,0.0014338031,0.9761196
sham,00023776_000.png,23776,0.3,cardiomegaly_1,-6.2047043,0.002015834,0.9560986
sham,00024192_000.png,24192,0.3,cardiomegaly_1,-6.4782467,0.0015341452,0.9761911
sham,00024326_000.png,24326,0.3,cardiomegaly_1,-6.942932,0.0009645035,0.98848104
sham,00024474_000.png,24474,0.3,cardiomegaly_1,-6.595875,0.0013641281,0.9773914
sham,00024583_000.png,24583,0.3,cardiomegaly_1,-6.440481,0.0015930966,0.9765711
sham,00025054_000.png,25054,0.3,cardiomegaly_1,-6.7097645,0.0012174671,0.96950597
sham,00026354_001.png,26354,0.3,cardiomegaly_1,-6.1644497,0.0020984625,0.9350014
sham,00026807_000.png,26807,0.3,cardiomegaly_1,-6.730751,0.0011922132,0.97947246
sham,00027305_000.png,27305,0.3,cardiomegaly_1,-6.366596,0.0017150505,0.9702773
sham,00028027_005.png,28027,0.3,cardiomegaly_1,-5.0511246,0.0063614035,0.9143382
sham,00028053_000.png,28053,0.3,cardiomegaly_1,-6.757242,0.0011610808,0.9831053
sham,00028457_000.png,28457,0.3,cardiomegaly_1,-5.7719574,0.003103992,0.91866124
sham,00028962_000.png,28962,0.3,cardiomegaly_1,-6.2478924,0.001930792,0.9635304
sham,00029393_000.png,29393,0.3,cardiomegaly_1,7.968708,0.99965394,0.9870554
sham,00029569_000.png,29569,0.3,cardiomegaly_1,-3.7069263,0.023964478,0.7508523
sham,00029648_000.png,29648,0.3,cardiomegaly_1,-6.579096,0.0013871779,0.97424924
sham,00030332_000.png,30332,0.3,cardiomegaly_1,-6.3361225,0.0017680252,0.95486647
sham,00030805_000.png,30805,0.3,cardiomegaly_1,-7.0312366,0.0008830576,0.9827533
blank,00001059_006.png,1059,,cardiomegaly_1,-4.90399,0.0073623266,0.85766536
blank,00001174_000.png,1174,,cardiomegaly_1,-4.931759,0.0071621374,0.853181
blank,00001470_001.png,1470,,cardiomegaly_1,-5.132595,0.0058666063,0.8659015
blank,00001606_004.png,1606,,cardiomegaly_1,-5.0922565,0.0061066197,0.85969955
blank,00002139_000.png,2139,,cardiomegaly_1,-5.225073,0.005351179,0.8868034
blank,00002355_005.png,2355,,cardiomegaly_1,-4.907774,0.007334722,0.8451896
blank,00002492_010.png,2492,,cardiomegaly_1,-4.904194,0.0073608346,0.86063266
blank,00002566_000.png,2566,,cardiomegaly_1,-5.0802383,0.0061799968,0.85899013
blank,00003064_010.png,3064,,cardiomegaly_1,-5.132595,0.0058666063,0.8659015
blank,00003804_012.png,3804,,cardiomegaly_1,-4.906288,0.0073455484,0.82994115
blank,00003917_000.png,3917,,cardiomegaly_1,-4.9729996,0.006874763,0.8349293
blank,00004057_000.png,4057,,cardiomegaly_1,-5.126545,0.0059019974,0.87237936
blank,00005623_000.png,5623,,cardiomegaly_1,-4.886675,0.007489951,0.834844
blank,00006012_000.png,6012,,cardiomegaly_1,-5.081415,0.0061727734,0.85909605
blank,00006791_002.png,6791,,cardiomegaly_1,-4.9244976,0.007213956,0.8547077
blank,00006921_000.png,6921,,cardiomegaly_1,-4.9244976,0.007213956,0.8547077
blank,00006981_017.png,6981,,cardiomegaly_1,-4.90399,0.0073623266,0.85766536
blank,00007082_000.png,7082,,cardiomegaly_1,-5.2070503,0.0054479646,0.879829
blank,00007159_000.png,7159,,cardiomegaly_1,-5.0985126,0.006068767,0.86579645
blank,00007340_004.png,7340,,cardiomegaly_1,-5.214752,0.0054063923,0.87946874
blank,00007589_000.png,7589,,cardiomegaly_1,-5.132595,0.0058666063,0.8659015
blank,00007931_000.png,7931,,cardiomegaly_1,-5.185749,0.0055646054,0.8797973
blank,00008142_005.png,8142,,cardiomegaly_1,-5.1064205,0.006021253,0.86586195
blank,00008147_000.png,8147,,cardiomegaly_1,-5.0837727,0.0061583277,0.8683606
blank,00008184_003.png,8184,,cardiomegaly_1,-5.0837727,0.0061583277,0.8683606
blank,00008359_000.png,8359,,cardiomegaly_1,-4.904194,0.0073608346,0.86063266
blank,00008386_001.png,8386,,cardiomegaly_1,-4.914242,0.0072877803,0.8600872
blank,00008802_008.png,8802,,cardiomegaly_1,-4.944641,0.0070711137,0.8532681
blank,00009090_001.png,9090,,cardiomegaly_1,-5.132595,0.0058666063,0.8659015
blank,00009105_003.png,9105,,cardiomegaly_1,-4.873291,0.007590104,0.85925794
blank,00009306_000.png,9306,,cardiomegaly_1,-5.2441425,0.0052506314,0.89107585
blank,00009335_000.png,9335,,cardiomegaly_1,-5.14917,0.005770726,0.8820734
blank,00009409_002.png,9409,,cardiomegaly_1,-5.2441425,0.0052506314,0.89107585
blank,00009761_000.png,9761,,cardiomegaly_1,-5.005497,0.0066564055,0.8586564
blank,00010465_001.png,10465,,cardiomegaly_1,-4.875286,0.0075750905,0.8575784
blank,00010892_000.png,10892,,cardiomegaly_1,-4.9237328,0.007219436,0.830257
blank,00010931_003.png,10931,,cardiomegaly_1,-4.90399,0.0073623266,0.85766536
blank,00010964_000.png,10964,,cardiomegaly_1,-4.896496,0.007417295,0.85953754
blank,00011611_000.png,11611,,cardiomegaly_1,-4.9423046,0.0070875376,0.86071193
blank,00012129_000.png,12129,,cardiomegaly_1,-4.904194,0.0073608346,0.86063266
blank,00012400_000.png,12400,,cardiomegaly_1,-4.931759,0.0071621374,0.853181
blank,00012772_003.png,12772,,cardiomegaly_1,-4.9778576,0.006841675,0.8607207
blank,00012902_001.png,12902,,cardiomegaly_1,-5.037426,0.006448579,0.853744
blank,00013441_000.png,13441,,cardiomegaly_1,-4.8981647,0.007405019,0.8464451
blank,00013678_003.png,13678,,cardiomegaly_1,-4.875286,0.0075750905,0.8575784
blank,00013759_000.png,13759,,cardiomegaly_1,-4.9353657,0.007136536,0.8612583
blank,00014281_000.png,14281,,cardiomegaly_1,-4.914791,0.007283807,0.85960853
blank,00014295_001.png,14295,,cardiomegaly_1,-4.9271736,0.0071948166,0.8460695
blank,00014387_006.png,14387,,cardiomegaly_1,-4.9545727,0.0070017227,0.86071366
blank,00014838_000.png,14838,,cardiomegaly_1,-5.0012817,0.0066843354,0.86065984
blank,00014954_000.png,14954,,cardiomegaly_1,-4.950884,0.0070274165,0.85755944
blank,00015056_005.png,15056,,cardiomegaly_1,-5.14917,0.005770726,0.8820734
blank,00015087_011.png,15087,,cardiomegaly_1,-5.225029,0.005351412,0.8779366
blank,00016191_019.png,16191,,cardiomegaly_1,-4.9445095,0.0070720376,0.8421794
blank,00016245_000.png,16245,,cardiomegaly_1,-5.121807,0.0059298603,0.8738189
blank,00016498_001.png,16498,,cardiomegaly_1,-4.914791,0.007283807,0.85960853
blank,00016509_001.png,16509,,cardiomegaly_1,-4.9406967,0.0070988615,0.84613043
blank,00016512_001.png,16512,,cardiomegaly_1,-5.0921116,0.0061075,0.87258446
blank,00016724_002.png,16724,,cardiomegaly_1,-5.0130444,0.006606687,0.84745425
blank,00016865_000.png,16865,,cardiomegaly_1,-4.907774,0.007334722,0.8451896
blank,00016907_000.png,16907,,cardiomegaly_1,-4.90399,0.0073623266,0.85766536
blank,00017381_000.png,17381,,cardiomegaly_1,-4.914242,0.0072877803,0.8600872
blank,00018008_000.png,18008,,cardiomegaly_1,-5.193918,0.0055195824,0.88052213
blank,00018011_000.png,18011,,cardiomegaly_1,-4.873291,0.007590104,0.85925794
blank,00018488_002.png,18488,,cardiomegaly_1,-4.9604664,0.006960865,0.84586203
blank,00018616_000.png,18616,,cardiomegaly_1,-4.9271736,0.0071948166,0.8460695
blank,00019435_003.png,19435,,cardiomegaly_1,-4.9237328,0.007219436,0.830257
blank,00019535_002.png,19535,,cardiomegaly_1,-4.946993,0.0070546204,0.85944724
blank,00019544_000.png,19544,,cardiomegaly_1,-4.94186,0.0070906654,0.8609775
blank,00019911_001.png,19911,,cardiomegaly_1,-4.958885,0.006971803,0.85542476
blank,00020318_024.png,20318,,cardiomegaly_1,-4.9926586,0.006741834,0.8547406
blank,00020341_000.png,20341,,cardiomegaly_1,-4.914242,0.0072877803,0.8600872
blank,00020642_006.png,20642,,cardiomegaly_1,-4.892437,0.007447237,0.8597821
blank,00020674_000.png,20674,,cardiomegaly_1,-4.9545727,0.0070017227,0.86071366
blank,00020716_002.png,20716,,cardiomegaly_1,-4.931759,0.0071621374,0.853181
blank,00020802_000.png,20802,,cardiomegaly_1,-4.907774,0.007334722,0.8451896
blank,00021023_024.png,21023,,cardiomegaly_1,-4.9423046,0.0070875376,0.86071193
blank,00021569_000.png,21569,,cardiomegaly_1,-5.051735,0.006357546,0.8741498
blank,00022341_000.png,22341,,cardiomegaly_1,-4.931759,0.0071621374,0.853181
blank,00022582_001.png,22582,,cardiomegaly_1,-4.9271736,0.0071948166,0.8460695
blank,00022712_000.png,22712,,cardiomegaly_1,-5.011898,0.0066142147,0.85910356
blank,00023621_000.png,23621,,cardiomegaly_1,-5.011898,0.0066142147,0.85910356
blank,00023776_000.png,23776,,cardiomegaly_1,-4.965826,0.0069239144,0.86760557
blank,00024192_000.png,24192,,cardiomegaly_1,-4.9186726,0.0072557954,0.8362269
blank,00024326_000.png,24326,,cardiomegaly_1,-5.005497,0.0066564055,0.8586564
blank,00024474_000.png,24474,,cardiomegaly_1,-4.9051666,0.00735373,0.86123
blank,00024583_000.png,24583,,cardiomegaly_1,-4.937889,0.0071186777,0.8536996
blank,00025054_000.png,25054,,cardiomegaly_1,-4.914299,0.0072873654,0.84436023
blank,00026354_001.png,26354,,cardiomegaly_1,-4.932459,0.0071571614,0.8576183
blank,00026807_000.png,26807,,cardiomegaly_1,-4.9165325,0.0072712265,0.8421674
blank,00027305_000.png,27305,,cardiomegaly_1,-5.011801,0.0066148536,0.86074847
blank,00028027_005.png,28027,,cardiomegaly_1,-5.022196,0.006546896,0.8695026
blank,00028053_000.png,28053,,cardiomegaly_1,-4.914299,0.0072873654,0.84436023
blank,00028457_000.png,28457,,cardiomegaly_1,-4.928957,0.0071820887,0.8449333
blank,00028962_000.png,28962,,cardiomegaly_1,-4.9660187,0.00692259,0.8586433
blank,00029393_000.png,29393,,cardiomegaly_1,-4.9660187,0.00692259,0.8586433
blank,00029569_000.png,29569,,cardiomegaly_1,-4.9070835,0.0073397513,0.8444099
blank,00029648_000.png,29648,,cardiomegaly_1,-4.9660187,0.00692259,0.8586433
blank,00030332_000.png,30332,,cardiomegaly_1,-4.9542503,0.007003964,0.86112654
blank,00030805_000.png,30805,,cardiomegaly_1,-5.1085243,0.006008674,0.8675563
real,00000023_002.png,23,,effusion_0,-2.106224,0.10849334,0.44592074
real,00000041_002.png,41,,effusion_0,-1.8171196,0.13977985,0.80829436
real,00000041_006.png,41,,effusion_0,0.76179314,0.6817429,0.623414
real,00000078_001.png,78,,effusion_0,7.993347,0.9996624,0.997317
real,00000121_006.png,121,,effusion_0,0.90865517,0.71272486,0.64855784
real,00000121_007.png,121,,effusion_0,-1.482441,0.18505901,0.6358417
real,00000148_001.png,148,,effusion_0,6.873806,0.9989666,0.9933659
real,00000148_002.png,148,,effusion_0,4.5240517,0.9892714,0.9455036
real,00000176_001.png,176,,effusion_0,-6.4387608,0.0015958356,0.9053233
real,00000176_002.png,176,,effusion_0,-6.338827,0.0017632582,0.93535924
real,00000200_001.png,200,,effusion_0,-6.0083733,0.0024520562,0.9364776
real,00000240_000.png,240,,effusion_0,-4.875616,0.00757261,0.8438281
real,00000246_008.png,246,,effusion_0,0.6915455,0.6663106,0.42255908
real,00000246_012.png,246,,effusion_0,6.4570866,0.99843305,0.97844124
real,00000246_013.png,246,,effusion_0,7.300047,0.9993249,0.99163973
real,00000284_004.png,284,,effusion_0,-6.550581,0.0014272451,0.9619417
real,00000284_005.png,284,,effusion_0,-3.2271595,0.038156357,0.6580313
real,00000337_000.png,337,,effusion_0,7.618189,0.99950886,0.9953461
real,00000404_002.png,404,,effusion_0,4.5572777,0.98961836,0.95846933
real,00000457_002.png,457,,effusion_0,6.9826546,0.999073,0.9934311
real,00000457_003.png,457,,effusion_0,7.569109,0.99948406,0.99582416
real,00000457_004.png,457,,effusion_0,-7.236267,0.0007194764,0.98618263
real,00000499_002.png,499,,effusion_0,-4.8427277,0.007823821,0.88635755
real,00000499_003.png,499,,effusion_0,-6.080284,0.0022823059,0.9468859
real,00000591_001.png,591,,effusion_0,5.75659,0.99684805,0.98002285
real,00000591_002.png,591,,effusion_0,6.458748,0.9984357,0.99006736
real,00000591_004.png,591,,effusion_0,7.4507656,0.99941933,0.99473935
real,00000591_005.png,591,,effusion_0,6.541872,0.99856025,0.99092984
real,00000591_006.png,591,,effusion_0,8.675291,0.9998293,0.9980996
real,00000591_007.png,591,,effusion_0,8.295664,0.99975044,0.9972
real,00000591_009.png,591,,effusion_0,6.2566776,0.9980861,0.98412794
real,00000591_010.png,591,,effusion_0,6.526222,0.99853766,0.98985916
real,00000591_011.png,591,,effusion_0,7.5323524,0.9994648,0.9962809
real,00000591_012.png,591,,effusion_0,8.428463,0.99978155,0.9970105
real,00000591_013.png,591,,effusion_0,7.8845596,0.99962366,0.9971247
real,00000591_014.png,591,,effusion_0,8.140808,0.9997087,0.99612546
real,00000591_015.png,591,,effusion_0,8.205362,0.99972683,0.9967902
real,00000591_016.png,591,,effusion_0,7.7811584,0.9995827,0.99554574
real,00000591_018.png,591,,effusion_0,7.5619965,0.9994804,0.9952716
real,00000591_019.png,591,,effusion_0,7.508358,0.9994518,0.99476886
real,00000622_000.png,622,,effusion_0,-7.4620457,0.00057414995,0.9857267
real,00000661_001.png,661,,effusion_0,-6.5304165,0.0014562745,0.97254246
real,00000661_000.png,661,,effusion_0,-5.9794044,0.0025239463,0.9515591
real,00000707_002.png,707,,effusion_0,2.960659,0.9507649,0.75981545
real,00000787_002.png,787,,effusion_0,-6.96488,0.00094358507,0.98113775
real,00000848_000.png,848,,effusion_0,4.7188473,0.99115354,0.97357005
real,00000869_008.png,869,,effusion_0,4.8532333,0.99225736,0.9576927
real,00000949_005.png,949,,effusion_0,-6.562956,0.0014097167,0.9531838
real,00001075_038.png,1075,,effusion_0,-7.387697,0.0006184366,0.9917969
real,00001075_045.png,1075,,effusion_0,-7.4122925,0.0006034206,0.99131906
real,00001075_046.png,1075,,effusion_0,-7.3812256,0.0006224494,0.98579204
real,00001075_047.png,1075,,effusion_0,-7.4314404,0.0005919831,0.99063754
real,00001075_007.png,1075,,effusion_0,7.4507637,0.99941933,0.9903125
real,00001075_022.png,1075,,effusion_0,-2.6510258,0.065925814,0.44652292
real,00001075_033.png,1075,,effusion_0,-6.763054,0.0011543604,0.94866985
real,00001096_001.png,1096,,effusion_0,-7.320793,0.00066119974,0.98453957
real,00001104_022.png,1104,,effusion_0,5.914562,0.9973074,0.9841115
real,00001170_006.png,1170,,effusion_0,-4.292595,0.013485076,0.7706715
real,00001170_020.png,1170,,effusion_0,1.311594,0.78777975,0.6766723
real,00001170_021.png,1170,,effusion_0,2.278572,0.9070868,0.8120408
real,00001170_023.png,1170,,effusion_0,4.0016537,0.98204297,0.92972463
real,00001170_030.png,1170,,effusion_0,4.6244984,0.9902867,0.96325827
real,00001170_034.png,1170,,effusion_0,3.4673157,0.9697434,0.92265713
real,00001170_035.png,1170,,effusion_0,5.3853054,0.99543744,0.97906435
real,00001170_036.png,1170,,effusion_0,4.34639,0.9872121,0.9600734
real,00001170_037.png,1170,,effusion_0,5.463627,0.99577975,0.98010933
real,00001170_039.png,1170,,effusion_0,4.7428436,0.99136144,0.97317487
real,00001170_040.png,1170,,effusion_0,4.9332542,0.9928485,0.9733617
real,00001170_045.png,1170,,effusion_0,6.6019707,0.9986442,0.9917613
real,00001170_046.png,1170,,effusion_0,6.447134,0.9984175,0.9914344
real,00001170_047.png,1170,,effusion_0,5.3417053,0.99523515,0.98188806
real,00001187_001.png,1187,,effusion_0,-4.00667,0.017868778,0.74719733
real,00001248_022.png,1248,,effusion_0,4.2688828,0.9861958,0.9491786
real,00001248_023.png,1248,,effusion_0,3.4905663,0.97041816,0.86600655
real,00001248_024.png,1248,,effusion_0,-0.51262474,0.37457845,0.64493036
real,00001248_025.png,1248,,effusion_0,-0.59880257,0.3546177,0.51173013
real,00001248_028.png,1248,,effusion_0,4.83687,0.9921306,0.9607855
real,00001248_036.png,1248,,effusion_0,7.4778748,0.9994349,0.99585575
real,00001248_038.png,1248,,effusion_0,6.3755436,0.99830025,0.9935547
real,00001248_000.png,1248,,effusion_0,4.960352,0.99303836,0.9803799
real,00001248_002.png,1248,,effusion_0,4.822403,0.9920168,0.98603207
real,00001248_003.png,1248,,effusion_0,4.878044,0.99244565,0.983276
real,00001248_004.png,1248,,effusion_0,4.9495525,0.99296325,0.9847415
real,00001248_016.png,1248,,effusion_0,5.5541534,0.9961436,0.9936444
real,00001248_017.png,1248,,effusion_0,5.6232224,0.9964,0.9946246
real,00001309_002.png,1309,,effusion_0,-2.3632946,0.08601483,0.4919329
real,00001458_001.png,1458,,effusion_0,3.589861,0.9731392,0.8911931
real,00001470_006.png,1470,,effusion_0,2.447771,0.92039835,0.7720461
real,00001470_007.png,1470,,effusion_0,4.587038,0.98991966,0.9493757
real,00001775_001.png,1775,,effusion_0,7.121523,0.99919313,0.9946672
real,00001775_002.png,1775,,effusion_0,7.6358566,0.99951744,0.9948565
real,00001775_004.png,1775,,effusion_0,7.827982,0.9996018,0.9944016
real,00001775_005.png,1775,,effusion_0,7.5675297,0.9994832,0.99508256
real,00001782_000.png,1782,,effusion_0,5.296007,0.9950134,0.9653557
real,00001784_000.png,1784,,effusion_0,-6.0111465,0.002445282,0.94674623
real,00001974_000.png,1974,,effusion_0,7.2854443,0.999315,0.99400955
real,00001974_003.png,1974,,effusion_0,-5.2714577,0.005109873,0.83413315
real,00001989_011.png,1989,,effusion_0,6.208435,0.9979917,0.9786958
real,00002046_003.png,2046,,effusion_0,4.1134205,0.9839114,0.9169582
real,00002083_000.png,2083,,effusion_0,-6.6826935,0.0012508336,0.96928513
real,00002120_005.png,2120,,effusion_0,5.4027023,0.99551576,0.958688
real,00002239_002.png,2239,,effusion_0,-7.344673,0.0006456074,0.9914939
real,00002239_005.png,2239,,effusion_0,5.324913,0.99515486,0.9730723
real,00002239_006.png,2239,,effusion_0,6.310646,0.9981864,0.9905677
real,00002239_007.png,2239,,effusion_0,5.226513,0.99465644,0.9636053
real,00002239_008.png,2239,,effusion_0,-4.8343086,0.007889446,0.90199184
real,00002239_009.png,2239,,effusion_0,-7.5112095,0.0005466202,0.9912267
real,00002299_007.png,2299,,effusion_0,-6.9058094,0.0010009449,0.9563238
real,00002299_010.png,2299,,effusion_0,-6.496645,0.0015062196,0.9583177
real,00002299_001.png,2299,,effusion_0,-6.7348385,0.0011873557,0.9637162
real,00002299_002.png,2299,,effusion_0,-5.7142315,0.003287839,0.9277381
real,00002300_000.png,2300,,effusion_0,7.082918,0.99916136,0.99402183
real,00002339_007.png,2339,,effusion_0,5.924814,0.9973348,0.969917
real,00002355_004.png,2355,,effusion_0,-7.4679604,0.000570766,0.98415726
real,00002355_006.png,2355,,effusion_0,-7.4407578,0.00058649614,0.9820182
real,00002355_002.png,2355,,effusion_0,-7.2317677,0.0007227186,0.9819927
real,00002424_013.png,2424,,effusion_0,-6.9977856,0.00091306906,0.9860542
real,00002490_000.png,2490,,effusion_0,-5.726349,0.003248368,0.918326
real,00002492_016.png,2492,,effusion_0,6.369669,0.99829024,0.9832575
real,00002492_002.png,2492,,effusion_0,-7.2616024,0.00070148986,0.9825856
real,00002492_003.png,2492,,effusion_0,-7.4880867,0.0005593997,0.9890333
real,00002533_004.png,2533,,effusion_0,6.193733,0.997962,0.98596644
real,00002533_005.png,2533,,effusion_0,5.6982765,0.9966595,0.9766169
real,00002552_001.png,2552,,effusion_0,-6.1578884,0.002112247,0.91317296
real,00002585_000.png,2585,,effusion_0,5.3728085,0.9953804,0.9716299
real,00002585_003.png,2585,,effusion_0,5.8971367,0.9972602,0.988853
real,00002599_001.png,2599,,effusion_0,6.214533,0.9980039,0.9909787
real,00002609_000.png,2609,,effusion_0,7.7176437,0.9995553,0.9971448
real,00002685_002.png,2685,,effusion_0,-7.0249786,0.00088859623,0.9762101
real,00002686_001.png,2686,,effusion_0,-7.502802,0.00055123284,0.99318945
real,00002825_007.png,2825,,effusion_0,-7.508177,0.00054827955,0.98993474
real,00002825_008.png,2825,,effusion_0,-7.4514484,0.00058026315,0.99333817
real,00002825_011.png,2825,,effusion_0,-7.7603855,0.00042611055,0.9898573
real,00002924_001.png,2924,,effusion_0,-6.7643623,0.0011528526,0.98513114
real,00003013_011.png,3013,,effusion_0,0.06086731,0.5152122,0.46524757
real,00003013_013.png,3013,,effusion_0,2.3620682,0.9138887,0.79089
real,00003013_014.png,3013,,effusion_0,4.5762672,0.9898116,0.96029556
real,00003015_000.png,3015,,effusion_0,-6.943516,0.0009639413,0.9682737
real,00003064_003.png,3064,,effusion_0,-7.1412907,0.00079110323,0.98734736
real,00003064_005.png,3064,,effusion_0,-7.3157825,0.00066451886,0.9780882
real,00003064_006.png,3064,,effusion_0,-7.248869,0.000710473,0.970885
real,00003064_007.png,3064,,effusion_0,-6.634741,0.0013121951,0.9646485
real,00003064_035.png,3064,,effusion_0,6.147415,0.9978656,0.9719675
real,00003064_037.png,3064,,effusion_0,-7.319336,0.0006621633,0.96912235
real,00003064_038.png,3064,,effusion_0,9.263548,0.9999052,0.9981821
real,00003064_039.png,3064,,effusion_0,8.565252,0.99980944,0.9970879
real,00003064_043.png,3064,,effusion_0,2.6550484,0.93432146,0.69716334
real,00003064_048.png,3064,,effusion_0,5.220253,0.9946232,0.96534055
real,00003064_050.png,3064,,effusion_0,-0.15047836,0.46245122,0.55295974
real,00003064_052.png,3064,,effusion_0,3.8516273,0.97919685,0.8828583
real,00003362_006.png,3362,,effusion_0,7.1440296,0.9992111,0.99206334
real,00003423_002.png,3423,,effusion_0,6.99008,0.9990798,0.9946572
real,00003423_003.png,3423,,effusion_0,6.8998165,0.9989931,0.9910875
real,00003423_005.png,3423,,effusion_0,2.2790394,0.9071261,0.76395875
real,00003423_011.png,3423,,effusion_0,2.0929432,0.89021534,0.7305285
real,00003423_015.png,3423,,effusion_0,0.25813675,0.5641782,0.55806214
real,00003423_021.png,3423,,effusion_0,3.2810078,0.96377146,0.85778874
real,00003428_000.png,3428,,effusion_0,-0.22286606,0.44451293,0.4260416
real,00003439_002.png,3439,,effusion_0,-7.2305737,0.0007235814,0.9906202
real,00003439_003.png,3439,,effusion_0,-7.4162197,0.0006010569,0.9929915
real,00003570_002.png,3570,,effusion_0,-6.4474525,0.0015820469,0.95053536
real,00003570_004.png,3570,,effusion_0,-7.4215813,0.00059784483,0.9799064
real,00003611_002.png,3611,,effusion_0,-3.786213,0.022178303,0.6718917
real,00003611_004.png,3611,,effusion_0,-2.2997036,0.09114751,0.59133947
real,00003611_005.png,3611,,effusion_0,-3.508257,0.029078208,0.7247847
real,00003611_006.png,3611,,effusion_0,4.3468113,0.9872175,0.9035847
real,00003706_001.png,3706,,effusion_0,-6.26239,0.0019030545,0.90358645
real,00003737_000.png,3737,,effusion_0,-6.255636,0.0019159266,0.91995025
real,00003737_001.png,3737,,effusion_0,-6.8000774,0.00111245,0.9541276
real,00003789_009.png,3789,,effusion_0,-6.606844,0.0013492666,0.95212054
real,00003856_003.png,3856,,effusion_0,-5.6665516,0.0034478467,0.90606576
real,00003916_001.png,3916,,effusion_0,5.878557,0.997209,0.9827651
real,00003916_002.png,3916,,effusion_0,-1.5651646,0.17290682,0.45179316
real,00003937_000.png,3937,,effusion_0,-7.263281,0.00070031424,0.98817295
real,00003996_020.png,3996,,effusion_0,-6.08844,0.0022638093,0.92664856
real,00004003_000.png,4003,,effusion_0,-7.3816032,0.0006222145,0.99269396
real,00004080_000.png,4080,,effusion_0,7.834255,0.9996043,0.9971886
real,00004080_001.png,4080,,effusion_0,-2.6130524,0.0683031,0.7670058
real,00004081_000.png,4081,,effusion_0,-3.5654602,0.027505988,0.691408
real,00004220_000.png,4220,,effusion_0,0.078279495,0.51955986,0.70642155
real,00004233_000.png,4233,,effusion_0,4.3993607,0.98786384,0.9684066
real,00004263_000.png,4263,,effusion_0,5.9851475,0.9974905,0.95930874
real,00004344_013.png,4344,,effusion_0,-0.7578716,0.31910855,0.5000537
real,00004344_014.png,4344,,effusion_0,-4.0640926,0.01688845,0.6857427
real,00004344_046.png,4344,,effusion_0,0.5226345,0.6277636,0.57750124
real,00004344_047.png,4344,,effusion_0,1.605772,0.8328236,0.61500376
real,00004404_008.png,4404,,effusion_0,-3.6191387,0.026105965,0.67106754
real,00004511_000.png,4511,,effusion_0,-7.1976795,0.00074776064,0.9793824
real,00004547_020.png,4547,,effusion_0,-0.9719753,0.27448693,0.6522178
real,00004583_000.png,4583,,effusion_0,8.713692,0.9998357,0.99870366
real,00004608_008.png,4608,,effusion_0,8.816919,0.9998518,0.9972567
real,00004608_009.png,4608,,effusion_0,9.266836,0.99990547,0.9980489
real,00004608_011.png,4608,,effusion_0,8.838047,0.9998549,0.9980494
real,00004646_002.png,4646,,effusion_0,7.424244,0.9994037,0.9941122
real,00004750_004.png,4750,,effusion_0,6.970251,0.9990615,0.9929629
real,00004750_006.png,4750,,effusion_0,7.417507,0.99939966,0.99469155
real,00004833_014.png,4833,,effusion_0,5.920141,0.9973224,0.99259734
real,00004862_000.png,4862,,effusion_0,8.430233,0.9997819,0.99659973
real,00004909_006.png,4909,,effusion_0,2.2778225,0.9070236,0.67795247
real,00004909_007.png,4909,,effusion_0,2.890709,0.9473852,0.79378283
real,00004976_000.png,4976,,effusion_0,-6.7532883,0.0011656753,0.978999
real,00005038_000.png,5038,,effusion_0,-6.9822483,0.0009273531,0.98399806
real,00005101_002.png,5101,,effusion_0,-5.794937,0.0030336904,0.90349203
real,00005108_000.png,5108,,effusion_0,-5.4584503,0.0042420807,0.91227037
real,00005110_009.png,5110,,effusion_0,-6.973524,0.0009354713,0.9799551
real,00005395_006.png,5395,,effusion_0,0.3509426,0.5868461,0.7032775
real,00005395_007.png,5395,,effusion_0,-2.6867104,0.06376212,0.5738674
real,00005395_010.png,5395,,effusion_0,-6.7617035,0.0011559185,0.9627941
real,00005395_011.png,5395,,effusion_0,-4.933344,0.0071508754,0.78972304
real,00005401_000.png,5401,,effusion_0,-7.517172,0.00054337253,0.991031
real,00005410_002.png,5410,,effusion_0,4.7991257,0.9918303,0.95647794
real,00005520_007.png,5520,,effusion_0,-7.408983,0.00060541957,0.9896703
real,00005532_031.png,5532,,effusion_0,-6.8028603,0.0011093619,0.951914
real,00005532_037.png,5532,,effusion_0,-5.932144,0.002645769,0.92087734
real,00005532_042.png,5532,,effusion_0,-6.6080227,0.0013476792,0.96637845
real,00005532_043.png,5532,,effusion_0,-4.5059414,0.010922569,0.7000795
real,00005532_000.png,5532,,effusion_0,-7.0044594,0.00090700114,0.9846733
real,00005532_004.png,5532,,effusion_0,-6.2849426,0.0018606952,0.8997442
real,00005532_005.png,5532,,effusion_0,-6.597866,0.0013614182,0.9294589
real,00005532_007.png,5532,,effusion_0,-5.24238,0.0052598445,0.804279
real,00005532_008.png,5532,,effusion_0,-6.9302044,0.0009768459,0.9555413
real,00005532_010.png,5532,,effusion_0,2.8269348,0.94411415,0.66196465
real,00005532_011.png,5532,,effusion_0,3.965786,0.9813995,0.7938115
real,00005532_012.png,5532,,effusion_0,4.7325153,0.9912725,0.93041855
real,00005532_013.png,5532,,effusion_0,-6.5173264,0.0014754343,0.94352204
real,00005532_014.png,5532,,effusion_0,-6.486822,0.0015210651,0.9606154
real,00005532_016.png,5532,,effusion_0,-6.997881,0.00091298204,0.9797218
real,00005532_018.png,5532,,effusion_0,-0.3577175,0.41151217,0.30745995
real,00005532_019.png,5532,,effusion_0,-7.0095806,0.0009023723,0.9693655
real,00005556_000.png,5556,,effusion_0,-7.016514,0.0008961432,0.9864329
real,00005556_008.png,5556,,effusion_0,-0.67188454,0.33807498,0.5632685
real,00005579_002.png,5579,,effusion_0,-3.6936874,0.024276096,0.6683975
real,00005626_002.png,5626,,effusion_0,8.887316,0.99986184,0.998449
real,00005641_003.png,5641,,effusion_0,-6.264965,0.0018981701,0.9460794
real,00005641_006.png,5641,,effusion_0,6.057762,0.9976659,0.9826084
real,00005641_012.png,5641,,effusion_0,6.4406185,0.9984072,0.9867872
real,00005666_004.png,5666,,effusion_0,-6.523018,0.001467073,0.9740377
real,00005666_010.png,5666,,effusion_0,3.5894604,0.97312874,0.9123443
real,00005666_011.png,5666,,effusion_0,4.883215,0.9924843,0.9631768
real,00005666_012.png,5666,,effusion_0,2.1413193,0.89485484,0.69325286
real,00005666_013.png,5666,,effusion_0,-6.8458424,0.0010627391,0.96628076
real,00005666_018.png,5666,,effusion_0,-6.5015316,0.0014988882,0.9655678
real,00005666_019.png,5666,,effusion_0,-6.9115276,0.0009952433,0.97658247
real,00005766_004.png,5766,,effusion_0,-5.0181255,0.006573423,0.8792897
real,00005869_001.png,5869,,effusion_0,-1.3223286,0.21043113,0.3702711
real,00005895_003.png,5895,,effusion_0,8.449289,0.99978596,0.99658185
real,00005895_005.png,5895,,effusion_0,8.475414,0.99979156,0.9977979
real,00005895_007.png,5895,,effusion_0,8.652868,0.9998254,0.99813676
real,00005895_009.png,5895,,effusion_0,7.4433537,0.99941504,0.9956293
real,00005895_013.png,5895,,effusion_0,8.641922,0.9998235,0.99809057
real,00005895_023.png,5895,,effusion_0,8.727516,0.999838,0.9983212
real,00005920_003.png,5920,,effusion_0,6.236845,0.9980478,0.9918798
real,00006166_000.png,6166,,effusion_0,-6.9805393,0.00092893786,0.99080384
real,00006298_003.png,6298,,effusion_0,7.7173233,0.9995552,0.9959439
real,00006298_004.png,6298,,effusion_0,7.3509865,0.9993585,0.99548644
real,00006298_005.png,6298,,effusion_0,6.5458355,0.998566,0.9919251
real,00006359_000.png,6359,,effusion_0,-7.237854,0.00071833644,0.9862728
real,00006368_000.png,6368,,effusion_0,-7.482546,0.00056250615,0.993458
real,00006436_012.png,6436,,effusion_0,3.6654186,0.97504526,0.8386402
real,00006483_000.png,6483,,effusion_0,-7.1310234,0.000799261,0.9877496
real,00006537_000.png,6537,,effusion_0,-7.5635815,0.0005187439,0.99342704
real,00006626_000.png,6626,,effusion_0,9.140572,0.99989283,0.9984921
real,00006626_006.png,6626,,effusion_0,7.145954,0.9992125,0.9933104
real,00006683_002.png,6683,,effusion_0,7.98608,0.9996599,0.9970095
real,00006683_003.png,6683,,effusion_0,-1.7772827,0.144639,0.68126696
real,00006683_004.png,6683,,effusion_0,4.965765,0.9930756,0.97347647
real,00006683_005.png,6683,,effusion_0,-4.527508,0.010692022,0.8723269
real,00006683_006.png,6683,,effusion_0,6.298771,0.99816483,0.98531306
real,00006694_002.png,6694,,effusion_0,-2.3384037,0.08799193,0.7176829
real,00006694_003.png,6694,,effusion_0,-4.5375443,0.01058638,0.84348136
real,00006774_001.png,6774,,effusion_0,-4.854126,0.0077358354,0.83749187
real,00006791_006.png,6791,,effusion_0,-6.9698296,0.00093893067,0.9574613
real,00006832_005.png,6832,,effusion_0,-6.4738026,0.0015409677,0.9517549
real,00006850_027.png,6850,,effusion_0,-5.7499046,0.0031729843,0.9223534
real,00006850_028.png,6850,,effusion_0,-7.226078,0.0007268393,0.9903079
real,00006851_022.png,6851,,effusion_0,5.2800083,0.9949334,0.964054
real,00006851_023.png,6851,,effusion_0,3.955597,0.98121244,0.90776926
real,00006851_024.png,6851,,effusion_0,-6.407238,0.0016468576,0.9417909
real,00006851_009.png,6851,,effusion_0,2.6116753,0.9316092,0.81848055
real,00006851_010.png,6851,,effusion_0,0.7014313,0.668505,0.53105867
real,00006890_003.png,6890,,effusion_0,5.1639576,0.9943135,0.9664034
real,00006936_001.png,6936,,effusion_0,5.889675,0.9972397,0.9841111
real,00006964_011.png,6964,,effusion_0,-2.5891075,0.06984274,0.63277507
real,00006981_001.png,6981,,effusion_0,6.8349056,0.9989255,0.99547905
real,00006981_002.png,6981,,effusion_0,-7.27866,0.00068963395,0.9896129
real,00006981_009.png,6981,,effusion_0,0.89606667,0.7101405,0.6834339
real,00006981_010.png,6981,,effusion_0,6.7668896,0.99885,0.9929436
real,00006981_011.png,6981,,effusion_0,-6.531086,0.0014553013,0.98341906
real,00006981_014.png,6981,,effusion_0,-6.392458,0.0016713382,0.98098445
real,00006981_016.png,6981,,effusion_0,-6.8002567,0.0011122507,0.9851983
real,00006996_002.png,6996,,effusion_0,7.791195,0.99958676,0.9939272
real,00007033_001.png,7033,,effusion_0,-4.6604195,0.009373792,0.7564598
real,00007033_002.png,7033,,effusion_0,5.3743134,0.99538726,0.9653122
real,00007033_004.png,7033,,effusion_0,5.8204155,0.99704236,0.97883266
real,00007109_018.png,7109,,effusion_0,-4.518713,0.010785452,0.7159203
real,00007156_000.png,7156,,effusion_0,7.598181,0.99949884,0.99421865
real,00007156_001.png,7156,,effusion_0,8.759779,0.9998431,0.997522
real,00007340_014.png,7340,,effusion_0,-7.2597103,0.00070281746,0.99189115
real,00007405_014.png,7405,,effusion_0,5.791233,0.99695504,0.97675365
real,00007482_009.png,7482,,effusion_0,-3.3848114,0.032773532,0.6508955
real,00007482_015.png,7482,,effusion_0,5.882887,0.997221,0.97666734
real,00007482_023.png,7482,,effusion_0,-5.386881,0.004555378,0.9213117
real,00007482_026.png,7482,,effusion_0,-3.8063927,0.021744868,0.7755947
real,00007519_003.png,7519,,effusion_0,-0.44034386,0.39165902,0.48923343
real,00007519_004.png,7519,,effusion_0,-7.3970833,0.00061266264,0.9845846
real,00007551_021.png,7551,,effusion_0,-7.1815853,0.0007598835,0.9884753
real,00007652_000.png,7652,,effusion_0,-7.5130405,0.0005456208,0.99178934
real,00007679_000.png,7679,,effusion_0,9.017633,0.99987876,0.99800676
real,00007679_001.png,7679,,effusion_0,9.276812,0.9999064,0.9984857
real,00007679_003.png,7679,,effusion_0,9.029556,0.9998802,0.9965566
real,00007679_004.png,7679,,effusion_0,8.307169,0.9997533,0.9951524
real,00007679_005.png,7679,,effusion_0,7.8628845,0.9996153,0.9937364
real,00007718_000.png,7718,,effusion_0,9.041828,0.9998816,0.9982184
real,00007718_001.png,7718,,effusion_0,8.368099,0.99976796,0.9976884
real,00007718_005.png,7718,,effusion_0,7.8306103,0.99960285,0.9959026
real,00007718_006.png,7718,,effusion_0,8.171209,0.9997174,0.9972298
real,00007718_007.png,7718,,effusion_0,-7.3612823,0.0006349797,0.99060637
real,00007718_009.png,7718,,effusion_0,6.315098,0.9981945,0.9927504
real,00007718_010.png,7718,,effusion_0,6.6053734,0.9986488,0.992432
real,00007740_000.png,7740,,effusion_0,-4.614849,0.009806557,0.8683918
real,00007769_002.png,7769,,effusion_0,0.6042366,0.646625,0.52440864
real,00007772_000.png,7772,,effusion_0,3.9877644,0.98179644,0.9157438
real,00007833_000.png,7833,,effusion_0,5.146599,0.9942145,0.9651055
real,00007833_001.png,7833,,effusion_0,-7.154257,0.00078091986,0.98949474
real,00007833_002.png,7833,,effusion_0,3.033701,0.9540736,0.8281955
real,00007833_003.png,7833,,effusion_0,-2.180046,0.101556726,0.68904704
real,00007848_001.png,7848,,effusion_0,8.41231,0.999778,0.9971453
real,00007848_004.png,7848,,effusion_0,8.709267,0.9998349,0.997404
real,00007848_005.png,7848,,effusion_0,7.406996,0.99939334,0.9959997
real,00007848_006.png,7848,,effusion_0,8.71686,0.9998362,0.99823135
real,00007865_001.png,7865,,effusion_0,-6.9197216,0.0009871296,0.9843023
real,00007865_003.png,7865,,effusion_0,1.3478966,0.7937855,0.9085671
real,00007865_005.png,7865,,effusion_0,5.8130226,0.99702054,0.9839248
real,00007869_004.png,7869,,effusion_0,8.962324,0.99987185,0.9979297
real,00007882_000.png,7882,,effusion_0,6.913185,0.99900645,0.993
real,00007882_001.png,7882,,effusion_0,7.2255898,0.99927276,0.9930222
real,00007908_000.png,7908,,effusion_0,-4.7086983,0.008935936,0.7500444
real,00007989_000.png,7989,,effusion_0,-7.513382,0.00054543465,0.9939033
real,00007989_001.png,7989,,effusion_0,7.9471416,0.9996464,0.99400175
real,00007989_002.png,7989,,effusion_0,8.89045,0.9998623,0.9969875
real,00008013_003.png,8013,,effusion_0,2.9855938,0.9519191,0.7955731
real,00008013_006.png,8013,,effusion_0,1.7452297,0.8513501,0.5735873
real,00008037_000.png,8037,,effusion_0,7.7283096,0.99955994,0.9971321
real,00008037_001.png,8037,,effusion_0,8.588894,0.99981385,0.9975308
real,00008037_002.png,8037,,effusion_0,5.917471,0.9973152,0.96469164
real,00008103_000.png,8103,,effusion_0,-7.137024,0.00079448323,0.9878961
real,00008112_000.png,8112,,effusion_0,7.174158,0.99923444,0.9930161
real,00008147_013.png,8147,,effusion_0,-0.70085716,0.3316222,0.45575705
real,00008184_007.png,8184,,effusion_0,-7.4198494,0.0005988805,0.9868595
real,00008185_003.png,8185,,effusion_0,-2.2865524,0.09224282,0.552089
real,00008185_005.png,8185,,effusion_0,-1.3325233,0.20874229,0.41411343
real,00008191_001.png,8191,,effusion_0,1.9941177,0.8801781,0.58454573
real,00008195_000.png,8195,,effusion_0,6.6500034,0.99870765,0.99148643
real,00008339_000.png,8339,,effusion_0,-6.6303062,0.0013180193,0.9734661
real,00008339_003.png,8339,,effusion_0,-7.2443447,0.0007136923,0.9768949
real,00008339_005.png,8339,,effusion_0,-6.5811634,0.0013843166,0.941151
real,00008339_010.png,8339,,effusion_0,-6.016527,0.0024321922,0.8759391
real,00008342_012.png,8342,,effusion_0,3.1860847,0.9603072,0.72816557
real,00008342_015.png,8342,,effusion_0,-5.644375,0.0035248902,0.8520236
real,00008342_016.png,8342,,effusion_0,-2.187521,0.10087672,0.51759166
real,00008342_025.png,8342,,effusion_0,-6.61285,0.0013411978,0.9632369
real,00008404_000.png,8404,,effusion_0,-7.122179,0.0008063556,0.9743116
real,00008465_004.png,8465,,effusion_0,-7.1739197,0.0007657263,0.9830036
real,00008465_006.png,8465,,effusion_0,-6.951727,0.0009560661,0.9846353
real,00008471_000.png,8471,,effusion_0,-5.5545673,0.0038548252,0.8952941
real,00008477_001.png,8477,,effusion_0,3.9190006,0.9805258,0.89139986
real,00008477_005.png,8477,,effusion_0,6.1943913,0.9979633,0.9900127
real,00008477_006.png,8477,,effusion_0,2.803135,0.942845,0.7896256
real,00008477_007.png,8477,,effusion_0,0.1638794,0.5408784,0.554652
real,00008489_025.png,8489,,effusion_0,0.6277714,0.6519839,0.6558178
real,00008637_000.png,8637,,effusion_0,4.3897038,0.98774755,0.93115354
real,00008637_001.png,8637,,effusion_0,-7.6135826,0.0004934563,0.99102706
real,00008738_000.png,8738,,effusion_0,-7.4153748,0.00060156465,0.9861062
real,00008802_005.png,8802,,effusion_0,-7.415575,0.0006014443,0.9862786
real,00008806_014.png,8806,,effusion_0,-7.116068,0.0008112944,0.984146
real,00008827_000.png,8827,,effusion_0,8.251442,0.9997392,0.9971181
real,00008866_004.png,8866,,effusion_0,1.5049286,0.8183084,0.918108
real,00008898_000.png,8898,,effusion_0,-6.5664635,0.0014047875,0.94570374
real,00008970_002.png,8970,,effusion_0,-7.2520256,0.0007082353,0.9813645
real,00009034_004.png,9034,,effusion_0,7.95026,0.9996475,0.99320996
real,00009105_007.png,9105,,effusion_0,-7.479374,0.0005642922,0.9904746
real,00009141_000.png,9141,,effusion_0,6.689291,0.99875736,0.9930492
real,00009163_000.png,9163,,effusion_0,8.374744,0.9997694,0.99736416
real,00009163_001.png,9163,,effusion_0,9.022676,0.99987936,0.99779147
real,00009174_000.png,9174,,effusion_0,-5.3588905,0.0046840804,0.84519106
real,00009185_006.png,9185,,effusion_0,-6.8906384,0.0010162304,0.967041
real,00009189_002.png,9189,,effusion_0,6.638958,0.9986933,0.9929285
real,00009189_004.png,9189,,effusion_0,5.930691,0.99735034,0.9802865
real,00009189_005.png,9189,,effusion_0,7.0319138,0.99911755,0.99249035
real,00009189_006.png,9189,,effusion_0,7.2432976,0.99928564,0.9927078
real,00009229_000.png,9229,,effusion_0,-5.7537403,0.0031608755,0.9166653
real,00009286_003.png,9286,,effusion_0,7.232851,0.9992781,0.9934445
real,00009326_000.png,9326,,effusion_0,-7.212616,0.000736683,0.97764707
real,00009326_001.png,9326,,effusion_0,-6.9997444,0.0009112839,0.9650006
real,00009349_001.png,9349,,effusion_0,-2.3911133,0.083852865,0.6976374
real,00009349_012.png,9349,,effusion_0,-2.4129314,0.082191914,0.89130926
real,00009349_014.png,9349,,effusion_0,-3.5373669,0.028267527,0.8128318
real,00009349_015.png,9349,,effusion_0,-4.7421722,0.008644308,0.8984302
real,00009349_016.png,9349,,effusion_0,-3.2834644,0.036142834,0.74715066
real,00009349_019.png,9349,,effusion_0,3.3893528,0.9673701,0.8524421
real,00009349_020.png,9349,,effusion_0,4.162159,0.984665,0.91193163
real,00009349_021.png,9349,,effusion_0,-1.9282722,0.12694195,0.5185667
real,00009349_024.png,9349,,effusion_0,5.1072807,0.9939839,0.9458175
real,00009349_025.png,9349,,effusion_0,2.7015667,0.93711907,0.89576733
real,00009349_026.png,9349,,effusion_0,-2.8385983,0.055273693,0.6796892
real,00009349_027.png,9349,,effusion_0,2.7461033,0.93969285,0.8873416
real,00009349_028.png,9349,,effusion_0,3.985735,0.9817601,0.91015255
real,00009349_029.png,9349,,effusion_0,7.2883415,0.99931705,0.9947628
real,00009373_000.png,9373,,effusion_0,8.580263,0.9998123,0.997237
real,00009373_001.png,9373,,effusion_0,6.1800957,0.9979341,0.9814111
real,00009378_005.png,9378,,effusion_0,-7.422514,0.00059728784,0.9907745
real,00009378_010.png,9378,,effusion_0,-6.864418,0.0010432006,0.93438286
real,00009378_013.png,9378,,effusion_0,-7.226164,0.00072677695,0.97462547
real,00009378_014.png,9378,,effusion_0,5.3487434,0.9952684,0.9576728
real,00009378_016.png,9378,,effusion_0,5.5057793,0.9959532,0.9762267
real,00009457_003.png,9457,,effusion_0,5.680998,0.99660146,0.98008513
real,00009457_004.png,9457,,effusion_0,-0.22767639,0.44332546,0.40617487
real,00009516_003.png,9516,,effusion_0,1.3456497,0.7934175,0.70284486
real,00009571_001.png,9571,,effusion_0,5.819687,0.9970402,0.98806816
real,00009571_002.png,9571,,effusion_0,4.847519,0.9922133,0.9730581
real,00009571_003.png,9571,,effusion_0,-7.1238747,0.00080499065,0.9874767
real,00009571_004.png,9571,,effusion_0,-6.312233,0.0018106936,0.96709937
real,00009641_011.png,9641,,effusion_0,7.4593678,0.99942434,0.99523014
real,00009665_004.png,9665,,effusion_0,6.2262783,0.998027,0.99009216
real,00009665_005.png,9665,,effusion_0,-6.7182083,0.0012072427,0.9765214
real,00009709_010.png,9709,,effusion_0,-4.1183796,0.016010357,0.7662755
real,00009709_011.png,9709,,effusion_0,-3.4338398,0.031254463,0.6013084
real,00009812_000.png,9812,,effusion_0,-7.2375984,0.0007185199,0.9833839
real,00009908_001.png,9908,,effusion_0,-7.208908,0.0007394175,0.9880154
real,00009908_002.png,9908,,effusion_0,-7.334816,0.00065199856,0.9902893
real,00009932_008.png,9932,,effusion_0,-7.4870205,0.0005599961,0.99045426
real,00009934_007.png,9934,,effusion_0,-4.7999706,0.008162809,0.85739785
real,00009934_008.png,9934,,effusion_0,-5.6663704,0.0034484693,0.92565346
real,00009934_009.png,9934,,effusion_0,-5.7961903,0.0030299027,0.9486755
real,00010071_003.png,10071,,effusion_0,2.3218365,0.91066945,0.83080935
real,00010071_004.png,10071,,effusion_0,5.1673355,0.99433255,0.950357
real,00010071_007.png,10071,,effusion_0,1.2553139,0.7782184,0.6735511
real,00010071_008.png,10071,,effusion_0,1.8999481,0.8698856,0.7909231
real,00010071_010.png,10071,,effusion_0,6.846777,0.99893826,0.9894992
real,00010071_011.png,10071,,effusion_0,7.304079,0.99932766,0.99327874
real,00010071_012.png,10071,,effusion_0,5.0349827,0.99353576,0.9599614
real,00010120_021.png,10120,,effusion_0,-6.6608562,0.0012784135,0.97628236
real,00010131_007.png,10131,,effusion_0,6.614128,0.99866045,0.99234927
real,00010177_000.png,10177,,effusion_0,-7.0195885,0.0008933945,0.97935015
real,00010275_000.png,10275,,effusion_0,8.128645,0.99970514,0.99652445
real,00010279_003.png,10279,,effusion_0,8.24296,0.99973696,0.99759287
real,00010279_004.png,10279,,effusion_0,8.006111,0.9996667,0.9966418
real,00010279_005.png,10279,,effusion_0,7.5275154,0.9994622,0.99630827
real,00010335_001.png,10335,,effusion_0,6.7637024,0.9988464,0.99132514
real,00010335_002.png,10335,,effusion_0,7.861685,0.99961495,0.9954439
real,00010335_003.png,10335,,effusion_0,7.1311474,0.9992009,0.988535
real,00010335_005.png,10335,,effusion_0,6.5825157,0.99861753,0.9835322
real,00010354_002.png,10354,,effusion_0,1.1851273,0.7658685,0.5011124
real,00010427_009.png,10427,,effusion_0,-7.032566,0.00088188547,0.9748949
real,00010443_001.png,10443,,effusion_0,-5.8603973,0.002842011,0.9234138
real,00010465_004.png,10465,,effusion_0,3.8198833,0.9785403,0.8976748
real,00010469_002.png,10469,,effusion_0,8.825697,0.99985313,0.9978211
real,00010521_002.png,10521,,effusion_0,4.118576,0.98399276,0.8788039
real,00010536_000.png,10536,,effusion_0,-5.663027,0.0034599788,0.9558047
real,00010571_006.png,10571,,effusion_0,0.72091866,0.6728093,0.59647423
real,00010575_002.png,10575,,effusion_0,8.126247,0.9997044,0.9970692
real,00010575_003.png,10575,,effusion_0,5.9500694,0.9974011,0.98542005
real,00010625_000.png,10625,,effusion_0,7.0479507,0.9991316,0.9900803
real,00010625_010.png,10625,,effusion_0,-4.242731,0.014164773,0.75035506
real,00010625_014.png,10625,,effusion_0,0.5065727,0.6240027,0.42111772
real,00010638_001.png,10638,,effusion_0,-6.534437,0.0014504394,0.97374153
real,00010695_007.png,10695,,effusion_0,3.6977482,0.9758198,0.85138744
real,00010695_008.png,10695,,effusion_0,-6.8305416,0.001079107,0.974896
real,00010695_013.png,10695,,effusion_0,-6.548437,0.0014303037,0.9555592
real,00010695_014.png,10695,,effusion_0,-2.0137768,0.11776402,0.63265276
real,00010695_015.png,10695,,effusion_0,-2.8316517,0.055637546,0.5505193
real,00010695_017.png,10695,,effusion_0,2.8101177,0.9432201,0.74030817
real,00010695_016.png,10695,,effusion_0,3.645647,0.97455955,0.84568095
real,00010767_001.png,10767,,effusion_0,-1.9604263,0.12342091,0.5440923
real,00010767_017.png,10767,,effusion_0,-1.8675175,0.13382922,0.62246126
real,00010767_015.png,10767,,effusion_0,4.5828094,0.9898774,0.9371561
real,00010767_016.png,10767,,effusion_0,1.4858418,0.8154533,0.74024785
real,00010767_022.png,10767,,effusion_0,2.8420925,0.94490844,0.80703294
real,00010767_023.png,10767,,effusion_0,3.6927452,0.9757016,0.8753988
real,00010767_024.png,10767,,effusion_0,4.722704,0.9911873,0.95184916
real,00010767_025.png,10767,,effusion_0,5.015711,0.99341077,0.9529667
real,00010767_026.png,10767,,effusion_0,2.3482704,0.9127967,0.7840872
real,00010772_002.png,10772,,effusion_0,7.5751534,0.99948716,0.9948346
real,00010772_003.png,10772,,effusion_0,7.620985,0.99951017,0.9949398
real,00010772_007.png,10772,,effusion_0,3.9093838,0.9803413,0.86620945
real,00010772_010.png,10772,,effusion_0,8.245522,0.9997377,0.9967732
real,00010772_012.png,10772,,effusion_0,8.492365,0.999795,0.99707824
real,00010772_015.png,10772,,effusion_0,7.4837303,0.9994381,0.9942204
real,00010790_003.png,10790,,effusion_0,-6.8157234,0.0010951989,0.93703
real,00010828_000.png,10828,,effusion_0,5.4385796,0.9956731,0.9781938
real,00010936_008.png,10936,,effusion_0,-3.4448051,0.030924162,0.6907822
real,00010936_009.png,10936,,effusion_0,2.1966667,0.8999497,0.72454566
real,00010936_010.png,10936,,effusion_0,0.31703758,0.5786021,0.68908256
real,00010936_016.png,10936,,effusion_0,0.68836594,0.66560334,0.6015505
real,00010936_017.png,10936,,effusion_0,0.81565857,0.693314,0.6066733
real,00010936_018.png,10936,,effusion_0,6.244133,0.99806195,0.98692137
real,00010936_019.png,10936,,effusion_0,0.7498379,0.67914337,0.41827777
real,00010936_021.png,10936,,effusion_0,7.5109825,0.99945325,0.9937408
real,00010936_023.png,10936,,effusion_0,8.210924,0.9997284,0.9962938
real,00010936_024.png,10936,,effusion_0,6.4024982,0.9983454,0.9775567
real,00010940_000.png,10940,,effusion_0,8.158514,0.9997137,0.9968193
real,00010953_000.png,10953,,effusion_0,6.741331,0.99882025,0.9927421
real,00010953_003.png,10953,,effusion_0,5.456032,0.99574775,0.97774357
real,00010953_004.png,10953,,effusion_0,6.147562,0.99786586,0.98975873
real,00010953_009.png,10953,,effusion_0,6.210186,0.99799514,0.99057764
real,00010953_011.png,10953,,effusion_0,7.888567,0.9996251,0.99597436
real,00010953_012.png,10953,,effusion_0,7.652281,0.9995253,0.9957085
real,00010970_000.png,10970,,effusion_0,-7.2832947,0.00068644714,0.9863313
real,00010992_000.png,10992,,effusion_0,8.376019,0.99976975,0.99749255
real,00010992_006.png,10992,,effusion_0,8.056637,0.99968314,0.9956431
real,00010992_007.png,10992,,effusion_0,5.2601967,0.9948325,0.9319102
real,00010992_008.png,10992,,effusion_0,6.291765,0.99815196,0.9784061
real,00010992_009.png,10992,,effusion_0,6.2492676,0.9980718,0.99154264
real,00010992_010.png,10992,,effusion_0,6.143572,0.9978574,0.98495096
real,00010992_011.png,10992,,effusion_0,2.8050346,0.94294727,0.7253129
real,00010992_012.png,10992,,effusion_0,3.4757385,0.96998954,0.8653955
real,00010994_003.png,10994,,effusion_0,-5.876856,0.0027957484,0.92972773
real,00010994_005.png,10994,,effusion_0,-5.1683846,0.0056615244,0.88178295
real,00010994_007.png,10994,,effusion_0,7.871147,0.99961853,0.9947494
real,00010994_009.png,10994,,effusion_0,0.3785019,0.5935117,0.51067704
real,00010994_010.png,10994,,effusion_0,2.9523773,0.9503757,0.7410754
real,00010994_011.png,10994,,effusion_0,-3.380022,0.032925695,0.66264683
real,00010994_012.png,10994,,effusion_0,-4.9838905,0.006800803,0.8349619
real,00010994_013.png,10994,,effusion_0,-3.752819,0.02291417,0.6652429
real,00010994_000.png,10994,,effusion_0,-5.355177,0.004701426,0.85643125
real,00011139_000.png,11139,,effusion_0,-7.1494236,0.0007847003,0.98177266
real,00011237_001.png,11237,,effusion_0,7.725874,0.99955887,0.9944431
real,00011279_002.png,11279,,effusion_0,4.9321003,0.9928403,0.97055084
real,00011380_005.png,11380,,effusion_0,-6.120846,0.002191783,0.95567805
real,00011380_006.png,11380,,effusion_0,4.1246796,0.98408854,0.88076097
real,00011380_009.png,11380,,effusion_0,4.2671146,0.98617166,0.9413875
real,00011380_010.png,11380,,effusion_0,4.6534863,0.99056166,0.9525753
real,00011380_011.png,11380,,effusion_0,5.264086,0.9948525,0.9752508
real,00011380_012.png,11380,,effusion_0,5.4287186,0.9956305,0.9776891
real,00011380_014.png,11380,,effusion_0,4.1967163,0.98517805,0.9097944
real,00011380_015.png,11380,,effusion_0,4.964775,0.99306893,0.96864855
real,00011380_016.png,11380,,effusion_0,4.9708443,0.99311054,0.949566
real,00011380_018.png,11380,,effusion_0,5.0732594,0.99377704,0.963469
real,00011380_019.png,11380,,effusion_0,6.63266,0.99868506,0.98923737
real,00011380_020.png,11380,,effusion_0,6.091093,0.9977422,0.9866084
real,00011380_021.png,11380,,effusion_0,6.6130886,0.99865913,0.9915163
real,00011380_023.png,11380,,effusion_0,4.2647247,0.9861391,0.9416531
real,00011380_024.png,11380,,effusion_0,3.8547668,0.97926074,0.9355264
real,00011380_025.png,11380,,effusion_0,4.1799564,0.98493135,0.9542158
real,00011380_026.png,11380,,effusion_0,3.9381104,0.9808874,0.89108443
real,00011423_002.png,11423,,effusion_0,0.62114334,0.65047854,0.57663864
real,00011423_003.png,11423,,effusion_0,-0.5202999,0.37278208,0.40133736
real,00011423_006.png,11423,,effusion_0,0.86201286,0.703081,0.5789931
real,00011423_008.png,11423,,effusion_0,3.142971,0.9586309,0.8383127
real,00011423_000.png,11423,,effusion_0,1.8011951,0.85829437,0.7379951
real,00011423_001.png,11423,,effusion_0,3.436224,0.9688176,0.8428486
real,00011654_004.png,11654,,effusion_0,-4.3614254,0.012599414,0.83905107
real,00011748_000.png,11748,,effusion_0,2.0999756,0.8909008,0.88151175
real,00011764_004.png,11764,,effusion_0,-7.039606,0.0008757042,0.9667042
real,00011770_010.png,11770,,effusion_0,-7.2998695,0.00067517074,0.98589927
real,00011831_004.png,11831,,effusion_0,-2.738615,0.060732864,0.8784251
real,00011831_007.png,11831,,effusion_0,-1.4140263,0.19559978,0.85164267
real,00011831_008.png,11831,,effusion_0,-2.1509018,0.10424698,0.7018694
real,00011831_009.png,11831,,effusion_0,-4.565466,0.0102978805,0.91457087
real,00011831_010.png,11831,,effusion_0,0.7543068,0.6801164,0.8040019
real,00011831_016.png,11831,,effusion_0,0.96269417,0.7236609,0.6825685
real,00011831_017.png,11831,,effusion_0,8.77536,0.9998455,0.9982827
real,00011831_020.png,11831,,effusion_0,7.634571,0.99951684,0.9953585
real,00011831_021.png,11831,,effusion_0,6.2576447,0.99808794,0.99171597
real,00011949_000.png,11949,,effusion_0,-6.681465,0.001252369,0.96263325
real,00011950_013.png,11950,,effusion_0,1.1038647,0.75098354,0.63028455
real,00011950_015.png,11950,,effusion_0,4.0326996,0.98258233,0.90010285
real,00011950_016.png,11950,,effusion_0,8.793955,0.99984837,0.9968763
real,00011950_018.png,11950,,effusion_0,3.4675007,0.96974874,0.8615986
real,00011987_008.png,11987,,effusion_0,8.953598,0.9998708,0.9976952
real,00012021_001.png,12021,,effusion_0,6.008665,0.99754864,0.97032857
real,00012043_012.png,12043,,effusion_0,9.037046,0.999881,0.99799496
real,00012043_013.png,12043,,effusion_0,9.082712,0.9998864,0.9984537
real,00012043_015.png,12043,,effusion_0,8.776648,0.99984574,0.99750924
real,00012043_016.png,12043,,effusion_0,8.704254,0.9998342,0.99713975
real,00012092_003.png,12092,,effusion_0,-4.884306,0.0075075827,0.8656199
real,00012178_000.png,12178,,effusion_0,6.5337467,0.99854857,0.99112344
real,00012178_001.png,12178,,effusion_0,4.1619415,0.98466164,0.8762767
real,00012263_000.png,12263,,effusion_0,-5.1891975,0.0055455556,0.8738946
real,00012263_002.png,12263,,effusion_0,8.64716,0.99982446,0.9972005
real,00012263_005.png,12263,,effusion_0,8.381592,0.99977106,0.99727976
real,00012263_006.png,12263,,effusion_0,9.125395,0.99989116,0.99837965
real,00012263_007.png,12263,,effusion_0,5.2219067,0.9946319,0.98141867
real,00012415_002.png,12415,,effusion_0,1.6344528,0.8367787,0.6511755
real,00012415_004.png,12415,,effusion_0,-4.6486244,0.009483958,0.8323928
real,00012415_005.png,12415,,effusion_0,-3.5673885,0.027454454,0.76309055
real,00012415_006.png,12415,,effusion_0,-2.9018288,0.052063234,0.7224527
real,00012460_002.png,12460,,effusion_0,-7.382475,0.0006216727,0.98980474
real,00012460_003.png,12460,,effusion_0,-7.376417,0.0006254477,0.98607546
real,00012523_000.png,12523,,effusion_0,-7.2500343,0.00070964603,0.97526854
real,00012536_003.png,12536,,effusion_0,5.6248684,0.9964059,0.9782748
real,00012604_000.png,12604,,effusion_0,6.258112,0.9980888,0.9839225
real,00012604_004.png,12604,,effusion_0,7.7319603,0.9995616,0.9956504
real,00012604_005.png,12604,,effusion_0,5.951952,0.99740595,0.97944343
real,00012626_015.png,12626,,effusion_0,3.1330643,0.9582362,0.7796468
real,00012653_002.png,12653,,effusion_0,4.870775,0.99239093,0.97205937
real,00012707_000.png,12707,,effusion_0,-7.2953434,0.0006782315,0.9929399
real,00012722_000.png,12722,,effusion_0,6.906893,0.99900013,0.9961735
real,00012722_001.png,12722,,effusion_0,6.777506,0.99886215,0.99388504
real,00012722_002.png,12722,,effusion_0,6.795677,0.9988827,0.9957569
real,00012722_005.png,12722,,effusion_0,7.523945,0.9994603,0.9965472
real,00012799_001.png,12799,,effusion_0,-6.8671284,0.00104038,0.9829432
real,00012827_001.png,12827,,effusion_0,0.36097145,0.5892756,0.5045392
real,00012827_002.png,12827,,effusion_0,8.645752,0.9998242,0.997504
real,00012939_002.png,12939,,effusion_0,4.5499477,0.9895427,0.9264211
real,00012949_002.png,12949,,effusion_0,0.65670204,0.65851915,0.5910411
real,00012973_017.png,12973,,effusion_0,3.5569172,0.9722645,0.8852694
real,00012973_015.png,12973,,effusion_0,4.8995495,0.9926051,0.96762353
real,00012973_016.png,12973,,effusion_0,-0.8413067,0.30125964,0.5569413
real,00012973_019.png,12973,,effusion_0,3.860056,0.97936785,0.9037826
real,00012973_020.png,12973,,effusion_0,3.589159,0.9731209,0.8367109
real,00012973_021.png,12973,,effusion_0,4.289444,0.98647296,0.8873235
real,00012975_000.png,12975,,effusion_0,7.8396626,0.99960643,0.99577826
real,00013205_001.png,13205,,effusion_0,-3.9934082,0.01810301,0.7063891
real,00013205_003.png,13205,,effusion_0,-1.4199448,0.19467025,0.6434297
real,00013205_004.png,13205,,effusion_0,-3.2518272,0.03726128,0.684219
real,00013205_006.png,13205,,effusion_0,-6.9964275,0.00091430877,0.9709338
real,00013237_000.png,13237,,effusion_0,-3.126711,0.042018805,0.5997698
real,00013285_000.png,13285,,effusion_0,-3.8390808,0.021060288,0.7615345
real,00013285_002.png,13285,,effusion_0,-0.3605652,0.41082275,0.43169904
real,00013285_003.png,13285,,effusion_0,5.9724693,0.9974585,0.9683724
real,00013370_005.png,13370,,effusion_0,-1.4158306,0.19531605,0.5346341
real,00013408_007.png,13408,,effusion_0,-6.391424,0.0016730641,0.95839286
real,00013408_008.png,13408,,effusion_0,2.9372501,0.94965744,0.6383171
real,00013408_016.png,13408,,effusion_0,-5.4700375,0.0041934154,0.86382437
real,00013408_017.png,13408,,effusion_0,4.988186,0.99322814,0.9343904
real,00013408_018.png,13408,,effusion_0,-7.0639286,0.0008546798,0.97809005
real,00013458_002.png,13458,,effusion_0,-7.553665,0.00052391074,0.99243546
real,00013499_000.png,13499,,effusion_0,-5.5062275,0.004044972,0.87557095
real,00013519_001.png,13519,,effusion_0,-6.4726276,0.0015427764,0.9638996
real,00013522_000.png,13522,,effusion_0,-7.6993046,0.00045293698,0.99140245
real,00013534_006.png,13534,,effusion_0,8.510546,0.9997987,0.9967186
real,00013534_008.png,13534,,effusion_0,8.321514,0.9997569,0.99606395
real,00013534_010.png,13534,,effusion_0,7.1080856,0.99918216,0.9927539
real,00013591_003.png,13591,,effusion_0,5.531595,0.99605596,0.97581506
real,00013591_005.png,13591,,effusion_0,-5.544529,0.003893565,0.9318547
real,00013608_006.png,13608,,effusion_0,-0.4081688,0.3993513,0.35386658
real,00013608_007.png,13608,,effusion_0,5.1500454,0.99423426,0.9679473
real,00013608_008.png,13608,,effusion_0,3.0786114,0.9560018,0.7922924
real,00013608_011.png,13608,,effusion_0,-3.050146,0.045211166,0.6153838
real,00013608_012.png,13608,,effusion_0,1.9524193,0.8757101,0.5828385
real,00013608_013.png,13608,,effusion_0,4.847479,0.99221295,0.9517667
real,00013608_017.png,13608,,effusion_0,5.6790924,0.99659497,0.96166664
real,00013608_021.png,13608,,effusion_0,4.3919964,0.9877753,0.9089135
real,00013625_004.png,13625,,effusion_0,-6.966219,0.00094232376,0.98967683
real,00013625_061.png,13625,,effusion_0,-6.5003376,0.0015006764,0.9635989
real,00013678_000.png,13678,,effusion_0,6.244156,0.99806195,0.9864977
real,00013678_001.png,13678,,effusion_0,7.112421,0.99918574,0.99310154
real,00013709_000.png,13709,,effusion_0,-7.3835087,0.00062103075,0.99137896
real,00013743_001.png,13743,,effusion_0,1.8722687,0.86672056,0.63691497
real,00013830_000.png,13830,,effusion_0,-7.4525623,0.0005796175,0.98965144
real,00013862_004.png,13862,,effusion_0,5.58568,0.99626285,0.98039114
real,00013911_002.png,13911,,effusion_0,7.131565,0.99920124,0.9923719
real,00013911_004.png,13911,,effusion_0,5.288685,0.99497694,0.9734402
real,00013911_007.png,13911,,effusion_0,8.321081,0.99975675,0.99655217
real,00013911_012.png,13911,,effusion_0,4.3644047,0.98743755,0.89696795
real,00013911_020.png,13911,,effusion_0,3.6896572,0.97562826,0.8013241
real,00013911_000.png,13911,,effusion_0,8.593086,0.9998147,0.99731374
real,00013964_001.png,13964,,effusion_0,-2.157587,0.103624366,0.5781933
real,00014183_000.png,14183,,effusion_0,-7.4039116,0.0006084959,0.98452216
real,00014196_002.png,14196,,effusion_0,7.5335503,0.9994654,0.993509
real,00014196_003.png,14196,,effusion_0,5.726797,0.99675304,0.970244
real,00014289_000.png,14289,,effusion_0,8.839151,0.99985504,0.9977781
real,00014307_004.png,14307,,effusion_0,7.624058,0.9995117,0.9951989
real,00014307_008.png,14307,,effusion_0,-7.3513184,0.00064133416,0.991055
real,00014307_011.png,14307,,effusion_0,4.0646935,0.9831215,0.8334247
real,00014320_011.png,14320,,effusion_0,4.0408077,0.98272055,0.89591235
real,00014320_012.png,14320,,effusion_0,-6.5132713,0.0014814205,0.96636444
real,00014320_033.png,14320,,effusion_0,-6.9111977,0.0009955714,0.96569043
real,00014320_039.png,14320,,effusion_0,-6.6189537,0.0013330475,0.9373101
real,00014387_000.png,14387,,effusion_0,-2.890232,0.052638542,0.7889858
real,00014387_008.png,14387,,effusion_0,-4.32728,0.013031352,0.6422989
real,00014387_010.png,14387,,effusion_0,4.2110443,0.9853859,0.8933254
real,00014475_001.png,14475,,effusion_0,-7.703394,0.00045108935,0.98975325
real,00014538_000.png,14538,,effusion_0,-0.058095932,0.48548007,0.49791446
real,00014574_000.png,14574,,effusion_0,-7.152218,0.00078251254,0.98277515
real,00014648_000.png,14648,,effusion_0,-7.5569324,0.0005222027,0.9909933
real,00014695_004.png,14695,,effusion_0,-2.473999,0.07770116,0.5133145
real,00014719_006.png,14719,,effusion_0,-2.5180645,0.07460145,0.6497818
real,00014719_007.png,14719,,effusion_0,-6.7436104,0.001176998,0.9514831
real,00014773_003.png,14773,,effusion_0,-5.204342,0.0054626595,0.91716504
real,00014773_004.png,14773,,effusion_0,-2.9413853,0.05014525,0.67643785
real,00014773_006.png,14773,,effusion_0,-1.135212,0.24320053,0.5813579
real,00014773_005.png,14773,,effusion_0,-3.5621548,0.027594544,0.696999
real,00014773_007.png,14773,,effusion_0,-7.621086,0.0004897693,0.992533
real,00014943_000.png,14943,,effusion_0,-2.6053352,0.068795845,0.66337645
real,00015064_000.png,15064,,effusion_0,-3.2628422,0.036868155,0.7300168
real,00015080_002.png,15080,,effusion_0,1.8692055,0.86636627,0.7270544
real,00015114_001.png,15114,,effusion_0,-6.8144665,0.0010965749,0.9832351
real,00015114_003.png,15114,,effusion_0,5.0033245,0.9933293,0.9676317
real,00015212_001.png,15212,,effusion_0,8.022301,0.99967206,0.9965675
real,00015212_003.png,15212,,effusion_0,3.7441788,0.9768916,0.89977217
real,00015212_008.png,15212,,effusion_0,5.921255,0.9973253,0.9803532
real,00015228_002.png,15228,,effusion_0,-6.907177,0.0009995783,0.9856855
real,00015242_000.png,15242,,effusion_0,-3.43651,0.031173714,0.6315851
real,00015244_002.png,15244,,effusion_0,-7.5954514,0.00050248037,0.99079823
real,00015244_000.png,15244,,effusion_0,-7.379919,0.0006232627,0.987597
real,00015254_001.png,15254,,effusion_0,-2.6831284,0.06397629,0.5837538
real,00015254_002.png,15254,,effusion_0,8.504326,0.9997975,0.99616206
real,00015282_000.png,15282,,effusion_0,-6.1639233,0.0020995652,0.9478804
real,00015313_000.png,15313,,effusion_0,-3.4294338,0.03138814,0.7132959
real,00015313_003.png,15313,,effusion_0,8.147533,0.9997106,0.9970284
real,00015313_005.png,15313,,effusion_0,7.509077,0.9994522,0.9936553
real,00015313_006.png,15313,,effusion_0,6.116804,0.99779934,0.97665954
real,00015313_007.png,15313,,effusion_0,-0.75844765,0.3189834,0.34848353
real,00015313_008.png,15313,,effusion_0,-6.864111,0.0010435206,0.9727417
real,00015318_007.png,15318,,effusion_0,-2.6786327,0.06424602,0.5805999
real,00015318_008.png,15318,,effusion_0,8.571007,0.9998105,0.9959009
real,00015376_002.png,15376,,effusion_0,5.339567,0.99522495,0.9829259
real,00015376_037.png,15376,,effusion_0,-5.7764874,0.0030900063,0.92908865
real,00015388_004.png,15388,,effusion_0,-6.5710087,0.0013984258,0.9560995
real,00015423_001.png,15423,,effusion_0,0.4362259,0.60735935,0.5088314
real,00015423_002.png,15423,,effusion_0,0.4291649,0.6056742,0.5123971
real,00015423_003.png,15423,,effusion_0,-1.9197083,0.1278941,0.5500325
real,00015423_004.png,15423,,effusion_0,0.76737976,0.6829538,0.44747457
real,00015423_005.png,15423,,effusion_0,1.7305908,0.84948796,0.5309618
real,00015423_006.png,15423,,effusion_0,4.1363583,0.9842704,0.89359415
real,00015448_003.png,15448,,effusion_0,-7.4657955,0.0005720022,0.9912061
real,00015492_002.png,15492,,effusion_0,-7.05665,0.0008609179,0.97294635
real,00015497_000.png,15497,,effusion_0,7.6762486,0.9995365,0.9950254
real,00015497_001.png,15497,,effusion_0,4.1892586,0.98506886,0.8808849
real,00015562_004.png,15562,,effusion_0,-1.5513458,0.17489196,0.5867078
real,00015654_000.png,15654,,effusion_0,5.2561874,0.9948119,0.95841885
real,00015654_001.png,15654,,effusion_0,7.3964844,0.9993869,0.99540675
real,00015654_002.png,15654,,effusion_0,7.8156357,0.9995968,0.9951371
real,00015654_003.png,15654,,effusion_0,7.370838,0.9993711,0.9914726
real,00015654_004.png,15654,,effusion_0,8.395073,0.99977404,0.99607563
real,00015654_005.png,15654,,effusion_0,9.207954,0.99989974,0.9969049
real,00015654_006.png,15654,,effusion_0,8.75247,0.9998419,0.99737173
real,00015716_000.png,15716,,effusion_0,-4.1219826,0.015953694,0.74732465
real,00015985_000.png,15985,,effusion_0,4.3620453,0.9874083,0.90636766
real,00016041_000.png,16041,,effusion_0,8.3210945,0.99975675,0.9956412
real,00016184_016.png,16184,,effusion_0,7.5910683,0.99949527,0.9952077
real,00016191_001.png,16191,,effusion_0,4.79138,0.99176735,0.9572322
real,00016191_015.png,16191,,effusion_0,-0.072826385,0.48180142,0.42051294
real,00016191_016.png,16191,,effusion_0,-6.2603493,0.001906935,0.930712
real,00016191_021.png,16191,,effusion_0,6.219267,0.99801326,0.99153894
real,00016191_026.png,16191,,effusion_0,7.083105,0.9991616,0.99069405
real,00016191_027.png,16191,,effusion_0,7.5940247,0.9994968,0.99568766
real,00016202_000.png,16202,,effusion_0,-7.239542,0.0007171257,0.98745537
real,00016205_005.png,16205,,effusion_0,4.142725,0.9843687,0.87080425
real,00016205_007.png,16205,,effusion_0,-6.1054707,0.0022256665,0.8908778
real,00016205_008.png,16205,,effusion_0,-4.8901615,0.0074640764,0.69594926
real,00016205_009.png,16205,,effusion_0,-4.3498745,0.012743928,0.65634
real,00016238_007.png,16238,,effusion_0,8.040018,0.9996778,0.9964805
real,00016238_008.png,16238,,effusion_0,3.5047474,0.9708226,0.82104623
real,00016353_000.png,16353,,effusion_0,-6.820507,0.001089978,0.97742647
real,00016417_000.png,16417,,effusion_0,7.293373,0.9993204,0.99361897
real,00016417_001.png,16417,,effusion_0,7.254362,0.99929345,0.9922716
real,00016417_002.png,16417,,effusion_0,-6.880291,0.0010267895,0.9763014
real,00016417_004.png,16417,,effusion_0,6.905321,0.9989986,0.9890926
real,00016417_006.png,16417,,effusion_0,5.154171,0.9942579,0.9422702
real,00016417_007.png,16417,,effusion_0,7.6604156,0.9995291,0.9935538
real,00016417_008.png,16417,,effusion_0,7.7504253,0.9995696,0.9943269
real,00016417_009.png,16417,,effusion_0,8.311874,0.9997545,0.99686146
real,00016484_002.png,16484,,effusion_0,-5.6859837,0.0033817189,0.93271667
real,00016484_018.png,16484,,effusion_0,-6.7859993,0.001128204,0.9821994
real,00016484_030.png,16484,,effusion_0,-6.6803417,0.0012537751,0.982302
real,00016548_000.png,16548,,effusion_0,3.3503418,0.9661161,0.86242706
real,00016568_005.png,16568,,effusion_0,5.377802,0.9954033,0.9756999
real,00016568_015.png,16568,,effusion_0,5.6528015,0.99650455,0.9853505
real,00016568_016.png,16568,,effusion_0,-4.201563,0.0147513,0.7572459
real,00016568_017.png,16568,,effusion_0,4.637329,0.9904094,0.95952374
real,00016568_018.png,16568,,effusion_0,5.9940624,0.9975127,0.990884
real,00016568_019.png,16568,,effusion_0,6.4230404,0.9983789,0.99181426
real,00016568_020.png,16568,,effusion_0,3.6823692,0.97545433,0.9364551
real,00016568_021.png,16568,,effusion_0,6.755802,0.9988373,0.99375147
real,00016568_022.png,16568,,effusion_0,6.119549,0.9978054,0.9876627
real,00016568_023.png,16568,,effusion_0,-0.58701706,0.35731956,0.7221159
real,00016568_024.png,16568,,effusion_0,6.114462,0.9977943,0.991613
real,00016568_025.png,16568,,effusion_0,6.9476624,0.99904007,0.99446017
real,00016568_028.png,16568,,effusion_0,6.556822,0.99858165,0.990892
real,00016568_029.png,16568,,effusion_0,6.463135,0.9984426,0.9899139
real,00016568_032.png,16568,,effusion_0,4.7065716,0.9910452,0.95969874
real,00016568_036.png,16568,,effusion_0,3.8404007,0.97896695,0.9060852
real,00016568_037.png,16568,,effusion_0,5.64073,0.9964623,0.96847504
real,00016568_038.png,16568,,effusion_0,4.1743755,0.9848483,0.9216769
real,00016568_039.png,16568,,effusion_0,4.7308426,0.9912581,0.95793605
real,00016568_040.png,16568,,effusion_0,1.5843945,0.829826,0.6665033
real,00016568_041.png,16568,,effusion_0,4.7137337,0.99110854,0.94927424
real,00016568_042.png,16568,,effusion_0,0.88681984,0.7082334,0.6632121
real,00016568_043.png,16568,,effusion_0,-0.2973938,0.4261947,0.5860584
real,00016568_044.png,16568,,effusion_0,3.7332096,0.9766426,0.8527613
real,00016568_047.png,16568,,effusion_0,2.3763657,0.91500723,0.6687908
real,00016568_051.png,16568,,effusion_0,-0.92489815,0.2839609,0.5558812
real,00016677_004.png,16677,,effusion_0,7.5850887,0.9994923,0.9952415
real,00016677_000.png,16677,,effusion_0,7.279627,0.9993111,0.99551827
real,00016724_000.png,16724,,effusion_0,9.008406,0.9998776,0.9978911
real,00016724_001.png,16724,,effusion_0,9.159836,0.99989486,0.9986605
real,00016724_003.png,16724,,effusion_0,7.918108,0.99963605,0.9962758
real,00016757_003.png,16757,,effusion_0,-5.94013,0.0026247792,0.8872886
real,00016801_000.png,16801,,effusion_0,4.6047745,0.99009514,0.96298814
real,00016801_006.png,16801,,effusion_0,7.2653866,0.9993012,0.99377966
real,00016801_008.png,16801,,effusion_0,-3.09408,0.043352112,0.64804447
real,00016862_000.png,16862,,effusion_0,-1.9580688,0.123676196,0.501203
real,00016975_010.png,16975,,effusion_0,-7.075697,0.0008446891,0.9784935
real,00016975_013.png,16975,,effusion_0,-7.1241817,0.0008047436,0.97414434
real,00016975_017.png,16975,,effusion_0,8.070307,0.99968743,0.99604255
real,00016975_018.png,16975,,effusion_0,-2.828806,0.05578726,0.5656949
real,00016990_000.png,16990,,effusion_0,-6.937191,0.00097005133,0.98341054
real,00017258_002.png,17258,,effusion_0,4.842144,0.99217165,0.9627972
real,00017258_003.png,17258,,effusion_0,1.0561237,0.74194914,0.71422714
real,00017258_004.png,17258,,effusion_0,9.011822,0.99987805,0.9981473
real,00017258_005.png,17258,,effusion_0,5.060341,0.99369663,0.9745928
real,00017258_006.png,17258,,effusion_0,7.571724,0.9994855,0.99612445
real,00017258_007.png,17258,,effusion_0,8.599157,0.99981576,0.9976505
real,00017258_008.png,17258,,effusion_0,8.484283,0.99979335,0.99642414
real,00017258_009.png,17258,,effusion_0,8.375425,0.9997696,0.9977252
real,00017258_010.png,17258,,effusion_0,8.6617565,0.99982697,0.9974428
real,00017258_011.png,17258,,effusion_0,4.7112026,0.9910862,0.94830126
real,00017258_016.png,17258,,effusion_0,0.7760582,0.68482995,0.8134552
real,00017258_017.png,17258,,effusion_0,-2.2389832,0.09630401,0.8365833
real,00017258_019.png,17258,,effusion_0,6.81542,0.99890447,0.99198
real,00017263_000.png,17263,,effusion_0,-7.613224,0.0004936332,0.98947495
real,00017395_001.png,17395,,effusion_0,8.198936,0.99972516,0.99507743
real,00017395_002.png,17395,,effusion_0,6.1015816,0.99776566,0.98139405
real,00017395_003.png,17395,,effusion_0,-1.0321178,0.2626737,0.5143213
real,00017443_012.png,17443,,effusion_0,3.6352444,0.97430044,0.8486936
real,00017443_013.png,17443,,effusion_0,0.30327225,0.5752422,0.5270368
real,00017529_000.png,17529,,effusion_0,2.3918228,0.9162016,0.6305541
real,00017607_000.png,17607,,effusion_0,-6.8412743,0.0010675996,0.97874695
real,00017618_004.png,17618,,effusion_0,7.8600426,0.99961424,0.99587566
real,00017618_005.png,17618,,effusion_0,5.163292,0.99430966,0.9567606
real,00017618_006.png,17618,,effusion_0,6.5840073,0.99861956,0.9933178
real,00017618_008.png,17618,,effusion_0,7.2912827,0.9993191,0.9940777
real,00017618_009.png,17618,,effusion_0,8.171255,0.9997174,0.99696136
real,00017618_010.png,17618,,effusion_0,8.46777,0.9997899,0.9976514
real,00017618_011.png,17618,,effusion_0,8.685783,0.9998311,0.9975306
real,00017618_014.png,17618,,effusion_0,8.603207,0.9998166,0.9967362
real,00017618_015.png,17618,,effusion_0,6.145237,0.99786097,0.9837414
real,00017618_019.png,17618,,effusion_0,5.403288,0.99551845,0.96132225
real,00017618_020.png,17618,,effusion_0,5.672518,0.9965726,0.9765004
real,00017618_021.png,17618,,effusion_0,7.085457,0.9991635,0.9909437
real,00017618_022.png,17618,,effusion_0,8.40432,0.9997762,0.997258
real,00017618_023.png,17618,,effusion_0,9.058195,0.99988353,0.9979469
real,00017618_032.png,17618,,effusion_0,7.8464336,0.99960905,0.9953676
real,00017691_014.png,17691,,effusion_0,-5.6874123,0.0033769077,0.90480465
real,00017702_001.png,17702,,effusion_0,8.158747,0.99971384,0.9973251
real,00017747_053.png,17747,,effusion_0,-2.7629032,0.05936205,0.77899396
real,00017747_054.png,17747,,effusion_0,1.4252968,0.8061674,0.7900551
real,00017747_055.png,17747,,effusion_0,-0.15229988,0.4619985,0.7681611
real,00017747_056.png,17747,,effusion_0,0.973259,0.7257686,0.765914
real,00017747_057.png,17747,,effusion_0,-0.47558022,0.38329634,0.79105073
real,00017747_004.png,17747,,effusion_0,-0.47299957,0.38390654,0.66436434
real,00017747_005.png,17747,,effusion_0,0.9755535,0.726225,0.82423365
real,00017747_008.png,17747,,effusion_0,3.6199055,0.9739135,0.9436406
real,00017747_010.png,17747,,effusion_0,2.9423923,0.9499027,0.92161304
real,00017747_011.png,17747,,effusion_0,3.3723965,0.9668306,0.9357044
real,00017747_012.png,17747,,effusion_0,3.6168652,0.9738361,0.9381199
real,00017763_003.png,17763,,effusion_0,-6.2508297,0.0019251399,0.9454518
real,00017763_004.png,17763,,effusion_0,-6.8301163,0.0010795658,0.9700401
real,00017786_005.png,17786,,effusion_0,5.171568,0.99435633,0.9624425
real,00017786_010.png,17786,,effusion_0,-5.186104,0.0055626426,0.8700801
real,00017786_012.png,17786,,effusion_0,3.6921902,0.9756884,0.8161154
real,00017786_000.png,17786,,effusion_0,5.7055454,0.99668354,0.9824665
real,00017822_000.png,17822,,effusion_0,-6.37092,0.0017076633,0.91657376
real,00017835_032.png,17835,,effusion_0,0.16935158,0.542237,0.40373075
real,00017846_000.png,17846,,effusion_0,3.1697598,0.9596803,0.8425331
real,00017930_004.png,17930,,effusion_0,8.432137,0.99978226,0.9975989
real,00017930_005.png,17930,,effusion_0,8.736256,0.9998393,0.99838716
real,00017939_000.png,17939,,effusion_0,-7.1716747,0.00076744595,0.9815667
real,00017945_000.png,17945,,effusion_0,-5.0920334,0.0061079743,0.908363
real,00017953_000.png,17953,,effusion_0,3.5925522,0.97320956,0.8285516
real,00017963_005.png,17963,,effusion_0,7.4284077,0.9994062,0.9937047
real,00017963_006.png,17963,,effusion_0,-6.6926403,0.0012384687,0.97584045
real,00018011_003.png,18011,,effusion_0,-5.1079807,0.0060119214,0.83878404
real,00018011_005.png,18011,,effusion_0,-3.5314045,0.028431766,0.8032014
real,00018011_006.png,18011,,effusion_0,-7.304285,0.00067219813,0.98508364
real,00018011_008.png,18011,,effusion_0,-6.343685,0.0017547279,0.9585719
real,00018065_005.png,18065,,effusion_0,4.631201,0.9903509,0.9702142
real,00018065_006.png,18065,,effusion_0,5.151808,0.9942444,0.98667854
real,00018065_007.png,18065,,effusion_0,4.239212,0.985786,0.96107125
real,00018090_000.png,18090,,effusion_0,7.436228,0.99941087,0.9954024
real,00018102_001.png,18102,,effusion_0,5.955473,0.99741507,0.98239523
real,00018102_002.png,18102,,effusion_0,6.84264,0.99893385,0.9923478
real,00018102_004.png,18102,,effusion_0,6.2888775,0.99814665,0.9841592
real,00018148_001.png,18148,,effusion_0,8.757341,0.99984264,0.99605566
real,00018284_003.png,18284,,effusion_0,5.771137,0.9968934,0.9860963
real,00018284_004.png,18284,,effusion_0,5.4972916,0.9959189,0.9857652
real,00018374_000.png,18374,,effusion_0,4.7240963,0.99119943,0.93538135
real,00018463_000.png,18463,,effusion_0,-7.4854927,0.0005608519,0.98690355
real,00018488_005.png,18488,,effusion_0,-0.9672508,0.2754288,0.72662425
real,00018521_005.png,18521,,effusion_0,5.832304,0.9970772,0.99013835
real,00018521_007.png,18521,,effusion_0,5.7394123,0.9967937,0.9918106
real,00018521_008.png,18521,,effusion_0,6.7237167,0.9987993,0.99517155
real,00018521_009.png,18521,,effusion_0,6.220455,0.99801564,0.9939705
real,00018521_010.png,18521,,effusion_0,6.332266,0.99822515,0.993152
real,00018521_011.png,18521,,effusion_0,8.358894,0.9997658,0.9978239
real,00018521_014.png,18521,,effusion_0,5.718746,0.9967269,0.9891275
real,00018521_015.png,18521,,effusion_0,8.224188,0.99973196,0.99781185
real,00018524_002.png,18524,,effusion_0,-3.8901577,0.020032614,0.6850785
real,00018524_003.png,18524,,effusion_0,1.9580746,0.8763245,0.55561405
real,00018524_005.png,18524,,effusion_0,3.9525146,0.98115563,0.87827843
real,00018531_000.png,18531,,effusion_0,-7.4234524,0.00059672794,0.9825655
real,00018592_002.png,18592,,effusion_0,5.37055,0.99537,0.96362835
real,00018592_007.png,18592,,effusion_0,-7.4346333,0.00059009704,0.9832346
real,00018626_010.png,18626,,effusion_0,3.9748058,0.9815633,0.89531463
real,00018626_012.png,18626,,effusion_0,8.220625,0.999731,0.9967259
real,00018626_013.png,18626,,effusion_0,7.492361,0.999443,0.9943311
real,00018626_014.png,18626,,effusion_0,6.945917,0.99903834,0.99253637
real,00018626_017.png,18626,,effusion_0,7.1997833,0.9992538,0.99426115
real,00018672_000.png,18672,,effusion_0,-4.7839775,0.008293316,0.6844754
real,00018678_000.png,18678,,effusion_0,5.7014923,0.9966702,0.96982807
real,00018964_004.png,18964,,effusion_0,-1.9362507,0.12606034,0.5657962
real,00018964_005.png,18964,,effusion_0,-6.537571,0.0014459079,0.959314
real,00018964_006.png,18964,,effusion_0,-6.6146374,0.001338806,0.9587488
real,00019125_000.png,19125,,effusion_0,6.2319107,0.99803823,0.9840793
real,00019154_000.png,19154,,effusion_0,-1.2296352,0.22624527,0.6203037
real,00019154_001.png,19154,,effusion_0,4.180588,0.9849407,0.93983954
real,00019201_002.png,19201,,effusion_0,-3.3475552,0.033975314,0.62481487
real,00019231_001.png,19231,,effusion_0,-6.5867023,0.0013766807,0.9004489
real,00019395_006.png,19395,,effusion_0,6.2813644,0.99813265,0.9831221
real,00019395_012.png,19395,,effusion_0,8.581741,0.99981254,0.99810946
real,00019395_014.png,19395,,effusion_0,7.932205,0.9996412,0.99489146
real,00019395_015.png,19395,,effusion_0,7.8743515,0.9996197,0.99419206
real,00019395_016.png,19395,,effusion_0,8.398872,0.999775,0.9968896
real,00019395_017.png,19395,,effusion_0,8.45089,0.9997863,0.9966502
real,00019395_018.png,19395,,effusion_0,8.201473,0.99972576,0.995401
real,00019395_020.png,19395,,effusion_0,7.978628,0.9996574,0.99514
real,00019395_021.png,19395,,effusion_0,6.15012,0.9978713,0.9807271
real,00019395_022.png,19395,,effusion_0,8.338156,0.9997608,0.9970536
real,00019395_023.png,19395,,effusion_0,8.321228,0.99975675,0.99711084
real,00019395_026.png,19395,,effusion_0,8.367685,0.99976784,0.9954824
real,00019406_007.png,19406,,effusion_0,-7.254959,0.0007061622,0.98509747
real,00019409_000.png,19409,,effusion_0,2.8045273,0.9429199,0.80078703
real,00019437_000.png,19437,,effusion_0,4.8268394,0.99205184,0.9426917
real,00019486_001.png,19486,,effusion_0,-7.2616005,0.0007014912,0.9848322
real,00019486_000.png,19486,,effusion_0,-7.158882,0.0007773189,0.97811395
real,00019592_006.png,19592,,effusion_0,4.6382084,0.99041766,0.9521036
real,00019592_007.png,19592,,effusion_0,3.4587688,0.96949154,0.8641978
real,00019592_008.png,19592,,effusion_0,6.4676285,0.99844944,0.9870437
real,00019637_004.png,19637,,effusion_0,-1.9302273,0.12672542,0.46370456
real,00019637_008.png,19637,,effusion_0,4.806631,0.9918909,0.95551753
real,00019637_003.png,19637,,effusion_0,0.819891,0.69421315,0.62882155
real,00019761_000.png,19761,,effusion_0,6.626478,0.99867696,0.97644454
real,00019863_006.png,19863,,effusion_0,-1.88517,0.13179617,0.4381824
real,00019863_008.png,19863,,effusion_0,-5.6878967,0.0033752779,0.8350942
real,00019917_000.png,19917,,effusion_0,6.4247627,0.99838173,0.9893423
real,00019919_016.png,19919,,effusion_0,-3.9805622,0.01833277,0.8421553
real,00019919_017.png,19919,,effusion_0,-0.06617546,0.48346215,0.7022837
real,00019919_018.png,19919,,effusion_0,4.1091576,0.98384374,0.9183936
real,00019919_020.png,19919,,effusion_0,0.54190254,0.6322549,0.6281781
real,00019919_021.png,19919,,effusion_0,5.6077347,0.99634403,0.9849238
real,00019919_003.png,19919,,effusion_0,-5.6673756,0.0034450167,0.9409892
real,00019927_005.png,19927,,effusion_0,-3.7994118,0.021893864,0.7769303
real,00019927_007.png,19927,,effusion_0,-3.100872,0.0430713,0.7861921
real,00019927_008.png,19927,,effusion_0,4.6143417,0.99018854,0.9478408
real,00019927_009.png,19927,,effusion_0,-5.7075005,0.003309971,0.9546025
real,00019927_010.png,19927,,effusion_0,-2.8786926,0.05321697,0.7911589
real,00019964_000.png,19964,,effusion_0,-1.8827686,0.13207118,0.56617635
real,00020234_000.png,20234,,effusion_0,5.908312,0.99729055,0.985677
real,00020286_004.png,20286,,effusion_0,-0.66963196,0.33857924,0.52719015
real,00020286_003.png,20286,,effusion_0,1.4377899,0.8081122,0.66121584
real,00020286_002.png,20286,,effusion_0,-1.2033501,0.23087978,0.5081809
real,00020286_008.png,20286,,effusion_0,-6.248728,0.0019291826,0.92067146
real,00020286_009.png,20286,,effusion_0,-5.3503876,0.00472389,0.8689632
real,00020286_012.png,20286,,effusion_0,-4.838089,0.007859911,0.8368418
real,00020286_011.png,20286,,effusion_0,-3.5312996,0.028434664,0.67927676
real,00020286_014.png,20286,,effusion_0,3.5768967,0.9727983,0.9008845
real,00020286_015.png,20286,,effusion_0,6.200178,0.99797505,0.99042135
real,00020286_028.png,20286,,effusion_0,4.9319115,0.9928389,0.95706826
real,00020286_023.png,20286,,effusion_0,5.588215,0.9962722,0.9803839
real,00020286_026.png,20286,,effusion_0,4.89279,0.99255544,0.9581748
real,00020312_018.png,20312,,effusion_0,-5.806595,0.0029986354,0.8466797
real,00020318_035.png,20318,,effusion_0,-6.7473125,0.0011726537,0.9851013
real,00020318_002.png,20318,,effusion_0,5.9824333,0.9974837,0.98816675
real,00020318_003.png,20318,,effusion_0,4.602087,0.99006873,0.9695453
real,00020318_004.png,20318,,effusion_0,4.6986427,0.9909746,0.9630192
real,00020318_006.png,20318,,effusion_0,-0.34748268,0.413993,0.8295037
real,00020318_008.png,20318,,effusion_0,1.3060131,0.7868452,0.83832663
real,00020318_010.png,20318,,effusion_0,2.588726,0.93013245,0.8854579
real,00020318_011.png,20318,,effusion_0,0.8676052,0.7042471,0.8344256
real,00020318_012.png,20318,,effusion_0,4.9055367,0.9926489,0.9824964
real,00020318_014.png,20318,,effusion_0,4.133951,0.98423314,0.9712213
real,00020318_015.png,20318,,effusion_0,4.847353,0.99221206,0.9767395
real,00020318_017.png,20318,,effusion_0,4.8014946,0.99184954,0.9735656
real,00020318_018.png,20318,,effusion_0,5.1441574,0.99420047,0.9728812
real,00020318_019.png,20318,,effusion_0,2.6435184,0.9336104,0.9154096
real,00020318_020.png,20318,,effusion_0,5.448475,0.99571556,0.9840503
real,00020318_021.png,20318,,effusion_0,5.9916706,0.9975068,0.9909139
real,00020318_022.png,20318,,effusion_0,4.03319,0.98259073,0.9699913
real,00020318_023.png,20318,,effusion_0,1.8913174,0.86890566,0.89733255
real,00020382_000.png,20382,,effusion_0,6.3685207,0.9982882,0.98961794
real,00020393_003.png,20393,,effusion_0,4.4605026,0.9885755,0.96129715
real,00020393_004.png,20393,,effusion_0,-7.482416,0.0005625791,0.99105495
real,00020399_000.png,20399,,effusion_0,5.343807,0.99524504,0.9758329
real,00020428_000.png,20428,,effusion_0,-7.1570606,0.00077873503,0.9770096
real,00020485_000.png,20485,,effusion_0,-7.5915318,0.0005044528,0.99509835
real,00020629_006.png,20629,,effusion_0,0.18423843,0.54592973,0.5438082
real,00020629_007.png,20629,,effusion_0,-6.7678547,0.0011488381,0.9654758
real,00020629_008.png,20629,,effusion_0,-3.745596,0.023076447,0.7575459
real,00020629_011.png,20629,,effusion_0,7.2763214,0.9993087,0.99509954
real,00020629_012.png,20629,,effusion_0,5.837557,0.9970925,0.981137
real,00020629_014.png,20629,,effusion_0,6.5729065,0.99860424,0.9890705
real,00020629_016.png,20629,,effusion_0,-7.4275475,0.00059429073,0.98576653
real,00020642_002.png,20642,,effusion_0,5.863304,0.9971662,0.97677284
real,00020642_003.png,20642,,effusion_0,4.4172497,0.98807657,0.93235326
real,00020671_000.png,20671,,effusion_0,6.1840305,0.99794215,0.9921026
real,00020671_003.png,20671,,effusion_0,6.2109146,0.9979966,0.99302876
real,00020671_004.png,20671,,effusion_0,7.0666466,0.99914765,0.9920569
real,00020671_005.png,20671,,effusion_0,6.58671,0.9986234,0.9922339
real,00020671_006.png,20671,,effusion_0,6.807991,0.99889624,0.99463624
real,00020671_008.png,20671,,effusion_0,6.9985695,0.9990877,0.9946828
real,00020671_009.png,20671,,effusion_0,7.2006264,0.9992544,0.995265
real,00020671_010.png,20671,,effusion_0,7.428629,0.99940634,0.99644405
real,00020671_015.png,20671,,effusion_0,5.6513805,0.99649966,0.97341204
real,00020671_016.png,20671,,effusion_0,7.9665794,0.9996532,0.9969008
real,00020671_017.png,20671,,effusion_0,6.3337307,0.9982278,0.9857691
real,00020671_018.png,20671,,effusion_0,5.400814,0.99550736,0.9731862
real,00020683_000.png,20683,,effusion_0,5.621435,0.9963936,0.9678003
real,00020683_001.png,20683,,effusion_0,6.9553356,0.99904734,0.99175173
real,00020758_001.png,20758,,effusion_0,2.6752434,0.93554986,0.6632813
real,00020810_004.png,20810,,effusion_0,7.019987,0.99910694,0.99324095
real,00020811_013.png,20811,,effusion_0,-5.157654,0.0057222536,0.9255054
real,00020811_014.png,20811,,effusion_0,-5.8548756,0.0028577023,0.9149042
real,00020811_004.png,20811,,effusion_0,4.7117043,0.99109066,0.9680354
real,00020811_008.png,20811,,effusion_0,8.4214325,0.99978,0.9968088
real,00020819_002.png,20819,,effusion_0,8.729988,0.99983835,0.9978246
real,00020819_006.png,20819,,effusion_0,-7.1871033,0.0007557051,0.9780304
real,00020819_010.png,20819,,effusion_0,2.1185951,0.8926974,0.65978533
real,00020819_012.png,20819,,effusion_0,-1.9940948,0.11982431,0.57814974
real,00020819_013.png,20819,,effusion_0,-3.532196,0.028409906,0.6730198
real,00020819_014.png,20819,,effusion_0,-4.616543,0.009790123,0.7683205
real,00020819_015.png,20819,,effusion_0,4.088484,0.9835118,0.9243672
real,00020819_016.png,20819,,effusion_0,-3.7129536,0.023823902,0.8051052
real,00020869_007.png,20869,,effusion_0,-7.0959644,0.00082775566,0.97891724
real,00020880_002.png,20880,,effusion_0,3.0738106,0.9557994,0.6843826
real,00020880_004.png,20880,,effusion_0,2.1785488,0.8983066,0.6303063
real,00020928_001.png,20928,,effusion_0,7.633322,0.9995161,0.99677163
real,00020934_000.png,20934,,effusion_0,-7.381563,0.00062223943,0.9882443
real,00021023_005.png,21023,,effusion_0,8.028904,0.9996742,0.9950043
real,00021023_007.png,21023,,effusion_0,8.735369,0.9998392,0.99734
real,00021023_020.png,21023,,effusion_0,4.9663315,0.9930796,0.9282413
real,00021107_001.png,21107,,effusion_0,-5.7010784,0.003331225,0.8465607
real,00021107_002.png,21107,,effusion_0,-6.8954296,0.001011378,0.95230144
real,00021200_003.png,21200,,effusion_0,-6.81077,0.0011006314,0.98108655
real,00021245_002.png,21245,,effusion_0,6.9695854,0.9990608,0.9934782
real,00021245_003.png,21245,,effusion_0,7.363968,0.9993667,0.99518114
real,00021260_005.png,21260,,effusion_0,-7.6019173,0.0004992435,0.99276906
real,00021362_003.png,21362,,effusion_0,7.9887905,0.99966085,0.996226
real,00021362_004.png,21362,,effusion_0,6.0121784,0.99755716,0.98517966
real,00021362_005.png,21362,,effusion_0,6.9829826,0.99907327,0.9934869
real,00021398_000.png,21398,,effusion_0,7.846672,0.9996092,0.9964606
real,00021398_001.png,21398,,effusion_0,5.8350506,0.9970853,0.9839122
real,00021409_003.png,21409,,effusion_0,5.879856,0.9972126,0.981074
real,00021409_004.png,21409,,effusion_0,7.3393745,0.99935097,0.9958579
real,00021409_005.png,21409,,effusion_0,6.6272335,0.9986779,0.99504596
real,00021409_009.png,21409,,effusion_0,7.4498024,0.99941885,0.9933985
real,00021455_000.png,21455,,effusion_0,6.974558,0.99906546,0.99268925
real,00021455_001.png,21455,,effusion_0,3.9202347,0.9805494,0.8998008
real,00021455_005.png,21455,,effusion_0,6.1481304,0.9978671,0.9868098
real,00021455_006.png,21455,,effusion_0,7.4950867,0.99944454,0.99409443
real,00021455_007.png,21455,,effusion_0,6.969055,0.99906033,0.9911966
real,00021455_009.png,21455,,effusion_0,4.621092,0.99025387,0.9548699
real,00021495_002.png,21495,,effusion_0,8.070997,0.9996877,0.99450964
real,00021495_006.png,21495,,effusion_0,6.561508,0.99858826,0.98357373
real,00021495_007.png,21495,,effusion_0,5.4312057,0.99564123,0.9385503
real,00021495_008.png,21495,,effusion_0,6.3112507,0.9981875,0.98258054
real,00021648_009.png,21648,,effusion_0,-5.144087,0.005799963,0.9185936
real,00021649_001.png,21649,,effusion_0,-7.5310383,0.0005358939,0.9914538
real,00021684_000.png,21684,,effusion_0,4.26511,0.9861443,0.9014849
real,00021707_003.png,21707,,effusion_0,-6.450926,0.00157657,0.9553395
real,00021707_004.png,21707,,effusion_0,-4.339699,0.012872591,0.68639493
real,00021803_000.png,21803,,effusion_0,0.16935349,0.54223746,0.42744702
real,00021803_001.png,21803,,effusion_0,-6.7960014,0.0011169885,0.978957
real,00021845_000.png,21845,,effusion_0,-7.4426537,0.00058538595,0.98894835
real,00021845_003.png,21845,,effusion_0,-7.2098827,0.00073869777,0.9926755
real,00021972_025.png,21972,,effusion_0,7.0098343,0.9990978,0.99179816
real,00021972_027.png,21972,,effusion_0,7.1416264,0.9992092,0.9911951
real,00021972_028.png,21972,,effusion_0,6.372389,0.9982949,0.98654205
real,00021972_029.png,21972,,effusion_0,4.9795704,0.9931699,0.9595936
real,00021972_030.png,21972,,effusion_0,1.7862053,0.8564614,0.66012496
real,00021972_032.png,21972,,effusion_0,-0.61099243,0.35183287,0.46589416
real,00021972_001.png,21972,,effusion_0,7.469635,0.9994301,0.9939352
real,00021972_003.png,21972,,effusion_0,7.722929,0.9995577,0.9950392
real,00021972_005.png,21972,,effusion_0,7.4523697,0.9994203,0.993286
real,00021972_007.png,21972,,effusion_0,5.1912937,0.994466,0.96775115
real,00021972_009.png,21972,,effusion_0,-2.8213272,0.05618251,0.58837247
real,00021972_010.png,21972,,effusion_0,-1.5476799,0.17542163,0.50280905
real,00021976_004.png,21976,,effusion_0,1.0434246,0.73951024,0.73249316
real,00021976_005.png,21976,,effusion_0,-4.7085056,0.008937642,0.81559366
real,00021976_006.png,21976,,effusion_0,-1.4637356,0.18789664,0.53271204
real,00021976_007.png,21976,,effusion_0,5.0109253,0.99337935,0.9266152
real,00021976_008.png,21976,,effusion_0,3.8849926,0.97986573,0.8411371
real,00021976_009.png,21976,,effusion_0,-1.778635,0.14447176,0.57667124
real,00021976_010.png,21976,,effusion_0,-0.37880516,0.4064151,0.36558113
real,00021976_011.png,21976,,effusion_0,-4.5250225,0.010718343,0.71257955
real,00021976_013.png,21976,,effusion_0,-5.580702,0.0037557601,0.8954545
real,00021976_012.png,21976,,effusion_0,-4.1927032,0.014880619,0.68758637
real,00022147_005.png,22147,,effusion_0,-7.1105156,0.0008158078,0.9775281
real,00022147_000.png,22147,,effusion_0,-7.392067,0.00061574177,0.98741436
real,00022155_003.png,22155,,effusion_0,5.3043594,0.9950547,0.96031237
real,00022155_004.png,22155,,effusion_0,4.9910355,0.9932473,0.9512662
real,00022155_005.png,22155,,effusion_0,5.991251,0.9975057,0.97627175
real,00022155_008.png,22155,,effusion_0,4.299343,0.9866044,0.90112835
real,00022155_010.png,22155,,effusion_0,-0.9139328,0.28619576,0.53180677
real,00022155_011.png,22155,,effusion_0,2.9884129,0.9520479,0.7408884
real,00022155_013.png,22155,,effusion_0,3.6287117,0.9741363,0.75697196
real,00022155_021.png,22155,,effusion_0,5.8724976,0.9971921,0.9782029
real,00022175_001.png,22175,,effusion_0,4.6830482,0.99083406,0.8830561
real,00022341_005.png,22341,,effusion_0,-6.650034,0.0012923059,0.9804886
real,00022574_000.png,22574,,effusion_0,-7.158512,0.0007776064,0.9790984
real,00022651_001.png,22651,,effusion_0,3.6525726,0.9747308,0.83387464
real,00022651_003.png,22651,,effusion_0,5.837965,0.9970937,0.97650194
real,00022651_004.png,22651,,effusion_0,6.421219,0.9983759,0.98631316
real,00022651_005.png,22651,,effusion_0,4.8197193,0.9919956,0.92986596
real,00022651_006.png,22651,,effusion_0,5.5353794,0.99607074,0.96723866
real,00022651_007.png,22651,,effusion_0,5.9265347,0.9973394,0.97972465
real,00022651_008.png,22651,,effusion_0,3.786934,0.9778373,0.8591466
real,00022651_009.png,22651,,effusion_0,4.2366295,0.9857497,0.8855862
real,00022651_010.png,22651,,effusion_0,5.5730877,0.99621564,0.9731546
real,00022651_013.png,22651,,effusion_0,2.5491238,0.9275146,0.71597487
real,00022651_015.png,22651,,effusion_0,3.6275845,0.97410786,0.84955275
real,00022651_016.png,22651,,effusion_0,3.651884,0.9747138,0.8997677
real,00022651_017.png,22651,,effusion_0,2.0247078,0.88336694,0.6944884
real,00022651_018.png,22651,,effusion_0,4.9820995,0.99318707,0.95087516
real,00022651_019.png,22651,,effusion_0,2.5018044,0.9242682,0.72598517
real,00022651_023.png,22651,,effusion_0,2.2679634,0.90618885,0.7361497
real,00022677_002.png,22677,,effusion_0,-7.3313866,0.00065423694,0.9913973
real,00022716_000.png,22716,,effusion_0,4.740465,0.99134105,0.9453639
real,00022789_000.png,22789,,effusion_0,-5.4001446,0.004495626,0.9259503
real,00022789_001.png,22789,,effusion_0,-7.2317867,0.0007227048,0.9903065
real,00022818_000.png,22818,,effusion_0,-7.3118286,0.0006671498,0.98659015
real,00022883_002.png,22883,,effusion_0,6.255375,0.9980836,0.98298687
real,00022883_011.png,22883,,effusion_0,5.816513,0.99703085,0.97228247
real,00022883_012.png,22883,,effusion_0,6.190672,0.9979557,0.98587155
real,00023073_008.png,23073,,effusion_0,-4.2046814,0.014706045,0.889434
real,00023093_007.png,23093,,effusion_0,7.308918,0.9993309,0.9909522
real,00023093_009.png,23093,,effusion_0,-6.603504,0.0013537741,0.9466405
real,00023093_011.png,23093,,effusion_0,-7.0890274,0.000833513,0.98094743
real,00023093_012.png,23093,,effusion_0,-7.0505047,0.0008662203,0.9769333
real,00023093_017.png,23093,,effusion_0,-6.691862,0.0012394318,0.9582198
real,00023097_000.png,23097,,effusion_0,9.064709,0.99988437,0.99837536
real,00023097_001.png,23097,,effusion_0,8.478952,0.9997923,0.9973606
real,00023097_002.png,23097,,effusion_0,8.803097,0.9998497,0.99793816
real,00023097_007.png,23097,,effusion_0,8.870724,0.9998596,0.99798506
real,00023156_002.png,23156,,effusion_0,4.3363724,0.98708504,0.9391821
real,00023156_004.png,23156,,effusion_0,5.3927956,0.99547136,0.9858598
real,00023156_005.png,23156,,effusion_0,-2.075451,0.11150587,0.58771664
real,00023156_010.png,23156,,effusion_0,2.3448048,0.91252035,0.655001
real,00023156_013.png,23156,,effusion_0,6.044958,0.99763584,0.98389506
real,00023156_014.png,23156,,effusion_0,6.1852093,0.99794453,0.9898872
real,00023156_020.png,23156,,effusion_0,5.586401,0.9962655,0.986745
real,00023156_021.png,23156,,effusion_0,5.194628,0.99448425,0.97294164
real,00023156_022.png,23156,,effusion_0,5.9556293,0.9974154,0.98099184
real,00023176_017.png,23176,,effusion_0,7.0365543,0.9991216,0.99336326
real,00023196_003.png,23196,,effusion_0,5.1945724,0.994484,0.9457407
real,00023319_000.png,23319,,effusion_0,-7.4705715,0.00056927843,0.9903894
real,00023325_013.png,23325,,effusion_0,2.557867,0.9281002,0.63582
real,00023325_014.png,23325,,effusion_0,4.4889545,0.9888924,0.93399435
real,00024073_000.png,24073,,effusion_0,-6.815243,0.0010957249,0.9200793
real,00024116_001.png,24116,,effusion_0,-7.124069,0.0008048341,0.9786913
real,00024264_000.png,24264,,effusion_0,-7.3523636,0.00064066466,0.990423
real,00024692_001.png,24692,,effusion_0,-7.478863,0.00056458055,0.9903141
real,00024749_000.png,24749,,effusion_0,-7.1292057,0.0008007139,0.98282474
real,00025252_000.png,25252,,effusion_0,8.976381,0.99987364,0.99800676
real,00025252_001.png,25252,,effusion_0,8.761099,0.99984324,0.99754953
real,00025261_000.png,25261,,effusion_0,6.9043407,0.9989976,0.9923661
real,00025261_001.png,25261,,effusion_0,7.925123,0.99963856,0.99595773
real,00025261_002.png,25261,,effusion_0,8.512243,0.9997991,0.99715537
real,00025261_004.png,25261,,effusion_0,7.894806,0.9996275,0.9942047
real,00025290_032.png,25290,,effusion_0,-7.140936,0.00079138373,0.9739824
real,00025416_001.png,25416,,effusion_0,-6.9759846,0.00093317457,0.9852032
real,00025517_000.png,25517,,effusion_0,3.3102665,0.9647794,0.78962535
real,00025527_009.png,25527,,effusion_0,5.295395,0.9950104,0.97208005
real,00025635_000.png,25635,,effusion_0,4.931183,0.99283373,0.9647177
real,00025635_001.png,25635,,effusion_0,5.980505,0.9974788,0.9866151
real,00025635_008.png,25635,,effusion_0,6.5334206,0.9985481,0.9909661
real,00025688_001.png,25688,,effusion_0,4.5002346,0.98901564,0.90258276
real,00025688_002.png,25688,,effusion_0,-7.268812,0.00069645396,0.99113613
real,00025696_000.png,25696,,effusion_0,-0.38124275,0.4058272,0.65788686
real,00025696_001.png,25696,,effusion_0,1.3773327,0.7985623,0.7904245
real,00025707_008.png,25707,,effusion_0,7.881254,0.99962234,0.9954947
real,00025707_010.png,25707,,effusion_0,7.7446175,0.9995671,0.995861
real,00025707_013.png,25707,,effusion_0,6.1355076,0.99784005,0.9844081
real,00025784_000.png,25784,,effusion_0,-5.4827843,0.004140522,0.80120796
real,00025784_001.png,25784,,effusion_0,-6.7144012,0.0012118418,0.93816566
real,00025832_007.png,25832,,effusion_0,-5.5618706,0.0038268827,0.92838407
real,00025924_003.png,25924,,effusion_0,-6.01853,0.002427338,0.9604842
real,00025924_006.png,25924,,effusion_0,-6.7234974,0.0012008819,0.98677456
real,00025924_016.png,25924,,effusion_0,0.023662567,0.50591534,0.60845834
real,00025924_025.png,25924,,effusion_0,6.7316914,0.99880886,0.9930203
real,00025924_026.png,25924,,effusion_0,5.7977943,0.99697495,0.9882019
real,00025924_027.png,25924,,effusion_0,3.0045834,0.9527808,0.8955639
real,00026657_000.png,26657,,effusion_0,8.394512,0.9997739,0.99798286
real,00026715_002.png,26715,,effusion_0,6.6352215,0.9986884,0.9906302
real,00026715_003.png,26715,,effusion_0,6.682543,0.998749,0.9907584
real,00026715_004.png,26715,,effusion_0,6.401333,0.99834335,0.9874883
real,00026738_005.png,26738,,effusion_0,-6.7729588,0.0011429959,0.9769076
real,00026751_000.png,26751,,effusion_0,-6.8900585,0.0010168193,0.97221595
real,00026815_000.png,26815,,effusion_0,-7.395632,0.00061355205,0.98556405
real,00026815_002.png,26815,,effusion_0,-7.442505,0.00058547297,0.99128115
real,00026889_000.png,26889,,effusion_0,3.212267,0.96129334,0.8621541
real,00026889_001.png,26889,,effusion_0,6.490114,0.99848396,0.9907843
real,00026889_002.png,26889,,effusion_0,7.0131836,0.9991009,0.9919458
real,00026911_006.png,26911,,effusion_0,5.4636517,0.9957799,0.9836976
real,00026912_000.png,26912,,effusion_0,-6.7714653,0.0011447023,0.9706031
real,00026913_000.png,26913,,effusion_0,-6.987995,0.00092204404,0.97626996
real,00026967_002.png,26967,,effusion_0,7.236784,0.99928087,0.9918255
real,00026999_000.png,26999,,effusion_0,4.086437,0.98347855,0.904917
real,00027011_000.png,27011,,effusion_0,-6.969221,0.00093950157,0.95239216
real,00027061_001.png,27061,,effusion_0,-4.409897,0.012010428,0.8349525
real,00027092_004.png,27092,,effusion_0,-2.34301,0.087622985,0.67299783
real,00027092_005.png,27092,,effusion_0,5.267517,0.99487007,0.959994
real,00027092_006.png,27092,,effusion_0,-5.925787,0.0026625975,0.92962974
real,00027142_008.png,27142,,effusion_0,-6.020355,0.0024229216,0.9046335
real,00027142_009.png,27142,,effusion_0,-0.9726658,0.27434945,0.3966411
real,00027306_000.png,27306,,effusion_0,-7.182869,0.00075890945,0.9777492
real,00027389_002.png,27389,,effusion_0,-6.8051586,0.001106818,0.94903105
real,00027389_003.png,27389,,effusion_0,-6.8686295,0.001038821,0.947253
real,00027420_002.png,27420,,effusion_0,5.6630516,0.9965402,0.9821149
real,00027420_003.png,27420,,effusion_0,-7.246868,0.00071189494,0.9880999
real,00027422_003.png,27422,,effusion_0,7.3789062,0.9993761,0.99489206
real,00027441_025.png,27441,,effusion_0,7.811796,0.9995952,0.992944
real,00027474_005.png,27474,,effusion_0,6.8500957,0.9989417,0.9914746
real,00027474_007.png,27474,,effusion_0,6.5762863,0.998609,0.9944216
real,00027474_008.png,27474,,effusion_0,5.446213,0.9957059,0.98111343
real,00027474_009.png,27474,,effusion_0,5.389307,0.9954556,0.96790326
real,00027485_001.png,27485,,effusion_0,3.628437,0.9741294,0.88494843
real,00027514_008.png,27514,,effusion_0,-7.3819733,0.0006219845,0.9898654
real,00027618_006.png,27618,,effusion_0,-5.3327236,0.004807669,0.91321534
real,00027618_008.png,27618,,effusion_0,-6.0288696,0.002402429,0.9295707
real,00027618_009.png,27618,,effusion_0,-5.0895157,0.0061232774,0.8793373
real,00027815_001.png,27815,,effusion_0,4.674736,0.9907582,0.9592872
real,00027907_001.png,27907,,effusion_0,-6.482647,0.0015274195,0.9606156
real,00028013_004.png,28013,,effusion_0,2.2360783,0.90344286,0.7423953
real,00028013_005.png,28013,,effusion_0,6.3816185,0.99831045,0.98550284
real,00028013_006.png,28013,,effusion_0,6.137808,0.99784505,0.98352116
real,00028013_010.png,28013,,effusion_0,-3.7354565,0.023306139,0.747674
real,00028013_011.png,28013,,effusion_0,4.653284,0.99055964,0.9359981
real,00028013_013.png,28013,,effusion_0,6.1239624,0.997815,0.9797887
real,00028018_000.png,28018,,effusion_0,-7.3706493,0.00062906335,0.990096
real,00028027_000.png,28027,,effusion_0,-6.5595493,0.0014145202,0.96202564
real,00028027_003.png,28027,,effusion_0,6.180422,0.9979347,0.9872648
real,00028027_004.png,28027,,effusion_0,9.030657,0.9998803,0.9979119
real,00028036_000.png,28036,,effusion_0,8.488304,0.9997942,0.99713254
real,00028105_000.png,28105,,effusion_0,-7.1566105,0.0007790854,0.9901045
real,00028148_005.png,28148,,effusion_0,1.1257687,0.75505716,0.5658078
real,00028148_006.png,28148,,effusion_0,1.350666,0.7942385,0.45511782
real,00028148_008.png,28148,,effusion_0,2.8906364,0.9473817,0.6905386
real,00028148_010.png,28148,,effusion_0,2.77956,0.9415612,0.72208744
real,00028148_013.png,28148,,effusion_0,-5.1290035,0.00588759,0.8733146
real,00028148_014.png,28148,,effusion_0,-3.3901005,0.03260629,0.73960257
real,00028148_011.png,28148,,effusion_0,-4.3585205,0.012635605,0.8736819
real,00028148_012.png,28148,,effusion_0,-3.5840645,0.027012683,0.76072407
real,00028148_017.png,28148,,effusion_0,-3.535284,0.028324796,0.80363035
real,00028256_003.png,28256,,effusion_0,-2.207735,0.09905802,0.6821636
real,00028256_001.png,28256,,effusion_0,5.2409515,0.99473274,0.98321086
real,00028256_004.png,28256,,effusion_0,0.9296074,0.71699566,0.61987096
real,00028256_005.png,28256,,effusion_0,-6.427452,0.0016139554,0.96285486
real,00028274_000.png,28274,,effusion_0,8.651211,0.9998252,0.9983819
real,00028392_001.png,28392,,effusion_0,7.9404755,0.99964404,0.9963879
real,00028392_004.png,28392,,effusion_0,7.4953327,0.99944466,0.995476
real,00028392_005.png,28392,,effusion_0,-0.07931137,0.48018253,0.38310564
real,00028412_000.png,28412,,effusion_0,-7.161743,0.00077509996,0.9882644
real,00028558_000.png,28558,,effusion_0,-6.574732,0.0013932362,0.9775655
real,00028625_000.png,28625,,effusion_0,8.306522,0.9997532,0.99661183
real,00028628_006.png,28628,,effusion_0,9.00445,0.9998771,0.99797016
real,00028628_007.png,28628,,effusion_0,8.915619,0.9998658,0.9978595
real,00028628_008.png,28628,,effusion_0,9.083496,0.9998865,0.9984857
real,00028628_009.png,28628,,effusion_0,8.939041,0.99986887,0.99780655
real,00028628_010.png,28628,,effusion_0,8.287378,0.9997484,0.99507874
real,00028628_016.png,28628,,effusion_0,8.375374,0.9997696,0.99685323
real,00028628_017.png,28628,,effusion_0,8.947176,0.99986994,0.99709725
real,00028628_022.png,28628,,effusion_0,8.679243,0.9998299,0.996848
real,00028703_000.png,28703,,effusion_0,-6.712763,0.0012138266,0.9791862
real,00028764_004.png,28764,,effusion_0,-7.401928,0.0006097035,0.99396455
real,00028766_000.png,28766,,effusion_0,-7.304537,0.000672029,0.99201393
real,00028772_000.png,28772,,effusion_0,-6.831238,0.001078357,0.9848315
real,00028811_000.png,28811,,effusion_0,6.9634285,0.9990551,0.9948671
real,00028811_001.png,28811,,effusion_0,8.524378,0.99980146,0.9977659
real,00028811_002.png,28811,,effusion_0,8.431578,0.99978215,0.99802697
real,00028811_006.png,28811,,effusion_0,8.935648,0.9998684,0.9986453
real,00028811_007.png,28811,,effusion_0,8.425632,0.99978083,0.99807173
real,00028882_005.png,28882,,effusion_0,-6.175993,0.0020744286,0.94906753
real,00028897_002.png,28897,,effusion_0,4.2676544,0.9861791,0.94537795
real,00028897_003.png,28897,,effusion_0,5.1830597,0.99442047,0.98218197
real,00028897_011.png,28897,,effusion_0,7.662359,0.9995301,0.9966234
real,00028897_012.png,28897,,effusion_0,8.276089,0.99974555,0.9968855
real,00028897_013.png,28897,,effusion_0,7.927246,0.9996394,0.9963063
real,00028897_015.png,28897,,effusion_0,6.641617,0.99869686,0.9903878
real,00028897_016.png,28897,,effusion_0,7.0680885,0.99914885,0.9934337
real,00028897_018.png,28897,,effusion_0,5.892248,0.99724686,0.974912
real,00028897_019.png,28897,,effusion_0,6.122282,0.9978114,0.97950035
real,00028934_001.png,28934,,effusion_0,4.2508717,0.98594844,0.9080858
real,00029021_000.png,29021,,effusion_0,-6.4875546,0.0015199532,0.96094686
real,00029022_000.png,29022,,effusion_0,-4.743162,0.008635829,0.7473224
real,00029031_000.png,29031,,effusion_0,-7.384924,0.0006201531,0.9926419
real,00029058_004.png,29058,,effusion_0,1.0905647,0.74848807,0.606455
real,00029105_001.png,29105,,effusion_0,-1.2115002,0.2294357,0.5824445
real,00029105_002.png,29105,,effusion_0,-1.9540939,0.12410764,0.62417924
real,00029105_007.png,29105,,effusion_0,-4.29941,0.013394713,0.8087195
real,00029105_009.png,29105,,effusion_0,-3.7375946,0.023257518,0.70131403
real,00029105_010.png,29105,,effusion_0,-2.8956528,0.05236888,0.6194888
real,00029105_011.png,29105,,effusion_0,-3.5618,0.027604066,0.6288365
real,00029105_014.png,29105,,effusion_0,-5.706272,0.0033140257,0.8748444
real,00029105_015.png,29105,,effusion_0,-5.1319313,0.0058704787,0.82782835
real,00029225_000.png,29225,,effusion_0,-6.7751694,0.0011404749,0.9823179
real,00029297_000.png,29297,,effusion_0,-6.9596443,0.0009485336,0.98670924
real,00029297_003.png,29297,,effusion_0,3.9434834,0.9809879,0.885795
real,00029297_004.png,29297,,effusion_0,4.914318,0.9927128,0.9443988
real,00029297_005.png,29297,,effusion_0,1.1973267,0.7680488,0.6326155
real,00029459_002.png,29459,,effusion_0,0.6739216,0.6623807,0.64214444
real,00029459_004.png,29459,,effusion_0,0.7172241,0.67199546,0.626578
real,00029500_000.png,29500,,effusion_0,7.0490627,0.9991326,0.9925812
real,00029510_000.png,29510,,effusion_0,-7.3710613,0.0006288044,0.98874825
real,00029551_000.png,29551,,effusion_0,8.822609,0.99985266,0.99800247
real,00029551_003.png,29551,,effusion_0,7.516966,0.99945647,0.9947759
real,00029551_004.png,29551,,effusion_0,7.480446,0.9994363,0.9935163
real,00029551_005.png,29551,,effusion_0,2.663559,0.93484175,0.7504915
real,00029552_000.png,29552,,effusion_0,-7.3797054,0.0006233958,0.9899973
real,00029579_000.png,29579,,effusion_0,5.161682,0.9943006,0.9690026
real,00029579_004.png,29579,,effusion_0,5.0598545,0.99369353,0.96436757
real,00029579_005.png,29579,,effusion_0,3.3625011,0.9665118,0.8282666
real,00029579_009.png,29579,,effusion_0,-0.83807755,0.30193982,0.4794352
real,00029579_014.png,29579,,effusion_0,4.3255215,0.98694605,0.9179651
real,00029579_012.png,29579,,effusion_0,5.6714783,0.99656904,0.9838667
real,00029579_015.png,29579,,effusion_0,6.5344543,0.9985495,0.9924396
real,00029631_004.png,29631,,effusion_0,3.5185776,0.9712118,0.8986361
real,00029631_006.png,29631,,effusion_0,-3.890501,0.020025874,0.7134904
real,00029631_007.png,29631,,effusion_0,-1.0509434,0.259044,0.535965
real,00029631_012.png,29631,,effusion_0,4.5389004,0.98942775,0.9465364
real,00029631_013.png,29631,,effusion_0,6.8745785,0.9989673,0.9903116
real,00029747_002.png,29747,,effusion_0,4.0284843,0.98251003,0.91937655
real,00029756_000.png,29756,,effusion_0,5.343666,0.99524444,0.98271686
real,00029794_000.png,29794,,effusion_0,-7.009674,0.000902288,0.98784083
real,00029821_013.png,29821,,effusion_0,3.1556702,0.9591316,0.76326936
real,00029821_014.png,29821,,effusion_0,-4.0415516,0.017266808,0.6844108
real,00029839_008.png,29839,,effusion_0,2.7266178,0.9385791,0.8715955
real,00029839_009.png,29839,,effusion_0,-7.1650486,0.00077254407,0.9927208
real,00029943_002.png,29943,,effusion_0,-6.7796574,0.0011353738,0.9715595
real,00029943_004.png,29943,,effusion_0,-6.6813793,0.0012524764,0.9758103
real,00029943_005.png,29943,,effusion_0,-5.583151,0.0037466073,0.9192526
real,00029943_007.png,29943,,effusion_0,-6.6453915,0.0012983116,0.9664478
real,00029943_006.png,29943,,effusion_0,-5.70796,0.0033084545,0.94959277
real,00029943_008.png,29943,,effusion_0,-5.964632,0.0025614118,0.962124
real,00029981_004.png,29981,,effusion_0,-4.3551693,0.012677484,0.76271313
real,00029981_007.png,29981,,effusion_0,-1.6744232,0.15783533,0.513932
real,00030059_009.png,30059,,effusion_0,8.396034,0.9997743,0.99795043
real,00030059_011.png,30059,,effusion_0,8.537149,0.99980396,0.9983898
real,00030070_000.png,30070,,effusion_0,3.1506329,0.95893365,0.907746
real,00030153_004.png,30153,,effusion_0,4.842148,0.99217165,0.9785569
real,00030162_023.png,30162,,effusion_0,5.9733715,0.99746084,0.98325956
real,00030183_004.png,30183,,effusion_0,3.8170834,0.9784814,0.91054326
real,00030183_005.png,30183,,effusion_0,4.095873,0.98363113,0.91736954
real,00030183_006.png,30183,,effusion_0,1.4663048,0.8124951,0.62740344
real,00030196_001.png,30196,,effusion_0,8.471481,0.9997907,0.99799025
real,00030196_002.png,30196,,effusion_0,8.078918,0.99969006,0.9959738
real,00030207_000.png,30207,,effusion_0,-6.050123,0.0023520265,0.94751066
real,00030276_000.png,30276,,effusion_0,-7.24914,0.0007102807,0.99156344
real,00030389_005.png,30389,,effusion_0,1.159277,0.7612013,0.5191011
real,00030389_006.png,30389,,effusion_0,-1.0313759,0.26281744,0.40639654
real,00030389_007.png,30389,,effusion_0,-1.041132,0.26093164,0.41221884
real,00030389_008.png,30389,,effusion_0,2.0627785,0.8872324,0.70126355
real,00030389_009.png,30389,,effusion_0,4.6397953,0.99043274,0.93164605
real,00030389_010.png,30389,,effusion_0,4.369501,0.98750067,0.8991794
real,00030389_011.png,30389,,effusion_0,6.1007137,0.99776375,0.9774492
real,00030389_012.png,30389,,effusion_0,7.628912,0.9995141,0.9940431
real,00030389_013.png,30389,,effusion_0,8.212872,0.999729,0.99722725
real,00030436_000.png,30436,,effusion_0,-0.5554733,0.36459547,0.7014997
real,00030490_000.png,30490,,effusion_0,-7.3803177,0.00062301446,0.9928749
real,00030541_005.png,30541,,effusion_0,0.2774601,0.5689235,0.4868467
real,00030561_005.png,30561,,effusion_0,-5.321516,0.0048615914,0.8875052
real,00030561_006.png,30561,,effusion_0,-4.220894,0.014472968,0.8587796
real,00030561_007.png,30561,,effusion_0,-1.595911,0.16855389,0.6047626
real,00030561_010.png,30561,,effusion_0,-3.8350735,0.021143066,0.7914615
real,00030561_011.png,30561,,effusion_0,-3.7629566,0.022688292,0.7716004
real,00030561_013.png,30561,,effusion_0,-1.7358971,0.14983483,0.66356814
real,00030561_014.png,30561,,effusion_0,4.9855156,0.99321014,0.96635944
real,00030561_017.png,30561,,effusion_0,1.8003674,0.8581937,0.7241743
real,00030561_018.png,30561,,effusion_0,4.1047688,0.9837738,0.9267824
real,00030632_000.png,30632,,effusion_0,-7.4003525,0.0006106642,0.9931882
real,00030650_000.png,30650,,effusion_0,4.758749,0.9914967,0.95592934
real,00030650_001.png,30650,,effusion_0,7.7166824,0.9995548,0.99416447
real,00030650_002.png,30650,,effusion_0,8.089516,0.9996934,0.9957654
real,00030650_003.png,30650,,effusion_0,6.207407,0.99798965,0.98782754
real,00030650_007.png,30650,,effusion_0,7.85046,0.9996106,0.9962707
real,00030650_008.png,30650,,effusion_0,7.719269,0.999556,0.99564874
real,00030650_009.png,30650,,effusion_0,7.182724,0.999241,0.99466133
real,00030659_000.png,30659,,effusion_0,-5.3201904,0.0048680087,0.85371464
real,00030668_000.png,30668,,effusion_0,0.020565033,0.5051411,0.520027
real,00002793_006.png,2793,,effusion_0,-7.6191216,0.000490732,0.9924248
real,00014954_000.png,14954,,effusion_0,-7.430914,0.0005922946,0.9885965
real,00026982_005.png,26982,,effusion_0,-7.205736,0.00074176484,0.9901032
real,00014719_000.png,14719,,effusion_0,-7.4861526,0.0005604821,0.9895344
real,00003321_001.png,3321,,effusion_0,-6.8734035,0.0010338785,0.97697043
real,00001430_001.png,1430,,effusion_0,-7.043062,0.0008726856,0.9729974
real,00012460_000.png,12460,,effusion_0,-6.3741455,0.0017021738,0.9743143
real,00008806_003.png,8806,,effusion_0,-7.1104355,0.0008158731,0.97986716
real,00010931_003.png,10931,,effusion_0,-7.3240376,0.00065905944,0.99153215
real,00026815_001.png,26815,,effusion_0,-7.2844353,0.0006856651,0.9784259
real,00028980_001.png,28980,,effusion_0,7.684269,0.9995402,0.9938909
real,00019376_000.png,19376,,effusion_0,-7.5459576,0.0005279623,0.99208933
real,00020318_024.png,20318,,effusion_0,7.0327682,0.99911827,0.99654835
real,00004909_001.png,4909,,effusion_0,-6.632572,0.00131504,0.9650145
real,00000582_000.png,582,,effusion_0,-7.541857,0.0005301307,0.99298936
real,00006576_000.png,6576,,effusion_0,-7.441187,0.0005862447,0.98765206
real,00022712_000.png,22712,,effusion_0,-7.741373,0.0004342859,0.99549425
real,00018361_000.png,18361,,effusion_0,-7.3271103,0.00065703876,0.9913256
real,00011380_001.png,11380,,effusion_0,-6.966305,0.000942243,0.97746867
real,00009306_000.png,9306,,effusion_0,-7.6882744,0.0004579583,0.9935994
real,00029058_000.png,29058,,effusion_0,-7.0783634,0.0008424415,0.9878641
real,00011611_000.png,11611,,effusion_0,-7.2577744,0.0007041784,0.98802197
real,00024476_000.png,24476,,effusion_0,-7.4643173,0.0005728479,0.9930922
real,00012478_000.png,12478,,effusion_0,-7.494467,0.0005558441,0.98968196
real,00010673_000.png,10673,,effusion_0,-6.466051,0.0015529401,0.96513474
real,00010933_000.png,10933,,effusion_0,-7.6546497,0.00047361138,0.9933956
real,00007431_000.png,7431,,effusion_0,-7.0787144,0.0008421462,0.9868255
real,00028628_005.png,28628,,effusion_0,8.521715,0.999801,0.99759096
real,00002736_000.png,2736,,effusion_0,-6.9515495,0.0009562356,0.98679847
real,00026148_002.png,26148,,effusion_0,-7.37237,0.0006279827,0.9949631
real,00021716_004.png,21716,,effusion_0,-6.7323303,0.001190334,0.9627022
real,00005364_000.png,5364,,effusion_0,-7.4926605,0.0005568484,0.9913277
real,00008623_002.png,8623,,effusion_0,-7.535578,0.00053346803,0.99270844
real,00015553_003.png,15553,,effusion_0,-7.2631817,0.0007003836,0.99446094
real,00015552_000.png,15552,,effusion_0,-0.093465805,0.47665054,0.5295514
real,00004158_000.png,4158,,effusion_0,-7.689518,0.00045738943,0.99235415
real,00008802_002.png,8802,,effusion_0,-0.0021514893,0.4994621,0.36435154
real,00004699_000.png,4699,,effusion_0,-7.3201447,0.00066162844,0.9868877
real,00015795_002.png,15795,,effusion_0,-7.4522,0.0005798275,0.98727995
real,00014429_018.png,14429,,effusion_0,-7.14946,0.000784672,0.9794693
real,00010920_003.png,10920,,effusion_0,-7.1744347,0.00076533237,0.9922018
real,00006490_001.png,6490,,effusion_0,-6.9639874,0.000944427,0.98469204
real,00020060_005.png,20060,,effusion_0,-5.931988,0.0026461817,0.89790916
real,00013970_000.png,13970,,effusion_0,-7.2483883,0.0007108143,0.9888265
real,00012352_000.png,12352,,effusion_0,-7.5066853,0.0005490975,0.99290496
real,00001199_006.png,1199,,effusion_0,3.7468739,0.9769523,0.8645277
real,00019771_000.png,19771,,effusion_0,-6.775297,0.0011403294,0.97790927
real,00000304_000.png,304,,effusion_0,-7.205982,0.00074158254,0.98683864
real,00028287_000.png,28287,,effusion_0,-7.535921,0.000533285,0.98967266
real,00015000_007.png,15000,,effusion_0,-7.494774,0.0005556735,0.99236757
real,00018476_000.png,18476,,effusion_0,-7.793188,0.00041236548,0.98897696
real,00027035_000.png,27035,,effusion_0,-7.5476,0.00052709645,0.9908199
real,00002228_000.png,2228,,effusion_0,-7.2539845,0.0007068504,0.9922438
real,00019640_000.png,19640,,effusion_0,-7.4679146,0.00057079206,0.9876745
real,00010175_000.png,10175,,effusion_0,-7.371544,0.00062850124,0.9881849
real,00003940_006.png,3940,,effusion_0,-7.443104,0.0005851226,0.9922163
real,00014387_006.png,14387,,effusion_0,-3.538332,0.028241027,0.64368343
real,00021375_002.png,21375,,effusion_0,-7.3197346,0.0006618996,0.9867945
real,00001230_006.png,1230,,effusion_0,-7.507759,0.00054850854,0.98351157
real,00012772_003.png,12772,,effusion_0,-7.298622,0.00067601295,0.9889851
real,00026354_001.png,26354,,effusion_0,-7.073057,0.00084691995,0.9832336
real,00028962_000.png,28962,,effusion_0,-7.034096,0.00088053866,0.98020524
real,00007876_000.png,7876,,effusion_0,-7.809927,0.00040552314,0.99449795
real,00006921_000.png,6921,,effusion_0,-7.6132336,0.0004936285,0.9896303
real,00008576_000.png,8576,,effusion_0,-7.158518,0.00077760196,0.9876112
real,00021871_000.png,21871,,effusion_0,-6.3891735,0.0016768276,0.9703913
real,00019774_008.png,19774,,effusion_0,-6.7247086,0.0011994302,0.9624329
real,00026911_003.png,26911,,effusion_0,1.8617077,0.8654959,0.71056604
real,00009761_000.png,9761,,effusion_0,-7.012043,0.000900155,0.97495615
real,00005511_000.png,5511,,effusion_0,-7.4716854,0.000568645,0.992687
real,00000517_004.png,517,,effusion_0,-7.281315,0.0006878066,0.97447556
real,00027025_000.png,27025,,effusion_0,-7.4146347,0.00060200976,0.9891425
real,00009061_001.png,9061,,effusion_0,-7.5182743,0.00054277416,0.99081135
real,00006851_029.png,6851,,effusion_0,-5.034281,0.006468762,0.8750517
real,00020193_000.png,20193,,effusion_0,-7.488888,0.00055895204,0.9902654
real,00029105_019.png,29105,,effusion_0,-5.3797665,0.004587753,0.8659885
real,00018284_013.png,18284,,effusion_0,7.3716526,0.9993716,0.9954947
real,00016990_001.png,16990,,effusion_0,-7.4419556,0.00058579445,0.9929737
real,00001563_000.png,1563,,effusion_0,-7.674368,0.0004643684,0.9909239
real,00010465_001.png,10465,,effusion_0,-7.4120884,0.0006035437,0.99208355
real,00020568_000.png,20568,,effusion_0,-6.62554,0.0013243083,0.9778461
real,00022920_000.png,22920,,effusion_0,-7.333027,0.00065316533,0.989659
real,00016907_000.png,16907,,effusion_0,-7.4973793,0.00055422843,0.9890201
real,00005401_001.png,5401,,effusion_0,-7.6957703,0.00045453987,0.99297154
real,00004734_001.png,4734,,effusion_0,-6.1848774,0.0020561176,0.9418977
real,00002793_001.png,2793,,effusion_0,-7.4085255,0.00060569664,0.9913882
real,00030153_002.png,30153,,effusion_0,-7.3740463,0.00062693143,0.9905975
real,00023937_000.png,23937,,effusion_0,-7.1133766,0.00081347895,0.9891015
real,00029879_001.png,29879,,effusion_0,-7.4438457,0.0005846889,0.9937646
real,00009907_001.png,9907,,effusion_0,-7.6810474,0.0004612784,0.99291044
real,00007088_000.png,7088,,effusion_0,-5.7827263,0.003070847,0.9489269
real,00017618_001.png,17618,,effusion_0,-7.4876175,0.00055966206,0.9798166
real,00026342_000.png,26342,,effusion_0,-7.4942856,0.00055594475,0.99315184
real,00006936_006.png,6936,,effusion_0,-7.496847,0.00055452326,0.9899296
real,00019503_000.png,19503,,effusion_0,-7.392103,0.0006157195,0.99148744
real,00021239_001.png,21239,,effusion_0,-7.7658997,0.00042376836,0.9918385
real,00015762_000.png,15762,,effusion_0,-7.627226,0.00048677294,0.9936815
real,00012129_000.png,12129,,effusion_0,-7.4196663,0.0005989901,0.99099773
real,00007589_000.png,7589,,effusion_0,-7.51404,0.0005450761,0.9952522
real,00011310_000.png,11310,,effusion_0,-7.426794,0.00059473835,0.9773063
real,00011029_001.png,11029,,effusion_0,-7.71657,0.00044518744,0.9957023
real,00017824_000.png,17824,,effusion_0,-7.204296,0.0007428331,0.9819198
real,00003013_002.png,3013,,effusion_0,-7.003294,0.0009080578,0.9838322
real,00013541_000.png,13541,,effusion_0,-6.584902,0.0013791582,0.96451133
real,00010905_017.png,10905,,effusion_0,-7.1771183,0.0007632828,0.98096836
real,00012784_000.png,12784,,effusion_0,-7.189377,0.00075399026,0.98914665
real,00023943_000.png,23943,,effusion_0,-7.6113205,0.0004945733,0.99455595
real,00001470_001.png,1470,,effusion_0,3.8987446,0.98013526,0.93769467
real,00016417_005.png,16417,,effusion_0,6.570774,0.99860126,0.9868798
real,00017014_000.png,17014,,effusion_0,-7.4503536,0.00058089837,0.9875241
real,00001223_001.png,1223,,effusion_0,-6.6369476,0.0013093064,0.9790259
real,00022677_003.png,22677,,effusion_0,-7.4034195,0.0006087953,0.98976266
real,00026292_004.png,26292,,effusion_0,-6.4366302,0.0015992335,0.92560476
real,00007113_000.png,7113,,effusion_0,-7.264267,0.00069962454,0.99316275
real,00021976_001.png,21976,,effusion_0,-7.400118,0.0006108074,0.9879075
real,00017729_006.png,17729,,effusion_0,-7.503769,0.00055070035,0.9937561
real,00015149_000.png,15149,,effusion_0,-7.1816616,0.00075982546,0.9786903
real,00029340_001.png,29340,,effusion_0,-7.2830467,0.0006866172,0.9939635
real,00011985_000.png,11985,,effusion_0,-7.500721,0.00055238046,0.9891925
real,00025037_000.png,25037,,effusion_0,-7.4842014,0.00056157616,0.9931314
real,00009757_000.png,9757,,effusion_0,-7.158991,0.00077723444,0.991657
real,00001995_000.png,1995,,effusion_0,-7.5079765,0.00054838933,0.99010354
real,00014560_000.png,14560,,effusion_0,-7.2828426,0.00068675727,0.989831
real,00025738_000.png,25738,,effusion_0,-7.361082,0.0006351068,0.9921307
real,00024116_002.png,24116,,effusion_0,-7.586689,0.00050690037,0.99374765
real,00012537_000.png,12537,,effusion_0,-7.629635,0.0004856023,0.9927988
real,00006005_000.png,6005,,effusion_0,5.727234,0.99675447,0.98170924
real,00023422_000.png,23422,,effusion_0,-7.3992157,0.0006113584,0.9895654
real,00014662_001.png,14662,,effusion_0,-7.5152073,0.0005444405,0.9941663
real,00015783_000.png,15783,,effusion_0,-7.2740746,0.0006928011,0.987971
real,00025058_000.png,25058,,effusion_0,-7.453821,0.00057888875,0.9934331
real,00008142_005.png,8142,,effusion_0,-7.428694,0.0005936102,0.991162
real,00016219_000.png,16219,,effusion_0,-7.4353313,0.0005896855,0.9848127
real,00020699_003.png,20699,,effusion_0,-4.6456184,0.009512236,0.8911009
real,00020139_000.png,20139,,effusion_0,-7.445997,0.0005834331,0.9918644
real,00011237_004.png,11237,,effusion_0,7.0412807,0.9991258,0.9910287
real,00004466_000.png,4466,,effusion_0,-7.4085636,0.00060567353,0.990881
real,00003785_001.png,3785,,effusion_0,-6.7161617,0.001209713,0.98751587
real,00022033_000.png,22033,,effusion_0,-7.4269905,0.0005946216,0.98558307
real,00016341_001.png,16341,,effusion_0,-6.3432846,0.0017554298,0.9678428
real,00009498_000.png,9498,,effusion_0,-7.46595,0.00057191396,0.98970115
real,00003105_000.png,3105,,effusion_0,-7.4094315,0.00060514844,0.99393904
real,00020912_001.png,20912,,effusion_0,-7.700886,0.00045222166,0.9942173
real,00026599_001.png,26599,,effusion_0,-7.4460583,0.00058339746,0.9915559
real,00007379_000.png,7379,,effusion_0,-7.6292763,0.00048577634,0.9926501
real,00010920_006.png,10920,,effusion_0,-7.58741,0.0005065353,0.9914398
real,00004562_000.png,4562,,effusion_0,-7.462,0.0005741762,0.9882502
real,00023219_000.png,23219,,effusion_0,-7.571356,0.00051472866,0.98478884
real,00003640_001.png,3640,,effusion_0,-7.464033,0.00057301065,0.9937664
real,00001170_003.png,1170,,effusion_0,5.7820854,0.9969272,0.9822078
real,00001203_017.png,1203,,effusion_0,-7.180794,0.0007604847,0.98598194
real,00008185_001.png,8185,,effusion_0,-4.0238056,0.017570527,0.6066353
real,00022389_000.png,22389,,effusion_0,-7.509218,0.0005477092,0.9915271
real,00021424_000.png,21424,,effusion_0,-7.1100044,0.0008162246,0.9827308
real,00030332_000.png,30332,,effusion_0,-7.46183,0.00057427364,0.99306536
real,00002225_002.png,2225,,effusion_0,-6.1367073,0.0021573666,0.89497054
real,00001803_013.png,1803,,effusion_0,-1.7209263,0.15175189,0.49341506
real,00023043_000.png,23043,,effusion_0,-7.672327,0.00046531664,0.99434626
real,00005530_001.png,5530,,effusion_0,-7.228979,0.0007247352,0.9925117
real,00030650_004.png,30650,,effusion_0,7.191597,0.99924767,0.9926176
real,00026736_000.png,26736,,effusion_0,-7.422371,0.0005973733,0.9910239
real,00011491_000.png,11491,,effusion_0,-7.0421486,0.00087348255,0.9880142
real,00000705_002.png,705,,effusion_0,-6.5207024,0.001470469,0.96883714
real,00016509_001.png,16509,,effusion_0,-7.5154095,0.0005443305,0.9857901
real,00003320_002.png,3320,,effusion_0,-7.363699,0.0006334481,0.9917389
real,00006030_000.png,6030,,effusion_0,-7.5921593,0.0005041365,0.99379057
real,00012304_009.png,12304,,effusion_0,-6.4413567,0.0015917048,0.96106845
real,00010445_001.png,10445,,effusion_0,-7.505602,0.0005496924,0.9893205
real,00030196_003.png,30196,,effusion_0,8.3393135,0.99976116,0.9970611
real,00007258_004.png,7258,,effusion_0,-6.8480644,0.0010603827,0.9802086
real,00020292_000.png,20292,,effusion_0,-7.655411,0.00047325125,0.9921596
real,00007389_001.png,7389,,effusion_0,-7.005661,0.000905913,0.9831071
real,00005401_003.png,5401,,effusion_0,-7.520859,0.000541374,0.99368066
real,00024497_000.png,24497,,effusion_0,-7.422165,0.0005974963,0.99305236
real,00021409_007.png,21409,,effusion_0,6.350527,0.9982572,0.9868776
real,00022159_000.png,22159,,effusion_0,-7.4467564,0.0005829906,0.9939205
real,00002837_000.png,2837,,effusion_0,-2.954317,0.04953287,0.6020475
real,00014939_000.png,14939,,effusion_0,-7.2919884,0.00068050926,0.9865891
real,00002114_000.png,2114,,effusion_0,-7.5567646,0.0005222903,0.9919407
real,00024641_000.png,24641,,effusion_0,-7.5055504,0.0005497207,0.9900803
real,00028148_003.png,28148,,effusion_0,2.4108124,0.917648,0.7286466
real,00025230_000.png,25230,,effusion_0,-7.422514,0.00059728784,0.99059606
real,00002793_003.png,2793,,effusion_0,-5.795553,0.0030318277,0.9619436
real,00019640_003.png,19640,,effusion_0,-7.590431,0.000505008,0.98916054
real,00005347_000.png,5347,,effusion_0,-7.5260677,0.00053856283,0.9931593
real,00024875_000.png,24875,,effusion_0,-7.5001507,0.0005526954,0.99339396
real,00017754_000.png,17754,,effusion_0,-7.568527,0.0005161859,0.9892108
real,00019868_002.png,19868,,effusion_0,-7.495968,0.00055501075,0.9906488
real,00025020_000.png,25020,,effusion_0,-7.009672,0.0009022897,0.9837995
real,00002736_001.png,2736,,effusion_0,-7.4198494,0.0005988805,0.9893353
real,00017592_000.png,17592,,effusion_0,-7.5470467,0.00052738795,0.9927276
real,00023012_004.png,23012,,effusion_0,-7.3341045,0.0006524623,0.9922223
real,00010152_001.png,10152,,effusion_0,-7.3929253,0.0006152138,0.98984414
real,00002685_001.png,2685,,effusion_0,-7.1246777,0.00080434495,0.9880692
real,00027847_002.png,27847,,effusion_0,-7.139551,0.0007924795,0.9914172
real,00026957_000.png,26957,,effusion_0,-7.5487823,0.0005264738,0.9916006
real,00014695_002.png,14695,,effusion_0,4.9966183,0.9932847,0.9436253
real,00029105_028.png,29105,,effusion_0,-5.762995,0.0031318495,0.9060533
real,00008335_000.png,8335,,effusion_0,-7.6852283,0.00045935472,0.9927886
real,00000246_018.png,246,,effusion_0,-7.051035,0.00086576154,0.9760523
real,00015177_000.png,15177,,effusion_0,-6.929491,0.0009775423,0.9890192
real,00002831_000.png,2831,,effusion_0,-7.4896545,0.00055852387,0.9886663
real,00024326_000.png,24326,,effusion_0,-7.6870117,0.00045853664,0.9939924
real,00005053_001.png,5053,,effusion_0,-7.2040405,0.00074302277,0.9856887
real,00003804_012.png,3804,,effusion_0,-7.4413795,0.0005861318,0.98736835
real,00021970_005.png,21970,,effusion_0,-6.9187946,0.0009880442,0.9876491
real,00016484_027.png,16484,,effusion_0,-6.420599,0.0016250359,0.9650304
real,00010892_000.png,10892,,effusion_0,-7.045191,0.0008708315,0.9859475
real,00014145_000.png,14145,,effusion_0,-6.9914513,0.00091886567,0.9865606
real,00027625_000.png,27625,,effusion_0,-7.542967,0.0005295428,0.9903246
real,00025215_000.png,25215,,effusion_0,-6.8953953,0.0010114127,0.9816631
real,00002355_005.png,2355,,effusion_0,-7.193327,0.00075102,0.98444265
real,00011932_006.png,11932,,effusion_0,-7.549597,0.0005260454,0.993384
real,00014087_000.png,14087,,effusion_0,-7.5850754,0.0005077186,0.99370426
real,00004899_000.png,4899,,effusion_0,-7.4622097,0.0005740558,0.9899806
real,00001775_003.png,1775,,effusion_0,7.521391,0.99945897,0.99410105
real,00028598_000.png,28598,,effusion_0,-7.343029,0.000646669,0.9944064
real,00019815_000.png,19815,,effusion_0,-7.3723106,0.0006280198,0.99112386
real,00024789_001.png,24789,,effusion_0,-7.4058743,0.0006073036,0.991279
real,00005002_000.png,5002,,effusion_0,-7.3563595,0.00063811126,0.98896676
real,00003013_003.png,3013,,effusion_0,-7.1637554,0.000773543,0.98598707
real,00025438_000.png,25438,,effusion_0,-7.431988,0.00059165934,0.9909571
real,00029382_000.png,29382,,effusion_0,-7.239353,0.000717261,0.9934497
real,00015313_013.png,15313,,effusion_0,-7.46908,0.0005701276,0.9873455
real,00024474_000.png,24474,,effusion_0,-7.363407,0.00063363276,0.99261373
real,00006694_001.png,6694,,effusion_0,-7.1458626,0.0007874975,0.98832476
real,00003576_000.png,3576,,effusion_0,-7.2166023,0.0007337543,0.9924478
real,00013288_001.png,13288,,effusion_0,-7.172907,0.0007665017,0.98606926
real,00001727_000.png,1727,,effusion_0,-6.725916,0.0011979847,0.9633752
real,00018844_000.png,18844,,effusion_0,-6.1173763,0.0021993837,0.95232254
real,00013162_000.png,13162,,effusion_0,-7.6101723,0.00049514126,0.987352
real,00018345_000.png,18345,,effusion_0,-7.2585907,0.00070360425,0.9840733
real,00020341_000.png,20341,,effusion_0,-7.120367,0.0008078169,0.96851695
real,00003804_000.png,3804,,effusion_0,-7.2908688,0.000681271,0.9861874
real,00014809_010.png,14809,,effusion_0,-7.23785,0.0007183392,0.99204427
real,00029487_001.png,29487,,effusion_0,-7.547804,0.00052698894,0.99284774
real,00029211_000.png,29211,,effusion_0,-7.114956,0.00081219635,0.99159503
real,00004435_004.png,4435,,effusion_0,-6.9601917,0.0009480151,0.9827573
real,00008142_001.png,8142,,effusion_0,-7.320223,0.00066157663,0.98986435
real,00003499_004.png,3499,,effusion_0,-7.272972,0.00069356477,0.9893281
real,00019163_000.png,19163,,effusion_0,-7.446701,0.0005830228,0.9910402
real,00010120_020.png,10120,,effusion_0,-7.2759056,0.00069153454,0.98067456
real,00002402_000.png,2402,,effusion_0,-7.537071,0.00053267233,0.99211586
real,00029025_004.png,29025,,effusion_0,-6.93293,0.00097418955,0.981948
real,00011598_020.png,11598,,effusion_0,-7.0700626,0.0008494576,0.980207
real,00012855_000.png,12855,,effusion_0,-5.6258717,0.003590483,0.853611
real,00030389_014.png,30389,,effusion_0,-1.2605648,0.22087668,0.40533763
real,00024171_000.png,24171,,effusion_0,-7.4874153,0.0005597752,0.99241304
real,00007851_004.png,7851,,effusion_0,-7.3931828,0.00061505556,0.9928288
real,00011932_005.png,11932,,effusion_0,-7.4717045,0.0005686342,0.9916782
real,00027422_000.png,27422,,effusion_0,-7.4896603,0.00055852067,0.99274355
real,00013397_000.png,13397,,effusion_0,-7.7074146,0.0004492801,0.9887838
real,00000318_009.png,318,,effusion_0,-7.1562214,0.00077938836,0.98249346
real,00025924_005.png,25924,,effusion_0,-7.224018,0.00072833704,0.98945826
real,00001507_002.png,1507,,effusion_0,-6.7350006,0.0011871634,0.98413754
real,00007851_001.png,7851,,effusion_0,-7.403969,0.00060846115,0.99322474
real,00026354_000.png,26354,,effusion_0,-7.2925396,0.0006801345,0.9840097
real,00018642_001.png,18642,,effusion_0,-7.0646,0.0008541067,0.98985845
real,00016245_000.png,16245,,effusion_0,-7.70315,0.00045119945,0.99559027
real,00007340_004.png,7340,,effusion_0,-7.199915,0.00074609224,0.988952
real,00000273_009.png,273,,effusion_0,-7.0361156,0.00087876344,0.98436296
real,00017778_000.png,17778,,effusion_0,-6.0945835,0.0022499752,0.91189116
real,00023339_000.png,23339,,effusion_0,-7.7186184,0.00044427684,0.9938525
real,00006981_017.png,6981,,effusion_0,-7.227564,0.0007257609,0.98070586
real,00017013_001.png,17013,,effusion_0,-6.9378567,0.00096940657,0.98907655
real,00019574_000.png,19574,,effusion_0,-6.1142235,0.0022063137,0.97341937
real,00029200_001.png,29200,,effusion_0,-5.4805946,0.0041495604,0.9307804
real,00012772_006.png,12772,,effusion_0,-7.6090775,0.00049568334,0.99285555
real,00020624_013.png,20624,,effusion_0,-6.8342953,0.0010750685,0.9798503
real,00020060_004.png,20060,,effusion_0,-6.59976,0.0013588454,0.9806256
real,00017747_018.png,17747,,effusion_0,1.4401817,0.80848277,0.7882037
real,00000318_007.png,318,,effusion_0,-7.3864117,0.0006192317,0.9879919
real,00017930_002.png,17930,,effusion_0,4.2759495,0.9862917,0.90834624
real,00021023_024.png,21023,,effusion_0,-7.4048634,0.00060791743,0.9884386
real,00011929_000.png,11929,,effusion_0,-7.427902,0.0005940801,0.9846374
real,00015142_000.png,15142,,effusion_0,5.2749157,0.9949077,0.9680738
real,00001222_007.png,1222,,effusion_0,-7.3110905,0.0006676421,0.9862082
real,00007159_000.png,7159,,effusion_0,-7.5081463,0.0005482963,0.99125975
real,00012669_000.png,12669,,effusion_0,-7.3216877,0.00066060893,0.98918504
real,00027427_005.png,27427,,effusion_0,2.7524967,0.9400542,0.7101531
real,00016484_003.png,16484,,effusion_0,-6.1940536,0.002037375,0.9795681
real,00001336_000.png,1336,,effusion_0,-7.6062202,0.00049710093,0.993341
real,00028358_000.png,28358,,effusion_0,-6.344488,0.001753322,0.96221775
real,00010015_000.png,10015,,effusion_0,-7.3863773,0.0006192529,0.98960364
real,00006002_000.png,6002,,effusion_0,-6.8683662,0.0010390943,0.9775758
real,00000246_000.png,246,,effusion_0,-7.3022633,0.0006735576,0.9914829
real,00013098_000.png,13098,,effusion_0,-7.6495037,0.0004760537,0.99149275
real,00018869_000.png,18869,,effusion_0,-7.5205975,0.00054151536,0.9891011
real,00025696_002.png,25696,,effusion_0,3.6381054,0.97437197,0.89988786
real,00001977_000.png,1977,,effusion_0,-7.2650375,0.000699086,0.988085
real,00014335_000.png,14335,,effusion_0,-7.488966,0.0005589084,0.9939904
real,00025924_001.png,25924,,effusion_0,-6.364622,0.0017184338,0.9653348
real,00026180_000.png,26180,,effusion_0,-7.2418976,0.0007154397,0.98713267
real,00022312_001.png,22312,,effusion_0,-7.8044605,0.00040774513,0.9946056
real,00005768_005.png,5768,,effusion_0,-7.290823,0.00068130216,0.98268694
real,00019260_003.png,19260,,effusion_0,-7.31135,0.00066746905,0.99334717
real,00003548_002.png,3548,,effusion_0,-7.2538395,0.0007069527,0.9872323
real,00010695_018.png,10695,,effusion_0,5.0177116,0.9934238,0.95976424
real,00029428_000.png,29428,,effusion_0,-7.3457756,0.0006448965,0.99207616
real,00026292_006.png,26292,,effusion_0,-7.476185,0.00056609366,0.9867444
real,00004580_000.png,4580,,effusion_0,-7.527487,0.0005377995,0.9957452
real,00019554_000.png,19554,,effusion_0,-7.6511497,0.0004752711,0.9904701
real,00011139_001.png,11139,,effusion_0,-7.171547,0.00076754397,0.98099536
real,00014126_000.png,14126,,effusion_0,-6.9020615,0.0010046996,0.9812181
real,00009815_004.png,9815,,effusion_0,-6.2331047,0.0019594997,0.9706492
real,00017747_060.png,17747,,effusion_0,6.274029,0.99811894,0.98904765
real,00003464_001.png,3464,,effusion_0,-7.580635,0.0005099769,0.99335253
real,00024003_000.png,24003,,effusion_0,-7.0323353,0.0008820889,0.9814849
real,00014171_001.png,14171,,effusion_0,-7.11129,0.00081517687,0.98854727
real,00021983_000.png,21983,,effusion_0,-7.552185,0.0005246864,0.98802114
real,00006566_000.png,6566,,effusion_0,-7.4427605,0.0005853235,0.9788674
real,00021562_001.png,21562,,effusion_0,-7.085087,0.0008368012,0.99130535
real,00016698_001.png,16698,,effusion_0,-7.738844,0.0004353852,0.9939575
real,00017747_021.png,17747,,effusion_0,0.51098824,0.62503815,0.76343113
real,00020458_003.png,20458,,effusion_0,-6.9549313,0.0009530104,0.9695647
real,00026833_000.png,26833,,effusion_0,6.5448723,0.99856466,0.9881651
real,00002962_000.png,2962,,effusion_0,-7.400915,0.0006103209,0.9890992
real,00016865_000.png,16865,,effusion_0,-7.7217464,0.00044288987,0.9926174
real,00008157_000.png,8157,,effusion_0,-7.2504787,0.000709331,0.98697144
real,00005063_000.png,5063,,effusion_0,-7.553215,0.00052414654,0.9910204
real,00007424_001.png,7424,,effusion_0,-7.536106,0.0005331864,0.9924002
real,00010964_000.png,10964,,effusion_0,-6.433666,0.0016039733,0.9824528
real,00023372_000.png,23372,,effusion_0,-7.1665497,0.00077138614,0.98990506
real,00024386_000.png,24386,,effusion_0,-7.447994,0.0005822698,0.99107933
real,00010481_033.png,10481,,effusion_0,-6.829565,0.0010801604,0.98384374
real,00001222_003.png,1222,,effusion_0,-7.37619,0.0006255896,0.99111897
real,00001104_006.png,1104,,effusion_0,-2.1882648,0.10080927,0.5669468
real,00016568_006.png,16568,,effusion_0,4.420704,0.98811716,0.96422
real,00017835_011.png,17835,,effusion_0,-7.2504864,0.00070932554,0.9844656
real,00006527_000.png,6527,,effusion_0,-7.5191345,0.00054230774,0.9935358
real,00001136_002.png,1136,,effusion_0,-7.294779,0.00067861425,0.99162763
real,00028457_000.png,28457,,effusion_0,-7.0468616,0.000869379,0.97851604
real,00009378_006.png,9378,,effusion_0,-7.3582497,0.00063690706,0.98768085
real,00021976_000.png,21976,,effusion_0,-6.88809,0.0010188207,0.97494984
real,00029569_000.png,29569,,effusion_0,-7.2841682,0.00068584806,0.9933748
real,00007082_000.png,7082,,effusion_0,-7.171198,0.00076781167,0.98214585
real,00015795_000.png,15795,,effusion_0,-7.382578,0.0006216088,0.98952764
real,00018616_000.png,18616,,effusion_0,-7.208353,0.00073982775,0.98720574
real,00019345_000.png,19345,,effusion_0,0.94480705,0.72006965,0.393195
real,00007389_002.png,7389,,effusion_0,-6.776371,0.0011391069,0.9733214
real,00017836_001.png,17836,,effusion_0,-6.9232903,0.0009836167,0.96314365
real,00023372_003.png,23372,,effusion_0,-7.3376293,0.00065016805,0.9919121
real,00009090_001.png,9090,,effusion_0,-7.0071907,0.00090452953,0.99008316
real,00001222_000.png,1222,,effusion_0,-7.671856,0.0004655358,0.99118966
real,00030690_000.png,30690,,effusion_0,-6.883999,0.0010229932,0.9892972
real,00025054_000.png,25054,,effusion_0,-7.770073,0.00042200432,0.99378306
real,00007153_000.png,7153,,effusion_0,-7.069227,0.000850167,0.9821652
real,00012913_001.png,12913,,effusion_0,-7.4988136,0.0005534345,0.9897877
real,00022266_000.png,22266,,effusion_0,-7.2811127,0.0006879456,0.9940555
real,00027857_001.png,27857,,effusion_0,-7.609947,0.0004952526,0.9927945
real,00012178_004.png,12178,,effusion_0,-7.522356,0.0005405644,0.99108976
real,00029847_000.png,29847,,effusion_0,-7.2235413,0.0007286841,0.9946357
real,00006040_000.png,6040,,effusion_0,-7.390955,0.00061642646,0.98396015
real,00020359_000.png,20359,,effusion_0,-7.477846,0.0005651545,0.99221027
real,00008802_004.png,8802,,effusion_0,-7.192177,0.0007518836,0.98939884
real,00030783_000.png,30783,,effusion_0,-3.3920841,0.032543775,0.69432306
real,00001733_002.png,1733,,effusion_0,-7.52404,0.0005396553,0.9901978
real,00026105_000.png,26105,,effusion_0,-7.353094,0.00064019713,0.9910525
real,00022135_010.png,22135,,effusion_0,-7.34367,0.000646255,0.99339867
real,00029487_000.png,29487,,effusion_0,-7.277546,0.000690402,0.9780769
real,00016975_007.png,16975,,effusion_0,-6.932171,0.00097492867,0.98071676
real,00001122_001.png,1122,,effusion_0,-7.2015095,0.00074490445,0.98799133
real,00017465_001.png,17465,,effusion_0,-7.4285336,0.00059370534,0.98594856
real,00021710_000.png,21710,,effusion_0,-7.1643257,0.0007731024,0.9787638
real,00015347_000.png,15347,,effusion_0,3.7204323,0.9763495,0.86701715
real,00013408_015.png,13408,,effusion_0,-5.8015347,0.0030138015,0.9532761
real,00000705_001.png,705,,effusion_0,-5.1660137,0.0056748865,0.81808937
real,00014809_020.png,14809,,effusion_0,-7.359232,0.00063628214,0.99052674
real,00008013_004.png,8013,,effusion_0,6.048023,0.99764305,0.9842505
real,00023156_007.png,23156,,effusion_0,0.45999336,0.6130126,0.6634433
real,00029885_000.png,29885,,effusion_0,-7.4147644,0.0006019317,0.99500525
real,00013723_001.png,13723,,effusion_0,-7.4823647,0.000562608,0.9924052
real,00004493_000.png,4493,,effusion_0,-7.168497,0.0007698866,0.98586386
real,00007616_002.png,7616,,effusion_0,-6.0522327,0.0023470817,0.9466239
real,00018008_000.png,18008,,effusion_0,-7.3736706,0.0006271668,0.99048793
real,00024125_000.png,24125,,effusion_0,-7.5722218,0.00051428337,0.9871298
real,00012304_003.png,12304,,effusion_0,-6.6722946,0.001263892,0.9526956
real,00004057_000.png,4057,,effusion_0,-7.418001,0.0005999877,0.98145074
real,00013625_018.png,13625,,effusion_0,-7.420326,0.0005985952,0.9917386
real,00021475_000.png,21475,,effusion_0,-7.17852,0.00076221436,0.9870459
real,00020060_002.png,20060,,effusion_0,-6.0193825,0.002425274,0.9061209
real,00015009_004.png,15009,,effusion_0,-7.3190136,0.00066237664,0.98845625
real,00003439_006.png,3439,,effusion_0,-7.4222145,0.00059746666,0.9921025
real,00012585_007.png,12585,,effusion_0,-7.272314,0.000694021,0.9870003
real,00005768_008.png,5768,,effusion_0,-7.422758,0.00059714215,0.98584783
real,00028027_005.png,28027,,effusion_0,6.933689,0.99902654,0.99228364
real,00019911_001.png,19911,,effusion_0,-7.5442333,0.00052887294,0.986089
real,00029678_000.png,29678,,effusion_0,-7.5233574,0.00054002367,0.99085385
real,00002825_003.png,2825,,effusion_0,-7.5808926,0.0005098457,0.9931105
real,00002383_001.png,2383,,effusion_0,-6.977318,0.00093193253,0.96008635
real,00003570_003.png,3570,,effusion_0,-7.4512043,0.00058040477,0.9929767
real,00012975_006.png,12975,,effusion_0,4.5885525,0.98993474,0.9637107
real,00002816_001.png,2816,,effusion_0,-7.6621857,0.00047005736,0.9935473
real,00007325_000.png,7325,,effusion_0,-6.135418,0.002160144,0.97776824
real,00013372_001.png,13372,,effusion_0,-7.05715,0.0008604881,0.98110014
real,00006574_000.png,6574,,effusion_0,-7.4885826,0.00055912253,0.9923172
real,00014295_001.png,14295,,effusion_0,-7.58305,0.0005087476,0.99359614
real,00006024_011.png,6024,,effusion_0,-7.448311,0.0005820855,0.9928481
real,00013489_000.png,13489,,effusion_0,-7.587103,0.00050669076,0.991024
real,00029870_000.png,29870,,effusion_0,-7.2348213,0.0007205166,0.9889666
real,00023506_000.png,23506,,effusion_0,-7.634432,0.00048327955,0.9927387
real,00000865_008.png,865,,effusion_0,-7.244587,0.0007135196,0.987219
real,00000877_033.png,877,,effusion_0,-7.623461,0.00048860826,0.99292636
real,00011726_000.png,11726,,effusion_0,-7.410774,0.0006043369,0.9881928
real,00017785_000.png,17785,,effusion_0,-7.2692184,0.0006961713,0.98111653
real,00027829_000.png,27829,,effusion_0,-7.4888477,0.00055897445,0.9923041
real,00000023_000.png,23,,effusion_0,-7.0863037,0.00083578436,0.98218834
real,00026299_000.png,26299,,effusion_0,-7.2150803,0.00073487114,0.9739339
real,00019963_000.png,19963,,effusion_0,-7.4431324,0.0005851059,0.9838674
real,00005579_001.png,5579,,effusion_0,-5.9442463,0.002614026,0.9450251
real,00015338_011.png,15338,,effusion_0,-6.68379,0.0012494641,0.97531027
real,00009090_003.png,9090,,effusion_0,-7.2489643,0.0007104053,0.9894211
real,00010042_004.png,10042,,effusion_0,-6.9917183,0.00091862056,0.9909788
real,00025527_001.png,25527,,effusion_0,-7.2076187,0.0007403708,0.9803277
real,00022827_000.png,22827,,effusion_0,-7.5201683,0.0005417477,0.9936594
real,00021305_000.png,21305,,effusion_0,-7.6764774,0.00046339026,0.9910089
real,00004018_000.png,4018,,effusion_0,-7.527075,0.00053802104,0.99182767
real,00014922_000.png,14922,,effusion_0,-7.634819,0.00048309253,0.9933706
real,00002566_000.png,2566,,effusion_0,-6.9839077,0.000925817,0.97412246
real,00008136_000.png,8136,,effusion_0,-7.0811653,0.0008400864,0.9903322
real,00008929_000.png,8929,,effusion_0,-7.0746994,0.00084553135,0.98922515
real,00000949_009.png,949,,effusion_0,-6.8525105,0.0010556837,0.94850063
real,00028533_000.png,28533,,effusion_0,-7.157194,0.0007786312,0.98733765
real,00001170_044.png,1170,,effusion_0,6.382475,0.9983119,0.98886454
real,00010905_011.png,10905,,effusion_0,-7.2325306,0.0007221678,0.9901379
real,00000169_001.png,169,,effusion_0,-7.5472145,0.0005272995,0.9928324
real,00000318_000.png,318,,effusion_0,-7.344578,0.000645669,0.99218607
real,00022334_000.png,22334,,effusion_0,-7.693699,0.00045548196,0.99270463
real,00016195_000.png,16195,,effusion_0,-7.1282253,0.00080149877,0.9781914
real,00008698_000.png,8698,,effusion_0,-6.535774,0.0014485043,0.97140354
real,00015313_012.png,15313,,effusion_0,-7.329321,0.00065558887,0.9904802
real,00026815_003.png,26815,,effusion_0,-7.1771946,0.00076322467,0.9859767
real,00008386_001.png,8386,,effusion_0,-7.6172314,0.00049166003,0.9919129
real,00028766_004.png,28766,,effusion_0,-7.085144,0.0008367534,0.9917549
real,00006674_001.png,6674,,effusion_0,-7.6085796,0.0004959301,0.99356586
real,00014719_002.png,14719,,effusion_0,-7.4757786,0.0005663235,0.9890344
real,00003174_013.png,3174,,effusion_0,-7.548813,0.0005264578,0.99245566
real,00005347_001.png,5347,,effusion_0,-7.3748684,0.0006264165,0.99164087
real,00024931_000.png,24931,,effusion_0,-7.6888943,0.00045767459,0.99388224
real,00010120_000.png,10120,,effusion_0,-7.4145546,0.00060205796,0.9821273
real,00012653_001.png,12653,,effusion_0,-5.400219,0.004495293,0.9096724
real,00015840_000.png,15840,,effusion_0,-7.3315907,0.00065410347,0.99115855
real,00010713_001.png,10713,,effusion_0,-6.9834366,0.00092625286,0.96323603
real,00021344_000.png,21344,,effusion_0,-7.044195,0.0008716982,0.9878316
real,00002073_001.png,2073,,effusion_0,8.508709,0.99979836,0.99736136
real,00026111_001.png,26111,,effusion_0,-7.331045,0.0006544602,0.99252
real,00016484_023.png,16484,,effusion_0,-7.1105385,0.00081578916,0.9892904
real,00028566_000.png,28566,,effusion_0,-7.680313,0.00046161708,0.99496686
real,00007931_000.png,7931,,effusion_0,-6.4649525,0.0015546444,0.9797067
real,00003042_001.png,3042,,effusion_0,-7.0411625,0.00087434356,0.9783718
real,00011153_000.png,11153,,effusion_0,-7.3023167,0.0006735217,0.9868315
real,00021716_002.png,21716,,effusion_0,-5.576473,0.0037716147,0.9118271
real,00025676_000.png,25676,,effusion_0,-7.448021,0.00058225426,0.9928163
real,00006123_003.png,6123,,effusion_0,-7.587141,0.0005066714,0.9928717
real,00004773_001.png,4773,,effusion_0,-6.8100147,0.0011014622,0.9764675
real,00012797_000.png,12797,,effusion_0,-7.6109753,0.000494744,0.9898927
real,00016842_002.png,16842,,effusion_0,-7.483837,0.00056178065,0.9920259
real,00011732_000.png,11732,,effusion_0,-7.3263626,0.0006575299,0.9861572
real,00009777_000.png,9777,,effusion_0,-7.7026615,0.0004514197,0.98892796
real,00024861_000.png,24861,,effusion_0,-7.000885,0.000910246,0.98148876
real,00029926_000.png,29926,,effusion_0,-7.2325687,0.00072214025,0.99173284
real,00010071_001.png,10071,,effusion_0,-6.860031,0.0010477823,0.98442894
real,00022788_004.png,22788,,effusion_0,-7.250572,0.00070926466,0.9795886
real,00029648_000.png,29648,,effusion_0,-7.565756,0.0005176177,0.99468243
real,00011910_009.png,11910,,effusion_0,-7.5947723,0.0005028216,0.9929445
real,00021972_024.png,21972,,effusion_0,3.2559357,0.9628858,0.7921348
real,00016410_000.png,16410,,effusion_0,-7.5086117,0.0005480413,0.9923251
real,00013181_003.png,13181,,effusion_0,-7.3171406,0.0006636176,0.9905686
real,00005614_001.png,5614,,effusion_0,-7.522505,0.00054048403,0.9913166
real,00014110_000.png,14110,,effusion_0,-6.8594456,0.0010483953,0.956202
real,00028148_015.png,28148,,effusion_0,-4.041998,0.017259238,0.7051841
real,00013427_000.png,13427,,effusion_0,-7.5631332,0.00051897625,0.989807
real,00016879_000.png,16879,,effusion_0,-7.323017,0.00065973186,0.98851633
real,00013723_000.png,13723,,effusion_0,-7.4712906,0.00056886947,0.9933019
real,00000085_000.png,85,,effusion_0,-5.889141,0.002761706,0.9458067
real,00026599_000.png,26599,,effusion_0,-7.5735874,0.00051358185,0.9939685
real,00017729_001.png,17729,,effusion_0,-7.494417,0.00055587164,0.9915354
real,00016255_000.png,16255,,effusion_0,-7.438507,0.00058781693,0.99269545
real,00020758_000.png,20758,,effusion_0,-7.2865314,0.0006842303,0.976218
real,00030029_000.png,30029,,effusion_0,-7.5013065,0.0005520573,0.99549246
real,00006098_006.png,6098,,effusion_0,-3.946556,0.018954897,0.7879863
real,00023625_000.png,23625,,effusion_0,-7.57934,0.0005106374,0.9934821
real,00009034_006.png,9034,,effusion_0,-5.467863,0.004202505,0.8962684
real,00009061_000.png,9061,,effusion_0,-7.3512096,0.0006414039,0.99091864
real,00008359_000.png,8359,,effusion_0,-7.615141,0.0004926884,0.9925034
real,00001170_004.png,1170,,effusion_0,4.3432255,0.9871722,0.8999918
real,00015087_011.png,15087,,effusion_0,-6.976019,0.0009331426,0.96908414
real,00005401_007.png,5401,,effusion_0,-7.6427174,0.00047929384,0.9899763
real,00020631_001.png,20631,,effusion_0,-7.2815094,0.0006876729,0.991373
real,00010984_003.png,10984,,effusion_0,-7.570217,0.0005153148,0.99228615
real,00025075_005.png,25075,,effusion_0,-7.348755,0.0006429793,0.9901556
real,00018448_017.png,18448,,effusion_0,-7.3052883,0.0006715245,0.9929508
real,00000341_000.png,341,,effusion_0,-7.333832,0.0006526402,0.9857927
real,00006955_000.png,6955,,effusion_0,-7.270746,0.0006951092,0.99212307
real,00002168_000.png,2168,,effusion_0,-7.803337,0.00040820322,0.99499524
real,00025483_000.png,25483,,effusion_0,-0.78012276,0.3142934,0.61388373
real,00008562_000.png,8562,,effusion_0,-7.691601,0.00045643817,0.9949427
real,00028614_000.png,28614,,effusion_0,-7.7646523,0.00042429706,0.99357355
real,00005014_014.png,5014,,effusion_0,4.5379066,0.9894174,0.9355146
real,00024583_000.png,24583,,effusion_0,-7.249731,0.00070986117,0.98904604
real,00026264_000.png,26264,,effusion_0,-7.2227592,0.00072925375,0.9758888
real,00017111_006.png,17111,,effusion_0,-7.250101,0.0007095987,0.98803324
real,00012074_000.png,12074,,effusion_0,-7.431286,0.0005920745,0.98720396
real,00013303_000.png,13303,,effusion_0,-7.2428265,0.0007147759,0.9880596
real,00005552_000.png,5552,,effusion_0,-7.186157,0.00075641985,0.98302203
real,00016205_006.png,16205,,effusion_0,4.8787403,0.9924508,0.91755784
real,00010481_029.png,10481,,effusion_0,-7.3748283,0.0006264417,0.9945395
real,00022788_003.png,22788,,effusion_0,-7.2620506,0.0007011757,0.9850487
real,00020802_000.png,20802,,effusion_0,-7.5795116,0.0005105499,0.9927913
real,00023133_002.png,23133,,effusion_0,-7.338537,0.0006495784,0.9891309
real,00011770_008.png,11770,,effusion_0,9.02084,0.9998791,0.9979291
real,00029286_000.png,29286,,effusion_0,-7.2515945,0.0007085405,0.99266016
real,00029203_000.png,29203,,effusion_0,-7.266981,0.00069772947,0.9876722
real,00021424_004.png,21424,,effusion_0,-6.1572914,0.002113506,0.9491247
real,00021409_000.png,21409,,effusion_0,7.9891357,0.99966097,0.99486864
real,00011932_007.png,11932,,effusion_0,-7.567354,0.0005167915,0.9880577
real,00001713_000.png,1713,,effusion_0,-7.087303,0.00083495025,0.9802817
real,00012980_000.png,12980,,effusion_0,-7.201166,0.00074516,0.99032503
real,00028229_000.png,28229,,effusion_0,-7.486124,0.0005604981,0.99295336
real,00028282_000.png,28282,,effusion_0,-7.3700905,0.00062941475,0.9944457
real,00013533_001.png,13533,,effusion_0,-7.24654,0.0007121283,0.9919829
real,00004318_000.png,4318,,effusion_0,-7.4714603,0.0005687729,0.99084544
real,00001974_007.png,1974,,effusion_0,3.9826984,0.98170567,0.852806
real,00009699_000.png,9699,,effusion_0,-7.3867702,0.0006190098,0.9911538
real,00014838_000.png,14838,,effusion_0,-7.152033,0.0007826572,0.9886517
real,00012919_000.png,12919,,effusion_0,-7.4092484,0.0006052592,0.9913531
real,00006526_000.png,6526,,effusion_0,-7.5481014,0.00052683224,0.9913069
real,00008054_000.png,8054,,effusion_0,-6.9803467,0.00092911674,0.98402435
real,00009652_000.png,9652,,effusion_0,-6.7730465,0.0011428959,0.98136115
real,00012585_002.png,12585,,effusion_0,-7.4685173,0.0005704484,0.99059993
real,00012086_000.png,12086,,effusion_0,-7.4920845,0.0005571691,0.99090123
real,00025908_000.png,25908,,effusion_0,-7.56781,0.000516556,0.9924142
real,00016842_000.png,16842,,effusion_0,-7.455122,0.00057813665,0.9949605
real,00008593_002.png,8593,,effusion_0,-7.1561756,0.000779424,0.99141395
real,00019857_001.png,19857,,effusion_0,-7.41988,0.00059886224,0.9910541
real,00017111_008.png,17111,,effusion_0,-7.226902,0.0007262411,0.9865882
real,00021652_000.png,21652,,effusion_0,-7.70187,0.00045177698,0.99392056
real,00022883_016.png,22883,,effusion_0,-6.8616867,0.0010460509,0.9838493
real,00004378_001.png,4378,,effusion_0,-7.530464,0.00053620146,0.99419093
real,00021705_000.png,21705,,effusion_0,-7.625494,0.00048761631,0.99449533
real,00016769_000.png,16769,,effusion_0,-7.122904,0.0008057718,0.9802614
real,00008806_009.png,8806,,effusion_0,-7.065016,0.00085375196,0.9607008
real,00016789_006.png,16789,,effusion_0,-7.1298656,0.0008001861,0.988227
real,00018044_004.png,18044,,effusion_0,-6.9317875,0.0009753021,0.96989614
real,00000463_000.png,463,,effusion_0,3.7220535,0.97638685,0.906918
real,00012017_000.png,12017,,effusion_0,-7.38262,0.0006215827,0.99236465
real,00009369_000.png,9369,,effusion_0,-7.528883,0.00053704955,0.98841953
real,00001059_006.png,1059,,effusion_0,-7.2282066,0.0007252949,0.9768635
real,00005532_033.png,5532,,effusion_0,-6.8730507,0.001034243,0.9430055
real,00009409_002.png,9409,,effusion_0,-7.3767223,0.00062525703,0.99393487
real,00025432_000.png,25432,,effusion_0,-7.562088,0.00051951874,0.9884771
real,00014523_000.png,14523,,effusion_0,-7.448744,0.0005818337,0.99252325
real,00027084_000.png,27084,,effusion_0,-7.5021133,0.0005516123,0.9937249
real,00007719_000.png,7719,,effusion_0,-7.3940372,0.0006145305,0.9922035
real,00012585_014.png,12585,,effusion_0,-7.41547,0.0006015073,0.9867126
real,00006791_002.png,6791,,effusion_0,-7.030567,0.00088364846,0.9713193
real,00016789_008.png,16789,,effusion_0,-7.375906,0.00062576734,0.9888173
real,00018603_000.png,18603,,effusion_0,-7.1495304,0.0007846167,0.9803268
real,00012400_000.png,12400,,effusion_0,-7.4685574,0.00057042553,0.9919199
real,00026299_001.png,26299,,effusion_0,-7.2260303,0.0007268739,0.98491216
real,00000821_000.png,821,,effusion_0,-7.148258,0.00078561465,0.9844957
real,00003570_005.png,3570,,effusion_0,-7.4627094,0.0005737692,0.9925249
real,00012476_001.png,12476,,effusion_0,-7.5608425,0.00052016584,0.9921947
real,00023964_000.png,23964,,effusion_0,-7.184824,0.0007574283,0.9768639
real,00006002_003.png,6002,,effusion_0,-6.3387756,0.0017633488,0.9443358
real,00008806_000.png,8806,,effusion_0,-7.404207,0.00060831616,0.9799123
real,00030149_000.png,30149,,effusion_0,-7.455967,0.00057764864,0.99265736
real,00010936_001.png,10936,,effusion_0,-6.248106,0.0019303802,0.926533
real,00024948_000.png,24948,,effusion_0,-7.541136,0.0005305128,0.99283236
real,00029393_000.png,29393,,effusion_0,-7.595701,0.00050235493,0.9915406
real,00023266_005.png,23266,,effusion_0,4.7965927,0.9918098,0.96138626
real,00018284_023.png,18284,,effusion_0,1.2571869,0.77854145,0.8915697
real,00006024_002.png,6024,,effusion_0,-7.0140934,0.0008983129,0.9904379
real,00016724_002.png,16724,,effusion_0,8.306597,0.9997532,0.99714005
real,00009936_000.png,9936,,effusion_0,-7.195217,0.0007496029,0.9748981
real,00010682_000.png,10682,,effusion_0,-7.459654,0.00057552406,0.9873102
real,00003785_006.png,3785,,effusion_0,-6.8618603,0.0010458694,0.9572671
real,00015938_000.png,15938,,effusion_0,-7.2036953,0.0007432792,0.9851725
real,00013952_006.png,13952,,effusion_0,-5.6262302,0.0035892,0.92245096
real,00014352_004.png,14352,,effusion_0,-7.2954044,0.00067819015,0.9912964
real,00004547_000.png,4547,,effusion_0,-7.426264,0.0005950536,0.98997396
real,00029140_000.png,29140,,effusion_0,-5.9525375,0.002592498,0.9647886
real,00012625_012.png,12625,,effusion_0,-7.654604,0.000473633,0.9946594
real,00011987_000.png,11987,,effusion_0,-7.286663,0.00068414037,0.9908852
real,00016388_000.png,16388,,effusion_0,-7.4548244,0.0005783086,0.99394655
real,00021362_000.png,21362,,effusion_0,-7.05459,0.00086269155,0.9804188
real,00002515_001.png,2515,,effusion_0,-7.1517944,0.0007828436,0.9826069
real,00028465_001.png,28465,,effusion_0,-7.445961,0.0005834542,0.9915371
real,00025466_000.png,25466,,effusion_0,-7.4525795,0.00057960756,0.99284446
real,00018822_000.png,18822,,effusion_0,-7.4424,0.0005855344,0.99173284
real,00010481_004.png,10481,,effusion_0,-7.0532093,0.0008638828,0.99132186
real,00024245_000.png,24245,,effusion_0,-7.42811,0.0005939567,0.9923464
real,00022341_000.png,22341,,effusion_0,-7.5138035,0.0005452049,0.9927549
real,00008318_000.png,8318,,effusion_0,-7.2662144,0.00069826434,0.9877273
real,00022532_000.png,22532,,effusion_0,-7.5203495,0.0005416496,0.9942635
real,00018044_041.png,18044,,effusion_0,4.830759,0.9920827,0.9363996
real,00001248_034.png,1248,,effusion_0,7.522991,0.9994598,0.9960606
real,00030001_000.png,30001,,effusion_0,-7.166897,0.0007711187,0.98575544
real,00016123_000.png,16123,,effusion_0,-7.49448,0.00055583665,0.99290484
real,00001075_044.png,1075,,effusion_0,-7.4355316,0.00058956747,0.9901505
real,00022155_017.png,22155,,effusion_0,3.5257015,0.97141033,0.8519892
real,00020312_030.png,20312,,effusion_0,-7.49267,0.0005568431,0.9931415
real,00003362_002.png,3362,,effusion_0,6.8339405,0.99892455,0.9867743
real,00020572_001.png,20572,,effusion_0,-7.659109,0.00047150507,0.99084556
real,00009138_022.png,9138,,effusion_0,3.9288235,0.98071253,0.86922246
real,00007131_006.png,7131,,effusion_0,-5.912821,0.0026972522,0.9426412
real,00012329_001.png,12329,,effusion_0,-7.5175037,0.0005431923,0.9893218
real,00008185_000.png,8185,,effusion_0,-2.522112,0.07432252,0.52530074
real,00018547_000.png,18547,,effusion_0,-7.603613,0.0004983981,0.99134
real,00029423_000.png,29423,,effusion_0,7.2438297,0.999286,0.99504787
real,00017326_001.png,17326,,effusion_0,-7.6568737,0.00047255974,0.9938455
real,00014307_001.png,14307,,effusion_0,-7.386202,0.0006193615,0.98453856
real,00006674_000.png,6674,,effusion_0,-7.6200867,0.00049025886,0.9928991
real,00018044_003.png,18044,,effusion_0,-7.054001,0.0008631998,0.9795881
real,00019406_000.png,19406,,effusion_0,-7.247099,0.00071173074,0.9849989
real,00003896_004.png,3896,,effusion_0,-7.3280582,0.00065641664,0.98791
real,00011932_003.png,11932,,effusion_0,-7.060543,0.00085757585,0.98162675
real,00019317_000.png,19317,,effusion_0,-7.5722504,0.00051426864,0.99219674
real,00002139_000.png,2139,,effusion_0,-7.4275455,0.00059429184,0.9889402
real,00013678_003.png,13678,,effusion_0,-7.200224,0.0007458619,0.98701805
real,00016512_001.png,16512,,effusion_0,-7.4465523,0.0005831095,0.9911279
real,00008502_000.png,8502,,effusion_0,-7.5840645,0.0005082318,0.9942397
real,00014294_003.png,14294,,effusion_0,-6.3396225,0.0017618587,0.9768378
real,00018011_000.png,18011,,effusion_0,-7.2682304,0.000696859,0.9871435
real,00001203_002.png,1203,,effusion_0,-7.0999565,0.00082446047,0.98949605
real,00005250_001.png,5250,,effusion_0,-7.5884438,0.0005060121,0.9931606
real,00028042_000.png,28042,,effusion_0,-7.4148197,0.0006018985,0.991323
real,00017330_000.png,17330,,effusion_0,-7.2900047,0.00068185956,0.98107374
real,00010936_003.png,10936,,effusion_0,6.685459,0.9987526,0.9863157
real,00011380_022.png,11380,,effusion_0,6.1534443,0.99787843,0.9837372
real,00009105_003.png,9105,,effusion_0,-7.065344,0.0008534721,0.9840805
real,00006012_000.png,6012,,effusion_0,-7.0324554,0.00088198297,0.9911992
real,00006040_005.png,6040,,effusion_0,-7.093256,0.0008299988,0.9823541
real,00011279_000.png,11279,,effusion_0,8.611525,0.999818,0.9971834
real,00016485_000.png,16485,,effusion_0,-7.268957,0.0006963531,0.98554504
real,00003094_003.png,3094,,effusion_0,-6.4846,0.0015244437,0.960806
real,00020699_001.png,20699,,effusion_0,-6.508175,0.0014889785,0.9606578
real,00001213_003.png,1213,,effusion_0,-7.2023106,0.00074430835,0.98774207
real,00028764_000.png,28764,,effusion_0,-7.510103,0.00054722495,0.99493134
real,00005501_000.png,5501,,effusion_0,-7.614746,0.00049288286,0.99208146
real,00012051_004.png,12051,,effusion_0,-7.438034,0.0005880948,0.99217814
real,00023621_000.png,23621,,effusion_0,-7.5739384,0.00051340176,0.9931921
real,00001174_000.png,1174,,effusion_0,-7.037979,0.00087712886,0.9885346
real,00012536_001.png,12536,,effusion_0,4.8294296,0.9920723,0.9650264
real,00004490_005.png,4490,,effusion_0,-6.1606407,0.0021064538,0.9694878
real,00014462_001.png,14462,,effusion_0,-7.3476467,0.00064369175,0.9883346
real,00007623_002.png,7623,,effusion_0,-7.089163,0.00083340023,0.99076337
real,00015449_000.png,15449,,effusion_0,-7.1107807,0.0008155917,0.9814534
real,00002585_001.png,2585,,effusion_0,7.0558643,0.99913836,0.9938382
real,00001292_000.png,1292,,effusion_0,-7.2868633,0.00068400346,0.9833364
real,00007313_002.png,7313,,effusion_0,-7.135435,0.00079574547,0.99049515
real,00024273_000.png,24273,,effusion_0,-7.5173073,0.0005432991,0.99210894
real,00008728_000.png,8728,,effusion_0,-7.334448,0.00065223844,0.97989106
real,00025832_003.png,25832,,effusion_0,-7.208824,0.0007394796,0.98313284
real,00010453_000.png,10453,,effusion_0,-7.7885456,0.0004142835,0.9921469
real,00004589_000.png,4589,,effusion_0,-7.5597153,0.0005207522,0.99037737
real,00021375_007.png,21375,,effusion_0,-5.649666,0.0035063548,0.9460044
real,00007019_001.png,7019,,effusion_0,-7.75568,0.00042811947,0.9940787
real,00011910_003.png,11910,,effusion_0,-7.2902336,0.00068170356,0.98599994
real,00015056_005.png,15056,,effusion_0,-7.555971,0.0005227047,0.9937271
real,00028766_002.png,28766,,effusion_0,-6.9985485,0.0009123734,0.989704
real,00017020_000.png,17020,,effusion_0,-7.1273212,0.0008022231,0.9507657
real,00016939_000.png,16939,,effusion_0,-7.6119404,0.000494267,0.9925126
real,00015795_003.png,15795,,effusion_0,-7.4217052,0.0005977708,0.98841226
real,00006024_006.png,6024,,effusion_0,-7.1044064,0.0008208029,0.986705
real,00016191_019.png,16191,,effusion_0,-3.8578224,0.020677347,0.76798964
real,00017747_061.png,17747,,effusion_0,7.2295914,0.99927574,0.9959673
real,00010246_000.png,10246,,effusion_0,-7.3362923,0.0006510374,0.9861858
real,00004943_000.png,4943,,effusion_0,-6.646328,0.0012970979,0.9140436
real,00021288_000.png,21288,,effusion_0,-7.3626595,0.0006341064,0.9878344
real,00025046_000.png,25046,,effusion_0,-7.417879,0.0006000609,0.99279934
real,00015338_003.png,15338,,effusion_0,-7.3492393,0.00064266805,0.9890703
real,00014504_000.png,14504,,effusion_0,-7.155546,0.0007799144,0.9875033
real,00014281_000.png,14281,,effusion_0,-7.521967,0.00054077466,0.99004734
real,00006098_007.png,6098,,effusion_0,-7.376505,0.00062539295,0.98932326
real,00004695_000.png,4695,,effusion_0,-7.1159973,0.00081135164,0.97687566
real,00027153_001.png,27153,,effusion_0,-7.048027,0.0008683673,0.99061924
real,00028027_002.png,28027,,effusion_0,-6.7966003,0.0011163205,0.97761685
real,00004834_000.png,4834,,effusion_0,-7.425787,0.0005953373,0.9897863
real,00006002_001.png,6002,,effusion_0,-6.8938885,0.0010129362,0.9730238
real,00002825_001.png,2825,,effusion_0,-7.5032825,0.0005509681,0.98803854
real,00021569_000.png,21569,,effusion_0,-7.342514,0.00064700196,0.9940267
real,00013138_002.png,13138,,effusion_0,-7.3649845,0.00063263474,0.99290675
real,00014029_000.png,14029,,effusion_0,-7.5992756,0.0005005634,0.9931991
real,00021614_001.png,21614,,effusion_0,-7.355608,0.0006385907,0.9928793
real,00014045_000.png,14045,,effusion_0,-7.214655,0.0007351836,0.97526747
real,00006202_000.png,6202,,effusion_0,-6.924017,0.0009829028,0.9900183
real,00020060_007.png,20060,,effusion_0,-5.5638275,0.0038194293,0.9015572
real,00001587_000.png,1587,,effusion_0,-7.6653404,0.00046857746,0.9895616
real,00020674_000.png,20674,,effusion_0,-7.464903,0.00057251274,0.991556
real,00022763_000.png,22763,,effusion_0,-7.1994343,0.0007464507,0.9837171
real,00025832_004.png,25832,,effusion_0,-6.6064625,0.0013497807,0.92859876
real,00000877_007.png,877,,effusion_0,-7.65296,0.00047441202,0.99162203
real,00008733_000.png,8733,,effusion_0,-7.573004,0.00051388156,0.99277014
real,00005903_000.png,5903,,effusion_0,-7.33955,0.0006489213,0.9909974
real,00030781_000.png,30781,,effusion_0,-7.2252655,0.00072742964,0.99014825
real,00026409_000.png,26409,,effusion_0,-7.057398,0.00086027494,0.9927378
real,00000872_000.png,872,,effusion_0,-7.4580116,0.00057646947,0.9886619
real,00015597_000.png,15597,,effusion_0,-4.8838215,0.007511193,0.8537865
real,00005395_001.png,5395,,effusion_0,-6.1204033,0.0021927508,0.93297386
real,00008081_019.png,8081,,effusion_0,5.8351917,0.99708563,0.98298216
real,00001733_001.png,1733,,effusion_0,-7.6401863,0.00048050794,0.991867
real,00020642_006.png,20642,,effusion_0,-7.486271,0.00056041585,0.993095
real,00008489_015.png,8489,,effusion_0,-6.519993,0.0014715112,0.96757835
real,00019575_000.png,19575,,effusion_0,-7.027954,0.0008859585,0.9829394
real,00008342_023.png,8342,,effusion_0,-6.598789,0.0013601636,0.95454276
real,00024797_000.png,24797,,effusion_0,-7.5478077,0.0005269869,0.9949206
real,00008779_000.png,8779,,effusion_0,-6.8350067,0.0010743047,0.974791
real,00003812_002.png,3812,,effusion_0,-7.465294,0.0005722891,0.9918064
real,00019544_000.png,19544,,effusion_0,-7.453722,0.0005789461,0.9929618
real,00003804_001.png,3804,,effusion_0,-7.070965,0.0008486923,0.9916567
real,00004909_005.png,4909,,effusion_0,-6.4722404,0.001543373,0.96031487
real,00029543_002.png,29543,,effusion_0,-5.6826153,0.0033930903,0.9263133
real,00022582_001.png,22582,,effusion_0,-7.7450027,0.00043271316,0.9920526
real,00000463_001.png,463,,effusion_0,3.3949833,0.9675474,0.8526033
real,00000796_004.png,796,,effusion_0,-7.231222,0.00072311267,0.98687136
real,00022155_012.png,22155,,effusion_0,-4.3947487,0.012191514,0.67063314
real,00012304_002.png,12304,,effusion_0,-5.6477146,0.003513179,0.86917824
real,00003570_001.png,3570,,effusion_0,-5.678093,0.0034084173,0.9628698
real,00015449_002.png,15449,,effusion_0,-7.462963,0.00057362375,0.9911585
real,00023776_000.png,23776,,effusion_0,-7.348011,0.0006434574,0.9900373
real,00001606_004.png,1606,,effusion_0,-7.3801804,0.0006230999,0.9819414
real,00026795_000.png,26795,,effusion_0,-7.1649876,0.0007725912,0.9915319
real,00030805_000.png,30805,,effusion_0,-7.5178432,0.0005430081,0.9892457
real,00017747_023.png,17747,,effusion_0,-0.96818924,0.27524155,0.79419965
real,00010348_001.png,10348,,effusion_0,-6.8589115,0.0010489548,0.9851377
real,00016929_001.png,16929,,effusion_0,-7.177267,0.0007631694,0.989743
real,00002120_001.png,2120,,effusion_0,-2.2438564,0.09588071,0.70627487
real,00011598_028.png,11598,,effusion_0,-4.3895836,0.012253873,0.8538612
real,00003064_010.png,3064,,effusion_0,-7.4958153,0.00055509544,0.98269403
real,00014076_000.png,14076,,effusion_0,-7.6487617,0.00047640686,0.9943827
real,00001059_005.png,1059,,effusion_0,-6.5882587,0.0013745426,0.9618687
real,00015977_000.png,15977,,effusion_0,-7.4461174,0.000583363,0.99258775
real,00010135_000.png,10135,,effusion_0,-7.5707912,0.00051501923,0.99053246
real,00014025_000.png,14025,,effusion_0,-7.315014,0.00066502945,0.99301374
real,00005587_000.png,5587,,effusion_0,-7.5010967,0.00055217306,0.9944401
real,00011764_007.png,11764,,effusion_0,-7.381586,0.0006222252,0.98288107
real,00028256_000.png,28256,,effusion_0,-7.4228287,0.00059710006,0.9886802
real,00010131_001.png,10131,,effusion_0,-7.4022694,0.00060949544,0.98968434
real,00008184_003.png,8184,,effusion_0,-7.4601116,0.00057526084,0.9893888
real,00003916_000.png,3916,,effusion_0,-0.1650486,0.45883125,0.37928566
real,00000273_004.png,273,,effusion_0,-4.4734497,0.011279222,0.79467016
real,00023343_000.png,23343,,effusion_0,-7.496052,0.00055496424,0.9915991
real,00001292_001.png,1292,,effusion_0,-7.0743046,0.00084586494,0.97702277
real,00001470_002.png,1470,,effusion_0,3.4660416,0.96970594,0.9191441
real,00017545_000.png,17545,,effusion_0,-7.184698,0.0007575236,0.9764671
real,00013441_000.png,13441,,effusion_0,-7.4885693,0.00055913,0.99207544
real,00010920_004.png,10920,,effusion_0,-7.463665,0.0005732215,0.991349
real,00007313_001.png,7313,,effusion_0,-7.470087,0.0005695541,0.9947733
real,00000304_001.png,304,,effusion_0,-6.7860985,0.0011280924,0.97998613
real,00010481_031.png,10481,,effusion_0,-7.109955,0.00081626506,0.98652387
real,00022155_024.png,22155,,effusion_0,-7.371977,0.00062822935,0.9815251
real,00011603_000.png,11603,,effusion_0,-7.516943,0.00054349686,0.990192
real,00001230_001.png,1230,,effusion_0,-7.7051525,0.00045029708,0.99005616
real,00017824_001.png,17824,,effusion_0,-7.2304134,0.00072369725,0.98329043
real,00028706_000.png,28706,,effusion_0,-7.1158676,0.0008114568,0.9909473
real,00012989_001.png,12989,,effusion_0,-7.3234596,0.0006594402,0.98421633
real,00029493_000.png,29493,,effusion_0,-7.5691624,0.00051585835,0.99425393
real,00005579_000.png,5579,,effusion_0,-7.3558617,0.00063842884,0.979317
real,00015795_004.png,15795,,effusion_0,-7.166054,0.00077176857,0.9844778
real,00000262_000.png,262,,effusion_0,-7.666189,0.0004681801,0.99112314
real,00019413_000.png,19413,,effusion_0,-7.5077496,0.0005485137,0.9944024
real,00008147_000.png,8147,,effusion_0,-7.320503,0.00066139136,0.99295926
real,00012951_000.png,12951,,effusion_0,-6.903635,0.0010031215,0.96849006
real,00024613_000.png,24613,,effusion_0,-7.545702,0.0005280972,0.9923325
real,00003577_000.png,3577,,effusion_0,-7.4131756,0.0006028883,0.98894125
real,00014352_007.png,14352,,effusion_0,-7.081867,0.00083949754,0.984412
real,00016509_000.png,16509,,effusion_0,-7.489176,0.00055879116,0.9915229
real,00010696_000.png,10696,,effusion_0,-7.4509983,0.00058052427,0.9912194
real,00013591_000.png,13591,,effusion_0,-7.6296635,0.00048558842,0.9938452
real,00027305_000.png,27305,,effusion_0,-7.401739,0.00060981855,0.9913708
real,00018488_002.png,18488,,effusion_0,-3.3548222,0.03373761,0.8410455
real,00012626_005.png,12626,,effusion_0,-7.592695,0.00050386647,0.99315184
real,00023423_000.png,23423,,effusion_0,-7.5464134,0.00052772183,0.99468094
real,00010481_040.png,10481,,effusion_0,-7.3841934,0.00062060595,0.9882198
real,00015111_000.png,15111,,effusion_0,-7.3689556,0.00063012907,0.98824847
real,00023085_009.png,23085,,effusion_0,-5.0501366,0.0063676517,0.9242179
real,00011328_000.png,11328,,effusion_0,-7.4594364,0.00057564914,0.9900307
real,00028475_000.png,28475,,effusion_0,-7.2625275,0.00070084166,0.98811466
real,00022677_005.png,22677,,effusion_0,-6.8591785,0.001048675,0.98032856
real,00003464_000.png,3464,,effusion_0,-7.5008144,0.0005523289,0.992528
real,00010295_000.png,10295,,effusion_0,-7.425522,0.00059549505,0.99050593
real,00022527_000.png,22527,,effusion_0,-7.8449535,0.00039157041,0.9924251
real,00013970_009.png,13970,,effusion_0,-7.225952,0.0007269307,0.9912689
real,00001203_003.png,1203,,effusion_0,-5.8298035,0.002930044,0.9659317
real,00015228_000.png,15228,,effusion_0,-6.232277,0.0019611192,0.9290284
real,00001136_001.png,1136,,effusion_0,-6.33292,0.0017736861,0.96193814
real,00006040_009.png,6040,,effusion_0,-7.2882347,0.0006830667,0.9738303
real,00008441_000.png,8441,,effusion_0,-7.4641438,0.00057294726,0.9942377
real,00015740_000.png,15740,,effusion_0,-7.458084,0.0005764276,0.99043894
real,00007109_011.png,7109,,effusion_0,-7.3286095,0.00065605517,0.97955614
real,00019496_000.png,19496,,effusion_0,-7.2608643,0.0007020075,0.98382825
real,00022882_000.png,22882,,effusion_0,-7.5684757,0.00051621255,0.9941716
real,00022500_000.png,22500,,effusion_0,-7.5421524,0.00052997406,0.99075764
real,00011380_008.png,11380,,effusion_0,0.69267464,0.66656166,0.5410671
real,00000386_000.png,386,,effusion_0,-7.398676,0.00061168824,0.99250644
real,00022196_002.png,22196,,effusion_0,-7.3855877,0.0006197418,0.98700863
real,00018597_002.png,18597,,effusion_0,-7.4824924,0.0005625362,0.98755443
real,00013969_008.png,13969,,effusion_0,-7.414728,0.00060195354,0.99209344
real,00029579_007.png,29579,,effusion_0,-3.8489895,0.02085697,0.7287847
real,00020485_005.png,20485,,effusion_0,-7.267765,0.00069718313,0.988686
real,00005002_001.png,5002,,effusion_0,-7.250786,0.0007091133,0.98779315
real,00028053_000.png,28053,,effusion_0,-7.4203434,0.00059858494,0.9931571
real,00000417_003.png,417,,effusion_0,-3.1706142,0.04028666,0.74362636
real,00016439_000.png,16439,,effusion_0,-7.539686,0.000531282,0.9928362
real,00020531_000.png,20531,,effusion_0,-7.45446,0.0005785192,0.98910475
real,00015435_001.png,15435,,effusion_0,-7.194111,0.0007504319,0.97790337
real,00002595_001.png,2595,,effusion_0,-7.397541,0.0006123824,0.99051964
real,00016512_000.png,16512,,effusion_0,-7.405712,0.000607402,0.9910449
real,00021023_004.png,21023,,effusion_0,8.676041,0.9998294,0.99718153
real,00009273_002.png,9273,,effusion_0,-3.1718063,0.040240597,0.8474194
real,00002292_001.png,2292,,effusion_0,-7.641342,0.00047995304,0.9895904
real,00000757_000.png,757,,effusion_0,-6.495947,0.0015072699,0.97377783
real,00006711_000.png,6711,,effusion_0,-7.3457947,0.00064488425,0.9924238
real,00016261_001.png,16261,,effusion_0,-6.620508,0.0013309795,0.9718155
real,00002816_003.png,2816,,effusion_0,-7.3497906,0.00064231415,0.9844053
real,00009378_002.png,9378,,effusion_0,-7.264662,0.00069934846,0.98984915
real,00023266_004.png,23266,,effusion_0,-7.366537,0.00063165394,0.9917361
real,00003094_004.png,3094,,effusion_0,-4.6335163,0.00962694,0.8679237
real,00026807_000.png,26807,,effusion_0,-7.461361,0.00057454297,0.9937653
real,00012086_001.png,12086,,effusion_0,-7.1101437,0.00081611105,0.97115654
real,00003917_000.png,3917,,effusion_0,-7.31209,0.0006669756,0.9866192
real,00010445_003.png,10445,,effusion_0,-7.3705864,0.0006291029,0.9865706
real,00016184_001.png,16184,,effusion_0,-7.1693077,0.00076926325,0.9817146
real,00011598_017.png,11598,,effusion_0,-7.286583,0.0006841951,0.98815465
real,00025290_002.png,25290,,effusion_0,-7.195923,0.00074907445,0.9866819
real,00012363_004.png,12363,,effusion_0,-7.4415684,0.0005860212,0.9912099
real,00011813_000.png,11813,,effusion_0,-7.5972137,0.0005015961,0.99033666
real,00010732_000.png,10732,,effusion_0,-7.4693832,0.0005699549,0.9923664
real,00026927_000.png,26927,,effusion_0,0.6065922,0.6471631,0.6470118
real,00017786_013.png,17786,,effusion_0,-7.3499374,0.00064221985,0.9865811
real,00018642_000.png,18642,,effusion_0,-7.022375,0.0008909106,0.98734707
real,00009668_000.png,9668,,effusion_0,-7.493847,0.0005561886,0.99433035
real,00005245_000.png,5245,,effusion_0,-7.2065353,0.0007411728,0.98726857
real,00010120_004.png,10120,,effusion_0,-7.238928,0.00071756594,0.9910065
real,00007018_005.png,7018,,effusion_0,-7.6484222,0.00047656862,0.9942707
real,00030385_000.png,30385,,effusion_0,-7.499609,0.0005529947,0.99330384
real,00021631_001.png,21631,,effusion_0,-7.503874,0.0005506426,0.99356353
real,00005443_000.png,5443,,effusion_0,-7.4755554,0.00056644983,0.9896802
real,00003439_007.png,3439,,effusion_0,-7.4688835,0.0005702396,0.99293333
real,00021114_001.png,21114,,effusion_0,-2.1617851,0.10323507,0.6608004
real,00006135_000.png,6135,,effusion_0,-6.7877197,0.001126267,0.9577394
real,00006123_001.png,6123,,effusion_0,-7.460371,0.0005751117,0.9928978
real,00004926_000.png,4926,,effusion_0,-5.9690056,0.0025502623,0.93774015
real,00019435_003.png,19435,,effusion_0,-7.6228523,0.0004889055,0.9934965
real,00019535_002.png,19535,,effusion_0,-6.3374653,0.0017656569,0.9659261
real,00008342_001.png,8342,,effusion_0,-7.3331947,0.0006530558,0.9875053
real,00014843_000.png,14843,,effusion_0,-7.3336334,0.0006527695,0.98890996
real,00002492_010.png,2492,,effusion_0,-7.417822,0.00060009526,0.9889684
real,00020716_002.png,20716,,effusion_0,-7.407545,0.00060629036,0.9893005
real,00027353_000.png,27353,,effusion_0,-7.4952183,0.00055542676,0.9900652
real,00013969_007.png,13969,,effusion_0,-7.4004726,0.0006105909,0.9923199
real,00010489_000.png,10489,,effusion_0,-7.1419106,0.0007906134,0.97599286
real,00018011_009.png,18011,,effusion_0,-6.7951946,0.001117889,0.97392976
real,00016518_000.png,16518,,effusion_0,-7.350567,0.00064181606,0.9899081
real,00013214_001.png,13214,,effusion_0,-7.3282223,0.000656309,0.9925143
real,00007792_000.png,7792,,effusion_0,-7.4544926,0.00057850045,0.9928316
real,00012949_001.png,12949,,effusion_0,-7.4991035,0.0005532741,0.9916937
real,00028570_000.png,28570,,effusion_0,-7.470335,0.000569413,0.99376076
real,00003628_000.png,3628,,effusion_0,-7.016655,0.0008960169,0.9858766
real,00026658_002.png,26658,,effusion_0,-7.074547,0.0008456603,0.9847464
real,00006490_000.png,6490,,effusion_0,-7.1128654,0.0008138946,0.98877496
real,00012178_002.png,12178,,effusion_0,-5.105879,0.0060244957,0.8650376
real,00018037_019.png,18037,,effusion_0,-7.4498196,0.00058120856,0.98849183
real,00013360_000.png,13360,,effusion_0,-7.1365356,0.0007948709,0.98248786
real,00003640_000.png,3640,,effusion_0,-7.657587,0.00047222295,0.9922375
real,00016568_001.png,16568,,effusion_0,5.060606,0.99369824,0.97905827
real,00015475_000.png,15475,,effusion_0,-7.6394005,0.00048088544,0.99186903
real,00029314_000.png,29314,,effusion_0,-7.6550407,0.00047342628,0.9939796
real,00018011_019.png,18011,,effusion_0,-7.295887,0.00067786314,0.98971117
real,00009709_007.png,9709,,effusion_0,-3.010645,0.04694728,0.6776702
real,00002686_000.png,2686,,effusion_0,-7.529854,0.0005365287,0.9948712
real,00025453_000.png,25453,,effusion_0,-7.419567,0.0005990495,0.98595315
real,00019716_003.png,19716,,effusion_0,-7.2936172,0.0006794025,0.9856789
real,00003792_001.png,3792,,effusion_0,-6.88842,0.0010184849,0.9850189
real,00008184_002.png,8184,,effusion_0,-7.519182,0.0005422819,0.9911601
real,00000869_006.png,869,,effusion_0,-7.419943,0.00059882464,0.98574185
real,00022574_001.png,22574,,effusion_0,-6.883789,0.0010232077,0.97539663
real,00030139_000.png,30139,,effusion_0,-6.650118,0.0012921976,0.9831713
real,00010131_005.png,10131,,effusion_0,-7.253479,0.0007072075,0.9855213
real,00018016_005.png,18016,,effusion_0,-7.0898647,0.00083281595,0.98827296
real,00030091_000.png,30091,,effusion_0,-7.403549,0.0006087164,0.9898542
real,00029426_000.png,29426,,effusion_0,-7.5379105,0.00053222576,0.9945698
real,00012902_001.png,12902,,effusion_0,-7.4228554,0.0005970841,0.9918044
real,00016865_001.png,16865,,effusion_0,-7.795126,0.00041156745,0.9912281
real,00008802_008.png,8802,,effusion_0,-7.5256844,0.0005387692,0.99105906
real,00029295_000.png,29295,,effusion_0,-7.3984833,0.00061180606,0.99491745
real,00003689_004.png,3689,,effusion_0,-7.7061653,0.00044984146,0.994518
real,00003064_042.png,3064,,effusion_0,-7.296747,0.0006772807,0.9692667
real,00017835_006.png,17835,,effusion_0,-7.326252,0.00065760256,0.9889988
real,00011690_000.png,11690,,effusion_0,-7.1144505,0.0008126066,0.9776461
real,00004976_003.png,4976,,effusion_0,-6.2162914,0.0019926575,0.9412795
real,00009381_000.png,9381,,effusion_0,-7.2915955,0.0006807765,0.9910104
real,00010600_000.png,10600,,effusion_0,-7.431381,0.00059201807,0.99315375
real,00028889_000.png,28889,,effusion_0,-7.3192043,0.00066225044,0.9902219
real,00027693_000.png,27693,,effusion_0,-5.3786564,0.0045928257,0.91687644
real,00003769_002.png,3769,,effusion_0,-6.7566986,0.0011617114,0.9440268
real,00019303_000.png,19303,,effusion_0,-7.4502144,0.0005809792,0.9910443
real,00013759_000.png,13759,,effusion_0,-7.529854,0.0005365287,0.9920753
real,00016083_003.png,16083,,effusion_0,-7.0750256,0.00084525585,0.98789537
real,00006981_018.png,6981,,effusion_0,-7.44166,0.0005859676,0.9905801
real,00024924_000.png,24924,,effusion_0,-7.3930817,0.00061511766,0.98982084
real,00005532_041.png,5532,,effusion_0,-7.0379925,0.0008771172,0.9628294
real,00011149_000.png,11149,,effusion_0,-7.34939,0.0006425713,0.9900882
real,00005623_000.png,5623,,effusion_0,-7.084852,0.00083699747,0.98286617
real,00011116_000.png,11116,,effusion_0,-7.3849945,0.0006201093,0.98805356
real,00028822_001.png,28822,,effusion_0,-7.262659,0.0007007496,0.9900544
real,00005410_003.png,5410,,effusion_0,2.5712357,0.92898726,0.80218184
real,00023468_000.png,23468,,effusion_0,-7.503208,0.0005510091,0.9907817
real,00010465_005.png,10465,,effusion_0,-7.138338,0.00079344056,0.9906052
real,00012536_004.png,12536,,effusion_0,5.315485,0.99510914,0.9636319
real,00012772_000.png,12772,,effusion_0,-7.570986,0.00051491905,0.9918885
real,00009905_000.png,9905,,effusion_0,-7.456194,0.00057751767,0.99160546
real,00014094_000.png,14094,,effusion_0,-6.673685,0.0012621382,0.9744298
real,00021346_000.png,21346,,effusion_0,-1.5177898,0.1797872,0.5785393
real,00016801_003.png,16801,,effusion_0,6.887636,0.9989807,0.99127257
real,00009335_000.png,9335,,effusion_0,-7.394657,0.0006141499,0.9858599
real,00009932_006.png,9932,,effusion_0,-7.155197,0.00078018644,0.9830535
real,00024029_000.png,24029,,effusion_0,-7.291668,0.00068072724,0.9908968
real,00005708_000.png,5708,,effusion_0,-7.5607567,0.0005202105,0.9926828
real,00019911_000.png,19911,,effusion_0,-7.167053,0.0007709982,0.9727014
real,00004608_000.png,4608,,effusion_0,-7.41782,0.0006000964,0.99350303
real,00010071_005.png,10071,,effusion_0,-2.9385319,0.050281335,0.6866357
real,00001548_000.png,1548,,effusion_0,-7.6780567,0.00046265934,0.99283606
real,00011910_012.png,11910,,effusion_0,-7.4028416,0.000609147,0.98682445
real,00020811_020.png,20811,,effusion_0,-7.517248,0.00054333115,0.98802865
real,00029311_003.png,29311,,effusion_0,-7.373417,0.00062732585,0.99300855
real,00003174_002.png,3174,,effusion_0,-7.432501,0.00059135596,0.9908345
real,00024737_001.png,24737,,effusion_0,-7.6519527,0.0004748898,0.9944787
real,00027582_002.png,27582,,effusion_0,8.033367,0.99967563,0.9954462
real,00003752_000.png,3752,,effusion_0,-7.4725876,0.0005681325,0.99412477
real,00010279_002.png,10279,,effusion_0,7.338335,0.99935025,0.9946679
real,00020502_001.png,20502,,effusion_0,-7.647133,0.00047718317,0.9949625
real,00029742_002.png,29742,,effusion_0,-7.2318993,0.00072262355,0.98382
real,00017381_000.png,17381,,effusion_0,-7.725771,0.00044111183,0.9922709
real,00027326_000.png,27326,,effusion_0,-7.548609,0.0005265651,0.99343294
real,00011359_000.png,11359,,effusion_0,-7.519985,0.00054184685,0.9925706
real,00005401_005.png,5401,,effusion_0,-7.462059,0.00057414226,0.99037135
real,00020884_000.png,20884,,effusion_0,-7.5024967,0.000551401,0.99373245
real,00007795_000.png,7795,,effusion_0,-7.136486,0.00079491024,0.9773263
real,00023636_000.png,23636,,effusion_0,-7.6058884,0.00049726584,0.99093723
real,00019201_010.png,19201,,effusion_0,-7.479767,0.0005640706,0.9876337
real,00014319_000.png,14319,,effusion_0,-7.4976063,0.0005541027,0.9821044
real,00016498_001.png,16498,,effusion_0,-7.4927635,0.0005567911,0.99326706
real,00020286_025.png,20286,,effusion_0,5.838999,0.99709666,0.99044
real,00024192_000.png,24192,,effusion_0,-7.539526,0.0005313671,0.99393296
real,00013886_000.png,13886,,effusion_0,-7.2053204,0.00074207317,0.9868749
real,00004490_004.png,4490,,effusion_0,-6.919647,0.000987203,0.98905146
real,00017603_029.png,17603,,effusion_0,-7.248089,0.00071102707,0.973494
real,00007935_000.png,7935,,effusion_0,-6.380539,0.0016913442,0.95257306
real,00010650_000.png,10650,,effusion_0,-7.4314003,0.0005920068,0.98831713
real,00007505_000.png,7505,,effusion_0,-7.305397,0.0006714515,0.9865753
real,00010286_001.png,10286,,effusion_0,-7.524685,0.00053930766,0.9905388
real,00017835_002.png,17835,,effusion_0,-7.4007244,0.00061043724,0.99134934
