kind,image,patient_id,growth,question,log_odds,p_yes,yes_no_mass
real,00000023_002.png,23,,cardiomegaly_0,-0.16917801,0.45780608,0.78040993
real,00000041_002.png,41,,cardiomegaly_0,-0.06687355,0.48328784,0.6688097
real,00000041_006.png,41,,cardiomegaly_0,-2.1459064,0.10471437,0.8009893
real,00000078_001.png,78,,cardiomegaly_0,-1.3295307,0.20923701,0.77719706
real,00000121_006.png,121,,cardiomegaly_0,-2.716259,0.06202074,0.8056228
real,00000121_007.png,121,,cardiomegaly_0,-3.0750084,0.044149984,0.8682723
real,00000148_001.png,148,,cardiomegaly_0,-2.5185356,0.07456893,0.83068985
real,00000148_002.png,148,,cardiomegaly_0,-3.8515396,0.020804957,0.93486387
real,00000176_001.png,176,,cardiomegaly_0,6.649584,0.99870706,0.9945312
real,00000176_002.png,176,,cardiomegaly_0,7.99975,0.99966455,0.9958666
real,00000200_001.png,200,,cardiomegaly_0,7.8312855,0.9996031,0.99680036
real,00000240_000.png,240,,cardiomegaly_0,8.484877,0.99979347,0.997811
real,00000246_008.png,246,,cardiomegaly_0,0.9028301,0.71153075,0.8012706
real,00000246_012.png,246,,cardiomegaly_0,0.10406113,0.5259918,0.7736699
real,00000246_013.png,246,,cardiomegaly_0,0.8952484,0.709972,0.82779455
real,00000284_004.png,284,,cardiomegaly_0,3.386469,0.96727896,0.96747893
real,00000284_005.png,284,,cardiomegaly_0,6.7921314,0.99887866,0.9953462
real,00000337_000.png,337,,cardiomegaly_0,-0.14356613,0.46416998,0.7410287
real,00000404_002.png,404,,cardiomegaly_0,-0.03868866,0.49032903,0.7773832
real,00000457_002.png,457,,cardiomegaly_0,7.759783,0.99957365,0.9966826
real,00000457_003.png,457,,cardiomegaly_0,8.447899,0.9997857,0.9976908
real,00000457_004.png,457,,cardiomegaly_0,6.699236,0.9987696,0.9954228
real,00000499_002.png,499,,cardiomegaly_0,-3.5888748,0.026886541,0.9129634
real,00000499_003.png,499,,cardiomegaly_0,-3.1174297,0.042393994,0.85419416
real,00000591_001.png,591,,cardiomegaly_0,-0.6181183,0.35020953,0.72117716
real,00000591_002.png,591,,cardiomegaly_0,0.91171074,0.7133501,0.8078117
real,00000591_004.png,591,,cardiomegaly_0,0.3929615,0.5969954,0.754028
real,00000591_005.png,591,,cardiomegaly_0,0.028690338,0.5071721,0.76276106
real,00000591_006.png,591,,cardiomegaly_0,1.9399166,0.874343,0.92424834
real,00000591_007.png,591,,cardiomegaly_0,0.52750397,0.62890077,0.76228213
real,00000591_009.png,591,,cardiomegaly_0,-1.9523735,0.12429478,0.795547
real,00000591_010.png,591,,cardiomegaly_0,-1.1284847,0.24444085,0.72487634
real,00000591_011.png,591,,cardiomegaly_0,0.1689415,0.54213524,0.7502661
real,00000591_012.png,591,,cardiomegaly_0,1.2845974,0.7832313,0.8530136
real,00000591_013.png,591,,cardiomegaly_0,0.6939621,0.6668477,0.7916357
real,00000591_014.png,591,,cardiomegaly_0,0.99367714,0.72981364,0.8284866
real,00000591_015.png,591,,cardiomegaly_0,1.3377838,0.7921252,0.8616459
real,00000591_016.png,591,,cardiomegaly_0,0.7171154,0.6719715,0.80850977
real,00000591_018.png,591,,cardiomegaly_0,0.14927483,0.53724957,0.784343
real,00000591_019.png,591,,cardiomegaly_0,1.0101471,0.7330489,0.8110794
real,00000622_000.png,622,,cardiomegaly_0,-2.7323494,0.06109126,0.8034488
real,00000661_001.png,661,,cardiomegaly_0,8.786173,0.9998472,0.9971818
real,00000661_000.png,661,,cardiomegaly_0,8.262901,0.9997421,0.9975666
real,00000707_002.png,707,,cardiomegaly_0,-0.8753586,0.29414052,0.61212
real,00000787_002.png,787,,cardiomegaly_0,8.21088,0.9997284,0.9965425
real,00000848_000.png,848,,cardiomegaly_0,1.3221321,0.78953624,0.8449152
real,00000869_008.png,869,,cardiomegaly_0,3.8119278,0.9783725,0.9774659
real,00000949_005.png,949,,cardiomegaly_0,-3.1403484,0.041473266,0.8638233
real,00001075_038.png,1075,,cardiomegaly_0,1.9455376,0.87495923,0.914081
real,00001075_045.png,1075,,cardiomegaly_0,-1.4710903,0.18677695,0.76590204
real,00001075_046.png,1075,,cardiomegaly_0,5.953232,0.9974093,0.9908437
real,00001075_047.png,1075,,cardiomegaly_0,1.8908558,0.8688531,0.86941636
real,00001075_007.png,1075,,cardiomegaly_0,1.1930408,0.7672845,0.84820485
real,00001075_022.png,1075,,cardiomegaly_0,0.96068573,0.72325903,0.73516405
real,00001075_033.png,1075,,cardiomegaly_0,8.775862,0.9998456,0.9976417
real,00001096_001.png,1096,,cardiomegaly_0,4.158243,0.98460567,0.9736357
real,00001104_022.png,1104,,cardiomegaly_0,-1.4272518,0.19352725,0.75069827
real,00001170_006.png,1170,,cardiomegaly_0,-1.0211315,0.26480705,0.7015188
real,00001170_020.png,1170,,cardiomegaly_0,-0.13698006,0.46580842,0.75204813
real,00001170_021.png,1170,,cardiomegaly_0,-0.63002205,0.34750554,0.76490897
real,00001170_023.png,1170,,cardiomegaly_0,-0.4374447,0.39235002,0.7643359
real,00001170_030.png,1170,,cardiomegaly_0,-0.5775013,0.3595077,0.78182286
real,00001170_034.png,1170,,cardiomegaly_0,-0.55210876,0.3653753,0.7824558
real,00001170_035.png,1170,,cardiomegaly_0,-0.16967201,0.4576835,0.7770459
real,00001170_036.png,1170,,cardiomegaly_0,-0.6662445,0.33933827,0.79228836
real,00001170_037.png,1170,,cardiomegaly_0,-0.5394573,0.36831382,0.7680536
real,00001170_039.png,1170,,cardiomegaly_0,-1.0182381,0.26537076,0.7802282
real,00001170_040.png,1170,,cardiomegaly_0,-0.63090706,0.3473049,0.75494635
real,00001170_045.png,1170,,cardiomegaly_0,-0.6393509,0.34539327,0.7453995
real,00001170_046.png,1170,,cardiomegaly_0,-1.1113968,0.24761058,0.7700471
real,00001170_047.png,1170,,cardiomegaly_0,-0.53689194,0.36891088,0.7602782
real,00001187_001.png,1187,,cardiomegaly_0,3.2060833,0.9610626,0.97145236
real,00001248_022.png,1248,,cardiomegaly_0,-1.2879639,0.21619765,0.77667767
real,00001248_023.png,1248,,cardiomegaly_0,-0.11538124,0.47118667,0.75013083
real,00001248_024.png,1248,,cardiomegaly_0,-0.77472115,0.31545871,0.7519371
real,00001248_025.png,1248,,cardiomegaly_0,-0.2525158,0.43720436,0.7712722
real,00001248_028.png,1248,,cardiomegaly_0,-0.21773338,0.44578066,0.7511718
real,00001248_036.png,1248,,cardiomegaly_0,-1.2010345,0.23129122,0.7624275
real,00001248_038.png,1248,,cardiomegaly_0,-0.37215614,0.4080201,0.7685735
real,00001248_000.png,1248,,cardiomegaly_0,-2.1270008,0.10650005,0.79735076
real,00001248_002.png,1248,,cardiomegaly_0,3.5095901,0.9709594,0.97865856
real,00001248_003.png,1248,,cardiomegaly_0,2.3426895,0.9123514,0.9347223
real,00001248_004.png,1248,,cardiomegaly_0,1.4385662,0.8082325,0.8727393
real,00001248_016.png,1248,,cardiomegaly_0,2.6333504,0.9329773,0.9451893
real,00001248_017.png,1248,,cardiomegaly_0,0.45257187,0.6112505,0.7392922
real,00001309_002.png,1309,,cardiomegaly_0,-1.0285149,0.26337212,0.707956
real,00001458_001.png,1458,,cardiomegaly_0,-1.1189632,0.24620363,0.7734857
real,00001470_006.png,1470,,cardiomegaly_0,-0.124650955,0.46887758,0.7380026
real,00001470_007.png,1470,,cardiomegaly_0,-0.93359184,0.28219658,0.7266071
real,00001775_001.png,1775,,cardiomegaly_0,0.11714172,0.529252,0.6737991
real,00001775_002.png,1775,,cardiomegaly_0,-0.9862671,0.27165005,0.638026
real,00001775_004.png,1775,,cardiomegaly_0,0.04233551,0.5105823,0.6559461
real,00001775_005.png,1775,,cardiomegaly_0,0.4203415,0.603565,0.69258267
real,00001782_000.png,1782,,cardiomegaly_0,0.09746361,0.52434665,0.77644825
real,00001784_000.png,1784,,cardiomegaly_0,5.9577007,0.9974208,0.99255925
real,00001974_000.png,1974,,cardiomegaly_0,0.0933609,0.5233233,0.75736177
real,00001974_003.png,1974,,cardiomegaly_0,-1.8560276,0.13516673,0.6786937
real,00001989_011.png,1989,,cardiomegaly_0,2.33959,0.91210324,0.91383165
real,00002046_003.png,2046,,cardiomegaly_0,1.3003197,0.78588873,0.85745525
real,00002083_000.png,2083,,cardiomegaly_0,8.055939,0.9996829,0.9967417
real,00002120_005.png,2120,,cardiomegaly_0,-0.7478962,0.32127988,0.71520865
real,00002239_002.png,2239,,cardiomegaly_0,1.5962734,0.8314969,0.833274
real,00002239_005.png,2239,,cardiomegaly_0,-0.80607224,0.3087281,0.773829
real,00002239_006.png,2239,,cardiomegaly_0,0.8614273,0.70295876,0.8429445
real,00002239_007.png,2239,,cardiomegaly_0,0.74474144,0.6780318,0.78113365
real,00002239_008.png,2239,,cardiomegaly_0,-1.6684742,0.15862772,0.74941605
real,00002239_009.png,2239,,cardiomegaly_0,-2.385872,0.084256396,0.789219
real,00002299_007.png,2299,,cardiomegaly_0,-2.4637165,0.078441255,0.8083703
real,00002299_010.png,2299,,cardiomegaly_0,-2.3958397,0.0834905,0.81641275
real,00002299_001.png,2299,,cardiomegaly_0,-2.6269321,0.0674251,0.827747
real,00002299_002.png,2299,,cardiomegaly_0,-1.4782372,0.18569385,0.7366204
real,00002300_000.png,2300,,cardiomegaly_0,-1.1718311,0.23652418,0.698938
real,00002339_007.png,2339,,cardiomegaly_0,2.6893597,0.9363959,0.9356909
real,00002355_004.png,2355,,cardiomegaly_0,-4.549862,0.010458135,0.9513629
real,00002355_006.png,2355,,cardiomegaly_0,-4.5668716,0.010283563,0.95386696
real,00002355_002.png,2355,,cardiomegaly_0,-3.746355,0.023059338,0.9150207
real,00002424_013.png,2424,,cardiomegaly_0,-2.8391647,0.055244118,0.8404011
real,00002490_000.png,2490,,cardiomegaly_0,-4.6281033,0.009678687,0.9591335
real,00002492_016.png,2492,,cardiomegaly_0,5.0019417,0.9933201,0.9878603
real,00002492_002.png,2492,,cardiomegaly_0,-1.6827393,0.15673308,0.70679134
real,00002492_003.png,2492,,cardiomegaly_0,-3.135952,0.041648388,0.8700778
real,00002533_004.png,2533,,cardiomegaly_0,2.0818672,0.8891282,0.91125125
real,00002533_005.png,2533,,cardiomegaly_0,4.3108597,0.9867557,0.984159
real,00002552_001.png,2552,,cardiomegaly_0,8.901365,0.99986374,0.9972153
real,00002585_000.png,2585,,cardiomegaly_0,-0.7167454,0.32811007,0.7522258
real,00002585_003.png,2585,,cardiomegaly_0,-0.036951065,0.49076328,0.8014901
real,00002599_001.png,2599,,cardiomegaly_0,0.44789124,0.61013776,0.79965204
real,00002609_000.png,2609,,cardiomegaly_0,-2.73497,0.060941115,0.8588576
real,00002685_002.png,2685,,cardiomegaly_0,-2.0137253,0.117769375,0.7856645
real,00002686_001.png,2686,,cardiomegaly_0,3.1257744,0.9579435,0.9653026
real,00002825_007.png,2825,,cardiomegaly_0,-5.0401783,0.006430969,0.9734993
real,00002825_008.png,2825,,cardiomegaly_0,-4.7116985,0.008909404,0.9699833
real,00002825_011.png,2825,,cardiomegaly_0,-4.309313,0.013264473,0.9524736
real,00002924_001.png,2924,,cardiomegaly_0,1.1972122,0.76802844,0.8232219
real,00003013_011.png,3013,,cardiomegaly_0,-3.1155872,0.042468857,0.8609624
real,00003013_013.png,3013,,cardiomegaly_0,-3.3486557,0.033939213,0.9009548
real,00003013_014.png,3013,,cardiomegaly_0,-3.244297,0.037532356,0.8703217
real,00003015_000.png,3015,,cardiomegaly_0,7.9482574,0.9996468,0.99642116
real,00003064_003.png,3064,,cardiomegaly_0,-3.8254566,0.021343015,0.9124856
real,00003064_005.png,3064,,cardiomegaly_0,-1.9587326,0.12360426,0.7504061
real,00003064_006.png,3064,,cardiomegaly_0,-3.1649036,0.04050803,0.84777564
real,00003064_007.png,3064,,cardiomegaly_0,3.86347,0.9794367,0.9688251
real,00003064_035.png,3064,,cardiomegaly_0,0.6890068,0.665746,0.78613156
real,00003064_037.png,3064,,cardiomegaly_0,-0.83356476,0.30289182,0.69914436
real,00003064_038.png,3064,,cardiomegaly_0,1.7387886,0.85053307,0.88311255
real,00003064_039.png,3064,,cardiomegaly_0,2.485962,0.92315185,0.93737024
real,00003064_043.png,3064,,cardiomegaly_0,-1.2117882,0.22938481,0.74330205
real,00003064_048.png,3064,,cardiomegaly_0,-3.7709122,0.022512559,0.93174833
real,00003064_050.png,3064,,cardiomegaly_0,-3.8102093,0.02166383,0.9118481
real,00003064_052.png,3064,,cardiomegaly_0,-3.3706722,0.03322471,0.88443357
real,00003362_006.png,3362,,cardiomegaly_0,0.2111702,0.5525972,0.72355825
real,00003423_002.png,3423,,cardiomegaly_0,1.8205891,0.86063683,0.9038112
real,00003423_003.png,3423,,cardiomegaly_0,1.1830978,0.76550436,0.80680114
real,00003423_005.png,3423,,cardiomegaly_0,-1.0294456,0.26319158,0.665832
real,00003423_011.png,3423,,cardiomegaly_0,0.37350082,0.59230465,0.6763614
real,00003423_015.png,3423,,cardiomegaly_0,3.558239,0.9723002,0.9785489
real,00003423_021.png,3423,,cardiomegaly_0,2.1049118,0.89137965,0.9238995
real,00003428_000.png,3428,,cardiomegaly_0,1.2122269,0.7706927,0.79271895
real,00003439_002.png,3439,,cardiomegaly_0,-3.9505367,0.018881015,0.9319709
real,00003439_003.png,3439,,cardiomegaly_0,-4.5645275,0.010307449,0.9589138
real,00003570_002.png,3570,,cardiomegaly_0,7.0178757,0.99910504,0.9945807
real,00003570_004.png,3570,,cardiomegaly_0,-3.6974716,0.024186624,0.90397143
real,00003611_002.png,3611,,cardiomegaly_0,-2.0088139,0.11828063,0.7741475
real,00003611_004.png,3611,,cardiomegaly_0,-1.3117485,0.21219441,0.76548254
real,00003611_005.png,3611,,cardiomegaly_0,-0.7704735,0.3163767,0.7730693
real,00003611_006.png,3611,,cardiomegaly_0,-1.0104198,0.2668977,0.74308056
real,00003706_001.png,3706,,cardiomegaly_0,2.957533,0.9506183,0.94526017
real,00003737_000.png,3737,,cardiomegaly_0,0.6068821,0.64722925,0.7213607
real,00003737_001.png,3737,,cardiomegaly_0,-1.0267963,0.26370567,0.6523669
real,00003789_009.png,3789,,cardiomegaly_0,8.213879,0.9997292,0.99627095
real,00003856_003.png,3856,,cardiomegaly_0,-0.2614956,0.43499613,0.7269792
real,00003916_001.png,3916,,cardiomegaly_0,4.0101986,0.982193,0.9773466
real,00003916_002.png,3916,,cardiomegaly_0,1.9362679,0.87394154,0.85912764
real,00003937_000.png,3937,,cardiomegaly_0,-4.4915066,0.011079619,0.9545956
real,00003996_020.png,3996,,cardiomegaly_0,-0.28365707,0.42955744,0.70488983
real,00004003_000.png,4003,,cardiomegaly_0,-4.4804306,0.011201636,0.9575318
real,00004080_000.png,4080,,cardiomegaly_0,-1.6390057,0.16260041,0.7345403
real,00004080_001.png,4080,,cardiomegaly_0,0.2661953,0.5661586,0.6992715
real,00004081_000.png,4081,,cardiomegaly_0,-1.1996002,0.23154634,0.69662076
real,00004220_000.png,4220,,cardiomegaly_0,-2.8241787,0.056031503,0.84627396
real,00004233_000.png,4233,,cardiomegaly_0,1.9670258,0.87729126,0.88977134
real,00004263_000.png,4263,,cardiomegaly_0,0.83532715,0.6974802,0.789823
real,00004344_013.png,4344,,cardiomegaly_0,7.8656883,0.9996164,0.9975446
real,00004344_014.png,4344,,cardiomegaly_0,8.125175,0.99970406,0.9970177
real,00004344_046.png,4344,,cardiomegaly_0,8.159828,0.9997142,0.99770147
real,00004344_047.png,4344,,cardiomegaly_0,7.8305817,0.99960274,0.9971598
real,00004404_008.png,4404,,cardiomegaly_0,7.7120266,0.9995528,0.9961095
real,00004511_000.png,4511,,cardiomegaly_0,6.832958,0.9989235,0.9932058
real,00004547_020.png,4547,,cardiomegaly_0,-2.1348534,0.10575512,0.80137616
real,00004583_000.png,4583,,cardiomegaly_0,1.2553406,0.778223,0.8767251
real,00004608_008.png,4608,,cardiomegaly_0,0.5820961,0.6415496,0.79426676
real,00004608_009.png,4608,,cardiomegaly_0,2.0307198,0.88398486,0.94108266
real,00004608_011.png,4608,,cardiomegaly_0,0.39709854,0.59799033,0.79936785
real,00004646_002.png,4646,,cardiomegaly_0,-1.1717224,0.2365438,0.72725177
real,00004750_004.png,4750,,cardiomegaly_0,1.7203007,0.8481676,0.9292859
real,00004750_006.png,4750,,cardiomegaly_0,1.8429527,0.8632976,0.9256099
real,00004833_014.png,4833,,cardiomegaly_0,-0.5578995,0.3640336,0.7737573
real,00004862_000.png,4862,,cardiomegaly_0,-0.27824974,0.43088293,0.68992203
real,00004909_006.png,4909,,cardiomegaly_0,5.916914,0.9973137,0.9939001
real,00004909_007.png,4909,,cardiomegaly_0,4.5906563,0.9899558,0.98802507
real,00004976_000.png,4976,,cardiomegaly_0,4.937626,0.99287945,0.98646885
real,00005038_000.png,5038,,cardiomegaly_0,5.5944138,0.99629515,0.98834044
real,00005101_002.png,5101,,cardiomegaly_0,-3.428522,0.031415872,0.9024675
real,00005108_000.png,5108,,cardiomegaly_0,2.542408,0.92706186,0.9452654
real,00005110_009.png,5110,,cardiomegaly_0,-3.6140366,0.026235998,0.9118564
real,00005395_006.png,5395,,cardiomegaly_0,-0.06760979,0.483104,0.6933523
real,00005395_007.png,5395,,cardiomegaly_0,0.43754196,0.6076731,0.6931148
real,00005395_010.png,5395,,cardiomegaly_0,-0.8441677,0.30065775,0.60696423
real,00005395_011.png,5395,,cardiomegaly_0,0.4244938,0.60455805,0.68038005
real,00005401_000.png,5401,,cardiomegaly_0,1.2352428,0.7747349,0.79976964
real,00005410_002.png,5410,,cardiomegaly_0,0.06340408,0.5158457,0.7196175
real,00005520_007.png,5520,,cardiomegaly_0,-5.4532356,0.0042641647,0.97961
real,00005532_031.png,5532,,cardiomegaly_0,4.8813457,0.99247026,0.9834395
real,00005532_037.png,5532,,cardiomegaly_0,3.2389793,0.9622751,0.9641635
real,00005532_042.png,5532,,cardiomegaly_0,7.5700665,0.99948454,0.9965851
real,00005532_043.png,5532,,cardiomegaly_0,5.2797585,0.9949321,0.98794115
real,00005532_000.png,5532,,cardiomegaly_0,2.3091774,0.90963423,0.92075217
real,00005532_004.png,5532,,cardiomegaly_0,7.8876095,0.9996247,0.9966055
real,00005532_005.png,5532,,cardiomegaly_0,4.8060226,0.991886,0.98539
real,00005532_007.png,5532,,cardiomegaly_0,8.104916,0.99969804,0.9968478
real,00005532_008.png,5532,,cardiomegaly_0,4.3722477,0.9875345,0.9803796
real,00005532_010.png,5532,,cardiomegaly_0,2.4356003,0.919502,0.89768827
real,00005532_011.png,5532,,cardiomegaly_0,2.4584332,0.92117596,0.91225004
real,00005532_012.png,5532,,cardiomegaly_0,1.7737522,0.8549237,0.86568713
real,00005532_013.png,5532,,cardiomegaly_0,5.399479,0.99550134,0.99021155
real,00005532_014.png,5532,,cardiomegaly_0,7.1021557,0.9991773,0.9952193
real,00005532_016.png,5532,,cardiomegaly_0,7.5178127,0.99945694,0.99577665
real,00005532_018.png,5532,,cardiomegaly_0,4.789322,0.99175054,0.989575
real,00005532_019.png,5532,,cardiomegaly_0,5.7149773,0.9967146,0.9925311
real,00005556_000.png,5556,,cardiomegaly_0,4.3680954,0.98748326,0.98567563
real,00005556_008.png,5556,,cardiomegaly_0,-2.116476,0.10750572,0.79623175
real,00005579_002.png,5579,,cardiomegaly_0,2.6007042,0.9309069,0.93594295
real,00005626_002.png,5626,,cardiomegaly_0,-0.5779705,0.3593997,0.8124013
real,00005641_003.png,5641,,cardiomegaly_0,7.294853,0.99932146,0.99525636
real,00005641_006.png,5641,,cardiomegaly_0,7.9736843,0.9996557,0.99658066
real,00005641_012.png,5641,,cardiomegaly_0,7.2116413,0.99926263,0.99518836
real,00005666_004.png,5666,,cardiomegaly_0,6.084711,0.9977278,0.99171805
real,00005666_010.png,5666,,cardiomegaly_0,5.5434837,0.99610233,0.9924763
real,00005666_011.png,5666,,cardiomegaly_0,6.1561966,0.9978842,0.9918173
real,00005666_012.png,5666,,cardiomegaly_0,6.328146,0.99821776,0.9923832
real,00005666_013.png,5666,,cardiomegaly_0,6.401348,0.99834347,0.9921568
real,00005666_018.png,5666,,cardiomegaly_0,5.784378,0.9969342,0.99040043
real,00005666_019.png,5666,,cardiomegaly_0,5.346714,0.99525887,0.988096
real,00005766_004.png,5766,,cardiomegaly_0,-1.130436,0.24408066,0.7554773
real,00005869_001.png,5869,,cardiomegaly_0,7.128891,0.9991991,0.99206704
real,00005895_003.png,5895,,cardiomegaly_0,-0.25208092,0.43731135,0.7043803
real,00005895_005.png,5895,,cardiomegaly_0,1.8000813,0.8581588,0.9072631
real,00005895_007.png,5895,,cardiomegaly_0,3.97225,0.981517,0.98267454
real,00005895_009.png,5895,,cardiomegaly_0,5.046259,0.99360776,0.99040335
real,00005895_013.png,5895,,cardiomegaly_0,6.367378,0.9982863,0.994919
real,00005895_023.png,5895,,cardiomegaly_0,3.3223,0.965186,0.9749352
real,00005920_003.png,5920,,cardiomegaly_0,4.8573303,0.99228865,0.9850338
real,00006166_000.png,6166,,cardiomegaly_0,6.7296276,0.9988065,0.9934396
real,00006298_003.png,6298,,cardiomegaly_0,-1.0040588,0.26814413,0.73117435
real,00006298_004.png,6298,,cardiomegaly_0,-1.6291332,0.16394913,0.7524344
real,00006298_005.png,6298,,cardiomegaly_0,-1.9848347,0.12080441,0.77746856
real,00006359_000.png,6359,,cardiomegaly_0,4.9241924,0.9927839,0.98449695
real,00006368_000.png,6368,,cardiomegaly_0,-4.9302216,0.0071730777,0.9692422
real,00006436_012.png,6436,,cardiomegaly_0,0.3876953,0.59572774,0.6924269
real,00006483_000.png,6483,,cardiomegaly_0,-4.2246,0.014420204,0.9392546
real,00006537_000.png,6537,,cardiomegaly_0,-3.0929642,0.04339841,0.8554207
real,00006626_000.png,6626,,cardiomegaly_0,0.15299606,0.53817457,0.8300554
real,00006626_006.png,6626,,cardiomegaly_0,-2.3497295,0.087087266,0.83294743
real,00006683_002.png,6683,,cardiomegaly_0,-0.4296837,0.39420187,0.7496082
real,00006683_003.png,6683,,cardiomegaly_0,-2.7775116,0.058551572,0.82821274
real,00006683_004.png,6683,,cardiomegaly_0,-3.21912,0.03845251,0.8938508
real,00006683_005.png,6683,,cardiomegaly_0,-3.1246681,0.04210111,0.85750747
real,00006683_006.png,6683,,cardiomegaly_0,-1.45471,0.18927775,0.7035289
real,00006694_002.png,6694,,cardiomegaly_0,-1.6960869,0.15497704,0.78114814
real,00006694_003.png,6694,,cardiomegaly_0,-2.1008568,0.109013565,0.80731624
real,00006774_001.png,6774,,cardiomegaly_0,-2.8820972,0.05304569,0.8702962
real,00006791_006.png,6791,,cardiomegaly_0,-2.7307777,0.06118147,0.8281342
real,00006832_005.png,6832,,cardiomegaly_0,-1.4535389,0.18945754,0.72546935
real,00006850_027.png,6850,,cardiomegaly_0,-2.58008,0.070431486,0.7755477
real,00006850_028.png,6850,,cardiomegaly_0,-4.0807877,0.016613483,0.93791324
real,00006851_022.png,6851,,cardiomegaly_0,6.3927517,0.9983291,0.9933814
real,00006851_023.png,6851,,cardiomegaly_0,4.5728836,0.9897774,0.98539984
real,00006851_024.png,6851,,cardiomegaly_0,1.1312447,0.7560685,0.7386733
real,00006851_009.png,6851,,cardiomegaly_0,2.570528,0.92894053,0.94253695
real,00006851_010.png,6851,,cardiomegaly_0,1.8210125,0.86068755,0.884691
real,00006890_003.png,6890,,cardiomegaly_0,7.467022,0.9994287,0.994371
real,00006936_001.png,6936,,cardiomegaly_0,-2.1304607,0.10617126,0.84090424
real,00006964_011.png,6964,,cardiomegaly_0,-3.6750145,0.024722349,0.90355694
real,00006981_001.png,6981,,cardiomegaly_0,-2.5543919,0.07213199,0.83806616
real,00006981_002.png,6981,,cardiomegaly_0,-4.502413,0.010960755,0.9568088
real,00006981_009.png,6981,,cardiomegaly_0,-1.8437805,0.13660479,0.7325471
real,00006981_010.png,6981,,cardiomegaly_0,0.8420563,0.6988981,0.83621925
real,00006981_011.png,6981,,cardiomegaly_0,-2.696848,0.06315961,0.8314991
real,00006981_014.png,6981,,cardiomegaly_0,-2.498848,0.07593898,0.8402167
real,00006981_016.png,6981,,cardiomegaly_0,-3.3051567,0.035394706,0.9020837
real,00006996_002.png,6996,,cardiomegaly_0,-0.5844383,0.35791197,0.7264993
real,00007033_001.png,7033,,cardiomegaly_0,-2.0436115,0.11469948,0.77521294
real,00007033_002.png,7033,,cardiomegaly_0,-3.3650703,0.033405118,0.9111175
real,00007033_004.png,7033,,cardiomegaly_0,-1.9921551,0.120029055,0.77764183
real,00007109_018.png,7109,,cardiomegaly_0,0.85975266,0.70260894,0.7396186
real,00007156_000.png,7156,,cardiomegaly_0,-0.017173767,0.49570668,0.72387356
real,00007156_001.png,7156,,cardiomegaly_0,-1.540966,0.17639488,0.7671937
real,00007340_014.png,7340,,cardiomegaly_0,-3.954012,0.018816749,0.9343172
real,00007405_014.png,7405,,cardiomegaly_0,0.6241932,0.6511716,0.72761714
real,00007482_009.png,7482,,cardiomegaly_0,-1.7319412,0.15033945,0.7620803
real,00007482_015.png,7482,,cardiomegaly_0,1.8043194,0.85867393,0.9135982
real,00007482_023.png,7482,,cardiomegaly_0,-4.4560585,0.011474825,0.952384
real,00007482_026.png,7482,,cardiomegaly_0,-4.0492764,0.017136216,0.92182463
real,00007519_003.png,7519,,cardiomegaly_0,4.885519,0.9925014,0.98768836
real,00007519_004.png,7519,,cardiomegaly_0,-2.017521,0.11737556,0.7413129
real,00007551_021.png,7551,,cardiomegaly_0,8.290743,0.99974924,0.99583954
real,00007652_000.png,7652,,cardiomegaly_0,5.33486,0.99520254,0.98392105
real,00007679_000.png,7679,,cardiomegaly_0,2.6560936,0.93438554,0.9679231
real,00007679_001.png,7679,,cardiomegaly_0,2.9056187,0.9481235,0.9679685
real,00007679_003.png,7679,,cardiomegaly_0,3.6109962,0.9736863,0.9807643
real,00007679_004.png,7679,,cardiomegaly_0,4.237274,0.9857588,0.98768026
real,00007679_005.png,7679,,cardiomegaly_0,2.8714542,0.94641715,0.9710615
real,00007718_000.png,7718,,cardiomegaly_0,-0.6333599,0.3467491,0.8070288
real,00007718_001.png,7718,,cardiomegaly_0,-1.8739891,0.13308083,0.8010586
real,00007718_005.png,7718,,cardiomegaly_0,2.7153702,0.93792754,0.9621298
real,00007718_006.png,7718,,cardiomegaly_0,-0.81793594,0.30620196,0.7421286
real,00007718_007.png,7718,,cardiomegaly_0,-4.5808907,0.010141855,0.9625847
real,00007718_009.png,7718,,cardiomegaly_0,-3.8792515,0.020247841,0.94129074
real,00007718_010.png,7718,,cardiomegaly_0,-2.0002155,0.119180284,0.77808225
real,00007740_000.png,7740,,cardiomegaly_0,4.0987854,0.983678,0.9845344
real,00007769_002.png,7769,,cardiomegaly_0,0.8815994,0.7071535,0.8063067
real,00007772_000.png,7772,,cardiomegaly_0,-0.8359928,0.30237943,0.7650319
real,00007833_000.png,7833,,cardiomegaly_0,3.678341,0.9753577,0.9709925
real,00007833_001.png,7833,,cardiomegaly_0,-4.9563026,0.0069897054,0.96370274
real,00007833_002.png,7833,,cardiomegaly_0,7.392351,0.9993844,0.9949506
real,00007833_003.png,7833,,cardiomegaly_0,6.219492,0.99801373,0.98987883
real,00007848_001.png,7848,,cardiomegaly_0,-0.9223461,0.2844801,0.7054707
real,00007848_004.png,7848,,cardiomegaly_0,1.6311626,0.8363288,0.91314286
real,00007848_005.png,7848,,cardiomegaly_0,-0.41563416,0.39756194,0.78826904
real,00007848_006.png,7848,,cardiomegaly_0,0.722353,0.6731249,0.8410849
real,00007865_001.png,7865,,cardiomegaly_0,-1.196537,0.23209183,0.7124919
real,00007865_003.png,7865,,cardiomegaly_0,0.6039219,0.64655304,0.7751651
real,00007865_005.png,7865,,cardiomegaly_0,0.84492874,0.6995022,0.7982007
real,00007869_004.png,7869,,cardiomegaly_0,2.8567028,0.9456641,0.957094
real,00007882_000.png,7882,,cardiomegaly_0,1.108408,0.7518322,0.82421064
real,00007882_001.png,7882,,cardiomegaly_0,1.5701256,0.8278015,0.89607555
real,00007908_000.png,7908,,cardiomegaly_0,7.2211437,0.99926955,0.99433887
real,00007989_000.png,7989,,cardiomegaly_0,2.011547,0.88200414,0.88005424
real,00007989_001.png,7989,,cardiomegaly_0,6.479,0.998467,0.9933741
real,00007989_002.png,7989,,cardiomegaly_0,6.2401066,0.99805415,0.99349034
real,00008013_003.png,8013,,cardiomegaly_0,-2.4874325,0.076743916,0.8545788
real,00008013_006.png,8013,,cardiomegaly_0,-2.0384007,0.11522967,0.72143054
real,00008037_000.png,8037,,cardiomegaly_0,-2.4433136,0.07992889,0.8566855
real,00008037_001.png,8037,,cardiomegaly_0,-0.28678894,0.42879015,0.8094606
real,00008037_002.png,8037,,cardiomegaly_0,-1.1771336,0.23556799,0.7896896
real,00008103_000.png,8103,,cardiomegaly_0,4.319914,0.98687357,0.98455524
real,00008112_000.png,8112,,cardiomegaly_0,2.6473808,0.93384933,0.9432061
real,00008147_013.png,8147,,cardiomegaly_0,-0.07129288,0.48218432,0.74129045
real,00008184_007.png,8184,,cardiomegaly_0,-3.7733803,0.022458311,0.909452
real,00008185_003.png,8185,,cardiomegaly_0,0.108932495,0.52720624,0.70530105
real,00008185_005.png,8185,,cardiomegaly_0,-2.0121136,0.117936924,0.7410383
real,00008191_001.png,8191,,cardiomegaly_0,-1.7288017,0.15074092,0.7107123
real,00008195_000.png,8195,,cardiomegaly_0,-3.2955723,0.0357234,0.91472054
real,00008339_000.png,8339,,cardiomegaly_0,6.817995,0.9989073,0.99494153
real,00008339_003.png,8339,,cardiomegaly_0,4.351082,0.98727125,0.9865808
real,00008339_005.png,8339,,cardiomegaly_0,6.6370544,0.9986909,0.9944565
real,00008339_010.png,8339,,cardiomegaly_0,7.0934505,0.9991702,0.99439746
real,00008342_012.png,8342,,cardiomegaly_0,-0.19720459,0.450858,0.7030912
real,00008342_015.png,8342,,cardiomegaly_0,0.30795097,0.576385,0.6738261
real,00008342_016.png,8342,,cardiomegaly_0,-0.39273643,0.4030587,0.6292091
real,00008342_025.png,8342,,cardiomegaly_0,-1.4713135,0.18674307,0.6782325
real,00008404_000.png,8404,,cardiomegaly_0,2.6745243,0.9355066,0.9396166
real,00008465_004.png,8465,,cardiomegaly_0,-2.7604141,0.05950119,0.8303958
real,00008465_006.png,8465,,cardiomegaly_0,-3.5547428,0.02779413,0.89843583
real,00008471_000.png,8471,,cardiomegaly_0,-0.19044876,0.4525312,0.77962345
real,00008477_001.png,8477,,cardiomegaly_0,-2.155119,0.103853844,0.7808484
real,00008477_005.png,8477,,cardiomegaly_0,-0.532629,0.36990392,0.7353599
real,00008477_006.png,8477,,cardiomegaly_0,0.58244133,0.6416289,0.7427434
real,00008477_007.png,8477,,cardiomegaly_0,-1.8913174,0.13109434,0.7456449
real,00008489_025.png,8489,,cardiomegaly_0,-4.9097652,0.0073202383,0.96604955
real,00008637_000.png,8637,,cardiomegaly_0,3.81839,0.9785089,0.9761304
real,00008637_001.png,8637,,cardiomegaly_0,-3.5471516,0.027999993,0.8712218
real,00008738_000.png,8738,,cardiomegaly_0,3.4657726,0.9696981,0.9629666
real,00008802_005.png,8802,,cardiomegaly_0,-2.3958912,0.08348655,0.7323134
real,00008806_014.png,8806,,cardiomegaly_0,3.0231667,0.9536098,0.9547602
real,00008827_000.png,8827,,cardiomegaly_0,3.809885,0.97832924,0.97519726
real,00008866_004.png,8866,,cardiomegaly_0,-0.07864761,0.4803482,0.7564998
real,00008898_000.png,8898,,cardiomegaly_0,8.204756,0.9997267,0.9961812
real,00008970_002.png,8970,,cardiomegaly_0,-3.615797,0.026191058,0.89195853
real,00009034_004.png,9034,,cardiomegaly_0,2.8728943,0.94649017,0.96781874
real,00009105_007.png,9105,,cardiomegaly_0,-4.4856606,0.011143857,0.949082
real,00009141_000.png,9141,,cardiomegaly_0,0.6465397,0.6562303,0.811216
real,00009163_000.png,9163,,cardiomegaly_0,-1.7613316,0.14662364,0.76078206
real,00009163_001.png,9163,,cardiomegaly_0,-0.5727501,0.3606025,0.7814075
real,00009174_000.png,9174,,cardiomegaly_0,5.7148743,0.99671423,0.9911622
real,00009185_006.png,9185,,cardiomegaly_0,4.317917,0.9868477,0.9834753
real,00009189_002.png,9189,,cardiomegaly_0,-1.9990196,0.11930589,0.777156
real,00009189_004.png,9189,,cardiomegaly_0,0.37976265,0.59381586,0.79679954
real,00009189_005.png,9189,,cardiomegaly_0,0.03561592,0.508903,0.7534288
real,00009189_006.png,9189,,cardiomegaly_0,-0.7023964,0.33128113,0.676754
real,00009229_000.png,9229,,cardiomegaly_0,6.568287,0.9985978,0.9914487
real,00009286_003.png,9286,,cardiomegaly_0,1.5927963,0.83100915,0.8846316
real,00009326_000.png,9326,,cardiomegaly_0,-3.75605,0.02284194,0.8949425
real,00009326_001.png,9326,,cardiomegaly_0,-4.006241,0.01787631,0.9198058
real,00009349_001.png,9349,,cardiomegaly_0,1.8806133,0.86768156,0.87047184
real,00009349_012.png,9349,,cardiomegaly_0,-1.1919155,0.23291653,0.6989253
real,00009349_014.png,9349,,cardiomegaly_0,-1.0275288,0.26356348,0.763176
real,00009349_015.png,9349,,cardiomegaly_0,1.1512489,0.759739,0.805748
real,00009349_016.png,9349,,cardiomegaly_0,-0.86330986,0.29664826,0.7482911
real,00009349_019.png,9349,,cardiomegaly_0,-0.10205269,0.47450894,0.78074133
real,00009349_020.png,9349,,cardiomegaly_0,-0.057928085,0.48552197,0.7894919
real,00009349_021.png,9349,,cardiomegaly_0,0.40987015,0.60105675,0.78679836
real,00009349_024.png,9349,,cardiomegaly_0,0.046390533,0.51159555,0.78161514
real,00009349_025.png,9349,,cardiomegaly_0,0.26568794,0.566034,0.8112528
real,00009349_026.png,9349,,cardiomegaly_0,0.017095566,0.5042738,0.7658447
real,00009349_027.png,9349,,cardiomegaly_0,-0.08160019,0.47961125,0.79856837
real,00009349_028.png,9349,,cardiomegaly_0,-0.6114521,0.35172802,0.745274
real,00009349_029.png,9349,,cardiomegaly_0,-0.9816971,0.27255517,0.7740155
real,00009373_000.png,9373,,cardiomegaly_0,0.5746441,0.6398341,0.82770723
real,00009373_001.png,9373,,cardiomegaly_0,-0.5586033,0.36387068,0.75687337
real,00009378_005.png,9378,,cardiomegaly_0,-4.4403114,0.011654829,0.9422092
real,00009378_010.png,9378,,cardiomegaly_0,-0.5305729,0.3703833,0.67870283
real,00009378_013.png,9378,,cardiomegaly_0,-2.8254566,0.05596395,0.8276443
real,00009378_014.png,9378,,cardiomegaly_0,3.1420822,0.95859563,0.95328194
real,00009378_016.png,9378,,cardiomegaly_0,4.4671326,0.9886501,0.9837264
real,00009457_003.png,9457,,cardiomegaly_0,0.48892975,0.6198543,0.7856385
real,00009457_004.png,9457,,cardiomegaly_0,4.3351555,0.9870696,0.9842472
real,00009516_003.png,9516,,cardiomegaly_0,2.4538422,0.920842,0.94779205
real,00009571_001.png,9571,,cardiomegaly_0,-2.019144,0.11720752,0.79058504
real,00009571_002.png,9571,,cardiomegaly_0,-2.2961407,0.0914431,0.8234373
real,00009571_003.png,9571,,cardiomegaly_0,-4.142647,0.015632506,0.94118804
real,00009571_004.png,9571,,cardiomegaly_0,-3.7721233,0.022485921,0.93420184
real,00009641_011.png,9641,,cardiomegaly_0,4.4135075,0.98803234,0.97949266
real,00009665_004.png,9665,,cardiomegaly_0,-1.8619823,0.13447215,0.7606187
real,00009665_005.png,9665,,cardiomegaly_0,-4.310812,0.0132448645,0.9303273
real,00009709_010.png,9709,,cardiomegaly_0,-3.9574242,0.018753853,0.91472054
real,00009709_011.png,9709,,cardiomegaly_0,-4.5206013,0.010765324,0.95024204
real,00009812_000.png,9812,,cardiomegaly_0,-2.084629,0.1105998,0.7522822
real,00009908_001.png,9908,,cardiomegaly_0,0.48214912,0.6182552,0.6938426
real,00009908_002.png,9908,,cardiomegaly_0,-2.136551,0.105594695,0.7589383
real,00009932_008.png,9932,,cardiomegaly_0,4.4950657,0.9889593,0.9788209
real,00009934_007.png,9934,,cardiomegaly_0,2.7919674,0.9422402,0.9651897
real,00009934_008.png,9934,,cardiomegaly_0,3.5201073,0.9712545,0.9813688
real,00009934_009.png,9934,,cardiomegaly_0,5.954769,0.99741334,0.9949439
real,00010071_003.png,10071,,cardiomegaly_0,-1.875824,0.13286927,0.78918815
real,00010071_004.png,10071,,cardiomegaly_0,-1.5801735,0.17077091,0.7497464
real,00010071_007.png,10071,,cardiomegaly_0,-2.087429,0.11032466,0.82426864
real,00010071_008.png,10071,,cardiomegaly_0,-1.7619152,0.14655063,0.77392817
real,00010071_010.png,10071,,cardiomegaly_0,-1.1786041,0.23530325,0.690086
real,00010071_011.png,10071,,cardiomegaly_0,-1.8020916,0.14159665,0.756025
real,00010071_012.png,10071,,cardiomegaly_0,-1.7264748,0.15103905,0.78531665
real,00010120_021.png,10120,,cardiomegaly_0,-3.4718475,0.030123953,0.8834394
real,00010131_007.png,10131,,cardiomegaly_0,-2.3091602,0.090367146,0.7919927
real,00010177_000.png,10177,,cardiomegaly_0,6.620943,0.9986696,0.9936711
real,00010275_000.png,10275,,cardiomegaly_0,1.3235245,0.7897675,0.8753456
real,00010279_003.png,10279,,cardiomegaly_0,3.6452522,0.97454983,0.9818423
real,00010279_004.png,10279,,cardiomegaly_0,2.0000076,0.88079786,0.9240389
real,00010279_005.png,10279,,cardiomegaly_0,4.3097878,0.9867417,0.98337585
real,00010335_001.png,10335,,cardiomegaly_0,0.5563011,0.6355962,0.8282506
real,00010335_002.png,10335,,cardiomegaly_0,0.16550636,0.54128236,0.7949917
real,00010335_003.png,10335,,cardiomegaly_0,0.3062744,0.5759756,0.80615455
real,00010335_005.png,10335,,cardiomegaly_0,0.60500526,0.6468006,0.8343064
real,00010354_002.png,10354,,cardiomegaly_0,2.125391,0.8933466,0.93722117
real,00010427_009.png,10427,,cardiomegaly_0,-1.9338264,0.12632765,0.7743359
real,00010443_001.png,10443,,cardiomegaly_0,-4.3449726,0.012805749,0.942127
real,00010465_004.png,10465,,cardiomegaly_0,-0.62254333,0.34920323,0.587791
real,00010469_002.png,10469,,cardiomegaly_0,2.9748974,0.9514271,0.95613503
real,00010521_002.png,10521,,cardiomegaly_0,-0.79678345,0.310714,0.7398789
real,00010536_000.png,10536,,cardiomegaly_0,5.9675846,0.9974462,0.9910737
real,00010571_006.png,10571,,cardiomegaly_0,-0.8407612,0.3013745,0.71722764
real,00010575_002.png,10575,,cardiomegaly_0,-0.98501396,0.27189803,0.767188
real,00010575_003.png,10575,,cardiomegaly_0,-2.8008003,0.057280943,0.8595238
real,00010625_000.png,10625,,cardiomegaly_0,7.5346317,0.999466,0.9962809
real,00010625_010.png,10625,,cardiomegaly_0,7.4840775,0.99943835,0.9974227
real,00010625_014.png,10625,,cardiomegaly_0,5.779171,0.9969182,0.9941371
real,00010638_001.png,10638,,cardiomegaly_0,6.9810524,0.9990715,0.9951006
real,00010695_007.png,10695,,cardiomegaly_0,-1.4530506,0.18953252,0.72767085
real,00010695_008.png,10695,,cardiomegaly_0,-3.1018562,0.043030754,0.86978966
real,00010695_013.png,10695,,cardiomegaly_0,-3.4742908,0.030052653,0.8998012
real,00010695_014.png,10695,,cardiomegaly_0,-3.9066505,0.019711386,0.91449016
real,00010695_015.png,10695,,cardiomegaly_0,-3.1218872,0.042213403,0.84744495
real,00010695_017.png,10695,,cardiomegaly_0,-3.4585438,0.030515086,0.8954974
real,00010695_016.png,10695,,cardiomegaly_0,-3.6656113,0.024950089,0.9064446
real,00010767_001.png,10767,,cardiomegaly_0,4.1655064,0.98471534,0.9777395
real,00010767_017.png,10767,,cardiomegaly_0,-3.0508156,0.045182273,0.89448166
real,00010767_015.png,10767,,cardiomegaly_0,-2.3855877,0.08427832,0.844078
real,00010767_016.png,10767,,cardiomegaly_0,-3.2266922,0.03817351,0.8968936
real,00010767_022.png,10767,,cardiomegaly_0,-0.018196106,0.49545112,0.7020574
real,00010767_023.png,10767,,cardiomegaly_0,-1.7531433,0.14765117,0.76785934
real,00010767_024.png,10767,,cardiomegaly_0,-2.4115238,0.08229816,0.857635
real,00010767_025.png,10767,,cardiomegaly_0,-1.5885773,0.16958416,0.7392806
real,00010767_026.png,10767,,cardiomegaly_0,-1.0122356,0.26654255,0.76548135
real,00010772_002.png,10772,,cardiomegaly_0,-2.5878105,0.069927044,0.85494804
real,00010772_003.png,10772,,cardiomegaly_0,-2.5471535,0.07261795,0.8108357
real,00010772_007.png,10772,,cardiomegaly_0,5.817024,0.9970324,0.9902715
real,00010772_010.png,10772,,cardiomegaly_0,-2.041399,0.11492436,0.83205676
real,00010772_012.png,10772,,cardiomegaly_0,0.4004898,0.5988053,0.72452605
real,00010772_015.png,10772,,cardiomegaly_0,1.0118542,0.7333829,0.76839036
real,00010790_003.png,10790,,cardiomegaly_0,2.347002,0.9126957,0.91051066
real,00010828_000.png,10828,,cardiomegaly_0,-2.517908,0.07461225,0.8320145
real,00010936_008.png,10936,,cardiomegaly_0,1.457201,0.8111042,0.8442165
real,00010936_009.png,10936,,cardiomegaly_0,2.71694,0.93801886,0.9424727
real,00010936_010.png,10936,,cardiomegaly_0,2.2491856,0.9045803,0.91077757
real,00010936_016.png,10936,,cardiomegaly_0,2.7365284,0.939148,0.9529969
real,00010936_017.png,10936,,cardiomegaly_0,3.63274,0.9742376,0.9765041
real,00010936_018.png,10936,,cardiomegaly_0,0.2518959,0.5626431,0.69275445
real,00010936_019.png,10936,,cardiomegaly_0,1.671011,0.84171057,0.8805685
real,00010936_021.png,10936,,cardiomegaly_0,1.861351,0.8654543,0.9159388
real,00010936_023.png,10936,,cardiomegaly_0,-0.11997223,0.47004282,0.8055593
real,00010936_024.png,10936,,cardiomegaly_0,2.4838638,0.92300284,0.9457143
real,00010940_000.png,10940,,cardiomegaly_0,-2.942686,0.050083328,0.88495064
real,00010953_000.png,10953,,cardiomegaly_0,-1.5524368,0.17473459,0.8145811
real,00010953_003.png,10953,,cardiomegaly_0,0.055677414,0.5139158,0.7752972
real,00010953_004.png,10953,,cardiomegaly_0,2.2214088,0.9021556,0.9442615
real,00010953_009.png,10953,,cardiomegaly_0,-0.13513565,0.46626744,0.7670614
real,00010953_011.png,10953,,cardiomegaly_0,1.7170506,0.8477485,0.88913417
real,00010953_012.png,10953,,cardiomegaly_0,0.8597145,0.702601,0.823534
real,00010970_000.png,10970,,cardiomegaly_0,5.8600388,0.997157,0.9887281
real,00010992_000.png,10992,,cardiomegaly_0,-0.8596363,0.29741535,0.75633246
real,00010992_006.png,10992,,cardiomegaly_0,-0.057556152,0.48561496,0.76774967
real,00010992_007.png,10992,,cardiomegaly_0,-0.17803192,0.45560923,0.74828964
real,00010992_008.png,10992,,cardiomegaly_0,0.24732399,0.5615178,0.75633425
real,00010992_009.png,10992,,cardiomegaly_0,-0.65966415,0.34081507,0.73884803
real,00010992_010.png,10992,,cardiomegaly_0,-1.2836056,0.2169371,0.81236964
real,00010992_011.png,10992,,cardiomegaly_0,-0.5478325,0.36636743,0.7635589
real,00010992_012.png,10992,,cardiomegaly_0,0.18468666,0.5460409,0.7742153
real,00010994_003.png,10994,,cardiomegaly_0,8.702316,0.9998338,0.99768597
real,00010994_005.png,10994,,cardiomegaly_0,7.9087048,0.9996326,0.9973207
real,00010994_007.png,10994,,cardiomegaly_0,7.283207,0.9993135,0.9971878
real,00010994_009.png,10994,,cardiomegaly_0,8.114048,0.9997008,0.99723357
real,00010994_010.png,10994,,cardiomegaly_0,8.137854,0.99970776,0.99689454
real,00010994_011.png,10994,,cardiomegaly_0,8.3902645,0.99977297,0.9976948
real,00010994_012.png,10994,,cardiomegaly_0,8.299917,0.9997515,0.9973823
real,00010994_013.png,10994,,cardiomegaly_0,8.2543335,0.99973994,0.9973401
real,00010994_000.png,10994,,cardiomegaly_0,8.788155,0.9998474,0.9977536
real,00011139_000.png,11139,,cardiomegaly_0,2.3039818,0.9092063,0.9093454
real,00011237_001.png,11237,,cardiomegaly_0,4.1635437,0.9846858,0.98334694
real,00011279_002.png,11279,,cardiomegaly_0,-4.8454685,0.0078025735,0.954904
real,00011380_005.png,11380,,cardiomegaly_0,-3.1436443,0.04134244,0.8387321
real,00011380_006.png,11380,,cardiomegaly_0,-3.1393776,0.04151188,0.86804765
real,00011380_009.png,11380,,cardiomegaly_0,-3.9744282,0.01844349,0.92146987
real,00011380_010.png,11380,,cardiomegaly_0,-3.1425152,0.041387215,0.8588785
real,00011380_011.png,11380,,cardiomegaly_0,-3.6516151,0.025292855,0.90642315
real,00011380_012.png,11380,,cardiomegaly_0,-3.3322048,0.03448275,0.88998836
real,00011380_014.png,11380,,cardiomegaly_0,-1.2974339,0.2145972,0.60724735
real,00011380_015.png,11380,,cardiomegaly_0,-3.7262192,0.023517335,0.91616684
real,00011380_016.png,11380,,cardiomegaly_0,-1.2748775,0.21842344,0.7008187
real,00011380_018.png,11380,,cardiomegaly_0,-0.667326,0.33909586,0.73694843
real,00011380_019.png,11380,,cardiomegaly_0,-1.8890991,0.13134722,0.7889224
real,00011380_020.png,11380,,cardiomegaly_0,-0.77822685,0.31470218,0.6716417
real,00011380_021.png,11380,,cardiomegaly_0,0.35390282,0.5875637,0.7027941
real,00011380_023.png,11380,,cardiomegaly_0,-2.3664837,0.085764445,0.73275405
real,00011380_024.png,11380,,cardiomegaly_0,-3.8184166,0.02149056,0.9135709
real,00011380_025.png,11380,,cardiomegaly_0,-3.7449074,0.023091976,0.9146519
real,00011380_026.png,11380,,cardiomegaly_0,-1.7369308,0.14970319,0.7570552
real,00011423_002.png,11423,,cardiomegaly_0,-3.5555744,0.027771665,0.89254177
real,00011423_003.png,11423,,cardiomegaly_0,-3.2538223,0.037189778,0.8457599
real,00011423_006.png,11423,,cardiomegaly_0,-3.7851238,0.022201933,0.9069435
real,00011423_008.png,11423,,cardiomegaly_0,-4.060665,0.016945453,0.92968756
real,00011423_000.png,11423,,cardiomegaly_0,-4.326996,0.01303501,0.9547193
real,00011423_001.png,11423,,cardiomegaly_0,-4.018757,0.017657889,0.92383456
real,00011654_004.png,11654,,cardiomegaly_0,1.668827,0.8414194,0.89874583
real,00011748_000.png,11748,,cardiomegaly_0,-0.18092537,0.45489165,0.74546957
real,00011764_004.png,11764,,cardiomegaly_0,-2.4251366,0.08127588,0.72610873
real,00011770_010.png,11770,,cardiomegaly_0,-3.7123737,0.02383739,0.91440433
real,00011831_004.png,11831,,cardiomegaly_0,-2.05801,0.1132455,0.8554598
real,00011831_007.png,11831,,cardiomegaly_0,-0.16261864,0.45943466,0.7286442
real,00011831_008.png,11831,,cardiomegaly_0,0.52625084,0.6286082,0.78537154
real,00011831_009.png,11831,,cardiomegaly_0,0.119348526,0.5298018,0.69249374
real,00011831_010.png,11831,,cardiomegaly_0,-0.46759987,0.3851845,0.7939133
real,00011831_016.png,11831,,cardiomegaly_0,1.1193161,0.75386184,0.866355
real,00011831_017.png,11831,,cardiomegaly_0,0.860466,0.702758,0.7867955
real,00011831_020.png,11831,,cardiomegaly_0,-1.078125,0.253861,0.76674193
real,00011831_021.png,11831,,cardiomegaly_0,-1.199337,0.23159316,0.8054748
real,00011949_000.png,11949,,cardiomegaly_0,7.2170506,0.99926656,0.99476564
real,00011950_013.png,11950,,cardiomegaly_0,-2.0231266,0.11679608,0.7960109
real,00011950_015.png,11950,,cardiomegaly_0,-0.39657784,0.40213484,0.7244749
real,00011950_016.png,11950,,cardiomegaly_0,1.8022671,0.85842466,0.92972344
real,00011950_018.png,11950,,cardiomegaly_0,-1.3643627,0.20353217,0.78457814
real,00011987_008.png,11987,,cardiomegaly_0,1.2858162,0.7834382,0.88550204
real,00012021_001.png,12021,,cardiomegaly_0,0.39723015,0.598022,0.7610148
real,00012043_012.png,12043,,cardiomegaly_0,-1.8349323,0.13765174,0.8290062
real,00012043_013.png,12043,,cardiomegaly_0,1.1853867,0.765915,0.8991938
real,00012043_015.png,12043,,cardiomegaly_0,0.74975204,0.6791247,0.83981454
real,00012043_016.png,12043,,cardiomegaly_0,-0.61642075,0.35059595,0.76400113
real,00012092_003.png,12092,,cardiomegaly_0,4.375149,0.9875702,0.97981805
real,00012178_000.png,12178,,cardiomegaly_0,2.453783,0.92083764,0.94445825
real,00012178_001.png,12178,,cardiomegaly_0,2.7279797,0.9386576,0.94677335
real,00012263_000.png,12263,,cardiomegaly_0,0.0400486,0.51001084,0.74170285
real,00012263_002.png,12263,,cardiomegaly_0,-0.27207947,0.43239668,0.80145377
real,00012263_005.png,12263,,cardiomegaly_0,0.4750328,0.6165743,0.8042448
real,00012263_006.png,12263,,cardiomegaly_0,1.0616875,0.7430129,0.8769904
real,00012263_007.png,12263,,cardiomegaly_0,-0.031362534,0.49216005,0.7988318
real,00012415_002.png,12415,,cardiomegaly_0,-0.16805458,0.45808497,0.7597406
real,00012415_004.png,12415,,cardiomegaly_0,-2.1230965,0.10687215,0.77559364
real,00012415_005.png,12415,,cardiomegaly_0,-1.0564365,0.25799102,0.7539185
real,00012415_006.png,12415,,cardiomegaly_0,-0.9818859,0.27251774,0.68842375
real,00012460_002.png,12460,,cardiomegaly_0,-3.5022888,0.029247178,0.87392247
real,00012460_003.png,12460,,cardiomegaly_0,-2.0107613,0.11807768,0.73859715
real,00012523_000.png,12523,,cardiomegaly_0,2.7589302,0.94041574,0.9319426
real,00012536_003.png,12536,,cardiomegaly_0,0.8981724,0.7105738,0.7823497
real,00012604_000.png,12604,,cardiomegaly_0,-0.23800278,0.44077858,0.637148
real,00012604_004.png,12604,,cardiomegaly_0,0.72693825,0.674133,0.80424047
real,00012604_005.png,12604,,cardiomegaly_0,1.088295,0.74806046,0.80139947
real,00012626_015.png,12626,,cardiomegaly_0,-0.6491566,0.3431796,0.75095326
real,00012653_002.png,12653,,cardiomegaly_0,-3.4635143,0.030368378,0.8992173
real,00012707_000.png,12707,,cardiomegaly_0,3.549141,0.97205406,0.9692215
real,00012722_000.png,12722,,cardiomegaly_0,-0.29894447,0.4258155,0.8324604
real,00012722_001.png,12722,,cardiomegaly_0,0.28827477,0.57157373,0.8517792
real,00012722_002.png,12722,,cardiomegaly_0,0.74876213,0.6789089,0.8121959
real,00012722_005.png,12722,,cardiomegaly_0,0.6618633,0.6596788,0.8290312
real,00012799_001.png,12799,,cardiomegaly_0,-0.103406906,0.47417128,0.6331848
real,00012827_001.png,12827,,cardiomegaly_0,-1.4275513,0.1934805,0.6957058
real,00012827_002.png,12827,,cardiomegaly_0,-0.01140213,0.49714947,0.75854814
real,00012939_002.png,12939,,cardiomegaly_0,0.6820259,0.6641907,0.7963759
real,00012949_002.png,12949,,cardiomegaly_0,-1.1783199,0.23535441,0.69265294
real,00012973_017.png,12973,,cardiomegaly_0,0.5408554,0.6320114,0.7046156
real,00012973_015.png,12973,,cardiomegaly_0,-1.0191422,0.26519454,0.64658964
real,00012973_016.png,12973,,cardiomegaly_0,-0.22343254,0.44437307,0.6327075
real,00012973_019.png,12973,,cardiomegaly_0,2.2239208,0.9023771,0.92383236
real,00012973_020.png,12973,,cardiomegaly_0,-0.72667694,0.3259244,0.65418833
real,00012973_021.png,12973,,cardiomegaly_0,-0.80830765,0.30825123,0.65300024
real,00012975_000.png,12975,,cardiomegaly_0,2.2705307,0.90640676,0.9344116
real,00013205_001.png,13205,,cardiomegaly_0,-1.7562065,0.14726608,0.7579081
real,00013205_003.png,13205,,cardiomegaly_0,-1.7545452,0.14747483,0.7807982
real,00013205_004.png,13205,,cardiomegaly_0,-1.7675743,0.14584425,0.7480317
real,00013205_006.png,13205,,cardiomegaly_0,-3.5772629,0.027192026,0.90544456
real,00013237_000.png,13237,,cardiomegaly_0,-2.9674225,0.048919506,0.81154776
real,00013285_000.png,13285,,cardiomegaly_0,-1.2479134,0.22306155,0.7602724
real,00013285_002.png,13285,,cardiomegaly_0,-0.26373672,0.43444535,0.7283694
real,00013285_003.png,13285,,cardiomegaly_0,0.24469757,0.56087095,0.7696532
real,00013370_005.png,13370,,cardiomegaly_0,5.2200546,0.9946221,0.9893863
real,00013408_007.png,13408,,cardiomegaly_0,-2.7761307,0.05862774,0.82686156
real,00013408_008.png,13408,,cardiomegaly_0,-1.6964912,0.15492408,0.6876677
real,00013408_016.png,13408,,cardiomegaly_0,-1.0428963,0.26059154,0.62873
real,00013408_017.png,13408,,cardiomegaly_0,-2.3046055,0.09074225,0.7838607
real,00013408_018.png,13408,,cardiomegaly_0,-3.7013283,0.024095768,0.8979765
real,00013458_002.png,13458,,cardiomegaly_0,-4.8751125,0.0075763953,0.9677375
real,00013499_000.png,13499,,cardiomegaly_0,1.1943951,0.7675262,0.8386263
real,00013519_001.png,13519,,cardiomegaly_0,-2.444765,0.079822205,0.7096341
real,00013522_000.png,13522,,cardiomegaly_0,-2.246399,0.09566054,0.73798907
real,00013534_006.png,13534,,cardiomegaly_0,1.1045837,0.751118,0.8592252
real,00013534_008.png,13534,,cardiomegaly_0,-1.6807346,0.15699822,0.7914677
real,00013534_010.png,13534,,cardiomegaly_0,-1.5696678,0.17226376,0.7228986
real,00013591_003.png,13591,,cardiomegaly_0,2.7155285,0.9379367,0.94634855
real,00013591_005.png,13591,,cardiomegaly_0,-4.23555,0.014265402,0.95270586
real,00013608_006.png,13608,,cardiomegaly_0,1.1591473,0.7611777,0.8560063
real,00013608_007.png,13608,,cardiomegaly_0,2.3610706,0.91381013,0.94350463
real,00013608_008.png,13608,,cardiomegaly_0,0.4002552,0.5987489,0.7725783
real,00013608_011.png,13608,,cardiomegaly_0,0.28295517,0.57027054,0.75550056
real,00013608_012.png,13608,,cardiomegaly_0,0.7378082,0.67651635,0.8432311
real,00013608_013.png,13608,,cardiomegaly_0,0.60170555,0.64604646,0.8207557
real,00013608_017.png,13608,,cardiomegaly_0,0.9752865,0.726172,0.81626874
real,00013608_021.png,13608,,cardiomegaly_0,1.7043285,0.8460992,0.8802081
real,00013625_004.png,13625,,cardiomegaly_0,-2.104967,0.10861498,0.75062346
real,00013625_061.png,13625,,cardiomegaly_0,2.1984768,0.9001126,0.923042
real,00013678_000.png,13678,,cardiomegaly_0,-1.830967,0.13812311,0.7721753
real,00013678_001.png,13678,,cardiomegaly_0,2.66399,0.934868,0.9562644
real,00013709_000.png,13709,,cardiomegaly_0,-5.216097,0.0053991666,0.9754348
real,00013743_001.png,13743,,cardiomegaly_0,-0.8588505,0.29757956,0.5779027
real,00013830_000.png,13830,,cardiomegaly_0,2.3178062,0.910341,0.8576311
real,00013862_004.png,13862,,cardiomegaly_0,-2.996132,0.047600925,0.86579955
real,00013911_002.png,13911,,cardiomegaly_0,-2.2222595,0.097769305,0.72132957
real,00013911_004.png,13911,,cardiomegaly_0,-3.035139,0.04586342,0.86922896
real,00013911_007.png,13911,,cardiomegaly_0,-1.3723011,0.20224833,0.726294
real,00013911_012.png,13911,,cardiomegaly_0,-3.0575294,0.044893518,0.8860122
real,00013911_020.png,13911,,cardiomegaly_0,1.7610645,0.85334295,0.8853443
real,00013911_000.png,13911,,cardiomegaly_0,5.875864,0.99720144,0.99416924
real,00013964_001.png,13964,,cardiomegaly_0,0.14941406,0.53728414,0.78859484
real,00014183_000.png,14183,,cardiomegaly_0,-1.5284176,0.17822532,0.64608186
real,00014196_002.png,14196,,cardiomegaly_0,-3.5234375,0.028652668,0.90562934
real,00014196_003.png,14196,,cardiomegaly_0,-4.000538,0.017976712,0.9219214
real,00014289_000.png,14289,,cardiomegaly_0,0.6921749,0.66645056,0.84451973
real,00014307_004.png,14307,,cardiomegaly_0,-1.5642147,0.1730427,0.7739531
real,00014307_008.png,14307,,cardiomegaly_0,-4.2156754,0.014547592,0.95248306
real,00014307_011.png,14307,,cardiomegaly_0,-0.9471874,0.2794508,0.7189378
real,00014320_011.png,14320,,cardiomegaly_0,5.8205986,0.99704295,0.99153787
real,00014320_012.png,14320,,cardiomegaly_0,5.594105,0.9962941,0.98879695
real,00014320_033.png,14320,,cardiomegaly_0,2.9943314,0.9523174,0.9433997
real,00014320_039.png,14320,,cardiomegaly_0,-0.22098923,0.44497645,0.7214069
real,00014387_000.png,14387,,cardiomegaly_0,-3.515047,0.028887117,0.8924121
real,00014387_008.png,14387,,cardiomegaly_0,-0.20760536,0.44828427,0.66853434
real,00014387_010.png,14387,,cardiomegaly_0,-0.5716057,0.3608664,0.65424246
real,00014475_001.png,14475,,cardiomegaly_0,-4.689415,0.009108338,0.9538627
real,00014538_000.png,14538,,cardiomegaly_0,-3.014637,0.046768986,0.8569796
real,00014574_000.png,14574,,cardiomegaly_0,6.516056,0.9985227,0.99249375
real,00014648_000.png,14648,,cardiomegaly_0,-5.1965675,0.0055050584,0.9753316
real,00014695_004.png,14695,,cardiomegaly_0,7.9529457,0.99964845,0.99707377
real,00014719_006.png,14719,,cardiomegaly_0,-2.5153294,0.0747905,0.81906676
real,00014719_007.png,14719,,cardiomegaly_0,-4.106529,0.016198121,0.93870634
real,00014773_003.png,14773,,cardiomegaly_0,-0.5274086,0.37112147,0.72833884
real,00014773_004.png,14773,,cardiomegaly_0,-1.6451015,0.16177209,0.7921482
real,00014773_006.png,14773,,cardiomegaly_0,-0.61014557,0.35202602,0.65451115
real,00014773_005.png,14773,,cardiomegaly_0,-0.5732956,0.36047673,0.62944704
real,00014773_007.png,14773,,cardiomegaly_0,-4.776575,0.008354419,0.96006215
real,00014943_000.png,14943,,cardiomegaly_0,-0.8808441,0.2930029,0.7118042
real,00015064_000.png,15064,,cardiomegaly_0,5.2628746,0.99484634,0.9895795
real,00015080_002.png,15080,,cardiomegaly_0,0.5444622,0.6328498,0.7019032
real,00015114_001.png,15114,,cardiomegaly_0,-4.674753,0.009241623,0.9617415
real,00015114_003.png,15114,,cardiomegaly_0,-0.27007103,0.43288964,0.6466673
real,00015212_001.png,15212,,cardiomegaly_0,0.39959908,0.5985913,0.82929695
real,00015212_003.png,15212,,cardiomegaly_0,-0.4676056,0.38518313,0.7709076
real,00015212_008.png,15212,,cardiomegaly_0,2.095192,0.890435,0.9315766
real,00015228_002.png,15228,,cardiomegaly_0,0.004283905,0.501071,0.69301105
real,00015242_000.png,15242,,cardiomegaly_0,4.1718845,0.98481107,0.9797392
real,00015244_002.png,15244,,cardiomegaly_0,-4.9487476,0.007042339,0.9706764
real,00015244_000.png,15244,,cardiomegaly_0,-5.1989765,0.0054918863,0.97426784
real,00015254_001.png,15254,,cardiomegaly_0,-3.1791744,0.03995699,0.89376986
real,00015254_002.png,15254,,cardiomegaly_0,0.69306946,0.6666494,0.8086374
real,00015282_000.png,15282,,cardiomegaly_0,8.373661,0.99976915,0.99735963
real,00015313_000.png,15313,,cardiomegaly_0,8.229742,0.9997335,0.996405
real,00015313_003.png,15313,,cardiomegaly_0,2.270441,0.90639925,0.9203015
real,00015313_005.png,15313,,cardiomegaly_0,3.122095,0.95779496,0.9497227
real,00015313_006.png,15313,,cardiomegaly_0,3.2756348,0.96358335,0.9608317
real,00015313_007.png,15313,,cardiomegaly_0,-0.9321213,0.28249454,0.61493725
real,00015313_008.png,15313,,cardiomegaly_0,-2.2584171,0.09462589,0.72727376
real,00015318_007.png,15318,,cardiomegaly_0,0.792572,0.6883833,0.77757365
real,00015318_008.png,15318,,cardiomegaly_0,3.7492962,0.97700685,0.9809142
real,00015376_002.png,15376,,cardiomegaly_0,2.2319527,0.90308243,0.9278291
real,00015376_037.png,15376,,cardiomegaly_0,4.9145164,0.9927142,0.990823
real,00015388_004.png,15388,,cardiomegaly_0,-1.2657108,0.21999237,0.71484834
real,00015423_001.png,15423,,cardiomegaly_0,2.2870903,0.9078022,0.92424095
real,00015423_002.png,15423,,cardiomegaly_0,3.4918308,0.9704544,0.9694953
real,00015423_003.png,15423,,cardiomegaly_0,4.9326572,0.9928443,0.9870614
real,00015423_004.png,15423,,cardiomegaly_0,4.145336,0.9844088,0.9796765
real,00015423_005.png,15423,,cardiomegaly_0,3.9576378,0.9812501,0.9748987
real,00015423_006.png,15423,,cardiomegaly_0,4.1959743,0.9851673,0.9808711
real,00015448_003.png,15448,,cardiomegaly_0,-4.5463696,0.010494339,0.9617327
real,00015492_002.png,15492,,cardiomegaly_0,-3.5216465,0.028702559,0.89411694
real,00015497_000.png,15497,,cardiomegaly_0,2.3145103,0.9100716,0.88914555
real,00015497_001.png,15497,,cardiomegaly_0,8.655407,0.9998259,0.9970009
real,00015562_004.png,15562,,cardiomegaly_0,-3.5173779,0.028821802,0.88909376
real,00015654_000.png,15654,,cardiomegaly_0,-3.5348587,0.028336504,0.9188416
real,00015654_001.png,15654,,cardiomegaly_0,0.9628868,0.7236994,0.84157884
real,00015654_002.png,15654,,cardiomegaly_0,1.4460564,0.8093907,0.89658004
real,00015654_003.png,15654,,cardiomegaly_0,-0.09552574,0.4761367,0.75702745
real,00015654_004.png,15654,,cardiomegaly_0,0.3742733,0.59249115,0.8069161
real,00015654_005.png,15654,,cardiomegaly_0,1.7502041,0.85197854,0.92369694
real,00015654_006.png,15654,,cardiomegaly_0,1.9043674,0.870385,0.9269787
real,00015716_000.png,15716,,cardiomegaly_0,1.8775635,0.867331,0.89120114
real,00015985_000.png,15985,,cardiomegaly_0,0.8615513,0.7029847,0.8037023
real,00016041_000.png,16041,,cardiomegaly_0,-1.1284447,0.24444827,0.7723306
real,00016184_016.png,16184,,cardiomegaly_0,-0.74817276,0.32121956,0.66849184
real,00016191_001.png,16191,,cardiomegaly_0,-2.1446896,0.10482851,0.76835406
real,00016191_015.png,16191,,cardiomegaly_0,-2.344677,0.087489806,0.7357585
real,00016191_016.png,16191,,cardiomegaly_0,-1.188324,0.23355882,0.6228511
real,00016191_021.png,16191,,cardiomegaly_0,0.30941772,0.5767431,0.76709276
real,00016191_026.png,16191,,cardiomegaly_0,-1.3255367,0.2098986,0.7131927
real,00016191_027.png,16191,,cardiomegaly_0,0.039657593,0.5099131,0.776136
real,00016202_000.png,16202,,cardiomegaly_0,-3.1527843,0.040981706,0.8650025
real,00016205_005.png,16205,,cardiomegaly_0,-2.7036743,0.06275689,0.7961368
real,00016205_007.png,16205,,cardiomegaly_0,1.3715515,0.7976307,0.8367845
real,00016205_008.png,16205,,cardiomegaly_0,-2.252636,0.09512233,0.77016276
real,00016205_009.png,16205,,cardiomegaly_0,-2.1838512,0.10121005,0.75318795
real,00016238_007.png,16238,,cardiomegaly_0,0.52957344,0.6293836,0.8207095
real,00016238_008.png,16238,,cardiomegaly_0,-1.8049221,0.14125295,0.7517888
real,00016353_000.png,16353,,cardiomegaly_0,-3.521635,0.02870288,0.8986497
real,00016417_000.png,16417,,cardiomegaly_0,1.8484802,0.8639486,0.8782869
real,00016417_001.png,16417,,cardiomegaly_0,3.2025833,0.96093136,0.9639731
real,00016417_002.png,16417,,cardiomegaly_0,-0.12143898,0.46967754,0.61002976
real,00016417_004.png,16417,,cardiomegaly_0,0.40536118,0.5999751,0.7769173
real,00016417_006.png,16417,,cardiomegaly_0,-0.053770065,0.4865607,0.7914404
real,00016417_007.png,16417,,cardiomegaly_0,-1.3321514,0.20880373,0.7446756
real,00016417_008.png,16417,,cardiomegaly_0,0.2260418,0.5562711,0.7646704
real,00016417_009.png,16417,,cardiomegaly_0,-1.9692993,0.12246418,0.7791294
real,00016484_002.png,16484,,cardiomegaly_0,8.260527,0.9997415,0.9974471
real,00016484_018.png,16484,,cardiomegaly_0,8.341278,0.99976164,0.9974572
real,00016484_030.png,16484,,cardiomegaly_0,7.5577106,0.9994783,0.99522257
real,00016548_000.png,16548,,cardiomegaly_0,-1.4895935,0.18398274,0.7931694
real,00016568_005.png,16568,,cardiomegaly_0,-0.17110634,0.45732749,0.75494784
real,00016568_015.png,16568,,cardiomegaly_0,-1.972866,0.12208138,0.82406706
real,00016568_016.png,16568,,cardiomegaly_0,-1.3511028,0.20569013,0.73640716
real,00016568_017.png,16568,,cardiomegaly_0,0.056444168,0.5141073,0.7056092
real,00016568_018.png,16568,,cardiomegaly_0,-1.1794567,0.2351499,0.79792714
real,00016568_019.png,16568,,cardiomegaly_0,-1.2484837,0.22296275,0.78174853
real,00016568_020.png,16568,,cardiomegaly_0,-1.1631966,0.23808692,0.79471785
real,00016568_021.png,16568,,cardiomegaly_0,-1.5262165,0.17854793,0.7983086
real,00016568_022.png,16568,,cardiomegaly_0,-1.7315407,0.15039061,0.79517996
real,00016568_023.png,16568,,cardiomegaly_0,-1.0908031,0.25146708,0.7321617
real,00016568_024.png,16568,,cardiomegaly_0,-1.651535,0.16090159,0.83784044
real,00016568_025.png,16568,,cardiomegaly_0,-0.92767334,0.283397,0.7948513
real,00016568_028.png,16568,,cardiomegaly_0,-0.725729,0.32613268,0.74572235
real,00016568_029.png,16568,,cardiomegaly_0,-0.5293484,0.37066892,0.7962837
real,00016568_032.png,16568,,cardiomegaly_0,-0.910223,0.2869542,0.76565486
real,00016568_036.png,16568,,cardiomegaly_0,0.14922333,0.53723675,0.7966141
real,00016568_037.png,16568,,cardiomegaly_0,-0.22020912,0.4451691,0.8137358
real,00016568_038.png,16568,,cardiomegaly_0,-0.09815788,0.4754802,0.7916697
real,00016568_039.png,16568,,cardiomegaly_0,-0.76748466,0.3170235,0.8082909
real,00016568_040.png,16568,,cardiomegaly_0,-0.65369415,0.34215754,0.78401864
real,00016568_041.png,16568,,cardiomegaly_0,-0.5148926,0.3740473,0.8029014
real,00016568_042.png,16568,,cardiomegaly_0,-0.81396866,0.30704543,0.7445561
real,00016568_043.png,16568,,cardiomegaly_0,-0.50546455,0.37625736,0.7597318
real,00016568_044.png,16568,,cardiomegaly_0,-0.53769875,0.3687231,0.7763711
real,00016568_047.png,16568,,cardiomegaly_0,-0.39936066,0.40146595,0.7532179
real,00016568_051.png,16568,,cardiomegaly_0,0.21100998,0.5525576,0.72577876
real,00016677_004.png,16677,,cardiomegaly_0,5.098694,0.9939323,0.9878112
real,00016677_000.png,16677,,cardiomegaly_0,3.4132786,0.968117,0.9762445
real,00016724_000.png,16724,,cardiomegaly_0,1.4434452,0.80898756,0.8541856
real,00016724_001.png,16724,,cardiomegaly_0,-0.20256424,0.44953138,0.8025523
real,00016724_003.png,16724,,cardiomegaly_0,-0.95804024,0.27727073,0.7948753
real,00016757_003.png,16757,,cardiomegaly_0,0.73324966,0.675518,0.7597028
real,00016801_000.png,16801,,cardiomegaly_0,2.3367825,0.9118779,0.9395805
real,00016801_006.png,16801,,cardiomegaly_0,2.109539,0.89182687,0.93965167
real,00016801_008.png,16801,,cardiomegaly_0,1.2786961,0.78222775,0.820608
real,00016862_000.png,16862,,cardiomegaly_0,-1.592514,0.16903047,0.7006963
real,00016975_010.png,16975,,cardiomegaly_0,-1.9339275,0.12631649,0.7934895
real,00016975_013.png,16975,,cardiomegaly_0,-1.6951313,0.15510222,0.7909869
real,00016975_017.png,16975,,cardiomegaly_0,1.0582008,0.7423465,0.8469827
real,00016975_018.png,16975,,cardiomegaly_0,-0.28291512,0.42973924,0.6781868
real,00016990_000.png,16990,,cardiomegaly_0,9.04731,0.99988234,0.99732924
real,00017258_002.png,17258,,cardiomegaly_0,0.14531136,0.53626406,0.7628387
real,00017258_003.png,17258,,cardiomegaly_0,-0.90104103,0.28883663,0.72033703
real,00017258_004.png,17258,,cardiomegaly_0,1.4805412,0.81465435,0.9068715
real,00017258_005.png,17258,,cardiomegaly_0,-0.019857407,0.49503583,0.78312474
real,00017258_006.png,17258,,cardiomegaly_0,-0.24650764,0.43868324,0.7623911
real,00017258_007.png,17258,,cardiomegaly_0,0.6074772,0.64736515,0.80738395
real,00017258_008.png,17258,,cardiomegaly_0,1.2219849,0.77241266,0.87619865
real,00017258_009.png,17258,,cardiomegaly_0,1.4458427,0.80935776,0.89853466
real,00017258_010.png,17258,,cardiomegaly_0,1.7847958,0.8562881,0.9129117
real,00017258_011.png,17258,,cardiomegaly_0,1.5930405,0.8310434,0.90149593
real,00017258_016.png,17258,,cardiomegaly_0,0.73261833,0.6753796,0.7579032
real,00017258_017.png,17258,,cardiomegaly_0,0.16718292,0.5416987,0.7502225
real,00017258_019.png,17258,,cardiomegaly_0,0.44451332,0.60933393,0.7552824
real,00017263_000.png,17263,,cardiomegaly_0,1.8809471,0.8677199,0.8779695
real,00017395_001.png,17395,,cardiomegaly_0,1.7090187,0.84670895,0.8702663
real,00017395_002.png,17395,,cardiomegaly_0,0.018972397,0.504743,0.76107705
real,00017395_003.png,17395,,cardiomegaly_0,-1.1215992,0.24571477,0.6858501
real,00017443_012.png,17443,,cardiomegaly_0,-2.2813797,0.09267688,0.8280887
real,00017443_013.png,17443,,cardiomegaly_0,-1.3645191,0.20350681,0.7875581
real,00017529_000.png,17529,,cardiomegaly_0,8.101257,0.99969697,0.99763525
real,00017607_000.png,17607,,cardiomegaly_0,-3.5647717,0.027524414,0.84388775
real,00017618_004.png,17618,,cardiomegaly_0,1.1951733,0.767665,0.83028406
real,00017618_005.png,17618,,cardiomegaly_0,0.75055313,0.6792992,0.7685626
real,00017618_006.png,17618,,cardiomegaly_0,0.84303665,0.69910437,0.7846139
real,00017618_008.png,17618,,cardiomegaly_0,1.5234222,0.8210419,0.8584021
real,00017618_009.png,17618,,cardiomegaly_0,1.7313595,0.84958625,0.9013759
real,00017618_010.png,17618,,cardiomegaly_0,1.1866226,0.76613647,0.83505523
real,00017618_011.png,17618,,cardiomegaly_0,2.85388,0.9455189,0.9595746
real,00017618_014.png,17618,,cardiomegaly_0,5.229151,0.99467045,0.99149144
real,00017618_015.png,17618,,cardiomegaly_0,2.561407,0.92833614,0.9430077
real,00017618_019.png,17618,,cardiomegaly_0,1.3318329,0.79114366,0.817043
real,00017618_020.png,17618,,cardiomegaly_0,3.2616386,0.9630891,0.9574871
real,00017618_021.png,17618,,cardiomegaly_0,4.815811,0.99196446,0.9870236
real,00017618_022.png,17618,,cardiomegaly_0,5.161291,0.9942984,0.99159044
real,00017618_023.png,17618,,cardiomegaly_0,3.9592876,0.9812804,0.9844068
real,00017618_032.png,17618,,cardiomegaly_0,3.596384,0.9733093,0.9776606
real,00017691_014.png,17691,,cardiomegaly_0,0.26516342,0.56590515,0.73709965
real,00017702_001.png,17702,,cardiomegaly_0,-2.6182327,0.06797417,0.85789365
real,00017747_053.png,17747,,cardiomegaly_0,-1.7236423,0.15140261,0.812824
real,00017747_054.png,17747,,cardiomegaly_0,-0.46640968,0.38546637,0.7819635
real,00017747_055.png,17747,,cardiomegaly_0,-0.1833725,0.4542849,0.73914534
real,00017747_056.png,17747,,cardiomegaly_0,-0.5686798,0.36154154,0.7071547
real,00017747_057.png,17747,,cardiomegaly_0,-0.7781029,0.31472892,0.7393176
real,00017747_004.png,17747,,cardiomegaly_0,0.38993454,0.596267,0.7338599
real,00017747_005.png,17747,,cardiomegaly_0,-0.017219543,0.49569517,0.74306273
real,00017747_008.png,17747,,cardiomegaly_0,0.8144913,0.69306576,0.8239252
real,00017747_010.png,17747,,cardiomegaly_0,0.38438606,0.5949305,0.79158527
real,00017747_011.png,17747,,cardiomegaly_0,-0.8108368,0.30771223,0.8228062
real,00017747_012.png,17747,,cardiomegaly_0,0.22153664,0.55515873,0.83812314
real,00017763_003.png,17763,,cardiomegaly_0,-2.2904854,0.09191403,0.7710023
real,00017763_004.png,17763,,cardiomegaly_0,-2.6218376,0.06774615,0.7817612
real,00017786_005.png,17786,,cardiomegaly_0,-0.07766914,0.48059246,0.66221756
real,00017786_010.png,17786,,cardiomegaly_0,-2.2080555,0.09902943,0.77363855
real,00017786_012.png,17786,,cardiomegaly_0,-1.1084042,0.24816851,0.7117674
real,00017786_000.png,17786,,cardiomegaly_0,3.3402748,0.9657849,0.97077596
real,00017822_000.png,17822,,cardiomegaly_0,2.452652,0.92075515,0.88635516
real,00017835_032.png,17835,,cardiomegaly_0,-2.671177,0.06469572,0.79190797
real,00017846_000.png,17846,,cardiomegaly_0,-1.7008152,0.15435882,0.7859709
real,00017930_004.png,17930,,cardiomegaly_0,1.3686066,0.7971549,0.88316345
real,00017930_005.png,17930,,cardiomegaly_0,0.0042095184,0.5010524,0.82359904
real,00017939_000.png,17939,,cardiomegaly_0,8.683111,0.9998306,0.9973318
real,00017945_000.png,17945,,cardiomegaly_0,4.6369286,0.9904055,0.9831004
real,00017953_000.png,17953,,cardiomegaly_0,8.038912,0.9996774,0.9963696
real,00017963_005.png,17963,,cardiomegaly_0,2.0099525,0.8818381,0.9093083
real,00017963_006.png,17963,,cardiomegaly_0,-3.4512825,0.030730635,0.91216284
real,00018011_003.png,18011,,cardiomegaly_0,1.9676723,0.8773609,0.8724688
real,00018011_005.png,18011,,cardiomegaly_0,0.5247116,0.6282488,0.71980315
real,00018011_006.png,18011,,cardiomegaly_0,0.6904526,0.6660676,0.6414936
real,00018011_008.png,18011,,cardiomegaly_0,1.5126476,0.8194533,0.7731471
real,00018065_005.png,18065,,cardiomegaly_0,-3.80822,0.021706033,0.90949196
real,00018065_006.png,18065,,cardiomegaly_0,-4.677294,0.009218389,0.96117604
real,00018065_007.png,18065,,cardiomegaly_0,-4.8791103,0.0075463946,0.9520222
real,00018090_000.png,18090,,cardiomegaly_0,2.358614,0.9136165,0.94346684
real,00018102_001.png,18102,,cardiomegaly_0,1.331583,0.79110235,0.8705617
real,00018102_002.png,18102,,cardiomegaly_0,1.4084473,0.8035209,0.89759785
real,00018102_004.png,18102,,cardiomegaly_0,1.4667416,0.8125616,0.89378774
real,00018148_001.png,18148,,cardiomegaly_0,1.2412891,0.77578837,0.86910546
real,00018284_003.png,18284,,cardiomegaly_0,1.248951,0.7771182,0.8907398
real,00018284_004.png,18284,,cardiomegaly_0,0.5406456,0.6319626,0.8170449
real,00018374_000.png,18374,,cardiomegaly_0,-2.5866508,0.0700025,0.8517631
real,00018463_000.png,18463,,cardiomegaly_0,2.6926155,0.93658954,0.9358201
real,00018488_005.png,18488,,cardiomegaly_0,0.08310509,0.5207643,0.7572741
real,00018521_005.png,18521,,cardiomegaly_0,-1.396986,0.19829483,0.68927485
real,00018521_007.png,18521,,cardiomegaly_0,-2.3368206,0.08811906,0.81905806
real,00018521_008.png,18521,,cardiomegaly_0,-2.3322449,0.088487424,0.80558395
real,00018521_009.png,18521,,cardiomegaly_0,-1.9179859,0.12808633,0.7487248
real,00018521_010.png,18521,,cardiomegaly_0,-2.1565418,0.1037215,0.7665923
real,00018521_011.png,18521,,cardiomegaly_0,-0.5772724,0.35956043,0.71551293
real,00018521_014.png,18521,,cardiomegaly_0,-2.5427628,0.0729142,0.86007017
real,00018521_015.png,18521,,cardiomegaly_0,-1.1921711,0.23287085,0.7848211
real,00018524_002.png,18524,,cardiomegaly_0,0.45276833,0.6112972,0.7423365
real,00018524_003.png,18524,,cardiomegaly_0,0.9846077,0.7280215,0.78997445
real,00018524_005.png,18524,,cardiomegaly_0,0.5640831,0.63739675,0.6890916
real,00018531_000.png,18531,,cardiomegaly_0,-2.8129368,0.056629088,0.7478486
real,00018592_002.png,18592,,cardiomegaly_0,-1.963047,0.12313765,0.76619065
real,00018592_007.png,18592,,cardiomegaly_0,-4.5476913,0.010480622,0.94886136
real,00018626_010.png,18626,,cardiomegaly_0,2.0307083,0.88398373,0.8955484
real,00018626_012.png,18626,,cardiomegaly_0,-0.08684921,0.47830135,0.7730377
real,00018626_013.png,18626,,cardiomegaly_0,0.069532394,0.51737607,0.7700071
real,00018626_014.png,18626,,cardiomegaly_0,-0.55625725,0.3644139,0.728171
real,00018626_017.png,18626,,cardiomegaly_0,-1.194788,0.23240371,0.79361016
real,00018672_000.png,18672,,cardiomegaly_0,3.8452625,0.9790668,0.9736919
real,00018678_000.png,18678,,cardiomegaly_0,-0.9602127,0.27683562,0.7155989
real,00018964_004.png,18964,,cardiomegaly_0,-0.3418808,0.4153527,0.6757312
real,00018964_005.png,18964,,cardiomegaly_0,-0.800869,0.30983964,0.66717696
real,00018964_006.png,18964,,cardiomegaly_0,0.16749,0.54177487,0.6895478
real,00019125_000.png,19125,,cardiomegaly_0,2.2136536,0.9014689,0.9051894
real,00019154_000.png,19154,,cardiomegaly_0,-0.849453,0.29954764,0.723779
real,00019154_001.png,19154,,cardiomegaly_0,0.7186184,0.6723027,0.8063076
real,00019201_002.png,19201,,cardiomegaly_0,-2.394474,0.08359505,0.7404674
real,00019231_001.png,19231,,cardiomegaly_0,2.7615948,0.9405648,0.9475938
real,00019395_006.png,19395,,cardiomegaly_0,4.1670475,0.9847386,0.9797645
real,00019395_012.png,19395,,cardiomegaly_0,2.8103619,0.94323325,0.9494663
real,00019395_014.png,19395,,cardiomegaly_0,-1.0378094,0.2615729,0.61242586
real,00019395_015.png,19395,,cardiomegaly_0,0.8695221,0.7046463,0.6764334
real,00019395_016.png,19395,,cardiomegaly_0,2.4712105,0.92209876,0.9169885
real,00019395_017.png,19395,,cardiomegaly_0,2.590685,0.93025964,0.9230089
real,00019395_018.png,19395,,cardiomegaly_0,3.6762009,0.9753062,0.97088766
real,00019395_020.png,19395,,cardiomegaly_0,4.7994957,0.9918333,0.9847649
real,00019395_021.png,19395,,cardiomegaly_0,0.4085827,0.600748,0.67548823
real,00019395_022.png,19395,,cardiomegaly_0,1.4845009,0.81525147,0.81401616
real,00019395_023.png,19395,,cardiomegaly_0,5.5658474,0.9961882,0.99016595
real,00019395_026.png,19395,,cardiomegaly_0,4.098774,0.98367786,0.97833663
real,00019406_007.png,19406,,cardiomegaly_0,-3.8470745,0.020896114,0.91406155
real,00019409_000.png,19409,,cardiomegaly_0,-3.7520485,0.022931427,0.93570566
real,00019437_000.png,19437,,cardiomegaly_0,3.0985565,0.9568332,0.95719624
real,00019486_001.png,19486,,cardiomegaly_0,7.8898125,0.99962556,0.99414533
real,00019486_000.png,19486,,cardiomegaly_0,3.1669884,0.959573,0.96309704
real,00019592_006.png,19592,,cardiomegaly_0,-0.35804176,0.4114337,0.74519616
real,00019592_007.png,19592,,cardiomegaly_0,-0.8038101,0.30921108,0.7137382
real,00019592_008.png,19592,,cardiomegaly_0,0.29776573,0.5738962,0.7790173
real,00019637_004.png,19637,,cardiomegaly_0,-3.7746868,0.022429645,0.8726103
real,00019637_008.png,19637,,cardiomegaly_0,6.5899734,0.9986278,0.9938907
real,00019637_003.png,19637,,cardiomegaly_0,-2.3345146,0.08830453,0.7425903
real,00019761_000.png,19761,,cardiomegaly_0,0.5420704,0.63229394,0.78890544
real,00019863_006.png,19863,,cardiomegaly_0,-1.6717224,0.15819468,0.69769746
real,00019863_008.png,19863,,cardiomegaly_0,1.0382919,0.73852026,0.80883986
real,00019917_000.png,19917,,cardiomegaly_0,-2.029745,0.11611507,0.82301545
real,00019919_016.png,19919,,cardiomegaly_0,-1.2070732,0.23021932,0.7652459
real,00019919_017.png,19919,,cardiomegaly_0,0.42780304,0.6053489,0.76580584
real,00019919_018.png,19919,,cardiomegaly_0,0.04246521,0.5106147,0.7756628
real,00019919_020.png,19919,,cardiomegaly_0,0.89719963,0.71037364,0.7999402
real,00019919_021.png,19919,,cardiomegaly_0,1.1583023,0.7610241,0.8026238
real,00019919_003.png,19919,,cardiomegaly_0,-2.1078815,0.10833313,0.80419976
real,00019927_005.png,19927,,cardiomegaly_0,-0.5614567,0.3632105,0.75927
real,00019927_007.png,19927,,cardiomegaly_0,-1.5962887,0.16850096,0.7867646
real,00019927_008.png,19927,,cardiomegaly_0,-1.263773,0.22032508,0.77433306
real,00019927_009.png,19927,,cardiomegaly_0,-2.202322,0.09954217,0.8313609
real,00019927_010.png,19927,,cardiomegaly_0,-2.6511726,0.06591677,0.86614287
real,00019964_000.png,19964,,cardiomegaly_0,-2.0444698,0.11461237,0.71233326
real,00020234_000.png,20234,,cardiomegaly_0,-3.2675571,0.036701094,0.8853957
real,00020286_004.png,20286,,cardiomegaly_0,-0.1527462,0.4618875,0.77848756
real,00020286_003.png,20286,,cardiomegaly_0,1.0028286,0.73161435,0.87069976
real,00020286_002.png,20286,,cardiomegaly_0,1.136486,0.7570339,0.8646116
real,00020286_008.png,20286,,cardiomegaly_0,-0.118831635,0.47032702,0.7208142
real,00020286_009.png,20286,,cardiomegaly_0,-0.120687485,0.4698647,0.67800975
real,00020286_012.png,20286,,cardiomegaly_0,0.77386856,0.68435717,0.80121905
real,00020286_011.png,20286,,cardiomegaly_0,0.14691162,0.53666204,0.7471738
real,00020286_014.png,20286,,cardiomegaly_0,-0.18929291,0.45281753,0.6973473
real,00020286_015.png,20286,,cardiomegaly_0,-0.033895493,0.49152693,0.72372293
real,00020286_028.png,20286,,cardiomegaly_0,1.0592213,0.74254173,0.8448704
real,00020286_023.png,20286,,cardiomegaly_0,0.4848194,0.6188852,0.77980334
real,00020286_026.png,20286,,cardiomegaly_0,0.29143906,0.57234836,0.7483725
real,00020312_018.png,20312,,cardiomegaly_0,-2.1539001,0.10396733,0.7777524
real,00020318_035.png,20318,,cardiomegaly_0,-3.4220905,0.031612165,0.9020662
real,00020318_002.png,20318,,cardiomegaly_0,2.918415,0.9487493,0.9684022
real,00020318_003.png,20318,,cardiomegaly_0,1.1234493,0.75462794,0.8384519
real,00020318_004.png,20318,,cardiomegaly_0,0.3410988,0.5844574,0.78880745
real,00020318_006.png,20318,,cardiomegaly_0,0.63378906,0.6533481,0.80956143
real,00020318_008.png,20318,,cardiomegaly_0,0.35526657,0.58789414,0.76555663
real,00020318_010.png,20318,,cardiomegaly_0,1.2108212,0.7704442,0.86910224
real,00020318_011.png,20318,,cardiomegaly_0,0.9960098,0.7302733,0.8294867
real,00020318_012.png,20318,,cardiomegaly_0,0.87090874,0.7049348,0.8152659
real,00020318_014.png,20318,,cardiomegaly_0,0.7891712,0.68765336,0.82018894
real,00020318_015.png,20318,,cardiomegaly_0,1.1099205,0.7521143,0.86762226
real,00020318_017.png,20318,,cardiomegaly_0,0.9058361,0.71214736,0.8447006
real,00020318_018.png,20318,,cardiomegaly_0,1.314745,0.7883061,0.8833155
real,00020318_019.png,20318,,cardiomegaly_0,0.43507576,0.60708505,0.8093461
real,00020318_020.png,20318,,cardiomegaly_0,0.08505821,0.52125174,0.7976318
real,00020318_021.png,20318,,cardiomegaly_0,-0.24786568,0.43834892,0.7864287
real,00020318_022.png,20318,,cardiomegaly_0,-0.33543777,0.41691813,0.8004649
real,00020318_023.png,20318,,cardiomegaly_0,-0.113889694,0.47155833,0.7992118
real,00020382_000.png,20382,,cardiomegaly_0,0.8473301,0.7000068,0.79695857
real,00020393_003.png,20393,,cardiomegaly_0,-1.1246243,0.24515454,0.73148257
real,00020393_004.png,20393,,cardiomegaly_0,-4.273205,0.013745476,0.93536264
real,00020399_000.png,20399,,cardiomegaly_0,-0.07220268,0.48195717,0.8047954
real,00020428_000.png,20428,,cardiomegaly_0,4.81901,0.9919899,0.98245144
real,00020485_000.png,20485,,cardiomegaly_0,-5.5249195,0.003970363,0.9841503
real,00020629_006.png,20629,,cardiomegaly_0,1.8920517,0.8689893,0.8214491
real,00020629_007.png,20629,,cardiomegaly_0,-1.2360668,0.22512136,0.6471269
real,00020629_008.png,20629,,cardiomegaly_0,-0.9670162,0.27547565,0.5832079
real,00020629_011.png,20629,,cardiomegaly_0,6.5115566,0.998516,0.9933026
real,00020629_012.png,20629,,cardiomegaly_0,6.964983,0.9990565,0.99386466
real,00020629_014.png,20629,,cardiomegaly_0,0.4286728,0.6055567,0.66624063
real,00020629_016.png,20629,,cardiomegaly_0,-3.1883278,0.039607342,0.86725205
real,00020642_002.png,20642,,cardiomegaly_0,0.992712,0.72962326,0.82220876
real,00020642_003.png,20642,,cardiomegaly_0,-1.3861485,0.20002335,0.6767927
real,00020671_000.png,20671,,cardiomegaly_0,1.8914547,0.8689213,0.9334885
real,00020671_003.png,20671,,cardiomegaly_0,0.9901371,0.729115,0.8580516
real,00020671_004.png,20671,,cardiomegaly_0,2.0444622,0.8853868,0.91021293
real,00020671_005.png,20671,,cardiomegaly_0,1.3177547,0.7888079,0.86841184
real,00020671_006.png,20671,,cardiomegaly_0,1.8502846,0.8641605,0.9017189
real,00020671_008.png,20671,,cardiomegaly_0,0.95493317,0.7221062,0.8006151
real,00020671_009.png,20671,,cardiomegaly_0,-0.15775108,0.46064383,0.7744081
real,00020671_010.png,20671,,cardiomegaly_0,0.25433922,0.5632442,0.8113033
real,00020671_015.png,20671,,cardiomegaly_0,2.0872936,0.889662,0.9129626
real,00020671_016.png,20671,,cardiomegaly_0,2.203764,0.900587,0.9222655
real,00020671_017.png,20671,,cardiomegaly_0,1.732235,0.8496981,0.8853489
real,00020671_018.png,20671,,cardiomegaly_0,0.56479836,0.63756204,0.7441773
real,00020683_000.png,20683,,cardiomegaly_0,0.67378044,0.6623491,0.8030117
real,00020683_001.png,20683,,cardiomegaly_0,0.63345146,0.6532717,0.80763686
real,00020758_001.png,20758,,cardiomegaly_0,5.8132057,0.997021,0.99482775
real,00020810_004.png,20810,,cardiomegaly_0,-2.575348,0.07074194,0.827653
real,00020811_013.png,20811,,cardiomegaly_0,1.217123,0.7715569,0.81807876
real,00020811_014.png,20811,,cardiomegaly_0,-0.31987,0.4207074,0.6765173
real,00020811_004.png,20811,,cardiomegaly_0,0.22874641,0.5569385,0.76236874
real,00020811_008.png,20811,,cardiomegaly_0,1.2571907,0.77854216,0.85665786
real,00020819_002.png,20819,,cardiomegaly_0,5.688385,0.9966264,0.99420667
real,00020819_006.png,20819,,cardiomegaly_0,0.1772461,0.54419583,0.7448134
real,00020819_010.png,20819,,cardiomegaly_0,4.87245,0.9924036,0.9924884
real,00020819_012.png,20819,,cardiomegaly_0,4.0508423,0.9828902,0.9866959
real,00020819_013.png,20819,,cardiomegaly_0,3.2034492,0.96096385,0.9802071
real,00020819_014.png,20819,,cardiomegaly_0,2.624031,0.93239224,0.9668984
real,00020819_015.png,20819,,cardiomegaly_0,2.7275543,0.9386331,0.9593559
real,00020819_016.png,20819,,cardiomegaly_0,2.2371178,0.9035336,0.93301123
real,00020869_007.png,20869,,cardiomegaly_0,-3.5203133,0.02873975,0.8922471
real,00020880_002.png,20880,,cardiomegaly_0,1.0286255,0.73664933,0.7986768
real,00020880_004.png,20880,,cardiomegaly_0,-0.631876,0.34708527,0.6283971
real,00020928_001.png,20928,,cardiomegaly_0,1.3391743,0.7923541,0.9009103
real,00020934_000.png,20934,,cardiomegaly_0,1.8269501,0.861398,0.8653506
real,00021023_005.png,21023,,cardiomegaly_0,1.1194668,0.7538898,0.86513054
real,00021023_007.png,21023,,cardiomegaly_0,1.2975368,0.7854202,0.88116217
real,00021023_020.png,21023,,cardiomegaly_0,-2.1046982,0.10864101,0.726358
real,00021107_001.png,21107,,cardiomegaly_0,7.9993935,0.9996644,0.9963629
real,00021107_002.png,21107,,cardiomegaly_0,7.632101,0.99951565,0.9950076
real,00021200_003.png,21200,,cardiomegaly_0,8.187725,0.99972206,0.9967579
real,00021245_002.png,21245,,cardiomegaly_0,-0.40727615,0.39956546,0.66358966
real,00021245_003.png,21245,,cardiomegaly_0,1.5015736,0.817809,0.85568106
real,00021260_005.png,21260,,cardiomegaly_0,0.94467163,0.7200423,0.7868954
real,00021362_003.png,21362,,cardiomegaly_0,1.5105762,0.8191466,0.89209706
real,00021362_004.png,21362,,cardiomegaly_0,4.9796715,0.9931706,0.99012506
real,00021362_005.png,21362,,cardiomegaly_0,3.5990639,0.9733787,0.9751351
real,00021398_000.png,21398,,cardiomegaly_0,1.4798393,0.8145483,0.87017244
real,00021398_001.png,21398,,cardiomegaly_0,1.2863235,0.7835242,0.8230514
real,00021409_003.png,21409,,cardiomegaly_0,2.3177948,0.9103402,0.94105697
real,00021409_004.png,21409,,cardiomegaly_0,2.9505749,0.9502906,0.96313936
real,00021409_005.png,21409,,cardiomegaly_0,5.2863197,0.99496514,0.99171686
real,00021409_009.png,21409,,cardiomegaly_0,3.4015236,0.9677521,0.96853906
real,00021455_000.png,21455,,cardiomegaly_0,-3.037859,0.04574454,0.86959946
real,00021455_001.png,21455,,cardiomegaly_0,-3.2580204,0.03703975,0.88288677
real,00021455_005.png,21455,,cardiomegaly_0,4.024002,0.98243284,0.9800334
real,00021455_006.png,21455,,cardiomegaly_0,3.4488964,0.96919817,0.97382474
real,00021455_007.png,21455,,cardiomegaly_0,3.827238,0.9786942,0.9775862
real,00021455_009.png,21455,,cardiomegaly_0,-1.387331,0.1998342,0.69408166
real,00021495_002.png,21495,,cardiomegaly_0,0.5606117,0.63659406,0.79876685
real,00021495_006.png,21495,,cardiomegaly_0,-0.1974945,0.45078623,0.74679184
real,00021495_007.png,21495,,cardiomegaly_0,1.2842464,0.7831717,0.86389965
real,00021495_008.png,21495,,cardiomegaly_0,0.38578987,0.59526885,0.7906357
real,00021648_009.png,21648,,cardiomegaly_0,-1.9640999,0.12302402,0.73893124
real,00021649_001.png,21649,,cardiomegaly_0,-2.1434097,0.10494866,0.7955335
real,00021684_000.png,21684,,cardiomegaly_0,-3.8491917,0.020852841,0.9143981
real,00021707_003.png,21707,,cardiomegaly_0,-1.611021,0.1664469,0.7529427
real,00021707_004.png,21707,,cardiomegaly_0,-0.35795784,0.41145402,0.68925786
real,00021803_000.png,21803,,cardiomegaly_0,-1.1879826,0.23361994,0.73845637
real,00021803_001.png,21803,,cardiomegaly_0,-3.2098083,0.038798284,0.9005734
real,00021845_000.png,21845,,cardiomegaly_0,3.7336235,0.976652,0.9724252
real,00021845_003.png,21845,,cardiomegaly_0,-3.652935,0.025260337,0.9165629
real,00021972_025.png,21972,,cardiomegaly_0,1.740942,0.85080665,0.9000367
real,00021972_027.png,21972,,cardiomegaly_0,1.5167923,0.8200656,0.89079213
real,00021972_028.png,21972,,cardiomegaly_0,-0.9978199,0.2693703,0.67201203
real,00021972_029.png,21972,,cardiomegaly_0,-0.6056881,0.3530434,0.72096896
real,00021972_030.png,21972,,cardiomegaly_0,0.59615517,0.6447762,0.7548224
real,00021972_032.png,21972,,cardiomegaly_0,-1.3812981,0.20080061,0.71311253
real,00021972_001.png,21972,,cardiomegaly_0,0.22255516,0.55541027,0.7643631
real,00021972_003.png,21972,,cardiomegaly_0,-0.5523281,0.36532444,0.72115463
real,00021972_005.png,21972,,cardiomegaly_0,-0.1562767,0.46101016,0.70378965
real,00021972_007.png,21972,,cardiomegaly_0,-0.41983986,0.39655504,0.68038416
real,00021972_009.png,21972,,cardiomegaly_0,3.284502,0.9638933,0.965434
real,00021972_010.png,21972,,cardiomegaly_0,3.4745922,0.9699561,0.9725891
real,00021976_004.png,21976,,cardiomegaly_0,-1.0921555,0.2512126,0.7500356
real,00021976_005.png,21976,,cardiomegaly_0,-1.5678215,0.17252718,0.72584075
real,00021976_006.png,21976,,cardiomegaly_0,-1.1033669,0.2491096,0.7280115
real,00021976_007.png,21976,,cardiomegaly_0,-1.3579369,0.20457582,0.73774487
real,00021976_008.png,21976,,cardiomegaly_0,-1.5995693,0.16804181,0.73393524
real,00021976_009.png,21976,,cardiomegaly_0,-0.8947964,0.29012102,0.7485393
real,00021976_010.png,21976,,cardiomegaly_0,-2.4555492,0.07903368,0.79037386
real,00021976_011.png,21976,,cardiomegaly_0,-1.9812241,0.12118842,0.74778205
real,00021976_013.png,21976,,cardiomegaly_0,-1.3828373,0.2005537,0.72371656
real,00021976_012.png,21976,,cardiomegaly_0,-0.9053879,0.28794453,0.7098917
real,00022147_005.png,22147,,cardiomegaly_0,6.347872,0.9982526,0.989823
real,00022147_000.png,22147,,cardiomegaly_0,2.6719933,0.93535364,0.923481
real,00022155_003.png,22155,,cardiomegaly_0,0.6798096,0.6636962,0.8182447
real,00022155_004.png,22155,,cardiomegaly_0,0.7024059,0.668721,0.82198423
real,00022155_005.png,22155,,cardiomegaly_0,1.7210789,0.84826773,0.89289296
real,00022155_008.png,22155,,cardiomegaly_0,-1.0214329,0.2647484,0.70812404
real,00022155_010.png,22155,,cardiomegaly_0,-0.22966576,0.44283462,0.6587586
real,00022155_011.png,22155,,cardiomegaly_0,-0.70441055,0.33083507,0.7471964
real,00022155_013.png,22155,,cardiomegaly_0,2.0831432,0.8892539,0.8715225
real,00022155_021.png,22155,,cardiomegaly_0,1.5195065,0.8204658,0.8917893
real,00022175_001.png,22175,,cardiomegaly_0,3.0666523,0.955496,0.9626259
real,00022341_005.png,22341,,cardiomegaly_0,3.0722084,0.9557317,0.96023256
real,00022574_000.png,22574,,cardiomegaly_0,-2.7727318,0.05881561,0.83586746
real,00022651_001.png,22651,,cardiomegaly_0,3.369545,0.9667391,0.97235364
real,00022651_003.png,22651,,cardiomegaly_0,3.684883,0.9755145,0.97929275
real,00022651_004.png,22651,,cardiomegaly_0,1.8335686,0.8621863,0.89475954
real,00022651_005.png,22651,,cardiomegaly_0,2.941431,0.9498569,0.9596431
real,00022651_006.png,22651,,cardiomegaly_0,0.36453438,0.5901376,0.75830823
real,00022651_007.png,22651,,cardiomegaly_0,-0.32237244,0.42009768,0.72126395
real,00022651_008.png,22651,,cardiomegaly_0,0.53393173,0.63039964,0.7526596
real,00022651_009.png,22651,,cardiomegaly_0,-0.8717022,0.29490024,0.72321844
real,00022651_010.png,22651,,cardiomegaly_0,-1.4590244,0.18861657,0.77155465
real,00022651_013.png,22651,,cardiomegaly_0,1.8917027,0.8689496,0.88238925
real,00022651_015.png,22651,,cardiomegaly_0,1.7175064,0.84780735,0.87061113
real,00022651_016.png,22651,,cardiomegaly_0,0.47224426,0.6159148,0.8045859
real,00022651_017.png,22651,,cardiomegaly_0,0.37087822,0.59167117,0.7879472
real,00022651_018.png,22651,,cardiomegaly_0,-0.24847221,0.43819955,0.77532744
real,00022651_019.png,22651,,cardiomegaly_0,0.22092628,0.555008,0.7640015
real,00022651_023.png,22651,,cardiomegaly_0,2.1727142,0.8977724,0.89682806
real,00022677_002.png,22677,,cardiomegaly_0,8.051756,0.9996816,0.996546
real,00022716_000.png,22716,,cardiomegaly_0,-2.7687893,0.059034236,0.81853426
real,00022789_000.png,22789,,cardiomegaly_0,-1.1557331,0.23944347,0.65966964
real,00022789_001.png,22789,,cardiomegaly_0,-4.0712833,0.016769474,0.9055703
real,00022818_000.png,22818,,cardiomegaly_0,-3.9956932,0.018062437,0.9270512
real,00022883_002.png,22883,,cardiomegaly_0,2.096243,0.89053744,0.91986614
real,00022883_011.png,22883,,cardiomegaly_0,-0.9220104,0.28454843,0.662828
real,00022883_012.png,22883,,cardiomegaly_0,-0.23456573,0.44162598,0.6628426
real,00023073_008.png,23073,,cardiomegaly_0,-3.6000595,0.026595455,0.9249067
real,00023093_007.png,23093,,cardiomegaly_0,6.2383823,0.9980508,0.99267364
real,00023093_009.png,23093,,cardiomegaly_0,8.397425,0.99977463,0.997361
real,00023093_011.png,23093,,cardiomegaly_0,6.939169,0.9990319,0.9947162
real,00023093_012.png,23093,,cardiomegaly_0,8.555895,0.99980766,0.99719083
real,00023093_017.png,23093,,cardiomegaly_0,8.15373,0.9997124,0.9967106
real,00023097_000.png,23097,,cardiomegaly_0,0.3029728,0.5751691,0.82968
real,00023097_001.png,23097,,cardiomegaly_0,-0.8444176,0.3006052,0.7927669
real,00023097_002.png,23097,,cardiomegaly_0,-0.43629074,0.39262518,0.8262702
real,00023097_007.png,23097,,cardiomegaly_0,0.005569458,0.50139236,0.84627426
real,00023156_002.png,23156,,cardiomegaly_0,1.2772923,0.7819885,0.8248292
real,00023156_004.png,23156,,cardiomegaly_0,3.3147316,0.9649307,0.96735084
real,00023156_005.png,23156,,cardiomegaly_0,0.5092926,0.62464064,0.7706212
real,00023156_010.png,23156,,cardiomegaly_0,0.058940887,0.51473093,0.7656543
real,00023156_013.png,23156,,cardiomegaly_0,-0.33348656,0.41739252,0.75435144
real,00023156_014.png,23156,,cardiomegaly_0,-0.10653305,0.47339186,0.7348065
real,00023156_020.png,23156,,cardiomegaly_0,-1.0628567,0.2567639,0.7635366
real,00023156_021.png,23156,,cardiomegaly_0,0.5641823,0.6374197,0.81935424
real,00023156_022.png,23156,,cardiomegaly_0,-1.1070385,0.24842341,0.80764097
real,00023176_017.png,23176,,cardiomegaly_0,4.069826,0.9832065,0.98838973
real,00023196_003.png,23196,,cardiomegaly_0,7.231764,0.9992773,0.9957869
real,00023319_000.png,23319,,cardiomegaly_0,-4.764633,0.008453936,0.96297336
real,00023325_013.png,23325,,cardiomegaly_0,6.1903057,0.99795496,0.99226344
real,00023325_014.png,23325,,cardiomegaly_0,7.69648,0.99954575,0.9960689
real,00024073_000.png,24073,,cardiomegaly_0,0.300457,0.57455426,0.64217997
real,00024116_001.png,24116,,cardiomegaly_0,1.1803322,0.7650075,0.75000733
real,00024264_000.png,24264,,cardiomegaly_0,3.116106,0.95755225,0.9503663
real,00024692_001.png,24692,,cardiomegaly_0,5.486952,0.99587655,0.98931354
real,00024749_000.png,24749,,cardiomegaly_0,-1.2748032,0.21843614,0.6744559
real,00025252_000.png,25252,,cardiomegaly_0,1.8370552,0.8626001,0.9244968
real,00025252_001.png,25252,,cardiomegaly_0,0.7692528,0.68335927,0.8759028
real,00025261_000.png,25261,,cardiomegaly_0,-2.5963173,0.069375806,0.86680967
real,00025261_001.png,25261,,cardiomegaly_0,-0.9768543,0.27351642,0.7501352
real,00025261_002.png,25261,,cardiomegaly_0,-0.50004005,0.37753126,0.78380364
real,00025261_004.png,25261,,cardiomegaly_0,-0.48976135,0.3799498,0.7639485
real,00025290_032.png,25290,,cardiomegaly_0,7.599539,0.99949956,0.99499726
real,00025416_001.png,25416,,cardiomegaly_0,4.024475,0.982441,0.98062116
real,00025517_000.png,25517,,cardiomegaly_0,-2.2880135,0.09212056,0.71667254
real,00025527_009.png,25527,,cardiomegaly_0,-2.097412,0.1093486,0.79308325
real,00025635_000.png,25635,,cardiomegaly_0,1.4519329,0.81029576,0.8154414
real,00025635_001.png,25635,,cardiomegaly_0,4.882099,0.9924759,0.9867943
real,00025635_008.png,25635,,cardiomegaly_0,4.523321,0.9892636,0.98484206
real,00025688_001.png,25688,,cardiomegaly_0,-2.0106277,0.11809158,0.6949216
real,00025688_002.png,25688,,cardiomegaly_0,-4.2567997,0.013969654,0.94396627
real,00025696_000.png,25696,,cardiomegaly_0,7.4299927,0.9994072,0.9963053
real,00025696_001.png,25696,,cardiomegaly_0,5.0322227,0.993518,0.9907662
real,00025707_008.png,25707,,cardiomegaly_0,0.14198112,0.5354358,0.7354043
real,00025707_010.png,25707,,cardiomegaly_0,-1.3154335,0.21157904,0.7422164
real,00025707_013.png,25707,,cardiomegaly_0,2.376463,0.9150148,0.93512183
real,00025784_000.png,25784,,cardiomegaly_0,5.135662,0.9941513,0.9872949
real,00025784_001.png,25784,,cardiomegaly_0,2.0007305,0.88087374,0.87898344
real,00025832_007.png,25832,,cardiomegaly_0,-0.70794106,0.33005396,0.5553951
real,00025924_003.png,25924,,cardiomegaly_0,-3.5271072,0.02855071,0.8986098
real,00025924_006.png,25924,,cardiomegaly_0,-4.4798927,0.011207595,0.9544117
real,00025924_016.png,25924,,cardiomegaly_0,-2.7096214,0.062408,0.83518916
real,00025924_025.png,25924,,cardiomegaly_0,-0.8503876,0.29935157,0.73593646
real,00025924_026.png,25924,,cardiomegaly_0,-1.900217,0.1300839,0.7864396
real,00025924_027.png,25924,,cardiomegaly_0,-3.3897915,0.032616034,0.9029677
real,00026657_000.png,26657,,cardiomegaly_0,1.0190868,0.7347947,0.78628296
real,00026715_002.png,26715,,cardiomegaly_0,7.395033,0.9993861,0.9963421
real,00026715_003.png,26715,,cardiomegaly_0,7.086546,0.99916446,0.9959075
real,00026715_004.png,26715,,cardiomegaly_0,7.403082,0.99939096,0.9962486
real,00026738_005.png,26738,,cardiomegaly_0,-1.9794369,0.121378876,0.79780143
real,00026751_000.png,26751,,cardiomegaly_0,-1.8062477,0.14109223,0.6735808
real,00026815_000.png,26815,,cardiomegaly_0,-4.703953,0.00897806,0.95622236
real,00026815_002.png,26815,,cardiomegaly_0,-4.8413124,0.0078348145,0.970198
real,00026889_000.png,26889,,cardiomegaly_0,3.1526833,0.95901436,0.9769401
real,00026889_001.png,26889,,cardiomegaly_0,2.0397778,0.88491064,0.932322
real,00026889_002.png,26889,,cardiomegaly_0,1.4840069,0.8151771,0.90526074
real,00026911_006.png,26911,,cardiomegaly_0,-0.64858055,0.3433095,0.73151135
real,00026912_000.png,26912,,cardiomegaly_0,-3.4591446,0.030497314,0.9075879
real,00026913_000.png,26913,,cardiomegaly_0,-4.2732983,0.013744208,0.95285493
real,00026967_002.png,26967,,cardiomegaly_0,0.5890026,0.64313626,0.7350171
real,00026999_000.png,26999,,cardiomegaly_0,-3.4054108,0.03212679,0.9062235
real,00027011_000.png,27011,,cardiomegaly_0,-2.0581284,0.113233626,0.7307179
real,00027061_001.png,27061,,cardiomegaly_0,8.120214,0.99970263,0.9969539
real,00027092_004.png,27092,,cardiomegaly_0,0.47921944,0.61756355,0.72450966
real,00027092_005.png,27092,,cardiomegaly_0,0.43198204,0.6063469,0.75210136
real,00027092_006.png,27092,,cardiomegaly_0,-3.3040104,0.035433866,0.88431543
real,00027142_008.png,27142,,cardiomegaly_0,-1.8422318,0.13678756,0.72601664
real,00027142_009.png,27142,,cardiomegaly_0,-1.6452961,0.16174571,0.7249487
real,00027306_000.png,27306,,cardiomegaly_0,-3.8435154,0.020969056,0.90869504
real,00027389_002.png,27389,,cardiomegaly_0,6.44005,0.99840623,0.99230325
real,00027389_003.png,27389,,cardiomegaly_0,7.3959255,0.99938667,0.99633825
real,00027420_002.png,27420,,cardiomegaly_0,-2.6382122,0.06671927,0.84640145
real,00027420_003.png,27420,,cardiomegaly_0,-4.2510395,0.014049222,0.9381067
real,00027422_003.png,27422,,cardiomegaly_0,-0.7528267,0.3202057,0.7249155
real,00027441_025.png,27441,,cardiomegaly_0,0.14035988,0.53503245,0.78832453
real,00027474_005.png,27474,,cardiomegaly_0,-0.65106773,0.34274897,0.6991833
real,00027474_007.png,27474,,cardiomegaly_0,-1.1993027,0.2315993,0.7072728
real,00027474_008.png,27474,,cardiomegaly_0,-1.156784,0.23925212,0.73923504
real,00027474_009.png,27474,,cardiomegaly_0,-1.1737537,0.23617715,0.74107254
real,00027485_001.png,27485,,cardiomegaly_0,0.9937229,0.7298227,0.84854573
real,00027514_008.png,27514,,cardiomegaly_0,-4.68108,0.009183873,0.9650238
real,00027618_006.png,27618,,cardiomegaly_0,2.9108868,0.948382,0.96847147
real,00027618_008.png,27618,,cardiomegaly_0,0.88739014,0.7083513,0.75763917
real,00027618_009.png,27618,,cardiomegaly_0,0.90893745,0.7127827,0.7690366
real,00027815_001.png,27815,,cardiomegaly_0,3.3953648,0.96755934,0.95842
real,00027907_001.png,27907,,cardiomegaly_0,7.3903694,0.9993832,0.99568486
real,00028013_004.png,28013,,cardiomegaly_0,-1.8231792,0.13905282,0.70589995
real,00028013_005.png,28013,,cardiomegaly_0,1.0479412,0.7403794,0.78980786
real,00028013_006.png,28013,,cardiomegaly_0,-0.56181526,0.36312756,0.7172606
real,00028013_010.png,28013,,cardiomegaly_0,-2.682417,0.0640189,0.83678824
real,00028013_011.png,28013,,cardiomegaly_0,-1.776598,0.14472371,0.79060346
real,00028013_013.png,28013,,cardiomegaly_0,-2.1370735,0.10554534,0.80571574
real,00028018_000.png,28018,,cardiomegaly_0,8.290262,0.9997491,0.9961588
real,00028027_000.png,28027,,cardiomegaly_0,5.1658134,0.99432397,0.9870663
real,00028027_003.png,28027,,cardiomegaly_0,0.7510681,0.67941135,0.8247033
real,00028027_004.png,28027,,cardiomegaly_0,1.6777439,0.8426056,0.89934736
real,00028036_000.png,28036,,cardiomegaly_0,2.6408806,0.93344665,0.94606435
real,00028105_000.png,28105,,cardiomegaly_0,0.06672096,0.51667404,0.69603497
real,00028148_005.png,28148,,cardiomegaly_0,-1.5998383,0.16800421,0.6705069
real,00028148_006.png,28148,,cardiomegaly_0,-3.1956444,0.039329965,0.8483024
real,00028148_008.png,28148,,cardiomegaly_0,-2.575552,0.07072852,0.8353343
real,00028148_010.png,28148,,cardiomegaly_0,1.4960556,0.8169854,0.85815686
real,00028148_013.png,28148,,cardiomegaly_0,-0.07741165,0.48065674,0.6967834
real,00028148_014.png,28148,,cardiomegaly_0,-0.41508102,0.3976944,0.68905574
real,00028148_011.png,28148,,cardiomegaly_0,-0.92853546,0.28322193,0.7210325
real,00028148_012.png,28148,,cardiomegaly_0,1.280899,0.7826028,0.84547687
real,00028148_017.png,28148,,cardiomegaly_0,-1.0474606,0.25971302,0.7158197
real,00028256_003.png,28256,,cardiomegaly_0,-1.7591114,0.14690165,0.7236354
real,00028256_001.png,28256,,cardiomegaly_0,-0.43831444,0.39214268,0.6745779
real,00028256_004.png,28256,,cardiomegaly_0,-2.2787075,0.09290181,0.7965257
real,00028256_005.png,28256,,cardiomegaly_0,-3.8339443,0.021166448,0.92910844
real,00028274_000.png,28274,,cardiomegaly_0,0.47421455,0.6163808,0.8674315
real,00028392_001.png,28392,,cardiomegaly_0,-2.880766,0.053112604,0.88621414
real,00028392_004.png,28392,,cardiomegaly_0,-3.4594078,0.030489532,0.9251747
real,00028392_005.png,28392,,cardiomegaly_0,-2.5079784,0.07530075,0.824303
real,00028412_000.png,28412,,cardiomegaly_0,-3.752674,0.022917414,0.8964002
real,00028558_000.png,28558,,cardiomegaly_0,-2.8205109,0.05622582,0.8170538
real,00028625_000.png,28625,,cardiomegaly_0,0.67391014,0.66237813,0.8104569
real,00028628_006.png,28628,,cardiomegaly_0,0.36815262,0.5910125,0.79380774
real,00028628_007.png,28628,,cardiomegaly_0,-0.056983948,0.48575786,0.7403018
real,00028628_008.png,28628,,cardiomegaly_0,-0.03719139,0.49070323,0.7390826
real,00028628_009.png,28628,,cardiomegaly_0,0.27083206,0.56729716,0.7606401
real,00028628_010.png,28628,,cardiomegaly_0,-0.6339531,0.34661472,0.7203315
real,00028628_016.png,28628,,cardiomegaly_0,0.21642303,0.55389553,0.7869907
real,00028628_017.png,28628,,cardiomegaly_0,0.9134979,0.7137154,0.85946333
real,00028628_022.png,28628,,cardiomegaly_0,0.45326042,0.61141413,0.7794476
real,00028703_000.png,28703,,cardiomegaly_0,-3.6493607,0.025348494,0.93141544
real,00028764_004.png,28764,,cardiomegaly_0,-5.662363,0.0034622683,0.98750955
real,00028766_000.png,28766,,cardiomegaly_0,1.5310974,0.8221668,0.8482905
real,00028772_000.png,28772,,cardiomegaly_0,-0.3901844,0.4036729,0.62767977
real,00028811_000.png,28811,,cardiomegaly_0,0.024438858,0.5061094,0.77751696
real,00028811_001.png,28811,,cardiomegaly_0,1.9543495,0.8759201,0.91752297
real,00028811_002.png,28811,,cardiomegaly_0,0.35754776,0.58844674,0.8342746
real,00028811_006.png,28811,,cardiomegaly_0,0.8133049,0.69281334,0.86716056
real,00028811_007.png,28811,,cardiomegaly_0,-0.26502228,0.4341295,0.82261026
real,00028882_005.png,28882,,cardiomegaly_0,-3.042986,0.045521263,0.84643215
real,00028897_002.png,28897,,cardiomegaly_0,-3.6707535,0.024825295,0.9255806
real,00028897_003.png,28897,,cardiomegaly_0,-4.0534763,0.017065622,0.94119436
real,00028897_011.png,28897,,cardiomegaly_0,0.6151142,0.64910656,0.8263294
real,00028897_012.png,28897,,cardiomegaly_0,2.161684,0.89675564,0.9402239
real,00028897_013.png,28897,,cardiomegaly_0,0.5162201,0.6262635,0.8118505
real,00028897_015.png,28897,,cardiomegaly_0,0.33135986,0.5820902,0.79265857
real,00028897_016.png,28897,,cardiomegaly_0,1.191555,0.76701903,0.87329906
real,00028897_018.png,28897,,cardiomegaly_0,0.7587261,0.6810771,0.86501086
real,00028897_019.png,28897,,cardiomegaly_0,0.4968605,0.62172127,0.81674445
real,00028934_001.png,28934,,cardiomegaly_0,1.1338177,0.75654274,0.83514607
real,00029021_000.png,29021,,cardiomegaly_0,-2.7381077,0.06076181,0.8335382
real,00029022_000.png,29022,,cardiomegaly_0,-1.7013073,0.1542946,0.70755804
real,00029031_000.png,29031,,cardiomegaly_0,-1.8184242,0.13962306,0.65099543
real,00029058_004.png,29058,,cardiomegaly_0,-2.3340855,0.08833908,0.7677434
real,00029105_001.png,29105,,cardiomegaly_0,6.150484,0.9978721,0.9942868
real,00029105_002.png,29105,,cardiomegaly_0,6.771433,0.99885523,0.9954658
real,00029105_007.png,29105,,cardiomegaly_0,2.8014374,0.94275343,0.95578915
real,00029105_009.png,29105,,cardiomegaly_0,5.909067,0.9972926,0.99436605
real,00029105_010.png,29105,,cardiomegaly_0,4.288681,0.9864628,0.9845219
real,00029105_011.png,29105,,cardiomegaly_0,3.464117,0.9696493,0.97681844
real,00029105_014.png,29105,,cardiomegaly_0,1.6955223,0.844949,0.8711104
real,00029105_015.png,29105,,cardiomegaly_0,0.8408432,0.6986428,0.7706578
real,00029225_000.png,29225,,cardiomegaly_0,7.724489,0.99955827,0.99663115
real,00029297_000.png,29297,,cardiomegaly_0,-4.5695534,0.010256305,0.9570549
real,00029297_003.png,29297,,cardiomegaly_0,0.887064,0.7082839,0.80119485
real,00029297_004.png,29297,,cardiomegaly_0,-0.15752602,0.46069974,0.7591594
real,00029297_005.png,29297,,cardiomegaly_0,-2.6308708,0.06717786,0.8028426
real,00029459_002.png,29459,,cardiomegaly_0,4.2084084,0.9853478,0.98603284
real,00029459_004.png,29459,,cardiomegaly_0,5.7970524,0.9969727,0.994148
real,00029500_000.png,29500,,cardiomegaly_0,6.614992,0.99866164,0.9964619
real,00029510_000.png,29510,,cardiomegaly_0,5.4206657,0.9955953,0.99089324
real,00029551_000.png,29551,,cardiomegaly_0,0.1692257,0.54220575,0.73666835
real,00029551_003.png,29551,,cardiomegaly_0,-0.727829,0.32567132,0.69686514
real,00029551_004.png,29551,,cardiomegaly_0,-0.6058464,0.3530073,0.6419363
real,00029551_005.png,29551,,cardiomegaly_0,0.24010086,0.5597385,0.66090494
real,00029552_000.png,29552,,cardiomegaly_0,6.650055,0.9987078,0.99371403
real,00029579_000.png,29579,,cardiomegaly_0,1.6899567,0.8442185,0.8920078
real,00029579_004.png,29579,,cardiomegaly_0,2.3741226,0.9148326,0.9378652
real,00029579_005.png,29579,,cardiomegaly_0,3.5091724,0.9709476,0.9693317
real,00029579_009.png,29579,,cardiomegaly_0,1.1826019,0.7654153,0.8187579
real,00029579_014.png,29579,,cardiomegaly_0,-0.62155724,0.34942737,0.7575762
real,00029579_012.png,29579,,cardiomegaly_0,-0.46319008,0.3862293,0.76267546
real,00029579_015.png,29579,,cardiomegaly_0,-0.2571354,0.43606806,0.7670567
real,00029631_004.png,29631,,cardiomegaly_0,2.9708214,0.9512384,0.9629125
real,00029631_006.png,29631,,cardiomegaly_0,-1.8113194,0.14047873,0.81940395
real,00029631_007.png,29631,,cardiomegaly_0,-0.585495,0.35766917,0.75705135
real,00029631_012.png,29631,,cardiomegaly_0,-0.47104454,0.38436902,0.7440099
real,00029631_013.png,29631,,cardiomegaly_0,0.51101303,0.6250439,0.7783731
real,00029747_002.png,29747,,cardiomegaly_0,-3.9992962,0.017998645,0.9429118
real,00029756_000.png,29756,,cardiomegaly_0,-1.829113,0.13834397,0.76790005
real,00029794_000.png,29794,,cardiomegaly_0,8.41683,0.9997789,0.9964887
real,00029821_013.png,29821,,cardiomegaly_0,2.8832264,0.947011,0.9619407
real,00029821_014.png,29821,,cardiomegaly_0,7.164198,0.9992268,0.9932697
real,00029839_008.png,29839,,cardiomegaly_0,-3.573576,0.027289728,0.9271665
real,00029839_009.png,29839,,cardiomegaly_0,-4.6555233,0.009419367,0.9589975
real,00029943_002.png,29943,,cardiomegaly_0,-0.8115349,0.30756348,0.6775267
real,00029943_004.png,29943,,cardiomegaly_0,-1.2374821,0.22487459,0.69556445
real,00029943_005.png,29943,,cardiomegaly_0,-1.2352104,0.22527078,0.725071
real,00029943_007.png,29943,,cardiomegaly_0,-2.0032349,0.1188637,0.80523294
real,00029943_006.png,29943,,cardiomegaly_0,-0.7215061,0.3270614,0.7053075
real,00029943_008.png,29943,,cardiomegaly_0,-0.49240112,0.3793281,0.7640886
real,00029981_004.png,29981,,cardiomegaly_0,5.0037403,0.99333197,0.9926148
real,00029981_007.png,29981,,cardiomegaly_0,2.4086266,0.91748273,0.940254
real,00030059_009.png,30059,,cardiomegaly_0,2.6891384,0.9363827,0.9695831
real,00030059_011.png,30059,,cardiomegaly_0,1.3944321,0.80129886,0.91003704
real,00030070_000.png,30070,,cardiomegaly_0,-3.187683,0.03963187,0.86996853
real,00030153_004.png,30153,,cardiomegaly_0,-1.7262592,0.15106669,0.74291503
real,00030162_023.png,30162,,cardiomegaly_0,-0.06637001,0.48341358,0.76297057
real,00030183_004.png,30183,,cardiomegaly_0,-2.912157,0.051555857,0.8738483
real,00030183_005.png,30183,,cardiomegaly_0,-3.523262,0.028657554,0.90605
real,00030183_006.png,30183,,cardiomegaly_0,-3.7668953,0.02260112,0.9247364
real,00030196_001.png,30196,,cardiomegaly_0,0.64634895,0.6561872,0.7998794
real,00030196_002.png,30196,,cardiomegaly_0,0.4978714,0.621959,0.7796774
real,00030207_000.png,30207,,cardiomegaly_0,5.2315655,0.9946833,0.98859465
real,00030276_000.png,30276,,cardiomegaly_0,1.2359791,0.7748633,0.8390121
real,00030389_005.png,30389,,cardiomegaly_0,2.0051632,0.8813381,0.9236764
real,00030389_006.png,30389,,cardiomegaly_0,1.2147503,0.77113837,0.83287513
real,00030389_007.png,30389,,cardiomegaly_0,1.41469,0.8045046,0.8693207
real,00030389_008.png,30389,,cardiomegaly_0,3.903511,0.9802279,0.9818848
real,00030389_009.png,30389,,cardiomegaly_0,4.960766,0.99304116,0.98941624
real,00030389_010.png,30389,,cardiomegaly_0,4.084301,0.98344386,0.9842954
real,00030389_011.png,30389,,cardiomegaly_0,5.343416,0.99524325,0.99065197
real,00030389_012.png,30389,,cardiomegaly_0,6.370016,0.99829084,0.99398434
real,00030389_013.png,30389,,cardiomegaly_0,4.645563,0.9904873,0.9867471
real,00030436_000.png,30436,,cardiomegaly_0,-5.0419006,0.006419974,0.974391
real,00030490_000.png,30490,,cardiomegaly_0,5.703367,0.9966763,0.9887632
real,00030541_005.png,30541,,cardiomegaly_0,-0.04573822,0.48856744,0.762551
real,00030561_005.png,30561,,cardiomegaly_0,-1.4092178,0.19635746,0.7600173
real,00030561_006.png,30561,,cardiomegaly_0,-2.4221325,0.08150048,0.8616976
real,00030561_007.png,30561,,cardiomegaly_0,-1.2453575,0.22350483,0.7756141
real,00030561_010.png,30561,,cardiomegaly_0,-1.9356136,0.12613054,0.79883486
real,00030561_011.png,30561,,cardiomegaly_0,-1.4648514,0.18772642,0.7498571
real,00030561_013.png,30561,,cardiomegaly_0,-1.9734592,0.12201782,0.8419432
real,00030561_014.png,30561,,cardiomegaly_0,-1.9221497,0.12762204,0.83548707
real,00030561_017.png,30561,,cardiomegaly_0,-1.9068413,0.12933613,0.8239776
real,00030561_018.png,30561,,cardiomegaly_0,-1.8393326,0.13713023,0.8089114
real,00030632_000.png,30632,,cardiomegaly_0,0.7839947,0.6865404,0.7474134
real,00030650_000.png,30650,,cardiomegaly_0,-0.19104767,0.45238283,0.7235377
real,00030650_001.png,30650,,cardiomegaly_0,-0.07502556,0.48125237,0.78690493
real,00030650_002.png,30650,,cardiomegaly_0,-0.5823631,0.35838902,0.7443311
real,00030650_003.png,30650,,cardiomegaly_0,-0.0016727448,0.4995818,0.7380246
real,00030650_007.png,30650,,cardiomegaly_0,0.16584969,0.54136765,0.7575398
real,00030650_008.png,30650,,cardiomegaly_0,0.75107384,0.67941266,0.8304613
real,00030650_009.png,30650,,cardiomegaly_0,0.4188347,0.60320437,0.80988216
real,00030659_000.png,30659,,cardiomegaly_0,0.7796097,0.685596,0.7884072
real,00030668_000.png,30668,,cardiomegaly_0,-0.7832451,0.31362092,0.73822856
real,00002793_006.png,2793,,cardiomegaly_0,-4.8254604,0.007959005,0.96236485
real,00014954_000.png,14954,,cardiomegaly_0,-5.4227867,0.0043954216,0.98023254
real,00026982_005.png,26982,,cardiomegaly_0,-4.9086514,0.007328337,0.9678975
real,00014719_000.png,14719,,cardiomegaly_0,-4.679842,0.009195144,0.96377504
real,00003321_001.png,3321,,cardiomegaly_0,-4.393608,0.012205258,0.9467349
real,00001430_001.png,1430,,cardiomegaly_0,2.0225983,0.88314945,0.900075
real,00012460_000.png,12460,,cardiomegaly_0,-4.3653564,0.0125506045,0.94258165
real,00008806_003.png,8806,,cardiomegaly_0,-1.8540096,0.13540281,0.6652757
real,00010931_003.png,10931,,cardiomegaly_0,-4.5405617,0.010554821,0.95440817
real,00026815_001.png,26815,,cardiomegaly_0,-3.9253445,0.019353392,0.9058552
real,00028980_001.png,28980,,cardiomegaly_0,1.1570721,0.76080024,0.8767289
real,00019376_000.png,19376,,cardiomegaly_0,2.6458454,0.93375444,0.90762216
real,00020318_024.png,20318,,cardiomegaly_0,-0.14191055,0.46458182,0.8072146
real,00004909_001.png,4909,,cardiomegaly_0,-0.2968483,0.42632812,0.6739459
real,00000582_000.png,582,,cardiomegaly_0,-5.0632324,0.006285326,0.96754557
real,00006576_000.png,6576,,cardiomegaly_0,-2.651554,0.06589329,0.8213893
real,00022712_000.png,22712,,cardiomegaly_0,-5.2386684,0.0052793,0.9778545
real,00018361_000.png,18361,,cardiomegaly_0,-4.90695,0.0073407246,0.97252405
real,00011380_001.png,11380,,cardiomegaly_0,-3.0716362,0.044292513,0.8356496
real,00009306_000.png,9306,,cardiomegaly_0,-4.7000237,0.0090130875,0.9688852
real,00029058_000.png,29058,,cardiomegaly_0,-0.81080437,0.3077191,0.6313144
real,00011611_000.png,11611,,cardiomegaly_0,-5.0014153,0.006683449,0.9688217
real,00024476_000.png,24476,,cardiomegaly_0,-4.965452,0.0069264853,0.96990013
real,00012478_000.png,12478,,cardiomegaly_0,-4.5551014,0.010404051,0.9545627
real,00010673_000.png,10673,,cardiomegaly_0,0.5124397,0.6253782,0.7403518
real,00010933_000.png,10933,,cardiomegaly_0,-4.7073116,0.008948224,0.9663136
real,00007431_000.png,7431,,cardiomegaly_0,-3.300661,0.035548516,0.8857355
real,00028628_005.png,28628,,cardiomegaly_0,0.48584938,0.6191281,0.80643624
real,00002736_000.png,2736,,cardiomegaly_0,0.4898758,0.6200772,0.78922063
real,00026148_002.png,26148,,cardiomegaly_0,-5.0497684,0.006369981,0.9743528
real,00021716_004.png,21716,,cardiomegaly_0,-2.510851,0.07510098,0.8532806
real,00005364_000.png,5364,,cardiomegaly_0,-3.9999485,0.01798712,0.9214265
real,00008623_002.png,8623,,cardiomegaly_0,-5.4510727,0.0042733587,0.9803697
real,00015553_003.png,15553,,cardiomegaly_0,1.5643005,0.82696956,0.86901
real,00015552_000.png,15552,,cardiomegaly_0,-0.5544777,0.36482617,0.69689727
real,00004158_000.png,4158,,cardiomegaly_0,-5.1521072,0.005753898,0.97216684
real,00008802_002.png,8802,,cardiomegaly_0,5.0832405,0.99383837,0.986099
real,00004699_000.png,4699,,cardiomegaly_0,-4.5283623,0.010682988,0.9516896
real,00015795_002.png,15795,,cardiomegaly_0,-3.4480762,0.030826284,0.87799686
real,00014429_018.png,14429,,cardiomegaly_0,-2.9148178,0.051425908,0.8598681
real,00010920_003.png,10920,,cardiomegaly_0,-3.7547073,0.022871928,0.9088667
real,00006490_001.png,6490,,cardiomegaly_0,-3.825529,0.0213415,0.90648556
real,00020060_005.png,20060,,cardiomegaly_0,-2.0571804,0.11332885,0.7774595
real,00013970_000.png,13970,,cardiomegaly_0,-2.161209,0.10328841,0.7437327
real,00012352_000.png,12352,,cardiomegaly_0,1.0303822,0.7369899,0.7374121
real,00001199_006.png,1199,,cardiomegaly_0,-3.4243183,0.03154404,0.8877161
real,00019771_000.png,19771,,cardiomegaly_0,-3.048893,0.045265287,0.84451216
real,00000304_000.png,304,,cardiomegaly_0,-1.0377865,0.2615773,0.60983336
real,00028287_000.png,28287,,cardiomegaly_0,-3.9894218,0.018174006,0.9308186
real,00015000_007.png,15000,,cardiomegaly_0,-4.2381,0.014229587,0.9362482
real,00018476_000.png,18476,,cardiomegaly_0,-4.376814,0.012409401,0.9258701
real,00027035_000.png,27035,,cardiomegaly_0,-5.1089344,0.006006225,0.9700519
real,00002228_000.png,2228,,cardiomegaly_0,-3.8799686,0.02023362,0.92869943
real,00019640_000.png,19640,,cardiomegaly_0,-4.3343544,0.01294068,0.951331
real,00010175_000.png,10175,,cardiomegaly_0,-4.873953,0.0075851195,0.961797
real,00003940_006.png,3940,,cardiomegaly_0,-4.659649,0.009380951,0.95791024
real,00014387_006.png,14387,,cardiomegaly_0,-0.8234997,0.3050213,0.72734547
real,00021375_002.png,21375,,cardiomegaly_0,-4.4894085,0.011102631,0.9523803
real,00001230_006.png,1230,,cardiomegaly_0,-4.718073,0.008853294,0.94469124
real,00012772_003.png,12772,,cardiomegaly_0,-4.597061,0.0099808,0.95275307
real,00026354_001.png,26354,,cardiomegaly_0,-3.5861053,0.026959097,0.91015184
real,00028962_000.png,28962,,cardiomegaly_0,-4.3552074,0.0126770055,0.9511552
real,00007876_000.png,7876,,cardiomegaly_0,-4.8396854,0.007847472,0.9734196
real,00006921_000.png,6921,,cardiomegaly_0,-4.694647,0.009061239,0.96096385
real,00008576_000.png,8576,,cardiomegaly_0,4.367697,0.9874784,0.97504485
real,00021871_000.png,21871,,cardiomegaly_0,4.882414,0.99247825,0.98677087
real,00019774_008.png,19774,,cardiomegaly_0,-1.7741013,0.14503303,0.71458167
real,00026911_003.png,26911,,cardiomegaly_0,1.52631,0.8214658,0.8601188
real,00009761_000.png,9761,,cardiomegaly_0,0.9592438,0.72297037,0.77994436
real,00005511_000.png,5511,,cardiomegaly_0,-5.0363503,0.0064554755,0.9648568
real,00000517_004.png,517,,cardiomegaly_0,1.9797363,0.87865305,0.87331057
real,00027025_000.png,27025,,cardiomegaly_0,-3.2584,0.037026215,0.8612771
real,00009061_001.png,9061,,cardiomegaly_0,-5.1971817,0.005501698,0.9752546
real,00006851_029.png,6851,,cardiomegaly_0,-3.028082,0.04617323,0.8406144
real,00020193_000.png,20193,,cardiomegaly_0,-4.895359,0.007425669,0.9662452
real,00029105_019.png,29105,,cardiomegaly_0,4.314888,0.98680836,0.98890036
real,00018284_013.png,18284,,cardiomegaly_0,1.0732307,0.7452108,0.85296434
real,00016990_001.png,16990,,cardiomegaly_0,1.8950596,0.86933136,0.8955432
real,00001563_000.png,1563,,cardiomegaly_0,-4.4580746,0.011451979,0.95134777
real,00010465_001.png,10465,,cardiomegaly_0,-4.3936615,0.012204614,0.94941664
real,00020568_000.png,20568,,cardiomegaly_0,6.5016766,0.9985013,0.9921722
real,00022920_000.png,22920,,cardiomegaly_0,-3.5121326,0.028968986,0.8534385
real,00016907_000.png,16907,,cardiomegaly_0,-4.1735077,0.015164646,0.9490663
real,00005401_001.png,5401,,cardiomegaly_0,-3.68758,0.024421182,0.8934301
real,00004734_001.png,4734,,cardiomegaly_0,2.416891,0.9181063,0.910728
real,00002793_001.png,2793,,cardiomegaly_0,-3.0892792,0.04355165,0.8708575
real,00030153_002.png,30153,,cardiomegaly_0,-4.776802,0.008352539,0.9631631
real,00023937_000.png,23937,,cardiomegaly_0,-4.359812,0.012619506,0.9360731
real,00029879_001.png,29879,,cardiomegaly_0,-0.3963356,0.40219304,0.70560205
real,00009907_001.png,9907,,cardiomegaly_0,1.3113861,0.787745,0.8097983
real,00007088_000.png,7088,,cardiomegaly_0,-4.0008087,0.017971933,0.93116367
real,00017618_001.png,17618,,cardiomegaly_0,-4.2623672,0.013893171,0.93046653
real,00026342_000.png,26342,,cardiomegaly_0,-4.1639175,0.015308538,0.9415749
real,00006936_006.png,6936,,cardiomegaly_0,-5.0897236,0.006122012,0.9713021
real,00019503_000.png,19503,,cardiomegaly_0,-4.256815,0.013969445,0.9509788
real,00021239_001.png,21239,,cardiomegaly_0,-4.6623096,0.009356257,0.95688945
real,00015762_000.png,15762,,cardiomegaly_0,-5.1184425,0.0059497263,0.9732403
real,00012129_000.png,12129,,cardiomegaly_0,-3.8361168,0.021121485,0.91707224
real,00007589_000.png,7589,,cardiomegaly_0,-5.4289875,0.004368369,0.97846144
real,00011310_000.png,11310,,cardiomegaly_0,-0.9583378,0.27721113,0.6825753
real,00011029_001.png,11029,,cardiomegaly_0,-4.759697,0.008495415,0.9672978
real,00017824_000.png,17824,,cardiomegaly_0,-4.0970173,0.016350402,0.93620837
real,00003013_002.png,3013,,cardiomegaly_0,-4.1120033,0.016111119,0.93928677
real,00013541_000.png,13541,,cardiomegaly_0,-2.8086376,0.056859195,0.8466575
real,00010905_017.png,10905,,cardiomegaly_0,-2.751768,0.05998687,0.8452002
real,00012784_000.png,12784,,cardiomegaly_0,-3.6619778,0.025038637,0.9305642
real,00023943_000.png,23943,,cardiomegaly_0,-5.4320583,0.004355034,0.9777087
real,00001470_001.png,1470,,cardiomegaly_0,0.218647,0.554445,0.7453141
real,00016417_005.png,16417,,cardiomegaly_0,-0.7351818,0.32405865,0.72765654
real,00017014_000.png,17014,,cardiomegaly_0,-3.190752,0.039515227,0.8654745
real,00001223_001.png,1223,,cardiomegaly_0,3.1333427,0.9582473,0.9510067
real,00022677_003.png,22677,,cardiomegaly_0,1.8815002,0.8677833,0.831892
real,00026292_004.png,26292,,cardiomegaly_0,2.7689323,0.94097376,0.93375164
real,00007113_000.png,7113,,cardiomegaly_0,-4.0792828,0.016638087,0.9242511
real,00021976_001.png,21976,,cardiomegaly_0,-4.6889668,0.009112384,0.96381885
real,00017729_006.png,17729,,cardiomegaly_0,-4.8416595,0.007832116,0.96775866
real,00015149_000.png,15149,,cardiomegaly_0,-3.02104,0.04648436,0.8493736
real,00029340_001.png,29340,,cardiomegaly_0,-5.04574,0.006395528,0.96903116
real,00011985_000.png,11985,,cardiomegaly_0,-4.008955,0.01782872,0.92054975
real,00025037_000.png,25037,,cardiomegaly_0,-5.0514336,0.0063594505,0.9728518
real,00009757_000.png,9757,,cardiomegaly_0,0.02765274,0.50691277,0.6992233
real,00001995_000.png,1995,,cardiomegaly_0,-3.7163105,0.02374596,0.9046774
real,00014560_000.png,14560,,cardiomegaly_0,-4.215723,0.014546909,0.9521205
real,00025738_000.png,25738,,cardiomegaly_0,-4.984165,0.006798948,0.9696713
real,00024116_002.png,24116,,cardiomegaly_0,1.5780602,0.82892966,0.79134685
real,00012537_000.png,12537,,cardiomegaly_0,-5.4952335,0.0040895045,0.97965
real,00006005_000.png,6005,,cardiomegaly_0,-1.0244656,0.2641585,0.70402277
real,00023422_000.png,23422,,cardiomegaly_0,-4.5527554,0.010428234,0.95503056
real,00014662_001.png,14662,,cardiomegaly_0,-5.0982265,0.006070493,0.96405894
real,00015783_000.png,15783,,cardiomegaly_0,1.2653484,0.77994543,0.8520847
real,00025058_000.png,25058,,cardiomegaly_0,-5.571451,0.003790532,0.9813896
real,00008142_005.png,8142,,cardiomegaly_0,-5.3514175,0.00471905,0.9759626
real,00016219_000.png,16219,,cardiomegaly_0,-2.7431202,0.060476374,0.8242427
real,00020699_003.png,20699,,cardiomegaly_0,4.4187565,0.9880943,0.98250145
real,00020139_000.png,20139,,cardiomegaly_0,-4.600439,0.009947477,0.9673609
real,00011237_004.png,11237,,cardiomegaly_0,2.6109867,0.93156534,0.95834345
real,00004466_000.png,4466,,cardiomegaly_0,-4.335808,0.012922127,0.9420746
real,00003785_001.png,3785,,cardiomegaly_0,-0.23160172,0.44235697,0.71819544
real,00022033_000.png,22033,,cardiomegaly_0,-3.4060745,0.032106157,0.885446
real,00016341_001.png,16341,,cardiomegaly_0,-3.6132298,0.026256617,0.90144855
real,00009498_000.png,9498,,cardiomegaly_0,-5.3628674,0.0046655764,0.97498643
real,00003105_000.png,3105,,cardiomegaly_0,-5.08173,0.006170843,0.9754403
real,00020912_001.png,20912,,cardiomegaly_0,-5.348259,0.004733908,0.9792339
real,00026599_001.png,26599,,cardiomegaly_0,-5.0938873,0.00609673,0.9733049
real,00007379_000.png,7379,,cardiomegaly_0,-4.921358,0.0072364765,0.97151583
real,00010920_006.png,10920,,cardiomegaly_0,-4.398569,0.012145591,0.9477295
real,00004562_000.png,4562,,cardiomegaly_0,-3.9629726,0.01865202,0.9183952
real,00023219_000.png,23219,,cardiomegaly_0,-4.4259796,0.011821077,0.9405752
real,00003640_001.png,3640,,cardiomegaly_0,-5.180212,0.005595329,0.97294426
real,00001170_003.png,1170,,cardiomegaly_0,4.8968353,0.99258524,0.9868366
real,00001203_017.png,1203,,cardiomegaly_0,-4.8433495,0.007818995,0.9660634
real,00008185_001.png,8185,,cardiomegaly_0,-1.8640537,0.13423125,0.6924073
real,00022389_000.png,22389,,cardiomegaly_0,-5.006361,0.0066506946,0.96829164
real,00021424_000.png,21424,,cardiomegaly_0,-2.793829,0.057658557,0.79745114
real,00030332_000.png,30332,,cardiomegaly_0,-5.3132515,0.0049017384,0.9783078
real,00002225_002.png,2225,,cardiomegaly_0,3.494976,0.97054446,0.96152097
real,00001803_013.png,1803,,cardiomegaly_0,3.9477634,0.98106754,0.982144
real,00023043_000.png,23043,,cardiomegaly_0,-2.8512993,0.054614194,0.85091996
real,00005530_001.png,5530,,cardiomegaly_0,2.609415,0.9314651,0.9568727
real,00030650_004.png,30650,,cardiomegaly_0,-0.052209854,0.48695046,0.7413558
real,00026736_000.png,26736,,cardiomegaly_0,-4.991169,0.0067518163,0.9711825
real,00011491_000.png,11491,,cardiomegaly_0,-2.5611248,0.071682654,0.78865695
real,00000705_002.png,705,,cardiomegaly_0,-4.0854626,0.016537279,0.93424684
real,00016509_001.png,16509,,cardiomegaly_0,-3.1163425,0.04243815,0.8790473
real,00003320_002.png,3320,,cardiomegaly_0,-5.1000977,0.006059213,0.9730085
real,00006030_000.png,6030,,cardiomegaly_0,-5.10713,0.0060170074,0.9753723
real,00012304_009.png,12304,,cardiomegaly_0,-1.5379543,0.17683285,0.7480569
real,00010445_001.png,10445,,cardiomegaly_0,-5.313183,0.004902073,0.9771192
real,00030196_003.png,30196,,cardiomegaly_0,0.66519547,0.6604265,0.8107844
real,00007258_004.png,7258,,cardiomegaly_0,-4.856737,0.0077158175,0.9641456
real,00020292_000.png,20292,,cardiomegaly_0,-5.110674,0.00599585,0.97730607
real,00007389_001.png,7389,,cardiomegaly_0,3.5940895,0.97324955,0.9764595
real,00005401_003.png,5401,,cardiomegaly_0,-5.286434,0.005034298,0.9750105
real,00024497_000.png,24497,,cardiomegaly_0,-5.382698,0.004574385,0.982931
real,00021409_007.png,21409,,cardiomegaly_0,6.218981,0.99801266,0.9944257
real,00022159_000.png,22159,,cardiomegaly_0,-5.427944,0.0043729097,0.9819759
real,00002837_000.png,2837,,cardiomegaly_0,0.5502701,0.63419825,0.75815433
real,00014939_000.png,14939,,cardiomegaly_0,-4.4461956,0.0115872435,0.94926405
real,00002114_000.png,2114,,cardiomegaly_0,-2.5650158,0.071424164,0.8387431
real,00024641_000.png,24641,,cardiomegaly_0,-5.2391396,0.0052768267,0.9643449
real,00028148_003.png,28148,,cardiomegaly_0,-1.308773,0.21269223,0.71596825
real,00025230_000.png,25230,,cardiomegaly_0,-4.8792934,0.0075450237,0.965576
real,00002793_003.png,2793,,cardiomegaly_0,-0.72091866,0.32719073,0.74894077
real,00019640_003.png,19640,,cardiomegaly_0,-4.6020546,0.009931578,0.96437967
real,00005347_000.png,5347,,cardiomegaly_0,-4.8163624,0.008031162,0.9649053
real,00024875_000.png,24875,,cardiomegaly_0,-5.2250557,0.00535127,0.9782043
real,00017754_000.png,17754,,cardiomegaly_0,-2.054266,0.11362204,0.6755535
real,00019868_002.png,19868,,cardiomegaly_0,-3.6060715,0.026440255,0.89331055
real,00025020_000.png,25020,,cardiomegaly_0,-4.9549427,0.0069991504,0.9622347
real,00002736_001.png,2736,,cardiomegaly_0,1.9041653,0.8703623,0.9045025
real,00017592_000.png,17592,,cardiomegaly_0,-5.0517235,0.0063576186,0.9684668
real,00023012_004.png,23012,,cardiomegaly_0,-3.15036,0.04107709,0.8944016
real,00010152_001.png,10152,,cardiomegaly_0,-1.7712917,0.14538176,0.6925933
real,00002685_001.png,2685,,cardiomegaly_0,-3.1467304,0.0412203,0.8898001
real,00027847_002.png,27847,,cardiomegaly_0,4.20467,0.9852938,0.9810512
real,00026957_000.png,26957,,cardiomegaly_0,-4.2745743,0.013726921,0.9156261
real,00014695_002.png,14695,,cardiomegaly_0,4.6455345,0.9904869,0.9884666
real,00029105_028.png,29105,,cardiomegaly_0,-2.6728382,0.06459526,0.80988693
real,00008335_000.png,8335,,cardiomegaly_0,-4.567402,0.010278168,0.9517371
real,00000246_018.png,246,,cardiomegaly_0,-4.363062,0.012579072,0.9445393
real,00015177_000.png,15177,,cardiomegaly_0,-3.4828033,0.029805508,0.8707459
real,00002831_000.png,2831,,cardiomegaly_0,-3.866352,0.020505328,0.92014396
real,00024326_000.png,24326,,cardiomegaly_0,-5.333746,0.00480278,0.97969884
real,00005053_001.png,5053,,cardiomegaly_0,-4.8142357,0.008048123,0.9635613
real,00003804_012.png,3804,,cardiomegaly_0,-4.177208,0.015109483,0.9292894
real,00021970_005.png,21970,,cardiomegaly_0,-4.8796425,0.007542411,0.97162765
real,00016484_027.png,16484,,cardiomegaly_0,8.388231,0.9997725,0.9974023
real,00010892_000.png,10892,,cardiomegaly_0,-3.919855,0.019457847,0.9366066
real,00014145_000.png,14145,,cardiomegaly_0,-3.643076,0.025504228,0.9233108
real,00027625_000.png,27625,,cardiomegaly_0,-4.96595,0.0069230623,0.9662202
real,00025215_000.png,25215,,cardiomegaly_0,-0.27747726,0.43107238,0.6838423
real,00002355_005.png,2355,,cardiomegaly_0,-2.7580452,0.059633892,0.8373206
real,00011932_006.png,11932,,cardiomegaly_0,-4.7486362,0.00858909,0.95775074
real,00014087_000.png,14087,,cardiomegaly_0,-4.568573,0.010266261,0.9513114
real,00004899_000.png,4899,,cardiomegaly_0,-0.6405258,0.3451277,0.57260215
real,00001775_003.png,1775,,cardiomegaly_0,1.1595974,0.76125956,0.8152205
real,00028598_000.png,28598,,cardiomegaly_0,-3.9518108,0.018857429,0.9228944
real,00019815_000.png,19815,,cardiomegaly_0,-4.395649,0.012180677,0.95760554
real,00024789_001.png,24789,,cardiomegaly_0,-4.870165,0.0076136873,0.969616
real,00005002_000.png,5002,,cardiomegaly_0,4.809164,0.99191135,0.98302305
real,00003013_003.png,3013,,cardiomegaly_0,-4.0131416,0.017755557,0.93417454
real,00025438_000.png,25438,,cardiomegaly_0,-4.1663113,0.015272498,0.934982
real,00029382_000.png,29382,,cardiomegaly_0,-3.984047,0.018270163,0.9152349
real,00015313_013.png,15313,,cardiomegaly_0,-0.91978073,0.28500256,0.6099535
real,00024474_000.png,24474,,cardiomegaly_0,-5.2999554,0.0049670218,0.9760093
real,00006694_001.png,6694,,cardiomegaly_0,-1.5666008,0.17270152,0.7703263
real,00003576_000.png,3576,,cardiomegaly_0,-2.9071674,0.051800385,0.8590597
real,00013288_001.png,13288,,cardiomegaly_0,2.3146534,0.91008335,0.888441
real,00001727_000.png,1727,,cardiomegaly_0,-2.3855362,0.08428231,0.7522035
real,00018844_000.png,18844,,cardiomegaly_0,4.7939434,0.9917882,0.98713803
real,00013162_000.png,13162,,cardiomegaly_0,-5.1073875,0.0060154675,0.9693995
real,00018345_000.png,18345,,cardiomegaly_0,-3.501875,0.029258933,0.890538
real,00020341_000.png,20341,,cardiomegaly_0,-3.3120956,0.03515856,0.86969507
real,00003804_000.png,3804,,cardiomegaly_0,-4.7034073,0.0089829145,0.95815104
real,00014809_010.png,14809,,cardiomegaly_0,-4.3303757,0.012991598,0.9428322
real,00029487_001.png,29487,,cardiomegaly_0,-5.3561897,0.004696689,0.9736577
real,00029211_000.png,29211,,cardiomegaly_0,-4.9213886,0.0072362567,0.9655676
real,00004435_004.png,4435,,cardiomegaly_0,-4.1905746,0.014911855,0.9481299
real,00008142_001.png,8142,,cardiomegaly_0,-4.429121,0.011784438,0.9492181
real,00003499_004.png,3499,,cardiomegaly_0,-2.2102299,0.098835595,0.6976132
real,00019163_000.png,19163,,cardiomegaly_0,-5.1303883,0.0058794906,0.9719581
real,00010120_020.png,10120,,cardiomegaly_0,-3.843832,0.020962557,0.9181117
real,00002402_000.png,2402,,cardiomegaly_0,0.42844963,0.60550344,0.6934927
real,00029025_004.png,29025,,cardiomegaly_0,-4.2087784,0.014646798,0.93680835
real,00011598_020.png,11598,,cardiomegaly_0,-3.7668476,0.022602174,0.91045237
real,00012855_000.png,12855,,cardiomegaly_0,4.3073387,0.98670965,0.9768563
real,00030389_014.png,30389,,cardiomegaly_0,3.743801,0.97688305,0.97707194
real,00024171_000.png,24171,,cardiomegaly_0,-5.1839027,0.0055748317,0.97292113
real,00007851_004.png,7851,,cardiomegaly_0,-4.237667,0.01423566,0.94785506
real,00011932_005.png,11932,,cardiomegaly_0,-3.5633125,0.027563492,0.8909512
real,00027422_000.png,27422,,cardiomegaly_0,-4.9785614,0.0068368944,0.96661776
real,00013397_000.png,13397,,cardiomegaly_0,-3.544983,0.028059073,0.9093943
real,00000318_009.png,318,,cardiomegaly_0,-4.0601006,0.01695486,0.9356272
real,00025924_005.png,25924,,cardiomegaly_0,-4.5564823,0.010389844,0.9500141
real,00001507_002.png,1507,,cardiomegaly_0,-4.3174763,0.013158048,0.94723225
real,00007851_001.png,7851,,cardiomegaly_0,-4.132303,0.015792474,0.9344542
real,00026354_000.png,26354,,cardiomegaly_0,0.84148407,0.6987777,0.7873257
real,00018642_001.png,18642,,cardiomegaly_0,-3.745947,0.023068534,0.92593145
real,00016245_000.png,16245,,cardiomegaly_0,-5.6961155,0.0033477433,0.98537165
real,00007340_004.png,7340,,cardiomegaly_0,-3.6619167,0.025040125,0.9207966
real,00000273_009.png,273,,cardiomegaly_0,-2.6728516,0.06459446,0.8146702
real,00017778_000.png,17778,,cardiomegaly_0,5.9149494,0.9973085,0.9917648
real,00023339_000.png,23339,,cardiomegaly_0,-0.481987,0.38178304,0.59814763
real,00006981_017.png,6981,,cardiomegaly_0,-5.21336,0.0054138843,0.9755761
real,00017013_001.png,17013,,cardiomegaly_0,-4.662487,0.009354613,0.95394444
real,00019574_000.png,19574,,cardiomegaly_0,1.7487183,0.8517911,0.87280095
real,00029200_001.png,29200,,cardiomegaly_0,-3.1956558,0.03932953,0.8904484
real,00012772_006.png,12772,,cardiomegaly_0,-5.22171,0.005369106,0.9716165
real,00020624_013.png,20624,,cardiomegaly_0,-4.1963634,0.014827057,0.9371921
real,00020060_004.png,20060,,cardiomegaly_0,-2.2622662,0.09429665,0.8139976
real,00017747_018.png,17747,,cardiomegaly_0,1.3463001,0.7935241,0.85354215
real,00000318_007.png,318,,cardiomegaly_0,-4.455271,0.011483764,0.9612866
real,00017930_002.png,17930,,cardiomegaly_0,0.7787647,0.6854138,0.7555726
real,00021023_024.png,21023,,cardiomegaly_0,-4.1890717,0.0149339475,0.93439096
real,00011929_000.png,11929,,cardiomegaly_0,-4.0615654,0.01693046,0.93002385
real,00015142_000.png,15142,,cardiomegaly_0,3.914587,0.98044133,0.97928166
real,00001222_007.png,1222,,cardiomegaly_0,-5.3138237,0.004898948,0.97529906
real,00007159_000.png,7159,,cardiomegaly_0,-2.4581623,0.0788437,0.7993069
real,00012669_000.png,12669,,cardiomegaly_0,-4.7074623,0.008946888,0.9693278
real,00027427_005.png,27427,,cardiomegaly_0,0.8308506,0.6965348,0.7898689
real,00016484_003.png,16484,,cardiomegaly_0,6.7935143,0.9988802,0.9949097
real,00001336_000.png,1336,,cardiomegaly_0,-5.099966,0.0060600056,0.9741907
real,00028358_000.png,28358,,cardiomegaly_0,5.6556015,0.9965144,0.9919389
real,00010015_000.png,10015,,cardiomegaly_0,-5.0505085,0.0063652988,0.96620685
real,00006002_000.png,6002,,cardiomegaly_0,0.7722645,0.6840105,0.7852413
real,00000246_000.png,246,,cardiomegaly_0,-4.4767017,0.011243013,0.95289564
real,00013098_000.png,13098,,cardiomegaly_0,-5.210102,0.005431454,0.97338605
real,00018869_000.png,18869,,cardiomegaly_0,-4.8473053,0.007788366,0.96136016
real,00025696_002.png,25696,,cardiomegaly_0,6.5592194,0.998585,0.9950059
real,00001977_000.png,1977,,cardiomegaly_0,-4.5132847,0.010843522,0.9550407
real,00014335_000.png,14335,,cardiomegaly_0,-4.635128,0.009611586,0.95920956
real,00025924_001.png,25924,,cardiomegaly_0,-3.047453,0.045327567,0.8860193
real,00026180_000.png,26180,,cardiomegaly_0,-4.276106,0.013706201,0.946859
real,00022312_001.png,22312,,cardiomegaly_0,-5.3899937,0.004541285,0.9680411
real,00005768_005.png,5768,,cardiomegaly_0,-2.9350147,0.050449558,0.76784694
real,00019260_003.png,19260,,cardiomegaly_0,-4.6993847,0.0090187965,0.96986
real,00003548_002.png,3548,,cardiomegaly_0,-4.6472282,0.009497082,0.95040953
real,00010695_018.png,10695,,cardiomegaly_0,-3.0563545,0.044943925,0.85784084
real,00029428_000.png,29428,,cardiomegaly_0,-5.0954742,0.0060871216,0.97327185
real,00026292_006.png,26292,,cardiomegaly_0,-1.815712,0.1399492,0.7130412
real,00004580_000.png,4580,,cardiomegaly_0,-4.5345173,0.010618132,0.96576256
real,00019554_000.png,19554,,cardiomegaly_0,-4.6374664,0.009589352,0.9530014
real,00011139_001.png,11139,,cardiomegaly_0,2.0744305,0.888393,0.90191615
real,00014126_000.png,14126,,cardiomegaly_0,-3.0016747,0.047350276,0.89654577
real,00009815_004.png,9815,,cardiomegaly_0,-3.9048347,0.019746503,0.9239997
real,00017747_060.png,17747,,cardiomegaly_0,-1.7697926,0.14556812,0.7496129
real,00003464_001.png,3464,,cardiomegaly_0,-5.043705,0.0064084744,0.9676285
real,00024003_000.png,24003,,cardiomegaly_0,-3.5029469,0.029228501,0.8586146
real,00014171_001.png,14171,,cardiomegaly_0,0.46752548,0.61479795,0.7679633
real,00021983_000.png,21983,,cardiomegaly_0,-5.09083,0.006115285,0.9702022
real,00006566_000.png,6566,,cardiomegaly_0,-0.37447166,0.40746096,0.60752785
real,00021562_001.png,21562,,cardiomegaly_0,-3.4406433,0.031049125,0.88963944
real,00016698_001.png,16698,,cardiomegaly_0,-5.3579884,0.004688288,0.9776275
real,00017747_021.png,17747,,cardiomegaly_0,1.4039268,0.80280626,0.866651
real,00020458_003.png,20458,,cardiomegaly_0,1.673254,0.8420091,0.87083346
real,00026833_000.png,26833,,cardiomegaly_0,-2.7888718,0.057928495,0.83110154
real,00002962_000.png,2962,,cardiomegaly_0,-4.553259,0.010423039,0.9571429
real,00016865_000.png,16865,,cardiomegaly_0,-5.0233917,0.006539122,0.9648692
real,00008157_000.png,8157,,cardiomegaly_0,-2.614029,0.068240985,0.8352599
real,00005063_000.png,5063,,cardiomegaly_0,-4.628605,0.00967388,0.96058404
real,00007424_001.png,7424,,cardiomegaly_0,-5.481823,0.0041444874,0.9814169
real,00010964_000.png,10964,,cardiomegaly_0,-4.8193893,0.008007084,0.95928377
real,00023372_000.png,23372,,cardiomegaly_0,-3.633854,0.025734434,0.8959451
real,00024386_000.png,24386,,cardiomegaly_0,-5.132427,0.0058675855,0.96840817
real,00010481_033.png,10481,,cardiomegaly_0,-2.1400547,0.10526424,0.8063325
real,00001222_003.png,1222,,cardiomegaly_0,-5.581711,0.0037519864,0.98294294
real,00001104_006.png,1104,,cardiomegaly_0,-0.26854134,0.43326524,0.72679615
real,00016568_006.png,16568,,cardiomegaly_0,-0.8683586,0.29559594,0.73758835
real,00017835_011.png,17835,,cardiomegaly_0,-1.0210571,0.26482153,0.616932
real,00006527_000.png,6527,,cardiomegaly_0,-4.6255474,0.009703215,0.9627711
real,00001136_002.png,1136,,cardiomegaly_0,-3.9878006,0.018202955,0.92236793
real,00028457_000.png,28457,,cardiomegaly_0,-1.6649857,0.15909387,0.6251854
real,00009378_006.png,9378,,cardiomegaly_0,-4.8335514,0.007895376,0.95983297
real,00021976_000.png,21976,,cardiomegaly_0,-2.3374786,0.0880662,0.8066774
real,00029569_000.png,29569,,cardiomegaly_0,-4.122654,0.015943158,0.9267772
real,00007082_000.png,7082,,cardiomegaly_0,-3.0187721,0.04658498,0.873409
real,00015795_000.png,15795,,cardiomegaly_0,-3.0457401,0.04540174,0.8492212
real,00018616_000.png,18616,,cardiomegaly_0,0.27718925,0.568857,0.73295486
real,00019345_000.png,19345,,cardiomegaly_0,-0.16084862,0.45987433,0.70148563
real,00007389_002.png,7389,,cardiomegaly_0,2.8537483,0.9455121,0.95879656
real,00017836_001.png,17836,,cardiomegaly_0,1.7778225,0.8554278,0.85930115
real,00023372_003.png,23372,,cardiomegaly_0,-2.155058,0.10385953,0.75191826
real,00009090_001.png,9090,,cardiomegaly_0,-1.0110912,0.26676637,0.63711643
real,00001222_000.png,1222,,cardiomegaly_0,-5.176485,0.0056161047,0.9732663
real,00030690_000.png,30690,,cardiomegaly_0,-5.510107,0.0040293727,0.98062897
real,00025054_000.png,25054,,cardiomegaly_0,-5.2398586,0.0052730534,0.9797364
real,00007153_000.png,7153,,cardiomegaly_0,1.5331154,0.82246166,0.8663312
real,00012913_001.png,12913,,cardiomegaly_0,-5.078377,0.006191441,0.97142583
real,00022266_000.png,22266,,cardiomegaly_0,-5.2875843,0.0050285403,0.9775936
real,00027857_001.png,27857,,cardiomegaly_0,-5.3342743,0.0048002554,0.9738436
real,00012178_004.png,12178,,cardiomegaly_0,-0.74355125,0.32222807,0.5842404
real,00029847_000.png,29847,,cardiomegaly_0,-4.5079575,0.01090081,0.96586215
real,00006040_000.png,6040,,cardiomegaly_0,-5.085533,0.006147562,0.9697522
real,00020359_000.png,20359,,cardiomegaly_0,-5.458576,0.004241549,0.98390716
real,00008802_004.png,8802,,cardiomegaly_0,7.7568455,0.99957234,0.9949812
real,00030783_000.png,30783,,cardiomegaly_0,-1.9510784,0.124435805,0.78188634
real,00001733_002.png,1733,,cardiomegaly_0,-4.4467945,0.011580386,0.9440191
real,00026105_000.png,26105,,cardiomegaly_0,-5.0779533,0.0061940462,0.97417766
real,00022135_010.png,22135,,cardiomegaly_0,-5.254141,0.005198667,0.9788968
real,00029487_000.png,29487,,cardiomegaly_0,-1.0951138,0.25065655,0.7199903
real,00016975_007.png,16975,,cardiomegaly_0,-1.8874397,0.13153666,0.79128575
real,00001122_001.png,1122,,cardiomegaly_0,6.498949,0.99849725,0.99118567
real,00017465_001.png,17465,,cardiomegaly_0,-4.419342,0.011898865,0.9472544
real,00021710_000.png,21710,,cardiomegaly_0,-3.5085144,0.029070936,0.8790845
real,00015347_000.png,15347,,cardiomegaly_0,-0.051267624,0.48718587,0.68520665
real,00013408_015.png,13408,,cardiomegaly_0,-0.5489235,0.3661142,0.6876905
real,00000705_001.png,705,,cardiomegaly_0,-4.3360443,0.01291911,0.9451883
real,00014809_020.png,14809,,cardiomegaly_0,-5.15736,0.005723926,0.9687429
real,00008013_004.png,8013,,cardiomegaly_0,-1.9846439,0.12082465,0.7713293
real,00023156_007.png,23156,,cardiomegaly_0,3.6166325,0.9738303,0.9752179
real,00029885_000.png,29885,,cardiomegaly_0,-5.7256126,0.0032507528,0.9875327
real,00013723_001.png,13723,,cardiomegaly_0,-4.7583275,0.008506957,0.9665139
real,00004493_000.png,4493,,cardiomegaly_0,-0.46343422,0.38617146,0.6581646
real,00007616_002.png,7616,,cardiomegaly_0,1.5464268,0.8243971,0.8615543
real,00018008_000.png,18008,,cardiomegaly_0,-4.625082,0.009707688,0.9528998
real,00024125_000.png,24125,,cardiomegaly_0,2.6612854,0.93470323,0.9221364
real,00012304_003.png,12304,,cardiomegaly_0,-1.1841507,0.23430672,0.67556834
real,00004057_000.png,4057,,cardiomegaly_0,-3.8470516,0.020896584,0.91808325
real,00013625_018.png,13625,,cardiomegaly_0,-3.5673409,0.027455729,0.8901979
real,00021475_000.png,21475,,cardiomegaly_0,-3.9360542,0.019151175,0.9117228
real,00020060_002.png,20060,,cardiomegaly_0,-2.8569546,0.05432294,0.7937302
real,00015009_004.png,15009,,cardiomegaly_0,-3.382637,0.03284253,0.88493174
real,00003439_006.png,3439,,cardiomegaly_0,-4.5152473,0.010822491,0.956793
real,00012585_007.png,12585,,cardiomegaly_0,-5.182123,0.005584706,0.97394717
real,00005768_008.png,5768,,cardiomegaly_0,-3.95652,0.018770497,0.90917474
real,00028027_005.png,28027,,cardiomegaly_0,1.3000832,0.785849,0.8769767
real,00019911_001.png,19911,,cardiomegaly_0,-3.5201855,0.028743317,0.88870966
real,00029678_000.png,29678,,cardiomegaly_0,1.0905628,0.74848765,0.7649207
real,00002825_003.png,2825,,cardiomegaly_0,-5.1805077,0.0055936845,0.9756559
real,00002383_001.png,2383,,cardiomegaly_0,5.970911,0.9974546,0.9895266
real,00003570_003.png,3570,,cardiomegaly_0,-4.7112026,0.008913785,0.96451735
real,00012975_006.png,12975,,cardiomegaly_0,0.11100197,0.527722,0.7615993
real,00002816_001.png,2816,,cardiomegaly_0,-5.160694,0.005704982,0.9750316
real,00007325_000.png,7325,,cardiomegaly_0,1.4034214,0.8027262,0.8776597
real,00013372_001.png,13372,,cardiomegaly_0,-3.6238823,0.025985632,0.92404723
real,00006574_000.png,6574,,cardiomegaly_0,-5.081562,0.0061718724,0.9713604
real,00014295_001.png,14295,,cardiomegaly_0,-5.2810287,0.0050614458,0.97930646
real,00006024_011.png,6024,,cardiomegaly_0,-4.3067074,0.013298618,0.9483098
real,00013489_000.png,13489,,cardiomegaly_0,-4.5068264,0.0109130135,0.93831426
real,00029870_000.png,29870,,cardiomegaly_0,-4.6659317,0.009322745,0.96174216
real,00023506_000.png,23506,,cardiomegaly_0,-5.0125847,0.0066097043,0.9700996
real,00000865_008.png,865,,cardiomegaly_0,-4.455799,0.0114777675,0.9531428
real,00000877_033.png,877,,cardiomegaly_0,-4.8781376,0.0075536836,0.97024024
real,00011726_000.png,11726,,cardiomegaly_0,-4.5759068,0.0101920115,0.9479888
real,00017785_000.png,17785,,cardiomegaly_0,-4.4233055,0.011852355,0.943061
real,00027829_000.png,27829,,cardiomegaly_0,-4.082136,0.016591465,0.92836314
real,00000023_000.png,23,,cardiomegaly_0,-1.75383,0.14756478,0.76739556
real,00026299_000.png,26299,,cardiomegaly_0,-3.019846,0.046537306,0.80339235
real,00019963_000.png,19963,,cardiomegaly_0,-4.6534977,0.009438287,0.9520931
real,00005579_001.png,5579,,cardiomegaly_0,-3.273325,0.036497727,0.8730322
real,00015338_011.png,15338,,cardiomegaly_0,-0.74077225,0.3228353,0.6043483
real,00009090_003.png,9090,,cardiomegaly_0,2.4176311,0.91816187,0.9162944
real,00010042_004.png,10042,,cardiomegaly_0,-4.0938053,0.01640214,0.9616398
real,00025527_001.png,25527,,cardiomegaly_0,-2.3347054,0.08828917,0.7975846
real,00022827_000.png,22827,,cardiomegaly_0,-4.671625,0.009270308,0.94960725
real,00021305_000.png,21305,,cardiomegaly_0,-4.613014,0.00982439,0.95526564
real,00004018_000.png,4018,,cardiomegaly_0,-5.284073,0.0050461395,0.9779554
real,00014922_000.png,14922,,cardiomegaly_0,-5.188017,0.00555207,0.96677303
real,00002566_000.png,2566,,cardiomegaly_0,0.27124405,0.5673983,0.72584116
real,00008136_000.png,8136,,cardiomegaly_0,-3.2238998,0.03827617,0.8781021
real,00008929_000.png,8929,,cardiomegaly_0,2.1542454,0.8960649,0.9348141
real,00000949_009.png,949,,cardiomegaly_0,-3.4756985,0.030011648,0.8773956
real,00028533_000.png,28533,,cardiomegaly_0,-3.123619,0.042143438,0.86343896
real,00001170_044.png,1170,,cardiomegaly_0,-0.66628265,0.33932972,0.7685761
real,00010905_011.png,10905,,cardiomegaly_0,-4.5192833,0.01077937,0.9609359
real,00000169_001.png,169,,cardiomegaly_0,-4.5374165,0.010587719,0.9450241
real,00000318_000.png,318,,cardiomegaly_0,-5.106409,0.006021321,0.9769904
real,00022334_000.png,22334,,cardiomegaly_0,-4.4326878,0.011742974,0.9493728
real,00016195_000.png,16195,,cardiomegaly_0,6.5187454,0.9985266,0.99085927
real,00008698_000.png,8698,,cardiomegaly_0,8.506006,0.99979776,0.9970724
real,00015313_012.png,15313,,cardiomegaly_0,-4.174282,0.015153087,0.93286824
real,00026815_003.png,26815,,cardiomegaly_0,-4.7851543,0.008283642,0.95794
real,00008386_001.png,8386,,cardiomegaly_0,-4.4123898,0.011980882,0.95661354
real,00028766_004.png,28766,,cardiomegaly_0,0.51856995,0.6268133,0.7263106
real,00006674_001.png,6674,,cardiomegaly_0,-1.5698566,0.17223683,0.6975895
real,00014719_002.png,14719,,cardiomegaly_0,-4.094412,0.016392358,0.9428715
real,00003174_013.png,3174,,cardiomegaly_0,-5.096718,0.0060796025,0.9756299
real,00005347_001.png,5347,,cardiomegaly_0,-4.499035,0.010997434,0.9484659
real,00024931_000.png,24931,,cardiomegaly_0,-5.0629444,0.0062871254,0.9668377
real,00010120_000.png,10120,,cardiomegaly_0,-3.564333,0.027536158,0.8631886
real,00012653_001.png,12653,,cardiomegaly_0,-3.9349098,0.019172683,0.92770845
real,00015840_000.png,15840,,cardiomegaly_0,-5.0449104,0.0064008026,0.9687331
real,00010713_001.png,10713,,cardiomegaly_0,1.4664383,0.8125154,0.88513833
real,00021344_000.png,21344,,cardiomegaly_0,0.8215809,0.69457185,0.80888474
real,00002073_001.png,2073,,cardiomegaly_0,1.3260117,0.79018015,0.89736015
real,00026111_001.png,26111,,cardiomegaly_0,-3.9774837,0.018388255,0.9232893
real,00016484_023.png,16484,,cardiomegaly_0,5.602743,0.9963258,0.98999953
real,00028566_000.png,28566,,cardiomegaly_0,-5.680485,0.0034003027,0.98777074
real,00007931_000.png,7931,,cardiomegaly_0,-3.780861,0.022294665,0.935089
real,00003042_001.png,3042,,cardiomegaly_0,-4.6497517,0.009473374,0.9590294
real,00011153_000.png,11153,,cardiomegaly_0,1.7457485,0.85141575,0.8540639
real,00021716_002.png,21716,,cardiomegaly_0,-1.592556,0.16902459,0.73764
real,00025676_000.png,25676,,cardiomegaly_0,-4.7463055,0.008608961,0.9655024
real,00006123_003.png,6123,,cardiomegaly_0,-5.410673,0.004448751,0.97514045
real,00004773_001.png,4773,,cardiomegaly_0,-3.7236862,0.023575572,0.8963774
real,00012797_000.png,12797,,cardiomegaly_0,-4.803417,0.008134952,0.9628498
real,00016842_002.png,16842,,cardiomegaly_0,-5.4435196,0.0043056183,0.9804275
real,00011732_000.png,11732,,cardiomegaly_0,-4.9102287,0.007316871,0.9655143
real,00009777_000.png,9777,,cardiomegaly_0,-4.023596,0.017574148,0.93977773
real,00024861_000.png,24861,,cardiomegaly_0,-4.860878,0.0076841787,0.95321006
real,00029926_000.png,29926,,cardiomegaly_0,-4.0633793,0.016900297,0.941557
real,00010071_001.png,10071,,cardiomegaly_0,-3.3129978,0.035127968,0.8760126
real,00022788_004.png,22788,,cardiomegaly_0,-2.8243866,0.05602051,0.8307537
real,00029648_000.png,29648,,cardiomegaly_0,-5.000763,0.0066877804,0.97497714
real,00011910_009.png,11910,,cardiomegaly_0,-4.7976227,0.008181841,0.9624096
real,00021972_024.png,21972,,cardiomegaly_0,2.7608337,0.9405223,0.9427116
real,00016410_000.png,16410,,cardiomegaly_0,-5.2725353,0.005104398,0.9824945
real,00013181_003.png,13181,,cardiomegaly_0,-4.294731,0.013456686,0.9482288
real,00005614_001.png,5614,,cardiomegaly_0,-5.081978,0.006169322,0.9662395
real,00014110_000.png,14110,,cardiomegaly_0,1.93009,0.87325937,0.8930936
real,00028148_015.png,28148,,cardiomegaly_0,-0.83979607,0.30157775,0.7077905
real,00013427_000.png,13427,,cardiomegaly_0,-5.096922,0.0060783694,0.97232914
real,00016879_000.png,16879,,cardiomegaly_0,-4.8883133,0.0074777813,0.9578883
real,00013723_000.png,13723,,cardiomegaly_0,-4.680979,0.009184794,0.9687984
real,00000085_000.png,85,,cardiomegaly_0,0.2536621,0.5630776,0.67957854
real,00026599_000.png,26599,,cardiomegaly_0,-5.2888374,0.0050222743,0.9779729
real,00017729_001.png,17729,,cardiomegaly_0,-4.980732,0.006822171,0.96747124
real,00016255_000.png,16255,,cardiomegaly_0,-0.39682388,0.40207568,0.61045265
real,00020758_000.png,20758,,cardiomegaly_0,7.3942814,0.9993856,0.99549663
real,00030029_000.png,30029,,cardiomegaly_0,-5.6224937,0.0036025879,0.9850361
real,00006098_006.png,6098,,cardiomegaly_0,-3.8343334,0.021158388,0.9161744
real,00023625_000.png,23625,,cardiomegaly_0,-5.1916943,0.0055318032,0.97365713
real,00009034_006.png,9034,,cardiomegaly_0,2.76655,0.9408412,0.9494202
real,00009061_000.png,9061,,cardiomegaly_0,-4.7702885,0.008406663,0.96440643
real,00008359_000.png,8359,,cardiomegaly_0,-2.7065964,0.06258524,0.81009626
real,00001170_004.png,1170,,cardiomegaly_0,-0.16780472,0.458147,0.7150682
real,00015087_011.png,15087,,cardiomegaly_0,-3.5988464,0.026626877,0.89288324
real,00005401_007.png,5401,,cardiomegaly_0,-1.5107555,0.18082686,0.6549579
real,00020631_001.png,20631,,cardiomegaly_0,-5.23481,0.0052996012,0.96986324
real,00010984_003.png,10984,,cardiomegaly_0,-3.824833,0.021356046,0.9142864
real,00025075_005.png,25075,,cardiomegaly_0,0.06633949,0.5165788,0.56892663
real,00018448_017.png,18448,,cardiomegaly_0,-5.1679344,0.0056640585,0.9779591
real,00000341_000.png,341,,cardiomegaly_0,-3.3444786,0.034076437,0.8710436
real,00006955_000.png,6955,,cardiomegaly_0,-4.9416027,0.0070924787,0.9671037
real,00002168_000.png,2168,,cardiomegaly_0,-5.350109,0.004725199,0.9755768
real,00025483_000.png,25483,,cardiomegaly_0,2.481617,0.92284304,0.94357944
real,00008562_000.png,8562,,cardiomegaly_0,-4.973753,0.006869622,0.9700221
real,00028614_000.png,28614,,cardiomegaly_0,-5.083584,0.0061594835,0.97354305
real,00005014_014.png,5014,,cardiomegaly_0,0.49637032,0.621606,0.63788426
real,00024583_000.png,24583,,cardiomegaly_0,-5.287199,0.005030468,0.97468317
real,00026264_000.png,26264,,cardiomegaly_0,-4.165579,0.015283517,0.9435555
real,00017111_006.png,17111,,cardiomegaly_0,-2.5301437,0.07377183,0.862802
real,00012074_000.png,12074,,cardiomegaly_0,-5.01178,0.006614992,0.9718441
real,00013303_000.png,13303,,cardiomegaly_0,-4.8698444,0.0076161087,0.96727055
real,00005552_000.png,5552,,cardiomegaly_0,3.8588982,0.9793444,0.98078567
real,00016205_006.png,16205,,cardiomegaly_0,-1.4589081,0.18863438,0.6516613
real,00010481_029.png,10481,,cardiomegaly_0,-3.2472324,0.037426464,0.8810826
real,00022788_003.png,22788,,cardiomegaly_0,-2.6426563,0.06644307,0.8294174
real,00020802_000.png,20802,,cardiomegaly_0,-5.2396603,0.005274094,0.97797126
real,00023133_002.png,23133,,cardiomegaly_0,-3.24823,0.03739054,0.8803294
real,00011770_008.png,11770,,cardiomegaly_0,-1.0730019,0.25483263,0.6583758
real,00029286_000.png,29286,,cardiomegaly_0,-4.6840324,0.009157046,0.9567802
real,00029203_000.png,29203,,cardiomegaly_0,2.671299,0.9353116,0.92832077
real,00021424_004.png,21424,,cardiomegaly_0,-3.639616,0.025590362,0.900907
real,00021409_000.png,21409,,cardiomegaly_0,5.8838825,0.99722373,0.99141455
real,00011932_007.png,11932,,cardiomegaly_0,-4.487131,0.011127663,0.9567329
real,00001713_000.png,1713,,cardiomegaly_0,3.2103043,0.9612202,0.9552601
real,00012980_000.png,12980,,cardiomegaly_0,-2.2233696,0.097671434,0.71912295
real,00028229_000.png,28229,,cardiomegaly_0,-5.1336536,0.005860436,0.9747628
real,00028282_000.png,28282,,cardiomegaly_0,-4.553629,0.0104192225,0.959446
real,00013533_001.png,13533,,cardiomegaly_0,-4.2165775,0.014534663,0.9349077
real,00004318_000.png,4318,,cardiomegaly_0,-4.874878,0.0075781588,0.9634993
real,00001974_007.png,1974,,cardiomegaly_0,-1.2261353,0.22685859,0.68091404
real,00009699_000.png,9699,,cardiomegaly_0,4.108059,0.9838262,0.97971976
real,00014838_000.png,14838,,cardiomegaly_0,-4.2009945,0.014759563,0.93391216
real,00012919_000.png,12919,,cardiomegaly_0,3.805439,0.9782348,0.9639726
real,00006526_000.png,6526,,cardiomegaly_0,-4.586447,0.010086229,0.9601414
real,00008054_000.png,8054,,cardiomegaly_0,-4.8078117,0.00809957,0.9707376
real,00009652_000.png,9652,,cardiomegaly_0,4.815439,0.99196154,0.9862858
real,00012585_002.png,12585,,cardiomegaly_0,-5.47604,0.004168425,0.9826433
real,00012086_000.png,12086,,cardiomegaly_0,-4.9644794,0.0069331797,0.9644271
real,00025908_000.png,25908,,cardiomegaly_0,-4.122938,0.0159387,0.9360667
real,00016842_000.png,16842,,cardiomegaly_0,-5.313019,0.0049028737,0.9821154
real,00008593_002.png,8593,,cardiomegaly_0,-3.8925495,0.019985711,0.9324953
real,00019857_001.png,19857,,cardiomegaly_0,-2.6876774,0.06370441,0.83381003
real,00017111_008.png,17111,,cardiomegaly_0,-1.9834423,0.12095235,0.80609274
real,00021652_000.png,21652,,cardiomegaly_0,-5.332859,0.004807021,0.97734237
real,00022883_016.png,22883,,cardiomegaly_0,2.8195286,0.943722,0.96555465
real,00004378_001.png,4378,,cardiomegaly_0,-5.273382,0.005100099,0.97317576
real,00021705_000.png,21705,,cardiomegaly_0,-4.9628506,0.006944404,0.96612096
real,00016769_000.png,16769,,cardiomegaly_0,4.8191833,0.99199134,0.9861034
real,00008806_009.png,8806,,cardiomegaly_0,1.7155323,0.8475525,0.8331073
real,00016789_006.png,16789,,cardiomegaly_0,-4.047186,0.017171461,0.9300536
real,00018044_004.png,18044,,cardiomegaly_0,-2.4067154,0.082662046,0.7937244
real,00000463_000.png,463,,cardiomegaly_0,-3.5585804,0.027690617,0.91343385
real,00012017_000.png,12017,,cardiomegaly_0,-5.4005566,0.0044937823,0.9786509
real,00009369_000.png,9369,,cardiomegaly_0,-4.8913536,0.00745525,0.9635172
real,00001059_006.png,1059,,cardiomegaly_0,-3.4498043,0.0307747,0.8809829
real,00005532_033.png,5532,,cardiomegaly_0,5.219408,0.99461854,0.9854245
real,00009409_002.png,9409,,cardiomegaly_0,-5.0318394,0.0064844717,0.96893775
real,00025432_000.png,25432,,cardiomegaly_0,-2.4125214,0.08222286,0.72989035
real,00014523_000.png,14523,,cardiomegaly_0,-4.7970676,0.008186346,0.96210206
real,00027084_000.png,27084,,cardiomegaly_0,-4.9432983,0.007080548,0.96919566
real,00007719_000.png,7719,,cardiomegaly_0,-4.4043484,0.012076447,0.956192
real,00012585_014.png,12585,,cardiomegaly_0,-5.311861,0.004908526,0.97441894
real,00006791_002.png,6791,,cardiomegaly_0,-2.2249928,0.09752847,0.73638016
real,00016789_008.png,16789,,cardiomegaly_0,-4.8432636,0.007819662,0.96890247
real,00018603_000.png,18603,,cardiomegaly_0,-3.1756344,0.040093012,0.8449355
real,00012400_000.png,12400,,cardiomegaly_0,-4.5517464,0.010438652,0.94359493
real,00026299_001.png,26299,,cardiomegaly_0,-3.9831314,0.018286591,0.91198903
real,00000821_000.png,821,,cardiomegaly_0,-4.1008797,0.0162884,0.9205909
real,00003570_005.png,3570,,cardiomegaly_0,-5.08988,0.006121061,0.96257234
real,00012476_001.png,12476,,cardiomegaly_0,-5.371599,0.004625202,0.9796972
real,00023964_000.png,23964,,cardiomegaly_0,-4.0178413,0.017673777,0.91924113
real,00006002_003.png,6002,,cardiomegaly_0,-2.5896225,0.069809295,0.81330174
real,00008806_000.png,8806,,cardiomegaly_0,-2.5601616,0.07174678,0.7574203
real,00030149_000.png,30149,,cardiomegaly_0,-5.185129,0.005568037,0.9753259
real,00010936_001.png,10936,,cardiomegaly_0,-0.88654137,0.2918241,0.6497526
real,00024948_000.png,24948,,cardiomegaly_0,-5.22027,0.005376802,0.9781686
real,00029393_000.png,29393,,cardiomegaly_0,-1.5455189,0.17573443,0.7203504
real,00023266_005.png,23266,,cardiomegaly_0,-0.27679253,0.4312403,0.7279154
real,00018284_023.png,18284,,cardiomegaly_0,-0.47636795,0.38311017,0.7893541
real,00006024_002.png,6024,,cardiomegaly_0,-2.1214523,0.10702918,0.7966214
real,00016724_002.png,16724,,cardiomegaly_0,-0.2999897,0.42556,0.790674
real,00009936_000.png,9936,,cardiomegaly_0,4.383909,0.9876773,0.9789426
real,00010682_000.png,10682,,cardiomegaly_0,-4.9087963,0.007327283,0.959389
real,00003785_006.png,3785,,cardiomegaly_0,-2.2192936,0.098031245,0.73108155
real,00015938_000.png,15938,,cardiomegaly_0,-3.527542,0.02853865,0.9074809
real,00013952_006.png,13952,,cardiomegaly_0,-1.8915291,0.13107023,0.6407413
real,00014352_004.png,14352,,cardiomegaly_0,-4.352545,0.012710376,0.94017804
real,00004547_000.png,4547,,cardiomegaly_0,-5.0070457,0.006646173,0.9733243
real,00029140_000.png,29140,,cardiomegaly_0,-2.8898125,0.052659474,0.8531591
real,00012625_012.png,12625,,cardiomegaly_0,-4.87525,0.0075753625,0.96791536
real,00011987_000.png,11987,,cardiomegaly_0,-4.7723446,0.00838954,0.96144724
real,00016388_000.png,16388,,cardiomegaly_0,-3.1156216,0.04246746,0.87940246
real,00021362_000.png,21362,,cardiomegaly_0,-2.9981556,0.047509264,0.8588148
real,00002515_001.png,2515,,cardiomegaly_0,-3.6730156,0.024770593,0.91582966
real,00028465_001.png,28465,,cardiomegaly_0,-4.990906,0.0067535816,0.9651592
real,00025466_000.png,25466,,cardiomegaly_0,-4.525402,0.010714319,0.96097314
real,00018822_000.png,18822,,cardiomegaly_0,-5.2444477,0.0052490374,0.97238326
real,00010481_004.png,10481,,cardiomegaly_0,-3.292511,0.035829,0.8939076
real,00024245_000.png,24245,,cardiomegaly_0,-5.445833,0.004295711,0.97930324
real,00022341_000.png,22341,,cardiomegaly_0,-5.2820263,0.005056425,0.9747182
real,00008318_000.png,8318,,cardiomegaly_0,6.5276585,0.9985397,0.9891729
real,00022532_000.png,22532,,cardiomegaly_0,-4.9970455,0.006712521,0.9738155
real,00018044_041.png,18044,,cardiomegaly_0,1.0299358,0.7369034,0.8084496
real,00001248_034.png,1248,,cardiomegaly_0,-0.5078678,0.3756935,0.70010895
real,00030001_000.png,30001,,cardiomegaly_0,-4.606394,0.009889003,0.9604608
real,00016123_000.png,16123,,cardiomegaly_0,-4.363674,0.012571469,0.9380314
real,00001075_044.png,1075,,cardiomegaly_0,5.6981277,0.9966589,0.9907436
real,00022155_017.png,22155,,cardiomegaly_0,0.9837036,0.72784245,0.8217746
real,00020312_030.png,20312,,cardiomegaly_0,-4.4656773,0.01136623,0.94183075
real,00003362_002.png,3362,,cardiomegaly_0,-2.8879356,0.05275318,0.85671586
real,00020572_001.png,20572,,cardiomegaly_0,-4.838419,0.0078573385,0.9586866
real,00009138_022.png,9138,,cardiomegaly_0,3.5071678,0.970891,0.97986263
real,00007131_006.png,7131,,cardiomegaly_0,-4.660343,0.009374501,0.9556809
real,00012329_001.png,12329,,cardiomegaly_0,-4.967207,0.0069144256,0.966815
real,00008185_000.png,8185,,cardiomegaly_0,4.640518,0.99043953,0.98745066
real,00018547_000.png,18547,,cardiomegaly_0,-5.289133,0.0050207973,0.97266144
real,00029423_000.png,29423,,cardiomegaly_0,0.19733429,0.5491741,0.8179825
real,00017326_001.png,17326,,cardiomegaly_0,-5.327427,0.004833078,0.98132354
real,00014307_001.png,14307,,cardiomegaly_0,-4.722204,0.008817115,0.95792043
real,00006674_000.png,6674,,cardiomegaly_0,-4.628525,0.009674647,0.9628816
real,00018044_003.png,18044,,cardiomegaly_0,-3.1207905,0.04225777,0.87484187
real,00019406_000.png,19406,,cardiomegaly_0,-3.021225,0.046476156,0.88569045
real,00003896_004.png,3896,,cardiomegaly_0,-3.181013,0.039886516,0.89824855
real,00011932_003.png,11932,,cardiomegaly_0,-0.24142647,0.43993485,0.6584236
real,00019317_000.png,19317,,cardiomegaly_0,-5.1440773,0.0058000186,0.9709982
real,00002139_000.png,2139,,cardiomegaly_0,-3.4503288,0.030759057,0.8802162
real,00013678_003.png,13678,,cardiomegaly_0,-2.9252262,0.05092054,0.8138572
real,00016512_001.png,16512,,cardiomegaly_0,-4.3975277,0.012158093,0.9371935
real,00008502_000.png,8502,,cardiomegaly_0,-5.372595,0.004620621,0.978226
real,00014294_003.png,14294,,cardiomegaly_0,-1.4720078,0.18663764,0.7103298
real,00018011_000.png,18011,,cardiomegaly_0,-2.0819511,0.1108635,0.7035392
real,00001203_002.png,1203,,cardiomegaly_0,-4.972561,0.006877759,0.96685326
real,00005250_001.png,5250,,cardiomegaly_0,-4.3286285,0.0130140195,0.9441661
real,00028042_000.png,28042,,cardiomegaly_0,-4.477089,0.011238709,0.93757224
real,00017330_000.png,17330,,cardiomegaly_0,-3.1898403,0.039549846,0.9030065
real,00010936_003.png,10936,,cardiomegaly_0,0.7107239,0.6705611,0.77587694
real,00011380_022.png,11380,,cardiomegaly_0,-2.8808975,0.053105988,0.8412129
real,00009105_003.png,9105,,cardiomegaly_0,-4.729067,0.008757343,0.95641243
real,00006012_000.png,6012,,cardiomegaly_0,-4.6346817,0.009615836,0.9583301
real,00006040_005.png,6040,,cardiomegaly_0,-3.3730602,0.03314809,0.8837801
real,00011279_000.png,11279,,cardiomegaly_0,-2.0538177,0.11366718,0.8309881
real,00016485_000.png,16485,,cardiomegaly_0,0.3290825,0.58153605,0.64252585
real,00003094_003.png,3094,,cardiomegaly_0,-1.2115307,0.22943033,0.71769744
real,00020699_001.png,20699,,cardiomegaly_0,0.06549835,0.51636875,0.68529224
real,00001213_003.png,1213,,cardiomegaly_0,-5.093094,0.00610154,0.9723378
real,00028764_000.png,28764,,cardiomegaly_0,-5.4875393,0.0041209613,0.98597264
real,00005501_000.png,5501,,cardiomegaly_0,-5.4088955,0.0044566314,0.977113
real,00012051_004.png,12051,,cardiomegaly_0,-4.199274,0.0147846015,0.9271255
real,00023621_000.png,23621,,cardiomegaly_0,-4.256899,0.013968288,0.94063467
real,00001174_000.png,1174,,cardiomegaly_0,-5.408869,0.0044567497,0.9797051
real,00012536_001.png,12536,,cardiomegaly_0,-0.3060913,0.42406914,0.72134936
real,00004490_005.png,4490,,cardiomegaly_0,-4.6738834,0.009249589,0.9648081
real,00014462_001.png,14462,,cardiomegaly_0,-2.8883247,0.05273374,0.8453638
real,00007623_002.png,7623,,cardiomegaly_0,-4.965641,0.0069251866,0.9729394
real,00015449_000.png,15449,,cardiomegaly_0,-2.171297,0.1023578,0.7336604
real,00002585_001.png,2585,,cardiomegaly_0,-0.37220383,0.4080086,0.7683047
real,00001292_000.png,1292,,cardiomegaly_0,-4.357916,0.012643151,0.93785304
real,00007313_002.png,7313,,cardiomegaly_0,-3.7288742,0.023456441,0.9206275
real,00024273_000.png,24273,,cardiomegaly_0,-5.3344746,0.004799299,0.97325796
real,00008728_000.png,8728,,cardiomegaly_0,-2.8935795,0.05247187,0.80806625
real,00025832_003.png,25832,,cardiomegaly_0,-2.6353016,0.06690074,0.76254684
real,00010453_000.png,10453,,cardiomegaly_0,-5.3162804,0.004886987,0.9784535
real,00004589_000.png,4589,,cardiomegaly_0,-4.3764343,0.012414054,0.94877934
real,00021375_007.png,21375,,cardiomegaly_0,-4.9239426,0.007217933,0.975611
real,00007019_001.png,7019,,cardiomegaly_0,-5.43622,0.004337025,0.97742325
real,00011910_003.png,11910,,cardiomegaly_0,-3.5157661,0.028866949,0.8959551
real,00015056_005.png,15056,,cardiomegaly_0,-2.071701,0.1118779,0.78014576
real,00028766_002.png,28766,,cardiomegaly_0,-2.0765743,0.111394614,0.76241267
real,00017020_000.png,17020,,cardiomegaly_0,-3.4943829,0.02947248,0.8565591
real,00016939_000.png,16939,,cardiomegaly_0,-4.6659184,0.009322868,0.95373595
real,00015795_003.png,15795,,cardiomegaly_0,-3.3939934,0.032483716,0.8798035
real,00006024_006.png,6024,,cardiomegaly_0,-2.2678223,0.0938232,0.7606632
real,00016191_019.png,16191,,cardiomegaly_0,-2.876543,0.05332538,0.8490905
real,00017747_061.png,17747,,cardiomegaly_0,-1.252842,0.22220856,0.8312143
real,00010246_000.png,10246,,cardiomegaly_0,1.4069138,0.8032787,0.8407752
real,00004943_000.png,4943,,cardiomegaly_0,-0.31311035,0.4223557,0.6200356
real,00021288_000.png,21288,,cardiomegaly_0,-4.627411,0.009685325,0.95567244
real,00025046_000.png,25046,,cardiomegaly_0,-5.3485355,0.004732605,0.9791172
real,00015338_003.png,15338,,cardiomegaly_0,-4.2188168,0.014502625,0.9417058
real,00014504_000.png,14504,,cardiomegaly_0,-3.366785,0.033349797,0.91014045
real,00014281_000.png,14281,,cardiomegaly_0,-4.8216534,0.007989121,0.9657571
real,00006098_007.png,6098,,cardiomegaly_0,-5.061926,0.006293492,0.9603449
real,00004695_000.png,4695,,cardiomegaly_0,-1.9696045,0.122431375,0.6863639
real,00027153_001.png,27153,,cardiomegaly_0,-2.7224464,0.06166176,0.8194849
real,00028027_002.png,28027,,cardiomegaly_0,1.512619,0.819449,0.83339036
real,00004834_000.png,4834,,cardiomegaly_0,-5.1237545,0.0059183924,0.97223604
real,00006002_001.png,6002,,cardiomegaly_0,-3.248026,0.037397888,0.86686397
real,00002825_001.png,2825,,cardiomegaly_0,-3.8887062,0.020061128,0.930198
real,00021569_000.png,21569,,cardiomegaly_0,-5.5007763,0.004066992,0.98319703
real,00013138_002.png,13138,,cardiomegaly_0,-4.343685,0.012822034,0.9417641
real,00014029_000.png,14029,,cardiomegaly_0,-5.197979,0.0054973373,0.9783627
real,00021614_001.png,21614,,cardiomegaly_0,-5.0003757,0.0066903527,0.96551293
real,00014045_000.png,14045,,cardiomegaly_0,-2.0642376,0.112621635,0.7313178
real,00006202_000.png,6202,,cardiomegaly_0,7.036108,0.99912125,0.99492216
real,00020060_007.png,20060,,cardiomegaly_0,1.6023502,0.8323466,0.9057256
real,00001587_000.png,1587,,cardiomegaly_0,-4.08527,0.016540414,0.93068665
real,00020674_000.png,20674,,cardiomegaly_0,-5.3420696,0.004763159,0.9769519
real,00022763_000.png,22763,,cardiomegaly_0,-1.0614529,0.25703192,0.69598967
real,00025832_004.png,25832,,cardiomegaly_0,-2.9468155,0.049887236,0.82709706
real,00000877_007.png,877,,cardiomegaly_0,-4.1566334,0.015418732,0.93169564
real,00008733_000.png,8733,,cardiomegaly_0,-4.2259026,0.014401701,0.9365553
real,00005903_000.png,5903,,cardiomegaly_0,-1.1264153,0.24482325,0.7075127
real,00030781_000.png,30781,,cardiomegaly_0,5.408064,0.9955396,0.9871572
real,00026409_000.png,26409,,cardiomegaly_0,-3.1599941,0.04069928,0.8632353
real,00000872_000.png,872,,cardiomegaly_0,-4.591181,0.0100390725,0.9449072
real,00015597_000.png,15597,,cardiomegaly_0,-3.7655869,0.022630043,0.9050741
real,00005395_001.png,5395,,cardiomegaly_0,1.3515663,0.7943856,0.8184551
real,00008081_019.png,8081,,cardiomegaly_0,1.3384895,0.79224145,0.86337733
real,00001733_001.png,1733,,cardiomegaly_0,-5.0832233,0.0061616907,0.970493
real,00020642_006.png,20642,,cardiomegaly_0,-4.773897,0.008376634,0.96581954
real,00008489_015.png,8489,,cardiomegaly_0,-3.193716,0.039402883,0.8445653
real,00019575_000.png,19575,,cardiomegaly_0,5.491678,0.995896,0.98561186
real,00008342_023.png,8342,,cardiomegaly_0,-1.7445145,0.14874043,0.6693373
real,00024797_000.png,24797,,cardiomegaly_0,-5.146391,0.0057866927,0.97308785
real,00008779_000.png,8779,,cardiomegaly_0,-3.3573284,0.033656005,0.85895276
real,00003812_002.png,3812,,cardiomegaly_0,-4.842001,0.007829464,0.9700843
real,00019544_000.png,19544,,cardiomegaly_0,-5.298647,0.0049734935,0.9728317
real,00003804_001.png,3804,,cardiomegaly_0,-4.7557373,0.008528833,0.9638728
real,00004909_005.png,4909,,cardiomegaly_0,2.1282864,0.8936222,0.92529094
real,00029543_002.png,29543,,cardiomegaly_0,2.9123783,0.948455,0.95804995
real,00022582_001.png,22582,,cardiomegaly_0,-5.1036224,0.006038022,0.9646657
real,00000463_001.png,463,,cardiomegaly_0,-2.364914,0.08588761,0.79607457
real,00000796_004.png,796,,cardiomegaly_0,3.1475983,0.95881397,0.9673585
real,00022155_012.png,22155,,cardiomegaly_0,1.7474079,0.85162556,0.8388952
real,00012304_002.png,12304,,cardiomegaly_0,-1.5480442,0.17536893,0.7075874
real,00003570_001.png,3570,,cardiomegaly_0,-4.121372,0.015963279,0.92836267
real,00015449_002.png,15449,,cardiomegaly_0,-3.4468098,0.030864142,0.9104661
real,00023776_000.png,23776,,cardiomegaly_0,-4.1974125,0.014811743,0.93868417
real,00001606_004.png,1606,,cardiomegaly_0,-3.6406574,0.025564408,0.9023132
real,00026795_000.png,26795,,cardiomegaly_0,-4.4112473,0.011994415,0.9468673
real,00030805_000.png,30805,,cardiomegaly_0,-4.2881584,0.013544222,0.93567234
real,00017747_023.png,17747,,cardiomegaly_0,0.1341877,0.5334967,0.7938451
real,00010348_001.png,10348,,cardiomegaly_0,-5.077471,0.006197018,0.969741
real,00016929_001.png,16929,,cardiomegaly_0,4.20833,0.9853468,0.9748217
real,00002120_001.png,2120,,cardiomegaly_0,-1.779892,0.14431648,0.7254106
real,00011598_028.png,11598,,cardiomegaly_0,-2.1140537,0.10773836,0.77433
real,00003064_010.png,3064,,cardiomegaly_0,-3.4950848,0.02945241,0.8803
real,00014076_000.png,14076,,cardiomegaly_0,-5.4665985,0.0042078006,0.98000515
real,00001059_005.png,1059,,cardiomegaly_0,-1.823103,0.13906196,0.68434036
real,00015977_000.png,15977,,cardiomegaly_0,-5.197466,0.005500143,0.97246283
real,00010135_000.png,10135,,cardiomegaly_0,2.110653,0.8919343,0.9091785
real,00014025_000.png,14025,,cardiomegaly_0,-4.16778,0.015250427,0.9475727
real,00005587_000.png,5587,,cardiomegaly_0,-5.132719,0.005865883,0.9801381
real,00011764_007.png,11764,,cardiomegaly_0,3.970705,0.981489,0.97047114
real,00028256_000.png,28256,,cardiomegaly_0,-5.2824707,0.0050541894,0.97814703
real,00010131_001.png,10131,,cardiomegaly_0,-4.8075733,0.008101486,0.96615094
real,00008184_003.png,8184,,cardiomegaly_0,-4.4945736,0.011046065,0.952785
real,00003916_000.png,3916,,cardiomegaly_0,2.41045,0.9176207,0.8942858
real,00000273_004.png,273,,cardiomegaly_0,2.2543163,0.9050222,0.90084165
real,00023343_000.png,23343,,cardiomegaly_0,-3.7682,0.02257232,0.91562515
real,00001292_001.png,1292,,cardiomegaly_0,-1.2838745,0.2168914,0.5681435
real,00001470_002.png,1470,,cardiomegaly_0,-1.590414,0.16932565,0.8105697
real,00017545_000.png,17545,,cardiomegaly_0,-4.1470356,0.015565115,0.9355871
real,00013441_000.png,13441,,cardiomegaly_0,-4.021658,0.017607639,0.91357553
real,00010920_004.png,10920,,cardiomegaly_0,-5.178587,0.0056043784,0.9694953
real,00007313_001.png,7313,,cardiomegaly_0,-4.6210384,0.009746638,0.96376073
real,00000304_001.png,304,,cardiomegaly_0,1.7955704,0.8576089,0.903036
real,00010481_031.png,10481,,cardiomegaly_0,-4.175602,0.0151334,0.943919
real,00022155_024.png,22155,,cardiomegaly_0,-3.8590794,0.020651909,0.9071956
real,00011603_000.png,11603,,cardiomegaly_0,-4.9427986,0.0070840614,0.9652276
real,00001230_001.png,1230,,cardiomegaly_0,-4.962902,0.0069440487,0.9605043
real,00017824_001.png,17824,,cardiomegaly_0,-4.3145237,0.013196442,0.9331053
real,00028706_000.png,28706,,cardiomegaly_0,-0.66950417,0.33860788,0.70299405
real,00012989_001.png,12989,,cardiomegaly_0,-3.6002083,0.026591603,0.8908872
real,00029493_000.png,29493,,cardiomegaly_0,-5.590292,0.003720047,0.9817704
real,00005579_000.png,5579,,cardiomegaly_0,-3.8145504,0.021572012,0.8829131
real,00015795_004.png,15795,,cardiomegaly_0,-2.4324398,0.08073221,0.74689096
real,00000262_000.png,262,,cardiomegaly_0,-4.898552,0.0074021732,0.97185403
real,00019413_000.png,19413,,cardiomegaly_0,-1.9685326,0.12254658,0.7757512
real,00008147_000.png,8147,,cardiomegaly_0,-5.1056976,0.00602558,0.9705717
real,00012951_000.png,12951,,cardiomegaly_0,-1.5757256,0.17140171,0.71640193
real,00024613_000.png,24613,,cardiomegaly_0,-5.622141,0.0036038544,0.9807855
real,00003577_000.png,3577,,cardiomegaly_0,-4.568962,0.01026231,0.94156593
real,00014352_007.png,14352,,cardiomegaly_0,-0.1985836,0.45051658,0.54510677
real,00016509_000.png,16509,,cardiomegaly_0,-1.8615475,0.13452278,0.76735693
real,00010696_000.png,10696,,cardiomegaly_0,-4.885954,0.0074953125,0.9591818
real,00013591_000.png,13591,,cardiomegaly_0,-4.9452267,0.0070670038,0.96577716
real,00027305_000.png,27305,,cardiomegaly_0,-4.3828945,0.0123351,0.95551825
real,00018488_002.png,18488,,cardiomegaly_0,-0.77469444,0.31546447,0.76018363
real,00012626_005.png,12626,,cardiomegaly_0,-4.3365707,0.0129124,0.9502343
real,00023423_000.png,23423,,cardiomegaly_0,-5.3999424,0.0044965306,0.98189634
real,00010481_040.png,10481,,cardiomegaly_0,-4.793583,0.008214687,0.9559627
real,00015111_000.png,15111,,cardiomegaly_0,-4.3344173,0.012939874,0.94322926
real,00023085_009.png,23085,,cardiomegaly_0,-0.8390579,0.30173323,0.71921676
real,00011328_000.png,11328,,cardiomegaly_0,-4.6010838,0.009941129,0.9419495
real,00028475_000.png,28475,,cardiomegaly_0,-2.8599167,0.05417097,0.8129451
real,00022677_005.png,22677,,cardiomegaly_0,3.4682426,0.9697705,0.9553938
real,00003464_000.png,3464,,cardiomegaly_0,-5.1233807,0.005920592,0.97427875
real,00010295_000.png,10295,,cardiomegaly_0,-4.9804,0.0068244203,0.9722322
real,00022527_000.png,22527,,cardiomegaly_0,-4.919895,0.007246994,0.96906155
real,00013970_009.png,13970,,cardiomegaly_0,-3.6967201,0.024204368,0.9104817
real,00001203_003.png,1203,,cardiomegaly_0,-5.2639294,0.0051482883,0.97240865
real,00015228_000.png,15228,,cardiomegaly_0,3.1223278,0.9578044,0.9526882
real,00001136_001.png,1136,,cardiomegaly_0,3.118206,0.95763755,0.95918715
real,00006040_009.png,6040,,cardiomegaly_0,-4.478447,0.011223628,0.942702
real,00008441_000.png,8441,,cardiomegaly_0,-4.859722,0.007692997,0.9688698
real,00015740_000.png,15740,,cardiomegaly_0,-2.9284573,0.050764613,0.801579
real,00007109_011.png,7109,,cardiomegaly_0,-2.282425,0.09258902,0.81322753
real,00019496_000.png,19496,,cardiomegaly_0,-5.1750374,0.005624195,0.96951354
real,00022882_000.png,22882,,cardiomegaly_0,-5.2834663,0.0050491854,0.9759413
real,00022500_000.png,22500,,cardiomegaly_0,-2.8162994,0.05644971,0.83447444
real,00011380_008.png,11380,,cardiomegaly_0,-2.859743,0.054179862,0.83087486
real,00000386_000.png,386,,cardiomegaly_0,-4.6793633,0.009199507,0.9507818
real,00022196_002.png,22196,,cardiomegaly_0,-3.3511696,0.033856884,0.88440305
real,00018597_002.png,18597,,cardiomegaly_0,-4.074812,0.016711395,0.9391513
real,00013969_008.png,13969,,cardiomegaly_0,-4.914051,0.00728916,0.9628857
real,00029579_007.png,29579,,cardiomegaly_0,0.78915787,0.68765044,0.7634598
real,00020485_005.png,20485,,cardiomegaly_0,-3.4160404,0.031797905,0.89680004
real,00005002_001.png,5002,,cardiomegaly_0,5.600933,0.9963192,0.99001426
real,00028053_000.png,28053,,cardiomegaly_0,-5.308193,0.004926473,0.97645533
real,00000417_003.png,417,,cardiomegaly_0,-0.8035984,0.30925632,0.7093445
real,00016439_000.png,16439,,cardiomegaly_0,-5.345026,0.004749165,0.9774987
real,00020531_000.png,20531,,cardiomegaly_0,-4.035269,0.017373744,0.9340494
real,00015435_001.png,15435,,cardiomegaly_0,-0.69667625,0.33254957,0.65799963
real,00002595_001.png,2595,,cardiomegaly_0,-4.596075,0.009990548,0.9549959
real,00016512_000.png,16512,,cardiomegaly_0,-5.3815193,0.0045797555,0.97638965
real,00021023_004.png,21023,,cardiomegaly_0,3.1110878,0.9573478,0.9666226
real,00009273_002.png,9273,,cardiomegaly_0,-0.2950573,0.42676622,0.7796211
real,00002292_001.png,2292,,cardiomegaly_0,-5.1825466,0.0055823545,0.97303665
real,00000757_000.png,757,,cardiomegaly_0,-3.573616,0.027288662,0.9198504
real,00006711_000.png,6711,,cardiomegaly_0,2.3676376,0.91432595,0.9441303
real,00016261_001.png,16261,,cardiomegaly_0,3.5023098,0.9707534,0.9641682
real,00002816_003.png,2816,,cardiomegaly_0,-5.0029526,0.006673251,0.9736413
real,00009378_002.png,9378,,cardiomegaly_0,-4.8175697,0.008021549,0.96234196
real,00023266_004.png,23266,,cardiomegaly_0,-4.5253277,0.010715107,0.9562599
real,00003094_004.png,3094,,cardiomegaly_0,-0.1800785,0.45510164,0.74590236
real,00026807_000.png,26807,,cardiomegaly_0,-5.7504406,0.0031712896,0.9863916
real,00012086_001.png,12086,,cardiomegaly_0,-3.8034344,0.021807887,0.9053889
real,00003917_000.png,3917,,cardiomegaly_0,-4.0287285,0.017485753,0.91245717
real,00010445_003.png,10445,,cardiomegaly_0,-5.115551,0.0059668524,0.9705688
real,00016184_001.png,16184,,cardiomegaly_0,-2.1348476,0.105755664,0.7828622
real,00011598_017.png,11598,,cardiomegaly_0,-2.6855927,0.06382887,0.8318348
real,00025290_002.png,25290,,cardiomegaly_0,1.178524,0.76468235,0.8394075
real,00012363_004.png,12363,,cardiomegaly_0,-5.091072,0.0061138133,0.9767739
real,00011813_000.png,11813,,cardiomegaly_0,-4.993183,0.0067383223,0.96812594
real,00010732_000.png,10732,,cardiomegaly_0,-4.358036,0.012641651,0.92896765
real,00026927_000.png,26927,,cardiomegaly_0,-1.2598705,0.22099617,0.70747006
real,00017786_013.png,17786,,cardiomegaly_0,-4.346691,0.012784042,0.9501738
real,00018642_000.png,18642,,cardiomegaly_0,-1.969101,0.122485474,0.71046716
real,00009668_000.png,9668,,cardiomegaly_0,-5.150276,0.0057643824,0.9767648
real,00005245_000.png,5245,,cardiomegaly_0,-4.82139,0.007991207,0.96089166
real,00010120_004.png,10120,,cardiomegaly_0,-4.7679195,0.008426433,0.96564144
real,00007018_005.png,7018,,cardiomegaly_0,-5.547781,0.0038809723,0.9816713
real,00030385_000.png,30385,,cardiomegaly_0,-5.3998985,0.004496727,0.9800293
real,00021631_001.png,21631,,cardiomegaly_0,-4.959942,0.006964491,0.96638846
real,00005443_000.png,5443,,cardiomegaly_0,-3.4358711,0.031193018,0.87887955
real,00003439_007.png,3439,,cardiomegaly_0,-3.9778156,0.018382266,0.9154489
real,00021114_001.png,21114,,cardiomegaly_0,-0.0730114,0.4817553,0.7259453
real,00006135_000.png,6135,,cardiomegaly_0,6.7357407,0.99881375,0.99384415
real,00006123_001.png,6123,,cardiomegaly_0,-5.3811054,0.004581643,0.9792283
real,00004926_000.png,4926,,cardiomegaly_0,4.764681,0.99154645,0.98549086
real,00019435_003.png,19435,,cardiomegaly_0,-5.3991814,0.004499939,0.9776247
real,00019535_002.png,19535,,cardiomegaly_0,-4.1139126,0.016080882,0.9253069
real,00008342_001.png,8342,,cardiomegaly_0,5.9391193,0.9973725,0.9872247
real,00014843_000.png,14843,,cardiomegaly_0,-0.3270893,0.41894904,0.67723334
real,00002492_010.png,2492,,cardiomegaly_0,-4.1190395,0.015999964,0.94105905
real,00020716_002.png,20716,,cardiomegaly_0,-0.23813248,0.44074664,0.65436435
real,00027353_000.png,27353,,cardiomegaly_0,-4.9465885,0.0070574535,0.96497923
real,00013969_007.png,13969,,cardiomegaly_0,-4.702816,0.00898818,0.9616444
real,00010489_000.png,10489,,cardiomegaly_0,-3.0960808,0.04326921,0.8422097
real,00018011_009.png,18011,,cardiomegaly_0,0.08543968,0.5213469,0.6249668
real,00016518_000.png,16518,,cardiomegaly_0,-4.3907166,0.012240169,0.9539346
real,00013214_001.png,13214,,cardiomegaly_0,-4.7841606,0.00829181,0.95428866
real,00007792_000.png,7792,,cardiomegaly_0,-4.628355,0.009676274,0.9556741
real,00012949_001.png,12949,,cardiomegaly_0,-5.133705,0.005860136,0.9696715
real,00028570_000.png,28570,,cardiomegaly_0,-4.951214,0.0070251143,0.9709104
real,00003628_000.png,3628,,cardiomegaly_0,-3.5141907,0.028911147,0.90144897
real,00026658_002.png,26658,,cardiomegaly_0,-4.1325073,0.015789302,0.93707424
real,00006490_000.png,6490,,cardiomegaly_0,-3.279787,0.03627116,0.87431353
real,00012178_002.png,12178,,cardiomegaly_0,1.2877007,0.78375775,0.8216178
real,00018037_019.png,18037,,cardiomegaly_0,-3.4409676,0.03103937,0.8548127
real,00013360_000.png,13360,,cardiomegaly_0,-3.74395,0.023113584,0.90553373
real,00003640_000.png,3640,,cardiomegaly_0,-5.2017174,0.0054769367,0.9723924
real,00016568_001.png,16568,,cardiomegaly_0,-1.434536,0.19239292,0.74627686
real,00015475_000.png,15475,,cardiomegaly_0,-5.1808414,0.005591829,0.9729678
real,00029314_000.png,29314,,cardiomegaly_0,-5.566105,0.003810774,0.9802774
real,00018011_019.png,18011,,cardiomegaly_0,-3.6026955,0.026527297,0.89977777
real,00009709_007.png,9709,,cardiomegaly_0,-4.1066837,0.01619566,0.9235285
real,00002686_000.png,2686,,cardiomegaly_0,2.591837,0.9303343,0.94135183
real,00025453_000.png,25453,,cardiomegaly_0,-3.9353695,0.01916404,0.9096358
real,00019716_003.png,19716,,cardiomegaly_0,6.9266624,0.99901974,0.9936751
real,00003792_001.png,3792,,cardiomegaly_0,0.11735153,0.52930427,0.7170061
real,00008184_002.png,8184,,cardiomegaly_0,-4.180586,0.015059298,0.930623
real,00000869_006.png,869,,cardiomegaly_0,-4.2465553,0.0141114695,0.94268274
real,00022574_001.png,22574,,cardiomegaly_0,-3.194437,0.039375603,0.84340936
real,00030139_000.png,30139,,cardiomegaly_0,-3.8730469,0.020371294,0.923897
real,00010131_005.png,10131,,cardiomegaly_0,-4.404518,0.01207442,0.9476187
real,00018016_005.png,18016,,cardiomegaly_0,-2.698698,0.063050225,0.80115026
real,00030091_000.png,30091,,cardiomegaly_0,-4.8850327,0.007502169,0.9714429
real,00029426_000.png,29426,,cardiomegaly_0,-5.397295,0.004508397,0.9799783
real,00012902_001.png,12902,,cardiomegaly_0,-4.4585533,0.011446561,0.9440528
real,00016865_001.png,16865,,cardiomegaly_0,-5.192528,0.0055272197,0.9706211
real,00008802_008.png,8802,,cardiomegaly_0,-5.0610943,0.0062986943,0.96708393
real,00029295_000.png,29295,,cardiomegaly_0,-5.6448784,0.0035231218,0.98159707
real,00003689_004.png,3689,,cardiomegaly_0,-5.589466,0.0037231091,0.9868027
real,00003064_042.png,3064,,cardiomegaly_0,-2.2792358,0.0928573,0.7638541
real,00017835_006.png,17835,,cardiomegaly_0,-2.93223,0.050583124,0.8415706
real,00011690_000.png,11690,,cardiomegaly_0,-3.5802975,0.027111871,0.9205321
real,00004976_003.png,4976,,cardiomegaly_0,-0.7173557,0.32797554,0.72518396
real,00009381_000.png,9381,,cardiomegaly_0,5.376629,0.99539787,0.9892424
real,00010600_000.png,10600,,cardiomegaly_0,-4.3641243,0.012565883,0.94440347
real,00028889_000.png,28889,,cardiomegaly_0,-3.9504662,0.018882323,0.92655003
real,00027693_000.png,27693,,cardiomegaly_0,1.0827656,0.747017,0.80523765
real,00003769_002.png,3769,,cardiomegaly_0,0.8655853,0.70382625,0.8083209
real,00019303_000.png,19303,,cardiomegaly_0,-5.1306305,0.005878075,0.9766055
real,00013759_000.png,13759,,cardiomegaly_0,-5.4012985,0.0044904645,0.9813891
real,00016083_003.png,16083,,cardiomegaly_0,-4.134533,0.015757855,0.9266616
real,00006981_018.png,6981,,cardiomegaly_0,-5.516489,0.004003842,0.98060966
real,00024924_000.png,24924,,cardiomegaly_0,-4.6232033,0.009725766,0.9572706
real,00005532_041.png,5532,,cardiomegaly_0,0.85842896,0.7023323,0.65638405
real,00011149_000.png,11149,,cardiomegaly_0,-4.2053566,0.014696265,0.9406598
real,00005623_000.png,5623,,cardiomegaly_0,-4.436693,0.011696581,0.95031434
real,00011116_000.png,11116,,cardiomegaly_0,-4.500351,0.01098313,0.9457156
real,00028822_001.png,28822,,cardiomegaly_0,-3.1131802,0.042566847,0.87761545
real,00005410_003.png,5410,,cardiomegaly_0,-0.56097794,0.3633212,0.7088379
real,00023468_000.png,23468,,cardiomegaly_0,-4.6334724,0.009627359,0.9487657
real,00010465_005.png,10465,,cardiomegaly_0,-3.9934978,0.018101417,0.92383087
real,00012536_004.png,12536,,cardiomegaly_0,-0.81191444,0.3074827,0.74423134
real,00012772_000.png,12772,,cardiomegaly_0,-5.0133038,0.006604985,0.9638343
real,00009905_000.png,9905,,cardiomegaly_0,-0.13589287,0.46607894,0.615007
real,00014094_000.png,14094,,cardiomegaly_0,-0.5828018,0.35828814,0.6946075
real,00021346_000.png,21346,,cardiomegaly_0,1.780344,0.8557393,0.86459047
real,00016801_003.png,16801,,cardiomegaly_0,1.9195404,0.8720871,0.90122116
real,00009335_000.png,9335,,cardiomegaly_0,-4.0875034,0.016504118,0.92485493
real,00009932_006.png,9932,,cardiomegaly_0,1.6196537,0.8347473,0.849162
real,00024029_000.png,24029,,cardiomegaly_0,-4.642561,0.009541086,0.9545963
real,00005708_000.png,5708,,cardiomegaly_0,-5.2137623,0.0054117176,0.9744519
real,00019911_000.png,19911,,cardiomegaly_0,-2.2829094,0.09254832,0.77913105
real,00004608_000.png,4608,,cardiomegaly_0,-4.184431,0.01500237,0.9480962
real,00010071_005.png,10071,,cardiomegaly_0,-2.2587948,0.09459354,0.8218003
real,00001548_000.png,1548,,cardiomegaly_0,-4.485937,0.011140809,0.94348747
real,00011910_012.png,11910,,cardiomegaly_0,-4.597683,0.009974657,0.9609227
real,00020811_020.png,20811,,cardiomegaly_0,-3.8933334,0.019970365,0.9269547
real,00029311_003.png,29311,,cardiomegaly_0,-5.3764286,0.0046030222,0.98002803
real,00003174_002.png,3174,,cardiomegaly_0,-4.1685925,0.015238228,0.93641436
real,00024737_001.png,24737,,cardiomegaly_0,-5.656109,0.003483914,0.9817324
real,00027582_002.png,27582,,cardiomegaly_0,3.0067024,0.95287603,0.9715617
real,00003752_000.png,3752,,cardiomegaly_0,-4.168503,0.015239575,0.9447673
real,00010279_002.png,10279,,cardiomegaly_0,2.9022083,0.9479555,0.9585416
real,00020502_001.png,20502,,cardiomegaly_0,-4.0487633,0.01714486,0.93053645
real,00029742_002.png,29742,,cardiomegaly_0,-4.4172134,0.011923917,0.9554034
real,00017381_000.png,17381,,cardiomegaly_0,-5.457283,0.004247014,0.97928745
real,00027326_000.png,27326,,cardiomegaly_0,-5.5765,0.0037715144,0.98182976
real,00011359_000.png,11359,,cardiomegaly_0,-5.356966,0.0046930616,0.9759468
real,00005401_005.png,5401,,cardiomegaly_0,-4.7519817,0.008560649,0.95791346
real,00020884_000.png,20884,,cardiomegaly_0,-4.848776,0.00777701,0.96121615
real,00007795_000.png,7795,,cardiomegaly_0,-1.852478,0.13558221,0.6867066
real,00023636_000.png,23636,,cardiomegaly_0,-5.2102203,0.0054308153,0.97324264
real,00019201_010.png,19201,,cardiomegaly_0,-4.085703,0.016533371,0.93389046
real,00014319_000.png,14319,,cardiomegaly_0,1.7518063,0.8521805,0.8652622
real,00016498_001.png,16498,,cardiomegaly_0,-5.0520554,0.0063555227,0.97003925
real,00020286_025.png,20286,,cardiomegaly_0,0.27575874,0.5685061,0.7714371
real,00024192_000.png,24192,,cardiomegaly_0,-4.962183,0.006949009,0.96296275
real,00013886_000.png,13886,,cardiomegaly_0,-4.778223,0.008340778,0.9635555
real,00004490_004.png,4490,,cardiomegaly_0,-4.9639816,0.0069366074,0.97228646
real,00017603_029.png,17603,,cardiomegaly_0,-4.253708,0.014012307,0.93733203
real,00007935_000.png,7935,,cardiomegaly_0,7.514921,0.9994554,0.9945013
real,00010650_000.png,10650,,cardiomegaly_0,-1.8825645,0.13209458,0.7355229
real,00007505_000.png,7505,,cardiomegaly_0,-4.3411503,0.012854161,0.9469011
real,00010286_001.png,10286,,cardiomegaly_0,-4.3451443,0.01280358,0.9426759
real,00017835_002.png,17835,,cardiomegaly_0,-4.0857162,0.016533153,0.93554366
edit,00001059_006.png,1059,0.0,cardiomegaly_0,-2.7111988,0.062315762,0.8234129
edit,00001174_000.png,1174,0.0,cardiomegaly_0,-5.19298,0.0055247354,0.9724367
edit,00001470_001.png,1470,0.0,cardiomegaly_0,1.0741329,0.7453821,0.8644919
edit,00001606_004.png,1606,0.0,cardiomegaly_0,-2.150837,0.10425304,0.75042725
edit,00002139_000.png,2139,0.0,cardiomegaly_0,-3.6368904,0.025658414,0.89014983
edit,00002355_005.png,2355,0.0,cardiomegaly_0,-0.6990471,0.33202353,0.6870665
edit,00002492_010.png,2492,0.0,cardiomegaly_0,-4.113722,0.0160839,0.9341248
edit,00002566_000.png,2566,0.0,cardiomegaly_0,-0.6255207,0.34852692,0.66827625
edit,00003064_010.png,3064,0.0,cardiomegaly_0,-3.1504307,0.041074313,0.8467605
edit,00003804_012.png,3804,0.0,cardiomegaly_0,-4.248823,0.0140799545,0.9460195
edit,00003917_000.png,3917,0.0,cardiomegaly_0,-3.2457771,0.037478924,0.84044087
edit,00004057_000.png,4057,0.0,cardiomegaly_0,-3.964548,0.018623205,0.92486393
edit,00005623_000.png,5623,0.0,cardiomegaly_0,-4.47921,0.011215164,0.95104545
edit,00006012_000.png,6012,0.0,cardiomegaly_0,-4.812681,0.008060542,0.9662097
edit,00006791_002.png,6791,0.0,cardiomegaly_0,-1.9923096,0.12001274,0.73914
edit,00006921_000.png,6921,0.0,cardiomegaly_0,-4.7770386,0.008350581,0.96561235
edit,00006981_017.png,6981,0.0,cardiomegaly_0,-5.107937,0.006012184,0.97219574
edit,00007082_000.png,7082,0.0,cardiomegaly_0,-0.9999447,0.2689523,0.6711413
edit,00007159_000.png,7159,0.0,cardiomegaly_0,-0.93982697,0.2809353,0.682364
edit,00007340_004.png,7340,0.0,cardiomegaly_0,-3.3311234,0.034518775,0.9022927
edit,00007589_000.png,7589,0.0,cardiomegaly_0,-5.19853,0.0054943245,0.9749723
edit,00007931_000.png,7931,0.0,cardiomegaly_0,-1.8218269,0.1392148,0.74231464
edit,00008142_005.png,8142,0.0,cardiomegaly_0,-5.1651917,0.005679527,0.9723129
edit,00008147_000.png,8147,0.0,cardiomegaly_0,-5.112526,0.005984822,0.97008824
edit,00008184_003.png,8184,0.0,cardiomegaly_0,-4.430916,0.011763555,0.95363235
edit,00008359_000.png,8359,0.0,cardiomegaly_0,-3.4595566,0.030485136,0.8808595
edit,00008386_001.png,8386,0.0,cardiomegaly_0,-4.501587,0.010969712,0.9618583
edit,00008802_008.png,8802,0.0,cardiomegaly_0,-4.700548,0.009008404,0.96234745
edit,00009090_001.png,9090,0.0,cardiomegaly_0,-0.90265846,0.28850448,0.6584225
edit,00009105_003.png,9105,0.0,cardiomegaly_0,-4.540823,0.010552092,0.9469652
edit,00009306_000.png,9306,0.0,cardiomegaly_0,-4.743986,0.008628778,0.970168
edit,00009335_000.png,9335,0.0,cardiomegaly_0,-3.0413723,0.04559142,0.82868624
edit,00009409_002.png,9409,0.0,cardiomegaly_0,-4.4591312,0.011440024,0.94359285
edit,00009761_000.png,9761,0.0,cardiomegaly_0,2.6091938,0.93145096,0.91528887
edit,00010465_001.png,10465,0.0,cardiomegaly_0,-3.761219,0.022726852,0.9200222
edit,00010892_000.png,10892,0.0,cardiomegaly_0,-4.1488533,0.015537288,0.9539917
edit,00010931_003.png,10931,0.0,cardiomegaly_0,-4.4143047,0.011958236,0.95247656
edit,00010964_000.png,10964,0.0,cardiomegaly_0,-4.887539,0.0074835313,0.9696624
edit,00011611_000.png,11611,0.0,cardiomegaly_0,-4.8533077,0.007742118,0.9675375
edit,00012129_000.png,12129,0.0,cardiomegaly_0,-4.6426506,0.009540239,0.9593592
edit,00012400_000.png,12400,0.0,cardiomegaly_0,-4.2652225,0.013854108,0.9216484
edit,00012772_003.png,12772,0.0,cardiomegaly_0,-4.9024487,0.007373598,0.9656277
edit,00012902_001.png,12902,0.0,cardiomegaly_0,-4.4415855,0.011640161,0.94360185
edit,00013441_000.png,13441,0.0,cardiomegaly_0,-3.4631538,0.030378995,0.8558818
edit,00013678_003.png,13678,0.0,cardiomegaly_0,-2.5079308,0.075304076,0.8034845
edit,00013759_000.png,13759,0.0,cardiomegaly_0,-5.421156,0.004402564,0.9815294
edit,00014281_000.png,14281,0.0,cardiomegaly_0,-5.0208397,0.0065557226,0.9714644
edit,00014295_001.png,14295,0.0,cardiomegaly_0,-5.5055256,0.004047801,0.9834665
edit,00014387_006.png,14387,0.0,cardiomegaly_0,0.1287632,0.5321464,0.7220076
edit,00014838_000.png,14838,0.0,cardiomegaly_0,-3.2420063,0.03761519,0.87071216
edit,00014954_000.png,14954,0.0,cardiomegaly_0,-5.3383274,0.0047809314,0.97944325
edit,00015056_005.png,15056,0.0,cardiomegaly_0,0.89271736,0.7094506,0.79639035
edit,00015087_011.png,15087,0.0,cardiomegaly_0,-3.5789146,0.02714837,0.903955
edit,00016191_019.png,16191,0.0,cardiomegaly_0,-2.0271683,0.116379805,0.7672612
edit,00016245_000.png,16245,0.0,cardiomegaly_0,-5.690151,0.003367702,0.98382276
edit,00016498_001.png,16498,0.0,cardiomegaly_0,-5.2054825,0.005456466,0.97308356
edit,00016509_001.png,16509,0.0,cardiomegaly_0,-1.933588,0.12635396,0.7278497
edit,00016512_001.png,16512,0.0,cardiomegaly_0,-4.4271755,0.011807116,0.9374525
edit,00016724_002.png,16724,0.0,cardiomegaly_0,0.42998505,0.6058701,0.77496004
edit,00016865_000.png,16865,0.0,cardiomegaly_0,-4.7244797,0.008797252,0.9582233
edit,00016907_000.png,16907,0.0,cardiomegaly_0,-4.095646,0.016372472,0.9408994
edit,00017381_000.png,17381,0.0,cardiomegaly_0,-4.5786915,0.010163957,0.9509631
edit,00018008_000.png,18008,0.0,cardiomegaly_0,-4.812725,0.008060192,0.9679445
edit,00018011_000.png,18011,0.0,cardiomegaly_0,-2.7330189,0.061052874,0.7865951
edit,00018488_002.png,18488,0.0,cardiomegaly_0,-0.7764263,0.3150906,0.7491536
edit,00018616_000.png,18616,0.0,cardiomegaly_0,0.29807281,0.57397133,0.7451344
edit,00019435_003.png,19435,0.0,cardiomegaly_0,-5.3214703,0.0048618126,0.97730243
edit,00019535_002.png,19535,0.0,cardiomegaly_0,-3.1082802,0.042766996,0.85272187
edit,00019544_000.png,19544,0.0,cardiomegaly_0,-5.042158,0.006418331,0.96707636
edit,00019911_001.png,19911,0.0,cardiomegaly_0,-3.9785843,0.0183684,0.91863817
edit,00020318_024.png,20318,0.0,cardiomegaly_0,-0.84822655,0.299805,0.7653018
edit,00020341_000.png,20341,0.0,cardiomegaly_0,-3.4796333,0.029897312,0.88452965
edit,00020642_006.png,20642,0.0,cardiomegaly_0,-4.77137,0.008397653,0.96344334
edit,00020674_000.png,20674,0.0,cardiomegaly_0,-4.9845467,0.0067963726,0.9723544
edit,00020716_002.png,20716,0.0,cardiomegaly_0,-1.7527161,0.14770494,0.62806016
edit,00020802_000.png,20802,0.0,cardiomegaly_0,-5.199089,0.005491271,0.97476447
edit,00021023_024.png,21023,0.0,cardiomegaly_0,-4.340601,0.012861133,0.9411252
edit,00021569_000.png,21569,0.0,cardiomegaly_0,-5.072321,0.006228815,0.97172517
edit,00022341_000.png,22341,0.0,cardiomegaly_0,-5.371893,0.0046238503,0.9793786
edit,00022582_001.png,22582,0.0,cardiomegaly_0,-4.794956,0.008203507,0.951461
edit,00022712_000.png,22712,0.0,cardiomegaly_0,-4.904278,0.0073602214,0.96707284
edit,00023621_000.png,23621,0.0,cardiomegaly_0,-4.502289,0.010962099,0.9516506
edit,00023776_000.png,23776,0.0,cardiomegaly_0,-4.5807495,0.010143273,0.9547306
edit,00024192_000.png,24192,0.0,cardiomegaly_0,-4.9529037,0.0070133363,0.96605533
edit,00024326_000.png,24326,0.0,cardiomegaly_0,-5.3356113,0.0047938726,0.982265
edit,00024474_000.png,24474,0.0,cardiomegaly_0,-5.3598804,0.0046794675,0.97780687
edit,00024583_000.png,24583,0.0,cardiomegaly_0,-5.265503,0.005140235,0.97746396
edit,00025054_000.png,25054,0.0,cardiomegaly_0,-5.23015,0.005324222,0.9799959
edit,00026354_001.png,26354,0.0,cardiomegaly_0,-1.0344028,0.2622314,0.6760783
edit,00026807_000.png,26807,0.0,cardiomegaly_0,-5.742182,0.0031975051,0.9857974
edit,00027305_000.png,27305,0.0,cardiomegaly_0,-4.102516,0.016262198,0.9503936
edit,00028027_005.png,28027,0.0,cardiomegaly_0,1.563055,0.8267913,0.8845884
edit,00028053_000.png,28053,0.0,cardiomegaly_0,-5.4796925,0.0041532903,0.9804834
edit,00028457_000.png,28457,0.0,cardiomegaly_0,-2.0527973,0.11377002,0.669954
edit,00028962_000.png,28962,0.0,cardiomegaly_0,-4.270319,0.013784651,0.95107484
edit,00029393_000.png,29393,0.0,cardiomegaly_0,-0.7696934,0.31654543,0.603795
edit,00029569_000.png,29569,0.0,cardiomegaly_0,-1.0749588,0.2544612,0.6300125
edit,00029648_000.png,29648,0.0,cardiomegaly_0,-5.0239887,0.006535245,0.97272295
edit,00030332_000.png,30332,0.0,cardiomegaly_0,-5.302105,0.00495641,0.98029274
edit,00030805_000.png,30805,0.0,cardiomegaly_0,-3.4137,0.031870037,0.86794394
edit,00001059_006.png,1059,0.06,cardiomegaly_0,-1.1624756,0.23821777,0.6456389
edit,00001174_000.png,1174,0.06,cardiomegaly_0,-4.7596436,0.008495864,0.9622369
edit,00001470_001.png,1470,0.06,cardiomegaly_0,1.9926987,0.88002837,0.9390032
edit,00001606_004.png,1606,0.06,cardiomegaly_0,1.8777847,0.8673565,0.889576
edit,00002139_000.png,2139,0.06,cardiomegaly_0,-3.0970268,0.043230064,0.82369363
edit,00002355_005.png,2355,0.06,cardiomegaly_0,3.2523727,0.96275824,0.9701213
edit,00002492_010.png,2492,0.06,cardiomegaly_0,-3.3707275,0.033222932,0.8997779
edit,00002566_000.png,2566,0.06,cardiomegaly_0,1.0762482,0.7457833,0.81821287
edit,00003064_010.png,3064,0.06,cardiomegaly_0,-2.50745,0.075337544,0.78157115
edit,00003804_012.png,3804,0.06,cardiomegaly_0,-3.889803,0.020039579,0.9276139
edit,00003917_000.png,3917,0.06,cardiomegaly_0,-2.4573078,0.07890578,0.72719866
edit,00004057_000.png,4057,0.06,cardiomegaly_0,-3.834797,0.021148792,0.90947944
edit,00005623_000.png,5623,0.06,cardiomegaly_0,-4.425091,0.011831465,0.9468405
edit,00006012_000.png,6012,0.06,cardiomegaly_0,-3.6797276,0.024608968,0.903945
edit,00006791_002.png,6791,0.06,cardiomegaly_0,1.8377914,0.8626873,0.8918237
edit,00006921_000.png,6921,0.06,cardiomegaly_0,-4.5539265,0.010416156,0.9578454
edit,00006981_017.png,6981,0.06,cardiomegaly_0,-4.7282925,0.008764068,0.9656291
edit,00007082_000.png,7082,0.06,cardiomegaly_0,1.2916927,0.7844336,0.8256989
edit,00007159_000.png,7159,0.06,cardiomegaly_0,2.3908958,0.9161304,0.9325715
edit,00007340_004.png,7340,0.06,cardiomegaly_0,-3.1546707,0.040907633,0.8826895
edit,00007589_000.png,7589,0.06,cardiomegaly_0,-4.849888,0.007768434,0.9688099
edit,00007931_000.png,7931,0.06,cardiomegaly_0,0.5039787,0.6233939,0.7488962
edit,00008142_005.png,8142,0.06,cardiomegaly_0,-5.1237335,0.0059185154,0.9718534
edit,00008147_000.png,8147,0.06,cardiomegaly_0,-4.901951,0.0073772427,0.9664509
edit,00008184_003.png,8184,0.06,cardiomegaly_0,-3.577362,0.027189404,0.9024704
edit,00008359_000.png,8359,0.06,cardiomegaly_0,-1.2760143,0.21822944,0.6597166
edit,00008386_001.png,8386,0.06,cardiomegaly_0,-4.184614,0.014999664,0.9485876
edit,00008802_008.png,8802,0.06,cardiomegaly_0,-4.5465126,0.010492853,0.95453244
edit,00009090_001.png,9090,0.06,cardiomegaly_0,6.5966644,0.9986369,0.9938173
edit,00009105_003.png,9105,0.06,cardiomegaly_0,-4.1550865,0.015442233,0.926221
edit,00009306_000.png,9306,0.06,cardiomegaly_0,-4.196846,0.014820011,0.9455998
edit,00009335_000.png,9335,0.06,cardiomegaly_0,-1.5376492,0.17687728,0.6778406
edit,00009409_002.png,9409,0.06,cardiomegaly_0,-3.9953423,0.018068664,0.9222591
edit,00009761_000.png,9761,0.06,cardiomegaly_0,4.0003223,0.9820195,0.97587407
edit,00010465_001.png,10465,0.06,cardiomegaly_0,-1.6372681,0.16283713,0.6705835
edit,00010892_000.png,10892,0.06,cardiomegaly_0,-3.6717606,0.024800928,0.93000203
edit,00010931_003.png,10931,0.06,cardiomegaly_0,-3.8328228,0.021189695,0.91218626
edit,00010964_000.png,10964,0.06,cardiomegaly_0,-3.8446808,0.020945145,0.9250129
edit,00011611_000.png,11611,0.06,cardiomegaly_0,-4.603716,0.009915257,0.95158803
edit,00012129_000.png,12129,0.06,cardiomegaly_0,-4.45508,0.01148593,0.95400447
edit,00012400_000.png,12400,0.06,cardiomegaly_0,-2.2882462,0.0921011,0.7255146
edit,00012772_003.png,12772,0.06,cardiomegaly_0,-4.843115,0.007820816,0.96507174
edit,00012902_001.png,12902,0.06,cardiomegaly_0,-4.0196533,0.017642347,0.92889947
edit,00013441_000.png,13441,0.06,cardiomegaly_0,-2.9190254,0.051221043,0.7894246
edit,00013678_003.png,13678,0.06,cardiomegaly_0,-0.98651123,0.2716017,0.66666824
edit,00013759_000.png,13759,0.06,cardiomegaly_0,-5.3300705,0.00482038,0.97976637
edit,00014281_000.png,14281,0.06,cardiomegaly_0,-4.810457,0.008078344,0.961386
edit,00014295_001.png,14295,0.06,cardiomegaly_0,-5.459141,0.0042391648,0.9814251
edit,00014387_006.png,14387,0.06,cardiomegaly_0,0.8689022,0.7045172,0.79422164
edit,00014838_000.png,14838,0.06,cardiomegaly_0,-0.26334953,0.4345405,0.6483609
edit,00014954_000.png,14954,0.06,cardiomegaly_0,-5.1777306,0.0056091533,0.9777824
edit,00015056_005.png,15056,0.06,cardiomegaly_0,3.9774494,0.98161113,0.9806187
edit,00015087_011.png,15087,0.06,cardiomegaly_0,-0.37127113,0.40823394,0.7048662
edit,00016191_019.png,16191,0.06,cardiomegaly_0,-1.3324585,0.20875299,0.7183042
edit,00016245_000.png,16245,0.06,cardiomegaly_0,-5.417013,0.0044207596,0.97970134
edit,00016498_001.png,16498,0.06,cardiomegaly_0,-5.130121,0.0058810515,0.96957517
edit,00016509_001.png,16509,0.06,cardiomegaly_0,1.4077625,0.8034128,0.85137427
edit,00016512_001.png,16512,0.06,cardiomegaly_0,-3.3485813,0.033941653,0.82713574
edit,00016724_002.png,16724,0.06,cardiomegaly_0,1.9721851,0.87784564,0.90647584
edit,00016865_000.png,16865,0.06,cardiomegaly_0,-3.8494892,0.020846767,0.9145537
edit,00016907_000.png,16907,0.06,cardiomegaly_0,-4.0698605,0.016792951,0.93479717
edit,00017381_000.png,17381,0.06,cardiomegaly_0,-4.350151,0.012740448,0.9452328
edit,00018008_000.png,18008,0.06,cardiomegaly_0,-4.6794567,0.009198655,0.9599535
edit,00018011_000.png,18011,0.06,cardiomegaly_0,-0.72589684,0.3260958,0.53347445
edit,00018488_002.png,18488,0.06,cardiomegaly_0,-0.9912796,0.2706594,0.7355387
edit,00018616_000.png,18616,0.06,cardiomegaly_0,0.69628716,0.6673641,0.78348076
edit,00019435_003.png,19435,0.06,cardiomegaly_0,-5.2533836,0.005202584,0.9723603
edit,00019535_002.png,19535,0.06,cardiomegaly_0,-3.186802,0.039665423,0.86485934
edit,00019544_000.png,19544,0.06,cardiomegaly_0,-4.417534,0.011920143,0.94354403
edit,00019911_001.png,19911,0.06,cardiomegaly_0,-3.7406635,0.023187904,0.9027231
edit,00020318_024.png,20318,0.06,cardiomegaly_0,-0.76540756,0.31747338,0.7630367
edit,00020341_000.png,20341,0.06,cardiomegaly_0,-3.3417912,0.034165006,0.86014736
edit,00020642_006.png,20642,0.06,cardiomegaly_0,-4.039034,0.017309584,0.93136483
edit,00020674_000.png,20674,0.06,cardiomegaly_0,-5.0316505,0.0064856876,0.97200847
edit,00020716_002.png,20716,0.06,cardiomegaly_0,0.80277634,0.6905681,0.73738956
edit,00020802_000.png,20802,0.06,cardiomegaly_0,-5.1913967,0.0055334405,0.9765815
edit,00021023_024.png,21023,0.06,cardiomegaly_0,-4.3127155,0.01322001,0.9404175
edit,00021569_000.png,21569,0.06,cardiomegaly_0,-4.619255,0.009763865,0.95330125
edit,00022341_000.png,22341,0.06,cardiomegaly_0,-5.104372,0.0060335253,0.9718806
edit,00022582_001.png,22582,0.06,cardiomegaly_0,-3.9866505,0.018223524,0.9073097
edit,00022712_000.png,22712,0.06,cardiomegaly_0,-4.8145313,0.008045763,0.9592665
edit,00023621_000.png,23621,0.06,cardiomegaly_0,-3.1474457,0.041192044,0.8097134
edit,00023776_000.png,23776,0.06,cardiomegaly_0,-4.1798115,0.015070788,0.94225824
edit,00024192_000.png,24192,0.06,cardiomegaly_0,-4.434992,0.011716264,0.94462085
edit,00024326_000.png,24326,0.06,cardiomegaly_0,-5.222023,0.0053674364,0.9800925
edit,00024474_000.png,24474,0.06,cardiomegaly_0,-5.145939,0.005789294,0.97524476
edit,00024583_000.png,24583,0.06,cardiomegaly_0,-5.2139435,0.0054107425,0.9731642
edit,00025054_000.png,25054,0.06,cardiomegaly_0,-4.8757114,0.0075718933,0.9725471
edit,00026354_001.png,26354,0.06,cardiomegaly_0,1.7977905,0.85787976,0.8845065
edit,00026807_000.png,26807,0.06,cardiomegaly_0,-5.734461,0.0032222087,0.98739713
edit,00027305_000.png,27305,0.06,cardiomegaly_0,-4.087282,0.016507711,0.9499075
edit,00028027_005.png,28027,0.06,cardiomegaly_0,1.7351055,0.85006434,0.8918527
edit,00028053_000.png,28053,0.06,cardiomegaly_0,-5.351261,0.004719785,0.9794671
edit,00028457_000.png,28457,0.06,cardiomegaly_0,2.9084206,0.94826114,0.94949657
edit,00028962_000.png,28962,0.06,cardiomegaly_0,-3.9752197,0.018429166,0.9335932
edit,00029393_000.png,29393,0.06,cardiomegaly_0,1.6491928,0.83878195,0.8636637
edit,00029569_000.png,29569,0.06,cardiomegaly_0,2.1736107,0.8978546,0.8786688
edit,00029648_000.png,29648,0.06,cardiomegaly_0,-4.0473614,0.017168501,0.9364109
edit,00030332_000.png,30332,0.06,cardiomegaly_0,-4.9050884,0.007354302,0.9676705
edit,00030805_000.png,30805,0.06,cardiomegaly_0,-0.990469,0.27081946,0.6012127
edit,00001059_006.png,1059,0.12,cardiomegaly_0,0.44499016,0.6094475,0.7267071
edit,00001174_000.png,1174,0.12,cardiomegaly_0,-3.794838,0.021992026,0.90864855
edit,00001470_001.png,1470,0.12,cardiomegaly_0,2.2691517,0.90628976,0.95295024
edit,00001606_004.png,1606,0.12,cardiomegaly_0,6.6044865,0.9986475,0.9914503
edit,00002139_000.png,2139,0.12,cardiomegaly_0,-1.3324337,0.20875709,0.6476289
edit,00002355_005.png,2355,0.12,cardiomegaly_0,7.0344563,0.9991198,0.99497026
edit,00002492_010.png,2492,0.12,cardiomegaly_0,-2.2198963,0.09797796,0.80579656
edit,00002566_000.png,2566,0.12,cardiomegaly_0,7.029604,0.9991155,0.99482375
edit,00003064_010.png,3064,0.12,cardiomegaly_0,-0.75645256,0.31941694,0.62618715
edit,00003804_012.png,3804,0.12,cardiomegaly_0,-3.490738,0.029576916,0.8844133
edit,00003917_000.png,3917,0.12,cardiomegaly_0,-1.120348,0.24594675,0.60747635
edit,00004057_000.png,4057,0.12,cardiomegaly_0,-3.7686691,0.022561971,0.90048313
edit,00005623_000.png,5623,0.12,cardiomegaly_0,-4.2645073,0.013863882,0.9381323
edit,00006012_000.png,6012,0.12,cardiomegaly_0,-1.1180096,0.24638069,0.6912352
edit,00006791_002.png,6791,0.12,cardiomegaly_0,6.1242085,0.9978155,0.9931818
edit,00006921_000.png,6921,0.12,cardiomegaly_0,-4.5181217,0.010791764,0.9544119
edit,00006981_017.png,6981,0.12,cardiomegaly_0,-4.715021,0.008880113,0.96063626
edit,00007082_000.png,7082,0.12,cardiomegaly_0,4.5995045,0.9900433,0.98749024
edit,00007159_000.png,7159,0.12,cardiomegaly_0,6.490404,0.99848443,0.99366575
edit,00007340_004.png,7340,0.12,cardiomegaly_0,-2.2799606,0.092796266,0.79553753
edit,00007589_000.png,7589,0.12,cardiomegaly_0,-4.664114,0.009339548,0.95832783
edit,00007931_000.png,7931,0.12,cardiomegaly_0,2.1087341,0.8917492,0.91948056
edit,00008142_005.png,8142,0.12,cardiomegaly_0,-4.996958,0.0067131063,0.9663807
edit,00008147_000.png,8147,0.12,cardiomegaly_0,-4.5224895,0.010745234,0.954093
edit,00008184_003.png,8184,0.12,cardiomegaly_0,-2.8556328,0.05439088,0.8549843
edit,00008359_000.png,8359,0.12,cardiomegaly_0,5.387041,0.9954454,0.98414487
edit,00008386_001.png,8386,0.12,cardiomegaly_0,-3.5050507,0.029168865,0.89770496
edit,00008802_008.png,8802,0.12,cardiomegaly_0,-3.474289,0.030052708,0.8825084
edit,00009090_001.png,9090,0.12,cardiomegaly_0,7.949894,0.9996474,0.9972641
edit,00009105_003.png,9105,0.12,cardiomegaly_0,-3.0565414,0.0449359,0.8445848
edit,00009306_000.png,9306,0.12,cardiomegaly_0,-3.2721233,0.036540005,0.8905918
edit,00009335_000.png,9335,0.12,cardiomegaly_0,3.090311,0.95649135,0.96147996
edit,00009409_002.png,9409,0.12,cardiomegaly_0,-2.9782848,0.04841659,0.82039714
edit,00009761_000.png,9761,0.12,cardiomegaly_0,5.9566135,0.99741805,0.9913069
edit,00010465_001.png,10465,0.12,cardiomegaly_0,1.5150661,0.81981075,0.8242256
edit,00010892_000.png,10892,0.12,cardiomegaly_0,-3.2825012,0.036176406,0.89411634
edit,00010931_003.png,10931,0.12,cardiomegaly_0,-2.0309029,0.11599631,0.6764429
edit,00010964_000.png,10964,0.12,cardiomegaly_0,1.3671551,0.7969202,0.81644475
edit,00011611_000.png,11611,0.12,cardiomegaly_0,-3.796112,0.021964638,0.9079373
edit,00012129_000.png,12129,0.12,cardiomegaly_0,-3.4832783,0.02979178,0.88312215
edit,00012400_000.png,12400,0.12,cardiomegaly_0,3.1746254,0.95986813,0.94608873
edit,00012772_003.png,12772,0.12,cardiomegaly_0,-4.4635544,0.0113901105,0.9429208
edit,00012902_001.png,12902,0.12,cardiomegaly_0,-2.6040516,0.06887812,0.78768516
edit,00013441_000.png,13441,0.12,cardiomegaly_0,-0.46180153,0.38655853,0.57026136
edit,00013678_003.png,13678,0.12,cardiomegaly_0,3.4775429,0.970042,0.9688973
edit,00013759_000.png,13759,0.12,cardiomegaly_0,-5.3692436,0.00463606,0.9780351
edit,00014281_000.png,14281,0.12,cardiomegaly_0,-4.411007,0.011997262,0.9419616
edit,00014295_001.png,14295,0.12,cardiomegaly_0,-5.226568,0.005343226,0.9793395
edit,00014387_006.png,14387,0.12,cardiomegaly_0,0.8375416,0.69794714,0.7940893
edit,00014838_000.png,14838,0.12,cardiomegaly_0,3.979824,0.9816539,0.9767869
edit,00014954_000.png,14954,0.12,cardiomegaly_0,-4.9071293,0.0073394175,0.9687691
edit,00015056_005.png,15056,0.12,cardiomegaly_0,6.6320763,0.99868435,0.99426097
edit,00015087_011.png,15087,0.12,cardiomegaly_0,4.125469,0.9841009,0.9820798
edit,00016191_019.png,16191,0.12,cardiomegaly_0,0.13106918,0.53272045,0.7263669
edit,00016245_000.png,16245,0.12,cardiomegaly_0,-5.2966976,0.004983149,0.9753868
edit,00016498_001.png,16498,0.12,cardiomegaly_0,-4.8430233,0.007821526,0.9633681
edit,00016509_001.png,16509,0.12,cardiomegaly_0,4.152069,0.98451185,0.97919047
edit,00016512_001.png,16512,0.12,cardiomegaly_0,0.49456215,0.62118053,0.621475
edit,00016724_002.png,16724,0.12,cardiomegaly_0,3.950346,0.98111546,0.98017895
edit,00016865_000.png,16865,0.12,cardiomegaly_0,-1.2630253,0.22045353,0.6317494
edit,00016907_000.png,16907,0.12,cardiomegaly_0,-4.0538807,0.017058842,0.93375164
edit,00017381_000.png,17381,0.12,cardiomegaly_0,-4.001066,0.017967388,0.93342286
edit,00018008_000.png,18008,0.12,cardiomegaly_0,-4.7602425,0.008490821,0.9645182
edit,00018011_000.png,18011,0.12,cardiomegaly_0,3.6693707,0.97514117,0.95589536
edit,00018488_002.png,18488,0.12,cardiomegaly_0,-0.77132607,0.3161923,0.7091203
edit,00018616_000.png,18616,0.12,cardiomegaly_0,3.2855148,0.9639285,0.9664498
edit,00019435_003.png,19435,0.12,cardiomegaly_0,-5.1170254,0.005958114,0.97200197
edit,00019535_002.png,19535,0.12,cardiomegaly_0,-2.227312,0.09732453,0.7515122
edit,00019544_000.png,19544,0.12,cardiomegaly_0,-1.5906143,0.16929749,0.668088
edit,00019911_001.png,19911,0.12,cardiomegaly_0,-3.1283054,0.041954663,0.8324061
edit,00020318_024.png,20318,0.12,cardiomegaly_0,-0.36940193,0.40868556,0.7478717
edit,00020341_000.png,20341,0.12,cardiomegaly_0,-3.1762333,0.040069968,0.8600164
edit,00020642_006.png,20642,0.12,cardiomegaly_0,-3.238226,0.037752286,0.86126953
edit,00020674_000.png,20674,0.12,cardiomegaly_0,-4.8893585,0.0074700275,0.9691486
edit,00020716_002.png,20716,0.12,cardiomegaly_0,4.0246754,0.98244447,0.9785843
edit,00020802_000.png,20802,0.12,cardiomegaly_0,-5.0380974,0.0064442786,0.9710699
edit,00021023_024.png,21023,0.12,cardiomegaly_0,-3.8755608,0.020321187,0.8931031
edit,00021569_000.png,21569,0.12,cardiomegaly_0,-3.8802776,0.020227494,0.9109704
edit,00022341_000.png,22341,0.12,cardiomegaly_0,-4.355219,0.012676864,0.9368044
edit,00022582_001.png,22582,0.12,cardiomegaly_0,0.6664047,0.66069764,0.6908017
edit,00022712_000.png,22712,0.12,cardiomegaly_0,-3.9356785,0.019158237,0.9120112
edit,00023621_000.png,23621,0.12,cardiomegaly_0,2.4260063,0.918789,0.8872954
edit,00023776_000.png,23776,0.12,cardiomegaly_0,-3.5736961,0.027286537,0.9025419
edit,00024192_000.png,24192,0.12,cardiomegaly_0,-3.1434975,0.04134826,0.8116533
edit,00024326_000.png,24326,0.12,cardiomegaly_0,-5.010454,0.006623708,0.97682625
edit,00024474_000.png,24474,0.12,cardiomegaly_0,-5.009266,0.0066315318,0.9675823
edit,00024583_000.png,24583,0.12,cardiomegaly_0,-5.0813046,0.006173452,0.9691974
edit,00025054_000.png,25054,0.12,cardiomegaly_0,-3.5816174,0.027077079,0.8937559
edit,00026354_001.png,26354,0.12,cardiomegaly_0,5.9050465,0.9972818,0.99345034
edit,00026807_000.png,26807,0.12,cardiomegaly_0,-5.792097,0.0030422923,0.9865224
edit,00027305_000.png,27305,0.12,cardiomegaly_0,-3.8405933,0.02102913,0.9321789
edit,00028027_005.png,28027,0.12,cardiomegaly_0,1.8643417,0.8658022,0.9024327
edit,00028053_000.png,28053,0.12,cardiomegaly_0,-4.653675,0.009436628,0.95268047
edit,00028457_000.png,28457,0.12,cardiomegaly_0,6.1903687,0.9979551,0.99259275
edit,00028962_000.png,28962,0.12,cardiomegaly_0,-2.8590355,0.05421614,0.843187
edit,00029393_000.png,29393,0.12,cardiomegaly_0,3.8503342,0.97917044,0.97638243
edit,00029569_000.png,29569,0.12,cardiomegaly_0,5.758646,0.9968546,0.9904495
edit,00029648_000.png,29648,0.12,cardiomegaly_0,-0.48406982,0.38129157,0.6480938
edit,00030332_000.png,30332,0.12,cardiomegaly_0,-3.9813805,0.01831805,0.926836
edit,00030805_000.png,30805,0.12,cardiomegaly_0,0.9507351,0.721263,0.71177214
edit,00001059_006.png,1059,0.18,cardiomegaly_0,2.0755787,0.8885068,0.89766216
edit,00001174_000.png,1174,0.18,cardiomegaly_0,-1.0935898,0.25094292,0.63183033
edit,00001470_001.png,1470,0.18,cardiomegaly_0,3.6200886,0.9739182,0.9844004
edit,00001606_004.png,1606,0.18,cardiomegaly_0,7.7220535,0.9995572,0.9940518
edit,00002139_000.png,2139,0.18,cardiomegaly_0,3.289013,0.96404994,0.96503943
edit,00002355_005.png,2355,0.18,cardiomegaly_0,8.35248,0.99976426,0.99670845
edit,00002492_010.png,2492,0.18,cardiomegaly_0,0.7884731,0.68750334,0.8026706
edit,00002566_000.png,2566,0.18,cardiomegaly_0,7.821846,0.9995993,0.9963444
edit,00003064_010.png,3064,0.18,cardiomegaly_0,1.5093613,0.81896657,0.84627026
edit,00003804_012.png,3804,0.18,cardiomegaly_0,-2.4192677,0.0817152,0.75615054
edit,00003917_000.png,3917,0.18,cardiomegaly_0,2.1802883,0.89846534,0.9007411
edit,00004057_000.png,4057,0.18,cardiomegaly_0,-3.627077,0.02590489,0.8912569
edit,00005623_000.png,5623,0.18,cardiomegaly_0,-3.8920574,0.019995354,0.9099022
edit,00006012_000.png,6012,0.18,cardiomegaly_0,1.0769501,0.74591637,0.8172122
edit,00006791_002.png,6791,0.18,cardiomegaly_0,7.572277,0.99948573,0.9955244
edit,00006921_000.png,6921,0.18,cardiomegaly_0,-4.262768,0.013887685,0.93106896
edit,00006981_017.png,6981,0.18,cardiomegaly_0,-4.281481,0.013633732,0.9351035
edit,00007082_000.png,7082,0.18,cardiomegaly_0,7.41506,0.99939823,0.9957152
edit,00007159_000.png,7159,0.18,cardiomegaly_0,8.225679,0.9997323,0.9971313
edit,00007340_004.png,7340,0.18,cardiomegaly_0,1.9300518,0.8732552,0.9032016
edit,00007589_000.png,7589,0.18,cardiomegaly_0,-3.2680206,0.036684714,0.867596
edit,00007931_000.png,7931,0.18,cardiomegaly_0,6.264017,0.9981001,0.99511397
edit,00008142_005.png,8142,0.18,cardiomegaly_0,-4.826456,0.007951147,0.9588382
edit,00008147_000.png,8147,0.18,cardiomegaly_0,-4.2090816,0.014642421,0.9370391
edit,00008184_003.png,8184,0.18,cardiomegaly_0,2.1933193,0.89964795,0.922938
edit,00008359_000.png,8359,0.18,cardiomegaly_0,6.92206,0.9990152,0.9934808
edit,00008386_001.png,8386,0.18,cardiomegaly_0,-1.6801968,0.15706941,0.74369395
edit,00008802_008.png,8802,0.18,cardiomegaly_0,4.0475864,0.98283523,0.9702199
edit,00009090_001.png,9090,0.18,cardiomegaly_0,8.622845,0.99982005,0.9977214
edit,00009105_003.png,9105,0.18,cardiomegaly_0,0.32139778,0.5796648,0.7119754
edit,00009306_000.png,9306,0.18,cardiomegaly_0,0.17447853,0.5435093,0.71731085
edit,00009335_000.png,9335,0.18,cardiomegaly_0,5.8497047,0.9971276,0.99197876
edit,00009409_002.png,9409,0.18,cardiomegaly_0,-0.9083271,0.28734228,0.58772033
edit,00009761_000.png,9761,0.18,cardiomegaly_0,6.742588,0.9988218,0.9933337
edit,00010465_001.png,10465,0.18,cardiomegaly_0,5.1548996,0.9942621,0.9860645
edit,00010892_000.png,10892,0.18,cardiomegaly_0,-1.4873695,0.18431687,0.6740402
edit,00010931_003.png,10931,0.18,cardiomegaly_0,3.330555,0.96546227,0.9408218
edit,00010964_000.png,10964,0.18,cardiomegaly_0,6.320656,0.99820447,0.99024713
edit,00011611_000.png,11611,0.18,cardiomegaly_0,-2.3519402,0.086911686,0.7515595
edit,00012129_000.png,12129,0.18,cardiomegaly_0,0.8558216,0.70178694,0.74256396
edit,00012400_000.png,12400,0.18,cardiomegaly_0,6.6365833,0.9986902,0.99091864
edit,00012772_003.png,12772,0.18,cardiomegaly_0,-4.3305664,0.012989153,0.931389
edit,00012902_001.png,12902,0.18,cardiomegaly_0,-1.554821,0.17439106,0.709429
edit,00013441_000.png,13441,0.18,cardiomegaly_0,6.4130516,0.9983627,0.9882153
edit,00013678_003.png,13678,0.18,cardiomegaly_0,6.984165,0.99907434,0.99450153
edit,00013759_000.png,13759,0.18,cardiomegaly_0,-4.9974957,0.0067095207,0.9698242
edit,00014281_000.png,14281,0.18,cardiomegaly_0,-3.3289108,0.034592584,0.8550196
edit,00014295_001.png,14295,0.18,cardiomegaly_0,-4.992134,0.006745347,0.9683325
edit,00014387_006.png,14387,0.18,cardiomegaly_0,2.7118187,0.9377204,0.9439131
edit,00014838_000.png,14838,0.18,cardiomegaly_0,6.7718506,0.9988557,0.99406093
edit,00014954_000.png,14954,0.18,cardiomegaly_0,-4.708956,0.008933656,0.9576857
edit,00015056_005.png,15056,0.18,cardiomegaly_0,7.9987564,0.9996642,0.9967115
edit,00015087_011.png,15087,0.18,cardiomegaly_0,5.278023,0.9949234,0.9912167
edit,00016191_019.png,16191,0.18,cardiomegaly_0,2.6876736,0.93629533,0.94540465
edit,00016245_000.png,16245,0.18,cardiomegaly_0,-4.7597485,0.008494981,0.96336126
edit,00016498_001.png,16498,0.18,cardiomegaly_0,-4.2013397,0.014754543,0.9340785
edit,00016509_001.png,16509,0.18,cardiomegaly_0,8.102762,0.99969745,0.99655956
edit,00016512_001.png,16512,0.18,cardiomegaly_0,4.7311974,0.9912612,0.97630906
edit,00016724_002.png,16724,0.18,cardiomegaly_0,5.7087994,0.9966943,0.99160105
edit,00016865_000.png,16865,0.18,cardiomegaly_0,4.8295994,0.9920736,0.9830482
edit,00016907_000.png,16907,0.18,cardiomegaly_0,-4.110792,0.01613033,0.94618165
edit,00017381_000.png,17381,0.18,cardiomegaly_0,-1.3034592,0.21358342,0.6968526
edit,00018008_000.png,18008,0.18,cardiomegaly_0,-4.6801033,0.009192764,0.9619284
edit,00018011_000.png,18011,0.18,cardiomegaly_0,6.1496067,0.9978702,0.98914874
edit,00018488_002.png,18488,0.18,cardiomegaly_0,-0.4194603,0.3966459,0.7089963
edit,00018616_000.png,18616,0.18,cardiomegaly_0,5.4642754,0.9957825,0.99050504
edit,00019435_003.png,19435,0.18,cardiomegaly_0,-3.8561115,0.02071202,0.9003021
edit,00019535_002.png,19535,0.18,cardiomegaly_0,-0.118715286,0.470356,0.7237869
edit,00019544_000.png,19544,0.18,cardiomegaly_0,3.2203274,0.9615921,0.9489096
edit,00019911_001.png,19911,0.18,cardiomegaly_0,-1.8371143,0.13739294,0.67406994
edit,00020318_024.png,20318,0.18,cardiomegaly_0,3.1600246,0.95930195,0.96755886
edit,00020341_000.png,20341,0.18,cardiomegaly_0,-3.0626106,0.044676147,0.857704
edit,00020642_006.png,20642,0.18,cardiomegaly_0,2.3020172,0.90904397,0.9046149
edit,00020674_000.png,20674,0.18,cardiomegaly_0,-3.788395,0.02213103,0.91060704
edit,00020716_002.png,20716,0.18,cardiomegaly_0,7.125519,0.99919635,0.99459493
edit,00020802_000.png,20802,0.18,cardiomegaly_0,-4.8836765,0.0075122737,0.9621066
edit,00021023_024.png,21023,0.18,cardiomegaly_0,-2.4883118,0.07668164,0.7251253
edit,00021569_000.png,21569,0.18,cardiomegaly_0,0.15513802,0.5387069,0.67526585
edit,00022341_000.png,22341,0.18,cardiomegaly_0,-2.0334263,0.11573781,0.7278432
edit,00022582_001.png,22582,0.18,cardiomegaly_0,5.318371,0.9951232,0.9855822
edit,00022712_000.png,22712,0.18,cardiomegaly_0,-0.45365906,0.38849112,0.62264246
edit,00023621_000.png,23621,0.18,cardiomegaly_0,5.779606,0.99691963,0.9882555
edit,00023776_000.png,23776,0.18,cardiomegaly_0,-1.0397644,0.26119545,0.6305953
edit,00024192_000.png,24192,0.18,cardiomegaly_0,2.7552433,0.94020885,0.92370385
edit,00024326_000.png,24326,0.18,cardiomegaly_0,-4.790163,0.008242597,0.97181267
edit,00024474_000.png,24474,0.18,cardiomegaly_0,-4.792713,0.008221777,0.9629127
edit,00024583_000.png,24583,0.18,cardiomegaly_0,-4.858795,0.007700076,0.96511716
edit,00025054_000.png,25054,0.18,cardiomegaly_0,-0.48417282,0.38126722,0.653797
edit,00026354_001.png,26354,0.18,cardiomegaly_0,7.909107,0.9996327,0.99650604
edit,00026807_000.png,26807,0.18,cardiomegaly_0,-5.644806,0.0035233768,0.98359245
edit,00027305_000.png,27305,0.18,cardiomegaly_0,-2.579502,0.070469335,0.8001868
edit,00028027_005.png,28027,0.18,cardiomegaly_0,1.8550892,0.86472356,0.90238625
edit,00028053_000.png,28053,0.18,cardiomegaly_0,-3.7274532,0.023489011,0.9108301
edit,00028457_000.png,28457,0.18,cardiomegaly_0,7.8542576,0.99961203,0.9966083
edit,00028962_000.png,28962,0.18,cardiomegaly_0,0.8931465,0.70953906,0.8253094
edit,00029393_000.png,29393,0.18,cardiomegaly_0,6.397871,0.9983376,0.9944693
edit,00029569_000.png,29569,0.18,cardiomegaly_0,7.890623,0.9996259,0.99525154
edit,00029648_000.png,29648,0.18,cardiomegaly_0,5.9935913,0.9975115,0.9922672
edit,00030332_000.png,30332,0.18,cardiomegaly_0,-2.853775,0.054486506,0.8103118
edit,00030805_000.png,30805,0.18,cardiomegaly_0,3.526289,0.9714266,0.94661057
edit,00001059_006.png,1059,0.24,cardiomegaly_0,6.7786846,0.9988636,0.9940274
edit,00001174_000.png,1174,0.24,cardiomegaly_0,3.8526,0.97921664,0.97090596
edit,00001470_001.png,1470,0.24,cardiomegaly_0,4.4437885,0.9883852,0.9892793
edit,00001606_004.png,1606,0.24,cardiomegaly_0,8.41474,0.99977845,0.9954899
edit,00002139_000.png,2139,0.24,cardiomegaly_0,6.784258,0.99886984,0.993345
edit,00002355_005.png,2355,0.24,cardiomegaly_0,8.723709,0.9998373,0.9978169
edit,00002492_010.png,2492,0.24,cardiomegaly_0,2.259098,0.90543246,0.91526496
edit,00002566_000.png,2566,0.24,cardiomegaly_0,8.218262,0.9997304,0.99689484
edit,00003064_010.png,3064,0.24,cardiomegaly_0,4.712162,0.9910947,0.9827043
edit,00003804_012.png,3804,0.24,cardiomegaly_0,-1.0816116,0.25320116,0.6369358
edit,00003917_000.png,3917,0.24,cardiomegaly_0,6.474743,0.99846053,0.99358046
edit,00004057_000.png,4057,0.24,cardiomegaly_0,-2.958849,0.049319945,0.8228332
edit,00005623_000.png,5623,0.24,cardiomegaly_0,-3.7056446,0.023994477,0.8828147
edit,00006012_000.png,6012,0.24,cardiomegaly_0,4.229168,0.9856446,0.98200047
edit,00006791_002.png,6791,0.24,cardiomegaly_0,8.06657,0.99968624,0.9962393
edit,00006921_000.png,6921,0.24,cardiomegaly_0,-4.0267525,0.017519731,0.9211307
edit,00006981_017.png,6981,0.24,cardiomegaly_0,-3.4332314,0.031272892,0.8681352
edit,00007082_000.png,7082,0.24,cardiomegaly_0,8.742697,0.9998404,0.9971891
edit,00007159_000.png,7159,0.24,cardiomegaly_0,8.584097,0.999813,0.9972984
edit,00007340_004.png,7340,0.24,cardiomegaly_0,3.5736885,0.97271323,0.9763212
edit,00007589_000.png,7589,0.24,cardiomegaly_0,0.88334274,0.7075144,0.79559106
edit,00007931_000.png,7931,0.24,cardiomegaly_0,7.6796207,0.99953806,0.99660426
edit,00008142_005.png,8142,0.24,cardiomegaly_0,-4.3073425,0.013290286,0.9424141
edit,00008147_000.png,8147,0.24,cardiomegaly_0,-3.9874516,0.018209197,0.9290143
edit,00008184_003.png,8184,0.24,cardiomegaly_0,7.026943,0.99911314,0.99381506
edit,00008359_000.png,8359,0.24,cardiomegaly_0,8.290857,0.99974924,0.995982
edit,00008386_001.png,8386,0.24,cardiomegaly_0,4.691061,0.9909065,0.9872434
edit,00008802_008.png,8802,0.24,cardiomegaly_0,8.198238,0.9997249,0.9953999
edit,00009090_001.png,9090,0.24,cardiomegaly_0,8.615093,0.99981874,0.9977008
edit,00009105_003.png,9105,0.24,cardiomegaly_0,4.534729,0.9893841,0.97584635
edit,00009306_000.png,9306,0.24,cardiomegaly_0,2.8512363,0.94538254,0.9546515
edit,00009335_000.png,9335,0.24,cardiomegaly_0,7.3171597,0.9993364,0.9952567
edit,00009409_002.png,9409,0.24,cardiomegaly_0,2.0507374,0.8860221,0.8559597
edit,00009761_000.png,9761,0.24,cardiomegaly_0,7.451128,0.99941957,0.99490076
edit,00010465_001.png,10465,0.24,cardiomegaly_0,7.729185,0.9995604,0.9954402
edit,00010892_000.png,10892,0.24,cardiomegaly_0,2.1313133,0.89390963,0.88844544
edit,00010931_003.png,10931,0.24,cardiomegaly_0,7.843334,0.99960786,0.9954334
edit,00010964_000.png,10964,0.24,cardiomegaly_0,8.703712,0.99983406,0.99675673
edit,00011611_000.png,11611,0.24,cardiomegaly_0,1.5062065,0.8184984,0.81165886
edit,00012129_000.png,12129,0.24,cardiomegaly_0,5.734337,0.99677736,0.98814917
edit,00012400_000.png,12400,0.24,cardiomegaly_0,8.3346405,0.99976,0.9957457
edit,00012772_003.png,12772,0.24,cardiomegaly_0,-3.219036,0.038455613,0.82679033
edit,00012902_001.png,12902,0.24,cardiomegaly_0,-0.62166786,0.34940222,0.60032916
edit,00013441_000.png,13441,0.24,cardiomegaly_0,7.4986,0.99944645,0.9928588
edit,00013678_003.png,13678,0.24,cardiomegaly_0,8.488848,0.9997943,0.9966547
edit,00013759_000.png,13759,0.24,cardiomegaly_0,-3.7152214,0.023771217,0.91206867
edit,00014281_000.png,14281,0.24,cardiomegaly_0,-1.2471695,0.2231905,0.6138142
edit,00014295_001.png,14295,0.24,cardiomegaly_0,-4.8365974,0.007871551,0.96528834
edit,00014387_006.png,14387,0.24,cardiomegaly_0,3.8054638,0.97823536,0.9696146
edit,00014838_000.png,14838,0.24,cardiomegaly_0,8.598263,0.99981564,0.99707747
edit,00014954_000.png,14954,0.24,cardiomegaly_0,-3.8688335,0.020455549,0.9049122
edit,00015056_005.png,15056,0.24,cardiomegaly_0,8.383789,0.99977154,0.99707484
edit,00015087_011.png,15087,0.24,cardiomegaly_0,7.6371307,0.99951804,0.9954956
edit,00016191_019.png,16191,0.24,cardiomegaly_0,5.0719357,0.9937688,0.98749155
edit,00016245_000.png,16245,0.24,cardiomegaly_0,-3.335987,0.034357045,0.86869144
edit,00016498_001.png,16498,0.24,cardiomegaly_0,-2.9104118,0.05164126,0.8220171
edit,00016509_001.png,16509,0.24,cardiomegaly_0,8.493099,0.99979514,0.9971266
edit,00016512_001.png,16512,0.24,cardiomegaly_0,8.004183,0.9996661,0.994963
edit,00016724_002.png,16724,0.24,cardiomegaly_0,6.764763,0.9988476,0.99372894
edit,00016865_000.png,16865,0.24,cardiomegaly_0,6.583317,0.9986186,0.9921415
edit,00016907_000.png,16907,0.24,cardiomegaly_0,-4.1635113,0.015314665,0.9414221
edit,00017381_000.png,17381,0.24,cardiomegaly_0,4.3746834,0.9875645,0.9808636
edit,00018008_000.png,18008,0.24,cardiomegaly_0,-4.6925373,0.0090802,0.96043944
edit,00018011_000.png,18011,0.24,cardiomegaly_0,7.6525764,0.9995254,0.99384725
edit,00018488_002.png,18488,0.24,cardiomegaly_0,-0.65133476,0.3426888,0.6713707
edit,00018616_000.png,18616,0.24,cardiomegaly_0,5.979828,0.9974771,0.9927311
edit,00019435_003.png,19435,0.24,cardiomegaly_0,1.7457752,0.85141915,0.8157246
edit,00019535_002.png,19535,0.24,cardiomegaly_0,2.8954792,0.9476225,0.95673037
edit,00019544_000.png,19544,0.24,cardiomegaly_0,6.7815285,0.9988668,0.99213946
edit,00019911_001.png,19911,0.24,cardiomegaly_0,3.6275158,0.9741062,0.9728147
edit,00020318_024.png,20318,0.24,cardiomegaly_0,3.5118122,0.97102207,0.9755752
edit,00020341_000.png,20341,0.24,cardiomegaly_0,-0.65089226,0.34278852,0.64701813
edit,00020642_006.png,20642,0.24,cardiomegaly_0,6.0604477,0.997672,0.99127454
edit,00020674_000.png,20674,0.24,cardiomegaly_0,1.3017063,0.786122,0.8075006
edit,00020716_002.png,20716,0.24,cardiomegaly_0,8.052118,0.9996817,0.9962504
edit,00020802_000.png,20802,0.24,cardiomegaly_0,-4.398306,0.01214875,0.94336957
edit,00021023_024.png,21023,0.24,cardiomegaly_0,-1.992363,0.120007105,0.6489716
edit,00021569_000.png,21569,0.24,cardiomegaly_0,3.284443,0.96389127,0.95107895
edit,00022341_000.png,22341,0.24,cardiomegaly_0,3.3146706,0.96492875,0.9517228
edit,00022582_001.png,22582,0.24,cardiomegaly_0,8.207321,0.9997274,0.99621946
edit,00022712_000.png,22712,0.24,cardiomegaly_0,2.404436,0.9171649,0.9222596
edit,00023621_000.png,23621,0.24,cardiomegaly_0,7.9363785,0.9996426,0.99574655
edit,00023776_000.png,23776,0.24,cardiomegaly_0,2.3637142,0.91401815,0.8959076
edit,00024192_000.png,24192,0.24,cardiomegaly_0,5.4446907,0.9956994,0.98629457
edit,00024326_000.png,24326,0.24,cardiomegaly_0,-4.292,0.013492994,0.94806206
edit,00024474_000.png,24474,0.24,cardiomegaly_0,-3.9316883,0.019233359,0.91019404
edit,00024583_000.png,24583,0.24,cardiomegaly_0,-3.9342155,0.019185746,0.90548253
edit,00025054_000.png,25054,0.24,cardiomegaly_0,5.382086,0.9954228,0.9894917
edit,00026354_001.png,26354,0.24,cardiomegaly_0,8.659624,0.9998266,0.9977577
edit,00026807_000.png,26807,0.24,cardiomegaly_0,-5.377449,0.0045983484,0.9774155
edit,00027305_000.png,27305,0.24,cardiomegaly_0,2.6540966,0.93426305,0.9421201
edit,00028027_005.png,28027,0.24,cardiomegaly_0,2.407362,0.9173869,0.93854123
edit,00028053_000.png,28053,0.24,cardiomegaly_0,-1.5221767,0.17914121,0.66127664
edit,00028457_000.png,28457,0.24,cardiomegaly_0,8.270052,0.999744,0.9973426
edit,00028962_000.png,28962,0.24,cardiomegaly_0,4.2293987,0.9856478,0.98456806
edit,00029393_000.png,29393,0.24,cardiomegaly_0,7.241022,0.99928397,0.9962187
edit,00029569_000.png,29569,0.24,cardiomegaly_0,8.340061,0.9997613,0.9970871
edit,00029648_000.png,29648,0.24,cardiomegaly_0,7.8622437,0.9996151,0.99621576
edit,00030332_000.png,30332,0.24,cardiomegaly_0,0.18925667,0.54717344,0.70474565
edit,00030805_000.png,30805,0.24,cardiomegaly_0,6.8693905,0.9989619,0.99270636
edit,00001059_006.png,1059,0.3,cardiomegaly_0,7.578764,0.99948907,0.9955853
edit,00001174_000.png,1174,0.3,cardiomegaly_0,7.3617,0.99936527,0.9945828
edit,00001470_001.png,1470,0.3,cardiomegaly_0,5.4391403,0.9956755,0.99306446
edit,00001606_004.png,1606,0.3,cardiomegaly_0,8.732952,0.9998388,0.9967011
edit,00002139_000.png,2139,0.3,cardiomegaly_0,7.217165,0.9992667,0.99486345
edit,00002355_005.png,2355,0.3,cardiomegaly_0,8.724537,0.9998374,0.997828
edit,00002492_010.png,2492,0.3,cardiomegaly_0,3.8269577,0.97868836,0.96798444
edit,00002566_000.png,2566,0.3,cardiomegaly_0,8.215164,0.9997296,0.99688786
edit,00003064_010.png,3064,0.3,cardiomegaly_0,7.9883156,0.99966073,0.9953873
edit,00003804_012.png,3804,0.3,cardiomegaly_0,2.8644314,0.9460599,0.9529314
edit,00003917_000.png,3917,0.3,cardiomegaly_0,8.253607,0.9997397,0.99717736
edit,00004057_000.png,4057,0.3,cardiomegaly_0,-2.1613731,0.10327321,0.682717
edit,00005623_000.png,5623,0.3,cardiomegaly_0,-2.2930317,0.09170172,0.68114656
edit,00006012_000.png,6012,0.3,cardiomegaly_0,6.3106213,0.9981864,0.99246716
edit,00006791_002.png,6791,0.3,cardiomegaly_0,8.421658,0.99978,0.99656934
edit,00006921_000.png,6921,0.3,cardiomegaly_0,-1.2727356,0.21878931,0.60723054
edit,00006981_017.png,6981,0.3,cardiomegaly_0,-0.59057045,0.356504,0.60686797
edit,00007082_000.png,7082,0.3,cardiomegaly_0,8.848524,0.99985635,0.9975287
edit,00007159_000.png,7159,0.3,cardiomegaly_0,8.496033,0.99979573,0.9973588
edit,00007340_004.png,7340,0.3,cardiomegaly_0,6.9385815,0.9990313,0.9949632
edit,00007589_000.png,7589,0.3,cardiomegaly_0,2.9508877,0.9503054,0.9532354
edit,00007931_000.png,7931,0.3,cardiomegaly_0,8.084827,0.99969196,0.99713093
edit,00008142_005.png,8142,0.3,cardiomegaly_0,-3.4391155,0.031095121,0.8684329
edit,00008147_000.png,8147,0.3,cardiomegaly_0,-2.1577911,0.10360541,0.74585694
edit,00008184_003.png,8184,0.3,cardiomegaly_0,8.083725,0.9996916,0.99591804
edit,00008359_000.png,8359,0.3,cardiomegaly_0,8.995993,0.99987614,0.99711037
edit,00008386_001.png,8386,0.3,cardiomegaly_0,6.676531,0.99874145,0.9942981
edit,00008802_008.png,8802,0.3,cardiomegaly_0,9.087732,0.999887,0.997253
edit,00009090_001.png,9090,0.3,cardiomegaly_0,8.471178,0.9997906,0.9978636
edit,00009105_003.png,9105,0.3,cardiomegaly_0,7.560627,0.9994797,0.9934217
edit,00009306_000.png,9306,0.3,cardiomegaly_0,3.8467674,0.97909766,0.9757826
edit,00009335_000.png,9335,0.3,cardiomegaly_0,8.008917,0.99966764,0.99700433
edit,00009409_002.png,9409,0.3,cardiomegaly_0,4.8950157,0.9925718,0.98060304
edit,00009761_000.png,9761,0.3,cardiomegaly_0,7.7091846,0.9995515,0.9956317
edit,00010465_001.png,10465,0.3,cardiomegaly_0,8.600601,0.9998161,0.99735403
edit,00010892_000.png,10892,0.3,cardiomegaly_0,5.125885,0.9940942,0.9874177
edit,00010931_003.png,10931,0.3,cardiomegaly_0,8.599112,0.99981576,0.9968388
edit,00010964_000.png,10964,0.3,cardiomegaly_0,9.139616,0.9998927,0.99765176
edit,00011611_000.png,11611,0.3,cardiomegaly_0,5.545727,0.9961111,0.98665714
edit,00012129_000.png,12129,0.3,cardiomegaly_0,8.004047,0.999666,0.9962089
edit,00012400_000.png,12400,0.3,cardiomegaly_0,8.763983,0.9998437,0.99705803
edit,00012772_003.png,12772,0.3,cardiomegaly_0,-0.39810562,0.40176758,0.5713067
edit,00012902_001.png,12902,0.3,cardiomegaly_0,3.5013313,0.9707256,0.9673193
edit,00013441_000.png,13441,0.3,cardiomegaly_0,8.477797,0.99979204,0.99551314
edit,00013678_003.png,13678,0.3,cardiomegaly_0,8.653179,0.99982554,0.9966485
edit,00013759_000.png,13759,0.3,cardiomegaly_0,0.7440853,0.6778886,0.70981133
edit,00014281_000.png,14281,0.3,cardiomegaly_0,4.722843,0.9911884,0.9809355
edit,00014295_001.png,14295,0.3,cardiomegaly_0,-3.8510284,0.02081537,0.9123764
edit,00014387_006.png,14387,0.3,cardiomegaly_0,4.384014,0.9876786,0.981213
edit,00014838_000.png,14838,0.3,cardiomegaly_0,8.618496,0.99981934,0.9972466
edit,00014954_000.png,14954,0.3,cardiomegaly_0,-2.377842,0.08487804,0.7332782
edit,00015056_005.png,15056,0.3,cardiomegaly_0,8.621674,0.99981993,0.9975518
edit,00015087_011.png,15087,0.3,cardiomegaly_0,8.048922,0.99968064,0.9967572
edit,00016191_019.png,16191,0.3,cardiomegaly_0,7.143162,0.99921036,0.99437565
edit,00016245_000.png,16245,0.3,cardiomegaly_0,1.5016766,0.8178244,0.8354637
edit,00016498_001.png,16498,0.3,cardiomegaly_0,-0.009571075,0.49760723,0.68693185
edit,00016509_001.png,16509,0.3,cardiomegaly_0,8.736771,0.9998394,0.9975676
edit,00016512_001.png,16512,0.3,cardiomegaly_0,8.87043,0.9998596,0.9965881
edit,00016724_002.png,16724,0.3,cardiomegaly_0,7.304905,0.99932826,0.99561757
edit,00016865_000.png,16865,0.3,cardiomegaly_0,7.2367496,0.99928087,0.99409723
edit,00016907_000.png,16907,0.3,cardiomegaly_0,-4.198492,0.014795997,0.9458096
edit,00017381_000.png,17381,0.3,cardiomegaly_0,8.189722,0.99972254,0.99643373
edit,00018008_000.png,18008,0.3,cardiomegaly_0,-4.3962,0.012174046,0.9417919
edit,00018011_000.png,18011,0.3,cardiomegaly_0,8.08205,0.9996911,0.995107
edit,00018488_002.png,18488,0.3,cardiomegaly_0,-0.54751587,0.36644092,0.6525289
edit,00018616_000.png,18616,0.3,cardiomegaly_0,6.828125,0.9989183,0.99488515
edit,00019435_003.png,19435,0.3,cardiomegaly_0,6.7278576,0.99880433,0.99171335
edit,00019535_002.png,19535,0.3,cardiomegaly_0,5.6902695,0.99663275,0.99008334
edit,00019544_000.png,19544,0.3,cardiomegaly_0,7.3133736,0.9993338,0.99489427
edit,00019911_001.png,19911,0.3,cardiomegaly_0,7.484768,0.9994387,0.994731
edit,00020318_024.png,20318,0.3,cardiomegaly_0,5.3854656,0.99543816,0.9912208
edit,00020341_000.png,20341,0.3,cardiomegaly_0,3.5922928,0.97320276,0.9769622
edit,00020642_006.png,20642,0.3,cardiomegaly_0,8.018953,0.999671,0.9965304
edit,00020674_000.png,20674,0.3,cardiomegaly_0,4.4889393,0.98889226,0.98230547
edit,00020716_002.png,20716,0.3,cardiomegaly_0,8.551357,0.9998068,0.997267
edit,00020802_000.png,20802,0.3,cardiomegaly_0,-3.3226128,0.034803532,0.8648079
edit,00021023_024.png,21023,0.3,cardiomegaly_0,2.308445,0.909574,0.8886125
edit,00021569_000.png,21569,0.3,cardiomegaly_0,7.716278,0.9995547,0.994912
edit,00022341_000.png,22341,0.3,cardiomegaly_0,5.236719,0.99471045,0.9842755
edit,00022582_001.png,22582,0.3,cardiomegaly_0,8.858223,0.9998578,0.9973621
edit,00022712_000.png,22712,0.3,cardiomegaly_0,4.450411,0.9884609,0.978832
edit,00023621_000.png,23621,0.3,cardiomegaly_0,8.768965,0.99984455,0.99729955
edit,00023776_000.png,23776,0.3,cardiomegaly_0,5.7332706,0.9967739,0.9853183
edit,00024192_000.png,24192,0.3,cardiomegaly_0,8.336876,0.99976057,0.99606925
edit,00024326_000.png,24326,0.3,cardiomegaly_0,-3.7322845,0.02337845,0.9209016
edit,00024474_000.png,24474,0.3,cardiomegaly_0,2.497837,0.92399,0.8858755
edit,00024583_000.png,24583,0.3,cardiomegaly_0,-2.8715744,0.053576767,0.78993416
edit,00025054_000.png,25054,0.3,cardiomegaly_0,7.454975,0.99942183,0.9957662
edit,00026354_001.png,26354,0.3,cardiomegaly_0,8.799328,0.9998492,0.9977177
edit,00026807_000.png,26807,0.3,cardiomegaly_0,-5.052353,0.0063536437,0.96892285
edit,00027305_000.png,27305,0.3,cardiomegaly_0,7.360689,0.9993647,0.99589074
edit,00028027_005.png,28027,0.3,cardiomegaly_0,2.9776764,0.95155543,0.96520805
edit,00028053_000.png,28053,0.3,cardiomegaly_0,4.386116,0.98770404,0.9777807
edit,00028457_000.png,28457,0.3,cardiomegaly_0,8.572655,0.9998109,0.9976204
edit,00028962_000.png,28962,0.3,cardiomegaly_0,6.0967026,0.99775475,0.9926319
edit,00029393_000.png,29393,0.3,cardiomegaly_0,8.552105,0.99980694,0.9978374
edit,00029569_000.png,29569,0.3,cardiomegaly_0,8.391087,0.9997732,0.99728274
edit,00029648_000.png,29648,0.3,cardiomegaly_0,8.575357,0.99981135,0.99728554
edit,00030332_000.png,30332,0.3,cardiomegaly_0,6.2298565,0.9980342,0.99260044
edit,00030805_000.png,30805,0.3,cardiomegaly_0,8.246487,0.9997379,0.99687153
sham,00001059_006.png,1059,0.3,cardiomegaly_0,4.609812,0.9901444,0.9877728
sham,00001174_000.png,1174,0.3,cardiomegaly_0,-5.306181,0.0049363472,0.9781607
sham,00001470_001.png,1470,0.3,cardiomegaly_0,-0.477026,0.38295466,0.6865884
sham,00001606_004.png,1606,0.3,cardiomegaly_0,-0.19973564,0.45023146,0.6795503
sham,00002139_000.png,2139,0.3,cardiomegaly_0,2.8399029,0.94479436,0.93533254
sham,00002355_005.png,2355,0.3,cardiomegaly_0,-1.3649406,0.2034385,0.67992663
sham,00002492_010.png,2492,0.3,cardiomegaly_0,-3.922989,0.01939815,0.92021435
sham,00002566_000.png,2566,0.3,cardiomegaly_0,-4.0107,0.017798185,0.9417399
sham,00003064_010.png,3064,0.3,cardiomegaly_0,-1.3093624,0.21259357,0.67832774
sham,00003804_012.png,3804,0.3,cardiomegaly_0,-3.8986874,0.019865848,0.91040814
sham,00003917_000.png,3917,0.3,cardiomegaly_0,-4.329813,0.012998816,0.93577075
sham,00004057_000.png,4057,0.3,cardiomegaly_0,-4.1200867,0.015983485,0.93456507
sham,00005623_000.png,5623,0.3,cardiomegaly_0,-4.264572,0.013862996,0.94688433
sham,00006012_000.png,6012,0.3,cardiomegaly_0,-4.373623,0.012448569,0.9495849
sham,00006791_002.png,6791,0.3,cardiomegaly_0,-3.6241665,0.02597844,0.9170248
sham,00006921_000.png,6921,0.3,cardiomegaly_0,-4.7948036,0.008204749,0.96502304
sham,00006981_017.png,6981,0.3,cardiomegaly_0,-4.8945293,0.0074317874,0.9692481
sham,00007082_000.png,7082,0.3,cardiomegaly_0,-0.6378479,0.34573317,0.6251623
sham,00007159_000.png,7159,0.3,cardiomegaly_0,-2.6941414,0.06331995,0.81523496
sham,00007340_004.png,7340,0.3,cardiomegaly_0,-3.6558037,0.0251898,0.90407896
sham,00007589_000.png,7589,0.3,cardiomegaly_0,-5.0529804,0.0063496833,0.97626513
sham,00007931_000.png,7931,0.3,cardiomegaly_0,-4.162485,0.015330146,0.9547693
sham,00008142_005.png,8142,0.3,cardiomegaly_0,-4.8520966,0.007751428,0.9664605
sham,00008147_000.png,8147,0.3,cardiomegaly_0,-2.2925663,0.09174049,0.79981863
sham,00008184_003.png,8184,0.3,cardiomegaly_0,-4.9733925,0.006872081,0.97001094
sham,00008359_000.png,8359,0.3,cardiomegaly_0,-2.7589436,0.05958353,0.80494684
sham,00008386_001.png,8386,0.3,cardiomegaly_0,-4.360674,0.0126087675,0.95321965
sham,00008802_008.png,8802,0.3,cardiomegaly_0,-4.9873085,0.0067777555,0.96330094
sham,00009090_001.png,9090,0.3,cardiomegaly_0,2.93581,0.94958854,0.9494145
sham,00009105_003.png,9105,0.3,cardiomegaly_0,-4.5582905,0.010371269,0.9516967
sham,00009306_000.png,9306,0.3,cardiomegaly_0,-4.722683,0.008812933,0.9621201
sham,00009335_000.png,9335,0.3,cardiomegaly_0,-4.5804577,0.010146203,0.94993037
sham,00009409_002.png,9409,0.3,cardiomegaly_0,-4.8924294,0.007447295,0.96274686
sham,00009761_000.png,9761,0.3,cardiomegaly_0,-1.1144314,0.24704568,0.6554644
sham,00010465_001.png,10465,0.3,cardiomegaly_0,-4.3189297,0.01313919,0.9375822
sham,00010892_000.png,10892,0.3,cardiomegaly_0,-4.2118855,0.014602024,0.9531121
sham,00010931_003.png,10931,0.3,cardiomegaly_0,-4.433174,0.01173733,0.95162195
sham,00010964_000.png,10964,0.3,cardiomegaly_0,-4.8268776,0.007947823,0.9635238
sham,00011611_000.png,11611,0.3,cardiomegaly_0,-5.0999947,0.006059834,0.9724045
sham,00012129_000.png,12129,0.3,cardiomegaly_0,-3.841442,0.021011662,0.92384946
sham,00012400_000.png,12400,0.3,cardiomegaly_0,-4.8197136,0.008004508,0.95398736
sham,00012772_003.png,12772,0.3,cardiomegaly_0,-4.614609,0.0098088905,0.9570359
sham,00012902_001.png,12902,0.3,cardiomegaly_0,-4.77524,0.008365488,0.9642074
sham,00013441_000.png,13441,0.3,cardiomegaly_0,-3.808237,0.02170567,0.8930824
sham,00013678_003.png,13678,0.3,cardiomegaly_0,-0.83272743,0.30306867,0.63815194
sham,00013759_000.png,13759,0.3,cardiomegaly_0,-3.8728962,0.020374302,0.9281961
sham,00014281_000.png,14281,0.3,cardiomegaly_0,-4.7195015,0.008840767,0.9575358
sham,00014295_001.png,14295,0.3,cardiomegaly_0,-5.2990227,0.004971634,0.97788334
sham,00014387_006.png,14387,0.3,cardiomegaly_0,-2.6399097,0.066613644,0.78861976
sham,00014838_000.png,14838,0.3,cardiomegaly_0,-3.3875008,0.03268839,0.88366836
sham,00014954_000.png,14954,0.3,cardiomegaly_0,-5.2846565,0.00504321,0.97956276
sham,00015056_005.png,15056,0.3,cardiomegaly_0,1.5932388,0.8310713,0.8798465
sham,00015087_011.png,15087,0.3,cardiomegaly_0,-1.0118504,0.2666179,0.64780384
sham,00016191_019.png,16191,0.3,cardiomegaly_0,-0.021234512,0.49469158,0.71840334
sham,00016245_000.png,16245,0.3,cardiomegaly_0,-5.5566044,0.003847011,0.98247004
sham,00016498_001.png,16498,0.3,cardiomegaly_0,-5.210518,0.0054292083,0.9728204
sham,00016509_001.png,16509,0.3,cardiomegaly_0,1.9253445,0.87273324,0.9006689
sham,00016512_001.png,16512,0.3,cardiomegaly_0,-4.127575,0.015866136,0.92941296
sham,00016724_002.png,16724,0.3,cardiomegaly_0,6.2944183,0.99815685,0.992944
sham,00016865_000.png,16865,0.3,cardiomegaly_0,-5.1016827,0.006049675,0.965706
sham,00016907_000.png,16907,0.3,cardiomegaly_0,-4.427948,0.011798106,0.94776464
sham,00017381_000.png,17381,0.3,cardiomegaly_0,0.8102932,0.692172,0.8454374
sham,00018008_000.png,18008,0.3,cardiomegaly_0,-4.6731644,0.009256181,0.95697534
sham,00018011_000.png,18011,0.3,cardiomegaly_0,-3.1589832,0.040738765,0.8127142
sham,00018488_002.png,18488,0.3,cardiomegaly_0,-0.30508423,0.42431507,0.65425426
sham,00018616_000.png,18616,0.3,cardiomegaly_0,-3.1403065,0.041474935,0.8759048
sham,00019435_003.png,19435,0.3,cardiomegaly_0,-1.4124718,0.19584447,0.6778827
sham,00019535_002.png,19535,0.3,cardiomegaly_0,-1.8734512,0.13314289,0.7978905
sham,00019544_000.png,19544,0.3,cardiomegaly_0,-4.964983,0.0069297138,0.96970195
sham,00019911_001.png,19911,0.3,cardiomegaly_0,-1.6954479,0.15506072,0.6907375
sham,00020318_024.png,20318,0.3,cardiomegaly_0,-0.26500893,0.4341328,0.7817552
sham,00020341_000.png,20341,0.3,cardiomegaly_0,-3.5039368,0.029200427,0.8729024
sham,00020642_006.png,20642,0.3,cardiomegaly_0,-4.72048,0.008832197,0.9617842
sham,00020674_000.png,20674,0.3,cardiomegaly_0,-3.7058525,0.023989609,0.9040399
sham,00020716_002.png,20716,0.3,cardiomegaly_0,-0.8061352,0.3087147,0.6330271
sham,00020802_000.png,20802,0.3,cardiomegaly_0,-5.1706486,0.005648793,0.97540784
sham,00021023_024.png,21023,0.3,cardiomegaly_0,-4.1501007,0.015518219,0.9258748
sham,00021569_000.png,21569,0.3,cardiomegaly_0,-5.0491314,0.0063740145,0.9693813
sham,00022341_000.png,22341,0.3,cardiomegaly_0,-5.2368755,0.0052887234,0.9776101
sham,00022582_001.png,22582,0.3,cardiomegaly_0,-4.9258194,0.007204496,0.9587205
sham,00022712_000.png,22712,0.3,cardiomegaly_0,-4.8597126,0.007693069,0.96382314
sham,00023621_000.png,23621,0.3,cardiomegaly_0,-3.9645061,0.018623972,0.922902
sham,00023776_000.png,23776,0.3,cardiomegaly_0,-3.9492111,0.018905587,0.9418867
sham,00024192_000.png,24192,0.3,cardiomegaly_0,-5.031414,0.0064872126,0.9687169
sham,00024326_000.png,24326,0.3,cardiomegaly_0,-5.2338047,0.0053049033,0.9802574
sham,00024474_000.png,24474,0.3,cardiomegaly_0,-5.289299,0.0050199684,0.97273004
sham,00024583_000.png,24583,0.3,cardiomegaly_0,-5.209902,0.0054325364,0.97211176
sham,00025054_000.png,25054,0.3,cardiomegaly_0,-5.088066,0.0061321054,0.9719626
sham,00026354_001.png,26354,0.3,cardiomegaly_0,-4.1199036,0.015986364,0.9342765
sham,00026807_000.png,26807,0.3,cardiomegaly_0,-5.643261,0.003528805,0.98484975
sham,00027305_000.png,27305,0.3,cardiomegaly_0,-4.3670235,0.012529961,0.95385736
sham,00028027_005.png,28027,0.3,cardiomegaly_0,1.3679981,0.79705656,0.87166905
sham,00028053_000.png,28053,0.3,cardiomegaly_0,-5.2374268,0.0052858246,0.97878104
sham,00028457_000.png,28457,0.3,cardiomegaly_0,-3.3333569,0.03444441,0.8401039
sham,00028962_000.png,28962,0.3,cardiomegaly_0,-4.367317,0.012526328,0.9564796
sham,00029393_000.png,29393,0.3,cardiomegaly_0,6.874325,0.99896705,0.9930952
sham,00029569_000.png,29569,0.3,cardiomegaly_0,0.72436523,0.67356753,0.7173122
sham,00029648_000.png,29648,0.3,cardiomegaly_0,-4.7768497,0.008352144,0.97082514
sham,00030332_000.png,30332,0.3,cardiomegaly_0,-2.8249283,0.055991866,0.8359337
sham,00030805_000.png,30805,0.3,cardiomegaly_0,-4.9496994,0.0070356866,0.95853114
blank,00001059_006.png,1059,,cardiomegaly_0,-2.5377998,0.07325039,0.8365299
blank,00001174_000.png,1174,,cardiomegaly_0,-2.5357513,0.07338957,0.83812714
blank,00001470_001.png,1470,,cardiomegaly_0,-2.836155,0.05540141,0.8524208
blank,00001606_004.png,1606,,cardiomegaly_0,-2.8197422,0.056266617,0.8665272
blank,00002139_000.png,2139,,cardiomegaly_0,-3.008627,0.047037654,0.85887647
blank,00002355_005.png,2355,,cardiomegaly_0,-2.6011028,0.06906748,0.83805615
blank,00002492_010.png,2492,,cardiomegaly_0,-2.5900059,0.0697844,0.8374991
blank,00002566_000.png,2566,,cardiomegaly_0,-2.81258,0.056648146,0.8524849
blank,00003064_010.png,3064,,cardiomegaly_0,-2.836155,0.05540141,0.8524208
blank,00003804_012.png,3804,,cardiomegaly_0,-2.5751667,0.07075385,0.84076256
blank,00003917_000.png,3917,,cardiomegaly_0,-2.67659,0.06436894,0.85381305
blank,00004057_000.png,4057,,cardiomegaly_0,-2.9198208,0.0511824,0.8659976
blank,00005623_000.png,5623,,cardiomegaly_0,-2.5757866,0.0707131,0.83401257
blank,00006012_000.png,6012,,cardiomegaly_0,-2.8864384,0.052828047,0.8647286
blank,00006791_002.png,6791,,cardiomegaly_0,-2.62854,0.067324065,0.84479165
blank,00006921_000.png,6921,,cardiomegaly_0,-2.62854,0.067324065,0.84479165
blank,00006981_017.png,6981,,cardiomegaly_0,-2.5377998,0.07325039,0.8365299
blank,00007082_000.png,7082,,cardiomegaly_0,-2.9792614,0.048371617,0.86583567
blank,00007159_000.png,7159,,cardiomegaly_0,-2.916977,0.051320683,0.8621287
blank,00007340_004.png,7340,,cardiomegaly_0,-3.010992,0.046931755,0.86417335
blank,00007589_000.png,7589,,cardiomegaly_0,-2.836155,0.05540141,0.8524208
blank,00007931_000.png,7931,,cardiomegaly_0,-3.0970268,0.043230064,0.8790159
blank,00008142_005.png,8142,,cardiomegaly_0,-2.926344,0.05086655,0.866395
blank,00008147_000.png,8147,,cardiomegaly_0,-2.8204746,0.056227744,0.8530902
blank,00008184_003.png,8184,,cardiomegaly_0,-2.8204746,0.056227744,0.8530902
blank,00008359_000.png,8359,,cardiomegaly_0,-2.5900059,0.0697844,0.8374991
blank,00008386_001.png,8386,,cardiomegaly_0,-2.6041222,0.0688736,0.8407916
blank,00008802_008.png,8802,,cardiomegaly_0,-2.5801373,0.070427746,0.84110594
blank,00009090_001.png,9090,,cardiomegaly_0,-2.836155,0.05540141,0.8524208
blank,00009105_003.png,9105,,cardiomegaly_0,-2.5595875,0.07178502,0.8373671
blank,00009306_000.png,9306,,cardiomegaly_0,-3.0597343,0.04479907,0.8701403
blank,00009335_000.png,9335,,cardiomegaly_0,-2.9836063,0.048172005,0.8647493
blank,00009409_002.png,9409,,cardiomegaly_0,-3.0597343,0.04479907,0.8701403
blank,00009761_000.png,9761,,cardiomegaly_0,-2.7113476,0.062307075,0.85287845
blank,00010465_001.png,10465,,cardiomegaly_0,-2.5474777,0.07259611,0.832908
blank,00010892_000.png,10892,,cardiomegaly_0,-2.6252441,0.06753132,0.84539133
blank,00010931_003.png,10931,,cardiomegaly_0,-2.5377998,0.07325039,0.8365299
blank,00010964_000.png,10964,,cardiomegaly_0,-2.5988731,0.06921098,0.845315
blank,00011611_000.png,11611,,cardiomegaly_0,-2.6208477,0.06780869,0.8502408
blank,00012129_000.png,12129,,cardiomegaly_0,-2.5900059,0.0697844,0.8374991
blank,00012400_000.png,12400,,cardiomegaly_0,-2.5357513,0.07338957,0.83812714
blank,00012772_003.png,12772,,cardiomegaly_0,-2.6769466,0.06434746,0.8542616
blank,00012902_001.png,12902,,cardiomegaly_0,-2.74197,0.06054176,0.85818774
blank,00013441_000.png,13441,,cardiomegaly_0,-2.5575943,0.07191794,0.8376426
blank,00013678_003.png,13678,,cardiomegaly_0,-2.5474777,0.07259611,0.832908
blank,00013759_000.png,13759,,cardiomegaly_0,-2.6153755,0.06815541,0.8459198
blank,00014281_000.png,14281,,cardiomegaly_0,-2.62957,0.06725942,0.8442135
blank,00014295_001.png,14295,,cardiomegaly_0,-2.627224,0.06740675,0.8419628
blank,00014387_006.png,14387,,cardiomegaly_0,-2.6025696,0.06897323,0.8453965
blank,00014838_000.png,14838,,cardiomegaly_0,-2.6037598,0.068896845,0.8409902
blank,00014954_000.png,14954,,cardiomegaly_0,-2.5847378,0.07012715,0.83141786
blank,00015056_005.png,15056,,cardiomegaly_0,-2.9836063,0.048172005,0.8647493
blank,00015087_011.png,15087,,cardiomegaly_0,-3.1035156,0.042962473,0.8822248
blank,00016191_019.png,16191,,cardiomegaly_0,-2.6623611,0.06523121,0.84151953
blank,00016245_000.png,16245,,cardiomegaly_0,-2.927782,0.05079716,0.8638845
blank,00016498_001.png,16498,,cardiomegaly_0,-2.62957,0.06725942,0.8442135
blank,00016509_001.png,16509,,cardiomegaly_0,-2.5939503,0.06952879,0.83523744
blank,00016512_001.png,16512,,cardiomegaly_0,-2.78969,0.057883855,0.8631558
blank,00016724_002.png,16724,,cardiomegaly_0,-2.740816,0.06060742,0.85288036
blank,00016865_000.png,16865,,cardiomegaly_0,-2.6011028,0.06906748,0.83805615
blank,00016907_000.png,16907,,cardiomegaly_0,-2.5377998,0.07325039,0.8365299
blank,00017381_000.png,17381,,cardiomegaly_0,-2.6041222,0.0688736,0.8407916
blank,00018008_000.png,18008,,cardiomegaly_0,-2.8759995,0.05335283,0.86891633
blank,00018011_000.png,18011,,cardiomegaly_0,-2.5595875,0.07178502,0.8373671
blank,00018488_002.png,18488,,cardiomegaly_0,-2.6323643,0.067084335,0.84753746
blank,00018616_000.png,18616,,cardiomegaly_0,-2.627224,0.06740675,0.8419628
blank,00019435_003.png,19435,,cardiomegaly_0,-2.6252441,0.06753132,0.84539133
blank,00019535_002.png,19535,,cardiomegaly_0,-2.6560059,0.065619804,0.8412219
blank,00019544_000.png,19544,,cardiomegaly_0,-2.6018295,0.06902077,0.83055055
blank,00019911_001.png,19911,,cardiomegaly_0,-2.6131516,0.06829679,0.8479476
blank,00020318_024.png,20318,,cardiomegaly_0,-2.6276321,0.06738109,0.85495114
blank,00020341_000.png,20341,,cardiomegaly_0,-2.6041222,0.0688736,0.8407916
blank,00020642_006.png,20642,,cardiomegaly_0,-2.598652,0.06922524,0.8462812
blank,00020674_000.png,20674,,cardiomegaly_0,-2.6025696,0.06897323,0.8453965
blank,00020716_002.png,20716,,cardiomegaly_0,-2.5357513,0.07338957,0.83812714
blank,00020802_000.png,20802,,cardiomegaly_0,-2.6011028,0.06906748,0.83805615
blank,00021023_024.png,21023,,cardiomegaly_0,-2.6208477,0.06780869,0.8502408
blank,00021569_000.png,21569,,cardiomegaly_0,-2.7295036,0.061254695,0.8474358
blank,00022341_000.png,22341,,cardiomegaly_0,-2.5357513,0.07338957,0.83812714
blank,00022582_001.png,22582,,cardiomegaly_0,-2.627224,0.06740675,0.8419628
blank,00022712_000.png,22712,,cardiomegaly_0,-2.7484283,0.06017547,0.8526656
blank,00023621_000.png,23621,,cardiomegaly_0,-2.7484283,0.06017547,0.8526656
blank,00023776_000.png,23776,,cardiomegaly_0,-2.6546192,0.065704875,0.8488545
blank,00024192_000.png,24192,,cardiomegaly_0,-2.6125927,0.06833236,0.8466516
blank,00024326_000.png,24326,,cardiomegaly_0,-2.7113476,0.062307075,0.85287845
blank,00024474_000.png,24474,,cardiomegaly_0,-2.5537624,0.072174124,0.8416875
blank,00024583_000.png,24583,,cardiomegaly_0,-2.6199112,0.06786791,0.8453616
blank,00025054_000.png,25054,,cardiomegaly_0,-2.5758705,0.07070759,0.8419967
blank,00026354_001.png,26354,,cardiomegaly_0,-2.6058521,0.068762735,0.83578455
blank,00026807_000.png,26807,,cardiomegaly_0,-2.5909195,0.06972512,0.8388524
blank,00027305_000.png,27305,,cardiomegaly_0,-2.6147156,0.06819733,0.8469693
blank,00028027_005.png,28027,,cardiomegaly_0,-2.6828175,0.0639949,0.8484293
blank,00028053_000.png,28053,,cardiomegaly_0,-2.5758705,0.07070759,0.8419967
blank,00028457_000.png,28457,,cardiomegaly_0,-2.5475864,0.072588794,0.83220524
blank,00028962_000.png,28962,,cardiomegaly_0,-2.6011276,0.069065884,0.8446453
blank,00029393_000.png,29393,,cardiomegaly_0,-2.6011276,0.069065884,0.8446453
blank,00029569_000.png,29569,,cardiomegaly_0,-2.5596676,0.07177968,0.83744323
blank,00029648_000.png,29648,,cardiomegaly_0,-2.6011276,0.069065884,0.8446453
blank,00030332_000.png,30332,,cardiomegaly_0,-2.6161003,0.06810939,0.8506177
blank,00030805_000.png,30805,,cardiomegaly_0,-2.8316803,0.055636045,0.8530859
real,00000023_002.png,23,,cardiomegaly_1,-0.4897442,0.37995383,0.79481244
real,00000041_002.png,41,,cardiomegaly_1,-1.1129074,0.24732925,0.681535
real,00000041_006.png,41,,cardiomegaly_1,-2.7454224,0.0603457,0.8421902
real,00000078_001.png,78,,cardiomegaly_1,-1.6547127,0.16047302,0.7733614
real,00000121_006.png,121,,cardiomegaly_1,-2.832489,0.05559357,0.8368323
real,00000121_007.png,121,,cardiomegaly_1,-3.2220058,0.03834595,0.8780027
real,00000148_001.png,148,,cardiomegaly_1,-2.7410355,0.06059494,0.85669523
real,00000148_002.png,148,,cardiomegaly_1,-3.7727165,0.022472886,0.9243378
real,00000176_001.png,176,,cardiomegaly_1,6.350893,0.9982578,0.9939246
real,00000176_002.png,176,,cardiomegaly_1,7.7087517,0.99955136,0.99589235
real,00000200_001.png,200,,cardiomegaly_1,7.5959606,0.9994978,0.9971875
real,00000240_000.png,240,,cardiomegaly_1,8.258093,0.9997409,0.9974685
real,00000246_008.png,246,,cardiomegaly_1,-0.24837303,0.438224,0.7347073
real,00000246_012.png,246,,cardiomegaly_1,-0.5703163,0.36116382,0.76153123
real,00000246_013.png,246,,cardiomegaly_1,0.15934372,0.5397518,0.7631485
real,00000284_004.png,284,,cardiomegaly_1,3.0309525,0.953953,0.9601036
real,00000284_005.png,284,,cardiomegaly_1,6.3454475,0.99824834,0.9949892
real,00000337_000.png,337,,cardiomegaly_1,-0.6915283,0.33369318,0.7417496
real,00000404_002.png,404,,cardiomegaly_1,-0.3863411,0.40459839,0.766549
real,00000457_002.png,457,,cardiomegaly_1,7.598524,0.9994991,0.9963409
real,00000457_003.png,457,,cardiomegaly_1,8.349512,0.99976355,0.997667
real,00000457_004.png,457,,cardiomegaly_1,6.4162254,0.99836785,0.9952321
real,00000499_002.png,499,,cardiomegaly_1,-3.500618,0.029294651,0.90552783
real,00000499_003.png,499,,cardiomegaly_1,-3.2222366,0.03833744,0.8705637
real,00000591_001.png,591,,cardiomegaly_1,-1.0914688,0.2513418,0.75998145
real,00000591_002.png,591,,cardiomegaly_1,0.38619995,0.5953676,0.7851699
real,00000591_004.png,591,,cardiomegaly_1,-0.07513809,0.48122433,0.780028
real,00000591_005.png,591,,cardiomegaly_1,-0.49559975,0.3785753,0.78255826
real,00000591_006.png,591,,cardiomegaly_1,1.0527134,0.74129564,0.8564242
real,00000591_007.png,591,,cardiomegaly_1,-0.16163063,0.45968008,0.7440089
real,00000591_009.png,591,,cardiomegaly_1,-2.3573437,0.08648382,0.8251326
real,00000591_010.png,591,,cardiomegaly_1,-1.6889706,0.15591127,0.7715965
real,00000591_011.png,591,,cardiomegaly_1,-0.35777473,0.41149837,0.7741087
real,00000591_012.png,591,,cardiomegaly_1,0.606905,0.6472345,0.80636525
real,00000591_013.png,591,,cardiomegaly_1,-0.027889252,0.49302816,0.7759718
real,00000591_014.png,591,,cardiomegaly_1,0.013158798,0.50328964,0.7572245
real,00000591_015.png,591,,cardiomegaly_1,0.42390633,0.6044176,0.78548986
real,00000591_016.png,591,,cardiomegaly_1,-0.04822731,0.48794553,0.7711301
real,00000591_018.png,591,,cardiomegaly_1,-0.5466385,0.36664465,0.74754226
real,00000591_019.png,591,,cardiomegaly_1,0.2980709,0.57397085,0.7615612
real,00000622_000.png,622,,cardiomegaly_1,-3.0017223,0.047348123,0.8495192
real,00000661_001.png,661,,cardiomegaly_1,8.637289,0.9998227,0.99769545
real,00000661_000.png,661,,cardiomegaly_1,8.025967,0.99967325,0.9973571
real,00000707_002.png,707,,cardiomegaly_1,-1.3380756,0.2078267,0.71737987
real,00000787_002.png,787,,cardiomegaly_1,7.8157654,0.9995969,0.9962771
real,00000848_000.png,848,,cardiomegaly_1,0.9608898,0.7232999,0.8478582
real,00000869_008.png,869,,cardiomegaly_1,3.4075146,0.9679386,0.9705582
real,00000949_005.png,949,,cardiomegaly_1,-3.208826,0.03883493,0.85274404
real,00001075_038.png,1075,,cardiomegaly_1,1.3926964,0.80102235,0.8823555
real,00001075_045.png,1075,,cardiomegaly_1,-2.198492,0.099885985,0.80797285
real,00001075_046.png,1075,,cardiomegaly_1,5.56954,0.9962023,0.9906757
real,00001075_047.png,1075,,cardiomegaly_1,1.1738682,0.7638435,0.83714104
real,00001075_007.png,1075,,cardiomegaly_1,0.71949387,0.67249554,0.83475345
real,00001075_022.png,1075,,cardiomegaly_1,0.091918945,0.5229636,0.7279604
real,00001075_033.png,1075,,cardiomegaly_1,8.381422,0.99977094,0.99739784
real,00001096_001.png,1096,,cardiomegaly_1,3.6947231,0.9757485,0.9727681
real,00001104_022.png,1104,,cardiomegaly_1,-1.9033031,0.12973508,0.78477657
real,00001170_006.png,1170,,cardiomegaly_1,-1.5693741,0.17230563,0.7461721
real,00001170_020.png,1170,,cardiomegaly_1,-0.7129688,0.32894316,0.75291574
real,00001170_021.png,1170,,cardiomegaly_1,-1.1316605,0.2438548,0.77328575
real,00001170_023.png,1170,,cardiomegaly_1,-1.0555382,0.25816303,0.7673559
real,00001170_030.png,1170,,cardiomegaly_1,-1.1261559,0.24487124,0.7843243
real,00001170_034.png,1170,,cardiomegaly_1,-1.0046043,0.2680371,0.770517
real,00001170_035.png,1170,,cardiomegaly_1,-0.8921261,0.29067126,0.75666505
real,00001170_036.png,1170,,cardiomegaly_1,-1.164793,0.23779747,0.78252226
real,00001170_037.png,1170,,cardiomegaly_1,-1.057663,0.25775632,0.7654898
real,00001170_039.png,1170,,cardiomegaly_1,-1.5073967,0.18132491,0.7759762
real,00001170_040.png,1170,,cardiomegaly_1,-1.0193195,0.26515996,0.7648159
real,00001170_045.png,1170,,cardiomegaly_1,-1.0434933,0.26047653,0.7467023
real,00001170_046.png,1170,,cardiomegaly_1,-1.4978046,0.18275319,0.7796926
real,00001170_047.png,1170,,cardiomegaly_1,-0.89328384,0.29043263,0.77834606
real,00001187_001.png,1187,,cardiomegaly_1,3.3030415,0.964533,0.9757977
real,00001248_022.png,1248,,cardiomegaly_1,-1.9600906,0.12345725,0.80997133
real,00001248_023.png,1248,,cardiomegaly_1,-0.951313,0.27862084,0.7433331
real,00001248_024.png,1248,,cardiomegaly_1,-1.4377251,0.19189788,0.7661195
real,00001248_025.png,1248,,cardiomegaly_1,-0.9759464,0.27369684,0.79187363
real,00001248_028.png,1248,,cardiomegaly_1,-0.8888073,0.29135603,0.7600349
real,00001248_036.png,1248,,cardiomegaly_1,-1.7434998,0.14886895,0.8022553
real,00001248_038.png,1248,,cardiomegaly_1,-0.85100555,0.29922196,0.7844098
real,00001248_000.png,1248,,cardiomegaly_1,-2.6208801,0.06780664,0.8583439
real,00001248_002.png,1248,,cardiomegaly_1,2.8987904,0.94778657,0.9657325
real,00001248_003.png,1248,,cardiomegaly_1,1.5776825,0.8288761,0.8900788
real,00001248_004.png,1248,,cardiomegaly_1,0.6325741,0.6530729,0.8169173
real,00001248_016.png,1248,,cardiomegaly_1,1.8146687,0.8599252,0.89782405
real,00001248_017.png,1248,,cardiomegaly_1,-0.61631393,0.35062027,0.7040665
real,00001309_002.png,1309,,cardiomegaly_1,-1.3512993,0.20565803,0.7447577
real,00001458_001.png,1458,,cardiomegaly_1,-1.5172539,0.17986625,0.805106
real,00001470_006.png,1470,,cardiomegaly_1,-0.7291584,0.32537943,0.74769294
real,00001470_007.png,1470,,cardiomegaly_1,-1.3924904,0.19901046,0.7532444
real,00001775_001.png,1775,,cardiomegaly_1,-0.8306751,0.30350232,0.6483274
real,00001775_002.png,1775,,cardiomegaly_1,-1.7765198,0.1447334,0.69902897
real,00001775_004.png,1775,,cardiomegaly_1,-1.003624,0.26822948,0.64211035
real,00001775_005.png,1775,,cardiomegaly_1,-0.7604103,0.3185572,0.65515375
real,00001782_000.png,1782,,cardiomegaly_1,-0.29107475,0.4277408,0.7741804
real,00001784_000.png,1784,,cardiomegaly_1,5.7484856,0.9968225,0.99305975
real,00001974_000.png,1974,,cardiomegaly_1,-0.6000328,0.35433617,0.75173646
real,00001974_003.png,1974,,cardiomegaly_1,-2.0785809,0.11119614,0.7298635
real,00001989_011.png,1989,,cardiomegaly_1,1.7631149,0.85359937,0.8876062
real,00002046_003.png,2046,,cardiomegaly_1,0.82590866,0.6954891,0.8379213
real,00002083_000.png,2083,,cardiomegaly_1,7.8354874,0.99960476,0.9969393
real,00002120_005.png,2120,,cardiomegaly_1,-1.3257446,0.20986412,0.7263517
real,00002239_002.png,2239,,cardiomegaly_1,1.650919,0.8390152,0.87372637
real,00002239_005.png,2239,,cardiomegaly_1,-1.3173409,0.21126103,0.8049559
real,00002239_006.png,2239,,cardiomegaly_1,0.14460945,0.5360895,0.8287034
real,00002239_007.png,2239,,cardiomegaly_1,0.08725548,0.52180004,0.7728596
real,00002239_008.png,2239,,cardiomegaly_1,-2.1119652,0.1079393,0.8306957
real,00002239_009.png,2239,,cardiomegaly_1,-2.637989,0.06673317,0.84005404
real,00002299_007.png,2299,,cardiomegaly_1,-2.505293,0.07548796,0.7981874
real,00002299_010.png,2299,,cardiomegaly_1,-2.3462887,0.08736122,0.79264265
real,00002299_001.png,2299,,cardiomegaly_1,-2.675188,0.06445342,0.79508
real,00002299_002.png,2299,,cardiomegaly_1,-1.7836647,0.1438512,0.7539392
real,00002300_000.png,2300,,cardiomegaly_1,-1.79039,0.1430249,0.7335928
real,00002339_007.png,2339,,cardiomegaly_1,2.1423092,0.8949479,0.9019436
real,00002355_004.png,2355,,cardiomegaly_1,-4.2487907,0.014080405,0.936452
real,00002355_006.png,2355,,cardiomegaly_1,-4.46307,0.011395567,0.94009787
real,00002355_002.png,2355,,cardiomegaly_1,-3.6283398,0.025873048,0.88817656
real,00002424_013.png,2424,,cardiomegaly_1,-2.930603,0.050661314,0.8574562
real,00002490_000.png,2490,,cardiomegaly_1,-4.5693893,0.01025797,0.95007306
real,00002492_016.png,2492,,cardiomegaly_1,4.5798893,0.9898481,0.9837991
real,00002492_002.png,2492,,cardiomegaly_1,-2.4003086,0.083149165,0.77115196
real,00002492_003.png,2492,,cardiomegaly_1,-3.5722294,0.027325496,0.8848284
real,00002533_004.png,2533,,cardiomegaly_1,1.5043278,0.818219,0.88838863
real,00002533_005.png,2533,,cardiomegaly_1,4.1522427,0.9845145,0.9811562
real,00002552_001.png,2552,,cardiomegaly_1,8.673456,0.99982893,0.99713385
real,00002585_000.png,2585,,cardiomegaly_1,-1.3388557,0.20769829,0.7716452
real,00002585_003.png,2585,,cardiomegaly_1,-0.8761444,0.2939774,0.8087524
real,00002599_001.png,2599,,cardiomegaly_1,-0.1932621,0.4518343,0.7766796
real,00002609_000.png,2609,,cardiomegaly_1,-2.813631,0.056592006,0.87247187
real,00002685_002.png,2685,,cardiomegaly_1,-2.3621025,0.086108595,0.79380244
real,00002686_001.png,2686,,cardiomegaly_1,2.776907,0.9414151,0.9593289
real,00002825_007.png,2825,,cardiomegaly_1,-4.869032,0.0076222527,0.9656789
real,00002825_008.png,2825,,cardiomegaly_1,-4.519596,0.010776035,0.9587201
real,00002825_011.png,2825,,cardiomegaly_1,-4.127922,0.015860716,0.9360755
real,00002924_001.png,2924,,cardiomegaly_1,0.5729828,0.63945115,0.7939518
real,00003013_011.png,3013,,cardiomegaly_1,-3.2089844,0.03882902,0.8554215
real,00003013_013.png,3013,,cardiomegaly_1,-3.6429977,0.025506172,0.9144918
real,00003013_014.png,3013,,cardiomegaly_1,-3.3335705,0.034437306,0.8715168
real,00003015_000.png,3015,,cardiomegaly_1,7.684908,0.99954057,0.99653834
real,00003064_003.png,3064,,cardiomegaly_1,-3.679451,0.024615606,0.90392596
real,00003064_005.png,3064,,cardiomegaly_1,-1.4582558,0.18873423,0.7666299
real,00003064_006.png,3064,,cardiomegaly_1,-2.7190533,0.06185838,0.82329714
real,00003064_007.png,3064,,cardiomegaly_1,3.657917,0.97486204,0.9677591
real,00003064_035.png,3064,,cardiomegaly_1,0.43248367,0.6064666,0.81968164
real,00003064_037.png,3064,,cardiomegaly_1,-0.6576309,0.341272,0.7665154
real,00003064_038.png,3064,,cardiomegaly_1,1.0581303,0.74233305,0.8610597
real,00003064_039.png,3064,,cardiomegaly_1,1.8474064,0.86382234,0.9078062
real,00003064_043.png,3064,,cardiomegaly_1,-0.97672653,0.27354178,0.80137885
real,00003064_048.png,3064,,cardiomegaly_1,-3.6645164,0.024976738,0.929222
real,00003064_050.png,3064,,cardiomegaly_1,-3.5447083,0.028066566,0.9054991
real,00003064_052.png,3064,,cardiomegaly_1,-3.2252522,0.03822642,0.88618094
real,00003362_006.png,3362,,cardiomegaly_1,-0.22770691,0.44331798,0.75513715
real,00003423_002.png,3423,,cardiomegaly_1,1.2155228,0.7712747,0.866109
real,00003423_003.png,3423,,cardiomegaly_1,0.67341423,0.66226727,0.7854523
real,00003423_005.png,3423,,cardiomegaly_1,-1.5496006,0.17514396,0.7143165
real,00003423_011.png,3423,,cardiomegaly_1,-0.5995674,0.3544427,0.670424
real,00003423_015.png,3423,,cardiomegaly_1,2.9331627,0.9494617,0.95423406
real,00003423_021.png,3423,,cardiomegaly_1,1.4371319,0.8080101,0.87938356
real,00003428_000.png,3428,,cardiomegaly_1,0.58914757,0.6431695,0.7812826
real,00003439_002.png,3439,,cardiomegaly_1,-3.750391,0.022968596,0.920162
real,00003439_003.png,3439,,cardiomegaly_1,-4.4154778,0.011944384,0.94119155
real,00003570_002.png,3570,,cardiomegaly_1,6.8747177,0.9989675,0.99492705
real,00003570_004.png,3570,,cardiomegaly_1,-3.3674927,0.03332699,0.8852659
real,00003611_002.png,3611,,cardiomegaly_1,-2.0275402,0.11634157,0.7555157
real,00003611_004.png,3611,,cardiomegaly_1,-1.803833,0.14138512,0.79617983
real,00003611_005.png,3611,,cardiomegaly_1,-1.3449917,0.20669037,0.7993944
real,00003611_006.png,3611,,cardiomegaly_1,-1.4720058,0.18663794,0.77631634
real,00003706_001.png,3706,,cardiomegaly_1,2.613823,0.9317459,0.9380925
real,00003737_000.png,3737,,cardiomegaly_1,-0.34117126,0.41552496,0.64840144
real,00003737_001.png,3737,,cardiomegaly_1,-1.2547722,0.22187516,0.6763747
real,00003789_009.png,3789,,cardiomegaly_1,7.81983,0.99959844,0.9955179
real,00003856_003.png,3856,,cardiomegaly_1,-1.2160873,0.22862574,0.73197615
real,00003916_001.png,3916,,cardiomegaly_1,3.9114227,0.9803806,0.97786385
real,00003916_002.png,3916,,cardiomegaly_1,1.9467392,0.8750906,0.89038086
real,00003937_000.png,3937,,cardiomegaly_1,-4.240217,0.014199919,0.9456782
real,00003996_020.png,3996,,cardiomegaly_1,-0.7611942,0.31838703,0.74642473
real,00004003_000.png,4003,,cardiomegaly_1,-4.5154095,0.010820756,0.95157856
real,00004080_000.png,4080,,cardiomegaly_1,-1.7156105,0.15243743,0.7565055
real,00004080_001.png,4080,,cardiomegaly_1,0.032190323,0.50804687,0.7514496
real,00004081_000.png,4081,,cardiomegaly_1,-1.6201916,0.16517845,0.77632284
real,00004220_000.png,4220,,cardiomegaly_1,-3.0924892,0.04341813,0.89307344
real,00004233_000.png,4233,,cardiomegaly_1,1.4077091,0.80340433,0.85090506
real,00004263_000.png,4263,,cardiomegaly_1,0.49935532,0.62230784,0.7742569
real,00004344_013.png,4344,,cardiomegaly_1,7.848974,0.99961,0.9971375
real,00004344_014.png,4344,,cardiomegaly_1,8.0413,0.99967825,0.996759
real,00004344_046.png,4344,,cardiomegaly_1,8.105116,0.99969816,0.99735475
real,00004344_047.png,4344,,cardiomegaly_1,7.776823,0.9995808,0.99693584
real,00004404_008.png,4404,,cardiomegaly_1,7.345684,0.999355,0.995478
real,00004511_000.png,4511,,cardiomegaly_1,6.5730095,0.99860436,0.99327314
real,00004547_020.png,4547,,cardiomegaly_1,-2.528164,0.07390722,0.8357221
real,00004583_000.png,4583,,cardiomegaly_1,0.27048683,0.56721246,0.8039996
real,00004608_008.png,4608,,cardiomegaly_1,-0.43775177,0.3922768,0.7419472
real,00004608_009.png,4608,,cardiomegaly_1,0.30261993,0.57508284,0.79630643
real,00004608_011.png,4608,,cardiomegaly_1,-0.97366333,0.2741509,0.7202926
real,00004646_002.png,4646,,cardiomegaly_1,-1.3489971,0.20603438,0.7532852
real,00004750_004.png,4750,,cardiomegaly_1,1.2237835,0.7727287,0.8877611
real,00004750_006.png,4750,,cardiomegaly_1,1.2534828,0.7779022,0.8778435
real,00004833_014.png,4833,,cardiomegaly_1,-1.1005249,0.24964155,0.78818065
real,00004862_000.png,4862,,cardiomegaly_1,-0.7025528,0.3312465,0.7179774
real,00004909_006.png,4909,,cardiomegaly_1,5.7072163,0.99668914,0.99269223
real,00004909_007.png,4909,,cardiomegaly_1,4.361313,0.9873992,0.982629
real,00004976_000.png,4976,,cardiomegaly_1,5.02421,0.9934662,0.9880147
real,00005038_000.png,5038,,cardiomegaly_1,5.202469,0.99452716,0.98584974
real,00005101_002.png,5101,,cardiomegaly_1,-3.1258278,0.042054366,0.89428455
real,00005108_000.png,5108,,cardiomegaly_1,1.9299755,0.8732467,0.9131125
real,00005110_009.png,5110,,cardiomegaly_1,-3.4598064,0.030477753,0.9041571
real,00005395_006.png,5395,,cardiomegaly_1,-0.59916496,0.35453475,0.72668415
real,00005395_007.png,5395,,cardiomegaly_1,-0.17150879,0.4572276,0.71642315
real,00005395_010.png,5395,,cardiomegaly_1,-1.4372578,0.19197036,0.68407303
real,00005395_011.png,5395,,cardiomegaly_1,0.026380539,0.5065947,0.6789324
real,00005401_000.png,5401,,cardiomegaly_1,0.89995384,0.71094,0.7882239
real,00005410_002.png,5410,,cardiomegaly_1,-0.21353722,0.44681764,0.751162
real,00005520_007.png,5520,,cardiomegaly_1,-5.26556,0.0051399427,0.9728921
real,00005532_031.png,5532,,cardiomegaly_1,4.5906487,0.98995566,0.9812192
real,00005532_037.png,5532,,cardiomegaly_1,3.1613503,0.9593536,0.96963555
real,00005532_042.png,5532,,cardiomegaly_1,7.333805,0.9993474,0.99596876
real,00005532_043.png,5532,,cardiomegaly_1,4.9761906,0.99314696,0.9869879
real,00005532_000.png,5532,,cardiomegaly_1,1.9560432,0.87610406,0.91435635
real,00005532_004.png,5532,,cardiomegaly_1,7.6488895,0.99952364,0.99660444
real,00005532_005.png,5532,,cardiomegaly_1,4.590704,0.98995626,0.98273355
real,00005532_007.png,5532,,cardiomegaly_1,7.988592,0.99966085,0.9970405
real,00005532_008.png,5532,,cardiomegaly_1,4.352844,0.98729336,0.98295254
real,00005532_010.png,5532,,cardiomegaly_1,2.1079636,0.89167476,0.8967509
real,00005532_011.png,5532,,cardiomegaly_1,2.0613804,0.88709253,0.89930415
real,00005532_012.png,5532,,cardiomegaly_1,1.4617538,0.8118008,0.8649208
real,00005532_013.png,5532,,cardiomegaly_1,5.151966,0.99424535,0.98845285
real,00005532_014.png,5532,,cardiomegaly_1,6.801523,0.99888915,0.99426764
real,00005532_016.png,5532,,cardiomegaly_1,7.2717743,0.9993056,0.99570453
real,00005532_018.png,5532,,cardiomegaly_1,4.294462,0.9865398,0.9847578
real,00005532_019.png,5532,,cardiomegaly_1,5.5037537,0.99594504,0.991918
real,00005556_000.png,5556,,cardiomegaly_1,4.1014175,0.9837202,0.983688
real,00005556_008.png,5556,,cardiomegaly_1,-2.6536522,0.06576426,0.8555053
real,00005579_002.png,5579,,cardiomegaly_1,2.5226707,0.9257159,0.9450547
real,00005626_002.png,5626,,cardiomegaly_1,-1.2641773,0.22025563,0.8318523
real,00005641_003.png,5641,,cardiomegaly_1,7.091179,0.9991683,0.9951642
real,00005641_006.png,5641,,cardiomegaly_1,7.7423134,0.99956614,0.9966402
real,00005641_012.png,5641,,cardiomegaly_1,7.026001,0.9991123,0.99402595
real,00005666_004.png,5666,,cardiomegaly_1,5.5936203,0.9962923,0.99106324
real,00005666_010.png,5666,,cardiomegaly_1,5.4492016,0.99571866,0.9925259
real,00005666_011.png,5666,,cardiomegaly_1,5.958088,0.99742186,0.99151045
real,00005666_012.png,5666,,cardiomegaly_1,6.179142,0.9979321,0.9925991
real,00005666_013.png,5666,,cardiomegaly_1,6.2293053,0.9980331,0.993909
real,00005666_018.png,5666,,cardiomegaly_1,5.5196533,0.99600875,0.9912557
real,00005666_019.png,5666,,cardiomegaly_1,5.082575,0.9938344,0.98812264
real,00005766_004.png,5766,,cardiomegaly_1,-1.693964,0.15525524,0.77848214
real,00005869_001.png,5869,,cardiomegaly_1,6.8972225,0.9989905,0.9921199
real,00005895_003.png,5895,,cardiomegaly_1,-1.0025597,0.26843846,0.706274
real,00005895_005.png,5895,,cardiomegaly_1,0.9264488,0.71635425,0.82583773
real,00005895_007.png,5895,,cardiomegaly_1,3.5212517,0.9712865,0.97604
real,00005895_009.png,5895,,cardiomegaly_1,4.8835297,0.9924866,0.9877726
real,00005895_013.png,5895,,cardiomegaly_1,6.5129147,0.99851805,0.9953959
real,00005895_023.png,5895,,cardiomegaly_1,2.8885498,0.9472775,0.9646234
real,00005920_003.png,5920,,cardiomegaly_1,4.501549,0.9890298,0.98352486
real,00006166_000.png,6166,,cardiomegaly_1,6.299309,0.9981658,0.99226695
real,00006298_003.png,6298,,cardiomegaly_1,-1.4191017,0.19480245,0.79913384
real,00006298_004.png,6298,,cardiomegaly_1,-1.8400841,0.13704135,0.81628716
real,00006298_005.png,6298,,cardiomegaly_1,-2.2678185,0.09382353,0.83198994
real,00006359_000.png,6359,,cardiomegaly_1,4.9303093,0.9928275,0.9866074
real,00006368_000.png,6368,,cardiomegaly_1,-4.7504807,0.008573399,0.9692385
real,00006436_012.png,6436,,cardiomegaly_1,-0.21090126,0.44746926,0.74339616
real,00006483_000.png,6483,,cardiomegaly_1,-4.1633167,0.015317598,0.9356472
real,00006537_000.png,6537,,cardiomegaly_1,-3.1710548,0.04026963,0.87717116
real,00006626_000.png,6626,,cardiomegaly_1,-0.4921074,0.37939724,0.8129426
real,00006626_006.png,6626,,cardiomegaly_1,-2.4551163,0.07906521,0.85218734
real,00006683_002.png,6683,,cardiomegaly_1,-0.84549904,0.30037788,0.76987195
real,00006683_003.png,6683,,cardiomegaly_1,-3.227312,0.038150758,0.8851688
real,00006683_004.png,6683,,cardiomegaly_1,-3.2079449,0.038867835,0.9027895
real,00006683_005.png,6683,,cardiomegaly_1,-3.256153,0.037106413,0.88568854
real,00006683_006.png,6683,,cardiomegaly_1,-2.00634,0.11853886,0.7757076
real,00006694_002.png,6694,,cardiomegaly_1,-2.0334663,0.1157337,0.83425206
real,00006694_003.png,6694,,cardiomegaly_1,-2.3832474,0.08445912,0.84137917
real,00006774_001.png,6774,,cardiomegaly_1,-3.0756989,0.04412086,0.8843365
real,00006791_006.png,6791,,cardiomegaly_1,-2.7592297,0.0595675,0.82932085
real,00006832_005.png,6832,,cardiomegaly_1,-1.700119,0.15444972,0.7648908
real,00006850_027.png,6850,,cardiomegaly_1,-2.8004208,0.057301447,0.8282298
real,00006850_028.png,6850,,cardiomegaly_1,-3.9470844,0.018945076,0.91940105
real,00006851_022.png,6851,,cardiomegaly_1,6.0882187,0.9977356,0.9924247
real,00006851_023.png,6851,,cardiomegaly_1,4.452984,0.9884902,0.9863937
real,00006851_024.png,6851,,cardiomegaly_1,0.85608864,0.70184284,0.77361315
real,00006851_009.png,6851,,cardiomegaly_1,1.8247128,0.86113065,0.88659143
real,00006851_010.png,6851,,cardiomegaly_1,1.1330967,0.75640994,0.7916584
real,00006890_003.png,6890,,cardiomegaly_1,7.405592,0.9993925,0.9953953
real,00006936_001.png,6936,,cardiomegaly_1,-2.198021,0.09992836,0.85822564
real,00006964_011.png,6964,,cardiomegaly_1,-3.6438293,0.02548551,0.91625524
real,00006981_001.png,6981,,cardiomegaly_1,-2.7122898,0.06225205,0.8677985
real,00006981_002.png,6981,,cardiomegaly_1,-4.4555244,0.011480886,0.95892835
real,00006981_009.png,6981,,cardiomegaly_1,-1.9475918,0.12481618,0.79292107
real,00006981_010.png,6981,,cardiomegaly_1,0.112234116,0.5280291,0.8092939
real,00006981_011.png,6981,,cardiomegaly_1,-2.737009,0.06082454,0.8475078
real,00006981_014.png,6981,,cardiomegaly_1,-2.5968895,0.06933887,0.8473502
real,00006981_016.png,6981,,cardiomegaly_1,-3.2772713,0.036359202,0.90154153
real,00006996_002.png,6996,,cardiomegaly_1,-0.9509449,0.27869484,0.7617001
real,00007033_001.png,7033,,cardiomegaly_1,-2.2758331,0.09314433,0.82661647
real,00007033_002.png,7033,,cardiomegaly_1,-3.4604874,0.030457636,0.9160774
real,00007033_004.png,7033,,cardiomegaly_1,-2.2525215,0.09513218,0.8300319
real,00007109_018.png,7109,,cardiomegaly_1,0.5674343,0.63817096,0.75496465
real,00007156_000.png,7156,,cardiomegaly_1,-0.5441704,0.367218,0.7365866
real,00007156_001.png,7156,,cardiomegaly_1,-1.7910023,0.14294988,0.76677585
real,00007340_014.png,7340,,cardiomegaly_1,-3.9482784,0.018922897,0.9315401
real,00007405_014.png,7405,,cardiomegaly_1,0.2521553,0.56270695,0.7669253
real,00007482_009.png,7482,,cardiomegaly_1,-2.0724583,0.1118027,0.79998416
real,00007482_015.png,7482,,cardiomegaly_1,1.176796,0.7643712,0.8774157
real,00007482_023.png,7482,,cardiomegaly_1,-4.258337,0.0139484955,0.93912065
real,00007482_026.png,7482,,cardiomegaly_1,-3.9070053,0.019704532,0.9154364
real,00007519_003.png,7519,,cardiomegaly_1,4.9482975,0.99295455,0.98948264
real,00007519_004.png,7519,,cardiomegaly_1,-1.9868355,0.12059204,0.76116467
real,00007551_021.png,7551,,cardiomegaly_1,7.8501816,0.9996105,0.9958305
real,00007652_000.png,7652,,cardiomegaly_1,5.502363,0.9959395,0.98662937
real,00007679_000.png,7679,,cardiomegaly_1,1.5773258,0.8288255,0.89556026
real,00007679_001.png,7679,,cardiomegaly_1,2.0091476,0.88175416,0.92201364
real,00007679_003.png,7679,,cardiomegaly_1,2.7454338,0.93965495,0.95695335
real,00007679_004.png,7679,,cardiomegaly_1,3.6133194,0.9737457,0.97905046
real,00007679_005.png,7679,,cardiomegaly_1,1.9218884,0.8723489,0.92952216
real,00007718_000.png,7718,,cardiomegaly_1,-1.1606712,0.23854534,0.79893553
real,00007718_001.png,7718,,cardiomegaly_1,-2.057085,0.11333843,0.83172274
real,00007718_005.png,7718,,cardiomegaly_1,2.1456718,0.8952637,0.937251
real,00007718_006.png,7718,,cardiomegaly_1,-1.6299,0.16384406,0.7645905
real,00007718_007.png,7718,,cardiomegaly_1,-4.5917377,0.010033538,0.9603162
real,00007718_009.png,7718,,cardiomegaly_1,-3.8651009,0.020530475,0.9375447
real,00007718_010.png,7718,,cardiomegaly_1,-2.469324,0.07803685,0.8224961
real,00007740_000.png,7740,,cardiomegaly_1,3.9308434,0.98075074,0.98233676
real,00007769_002.png,7769,,cardiomegaly_1,0.43902206,0.60802597,0.7916032
real,00007772_000.png,7772,,cardiomegaly_1,-1.3243313,0.2100986,0.78716683
real,00007833_000.png,7833,,cardiomegaly_1,3.628725,0.9741366,0.9759025
real,00007833_001.png,7833,,cardiomegaly_1,-5.0032883,0.006671026,0.967747
real,00007833_002.png,7833,,cardiomegaly_1,6.988039,0.99907804,0.9946292
real,00007833_003.png,7833,,cardiomegaly_1,6.0252876,0.997589,0.99009144
real,00007848_001.png,7848,,cardiomegaly_1,-1.3289948,0.20932569,0.7401103
real,00007848_004.png,7848,,cardiomegaly_1,0.69153786,0.66630894,0.8577004
real,00007848_005.png,7848,,cardiomegaly_1,-1.0112305,0.2667391,0.8277685
real,00007848_006.png,7848,,cardiomegaly_1,-0.21377182,0.4467596,0.82113236
real,00007865_001.png,7865,,cardiomegaly_1,-1.9940968,0.11982411,0.78773105
real,00007865_003.png,7865,,cardiomegaly_1,-0.36127663,0.41065052,0.73691297
real,00007865_005.png,7865,,cardiomegaly_1,0.052560806,0.51313716,0.7336648
real,00007869_004.png,7869,,cardiomegaly_1,2.3971596,0.9166104,0.9428309
real,00007882_000.png,7882,,cardiomegaly_1,0.6974468,0.66762143,0.7971498
real,00007882_001.png,7882,,cardiomegaly_1,1.2801399,0.78247356,0.8813808
real,00007908_000.png,7908,,cardiomegaly_1,6.955246,0.9990472,0.9944616
real,00007989_000.png,7989,,cardiomegaly_1,1.8521843,0.86438334,0.8902431
real,00007989_001.png,7989,,cardiomegaly_1,6.3331604,0.9982267,0.99308807
real,00007989_002.png,7989,,cardiomegaly_1,6.0354652,0.9976133,0.9928764
real,00008013_003.png,8013,,cardiomegaly_1,-2.9201546,0.0511662,0.88461226
real,00008013_006.png,8013,,cardiomegaly_1,-2.4606457,0.07866353,0.81588316
real,00008037_000.png,8037,,cardiomegaly_1,-2.4554882,0.07903813,0.8607332
real,00008037_001.png,8037,,cardiomegaly_1,-0.8677044,0.2957322,0.8054674
real,00008037_002.png,8037,,cardiomegaly_1,-1.5953941,0.16862632,0.8383818
real,00008103_000.png,8103,,cardiomegaly_1,4.121237,0.98403466,0.98247695
real,00008112_000.png,8112,,cardiomegaly_1,2.112131,0.8920767,0.9108824
real,00008147_013.png,8147,,cardiomegaly_1,-0.556839,0.36427918,0.78369606
real,00008184_007.png,8184,,cardiomegaly_1,-3.5913277,0.02682244,0.8930338
real,00008185_003.png,8185,,cardiomegaly_1,-0.6853771,0.33506227,0.69221854
real,00008185_005.png,8185,,cardiomegaly_1,-2.220808,0.09789742,0.76208633
real,00008191_001.png,8191,,cardiomegaly_1,-1.9900608,0.120250426,0.7970485
real,00008195_000.png,8195,,cardiomegaly_1,-3.3805046,0.032910332,0.90558684
real,00008339_000.png,8339,,cardiomegaly_1,6.623125,0.9986725,0.9945804
real,00008339_003.png,8339,,cardiomegaly_1,4.1751633,0.9848601,0.9859228
real,00008339_005.png,8339,,cardiomegaly_1,6.2247524,0.9980241,0.9937675
real,00008339_010.png,8339,,cardiomegaly_1,6.7135754,0.9987872,0.9934188
real,00008342_012.png,8342,,cardiomegaly_1,-0.5956459,0.35534048,0.72319216
real,00008342_015.png,8342,,cardiomegaly_1,-0.29058647,0.42786026,0.69544685
real,00008342_016.png,8342,,cardiomegaly_1,-0.90919495,0.2871646,0.6905031
real,00008342_025.png,8342,,cardiomegaly_1,-1.7493439,0.14812995,0.7194228
real,00008404_000.png,8404,,cardiomegaly_1,2.6707706,0.9352797,0.9493898
real,00008465_004.png,8465,,cardiomegaly_1,-2.999464,0.04745009,0.8427478
real,00008465_006.png,8465,,cardiomegaly_1,-3.5515537,0.027880434,0.8982482
real,00008471_000.png,8471,,cardiomegaly_1,-0.6097317,0.3521204,0.7897591
real,00008477_001.png,8477,,cardiomegaly_1,-2.4051743,0.08277898,0.8279749
real,00008477_005.png,8477,,cardiomegaly_1,-1.0058956,0.26778385,0.76577896
real,00008477_006.png,8477,,cardiomegaly_1,0.39679146,0.59791654,0.7677644
real,00008477_007.png,8477,,cardiomegaly_1,-2.3542614,0.08672765,0.8150727
real,00008489_025.png,8489,,cardiomegaly_1,-4.687052,0.009129691,0.96736324
real,00008637_000.png,8637,,cardiomegaly_1,3.5531254,0.9721621,0.9680339
real,00008637_001.png,8637,,cardiomegaly_1,-3.8620777,0.020591352,0.9039083
real,00008738_000.png,8738,,cardiomegaly_1,3.2728825,0.96348673,0.9602509
real,00008802_005.png,8802,,cardiomegaly_1,-3.0818462,0.04386232,0.85609025
real,00008806_014.png,8806,,cardiomegaly_1,2.8824883,0.946974,0.9508608
real,00008827_000.png,8827,,cardiomegaly_1,3.6604977,0.97492516,0.9769157
real,00008866_004.png,8866,,cardiomegaly_1,-0.7147255,0.3285555,0.7544112
real,00008898_000.png,8898,,cardiomegaly_1,7.982031,0.9996586,0.99632746
real,00008970_002.png,8970,,cardiomegaly_1,-3.7005787,0.0241134,0.8962947
real,00009034_004.png,9034,,cardiomegaly_1,1.8911285,0.86888415,0.9033836
real,00009105_007.png,9105,,cardiomegaly_1,-4.4185677,0.011907973,0.95041925
real,00009141_000.png,9141,,cardiomegaly_1,-0.20332336,0.44934356,0.8100648
real,00009163_000.png,9163,,cardiomegaly_1,-2.2801952,0.092776515,0.8141606
real,00009163_001.png,9163,,cardiomegaly_1,-1.2951927,0.21497516,0.77552825
real,00009174_000.png,9174,,cardiomegaly_1,5.479845,0.9958474,0.9905708
real,00009185_006.png,9185,,cardiomegaly_1,4.030737,0.9825487,0.98457485
real,00009189_002.png,9189,,cardiomegaly_1,-2.3101635,0.09028472,0.79339886
real,00009189_004.png,9189,,cardiomegaly_1,-0.600132,0.3543135,0.74674493
real,00009189_005.png,9189,,cardiomegaly_1,-0.79162407,0.31182006,0.7483862
real,00009189_006.png,9189,,cardiomegaly_1,-1.3113594,0.21225947,0.72033364
real,00009229_000.png,9229,,cardiomegaly_1,6.4431114,0.99841106,0.99198306
real,00009286_003.png,9286,,cardiomegaly_1,0.99892807,0.7308478,0.8292881
real,00009326_000.png,9326,,cardiomegaly_1,-3.4605103,0.030456964,0.8839278
real,00009326_001.png,9326,,cardiomegaly_1,-3.7808285,0.022295373,0.9036202
real,00009349_001.png,9349,,cardiomegaly_1,1.0898438,0.7483523,0.8118618
real,00009349_012.png,9349,,cardiomegaly_1,-1.8604126,0.13465497,0.74501437
real,00009349_014.png,9349,,cardiomegaly_1,-1.8376522,0.1373292,0.7859692
real,00009349_015.png,9349,,cardiomegaly_1,0.12576675,0.5314003,0.6961955
real,00009349_016.png,9349,,cardiomegaly_1,-1.8249187,0.13884471,0.79884607
real,00009349_019.png,9349,,cardiomegaly_1,-0.99398994,0.2701247,0.7767987
real,00009349_020.png,9349,,cardiomegaly_1,-0.9473839,0.27941126,0.77151275
real,00009349_021.png,9349,,cardiomegaly_1,-0.20737457,0.44834134,0.78305626
real,00009349_024.png,9349,,cardiomegaly_1,-0.81803703,0.3061805,0.76346403
real,00009349_025.png,9349,,cardiomegaly_1,-0.3457451,0.41441458,0.79561037
real,00009349_026.png,9349,,cardiomegaly_1,-0.5492611,0.36603588,0.7425344
real,00009349_027.png,9349,,cardiomegaly_1,-0.6194744,0.34990102,0.7762101
real,00009349_028.png,9349,,cardiomegaly_1,-1.0653038,0.2562972,0.7572531
real,00009349_029.png,9349,,cardiomegaly_1,-1.5560169,0.17421894,0.7835624
real,00009373_000.png,9373,,cardiomegaly_1,-0.32578278,0.4192671,0.783982
real,00009373_001.png,9373,,cardiomegaly_1,-1.0918026,0.251279,0.73576856
real,00009378_005.png,9378,,cardiomegaly_1,-4.6667595,0.009315102,0.95586807
real,00009378_010.png,9378,,cardiomegaly_1,-1.0390263,0.2613379,0.7389906
real,00009378_013.png,9378,,cardiomegaly_1,-3.0717068,0.04428953,0.87172043
real,00009378_014.png,9378,,cardiomegaly_1,2.746004,0.93968725,0.92706597
real,00009378_016.png,9378,,cardiomegaly_1,4.19084,0.985092,0.97993827
real,00009457_003.png,9457,,cardiomegaly_1,-0.13399887,0.4665503,0.79564506
real,00009457_004.png,9457,,cardiomegaly_1,4.122574,0.9840555,0.9798617
real,00009516_003.png,9516,,cardiomegaly_1,2.326807,0.91107297,0.9517942
real,00009571_001.png,9571,,cardiomegaly_1,-2.3041267,0.09078177,0.823771
real,00009571_002.png,9571,,cardiomegaly_1,-2.448927,0.07951706,0.8557591
real,00009571_003.png,9571,,cardiomegaly_1,-3.927929,0.019304402,0.9356598
real,00009571_004.png,9571,,cardiomegaly_1,-3.7150936,0.023774184,0.92315763
real,00009641_011.png,9641,,cardiomegaly_1,4.125992,0.9841091,0.97735435
real,00009665_004.png,9665,,cardiomegaly_1,-2.1236572,0.10681863,0.7988437
real,00009665_005.png,9665,,cardiomegaly_1,-4.0834465,0.0165701,0.9249335
real,00009709_010.png,9709,,cardiomegaly_1,-3.756281,0.02283679,0.9086945
real,00009709_011.png,9709,,cardiomegaly_1,-4.282116,0.013625193,0.9413861
real,00009812_000.png,9812,,cardiomegaly_1,-2.329464,0.088711984,0.769659
real,00009908_001.png,9908,,cardiomegaly_1,-0.90179443,0.28868186,0.6644625
real,00009908_002.png,9908,,cardiomegaly_1,-2.5412617,0.073015735,0.8123377
real,00009932_008.png,9932,,cardiomegaly_1,4.30925,0.98673475,0.9791092
real,00009934_007.png,9934,,cardiomegaly_1,2.4618454,0.9214234,0.9504943
real,00009934_008.png,9934,,cardiomegaly_1,3.0313244,0.9539693,0.96471393
real,00009934_009.png,9934,,cardiomegaly_1,5.953436,0.9974099,0.99505985
real,00010071_003.png,10071,,cardiomegaly_1,-2.148777,0.10444556,0.803196
real,00010071_004.png,10071,,cardiomegaly_1,-2.1161518,0.10753684,0.80578625
real,00010071_007.png,10071,,cardiomegaly_1,-2.3984966,0.08328741,0.8495753
real,00010071_008.png,10071,,cardiomegaly_1,-1.9624577,0.12320132,0.787386
real,00010071_010.png,10071,,cardiomegaly_1,-1.4764633,0.18596222,0.7219951
real,00010071_011.png,10071,,cardiomegaly_1,-1.98209,0.121096216,0.77838516
real,00010071_012.png,10071,,cardiomegaly_1,-2.0698318,0.11206377,0.81465876
real,00010120_021.png,10120,,cardiomegaly_1,-3.5630913,0.027569426,0.88752365
real,00010131_007.png,10131,,cardiomegaly_1,-2.3149433,0.089892894,0.8332971
real,00010177_000.png,10177,,cardiomegaly_1,6.361286,0.9982759,0.9940759
real,00010275_000.png,10275,,cardiomegaly_1,1.1802197,0.7649873,0.87365013
real,00010279_003.png,10279,,cardiomegaly_1,3.2036667,0.960972,0.9698264
real,00010279_004.png,10279,,cardiomegaly_1,1.5662479,0.82724804,0.88846964
real,00010279_005.png,10279,,cardiomegaly_1,4.201393,0.98524624,0.98280364
real,00010335_001.png,10335,,cardiomegaly_1,-0.19921112,0.4503613,0.8221494
real,00010335_002.png,10335,,cardiomegaly_1,-0.57416534,0.36027625,0.7934731
real,00010335_003.png,10335,,cardiomegaly_1,-0.47692108,0.38297942,0.79163826
real,00010335_005.png,10335,,cardiomegaly_1,-0.15973663,0.46015054,0.8000885
real,00010354_002.png,10354,,cardiomegaly_1,1.5459919,0.8243341,0.9099531
real,00010427_009.png,10427,,cardiomegaly_1,-1.9102592,0.12895173,0.78473955
real,00010443_001.png,10443,,cardiomegaly_1,-4.27561,0.013712907,0.9377691
real,00010465_004.png,10465,,cardiomegaly_1,-0.98513603,0.27187386,0.6318065
real,00010469_002.png,10469,,cardiomegaly_1,2.9484425,0.95018977,0.9559747
real,00010521_002.png,10521,,cardiomegaly_1,-1.0675888,0.2558619,0.7330252
real,00010536_000.png,10536,,cardiomegaly_1,5.6965218,0.9966536,0.991537
real,00010571_006.png,10571,,cardiomegaly_1,-1.2035046,0.23085237,0.75359285
real,00010575_002.png,10575,,cardiomegaly_1,-1.3314743,0.20891559,0.7631347
real,00010575_003.png,10575,,cardiomegaly_1,-2.956688,0.04942137,0.839883
real,00010625_000.png,10625,,cardiomegaly_1,7.4952335,0.99944454,0.9961517
real,00010625_010.png,10625,,cardiomegaly_1,7.4392185,0.99941266,0.9975141
real,00010625_014.png,10625,,cardiomegaly_1,5.294094,0.9950039,0.9903242
real,00010638_001.png,10638,,cardiomegaly_1,6.5485916,0.99856985,0.99433523
real,00010695_007.png,10695,,cardiomegaly_1,-1.6722412,0.1581256,0.7696334
real,00010695_008.png,10695,,cardiomegaly_1,-2.9769669,0.048477348,0.868753
real,00010695_013.png,10695,,cardiomegaly_1,-3.4573479,0.030550485,0.9081245
real,00010695_014.png,10695,,cardiomegaly_1,-3.778862,0.022338279,0.9224595
real,00010695_015.png,10695,,cardiomegaly_1,-3.0385685,0.045713577,0.8571826
real,00010695_017.png,10695,,cardiomegaly_1,-3.4031467,0.032197267,0.90693927
real,00010695_016.png,10695,,cardiomegaly_1,-3.4880905,0.029652998,0.9065327
real,00010767_001.png,10767,,cardiomegaly_1,3.7741928,0.9775595,0.9693808
real,00010767_017.png,10767,,cardiomegaly_1,-3.3125,0.035144847,0.9029028
real,00010767_015.png,10767,,cardiomegaly_1,-2.6485977,0.0660755,0.85459644
real,00010767_016.png,10767,,cardiomegaly_1,-3.2633553,0.03684994,0.8952355
real,00010767_022.png,10767,,cardiomegaly_1,-0.9341965,0.28207412,0.69586694
real,00010767_023.png,10767,,cardiomegaly_1,-2.2955818,0.09148953,0.81121546
real,00010767_024.png,10767,,cardiomegaly_1,-2.7111797,0.06231688,0.87027174
real,00010767_025.png,10767,,cardiomegaly_1,-2.0576134,0.11328535,0.7732349
real,00010767_026.png,10767,,cardiomegaly_1,-1.5124607,0.1805744,0.76207966
real,00010772_002.png,10772,,cardiomegaly_1,-2.9379005,0.05031149,0.8830899
real,00010772_003.png,10772,,cardiomegaly_1,-2.63488,0.06692705,0.82745504
real,00010772_007.png,10772,,cardiomegaly_1,5.410042,0.9955485,0.98975384
real,00010772_010.png,10772,,cardiomegaly_1,-2.4583664,0.07882888,0.8597159
real,00010772_012.png,10772,,cardiomegaly_1,-0.28154564,0.43007487,0.72612613
real,00010772_015.png,10772,,cardiomegaly_1,0.19788551,0.54931056,0.72984016
real,00010790_003.png,10790,,cardiomegaly_1,2.3682423,0.91437334,0.9192929
real,00010828_000.png,10828,,cardiomegaly_1,-2.84906,0.054729924,0.8742279
real,00010936_008.png,10936,,cardiomegaly_1,0.7669487,0.68286043,0.8256143
real,00010936_009.png,10936,,cardiomegaly_1,2.381136,0.9153775,0.94089687
real,00010936_010.png,10936,,cardiomegaly_1,1.871973,0.86668634,0.91220146
real,00010936_016.png,10936,,cardiomegaly_1,2.3324013,0.91152525,0.9349249
real,00010936_017.png,10936,,cardiomegaly_1,3.3826199,0.967157,0.9706927
real,00010936_018.png,10936,,cardiomegaly_1,-0.4746151,0.38352448,0.72086525
real,00010936_019.png,10936,,cardiomegaly_1,1.1376781,0.75725305,0.8495463
real,00010936_021.png,10936,,cardiomegaly_1,1.2946644,0.78493565,0.8852671
real,00010936_023.png,10936,,cardiomegaly_1,-0.91584206,0.28580588,0.80497414
real,00010936_024.png,10936,,cardiomegaly_1,2.2495308,0.90461004,0.94361746
real,00010940_000.png,10940,,cardiomegaly_1,-2.9412785,0.05015034,0.89639753
real,00010953_000.png,10953,,cardiomegaly_1,-1.7955132,0.14239812,0.82150376
real,00010953_003.png,10953,,cardiomegaly_1,-0.57465935,0.3601624,0.7663707
real,00010953_004.png,10953,,cardiomegaly_1,1.8674965,0.8661683,0.9302957
real,00010953_009.png,10953,,cardiomegaly_1,-0.6913605,0.3337305,0.7933491
real,00010953_011.png,10953,,cardiomegaly_1,0.97559166,0.72623265,0.83597815
real,00010953_012.png,10953,,cardiomegaly_1,0.019302368,0.5048254,0.75731933
real,00010970_000.png,10970,,cardiomegaly_1,5.415449,0.9955723,0.9866644
real,00010992_000.png,10992,,cardiomegaly_1,-1.4513454,0.18979459,0.75653857
real,00010992_006.png,10992,,cardiomegaly_1,-0.8683224,0.2956035,0.7547089
real,00010992_007.png,10992,,cardiomegaly_1,-0.8831787,0.2925195,0.77626884
real,00010992_008.png,10992,,cardiomegaly_1,-0.6271229,0.34816322,0.74709815
real,00010992_009.png,10992,,cardiomegaly_1,-1.3720894,0.20228249,0.7712226
real,00010992_010.png,10992,,cardiomegaly_1,-1.7006836,0.154376,0.82289165
real,00010992_011.png,10992,,cardiomegaly_1,-1.0498657,0.25925088,0.7948426
real,00010992_012.png,10992,,cardiomegaly_1,-0.72060966,0.32725877,0.79229665
real,00010994_003.png,10994,,cardiomegaly_1,8.816547,0.9998517,0.99801624
real,00010994_005.png,10994,,cardiomegaly_1,8.043388,0.99967885,0.9974469
real,00010994_007.png,10994,,cardiomegaly_1,7.452614,0.9994204,0.9975589
real,00010994_009.png,10994,,cardiomegaly_1,8.245836,0.9997377,0.9976378
real,00010994_010.png,10994,,cardiomegaly_1,8.178616,0.99971944,0.9973406
real,00010994_011.png,10994,,cardiomegaly_1,8.312662,0.9997547,0.99752367
real,00010994_012.png,10994,,cardiomegaly_1,8.254738,0.99974006,0.9976396
real,00010994_013.png,10994,,cardiomegaly_1,8.231815,0.999734,0.9974482
real,00010994_000.png,10994,,cardiomegaly_1,8.652275,0.9998253,0.99794185
real,00011139_000.png,11139,,cardiomegaly_1,1.8612938,0.8654477,0.8863582
real,00011237_001.png,11237,,cardiomegaly_1,3.8154545,0.978447,0.9771414
real,00011279_002.png,11279,,cardiomegaly_1,-4.7706547,0.00840361,0.95715827
real,00011380_005.png,11380,,cardiomegaly_1,-3.2820015,0.03619383,0.85560846
real,00011380_006.png,11380,,cardiomegaly_1,-3.2610435,0.036932074,0.88123554
real,00011380_009.png,11380,,cardiomegaly_1,-3.8557339,0.020719683,0.9059623
real,00011380_010.png,11380,,cardiomegaly_1,-3.2429943,0.037579443,0.8721853
real,00011380_011.png,11380,,cardiomegaly_1,-3.592226,0.026799,0.90662247
real,00011380_012.png,11380,,cardiomegaly_1,-3.1866665,0.039670583,0.86898506
real,00011380_014.png,11380,,cardiomegaly_1,-1.9838467,0.120909385,0.7322248
real,00011380_015.png,11380,,cardiomegaly_1,-3.6901875,0.024359137,0.90786344
real,00011380_016.png,11380,,cardiomegaly_1,-1.6831455,0.15667939,0.7560774
real,00011380_018.png,11380,,cardiomegaly_1,-1.3718491,0.20232126,0.77788764
real,00011380_019.png,11380,,cardiomegaly_1,-2.2413826,0.09609538,0.8080967
real,00011380_020.png,11380,,cardiomegaly_1,-1.5021477,0.18210542,0.71682656
real,00011380_021.png,11380,,cardiomegaly_1,-0.43906784,0.39196312,0.7144325
real,00011380_023.png,11380,,cardiomegaly_1,-2.6520672,0.06586171,0.80774707
real,00011380_024.png,11380,,cardiomegaly_1,-3.811367,0.021639306,0.9147987
real,00011380_025.png,11380,,cardiomegaly_1,-3.6882362,0.024405554,0.9066446
real,00011380_026.png,11380,,cardiomegaly_1,-1.8009491,0.14173557,0.77743316
real,00011423_002.png,11423,,cardiomegaly_1,-3.5812855,0.027085822,0.88527066
real,00011423_003.png,11423,,cardiomegaly_1,-3.1071606,0.042812854,0.81504685
real,00011423_006.png,11423,,cardiomegaly_1,-3.8188553,0.021481337,0.9113612
real,00011423_008.png,11423,,cardiomegaly_1,-3.9894428,0.018173631,0.92431027
real,00011423_000.png,11423,,cardiomegaly_1,-4.140085,0.015671974,0.9400884
real,00011423_001.png,11423,,cardiomegaly_1,-3.9401798,0.019073833,0.9177807
real,00011654_004.png,11654,,cardiomegaly_1,1.5087204,0.8188715,0.902591
real,00011748_000.png,11748,,cardiomegaly_1,-0.7517338,0.32044363,0.779918
real,00011764_004.png,11764,,cardiomegaly_1,-2.7411728,0.060587116,0.7991486
real,00011770_010.png,11770,,cardiomegaly_1,-3.474514,0.030046146,0.9020221
real,00011831_004.png,11831,,cardiomegaly_1,-2.306137,0.09061596,0.8505307
real,00011831_007.png,11831,,cardiomegaly_1,-0.863142,0.29668328,0.70563346
real,00011831_008.png,11831,,cardiomegaly_1,-0.061857224,0.48454064,0.7550172
real,00011831_009.png,11831,,cardiomegaly_1,-0.651741,0.3425973,0.71702266
real,00011831_010.png,11831,,cardiomegaly_1,-1.0792503,0.2536479,0.7833073
real,00011831_016.png,11831,,cardiomegaly_1,0.4947586,0.6212268,0.8334939
real,00011831_017.png,11831,,cardiomegaly_1,0.2858677,0.5709841,0.75551945
real,00011831_020.png,11831,,cardiomegaly_1,-1.5090446,0.18108043,0.7926355
real,00011831_021.png,11831,,cardiomegaly_1,-1.4172039,0.1951003,0.82692206
real,00011949_000.png,11949,,cardiomegaly_1,7.0564632,0.99913895,0.99524313
real,00011950_013.png,11950,,cardiomegaly_1,-2.4940014,0.076279774,0.8311568
real,00011950_015.png,11950,,cardiomegaly_1,-0.9716854,0.2745447,0.737175
real,00011950_016.png,11950,,cardiomegaly_1,0.80057144,0.6900967,0.8579217
real,00011950_018.png,11950,,cardiomegaly_1,-1.8043709,0.14131984,0.799485
real,00011987_008.png,11987,,cardiomegaly_1,-0.22107315,0.44495574,0.7941038
real,00012021_001.png,12021,,cardiomegaly_1,-0.5426693,0.36756685,0.7332774
real,00012043_012.png,12043,,cardiomegaly_1,-2.0847263,0.11059022,0.83334035
real,00012043_013.png,12043,,cardiomegaly_1,0.027524948,0.5068808,0.8228542
real,00012043_015.png,12043,,cardiomegaly_1,-0.07458687,0.48136196,0.80254793
real,00012043_016.png,12043,,cardiomegaly_1,-1.0643768,0.25647393,0.81176883
real,00012092_003.png,12092,,cardiomegaly_1,4.030449,0.98254377,0.976637
real,00012178_000.png,12178,,cardiomegaly_1,2.202238,0.90045035,0.9340192
real,00012178_001.png,12178,,cardiomegaly_1,2.3280067,0.9111702,0.92879826
real,00012263_000.png,12263,,cardiomegaly_1,0.07305145,0.51825476,0.7675393
real,00012263_002.png,12263,,cardiomegaly_1,-1.041851,0.260793,0.78084314
real,00012263_005.png,12263,,cardiomegaly_1,-0.27275085,0.4322319,0.74977005
real,00012263_006.png,12263,,cardiomegaly_1,0.49957657,0.6223598,0.83862865
real,00012263_007.png,12263,,cardiomegaly_1,-0.67471695,0.33744144,0.7673751
real,00012415_002.png,12415,,cardiomegaly_1,-0.58496284,0.35779145,0.8100638
real,00012415_004.png,12415,,cardiomegaly_1,-2.2976208,0.0913202,0.82454294
real,00012415_005.png,12415,,cardiomegaly_1,-1.5357227,0.17715792,0.78786623
real,00012415_006.png,12415,,cardiomegaly_1,-1.1804905,0.23496401,0.7447028
real,00012460_002.png,12460,,cardiomegaly_1,-3.44314,0.030974096,0.8846561
real,00012460_003.png,12460,,cardiomegaly_1,-2.0759392,0.11145749,0.73977333
real,00012523_000.png,12523,,cardiomegaly_1,2.75659,0.9402845,0.94047046
real,00012536_003.png,12536,,cardiomegaly_1,0.58683777,0.6426393,0.7677279
real,00012604_000.png,12604,,cardiomegaly_1,-0.51304626,0.37447965,0.690733
real,00012604_004.png,12604,,cardiomegaly_1,0.291296,0.57231337,0.76628613
real,00012604_005.png,12604,,cardiomegaly_1,0.94508743,0.7201261,0.78257746
real,00012626_015.png,12626,,cardiomegaly_1,-1.0897331,0.25166854,0.7619385
real,00012653_002.png,12653,,cardiomegaly_1,-3.5580673,0.027704436,0.91779673
real,00012707_000.png,12707,,cardiomegaly_1,3.4893684,0.9703837,0.9729124
real,00012722_000.png,12722,,cardiomegaly_1,-0.69558525,0.33279175,0.8331299
real,00012722_001.png,12722,,cardiomegaly_1,-0.45734596,0.38761562,0.8382075
real,00012722_002.png,12722,,cardiomegaly_1,0.0988369,0.52468914,0.79061407
real,00012722_005.png,12722,,cardiomegaly_1,-0.069784164,0.48256105,0.79310185
real,00012799_001.png,12799,,cardiomegaly_1,-0.37058258,0.40840024,0.73238623
real,00012827_001.png,12827,,cardiomegaly_1,-2.0774803,0.11130496,0.7445258
real,00012827_002.png,12827,,cardiomegaly_1,-1.1258793,0.24492237,0.7590296
real,00012939_002.png,12939,,cardiomegaly_1,0.17404366,0.5434014,0.7850412
real,00012949_002.png,12949,,cardiomegaly_1,-1.682539,0.15675956,0.7129861
real,00012973_017.png,12973,,cardiomegaly_1,-0.34851265,0.41374317,0.68521774
real,00012973_015.png,12973,,cardiomegaly_1,-1.3856812,0.20009813,0.6831589
real,00012973_016.png,12973,,cardiomegaly_1,-0.5911484,0.3563714,0.65695554
real,00012973_019.png,12973,,cardiomegaly_1,2.2856007,0.9076775,0.9323326
real,00012973_020.png,12973,,cardiomegaly_1,-0.9963875,0.26965228,0.65260077
real,00012973_021.png,12973,,cardiomegaly_1,-1.0122395,0.2665418,0.716971
real,00012975_000.png,12975,,cardiomegaly_1,1.6853676,0.843614,0.8983835
real,00013205_001.png,13205,,cardiomegaly_1,-1.8615036,0.13452789,0.7751921
real,00013205_003.png,13205,,cardiomegaly_1,-1.70961,0.1532143,0.7785735
real,00013205_004.png,13205,,cardiomegaly_1,-1.8977509,0.13036324,0.7567611
real,00013205_006.png,13205,,cardiomegaly_1,-3.531622,0.028425759,0.89343554
real,00013237_000.png,13237,,cardiomegaly_1,-2.9840183,0.048153117,0.8191402
real,00013285_000.png,13285,,cardiomegaly_1,-1.6683121,0.15864936,0.820842
real,00013285_002.png,13285,,cardiomegaly_1,-0.80709076,0.30851078,0.7778964
real,00013285_003.png,13285,,cardiomegaly_1,-0.66228867,0.34022567,0.78051144
real,00013370_005.png,13370,,cardiomegaly_1,4.901623,0.99262035,0.98857665
real,00013408_007.png,13408,,cardiomegaly_1,-2.6949348,0.0632729,0.82362926
real,00013408_008.png,13408,,cardiomegaly_1,-1.9651184,0.12291419,0.75321716
real,00013408_016.png,13408,,cardiomegaly_1,-1.519516,0.17953281,0.7009857
real,00013408_017.png,13408,,cardiomegaly_1,-2.502205,0.075703755,0.8299084
real,00013408_018.png,13408,,cardiomegaly_1,-3.6478577,0.025385652,0.89927864
real,00013458_002.png,13458,,cardiomegaly_1,-4.7536716,0.008546318,0.9607826
real,00013499_000.png,13499,,cardiomegaly_1,1.0655899,0.7437573,0.8244944
real,00013519_001.png,13519,,cardiomegaly_1,-2.6711807,0.064695485,0.78803045
real,00013522_000.png,13522,,cardiomegaly_1,-2.6444302,0.06633313,0.7796416
real,00013534_006.png,13534,,cardiomegaly_1,-0.01424408,0.496439,0.7675382
real,00013534_008.png,13534,,cardiomegaly_1,-2.2024517,0.09953053,0.8284531
real,00013534_010.png,13534,,cardiomegaly_1,-2.1000137,0.10909549,0.7468163
real,00013591_003.png,13591,,cardiomegaly_1,2.3590927,0.91365427,0.93402797
real,00013591_005.png,13591,,cardiomegaly_1,-4.0873623,0.016506411,0.93879074
real,00013608_006.png,13608,,cardiomegaly_1,0.4098606,0.60105443,0.8141978
real,00013608_007.png,13608,,cardiomegaly_1,1.7954521,0.85759443,0.89782345
real,00013608_008.png,13608,,cardiomegaly_1,-0.5197258,0.37291637,0.7224417
real,00013608_011.png,13608,,cardiomegaly_1,-0.34081268,0.4156121,0.7405692
real,00013608_012.png,13608,,cardiomegaly_1,-0.18442917,0.45402294,0.7984483
real,00013608_013.png,13608,,cardiomegaly_1,0.082668304,0.52065533,0.789219
real,00013608_017.png,13608,,cardiomegaly_1,0.40040398,0.59878474,0.7844248
real,00013608_021.png,13608,,cardiomegaly_1,1.144289,0.75846624,0.81164664
real,00013625_004.png,13625,,cardiomegaly_1,-2.6005268,0.069104515,0.80631554
real,00013625_061.png,13625,,cardiomegaly_1,1.6002007,0.83204645,0.8848965
real,00013678_000.png,13678,,cardiomegaly_1,-2.2856617,0.09231743,0.8095256
real,00013678_001.png,13678,,cardiomegaly_1,2.051649,0.8861142,0.9327654
real,00013709_000.png,13709,,cardiomegaly_1,-4.9622974,0.006948219,0.9697775
real,00013743_001.png,13743,,cardiomegaly_1,-1.6587276,0.15993287,0.67255926
real,00013830_000.png,13830,,cardiomegaly_1,2.1512623,0.8957867,0.85840654
real,00013862_004.png,13862,,cardiomegaly_1,-3.2094612,0.038811233,0.8808598
real,00013911_002.png,13911,,cardiomegaly_1,-2.4384212,0.080289416,0.78361064
real,00013911_004.png,13911,,cardiomegaly_1,-3.2031345,0.039047934,0.8725855
real,00013911_007.png,13911,,cardiomegaly_1,-1.9833908,0.12095784,0.78500265
real,00013911_012.png,13911,,cardiomegaly_1,-3.1983643,0.03922732,0.89424187
real,00013911_020.png,13911,,cardiomegaly_1,2.1148262,0.8923359,0.92955846
real,00013911_000.png,13911,,cardiomegaly_1,5.560459,0.9961677,0.99261117
real,00013964_001.png,13964,,cardiomegaly_1,-0.56788445,0.36172512,0.78474665
real,00014183_000.png,14183,,cardiomegaly_1,-1.2383118,0.22473,0.71250516
real,00014196_002.png,14196,,cardiomegaly_1,-3.4642944,0.030345416,0.9035506
real,00014196_003.png,14196,,cardiomegaly_1,-3.8049793,0.021774955,0.9127211
real,00014289_000.png,14289,,cardiomegaly_1,-0.2679348,0.43341416,0.77709323
real,00014307_004.png,14307,,cardiomegaly_1,-1.8060894,0.14111142,0.8093016
real,00014307_008.png,14307,,cardiomegaly_1,-4.0960693,0.016365655,0.93677616
real,00014307_011.png,14307,,cardiomegaly_1,-1.4444885,0.19085124,0.74569833
real,00014320_011.png,14320,,cardiomegaly_1,5.637972,0.99645257,0.99070024
real,00014320_012.png,14320,,cardiomegaly_1,5.3344116,0.9952004,0.9872055
real,00014320_033.png,14320,,cardiomegaly_1,3.0179672,0.9533793,0.9512458
real,00014320_039.png,14320,,cardiomegaly_1,-0.4619522,0.3865228,0.770064
real,00014387_000.png,14387,,cardiomegaly_1,-3.6077633,0.02639674,0.89777726
real,00014387_008.png,14387,,cardiomegaly_1,-0.592844,0.35598257,0.6881977
real,00014387_010.png,14387,,cardiomegaly_1,-1.1743698,0.23606603,0.67973083
real,00014475_001.png,14475,,cardiomegaly_1,-4.681612,0.009179032,0.96031994
real,00014538_000.png,14538,,cardiomegaly_1,-3.1320744,0.04180344,0.85955185
real,00014574_000.png,14574,,cardiomegaly_1,5.9843063,0.9974884,0.9920855
real,00014648_000.png,14648,,cardiomegaly_1,-5.1574936,0.005723166,0.9684919
real,00014695_004.png,14695,,cardiomegaly_1,8.027563,0.9996737,0.99704546
real,00014719_006.png,14719,,cardiomegaly_1,-2.7953568,0.057575606,0.83492565
real,00014719_007.png,14719,,cardiomegaly_1,-3.953703,0.018822454,0.91615885
real,00014773_003.png,14773,,cardiomegaly_1,-1.3185616,0.21105772,0.7785965
real,00014773_004.png,14773,,cardiomegaly_1,-2.280157,0.09277973,0.83172196
real,00014773_006.png,14773,,cardiomegaly_1,-1.3180313,0.21114601,0.7054666
real,00014773_005.png,14773,,cardiomegaly_1,-1.3910694,0.19923708,0.7085026
real,00014773_007.png,14773,,cardiomegaly_1,-4.6861877,0.00913751,0.95975614
real,00014943_000.png,14943,,cardiomegaly_1,-1.4036007,0.19724537,0.7445139
real,00015064_000.png,15064,,cardiomegaly_1,4.899109,0.99260193,0.9891839
real,00015080_002.png,15080,,cardiomegaly_1,0.30407333,0.57543796,0.75443614
real,00015114_001.png,15114,,cardiomegaly_1,-4.693733,0.0090694465,0.95858395
real,00015114_003.png,15114,,cardiomegaly_1,-0.9171505,0.28553885,0.7097984
real,00015212_001.png,15212,,cardiomegaly_1,-0.33141327,0.4178968,0.8171445
real,00015212_003.png,15212,,cardiomegaly_1,-0.93769455,0.28136626,0.7768486
real,00015212_008.png,15212,,cardiomegaly_1,1.4471359,0.80955726,0.8775053
real,00015228_002.png,15228,,cardiomegaly_1,-0.40384293,0.4003894,0.7030176
real,00015242_000.png,15242,,cardiomegaly_1,4.3266716,0.98696077,0.9814574
real,00015244_002.png,15244,,cardiomegaly_1,-4.863783,0.00766206,0.9629306
real,00015244_000.png,15244,,cardiomegaly_1,-5.054613,0.0063393903,0.96743447
real,00015254_001.png,15254,,cardiomegaly_1,-3.332714,0.034465797,0.91465205
real,00015254_002.png,15254,,cardiomegaly_1,-0.17439461,0.4565115,0.7606211
real,00015282_000.png,15282,,cardiomegaly_1,8.416515,0.9997789,0.99782455
real,00015313_000.png,15313,,cardiomegaly_1,8.0280075,0.99967396,0.99611
real,00015313_003.png,15313,,cardiomegaly_1,1.7097988,0.84681016,0.8850412
real,00015313_005.png,15313,,cardiomegaly_1,2.7757492,0.9413512,0.9363965
real,00015313_006.png,15313,,cardiomegaly_1,2.913227,0.94849646,0.9517416
real,00015313_007.png,15313,,cardiomegaly_1,-1.3979225,0.19814599,0.6685189
real,00015313_008.png,15313,,cardiomegaly_1,-2.5277405,0.07393621,0.7686496
real,00015318_007.png,15318,,cardiomegaly_1,0.02117157,0.5052927,0.75224316
real,00015318_008.png,15318,,cardiomegaly_1,3.3189487,0.96507317,0.97050387
real,00015376_002.png,15376,,cardiomegaly_1,1.8149395,0.8599578,0.9202447
real,00015376_037.png,15376,,cardiomegaly_1,4.4172688,0.9880767,0.9861205
real,00015388_004.png,15388,,cardiomegaly_1,-1.5521126,0.17478135,0.73544407
real,00015423_001.png,15423,,cardiomegaly_1,1.5633621,0.82683533,0.8716157
real,00015423_002.png,15423,,cardiomegaly_1,3.2352905,0.962141,0.9653713
real,00015423_003.png,15423,,cardiomegaly_1,5.027275,0.9934861,0.9896393
real,00015423_004.png,15423,,cardiomegaly_1,3.920639,0.9805571,0.975747
real,00015423_005.png,15423,,cardiomegaly_1,3.8132381,0.97840023,0.97121733
real,00015423_006.png,15423,,cardiomegaly_1,3.9061413,0.98027873,0.9737226
real,00015448_003.png,15448,,cardiomegaly_1,-4.487526,0.011123319,0.9564561
real,00015492_002.png,15492,,cardiomegaly_1,-3.5003757,0.029301543,0.8954208
real,00015497_000.png,15497,,cardiomegaly_1,1.8510761,0.8642534,0.8690525
real,00015497_001.png,15497,,cardiomegaly_1,8.530973,0.99980277,0.99735993
real,00015562_004.png,15562,,cardiomegaly_1,-3.3790264,0.03295741,0.8686178
real,00015654_000.png,15654,,cardiomegaly_1,-3.3329525,0.034457862,0.9048302
real,00015654_001.png,15654,,cardiomegaly_1,0.34103966,0.58444303,0.7801796
real,00015654_002.png,15654,,cardiomegaly_1,0.6367569,0.65401995,0.82719076
real,00015654_003.png,15654,,cardiomegaly_1,-0.7448082,0.3219536,0.7652115
real,00015654_004.png,15654,,cardiomegaly_1,-0.35728264,0.4116175,0.78413475
real,00015654_005.png,15654,,cardiomegaly_1,1.1510944,0.7597108,0.86783755
real,00015654_006.png,15654,,cardiomegaly_1,1.556757,0.8258875,0.9000886
real,00015716_000.png,15716,,cardiomegaly_1,1.3193054,0.78906614,0.8508825
real,00015985_000.png,15985,,cardiomegaly_1,0.2939167,0.5729547,0.75995797
real,00016041_000.png,16041,,cardiomegaly_1,-1.6453876,0.1617333,0.7843777
real,00016184_016.png,16184,,cardiomegaly_1,-1.1788578,0.23525764,0.72519034
real,00016191_001.png,16191,,cardiomegaly_1,-2.3362312,0.08816642,0.806857
real,00016191_015.png,16191,,cardiomegaly_1,-2.294529,0.09157708,0.73580927
real,00016191_016.png,16191,,cardiomegaly_1,-1.2719193,0.21892886,0.672285
real,00016191_021.png,16191,,cardiomegaly_1,-0.36518478,0.40970507,0.7614347
real,00016191_026.png,16191,,cardiomegaly_1,-1.7820816,0.14404629,0.77891976
real,00016191_027.png,16191,,cardiomegaly_1,-0.46804047,0.38508016,0.7708841
real,00016202_000.png,16202,,cardiomegaly_1,-3.5137882,0.028922454,0.90630376
real,00016205_005.png,16205,,cardiomegaly_1,-3.0356293,0.04584197,0.8478036
real,00016205_007.png,16205,,cardiomegaly_1,0.90084267,0.71112263,0.8182729
real,00016205_008.png,16205,,cardiomegaly_1,-2.5862942,0.07002573,0.8096422
real,00016205_009.png,16205,,cardiomegaly_1,-2.6776829,0.06430315,0.82750595
real,00016238_007.png,16238,,cardiomegaly_1,-0.66680527,0.3392126,0.77024865
real,00016238_008.png,16238,,cardiomegaly_1,-2.149582,0.104370296,0.81251115
real,00016353_000.png,16353,,cardiomegaly_1,-3.3707466,0.033222318,0.902658
real,00016417_000.png,16417,,cardiomegaly_1,1.3407593,0.79261476,0.85864997
real,00016417_001.png,16417,,cardiomegaly_1,2.7062607,0.9373951,0.9549681
real,00016417_002.png,16417,,cardiomegaly_1,-1.001421,0.26866212,0.62227637
real,00016417_004.png,16417,,cardiomegaly_1,-0.43117905,0.3938448,0.74628663
real,00016417_006.png,16417,,cardiomegaly_1,-1.0094128,0.2670948,0.76749456
real,00016417_007.png,16417,,cardiomegaly_1,-2.1361465,0.105632894,0.8092948
real,00016417_008.png,16417,,cardiomegaly_1,-0.53318024,0.36977547,0.74744624
real,00016417_009.png,16417,,cardiomegaly_1,-2.5221024,0.07432317,0.8061772
real,00016484_002.png,16484,,cardiomegaly_1,8.0551605,0.99968266,0.9974923
real,00016484_018.png,16484,,cardiomegaly_1,8.033293,0.99967563,0.9972487
real,00016484_030.png,16484,,cardiomegaly_1,7.427725,0.99940586,0.995616
real,00016548_000.png,16548,,cardiomegaly_1,-1.5828686,0.17038961,0.8132559
real,00016568_005.png,16568,,cardiomegaly_1,-0.89601135,0.28987086,0.7513717
real,00016568_015.png,16568,,cardiomegaly_1,-2.5882664,0.069897406,0.86109674
real,00016568_016.png,16568,,cardiomegaly_1,-2.0945702,0.10962569,0.782066
real,00016568_017.png,16568,,cardiomegaly_1,-0.6792927,0.33641917,0.7274061
real,00016568_018.png,16568,,cardiomegaly_1,-1.6432343,0.16202545,0.8155765
real,00016568_019.png,16568,,cardiomegaly_1,-1.8025608,0.14153962,0.78434974
real,00016568_020.png,16568,,cardiomegaly_1,-1.4484386,0.19024198,0.81768024
real,00016568_021.png,16568,,cardiomegaly_1,-1.9884701,0.12041882,0.8176785
real,00016568_022.png,16568,,cardiomegaly_1,-2.2280197,0.097262375,0.8614077
real,00016568_023.png,16568,,cardiomegaly_1,-1.6486912,0.16128592,0.76768136
real,00016568_024.png,16568,,cardiomegaly_1,-2.0104294,0.11811225,0.83958507
real,00016568_025.png,16568,,cardiomegaly_1,-1.47962,0.18548483,0.84306496
real,00016568_028.png,16568,,cardiomegaly_1,-1.347702,0.20624632,0.7963252
real,00016568_029.png,16568,,cardiomegaly_1,-1.1287651,0.24438907,0.8063354
real,00016568_032.png,16568,,cardiomegaly_1,-1.4439735,0.19093077,0.800122
real,00016568_036.png,16568,,cardiomegaly_1,-0.5441704,0.367218,0.80456585
real,00016568_037.png,16568,,cardiomegaly_1,-0.9486656,0.27915326,0.8252722
real,00016568_038.png,16568,,cardiomegaly_1,-0.72367287,0.3265847,0.80125564
real,00016568_039.png,16568,,cardiomegaly_1,-1.3052616,0.21328083,0.8032056
real,00016568_040.png,16568,,cardiomegaly_1,-1.2111244,0.22950217,0.80383337
real,00016568_041.png,16568,,cardiomegaly_1,-1.1482067,0.24081679,0.79064155
real,00016568_042.png,16568,,cardiomegaly_1,-1.3490143,0.20603156,0.750091
real,00016568_043.png,16568,,cardiomegaly_1,-1.1213665,0.24575791,0.7969596
real,00016568_044.png,16568,,cardiomegaly_1,-1.1179256,0.24639626,0.7705818
real,00016568_047.png,16568,,cardiomegaly_1,-1.1009312,0.24956547,0.77116716
real,00016568_051.png,16568,,cardiomegaly_1,-0.5867405,0.35738307,0.72730553
real,00016677_004.png,16677,,cardiomegaly_1,4.549618,0.9895393,0.9814696
real,00016677_000.png,16677,,cardiomegaly_1,2.8643284,0.94605464,0.95901066
real,00016724_000.png,16724,,cardiomegaly_1,0.64922905,0.6568367,0.7712471
real,00016724_001.png,16724,,cardiomegaly_1,-0.8564205,0.29808775,0.80724853
real,00016724_003.png,16724,,cardiomegaly_1,-1.4959507,0.18303025,0.8070991
real,00016757_003.png,16757,,cardiomegaly_1,0.10477257,0.5261692,0.7691961
real,00016801_000.png,16801,,cardiomegaly_1,2.2147484,0.90156615,0.93670565
real,00016801_006.png,16801,,cardiomegaly_1,1.6290989,0.83604616,0.9053042
real,00016801_008.png,16801,,cardiomegaly_1,1.0269508,0.7363243,0.83174133
real,00016862_000.png,16862,,cardiomegaly_1,-1.9020996,0.12987101,0.7406384
real,00016975_010.png,16975,,cardiomegaly_1,-2.189659,0.10068296,0.7972877
real,00016975_013.png,16975,,cardiomegaly_1,-1.9933434,0.11990361,0.7989365
real,00016975_017.png,16975,,cardiomegaly_1,0.1316433,0.5328634,0.7957792
real,00016975_018.png,16975,,cardiomegaly_1,-0.9287987,0.2831685,0.7099578
real,00016990_000.png,16990,,cardiomegaly_1,8.729614,0.99983823,0.9971446
real,00017258_002.png,17258,,cardiomegaly_1,-0.033226013,0.49169427,0.785343
real,00017258_003.png,17258,,cardiomegaly_1,-1.1044159,0.2489134,0.77915144
real,00017258_004.png,17258,,cardiomegaly_1,0.9699135,0.72510225,0.87468463
real,00017258_005.png,17258,,cardiomegaly_1,0.018428802,0.5046071,0.8312631
real,00017258_006.png,17258,,cardiomegaly_1,-0.40442848,0.40024883,0.79035926
real,00017258_007.png,17258,,cardiomegaly_1,0.0052928925,0.5013232,0.80488545
real,00017258_008.png,17258,,cardiomegaly_1,1.0539093,0.7415249,0.8645601
real,00017258_009.png,17258,,cardiomegaly_1,1.2263622,0.7731812,0.8885222
real,00017258_010.png,17258,,cardiomegaly_1,2.041359,0.8850715,0.92109054
real,00017258_011.png,17258,,cardiomegaly_1,0.9676399,0.72464883,0.8714569
real,00017258_016.png,17258,,cardiomegaly_1,0.41756248,0.6028998,0.7764427
real,00017258_017.png,17258,,cardiomegaly_1,-0.12008858,0.47001386,0.748731
real,00017258_019.png,17258,,cardiomegaly_1,0.8071823,0.6915087,0.8301324
real,00017263_000.png,17263,,cardiomegaly_1,1.1945896,0.7675609,0.8316028
real,00017395_001.png,17395,,cardiomegaly_1,1.445385,0.8092872,0.8536381
real,00017395_002.png,17395,,cardiomegaly_1,-0.67712593,0.3369031,0.7844786
real,00017395_003.png,17395,,cardiomegaly_1,-1.3317413,0.20887148,0.7239331
real,00017443_012.png,17443,,cardiomegaly_1,-2.387556,0.08412655,0.83528787
real,00017443_013.png,17443,,cardiomegaly_1,-1.7848701,0.14370282,0.7936858
real,00017529_000.png,17529,,cardiomegaly_1,7.9375057,0.99964297,0.9972849
real,00017607_000.png,17607,,cardiomegaly_1,-3.6300983,0.025828764,0.8821542
real,00017618_004.png,17618,,cardiomegaly_1,0.69346046,0.6667363,0.8292402
real,00017618_005.png,17618,,cardiomegaly_1,-0.11735916,0.47069386,0.750321
real,00017618_006.png,17618,,cardiomegaly_1,0.26950264,0.5669708,0.7618983
real,00017618_008.png,17618,,cardiomegaly_1,0.5546112,0.63520473,0.7595616
real,00017618_009.png,17618,,cardiomegaly_1,1.2862339,0.783509,0.89424944
real,00017618_010.png,17618,,cardiomegaly_1,0.499197,0.62227064,0.81443644
real,00017618_011.png,17618,,cardiomegaly_1,2.487299,0.9232466,0.94735634
real,00017618_014.png,17618,,cardiomegaly_1,4.9320183,0.9928397,0.987749
real,00017618_015.png,17618,,cardiomegaly_1,2.1350098,0.89425963,0.9197696
real,00017618_019.png,17618,,cardiomegaly_1,0.8996887,0.7108855,0.8101218
real,00017618_020.png,17618,,cardiomegaly_1,2.9552803,0.95051247,0.9467031
real,00017618_021.png,17618,,cardiomegaly_1,4.8267937,0.9920515,0.98709375
real,00017618_022.png,17618,,cardiomegaly_1,5.1121693,0.994013,0.9903753
real,00017618_023.png,17618,,cardiomegaly_1,3.3222961,0.9651859,0.9703504
real,00017618_032.png,17618,,cardiomegaly_1,3.030674,0.9539408,0.9618509
real,00017691_014.png,17691,,cardiomegaly_1,-0.25053978,0.43769065,0.7419059
real,00017702_001.png,17702,,cardiomegaly_1,-2.693983,0.06332934,0.8764508
real,00017747_053.png,17747,,cardiomegaly_1,-2.258707,0.09460106,0.833456
real,00017747_054.png,17747,,cardiomegaly_1,-1.170042,0.2368474,0.7882186
real,00017747_055.png,17747,,cardiomegaly_1,-0.7334728,0.3244331,0.7443001
real,00017747_056.png,17747,,cardiomegaly_1,-1.2052555,0.23054159,0.7532104
real,00017747_057.png,17747,,cardiomegaly_1,-1.4926243,0.18352816,0.79176
real,00017747_004.png,17747,,cardiomegaly_1,-0.42723083,0.39478776,0.69269425
real,00017747_005.png,17747,,cardiomegaly_1,-0.76029205,0.31858286,0.7349114
real,00017747_008.png,17747,,cardiomegaly_1,0.15387917,0.53839403,0.7755592
real,00017747_010.png,17747,,cardiomegaly_1,-0.26399612,0.43438163,0.7919302
real,00017747_011.png,17747,,cardiomegaly_1,-1.4190254,0.19481443,0.7983045
real,00017747_012.png,17747,,cardiomegaly_1,-0.44378853,0.3908386,0.8206972
real,00017763_003.png,17763,,cardiomegaly_1,-2.4235306,0.08139588,0.8087019
real,00017763_004.png,17763,,cardiomegaly_1,-2.6168861,0.06805953,0.7907561
real,00017786_005.png,17786,,cardiomegaly_1,-0.8973808,0.28958902,0.7071144
real,00017786_010.png,17786,,cardiomegaly_1,-2.543272,0.07287978,0.808143
real,00017786_012.png,17786,,cardiomegaly_1,-1.6596661,0.15980683,0.76191026
real,00017786_000.png,17786,,cardiomegaly_1,2.855978,0.9456269,0.9528948
real,00017822_000.png,17822,,cardiomegaly_1,2.4475746,0.9203839,0.91410005
real,00017835_032.png,17835,,cardiomegaly_1,-3.003168,0.047282953,0.84531313
real,00017846_000.png,17846,,cardiomegaly_1,-2.0175629,0.117371224,0.7856599
real,00017930_004.png,17930,,cardiomegaly_1,0.6887722,0.66569376,0.83184004
real,00017930_005.png,17930,,cardiomegaly_1,-0.75308037,0.32015046,0.80780345
real,00017939_000.png,17939,,cardiomegaly_1,8.517769,0.99980015,0.99766845
real,00017945_000.png,17945,,cardiomegaly_1,4.709532,0.99107146,0.9852491
real,00017953_000.png,17953,,cardiomegaly_1,7.722807,0.99955755,0.9964671
real,00017963_005.png,17963,,cardiomegaly_1,1.5608501,0.8264753,0.87710875
real,00017963_006.png,17963,,cardiomegaly_1,-3.5222778,0.028684964,0.9038264
real,00018011_003.png,18011,,cardiomegaly_1,2.0375633,0.8846849,0.89765245
real,00018011_005.png,18011,,cardiomegaly_1,0.26538277,0.565959,0.7570184
real,00018011_006.png,18011,,cardiomegaly_1,0.45284653,0.61131585,0.7443188
real,00018011_008.png,18011,,cardiomegaly_1,1.5147343,0.81976175,0.83798563
real,00018065_005.png,18065,,cardiomegaly_1,-3.8856907,0.020120494,0.91748065
real,00018065_006.png,18065,,cardiomegaly_1,-4.5952816,0.009998399,0.9570291
real,00018065_007.png,18065,,cardiomegaly_1,-4.8192368,0.008008297,0.9545179
real,00018090_000.png,18090,,cardiomegaly_1,1.8061333,0.8588939,0.9065695
real,00018102_001.png,18102,,cardiomegaly_1,1.1416359,0.75797987,0.8659819
real,00018102_002.png,18102,,cardiomegaly_1,0.88980675,0.70885026,0.8676174
real,00018102_004.png,18102,,cardiomegaly_1,1.2505112,0.77738833,0.87893
real,00018148_001.png,18148,,cardiomegaly_1,0.23103714,0.5575037,0.7936297
real,00018284_003.png,18284,,cardiomegaly_1,0.23837662,0.55931354,0.8351935
real,00018284_004.png,18284,,cardiomegaly_1,-0.4608078,0.3867942,0.7696703
real,00018374_000.png,18374,,cardiomegaly_1,-2.9359665,0.050403975,0.88697857
real,00018463_000.png,18463,,cardiomegaly_1,1.9042053,0.87036675,0.89718604
real,00018488_005.png,18488,,cardiomegaly_1,-0.62623024,0.34836578,0.7643365
real,00018521_005.png,18521,,cardiomegaly_1,-1.9530449,0.12422173,0.739941
real,00018521_007.png,18521,,cardiomegaly_1,-2.545391,0.072736725,0.83330274
real,00018521_008.png,18521,,cardiomegaly_1,-2.824337,0.056023132,0.84903
real,00018521_009.png,18521,,cardiomegaly_1,-2.3386955,0.08796851,0.8169208
real,00018521_010.png,18521,,cardiomegaly_1,-2.4895897,0.07659121,0.81629515
real,00018521_011.png,18521,,cardiomegaly_1,-1.2474365,0.2231442,0.73706037
real,00018521_014.png,18521,,cardiomegaly_1,-2.771124,0.05890468,0.859885
real,00018521_015.png,18521,,cardiomegaly_1,-1.7565708,0.14722033,0.8006852
real,00018524_002.png,18524,,cardiomegaly_1,-0.71074677,0.32943386,0.7091399
real,00018524_003.png,18524,,cardiomegaly_1,-0.3136177,0.4222319,0.6955647
real,00018524_005.png,18524,,cardiomegaly_1,-0.37324905,0.40775618,0.67795515
real,00018531_000.png,18531,,cardiomegaly_1,-2.9119415,0.051566392,0.8062156
real,00018592_002.png,18592,,cardiomegaly_1,-2.4230957,0.0814284,0.8251437
real,00018592_007.png,18592,,cardiomegaly_1,-4.4057865,0.0120593,0.9478169
real,00018626_010.png,18626,,cardiomegaly_1,1.6075096,0.83306533,0.88277584
real,00018626_012.png,18626,,cardiomegaly_1,-0.908041,0.28740087,0.7741293
real,00018626_013.png,18626,,cardiomegaly_1,-0.8671169,0.29585457,0.76656085
real,00018626_014.png,18626,,cardiomegaly_1,-1.3473377,0.20630595,0.7690089
real,00018626_017.png,18626,,cardiomegaly_1,-1.7393055,0.14940117,0.82868564
real,00018672_000.png,18672,,cardiomegaly_1,3.6643238,0.9750185,0.9749873
real,00018678_000.png,18678,,cardiomegaly_1,-1.4307213,0.19298631,0.765874
real,00018964_004.png,18964,,cardiomegaly_1,-0.5091171,0.3754005,0.7192528
real,00018964_005.png,18964,,cardiomegaly_1,-0.85497475,0.29839033,0.6954606
real,00018964_006.png,18964,,cardiomegaly_1,-0.2533207,0.43700635,0.7315211
real,00019125_000.png,19125,,cardiomegaly_1,1.7018452,0.84577554,0.8751403
real,00019154_000.png,19154,,cardiomegaly_1,-1.4314651,0.19287048,0.7673207
real,00019154_001.png,19154,,cardiomegaly_1,-0.21440506,0.44660312,0.76291835
real,00019201_002.png,19201,,cardiomegaly_1,-2.7553844,0.05978328,0.79036653
real,00019231_001.png,19231,,cardiomegaly_1,2.4011745,0.91691685,0.93161297
real,00019395_006.png,19395,,cardiomegaly_1,4.135746,0.9842609,0.98132586
real,00019395_012.png,19395,,cardiomegaly_1,2.4243088,0.9186623,0.93513143
real,00019395_014.png,19395,,cardiomegaly_1,-1.8043022,0.14132816,0.7233693
real,00019395_015.png,19395,,cardiomegaly_1,0.24831009,0.56176054,0.66608125
real,00019395_016.png,19395,,cardiomegaly_1,2.1599808,0.89659774,0.901753
real,00019395_017.png,19395,,cardiomegaly_1,2.2289848,0.9028223,0.91254336
real,00019395_018.png,19395,,cardiomegaly_1,3.3916283,0.96744186,0.96194786
real,00019395_020.png,19395,,cardiomegaly_1,4.526026,0.98929226,0.98300695
real,00019395_021.png,19395,,cardiomegaly_1,-0.06537247,0.48366275,0.71180487
real,00019395_022.png,19395,,cardiomegaly_1,1.1134224,0.7527666,0.8034096
real,00019395_023.png,19395,,cardiomegaly_1,5.4715214,0.9958127,0.9899354
real,00019395_026.png,19395,,cardiomegaly_1,3.7549362,0.97713315,0.9725738
real,00019406_007.png,19406,,cardiomegaly_1,-3.8358364,0.021127282,0.90826595
real,00019409_000.png,19409,,cardiomegaly_1,-3.4969273,0.029399784,0.9179292
real,00019437_000.png,19437,,cardiomegaly_1,2.7013378,0.93710554,0.9377823
real,00019486_001.png,19486,,cardiomegaly_1,7.726282,0.9995591,0.9956281
real,00019486_000.png,19486,,cardiomegaly_1,2.7915134,0.9422155,0.95677346
real,00019592_006.png,19592,,cardiomegaly_1,-1.1690083,0.2370343,0.76952595
real,00019592_007.png,19592,,cardiomegaly_1,-1.3868122,0.19991717,0.7471947
real,00019592_008.png,19592,,cardiomegaly_1,-0.50748634,0.37578297,0.781236
real,00019637_004.png,19637,,cardiomegaly_1,-3.875864,0.02031515,0.8972538
real,00019637_008.png,19637,,cardiomegaly_1,6.248478,0.9980704,0.9942397
real,00019637_003.png,19637,,cardiomegaly_1,-2.6007557,0.0690898,0.7834259
real,00019761_000.png,19761,,cardiomegaly_1,-0.124212265,0.46898684,0.80696744
real,00019863_006.png,19863,,cardiomegaly_1,-1.5439205,0.17596608,0.74332273
real,00019863_008.png,19863,,cardiomegaly_1,0.35415268,0.58762425,0.7861629
real,00019917_000.png,19917,,cardiomegaly_1,-2.4113064,0.08231458,0.8424002
real,00019919_016.png,19919,,cardiomegaly_1,-1.6812496,0.15693006,0.77136326
real,00019919_017.png,19919,,cardiomegaly_1,-0.18383408,0.45417044,0.75387704
real,00019919_018.png,19919,,cardiomegaly_1,-0.57175064,0.360833,0.77942425
real,00019919_020.png,19919,,cardiomegaly_1,0.27524567,0.56838024,0.77703404
real,00019919_021.png,19919,,cardiomegaly_1,0.81814384,0.6938422,0.79840094
real,00019919_003.png,19919,,cardiomegaly_1,-1.9638824,0.123047486,0.79098177
real,00019927_005.png,19927,,cardiomegaly_1,-0.8827419,0.2926099,0.79335964
real,00019927_007.png,19927,,cardiomegaly_1,-1.6647701,0.15912269,0.7965826
real,00019927_008.png,19927,,cardiomegaly_1,-1.3566837,0.2047798,0.7666037
real,00019927_009.png,19927,,cardiomegaly_1,-2.290907,0.091878854,0.82666665
real,00019927_010.png,19927,,cardiomegaly_1,-2.7965908,0.05750868,0.86925393
real,00019964_000.png,19964,,cardiomegaly_1,-2.3022175,0.09093948,0.7728274
real,00020234_000.png,20234,,cardiomegaly_1,-3.4241447,0.031549342,0.9067132
real,00020286_004.png,20286,,cardiomegaly_1,-0.6359768,0.34615654,0.7359185
real,00020286_003.png,20286,,cardiomegaly_1,0.24047852,0.55983156,0.79831934
real,00020286_002.png,20286,,cardiomegaly_1,0.6485901,0.6566927,0.8130931
real,00020286_008.png,20286,,cardiomegaly_1,-0.58950996,0.3567473,0.7136444
real,00020286_009.png,20286,,cardiomegaly_1,-0.76447296,0.31767592,0.66123116
real,00020286_012.png,20286,,cardiomegaly_1,0.11623573,0.52902627,0.7555065
real,00020286_011.png,20286,,cardiomegaly_1,-0.38654327,0.4045497,0.7127138
real,00020286_014.png,20286,,cardiomegaly_1,-0.765419,0.3174709,0.67466486
real,00020286_015.png,20286,,cardiomegaly_1,-0.64567757,0.34396425,0.6868203
real,00020286_028.png,20286,,cardiomegaly_1,0.14202881,0.53544766,0.74751675
real,00020286_023.png,20286,,cardiomegaly_1,-0.053230286,0.4866956,0.7310749
real,00020286_026.png,20286,,cardiomegaly_1,-0.26873207,0.4332184,0.72501004
real,00020312_018.png,20312,,cardiomegaly_1,-2.3951092,0.08354641,0.7933981
real,00020318_035.png,20318,,cardiomegaly_1,-3.5386639,0.02823192,0.9046947
real,00020318_002.png,20318,,cardiomegaly_1,1.8832207,0.8679806,0.9043466
real,00020318_003.png,20318,,cardiomegaly_1,0.05142975,0.51285464,0.7347291
real,00020318_004.png,20318,,cardiomegaly_1,-0.9055252,0.2879164,0.7592608
real,00020318_006.png,20318,,cardiomegaly_1,-0.2370205,0.44102076,0.77456725
real,00020318_008.png,20318,,cardiomegaly_1,-0.722208,0.32690695,0.71737576
real,00020318_010.png,20318,,cardiomegaly_1,0.015462875,0.50386566,0.78111935
real,00020318_011.png,20318,,cardiomegaly_1,-0.31557465,0.4217546,0.75182337
real,00020318_012.png,20318,,cardiomegaly_1,-0.17664719,0.45595267,0.7542066
real,00020318_014.png,20318,,cardiomegaly_1,-0.33483887,0.41706374,0.76360476
real,00020318_015.png,20318,,cardiomegaly_1,-0.14607048,0.4635472,0.75596356
real,00020318_017.png,20318,,cardiomegaly_1,-0.123140335,0.4692538,0.7656797
real,00020318_018.png,20318,,cardiomegaly_1,0.11088753,0.5276935,0.7887265
real,00020318_019.png,20318,,cardiomegaly_1,-0.47127914,0.38431352,0.77362627
real,00020318_020.png,20318,,cardiomegaly_1,-0.91677856,0.28561473,0.7954424
real,00020318_021.png,20318,,cardiomegaly_1,-1.0600853,0.25729316,0.7973674
real,00020318_022.png,20318,,cardiomegaly_1,-1.1909771,0.23308423,0.79744565
real,00020318_023.png,20318,,cardiomegaly_1,-1.2042484,0.2307203,0.7887272
real,00020382_000.png,20382,,cardiomegaly_1,0.036563873,0.50913996,0.7552836
real,00020393_003.png,20393,,cardiomegaly_1,-1.4112682,0.1960341,0.77948886
real,00020393_004.png,20393,,cardiomegaly_1,-4.216873,0.01453043,0.93644905
real,00020399_000.png,20399,,cardiomegaly_1,-0.6466713,0.34374005,0.7985395
real,00020428_000.png,20428,,cardiomegaly_1,4.440775,0.9883505,0.9805576
real,00020485_000.png,20485,,cardiomegaly_1,-5.3960667,0.0045139133,0.9798023
real,00020629_006.png,20629,,cardiomegaly_1,1.3109837,0.78767776,0.8108661
real,00020629_007.png,20629,,cardiomegaly_1,-1.6133461,0.16612457,0.67757416
real,00020629_008.png,20629,,cardiomegaly_1,-1.3147144,0.21169904,0.65044385
real,00020629_011.png,20629,,cardiomegaly_1,6.064533,0.9976815,0.9913862
real,00020629_012.png,20629,,cardiomegaly_1,6.5781517,0.99861145,0.9928608
real,00020629_014.png,20629,,cardiomegaly_1,-0.20487213,0.44896036,0.6528628
real,00020629_016.png,20629,,cardiomegaly_1,-3.1769028,0.040044226,0.88059103
real,00020642_002.png,20642,,cardiomegaly_1,0.4075222,0.6004936,0.7971493
real,00020642_003.png,20642,,cardiomegaly_1,-1.647665,0.16142479,0.75652426
real,00020671_000.png,20671,,cardiomegaly_1,1.2730789,0.7812694,0.90051234
real,00020671_003.png,20671,,cardiomegaly_1,-0.018688202,0.4953281,0.791789
real,00020671_004.png,20671,,cardiomegaly_1,1.4422855,0.8088083,0.8635384
real,00020671_005.png,20671,,cardiomegaly_1,0.62628365,0.6516463,0.8207929
real,00020671_006.png,20671,,cardiomegaly_1,1.3617191,0.796039,0.86617875
real,00020671_008.png,20671,,cardiomegaly_1,0.3461609,0.5856863,0.76038706
real,00020671_009.png,20671,,cardiomegaly_1,-0.8545761,0.2984738,0.7752382
real,00020671_010.png,20671,,cardiomegaly_1,-0.38529015,0.40485162,0.78014237
real,00020671_015.png,20671,,cardiomegaly_1,2.0945683,0.8903741,0.92512375
real,00020671_016.png,20671,,cardiomegaly_1,2.1978455,0.9000559,0.9281276
real,00020671_017.png,20671,,cardiomegaly_1,1.4849777,0.81532323,0.8882506
real,00020671_018.png,20671,,cardiomegaly_1,0.13027573,0.5325229,0.75349
real,00020683_000.png,20683,,cardiomegaly_1,-0.16298294,0.4593442,0.76879746
real,00020683_001.png,20683,,cardiomegaly_1,-0.1648655,0.45887673,0.7566196
real,00020758_001.png,20758,,cardiomegaly_1,5.358637,0.9953147,0.993234
real,00020810_004.png,20810,,cardiomegaly_1,-2.481018,0.07719964,0.84188694
real,00020811_013.png,20811,,cardiomegaly_1,1.1106853,0.7522569,0.8153442
real,00020811_014.png,20811,,cardiomegaly_1,-0.4349556,0.3929436,0.70248985
real,00020811_004.png,20811,,cardiomegaly_1,0.08714485,0.52177244,0.77118075
real,00020811_008.png,20811,,cardiomegaly_1,0.31900406,0.5790815,0.77732754
real,00020819_002.png,20819,,cardiomegaly_1,5.4502735,0.99572325,0.9924693
real,00020819_006.png,20819,,cardiomegaly_1,-0.55900574,0.36377752,0.73727864
real,00020819_010.png,20819,,cardiomegaly_1,4.4023666,0.9878999,0.9863052
real,00020819_012.png,20819,,cardiomegaly_1,3.6704483,0.97516733,0.97754794
real,00020819_013.png,20819,,cardiomegaly_1,2.4315205,0.9191996,0.94133794
real,00020819_014.png,20819,,cardiomegaly_1,2.0558147,0.8865338,0.9310412
real,00020819_015.png,20819,,cardiomegaly_1,1.9682083,0.8774185,0.9098262
real,00020819_016.png,20819,,cardiomegaly_1,1.6334724,0.83664477,0.8859449
real,00020869_007.png,20869,,cardiomegaly_1,-3.5484333,0.027965128,0.89565206
real,00020880_002.png,20880,,cardiomegaly_1,1.0075207,0.73253465,0.8372041
real,00020880_004.png,20880,,cardiomegaly_1,-0.5534134,0.36507285,0.7297137
real,00020928_001.png,20928,,cardiomegaly_1,0.47535896,0.61665136,0.85458755
real,00020934_000.png,20934,,cardiomegaly_1,1.6366615,0.8370802,0.8704411
real,00021023_005.png,21023,,cardiomegaly_1,0.34378433,0.5851095,0.82106835
real,00021023_007.png,21023,,cardiomegaly_1,0.31407738,0.57788014,0.8250809
real,00021023_020.png,21023,,cardiomegaly_1,-2.4352798,0.08052169,0.78296274
real,00021107_001.png,21107,,cardiomegaly_1,7.837305,0.9996055,0.9960275
real,00021107_002.png,21107,,cardiomegaly_1,7.4448376,0.9994159,0.9951255
real,00021200_003.png,21200,,cardiomegaly_1,8.180223,0.9997199,0.9973133
real,00021245_002.png,21245,,cardiomegaly_1,-1.2656956,0.21999499,0.7095379
real,00021245_003.png,21245,,cardiomegaly_1,0.7759285,0.68480194,0.82615894
real,00021260_005.png,21260,,cardiomegaly_1,0.45293236,0.6113362,0.77375156
real,00021362_003.png,21362,,cardiomegaly_1,0.40934944,0.6009319,0.79286015
real,00021362_004.png,21362,,cardiomegaly_1,4.9489155,0.9929589,0.98786694
real,00021362_005.png,21362,,cardiomegaly_1,3.1431084,0.9586363,0.9574154
real,00021398_000.png,21398,,cardiomegaly_1,0.97156906,0.7254321,0.8287019
real,00021398_001.png,21398,,cardiomegaly_1,0.7551174,0.6802927,0.8079784
real,00021409_003.png,21409,,cardiomegaly_1,1.7789574,0.85556805,0.91374743
real,00021409_004.png,21409,,cardiomegaly_1,2.4889908,0.9233665,0.9357379
real,00021409_005.png,21409,,cardiomegaly_1,5.1514416,0.99424225,0.9889768
real,00021409_009.png,21409,,cardiomegaly_1,3.2674084,0.9632937,0.96678305
real,00021455_000.png,21455,,cardiomegaly_1,-3.1472855,0.041198373,0.8797652
real,00021455_001.png,21455,,cardiomegaly_1,-3.2438507,0.037548482,0.8696997
real,00021455_005.png,21455,,cardiomegaly_1,3.7759972,0.97759914,0.9782713
real,00021455_006.png,21455,,cardiomegaly_1,3.1100998,0.9573074,0.96778125
real,00021455_007.png,21455,,cardiomegaly_1,3.554861,0.9722091,0.9764032
real,00021455_009.png,21455,,cardiomegaly_1,-1.9361324,0.12607336,0.7647056
real,00021495_002.png,21495,,cardiomegaly_1,-0.202734,0.44948938,0.7989379
real,00021495_006.png,21495,,cardiomegaly_1,-0.8931389,0.2904625,0.7569461
real,00021495_007.png,21495,,cardiomegaly_1,0.4570942,0.6123246,0.7878601
real,00021495_008.png,21495,,cardiomegaly_1,-0.42149353,0.39615944,0.7988921
real,00021648_009.png,21648,,cardiomegaly_1,-2.2399883,0.09621657,0.7960243
real,00021649_001.png,21649,,cardiomegaly_1,-2.5957985,0.06940931,0.800381
real,00021684_000.png,21684,,cardiomegaly_1,-3.9775486,0.018387085,0.92501295
real,00021707_003.png,21707,,cardiomegaly_1,-1.9685707,0.12254249,0.8017208
real,00021707_004.png,21707,,cardiomegaly_1,-0.9030037,0.2884336,0.7354936
real,00021803_000.png,21803,,cardiomegaly_1,-1.6380596,0.16272926,0.77510846
real,00021803_001.png,21803,,cardiomegaly_1,-3.3295078,0.034572653,0.89222604
real,00021845_000.png,21845,,cardiomegaly_1,3.9308758,0.9807513,0.9759143
real,00021845_003.png,21845,,cardiomegaly_1,-3.7318134,0.023389209,0.911728
real,00021972_025.png,21972,,cardiomegaly_1,1.1964874,0.7678993,0.8594842
real,00021972_027.png,21972,,cardiomegaly_1,0.853632,0.70132846,0.8442574
real,00021972_028.png,21972,,cardiomegaly_1,-1.5732918,0.17174764,0.71824473
real,00021972_029.png,21972,,cardiomegaly_1,-1.3681641,0.20291664,0.7321158
real,00021972_030.png,21972,,cardiomegaly_1,0.12833595,0.53204,0.77873105
real,00021972_032.png,21972,,cardiomegaly_1,-2.1651325,0.10292559,0.7637391
real,00021972_001.png,21972,,cardiomegaly_1,-0.6121502,0.35156885,0.7162903
real,00021972_003.png,21972,,cardiomegaly_1,-1.2149696,0.22882292,0.71421885
real,00021972_005.png,21972,,cardiomegaly_1,-0.7879772,0.31260318,0.70875186
real,00021972_007.png,21972,,cardiomegaly_1,-1.1523037,0.24006855,0.6923181
real,00021972_009.png,21972,,cardiomegaly_1,2.7909317,0.9421838,0.9517612
real,00021972_010.png,21972,,cardiomegaly_1,2.9024239,0.9479661,0.9587383
real,00021976_004.png,21976,,cardiomegaly_1,-1.4761429,0.18601072,0.73429334
real,00021976_005.png,21976,,cardiomegaly_1,-1.9437275,0.12523893,0.75831324
real,00021976_006.png,21976,,cardiomegaly_1,-1.5708199,0.17209955,0.765766
real,00021976_007.png,21976,,cardiomegaly_1,-1.8235264,0.13901126,0.74478656
real,00021976_008.png,21976,,cardiomegaly_1,-1.9243889,0.12737295,0.74828887
real,00021976_009.png,21976,,cardiomegaly_1,-1.3811817,0.20081928,0.7499798
real,00021976_010.png,21976,,cardiomegaly_1,-2.7774982,0.058552306,0.81434166
real,00021976_011.png,21976,,cardiomegaly_1,-2.2904263,0.09191897,0.7634989
real,00021976_013.png,21976,,cardiomegaly_1,-1.7945518,0.14251556,0.74329185
real,00021976_012.png,21976,,cardiomegaly_1,-1.4430962,0.19106635,0.75984114
real,00022147_005.png,22147,,cardiomegaly_1,6.1526794,0.99787676,0.9905802
real,00022147_000.png,22147,,cardiomegaly_1,2.4714222,0.92211396,0.9253677
real,00022155_003.png,22155,,cardiomegaly_1,0.062316895,0.51557416,0.7780831
real,00022155_004.png,22155,,cardiomegaly_1,-0.110212326,0.47247475,0.75216144
real,00022155_005.png,22155,,cardiomegaly_1,1.3057823,0.7868065,0.85928375
real,00022155_008.png,22155,,cardiomegaly_1,-1.2796288,0.21761343,0.7109579
real,00022155_010.png,22155,,cardiomegaly_1,-0.6941776,0.3331044,0.69316125
real,00022155_011.png,22155,,cardiomegaly_1,-1.0989189,0.2499425,0.7497297
real,00022155_013.png,22155,,cardiomegaly_1,1.6914749,0.844418,0.8613561
real,00022155_021.png,22155,,cardiomegaly_1,0.94851875,0.7208172,0.8581559
real,00022175_001.png,22175,,cardiomegaly_1,2.2831688,0.9074734,0.9216654
real,00022341_005.png,22341,,cardiomegaly_1,2.6319523,0.9328898,0.95023364
real,00022574_000.png,22574,,cardiomegaly_1,-2.6557941,0.06563279,0.8256207
real,00022651_001.png,22651,,cardiomegaly_1,3.0001526,0.95258105,0.9662956
real,00022651_003.png,22651,,cardiomegaly_1,3.429842,0.9686243,0.9746951
real,00022651_004.png,22651,,cardiomegaly_1,1.443924,0.8090615,0.89436895
real,00022651_005.png,22651,,cardiomegaly_1,2.5814133,0.92965573,0.9542464
real,00022651_006.png,22651,,cardiomegaly_1,-0.53806114,0.36863872,0.767063
real,00022651_007.png,22651,,cardiomegaly_1,-0.86335564,0.29663873,0.76407033
real,00022651_008.png,22651,,cardiomegaly_1,-0.044916153,0.48877284,0.7641782
real,00022651_009.png,22651,,cardiomegaly_1,-1.4768372,0.18590562,0.786383
real,00022651_010.png,22651,,cardiomegaly_1,-1.8138447,0.1401741,0.82205296
real,00022651_013.png,22651,,cardiomegaly_1,1.125803,0.75506353,0.81925577
real,00022651_015.png,22651,,cardiomegaly_1,1.2243843,0.7728342,0.8586311
real,00022651_016.png,22651,,cardiomegaly_1,-0.35709,0.4116642,0.776701
real,00022651_017.png,22651,,cardiomegaly_1,-0.37125397,0.40823805,0.80148655
real,00022651_018.png,22651,,cardiomegaly_1,-1.0480232,0.25960487,0.78968805
real,00022651_019.png,22651,,cardiomegaly_1,-0.5813484,0.3586224,0.7631895
real,00022651_023.png,22651,,cardiomegaly_1,1.8705101,0.86651725,0.8954241
real,00022677_002.png,22677,,cardiomegaly_1,7.7717724,0.99957865,0.9964676
real,00022716_000.png,22716,,cardiomegaly_1,-3.0421848,0.045556083,0.8770493
real,00022789_000.png,22789,,cardiomegaly_1,-1.7588406,0.14693561,0.72960806
real,00022789_001.png,22789,,cardiomegaly_1,-3.9159794,0.019531932,0.9050657
real,00022818_000.png,22818,,cardiomegaly_1,-3.880291,0.020227231,0.91902393
real,00022883_002.png,22883,,cardiomegaly_1,1.4293327,0.8067973,0.85741186
real,00022883_011.png,22883,,cardiomegaly_1,-1.263958,0.22029328,0.7041447
real,00022883_012.png,22883,,cardiomegaly_1,-0.952816,0.27831885,0.6682245
real,00023073_008.png,23073,,cardiomegaly_1,-3.6331272,0.025752662,0.91350186
real,00023093_007.png,23093,,cardiomegaly_1,5.793337,0.9969614,0.99190164
real,00023093_009.png,23093,,cardiomegaly_1,7.9575195,0.9996501,0.9967773
real,00023093_011.png,23093,,cardiomegaly_1,6.5257206,0.9985368,0.9942012
real,00023093_012.png,23093,,cardiomegaly_1,8.274595,0.9997452,0.99734634
real,00023093_017.png,23093,,cardiomegaly_1,7.670639,0.9995339,0.9964828
real,00023097_000.png,23097,,cardiomegaly_1,-0.4238224,0.39560243,0.8046502
real,00023097_001.png,23097,,cardiomegaly_1,-1.41078,0.19611107,0.8064156
real,00023097_002.png,23097,,cardiomegaly_1,-0.8714962,0.29494306,0.8106313
real,00023097_007.png,23097,,cardiomegaly_1,-0.68217087,0.33577695,0.8363016
real,00023156_002.png,23156,,cardiomegaly_1,0.43325043,0.6066496,0.76153284
real,00023156_004.png,23156,,cardiomegaly_1,2.559723,0.92822397,0.9422931
real,00023156_005.png,23156,,cardiomegaly_1,-0.21099663,0.4474457,0.7373133
real,00023156_010.png,23156,,cardiomegaly_1,-0.5833912,0.35815266,0.77289027
real,00023156_013.png,23156,,cardiomegaly_1,-0.9237499,0.28419444,0.76722354
real,00023156_014.png,23156,,cardiomegaly_1,-0.6376667,0.34577417,0.758171
real,00023156_020.png,23156,,cardiomegaly_1,-1.2938633,0.21519963,0.77264255
real,00023156_021.png,23156,,cardiomegaly_1,-0.25448418,0.43672007,0.7634122
real,00023156_022.png,23156,,cardiomegaly_1,-1.6437511,0.16195528,0.8209683
real,00023176_017.png,23176,,cardiomegaly_1,3.0823402,0.9561584,0.9619631
real,00023196_003.png,23196,,cardiomegaly_1,6.879507,0.9989724,0.9945318
real,00023319_000.png,23319,,cardiomegaly_1,-4.607811,0.009875136,0.9539312
real,00023325_013.png,23325,,cardiomegaly_1,5.9443493,0.9973863,0.99124277
real,00023325_014.png,23325,,cardiomegaly_1,7.5478153,0.99947304,0.9963463
real,00024073_000.png,24073,,cardiomegaly_1,0.052835464,0.5132058,0.7200947
real,00024116_001.png,24116,,cardiomegaly_1,1.1670437,0.7626102,0.8083779
real,00024264_000.png,24264,,cardiomegaly_1,2.7606678,0.9405131,0.94433635
real,00024692_001.png,24692,,cardiomegaly_1,5.177738,0.9943909,0.9874234
real,00024749_000.png,24749,,cardiomegaly_1,-1.491497,0.18369713,0.72038674
real,00025252_000.png,25252,,cardiomegaly_1,0.59015465,0.64340067,0.82435167
real,00025252_001.png,25252,,cardiomegaly_1,-0.31702423,0.4214011,0.81347924
real,00025261_000.png,25261,,cardiomegaly_1,-2.6223087,0.0677164,0.85378563
real,00025261_001.png,25261,,cardiomegaly_1,-1.1588974,0.23886772,0.7779967
real,00025261_002.png,25261,,cardiomegaly_1,-1.0909824,0.2514333,0.78257084
real,00025261_004.png,25261,,cardiomegaly_1,-1.0141068,0.2661769,0.7653851
real,00025290_032.png,25290,,cardiomegaly_1,7.240711,0.99928373,0.99516505
real,00025416_001.png,25416,,cardiomegaly_1,3.7838001,0.9777694,0.9747704
real,00025517_000.png,25517,,cardiomegaly_1,-2.7491474,0.060134824,0.7802001
real,00025527_009.png,25527,,cardiomegaly_1,-2.5057049,0.07545921,0.81130546
real,00025635_000.png,25635,,cardiomegaly_1,1.1914902,0.76700747,0.8181691
real,00025635_001.png,25635,,cardiomegaly_1,4.732416,0.9912717,0.98688203
real,00025635_008.png,25635,,cardiomegaly_1,4.296486,0.9865666,0.98349845
real,00025688_001.png,25688,,cardiomegaly_1,-2.1834984,0.101242155,0.75753164
real,00025688_002.png,25688,,cardiomegaly_1,-4.407938,0.012033694,0.9601328
real,00025696_000.png,25696,,cardiomegaly_1,7.0497913,0.99913317,0.9961562
real,00025696_001.png,25696,,cardiomegaly_1,4.394594,0.9878066,0.98712385
real,00025707_008.png,25707,,cardiomegaly_1,-0.31393433,0.4221547,0.7193595
real,00025707_010.png,25707,,cardiomegaly_1,-1.4782429,0.18569297,0.7580418
real,00025707_013.png,25707,,cardiomegaly_1,1.6834698,0.8433634,0.8904071
real,00025784_000.png,25784,,cardiomegaly_1,4.8787575,0.9924509,0.9883793
real,00025784_001.png,25784,,cardiomegaly_1,1.7559624,0.8527032,0.8794138
real,00025832_007.png,25832,,cardiomegaly_1,-1.3082142,0.21278583,0.6529686
real,00025924_003.png,25924,,cardiomegaly_1,-3.5127354,0.028952034,0.9071625
real,00025924_006.png,25924,,cardiomegaly_1,-4.288149,0.013544349,0.9499811
real,00025924_016.png,25924,,cardiomegaly_1,-2.7981873,0.057422213,0.84739727
real,00025924_025.png,25924,,cardiomegaly_1,-1.7849522,0.14369272,0.757379
real,00025924_026.png,25924,,cardiomegaly_1,-2.4478989,0.07959233,0.81499547
real,00025924_027.png,25924,,cardiomegaly_1,-3.3960896,0.0324179,0.89309597
real,00026657_000.png,26657,,cardiomegaly_1,0.26794434,0.56658816,0.7440602
real,00026715_002.png,26715,,cardiomegaly_1,7.1577625,0.9992218,0.99617946
real,00026715_003.png,26715,,cardiomegaly_1,6.876108,0.99896896,0.9956258
real,00026715_004.png,26715,,cardiomegaly_1,7.214445,0.99926466,0.9959394
real,00026738_005.png,26738,,cardiomegaly_1,-2.1187668,0.10728612,0.8193026
real,00026751_000.png,26751,,cardiomegaly_1,-2.1805382,0.10151183,0.7335363
real,00026815_000.png,26815,,cardiomegaly_1,-4.6290684,0.00966944,0.94683176
real,00026815_002.png,26815,,cardiomegaly_1,-4.639408,0.009570928,0.9585483
real,00026889_000.png,26889,,cardiomegaly_1,3.1314392,0.9581711,0.9746066
real,00026889_001.png,26889,,cardiomegaly_1,1.7495918,0.8519013,0.91878724
real,00026889_002.png,26889,,cardiomegaly_1,0.6152477,0.6491369,0.835289
real,00026911_006.png,26911,,cardiomegaly_1,-1.2260704,0.22686993,0.76077235
real,00026912_000.png,26912,,cardiomegaly_1,-3.4490032,0.0307986,0.8913689
real,00026913_000.png,26913,,cardiomegaly_1,-3.9895172,0.018172303,0.93031406
real,00026967_002.png,26967,,cardiomegaly_1,0.2666378,0.5662673,0.7432832
real,00026999_000.png,26999,,cardiomegaly_1,-3.2485085,0.03738052,0.88975394
real,00027011_000.png,27011,,cardiomegaly_1,-2.2871037,0.09219667,0.7547395
real,00027061_001.png,27061,,cardiomegaly_1,7.697153,0.9995461,0.99663615
real,00027092_004.png,27092,,cardiomegaly_1,-0.3898201,0.4037606,0.70655227
real,00027092_005.png,27092,,cardiomegaly_1,-0.71173096,0.32921648,0.7006595
real,00027092_006.png,27092,,cardiomegaly_1,-3.5580788,0.027704125,0.886185
real,00027142_008.png,27142,,cardiomegaly_1,-2.086563,0.11040969,0.7653312
real,00027142_009.png,27142,,cardiomegaly_1,-2.1328793,0.10594196,0.7823951
real,00027306_000.png,27306,,cardiomegaly_1,-3.7681236,0.022574004,0.8802119
real,00027389_002.png,27389,,cardiomegaly_1,6.045767,0.99763775,0.9913365
real,00027389_003.png,27389,,cardiomegaly_1,6.9404793,0.9990331,0.9946242
real,00027420_002.png,27420,,cardiomegaly_1,-3.0209255,0.046489432,0.8735022
real,00027420_003.png,27420,,cardiomegaly_1,-4.292492,0.013486446,0.9320359
real,00027422_003.png,27422,,cardiomegaly_1,-1.3940716,0.19875854,0.7493517
real,00027441_025.png,27441,,cardiomegaly_1,-0.5027771,0.37688828,0.7562533
real,00027474_005.png,27474,,cardiomegaly_1,-1.3360386,0.20816226,0.70787114
real,00027474_007.png,27474,,cardiomegaly_1,-1.6815376,0.15689197,0.7517293
real,00027474_008.png,27474,,cardiomegaly_1,-1.5169945,0.17990452,0.7561624
real,00027474_009.png,27474,,cardiomegaly_1,-1.8197689,0.1394616,0.7763408
real,00027485_001.png,27485,,cardiomegaly_1,0.1493988,0.5372804,0.7635364
real,00027514_008.png,27514,,cardiomegaly_1,-4.257187,0.013964321,0.9429607
real,00027618_006.png,27618,,cardiomegaly_1,2.4911537,0.9235194,0.95006806
real,00027618_008.png,27618,,cardiomegaly_1,0.50566673,0.6237901,0.7610672
real,00027618_009.png,27618,,cardiomegaly_1,0.5903225,0.6434391,0.773257
real,00027815_001.png,27815,,cardiomegaly_1,3.1743755,0.95985854,0.9521269
real,00027907_001.png,27907,,cardiomegaly_1,6.9817276,0.9990722,0.9947003
real,00028013_004.png,28013,,cardiomegaly_1,-1.8297997,0.13826214,0.72565854
real,00028013_005.png,28013,,cardiomegaly_1,0.6101723,0.6479801,0.7681213
real,00028013_006.png,28013,,cardiomegaly_1,-1.1850014,0.23415415,0.74874955
real,00028013_010.png,28013,,cardiomegaly_1,-2.617178,0.06804103,0.8262464
real,00028013_011.png,28013,,cardiomegaly_1,-1.8576756,0.13497421,0.77113205
real,00028013_013.png,28013,,cardiomegaly_1,-2.1839294,0.10120295,0.82365686
real,00028018_000.png,28018,,cardiomegaly_1,8.03133,0.99967504,0.99584275
real,00028027_000.png,28027,,cardiomegaly_1,4.863268,0.992334,0.98608714
real,00028027_003.png,28027,,cardiomegaly_1,0.5469341,0.633424,0.8265483
real,00028027_004.png,28027,,cardiomegaly_1,1.0601292,0.74271524,0.85753244
real,00028036_000.png,28036,,cardiomegaly_1,2.1309166,0.893872,0.92570597
real,00028105_000.png,28105,,cardiomegaly_1,-0.23524666,0.4414581,0.75459707
real,00028148_005.png,28148,,cardiomegaly_1,-2.1659794,0.10284743,0.7485004
real,00028148_006.png,28148,,cardiomegaly_1,-3.4242668,0.031545617,0.875847
real,00028148_008.png,28148,,cardiomegaly_1,-2.8053646,0.057034973,0.8359848
real,00028148_010.png,28148,,cardiomegaly_1,0.8350258,0.69741654,0.80545115
real,00028148_013.png,28148,,cardiomegaly_1,-0.79818726,0.31041342,0.697162
real,00028148_014.png,28148,,cardiomegaly_1,-1.42136,0.19444847,0.70125186
real,00028148_011.png,28148,,cardiomegaly_1,-1.5161209,0.18003345,0.72150886
real,00028148_012.png,28148,,cardiomegaly_1,0.58039665,0.6411587,0.78332937
real,00028148_017.png,28148,,cardiomegaly_1,-1.6239128,0.16466595,0.76174545
real,00028256_003.png,28256,,cardiomegaly_1,-2.1959438,0.10011533,0.75484604
real,00028256_001.png,28256,,cardiomegaly_1,-0.9347439,0.28196326,0.69029444
real,00028256_004.png,28256,,cardiomegaly_1,-2.5646,0.071451746,0.82680774
real,00028256_005.png,28256,,cardiomegaly_1,-3.8572407,0.02068913,0.9296341
real,00028274_000.png,28274,,cardiomegaly_1,-0.6194668,0.34990275,0.8121756
real,00028392_001.png,28392,,cardiomegaly_1,-2.9209518,0.051127505,0.86630166
real,00028392_004.png,28392,,cardiomegaly_1,-3.3755875,0.03306719,0.90881246
real,00028392_005.png,28392,,cardiomegaly_1,-2.6307602,0.06718479,0.8197162
real,00028412_000.png,28412,,cardiomegaly_1,-3.8433342,0.020972777,0.9052396
real,00028558_000.png,28558,,cardiomegaly_1,-2.9057293,0.051871065,0.8482161
real,00028625_000.png,28625,,cardiomegaly_1,-0.3725319,0.4079294,0.7480046
real,00028628_006.png,28628,,cardiomegaly_1,-0.55955887,0.36364955,0.7201753
real,00028628_007.png,28628,,cardiomegaly_1,-1.1108189,0.24771824,0.71178085
real,00028628_008.png,28628,,cardiomegaly_1,-1.0584469,0.25760636,0.71826947
real,00028628_009.png,28628,,cardiomegaly_1,-0.6016922,0.35395664,0.7239799
real,00028628_010.png,28628,,cardiomegaly_1,-1.2228241,0.22743987,0.71798646
real,00028628_016.png,28628,,cardiomegaly_1,-0.835495,0.30248445,0.75040895
real,00028628_017.png,28628,,cardiomegaly_1,-0.22904205,0.44298854,0.7440917
real,00028628_022.png,28628,,cardiomegaly_1,-0.6145439,0.35102338,0.69585556
real,00028703_000.png,28703,,cardiomegaly_1,-3.5323544,0.028405538,0.9107169
real,00028764_004.png,28764,,cardiomegaly_1,-5.4574184,0.004246441,0.9796472
real,00028766_000.png,28766,,cardiomegaly_1,1.1241131,0.75475085,0.8155414
real,00028772_000.png,28772,,cardiomegaly_1,-1.3548927,0.20507161,0.66587013
real,00028811_000.png,28811,,cardiomegaly_1,-0.58813095,0.3570638,0.761126
real,00028811_001.png,28811,,cardiomegaly_1,1.4020176,0.8025038,0.86212
real,00028811_002.png,28811,,cardiomegaly_1,-0.5831318,0.3582123,0.79560804
real,00028811_006.png,28811,,cardiomegaly_1,-0.39304733,0.40298393,0.81958807
real,00028811_007.png,28811,,cardiomegaly_1,-1.0062542,0.26771355,0.83194107
real,00028882_005.png,28882,,cardiomegaly_1,-3.2851467,0.036084272,0.863995
real,00028897_002.png,28897,,cardiomegaly_1,-3.5751896,0.027246928,0.8994991
real,00028897_003.png,28897,,cardiomegaly_1,-4.0424995,0.01725073,0.9350991
real,00028897_011.png,28897,,cardiomegaly_1,-0.47813416,0.3826928,0.7633157
real,00028897_012.png,28897,,cardiomegaly_1,1.0131683,0.7336397,0.8467644
real,00028897_013.png,28897,,cardiomegaly_1,-0.5217514,0.37244278,0.7335779
real,00028897_015.png,28897,,cardiomegaly_1,-0.44037437,0.39165175,0.7453205
real,00028897_016.png,28897,,cardiomegaly_1,0.48407173,0.6187089,0.8105559
real,00028897_018.png,28897,,cardiomegaly_1,0.11231804,0.52805,0.812541
real,00028897_019.png,28897,,cardiomegaly_1,0.010923386,0.5027308,0.78743905
real,00028934_001.png,28934,,cardiomegaly_1,0.61844635,0.6498651,0.8209243
real,00029021_000.png,29021,,cardiomegaly_1,-3.056612,0.044932872,0.87103796
real,00029022_000.png,29022,,cardiomegaly_1,-2.029995,0.11608944,0.75997573
real,00029031_000.png,29031,,cardiomegaly_1,-2.107851,0.108336076,0.73534924
real,00029058_004.png,29058,,cardiomegaly_1,-2.7991238,0.05737154,0.818692
real,00029105_001.png,29105,,cardiomegaly_1,5.819029,0.99703836,0.9918389
real,00029105_002.png,29105,,cardiomegaly_1,6.66341,0.9987249,0.9943552
real,00029105_007.png,29105,,cardiomegaly_1,2.4590912,0.9212237,0.94620967
real,00029105_009.png,29105,,cardiomegaly_1,5.535858,0.99607265,0.99343276
real,00029105_010.png,29105,,cardiomegaly_1,3.9338264,0.9808069,0.9807478
real,00029105_011.png,29105,,cardiomegaly_1,3.0689545,0.9555938,0.9726295
real,00029105_014.png,29105,,cardiomegaly_1,1.1516361,0.7598096,0.83694726
real,00029105_015.png,29105,,cardiomegaly_1,0.11999512,0.52996284,0.7562023
real,00029225_000.png,29225,,cardiomegaly_1,7.5105286,0.999453,0.99689335
real,00029297_000.png,29297,,cardiomegaly_1,-4.457443,0.01145913,0.9489534
real,00029297_003.png,29297,,cardiomegaly_1,0.21859932,0.5544332,0.7783179
real,00029297_004.png,29297,,cardiomegaly_1,-0.6892414,0.33420184,0.743659
real,00029297_005.png,29297,,cardiomegaly_1,-3.0331345,0.045951217,0.8582302
real,00029459_002.png,29459,,cardiomegaly_1,3.9933815,0.9818965,0.98189926
real,00029459_004.png,29459,,cardiomegaly_1,5.465988,0.9957897,0.9921974
real,00029500_000.png,29500,,cardiomegaly_1,6.312147,0.99818915,0.9953026
real,00029510_000.png,29510,,cardiomegaly_1,4.9415245,0.9929069,0.98897415
real,00029551_000.png,29551,,cardiomegaly_1,-0.7143345,0.32864177,0.71432334
real,00029551_003.png,29551,,cardiomegaly_1,-1.2673588,0.21970971,0.74212253
real,00029551_004.png,29551,,cardiomegaly_1,-1.1874218,0.23372039,0.6770441
real,00029551_005.png,29551,,cardiomegaly_1,-0.40503502,0.40010324,0.69044375
real,00029552_000.png,29552,,cardiomegaly_1,6.1719246,0.9979171,0.9937153
real,00029579_000.png,29579,,cardiomegaly_1,1.0368996,0.7382513,0.8569667
real,00029579_004.png,29579,,cardiomegaly_1,1.6706161,0.84165794,0.9094424
real,00029579_005.png,29579,,cardiomegaly_1,3.0842972,0.95624036,0.9594822
real,00029579_009.png,29579,,cardiomegaly_1,0.47692108,0.61702055,0.8080352
real,00029579_014.png,29579,,cardiomegaly_1,-1.3582287,0.20452835,0.7614759
real,00029579_012.png,29579,,cardiomegaly_1,-1.2514954,0.22244139,0.78320885
real,00029579_015.png,29579,,cardiomegaly_1,-0.8016224,0.30967858,0.7716681
real,00029631_004.png,29631,,cardiomegaly_1,2.4744205,0.922329,0.9446955
real,00029631_006.png,29631,,cardiomegaly_1,-2.2702503,0.09361697,0.84403616
real,00029631_007.png,29631,,cardiomegaly_1,-1.532959,0.17756115,0.7936291
real,00029631_012.png,29631,,cardiomegaly_1,-1.0380497,0.26152647,0.7579079
real,00029631_013.png,29631,,cardiomegaly_1,-0.328331,0.41864678,0.7847678
real,00029747_002.png,29747,,cardiomegaly_1,-3.8626156,0.020580508,0.9313412
real,00029756_000.png,29756,,cardiomegaly_1,-2.2871075,0.09219636,0.7999327
real,00029794_000.png,29794,,cardiomegaly_1,8.018681,0.99967086,0.9967665
real,00029821_013.png,29821,,cardiomegaly_1,2.0078888,0.88162285,0.9186321
real,00029821_014.png,29821,,cardiomegaly_1,6.747862,0.998828,0.99160796
real,00029839_008.png,29839,,cardiomegaly_1,-3.6020298,0.026544495,0.916153
real,00029839_009.png,29839,,cardiomegaly_1,-4.7100506,0.008923967,0.9596625
real,00029943_002.png,29943,,cardiomegaly_1,-1.3285656,0.20939675,0.6921758
real,00029943_004.png,29943,,cardiomegaly_1,-1.6657581,0.15899055,0.72891164
real,00029943_005.png,29943,,cardiomegaly_1,-1.6212101,0.16503805,0.7524011
real,00029943_007.png,29943,,cardiomegaly_1,-2.2439823,0.09586981,0.80872554
real,00029943_006.png,29943,,cardiomegaly_1,-1.4408855,0.19140826,0.73405266
real,00029943_008.png,29943,,cardiomegaly_1,-1.0055008,0.26786128,0.77127266
real,00029981_004.png,29981,,cardiomegaly_1,4.573368,0.98978233,0.9873684
real,00029981_007.png,29981,,cardiomegaly_1,1.8549595,0.8647083,0.89844483
real,00030059_009.png,30059,,cardiomegaly_1,1.73773,0.8503985,0.9151097
real,00030059_011.png,30059,,cardiomegaly_1,0.31242752,0.57747763,0.808425
real,00030070_000.png,30070,,cardiomegaly_1,-3.4266186,0.031473845,0.88287145
real,00030153_004.png,30153,,cardiomegaly_1,-2.0331306,0.11576807,0.77938944
real,00030162_023.png,30162,,cardiomegaly_1,-0.9675808,0.27536294,0.7419386
real,00030183_004.png,30183,,cardiomegaly_1,-3.168499,0.040368523,0.8936632
real,00030183_005.png,30183,,cardiomegaly_1,-3.5768318,0.027203433,0.9051048
real,00030183_006.png,30183,,cardiomegaly_1,-3.8764973,0.02030255,0.9241246
real,00030196_001.png,30196,,cardiomegaly_1,-0.56258965,0.3629485,0.75539696
real,00030196_002.png,30196,,cardiomegaly_1,-0.82694817,0.30429077,0.7188788
real,00030207_000.png,30207,,cardiomegaly_1,4.790514,0.9917603,0.9875135
real,00030276_000.png,30276,,cardiomegaly_1,1.0886726,0.74813175,0.85156775
real,00030389_005.png,30389,,cardiomegaly_1,1.0995388,0.7501737,0.8540027
real,00030389_006.png,30389,,cardiomegaly_1,0.31311607,0.5776457,0.771
real,00030389_007.png,30389,,cardiomegaly_1,0.575819,0.64010483,0.79788446
real,00030389_008.png,30389,,cardiomegaly_1,3.2239742,0.96172655,0.9698785
real,00030389_009.png,30389,,cardiomegaly_1,4.4050236,0.98793155,0.9819983
real,00030389_010.png,30389,,cardiomegaly_1,3.4708138,0.96984583,0.9727437
real,00030389_011.png,30389,,cardiomegaly_1,4.9370174,0.9928752,0.9880785
real,00030389_012.png,30389,,cardiomegaly_1,5.9923344,0.9975084,0.99273413
real,00030389_013.png,30389,,cardiomegaly_1,4.2019978,0.985255,0.98117256
real,00030436_000.png,30436,,cardiomegaly_1,-4.866688,0.007640004,0.9698743
real,00030490_000.png,30490,,cardiomegaly_1,5.4114017,0.9955545,0.98932916
real,00030541_005.png,30541,,cardiomegaly_1,-0.8284664,0.30396944,0.75116575
real,00030561_005.png,30561,,cardiomegaly_1,-1.6169033,0.16563238,0.7692939
real,00030561_006.png,30561,,cardiomegaly_1,-2.7258034,0.061467815,0.85325533
real,00030561_007.png,30561,,cardiomegaly_1,-1.729353,0.15067036,0.77439815
real,00030561_010.png,30561,,cardiomegaly_1,-2.2690449,0.0937193,0.80979127
real,00030561_011.png,30561,,cardiomegaly_1,-1.8642464,0.13420887,0.76003116
real,00030561_013.png,30561,,cardiomegaly_1,-2.0457249,0.11448506,0.8269578
real,00030561_014.png,30561,,cardiomegaly_1,-2.232607,0.09686036,0.8403241
real,00030561_017.png,30561,,cardiomegaly_1,-2.1852417,0.10108363,0.8137151
real,00030561_018.png,30561,,cardiomegaly_1,-2.179449,0.10161121,0.79327327
real,00030632_000.png,30632,,cardiomegaly_1,0.16106033,0.5401783,0.7619502
real,00030650_000.png,30650,,cardiomegaly_1,-0.8199825,0.3057674,0.73558897
real,00030650_001.png,30650,,cardiomegaly_1,-0.8965244,0.28976524,0.7790866
real,00030650_002.png,30650,,cardiomegaly_1,-1.1834774,0.23442751,0.7542248
real,00030650_003.png,30650,,cardiomegaly_1,-0.6495476,0.34309152,0.73158795
real,00030650_007.png,30650,,cardiomegaly_1,-0.6214485,0.34945208,0.715423
real,00030650_008.png,30650,,cardiomegaly_1,0.0035953522,0.50089884,0.78374076
real,00030650_009.png,30650,,cardiomegaly_1,-0.54210854,0.36769724,0.75377804
real,00030659_000.png,30659,,cardiomegaly_1,-0.036411285,0.49089822,0.772887
real,00030668_000.png,30668,,cardiomegaly_1,-1.0412655,0.2609059,0.7542371
real,00002793_006.png,2793,,cardiomegaly_1,-4.6427345,0.009539447,0.94880486
real,00014954_000.png,14954,,cardiomegaly_1,-5.283888,0.0050470685,0.9783811
real,00026982_005.png,26982,,cardiomegaly_1,-4.9581738,0.0069767297,0.96137077
real,00014719_000.png,14719,,cardiomegaly_1,-4.3487053,0.012758646,0.9418581
real,00003321_001.png,3321,,cardiomegaly_1,-4.2288456,0.014359986,0.93749493
real,00001430_001.png,1430,,cardiomegaly_1,1.6086063,0.83321786,0.8837316
real,00012460_000.png,12460,,cardiomegaly_1,-4.16251,0.015329774,0.93269587
real,00008806_003.png,8806,,cardiomegaly_1,-1.9953995,0.1196868,0.7121824
real,00010931_003.png,10931,,cardiomegaly_1,-4.4503174,0.011540131,0.9519609
real,00026815_001.png,26815,,cardiomegaly_1,-3.7542076,0.0228831,0.89585483
real,00028980_001.png,28980,,cardiomegaly_1,0.41419792,0.60209405,0.8159012
real,00019376_000.png,19376,,cardiomegaly_1,2.5756683,0.9292791,0.9259475
real,00020318_024.png,20318,,cardiomegaly_1,-0.9660492,0.27566868,0.81104213
real,00004909_001.png,4909,,cardiomegaly_1,-0.6273594,0.34810954,0.7094546
real,00000582_000.png,582,,cardiomegaly_1,-4.928591,0.0071847006,0.956994
real,00006576_000.png,6576,,cardiomegaly_1,-2.699915,0.06297837,0.8254576
real,00022712_000.png,22712,,cardiomegaly_1,-5.2098103,0.005433031,0.97075176
real,00018361_000.png,18361,,cardiomegaly_1,-4.6336575,0.009625594,0.9610038
real,00011380_001.png,11380,,cardiomegaly_1,-3.2521343,0.03725027,0.865078
real,00009306_000.png,9306,,cardiomegaly_1,-4.527527,0.010691822,0.9595466
real,00029058_000.png,29058,,cardiomegaly_1,-0.9557133,0.2777373,0.6684845
real,00011611_000.png,11611,,cardiomegaly_1,-4.9266357,0.0071986597,0.9597103
real,00024476_000.png,24476,,cardiomegaly_1,-4.885952,0.007495327,0.96393526
real,00012478_000.png,12478,,cardiomegaly_1,-4.3151855,0.013187827,0.94560695
real,00010673_000.png,10673,,cardiomegaly_1,-0.2501831,0.43777844,0.76155657
real,00010933_000.png,10933,,cardiomegaly_1,-4.5461063,0.010497073,0.9566424
real,00007431_000.png,7431,,cardiomegaly_1,-3.5150795,0.028886203,0.9218423
real,00028628_005.png,28628,,cardiomegaly_1,-1.0217724,0.2646823,0.72030914
real,00002736_000.png,2736,,cardiomegaly_1,-0.08544731,0.47865114,0.798621
real,00026148_002.png,26148,,cardiomegaly_1,-5.05896,0.0063120676,0.97048306
real,00021716_004.png,21716,,cardiomegaly_1,-2.6444798,0.06633006,0.8369901
real,00005364_000.png,5364,,cardiomegaly_1,-4.0299034,0.017465578,0.9150387
real,00008623_002.png,8623,,cardiomegaly_1,-5.3299656,0.0048208833,0.9736483
real,00015553_003.png,15553,,cardiomegaly_1,1.4651852,0.81232446,0.8864417
real,00015552_000.png,15552,,cardiomegaly_1,-1.0638428,0.25657576,0.7615777
real,00004158_000.png,4158,,cardiomegaly_1,-4.87904,0.007546923,0.9640512
real,00008802_002.png,8802,,cardiomegaly_1,5.078123,0.993807,0.9878533
real,00004699_000.png,4699,,cardiomegaly_1,-4.4595947,0.011434783,0.9438661
real,00015795_002.png,15795,,cardiomegaly_1,-3.3694134,0.03326517,0.8699283
real,00014429_018.png,14429,,cardiomegaly_1,-3.1325645,0.041783806,0.8877324
real,00010920_003.png,10920,,cardiomegaly_1,-3.7608414,0.022735242,0.93268836
real,00006490_001.png,6490,,cardiomegaly_1,-3.8587017,0.02065955,0.91852105
real,00020060_005.png,20060,,cardiomegaly_1,-2.3222027,0.08930077,0.7910902
real,00013970_000.png,13970,,cardiomegaly_1,-2.4790497,0.077339984,0.7945416
real,00012352_000.png,12352,,cardiomegaly_1,0.8778343,0.7063732,0.7629697
real,00001199_006.png,1199,,cardiomegaly_1,-3.4106827,0.03196327,0.8979987
real,00019771_000.png,19771,,cardiomegaly_1,-3.3243523,0.034745146,0.88008267
real,00000304_000.png,304,,cardiomegaly_1,-1.7109871,0.15303573,0.7103181
real,00028287_000.png,28287,,cardiomegaly_1,-3.9960861,0.018055469,0.9218532
real,00015000_007.png,15000,,cardiomegaly_1,-4.2860947,0.013571823,0.9444345
real,00018476_000.png,18476,,cardiomegaly_1,-4.2739563,0.01373529,0.9265704
real,00027035_000.png,27035,,cardiomegaly_1,-4.9975185,0.006709368,0.9685682
real,00002228_000.png,2228,,cardiomegaly_1,-3.8687248,0.020457726,0.9277211
real,00019640_000.png,19640,,cardiomegaly_1,-3.8204765,0.021447286,0.914842
real,00010175_000.png,10175,,cardiomegaly_1,-4.7287464,0.008760124,0.95110273
real,00003940_006.png,3940,,cardiomegaly_1,-4.5532475,0.010423157,0.95363295
real,00014387_006.png,14387,,cardiomegaly_1,-1.2838364,0.2168979,0.7315752
real,00021375_002.png,21375,,cardiomegaly_1,-4.378294,0.012391276,0.94748646
real,00001230_006.png,1230,,cardiomegaly_1,-4.6462173,0.009506596,0.9392199
real,00012772_003.png,12772,,cardiomegaly_1,-4.5584145,0.010369997,0.94985807
real,00026354_001.png,26354,,cardiomegaly_1,-3.7154942,0.023764892,0.9137281
real,00028962_000.png,28962,,cardiomegaly_1,-4.2134953,0.01457888,0.93786055
real,00007876_000.png,7876,,cardiomegaly_1,-4.695133,0.009056873,0.97111815
real,00006921_000.png,6921,,cardiomegaly_1,-4.503849,0.010945196,0.9497148
real,00008576_000.png,8576,,cardiomegaly_1,4.3599873,0.9873827,0.97903275
real,00021871_000.png,21871,,cardiomegaly_1,5.0200443,0.99343914,0.9902816
real,00019774_008.png,19774,,cardiomegaly_1,-2.0457268,0.114484884,0.73889506
real,00026911_003.png,26911,,cardiomegaly_1,0.94203377,0.7195103,0.80225325
real,00009761_000.png,9761,,cardiomegaly_1,0.60559845,0.64693606,0.7599393
real,00005511_000.png,5511,,cardiomegaly_1,-5.104162,0.0060347836,0.9643506
real,00000517_004.png,517,,cardiomegaly_1,1.2113705,0.77054137,0.80128735
real,00027025_000.png,27025,,cardiomegaly_1,-3.3198967,0.034894887,0.88236016
real,00009061_001.png,9061,,cardiomegaly_1,-5.0265617,0.006518561,0.9681654
real,00006851_029.png,6851,,cardiomegaly_1,-3.0941944,0.043347366,0.84504175
real,00020193_000.png,20193,,cardiomegaly_1,-4.652218,0.00945026,0.95473886
real,00029105_019.png,29105,,cardiomegaly_1,4.1004543,0.98370475,0.9870654
real,00018284_013.png,18284,,cardiomegaly_1,0.27384567,0.5680368,0.81853014
real,00016990_001.png,16990,,cardiomegaly_1,1.4796333,0.81451714,0.8753518
real,00001563_000.png,1563,,cardiomegaly_1,-4.3631783,0.012577628,0.94267595
real,00010465_001.png,10465,,cardiomegaly_1,-4.307928,0.013282609,0.94533086
real,00020568_000.png,20568,,cardiomegaly_1,6.2161083,0.998007,0.991437
real,00022920_000.png,22920,,cardiomegaly_1,-3.8031082,0.021814846,0.8974513
real,00016907_000.png,16907,,cardiomegaly_1,-4.0667496,0.016844394,0.92877215
real,00005401_001.png,5401,,cardiomegaly_1,-3.7478943,0.02302469,0.91260165
real,00004734_001.png,4734,,cardiomegaly_1,2.1698818,0.89751214,0.9079251
real,00002793_001.png,2793,,cardiomegaly_1,-3.1613941,0.040644657,0.8919621
real,00030153_002.png,30153,,cardiomegaly_1,-4.657282,0.009402973,0.9512709
real,00023937_000.png,23937,,cardiomegaly_1,-4.146385,0.015575085,0.94337505
real,00029879_001.png,29879,,cardiomegaly_1,-0.8782444,0.29354173,0.715399
real,00009907_001.png,9907,,cardiomegaly_1,1.1577892,0.7609308,0.8406903
real,00007088_000.png,7088,,cardiomegaly_1,-4.073532,0.016732436,0.93205744
real,00017618_001.png,17618,,cardiomegaly_1,-4.235941,0.014259906,0.9314952
real,00026342_000.png,26342,,cardiomegaly_1,-4.223549,0.014435149,0.9433631
real,00006936_006.png,6936,,cardiomegaly_1,-4.9013767,0.007381448,0.9664047
real,00019503_000.png,19503,,cardiomegaly_1,-4.0313663,0.017440492,0.9399709
real,00021239_001.png,21239,,cardiomegaly_1,-4.6798,0.009195527,0.9572048
real,00015762_000.png,15762,,cardiomegaly_1,-5.04895,0.006375162,0.96821946
real,00012129_000.png,12129,,cardiomegaly_1,-3.7257462,0.023528202,0.91310626
real,00007589_000.png,7589,,cardiomegaly_1,-5.2726173,0.005103981,0.9742918
real,00011310_000.png,11310,,cardiomegaly_1,-1.250227,0.22266085,0.7215625
real,00011029_001.png,11029,,cardiomegaly_1,-4.4746532,0.011265808,0.9510109
real,00017824_000.png,17824,,cardiomegaly_1,-3.8341331,0.021162536,0.91572994
real,00003013_002.png,3013,,cardiomegaly_1,-4.0798454,0.016628884,0.9304878
real,00013541_000.png,13541,,cardiomegaly_1,-3.1091938,0.042729605,0.854515
real,00010905_017.png,10905,,cardiomegaly_1,-2.8852978,0.052885152,0.8839995
real,00012784_000.png,12784,,cardiomegaly_1,-3.1820602,0.03984644,0.8713092
real,00023943_000.png,23943,,cardiomegaly_1,-5.251835,0.0052106064,0.97345215
real,00001470_001.png,1470,,cardiomegaly_1,-0.3570156,0.41168222,0.7530361
real,00016417_005.png,16417,,cardiomegaly_1,-1.298521,0.21441405,0.7396189
real,00017014_000.png,17014,,cardiomegaly_1,-3.2138405,0.038648188,0.8705075
real,00001223_001.png,1223,,cardiomegaly_1,3.0608158,0.95524716,0.9630451
real,00022677_003.png,22677,,cardiomegaly_1,1.9864101,0.8793628,0.88492554
real,00026292_004.png,26292,,cardiomegaly_1,2.437233,0.91962284,0.9209904
real,00007113_000.png,7113,,cardiomegaly_1,-4.0107327,0.01779762,0.92821395
real,00021976_001.png,21976,,cardiomegaly_1,-4.293667,0.013470822,0.9538921
real,00017729_006.png,17729,,cardiomegaly_1,-4.894068,0.0074351933,0.9680536
real,00015149_000.png,15149,,cardiomegaly_1,-3.2342014,0.037898753,0.86263925
real,00029340_001.png,29340,,cardiomegaly_1,-4.965597,0.0069254884,0.9660036
real,00011985_000.png,11985,,cardiomegaly_1,-4.2110043,0.014614709,0.93212056
real,00025037_000.png,25037,,cardiomegaly_1,-4.9014416,0.007380972,0.9621339
real,00009757_000.png,9757,,cardiomegaly_1,-0.394001,0.40275452,0.7583415
real,00001995_000.png,1995,,cardiomegaly_1,-3.8475113,0.02088718,0.91407967
real,00014560_000.png,14560,,cardiomegaly_1,-4.186451,0.014972549,0.945703
real,00025738_000.png,25738,,cardiomegaly_1,-4.8817234,0.0075268494,0.9674349
real,00024116_002.png,24116,,cardiomegaly_1,1.5026112,0.8179636,0.83889145
real,00012537_000.png,12537,,cardiomegaly_1,-5.368759,0.004638296,0.9754291
real,00006005_000.png,6005,,cardiomegaly_1,-1.778799,0.14445148,0.7240973
real,00023422_000.png,23422,,cardiomegaly_1,-4.3461246,0.012791194,0.95970017
real,00014662_001.png,14662,,cardiomegaly_1,-4.9759617,0.006854569,0.9565703
real,00015783_000.png,15783,,cardiomegaly_1,1.0849323,0.7474262,0.8362027
real,00025058_000.png,25058,,cardiomegaly_1,-5.3720646,0.0046230606,0.97523344
real,00008142_005.png,8142,,cardiomegaly_1,-5.2375946,0.005284942,0.973047
real,00016219_000.png,16219,,cardiomegaly_1,-2.709793,0.06239796,0.82658654
real,00020699_003.png,20699,,cardiomegaly_1,4.2511997,0.985953,0.9808113
real,00020139_000.png,20139,,cardiomegaly_1,-4.33305,0.012957353,0.9579024
real,00011237_004.png,11237,,cardiomegaly_1,2.187563,0.8991271,0.9436141
real,00004466_000.png,4466,,cardiomegaly_1,-4.1316624,0.01580244,0.93153167
real,00003785_001.png,3785,,cardiomegaly_1,-1.1662617,0.23753136,0.7476838
real,00022033_000.png,22033,,cardiomegaly_1,-2.9670315,0.0489377,0.8386866
real,00016341_001.png,16341,,cardiomegaly_1,-3.4854565,0.029728884,0.9132832
real,00009498_000.png,9498,,cardiomegaly_1,-5.2211704,0.0053719897,0.9728455
real,00003105_000.png,3105,,cardiomegaly_1,-4.935602,0.00713486,0.9704853
real,00020912_001.png,20912,,cardiomegaly_1,-5.1025047,0.0060447343,0.97284186
real,00026599_001.png,26599,,cardiomegaly_1,-5.050621,0.006364587,0.97076714
real,00007379_000.png,7379,,cardiomegaly_1,-4.656494,0.009410313,0.9527808
real,00010920_006.png,10920,,cardiomegaly_1,-4.4605865,0.011423578,0.9474834
real,00004562_000.png,4562,,cardiomegaly_1,-3.8553944,0.020726573,0.90613055
real,00023219_000.png,23219,,cardiomegaly_1,-4.1633663,0.0153168505,0.92920935
real,00003640_001.png,3640,,cardiomegaly_1,-5.0350494,0.0064638234,0.96418643
real,00001170_003.png,1170,,cardiomegaly_1,4.4908886,0.9889136,0.9829434
real,00001203_017.png,1203,,cardiomegaly_1,-4.6075974,0.009877225,0.95598704
real,00008185_001.png,8185,,cardiomegaly_1,-2.399788,0.08318887,0.770291
real,00022389_000.png,22389,,cardiomegaly_1,-4.831644,0.00791033,0.9544446
real,00021424_000.png,21424,,cardiomegaly_1,-2.7920284,0.057756465,0.82957476
real,00030332_000.png,30332,,cardiomegaly_1,-5.1036396,0.0060379193,0.97206473
real,00002225_002.png,2225,,cardiomegaly_1,3.3834858,0.9671844,0.9578215
real,00001803_013.png,1803,,cardiomegaly_1,3.8439884,0.9790406,0.97981274
real,00023043_000.png,23043,,cardiomegaly_1,-3.244711,0.037517406,0.8931405
real,00005530_001.png,5530,,cardiomegaly_1,1.8152771,0.85999846,0.92014545
real,00030650_004.png,30650,,cardiomegaly_1,-0.9605007,0.27677795,0.72849184
real,00026736_000.png,26736,,cardiomegaly_1,-5.0175056,0.0065774717,0.97022283
real,00011491_000.png,11491,,cardiomegaly_1,-2.6985435,0.06305935,0.8264242
real,00000705_002.png,705,,cardiomegaly_1,-4.0364323,0.017353892,0.9284139
real,00016509_001.png,16509,,cardiomegaly_1,-2.8663292,0.05384335,0.85187227
real,00003320_002.png,3320,,cardiomegaly_1,-4.9453545,0.007066107,0.9627871
real,00006030_000.png,6030,,cardiomegaly_1,-4.94376,0.0070773032,0.96707153
real,00012304_009.png,12304,,cardiomegaly_1,-1.9843216,0.12085891,0.7831778
real,00010445_001.png,10445,,cardiomegaly_1,-4.993168,0.0067384243,0.96458256
real,00030196_003.png,30196,,cardiomegaly_1,-0.5053005,0.37629583,0.7728073
real,00007258_004.png,7258,,cardiomegaly_1,-4.7777653,0.008344565,0.96445817
real,00020292_000.png,20292,,cardiomegaly_1,-4.8197994,0.008003826,0.96202195
real,00007389_001.png,7389,,cardiomegaly_1,3.4643784,0.96965706,0.9695346
real,00005401_003.png,5401,,cardiomegaly_1,-5.152048,0.0057542366,0.970456
real,00024497_000.png,24497,,cardiomegaly_1,-5.326315,0.0048384294,0.9786523
real,00021409_007.png,21409,,cardiomegaly_1,6.074663,0.9977049,0.9941102
real,00022159_000.png,22159,,cardiomegaly_1,-5.205055,0.005458785,0.973334
real,00002837_000.png,2837,,cardiomegaly_1,-0.09902573,0.47526377,0.72290885
real,00014939_000.png,14939,,cardiomegaly_1,-4.5170727,0.0108029675,0.9410123
real,00002114_000.png,2114,,cardiomegaly_1,-2.7324924,0.06108306,0.86891496
real,00024641_000.png,24641,,cardiomegaly_1,-5.0960293,0.006083764,0.9625107
real,00028148_003.png,28148,,cardiomegaly_1,-2.0356789,0.11550747,0.7819853
real,00025230_000.png,25230,,cardiomegaly_1,-4.6294823,0.009665478,0.94725966
real,00002793_003.png,2793,,cardiomegaly_1,-1.2613258,0.22074573,0.7521699
real,00019640_003.png,19640,,cardiomegaly_1,-4.362831,0.012581939,0.9414454
real,00005347_000.png,5347,,cardiomegaly_1,-4.80991,0.008082731,0.9662489
real,00024875_000.png,24875,,cardiomegaly_1,-4.9996147,0.006695412,0.9668896
real,00017754_000.png,17754,,cardiomegaly_1,-2.4506493,0.079391085,0.7787497
real,00019868_002.png,19868,,cardiomegaly_1,-3.6716843,0.024802774,0.91033447
real,00025020_000.png,25020,,cardiomegaly_1,-4.800682,0.00815705,0.9628265
real,00002736_001.png,2736,,cardiomegaly_1,1.6292896,0.8360723,0.89538056
real,00017592_000.png,17592,,cardiomegaly_1,-4.8302116,0.007921578,0.96350557
real,00023012_004.png,23012,,cardiomegaly_1,-3.207758,0.03887482,0.8797724
real,00010152_001.png,10152,,cardiomegaly_1,-2.290617,0.091903046,0.797134
real,00002685_001.png,2685,,cardiomegaly_1,-3.186718,0.03966862,0.8714831
real,00027847_002.png,27847,,cardiomegaly_1,4.011585,0.98221725,0.98044777
real,00026957_000.png,26957,,cardiomegaly_1,-4.2569275,0.013967893,0.91581565
real,00014695_002.png,14695,,cardiomegaly_1,3.9850922,0.98174864,0.9781601
real,00029105_028.png,29105,,cardiomegaly_1,-2.90444,0.051934518,0.8320202
real,00008335_000.png,8335,,cardiomegaly_1,-4.4855328,0.011145265,0.9507285
real,00000246_018.png,246,,cardiomegaly_1,-4.0916367,0.016437164,0.92750484
real,00015177_000.png,15177,,cardiomegaly_1,-3.476595,0.029985562,0.86996216
real,00002831_000.png,2831,,cardiomegaly_1,-3.9056969,0.019729823,0.9194747
real,00024326_000.png,24326,,cardiomegaly_1,-5.2197113,0.0053797914,0.97424406
real,00005053_001.png,5053,,cardiomegaly_1,-4.695158,0.00905665,0.96068954
real,00003804_012.png,3804,,cardiomegaly_1,-3.910036,0.019646075,0.914656
real,00021970_005.png,21970,,cardiomegaly_1,-4.636015,0.009603146,0.95697176
real,00016484_027.png,16484,,cardiomegaly_1,8.096228,0.9996954,0.99716043
real,00010892_000.png,10892,,cardiomegaly_1,-3.9952908,0.018069576,0.9410307
real,00014145_000.png,14145,,cardiomegaly_1,-3.7535133,0.022898631,0.92760724
real,00027625_000.png,27625,,cardiomegaly_1,-4.880169,0.007538471,0.95508134
real,00025215_000.png,25215,,cardiomegaly_1,-1.0624237,0.25684655,0.7155666
real,00002355_005.png,2355,,cardiomegaly_1,-3.2248192,0.03824234,0.8664552
real,00011932_006.png,11932,,cardiomegaly_1,-4.557665,0.010377692,0.95376855
real,00014087_000.png,14087,,cardiomegaly_1,-4.6394997,0.00957006,0.9572387
real,00004899_000.png,4899,,cardiomegaly_1,-0.57268333,0.36061788,0.64475757
real,00001775_003.png,1775,,cardiomegaly_1,0.14431381,0.536016,0.7170105
real,00028598_000.png,28598,,cardiomegaly_1,-4.135809,0.015738077,0.92852485
real,00019815_000.png,19815,,cardiomegaly_1,-4.385004,0.012309427,0.95615697
real,00024789_001.png,24789,,cardiomegaly_1,-4.4908123,0.011087229,0.94966644
real,00005002_000.png,5002,,cardiomegaly_1,4.3766937,0.9875892,0.98057693
real,00003013_003.png,3013,,cardiomegaly_1,-3.9838428,0.018273823,0.9233401
real,00025438_000.png,25438,,cardiomegaly_1,-4.040863,0.017278496,0.93135536
real,00029382_000.png,29382,,cardiomegaly_1,-3.9996815,0.017991839,0.9224174
real,00015313_013.png,15313,,cardiomegaly_1,-1.8363934,0.13747841,0.69041175
real,00024474_000.png,24474,,cardiomegaly_1,-5.2106094,0.005428714,0.97083986
real,00006694_001.png,6694,,cardiomegaly_1,-1.8080425,0.14087486,0.8150055
real,00003576_000.png,3576,,cardiomegaly_1,-2.8056965,0.05701713,0.8624216
real,00013288_001.png,13288,,cardiomegaly_1,2.1497345,0.895644,0.8817346
real,00001727_000.png,1727,,cardiomegaly_1,-2.754053,0.059858155,0.83179736
real,00018844_000.png,18844,,cardiomegaly_1,4.776392,0.9916441,0.9880308
real,00013162_000.png,13162,,cardiomegaly_1,-4.9354496,0.007135941,0.9642323
real,00018345_000.png,18345,,cardiomegaly_1,-3.3502865,0.033885784,0.874083
real,00020341_000.png,20341,,cardiomegaly_1,-3.204443,0.038998865,0.858448
real,00003804_000.png,3804,,cardiomegaly_1,-4.5010414,0.010975632,0.93824387
real,00014809_010.png,14809,,cardiomegaly_1,-4.4024143,0.012099542,0.94498354
real,00029487_001.png,29487,,cardiomegaly_1,-5.1429005,0.0058068084,0.96412736
real,00029211_000.png,29211,,cardiomegaly_1,-4.7845,0.008289019,0.9641933
real,00004435_004.png,4435,,cardiomegaly_1,-4.221197,0.014468643,0.9452008
real,00008142_001.png,8142,,cardiomegaly_1,-4.2673607,0.013824927,0.94324833
real,00003499_004.png,3499,,cardiomegaly_1,-2.7708206,0.05892149,0.81108606
real,00019163_000.png,19163,,cardiomegaly_1,-5.031473,0.0064868312,0.96644217
real,00010120_020.png,10120,,cardiomegaly_1,-3.8782215,0.020268284,0.9061093
real,00002402_000.png,2402,,cardiomegaly_1,-0.15893364,0.46034998,0.6904359
real,00029025_004.png,29025,,cardiomegaly_1,-4.098297,0.01632983,0.9250645
real,00011598_020.png,11598,,cardiomegaly_1,-3.7009106,0.024105592,0.9037779
real,00012855_000.png,12855,,cardiomegaly_1,3.9071236,0.98029774,0.9773716
real,00030389_014.png,30389,,cardiomegaly_1,3.3110657,0.96480644,0.9683727
real,00024171_000.png,24171,,cardiomegaly_1,-4.947363,0.007052029,0.9632023
real,00007851_004.png,7851,,cardiomegaly_1,-3.925253,0.01935513,0.9319192
real,00011932_005.png,11932,,cardiomegaly_1,-4.049656,0.017129825,0.9184208
real,00027422_000.png,27422,,cardiomegaly_1,-4.8479767,0.0077831787,0.96476096
real,00013397_000.png,13397,,cardiomegaly_1,-3.4671745,0.030260785,0.881784
real,00000318_009.png,318,,cardiomegaly_1,-4.132698,0.01578634,0.93247026
real,00025924_005.png,25924,,cardiomegaly_1,-4.4207153,0.01188273,0.9442728
real,00001507_002.png,1507,,cardiomegaly_1,-4.218176,0.014511787,0.9533641
real,00007851_001.png,7851,,cardiomegaly_1,-4.0217705,0.017605692,0.9431702
real,00026354_000.png,26354,,cardiomegaly_1,-0.20828056,0.44811732,0.7159581
real,00018642_001.png,18642,,cardiomegaly_1,-3.8057575,0.021758385,0.92952466
real,00016245_000.png,16245,,cardiomegaly_1,-5.5896416,0.0037224584,0.9788041
real,00007340_004.png,7340,,cardiomegaly_1,-3.6497765,0.025338221,0.9240326
real,00000273_009.png,273,,cardiomegaly_1,-2.9476395,0.0498482,0.8440293
real,00017778_000.png,17778,,cardiomegaly_1,5.526613,0.99603635,0.9913763
real,00023339_000.png,23339,,cardiomegaly_1,-0.77249146,0.3159404,0.70698017
real,00006981_017.png,6981,,cardiomegaly_1,-4.8280888,0.007938279,0.9673288
real,00017013_001.png,17013,,cardiomegaly_1,-4.646845,0.009500688,0.9512801
real,00019574_000.png,19574,,cardiomegaly_1,1.2045975,0.76934165,0.8390426
real,00029200_001.png,29200,,cardiomegaly_1,-3.5257168,0.028589303,0.91353315
real,00012772_006.png,12772,,cardiomegaly_1,-5.1036015,0.006038148,0.96817034
real,00020624_013.png,20624,,cardiomegaly_1,-4.107313,0.016185634,0.92980754
real,00020060_004.png,20060,,cardiomegaly_1,-2.7578888,0.059642665,0.8589926
real,00017747_018.png,17747,,cardiomegaly_1,0.79019547,0.6878733,0.83560675
real,00000318_007.png,318,,cardiomegaly_1,-4.302387,0.013355424,0.9445795
real,00017930_002.png,17930,,cardiomegaly_1,-0.1498127,0.46261674,0.71439856
real,00021023_024.png,21023,,cardiomegaly_1,-4.0367565,0.017348362,0.92204624
real,00011929_000.png,11929,,cardiomegaly_1,-4.059723,0.016961155,0.92467934
real,00015142_000.png,15142,,cardiomegaly_1,3.136938,0.95839095,0.9566733
real,00001222_007.png,1222,,cardiomegaly_1,-5.186838,0.005558582,0.9682426
real,00007159_000.png,7159,,cardiomegaly_1,-2.7731686,0.058791433,0.8281406
real,00012669_000.png,12669,,cardiomegaly_1,-4.4937553,0.011055006,0.9570514
real,00027427_005.png,27427,,cardiomegaly_1,0.18861198,0.5470137,0.7510166
real,00016484_003.png,16484,,cardiomegaly_1,6.5769367,0.9986098,0.99540615
real,00001336_000.png,1336,,cardiomegaly_1,-4.912964,0.007297032,0.9689986
real,00028358_000.png,28358,,cardiomegaly_1,5.443882,0.99569595,0.9906125
real,00010015_000.png,10015,,cardiomegaly_1,-4.762972,0.008467874,0.95984846
real,00006002_000.png,6002,,cardiomegaly_1,-0.06899071,0.48275912,0.7716863
real,00000246_000.png,246,,cardiomegaly_1,-4.3503838,0.012737523,0.94883275
real,00013098_000.png,13098,,cardiomegaly_1,-4.9512253,0.0070250346,0.9638989
real,00018869_000.png,18869,,cardiomegaly_1,-4.643326,0.009533862,0.9491302
real,00025696_002.png,25696,,cardiomegaly_1,6.2728157,0.9981166,0.9950162
real,00001977_000.png,1977,,cardiomegaly_1,-4.426588,0.011813972,0.953981
real,00014335_000.png,14335,,cardiomegaly_1,-4.4844723,0.0111569585,0.95628184
real,00025924_001.png,25924,,cardiomegaly_1,-3.346304,0.034016404,0.90600896
real,00026180_000.png,26180,,cardiomegaly_1,-3.9301987,0.01926148,0.91506064
real,00022312_001.png,22312,,cardiomegaly_1,-5.3720703,0.004623034,0.96851563
real,00005768_005.png,5768,,cardiomegaly_1,-3.1461315,0.041243978,0.82533914
real,00019260_003.png,19260,,cardiomegaly_1,-4.7938023,0.008212901,0.97138834
real,00003548_002.png,3548,,cardiomegaly_1,-4.5224743,0.010745396,0.95142746
real,00010695_018.png,10695,,cardiomegaly_1,-3.069088,0.044400506,0.8874214
real,00029428_000.png,29428,,cardiomegaly_1,-4.909374,0.0073230797,0.9676579
real,00026292_006.png,26292,,cardiomegaly_1,-2.211586,0.09871487,0.730933
real,00004580_000.png,4580,,cardiomegaly_1,-4.2203846,0.014480235,0.93675107
real,00019554_000.png,19554,,cardiomegaly_1,-4.437784,0.011683975,0.94523937
real,00011139_001.png,11139,,cardiomegaly_1,1.6081352,0.83315235,0.8620398
real,00014126_000.png,14126,,cardiomegaly_1,-3.0124016,0.04686874,0.8814706
real,00009815_004.png,9815,,cardiomegaly_1,-3.9470901,0.01894497,0.9199562
real,00017747_060.png,17747,,cardiomegaly_1,-2.2543278,0.09497682,0.804817
real,00003464_001.png,3464,,cardiomegaly_1,-5.0309696,0.006490077,0.9687006
real,00024003_000.png,24003,,cardiomegaly_1,-3.5398293,0.028199969,0.8947875
real,00014171_001.png,14171,,cardiomegaly_1,0.2782917,0.5691273,0.8087218
real,00021983_000.png,21983,,cardiomegaly_1,-4.907963,0.0073333476,0.96116936
real,00006566_000.png,6566,,cardiomegaly_1,-1.0616798,0.25698856,0.65897983
real,00021562_001.png,21562,,cardiomegaly_1,-3.6397705,0.02558651,0.908902
real,00016698_001.png,16698,,cardiomegaly_1,-5.0592957,0.0063099624,0.96737164
real,00017747_021.png,17747,,cardiomegaly_1,0.9232063,0.71569496,0.83984596
real,00020458_003.png,20458,,cardiomegaly_1,1.3289185,0.7906617,0.8634504
real,00026833_000.png,26833,,cardiomegaly_1,-2.8623638,0.054045722,0.8287321
real,00002962_000.png,2962,,cardiomegaly_1,-4.3593483,0.012625283,0.9495318
real,00016865_000.png,16865,,cardiomegaly_1,-4.8216496,0.007989151,0.9581846
real,00008157_000.png,8157,,cardiomegaly_1,-2.9417496,0.0501279,0.863493
real,00005063_000.png,5063,,cardiomegaly_1,-4.310919,0.0132434685,0.9469934
real,00007424_001.png,7424,,cardiomegaly_1,-5.3862705,0.004558147,0.9743497
real,00010964_000.png,10964,,cardiomegaly_1,-4.7085495,0.008937253,0.954406
real,00023372_000.png,23372,,cardiomegaly_1,-3.8303852,0.021240313,0.9217688
real,00024386_000.png,24386,,cardiomegaly_1,-5.065159,0.006273305,0.968656
real,00010481_033.png,10481,,cardiomegaly_1,-2.5529823,0.07222638,0.8536369
real,00001222_003.png,1222,,cardiomegaly_1,-5.4065456,0.004467069,0.9725429
real,00001104_006.png,1104,,cardiomegaly_1,-0.9139919,0.28618366,0.7370747
real,00016568_006.png,16568,,cardiomegaly_1,-1.3841362,0.20034552,0.7647713
real,00017835_011.png,17835,,cardiomegaly_1,-1.9031181,0.12975596,0.730435
real,00006527_000.png,6527,,cardiomegaly_1,-4.477644,0.011232543,0.9570966
real,00001136_002.png,1136,,cardiomegaly_1,-3.9902039,0.018160056,0.9318435
real,00028457_000.png,28457,,cardiomegaly_1,-2.0744915,0.11160094,0.7055029
real,00009378_006.png,9378,,cardiomegaly_1,-4.912487,0.007300486,0.96386784
real,00021976_000.png,21976,,cardiomegaly_1,-2.4342556,0.08059755,0.84026635
real,00029569_000.png,29569,,cardiomegaly_1,-4.191494,0.014898356,0.9331472
real,00007082_000.png,7082,,cardiomegaly_1,-3.357996,0.0336343,0.8966362
real,00015795_000.png,15795,,cardiomegaly_1,-3.3037128,0.035444036,0.8710099
real,00018616_000.png,18616,,cardiomegaly_1,-0.6647568,0.3396719,0.7470159
real,00019345_000.png,19345,,cardiomegaly_1,-0.6563015,0.3415709,0.73453784
real,00007389_002.png,7389,,cardiomegaly_1,2.4844666,0.9230457,0.9440353
real,00017836_001.png,17836,,cardiomegaly_1,1.376545,0.7984355,0.8534861
real,00023372_003.png,23372,,cardiomegaly_1,-2.3723297,0.08530717,0.8092906
real,00009090_001.png,9090,,cardiomegaly_1,-1.4385738,0.19176629,0.75215065
real,00001222_000.png,1222,,cardiomegaly_1,-5.105715,0.006025478,0.963973
real,00030690_000.png,30690,,cardiomegaly_1,-5.4023438,0.0044857943,0.97405195
real,00025054_000.png,25054,,cardiomegaly_1,-5.0711517,0.0062360563,0.96600765
real,00007153_000.png,7153,,cardiomegaly_1,1.0383072,0.73852324,0.83905256
real,00012913_001.png,12913,,cardiomegaly_1,-4.780012,0.008325993,0.9553989
real,00022266_000.png,22266,,cardiomegaly_1,-5.0597153,0.0063073314,0.9684448
real,00027857_001.png,27857,,cardiomegaly_1,-5.2288074,0.005331338,0.96777695
real,00012178_004.png,12178,,cardiomegaly_1,-1.0617428,0.25697654,0.7086263
real,00029847_000.png,29847,,cardiomegaly_1,-4.409685,0.012012941,0.95996606
real,00006040_000.png,6040,,cardiomegaly_1,-4.9055576,0.007350877,0.9597126
real,00020359_000.png,20359,,cardiomegaly_1,-5.345375,0.004747515,0.9807422
real,00008802_004.png,8802,,cardiomegaly_1,7.4396744,0.9994129,0.99578154
real,00030783_000.png,30783,,cardiomegaly_1,-2.2057247,0.09923758,0.81316704
real,00001733_002.png,1733,,cardiomegaly_1,-4.268738,0.013806163,0.94535464
real,00026105_000.png,26105,,cardiomegaly_1,-4.8960037,0.0074209194,0.9623772
real,00022135_010.png,22135,,cardiomegaly_1,-4.887432,0.0074843243,0.96647596
real,00029487_000.png,29487,,cardiomegaly_1,-1.3920002,0.19908863,0.7331616
real,00016975_007.png,16975,,cardiomegaly_1,-1.9390259,0.12575491,0.7967248
real,00001122_001.png,1122,,cardiomegaly_1,6.1997547,0.9979742,0.99208885
real,00017465_001.png,17465,,cardiomegaly_1,-4.1818047,0.01504123,0.9252229
real,00021710_000.png,21710,,cardiomegaly_1,-3.5108376,0.029005436,0.8852999
real,00015347_000.png,15347,,cardiomegaly_1,-0.95775414,0.27732807,0.6707956
real,00013408_015.png,13408,,cardiomegaly_1,-1.1232281,0.245413,0.7504446
real,00000705_001.png,705,,cardiomegaly_1,-4.1544,0.015452675,0.9397354
real,00014809_020.png,14809,,cardiomegaly_1,-5.0240746,0.006534688,0.96355957
real,00008013_004.png,8013,,cardiomegaly_1,-2.3586082,0.08638397,0.83098346
real,00023156_007.png,23156,,cardiomegaly_1,3.3723907,0.9668305,0.9697989
real,00029885_000.png,29885,,cardiomegaly_1,-5.4711876,0.0041886154,0.98109585
real,00013723_001.png,13723,,cardiomegaly_1,-4.655388,0.009420631,0.9593071
real,00004493_000.png,4493,,cardiomegaly_1,-0.96266174,0.27634558,0.6991848
real,00007616_002.png,7616,,cardiomegaly_1,1.3967571,0.8016688,0.8670307
real,00018008_000.png,18008,,cardiomegaly_1,-4.5048294,0.010934589,0.9360115
real,00024125_000.png,24125,,cardiomegaly_1,2.263605,0.9058177,0.92002094
real,00012304_003.png,12304,,cardiomegaly_1,-1.4294491,0.19318454,0.744257
real,00004057_000.png,4057,,cardiomegaly_1,-3.533495,0.02837408,0.8936122
real,00013625_018.png,13625,,cardiomegaly_1,-3.5431328,0.028109577,0.887755
real,00021475_000.png,21475,,cardiomegaly_1,-3.929102,0.019282207,0.91468686
real,00020060_002.png,20060,,cardiomegaly_1,-3.0928898,0.043401502,0.8388322
real,00015009_004.png,15009,,cardiomegaly_1,-3.4029331,0.032203924,0.87825304
real,00003439_006.png,3439,,cardiomegaly_1,-4.4074535,0.012039456,0.94397753
real,00012585_007.png,12585,,cardiomegaly_1,-5.053192,0.0063483478,0.9695993
real,00005768_008.png,5768,,cardiomegaly_1,-4.0490494,0.01714004,0.920844
real,00028027_005.png,28027,,cardiomegaly_1,1.0066452,0.7323631,0.86197805
real,00019911_001.png,19911,,cardiomegaly_1,-3.357561,0.033648435,0.87719995
real,00029678_000.png,29678,,cardiomegaly_1,0.7113056,0.6706895,0.7379459
real,00002825_003.png,2825,,cardiomegaly_1,-5.17058,0.0056491788,0.96813595
real,00002383_001.png,2383,,cardiomegaly_1,5.68742,0.99662316,0.98796916
real,00003570_003.png,3570,,cardiomegaly_1,-4.5087605,0.010892156,0.96177346
real,00012975_006.png,12975,,cardiomegaly_1,-0.50611687,0.37610424,0.7412606
real,00002816_001.png,2816,,cardiomegaly_1,-5.005287,0.006657793,0.96829885
real,00007325_000.png,7325,,cardiomegaly_1,0.7861576,0.6870057,0.84493816
real,00013372_001.png,13372,,cardiomegaly_1,-3.516817,0.028837502,0.905322
real,00006574_000.png,6574,,cardiomegaly_1,-4.970482,0.006891974,0.9637734
real,00014295_001.png,14295,,cardiomegaly_1,-5.1117496,0.005989442,0.9678553
real,00006024_011.png,6024,,cardiomegaly_1,-3.9682636,0.01855542,0.92509836
real,00013489_000.png,13489,,cardiomegaly_1,-4.386362,0.012292926,0.93780154
real,00029870_000.png,29870,,cardiomegaly_1,-4.6141167,0.009813671,0.9478422
real,00023506_000.png,23506,,cardiomegaly_1,-4.70183,0.008996968,0.96224487
real,00000865_008.png,865,,cardiomegaly_1,-4.282913,0.013614482,0.9438196
real,00000877_033.png,877,,cardiomegaly_1,-4.686846,0.0091315545,0.9573366
real,00011726_000.png,11726,,cardiomegaly_1,-4.546116,0.010496973,0.94246006
real,00017785_000.png,17785,,cardiomegaly_1,-4.3063393,0.013303448,0.942582
real,00027829_000.png,27829,,cardiomegaly_1,-4.1093006,0.01615402,0.9204808
real,00000023_000.png,23,,cardiomegaly_1,-1.9963017,0.11959177,0.809915
real,00026299_000.png,26299,,cardiomegaly_1,-3.0459862,0.04539108,0.83559746
real,00019963_000.png,19963,,cardiomegaly_1,-4.5248394,0.010720285,0.95008737
real,00005579_001.png,5579,,cardiomegaly_1,-3.310501,0.03521269,0.8854728
real,00015338_011.png,15338,,cardiomegaly_1,-1.0495949,0.25930288,0.71917963
real,00009090_003.png,9090,,cardiomegaly_1,2.0271645,0.8836198,0.9031591
real,00010042_004.png,10042,,cardiomegaly_1,-3.8719654,0.020392887,0.9406502
real,00025527_001.png,25527,,cardiomegaly_1,-2.699833,0.062983215,0.8453407
real,00022827_000.png,22827,,cardiomegaly_1,-4.5794735,0.010156092,0.9492409
real,00021305_000.png,21305,,cardiomegaly_1,-4.527754,0.01068942,0.9413994
real,00004018_000.png,4018,,cardiomegaly_1,-5.0466137,0.0063899793,0.97105855
real,00014922_000.png,14922,,cardiomegaly_1,-5.0562706,0.0063289576,0.9650775
real,00002566_000.png,2566,,cardiomegaly_1,-0.037363052,0.49066034,0.7592112
real,00008136_000.png,8136,,cardiomegaly_1,-3.3845234,0.032782666,0.88985336
real,00008929_000.png,8929,,cardiomegaly_1,1.8221436,0.86082315,0.91876495
real,00000949_009.png,949,,cardiomegaly_1,-3.4776802,0.029954012,0.86886686
real,00028533_000.png,28533,,cardiomegaly_1,-3.0777512,0.044034388,0.8496937
real,00001170_044.png,1170,,cardiomegaly_1,-1.1496773,0.24054801,0.7759539
real,00010905_011.png,10905,,cardiomegaly_1,-4.430691,0.011766172,0.95386904
real,00000169_001.png,169,,cardiomegaly_1,-4.4250183,0.011832312,0.9392043
real,00000318_000.png,318,,cardiomegaly_1,-4.8682137,0.007628445,0.96661484
real,00022334_000.png,22334,,cardiomegaly_1,-4.6247387,0.009710989,0.95777714
real,00016195_000.png,16195,,cardiomegaly_1,6.167555,0.997908,0.9904977
real,00008698_000.png,8698,,cardiomegaly_1,8.069262,0.9996871,0.9965197
real,00015313_012.png,15313,,cardiomegaly_1,-4.1167736,0.016035678,0.9271513
real,00026815_003.png,26815,,cardiomegaly_1,-4.628153,0.009678211,0.9447229
real,00008386_001.png,8386,,cardiomegaly_1,-4.1201515,0.015982466,0.94166654
real,00028766_004.png,28766,,cardiomegaly_1,-0.2673607,0.43355516,0.711749
real,00006674_001.png,6674,,cardiomegaly_1,-1.9554901,0.123955935,0.79243726
real,00014719_002.png,14719,,cardiomegaly_1,-4.0312176,0.01744304,0.9332942
real,00003174_013.png,3174,,cardiomegaly_1,-5.0027256,0.0066747554,0.9701446
real,00005347_001.png,5347,,cardiomegaly_1,-4.601904,0.00993306,0.9534568
real,00024931_000.png,24931,,cardiomegaly_1,-4.9940033,0.0067328354,0.9632416
real,00010120_000.png,10120,,cardiomegaly_1,-3.5135155,0.028930109,0.87868726
real,00012653_001.png,12653,,cardiomegaly_1,-3.8590488,0.020652525,0.9192676
real,00015840_000.png,15840,,cardiomegaly_1,-5.0959835,0.006084041,0.9629728
real,00010713_001.png,10713,,cardiomegaly_1,1.7021637,0.84581715,0.90183944
real,00021344_000.png,21344,,cardiomegaly_1,0.10375595,0.52591574,0.7477591
real,00002073_001.png,2073,,cardiomegaly_1,0.8086796,0.691828,0.8603575
real,00026111_001.png,26111,,cardiomegaly_1,-4.0200424,0.017635604,0.93825877
real,00016484_023.png,16484,,cardiomegaly_1,5.168293,0.994338,0.9879502
real,00028566_000.png,28566,,cardiomegaly_1,-5.4781113,0.0041598356,0.9825732
real,00007931_000.png,7931,,cardiomegaly_1,-3.7283306,0.023468899,0.9315695
real,00003042_001.png,3042,,cardiomegaly_1,-4.420784,0.011881923,0.9552979
real,00011153_000.png,11153,,cardiomegaly_1,1.4180641,0.80503476,0.8349249
real,00021716_002.png,21716,,cardiomegaly_1,-2.117651,0.10739304,0.7716062
real,00025676_000.png,25676,,cardiomegaly_1,-4.3822784,0.0123426085,0.9501378
real,00006123_003.png,6123,,cardiomegaly_1,-5.276287,0.0050853803,0.9711488
real,00004773_001.png,4773,,cardiomegaly_1,-3.60668,0.026424598,0.89911926
real,00012797_000.png,12797,,cardiomegaly_1,-4.6316586,0.009644669,0.95427746
real,00016842_002.png,16842,,cardiomegaly_1,-5.3665867,0.0046483367,0.9737251
real,00011732_000.png,11732,,cardiomegaly_1,-4.92754,0.0071922014,0.9675698
real,00009777_000.png,9777,,cardiomegaly_1,-3.6477528,0.025388248,0.9069114
real,00024861_000.png,24861,,cardiomegaly_1,-4.742031,0.008645518,0.9455751
real,00029926_000.png,29926,,cardiomegaly_1,-4.126917,0.015876414,0.9368562
real,00010071_001.png,10071,,cardiomegaly_1,-3.3425255,0.03414078,0.87972885
real,00022788_004.png,22788,,cardiomegaly_1,-3.0592136,0.044821355,0.862248
real,00029648_000.png,29648,,cardiomegaly_1,-4.817774,0.008019925,0.9615397
real,00011910_009.png,11910,,cardiomegaly_1,-4.5879326,0.010071404,0.95054954
real,00021972_024.png,21972,,cardiomegaly_1,1.9759941,0.87825346,0.8926542
real,00016410_000.png,16410,,cardiomegaly_1,-5.2337685,0.005305094,0.98030376
real,00013181_003.png,13181,,cardiomegaly_1,-4.1640415,0.01530667,0.94447684
real,00005614_001.png,5614,,cardiomegaly_1,-4.8035946,0.00813352,0.95445794
real,00014110_000.png,14110,,cardiomegaly_1,1.6856709,0.84365404,0.88310844
real,00028148_015.png,28148,,cardiomegaly_1,-1.3808117,0.20087866,0.72694045
real,00013427_000.png,13427,,cardiomegaly_1,-4.9287663,0.0071834493,0.96001524
real,00016879_000.png,16879,,cardiomegaly_1,-4.6888275,0.0091136405,0.95438963
real,00013723_000.png,13723,,cardiomegaly_1,-4.540783,0.01055251,0.9667007
real,00000085_000.png,85,,cardiomegaly_1,-0.28453636,0.42934203,0.6953302
real,00026599_000.png,26599,,cardiomegaly_1,-5.0937138,0.0060977824,0.971916
real,00017729_001.png,17729,,cardiomegaly_1,-4.9596977,0.0069661797,0.96328056
real,00016255_000.png,16255,,cardiomegaly_1,-0.7136364,0.32879582,0.68484575
real,00020758_000.png,20758,,cardiomegaly_1,7.0388947,0.99912363,0.9955353
real,00030029_000.png,30029,,cardiomegaly_1,-5.3952637,0.004517523,0.97936773
real,00006098_006.png,6098,,cardiomegaly_1,-3.7473927,0.023035977,0.9313833
real,00023625_000.png,23625,,cardiomegaly_1,-5.1080246,0.0060116597,0.9714086
real,00009034_006.png,9034,,cardiomegaly_1,2.279087,0.9071301,0.92296016
real,00009061_000.png,9061,,cardiomegaly_1,-4.525032,0.010718241,0.94937396
real,00008359_000.png,8359,,cardiomegaly_1,-3.271452,0.036563646,0.8889775
real,00001170_004.png,1170,,cardiomegaly_1,-0.80163,0.30967695,0.7433071
real,00015087_011.png,15087,,cardiomegaly_1,-3.5166397,0.028842472,0.8856129
real,00005401_007.png,5401,,cardiomegaly_1,-2.4602299,0.078693666,0.7905324
real,00020631_001.png,20631,,cardiomegaly_1,-5.0792427,0.0061861146,0.9666526
real,00010984_003.png,10984,,cardiomegaly_1,-4.099123,0.01631657,0.93698806
real,00025075_005.png,25075,,cardiomegaly_1,-0.118722916,0.47035408,0.66509706
real,00018448_017.png,18448,,cardiomegaly_1,-5.1345444,0.005855249,0.9747844
real,00000341_000.png,341,,cardiomegaly_1,-3.5529366,0.027842974,0.8815653
real,00006955_000.png,6955,,cardiomegaly_1,-4.7851334,0.008283814,0.96421146
real,00002168_000.png,2168,,cardiomegaly_1,-5.2027206,0.005471474,0.97040105
real,00025483_000.png,25483,,cardiomegaly_1,2.3712502,0.9146085,0.9403458
real,00008562_000.png,8562,,cardiomegaly_1,-4.7846603,0.008287702,0.9677391
real,00028614_000.png,28614,,cardiomegaly_1,-4.808338,0.008095342,0.9620464
real,00005014_014.png,5014,,cardiomegaly_1,-0.049570084,0.48760998,0.66812515
real,00024583_000.png,24583,,cardiomegaly_1,-5.081585,0.0061717317,0.9706798
real,00026264_000.png,26264,,cardiomegaly_1,-3.9682732,0.018555246,0.91662097
real,00017111_006.png,17111,,cardiomegaly_1,-2.76116,0.059459466,0.8671651
real,00012074_000.png,12074,,cardiomegaly_1,-5.0825386,0.0061658854,0.9702547
real,00013303_000.png,13303,,cardiomegaly_1,-4.6709995,0.009276056,0.96325547
real,00005552_000.png,5552,,cardiomegaly_1,3.4682274,0.9697701,0.9743831
real,00016205_006.png,16205,,cardiomegaly_1,-2.1008282,0.109016344,0.7170181
real,00010481_029.png,10481,,cardiomegaly_1,-3.6637745,0.024994813,0.9148311
real,00022788_003.png,22788,,cardiomegaly_1,-2.6658707,0.065017544,0.84254384
real,00020802_000.png,20802,,cardiomegaly_1,-5.0245953,0.006531309,0.96768135
real,00023133_002.png,23133,,cardiomegaly_1,-3.3178463,0.034964003,0.88538945
real,00011770_008.png,11770,,cardiomegaly_1,-1.6272297,0.16421022,0.6889822
real,00029286_000.png,29286,,cardiomegaly_1,-4.6204185,0.009752624,0.95464706
real,00029203_000.png,29203,,cardiomegaly_1,2.5871105,0.93002737,0.94083196
real,00021424_004.png,21424,,cardiomegaly_1,-3.4761505,0.02999849,0.91406536
real,00021409_000.png,21409,,cardiomegaly_1,5.6681194,0.9965576,0.99249697
real,00011932_007.png,11932,,cardiomegaly_1,-4.4373302,0.011689219,0.9453048
real,00001713_000.png,1713,,cardiomegaly_1,2.906168,0.9481505,0.95581454
real,00012980_000.png,12980,,cardiomegaly_1,-2.4877129,0.07672405,0.83354163
real,00028229_000.png,28229,,cardiomegaly_1,-4.8923187,0.0074481117,0.9706655
real,00028282_000.png,28282,,cardiomegaly_1,-4.7563477,0.008523673,0.9618878
real,00013533_001.png,13533,,cardiomegaly_1,-4.2208843,0.014473105,0.9305169
real,00004318_000.png,4318,,cardiomegaly_1,-4.4097576,0.01201208,0.94680095
real,00001974_007.png,1974,,cardiomegaly_1,-1.9340553,0.12630239,0.73811173
real,00009699_000.png,9699,,cardiomegaly_1,4.007702,0.9821493,0.9798488
real,00014838_000.png,14838,,cardiomegaly_1,-4.2675,0.013823029,0.9396823
real,00012919_000.png,12919,,cardiomegaly_1,3.9794693,0.9816475,0.973687
real,00006526_000.png,6526,,cardiomegaly_1,-4.3609314,0.012605563,0.9545684
real,00008054_000.png,8054,,cardiomegaly_1,-4.5627537,0.01032556,0.9572998
real,00009652_000.png,9652,,cardiomegaly_1,4.695566,0.990947,0.9874584
real,00012585_002.png,12585,,cardiomegaly_1,-5.3427505,0.0047599324,0.9765913
real,00012086_000.png,12086,,cardiomegaly_1,-4.7890663,0.008251567,0.96070105
real,00025908_000.png,25908,,cardiomegaly_1,-4.1582966,0.015393501,0.93320996
real,00016842_000.png,16842,,cardiomegaly_1,-5.057249,0.0063228076,0.9713035
real,00008593_002.png,8593,,cardiomegaly_1,-3.6731148,0.024768194,0.9323066
real,00019857_001.png,19857,,cardiomegaly_1,-2.5323524,0.07362104,0.82192713
real,00017111_008.png,17111,,cardiomegaly_1,-2.08988,0.110084325,0.80501044
real,00021652_000.png,21652,,cardiomegaly_1,-5.3039017,0.004947556,0.9711224
real,00022883_016.png,22883,,cardiomegaly_1,2.6211357,0.93220943,0.95917517
real,00004378_001.png,4378,,cardiomegaly_1,-5.2106724,0.0054283743,0.97110486
real,00021705_000.png,21705,,cardiomegaly_1,-4.808214,0.008096337,0.9631992
real,00016769_000.png,16769,,cardiomegaly_1,4.2202244,0.98551744,0.97892034
real,00008806_009.png,8806,,cardiomegaly_1,1.3676186,0.7969951,0.81277376
real,00016789_006.png,16789,,cardiomegaly_1,-3.9264736,0.019331973,0.92235017
real,00018044_004.png,18044,,cardiomegaly_1,-2.5717201,0.07098079,0.8313037
real,00000463_000.png,463,,cardiomegaly_1,-3.470333,0.030168233,0.8748204
real,00012017_000.png,12017,,cardiomegaly_1,-5.3600197,0.0046788193,0.97180206
real,00009369_000.png,9369,,cardiomegaly_1,-4.707409,0.008947361,0.9512454
real,00001059_006.png,1059,,cardiomegaly_1,-3.5062256,0.029135613,0.8721371
real,00005532_033.png,5532,,cardiomegaly_1,5.0332584,0.9935247,0.986284
real,00009409_002.png,9409,,cardiomegaly_1,-4.9055576,0.007350877,0.96676105
real,00025432_000.png,25432,,cardiomegaly_1,-2.3802376,0.08469214,0.7710095
real,00014523_000.png,14523,,cardiomegaly_1,-4.72007,0.008835788,0.9628472
real,00027084_000.png,27084,,cardiomegaly_1,-4.9263496,0.0072007044,0.96679854
real,00007719_000.png,7719,,cardiomegaly_1,-4.4440994,0.011611275,0.9531795
real,00012585_014.png,12585,,cardiomegaly_1,-5.1009693,0.0060539655,0.97005963
real,00006791_002.png,6791,,cardiomegaly_1,-2.5920525,0.06965166,0.79106635
real,00016789_008.png,16789,,cardiomegaly_1,-4.700491,0.009008915,0.9627267
real,00018603_000.png,18603,,cardiomegaly_1,-3.0485153,0.045281615,0.86146295
real,00012400_000.png,12400,,cardiomegaly_1,-4.428053,0.011796883,0.94372356
real,00026299_001.png,26299,,cardiomegaly_1,-4.0585995,0.016979897,0.9204996
real,00000821_000.png,821,,cardiomegaly_1,-4.0388584,0.017312568,0.92248875
real,00003570_005.png,3570,,cardiomegaly_1,-4.9890003,0.0067663756,0.96081203
real,00012476_001.png,12476,,cardiomegaly_1,-5.172573,0.005637993,0.9698251
real,00023964_000.png,23964,,cardiomegaly_1,-4.0125675,0.017765572,0.9158559
real,00006002_003.png,6002,,cardiomegaly_1,-2.7016754,0.06287456,0.8018098
real,00008806_000.png,8806,,cardiomegaly_1,-2.7981014,0.057426862,0.7994232
real,00030149_000.png,30149,,cardiomegaly_1,-4.9518833,0.0070204465,0.96954644
real,00010936_001.png,10936,,cardiomegaly_1,-1.5352077,0.177233,0.72015476
real,00024948_000.png,24948,,cardiomegaly_1,-5.041176,0.0064245984,0.9700672
real,00029393_000.png,29393,,cardiomegaly_1,-1.85256,0.1355726,0.78063744
real,00023266_005.png,23266,,cardiomegaly_1,-0.8916855,0.29076213,0.7599775
real,00018284_023.png,18284,,cardiomegaly_1,-1.1086063,0.24813081,0.79403627
real,00006024_002.png,6024,,cardiomegaly_1,-2.3823986,0.08452477,0.80316406
real,00016724_002.png,16724,,cardiomegaly_1,-0.84069824,0.30138776,0.7918502
real,00009936_000.png,9936,,cardiomegaly_1,4.081362,0.98339593,0.9770125
real,00010682_000.png,10682,,cardiomegaly_1,-4.867546,0.0076335,0.95489305
real,00003785_006.png,3785,,cardiomegaly_1,-2.40448,0.08283171,0.79261535
real,00015938_000.png,15938,,cardiomegaly_1,-3.572813,0.027309984,0.90409625
real,00013952_006.png,13952,,cardiomegaly_1,-2.4255695,0.08124356,0.7418222
real,00014352_004.png,14352,,cardiomegaly_1,-4.302141,0.0133586675,0.9428635
real,00004547_000.png,4547,,cardiomegaly_1,-4.806843,0.008107359,0.96470493
real,00029140_000.png,29140,,cardiomegaly_1,-3.097084,0.043227695,0.84231144
real,00012625_012.png,12625,,cardiomegaly_1,-4.638199,0.009582398,0.9605388
real,00011987_000.png,11987,,cardiomegaly_1,-4.709446,0.008929317,0.96408343
real,00016388_000.png,16388,,cardiomegaly_1,-3.2921257,0.035842314,0.8982168
real,00021362_000.png,21362,,cardiomegaly_1,-3.24296,0.037580688,0.88677514
real,00002515_001.png,2515,,cardiomegaly_1,-3.6116753,0.02629639,0.9030482
real,00028465_001.png,28465,,cardiomegaly_1,-4.8402977,0.007842706,0.9566126
real,00025466_000.png,25466,,cardiomegaly_1,-4.2410088,0.014188844,0.9501363
real,00018822_000.png,18822,,cardiomegaly_1,-5.0952034,0.00608876,0.9648176
real,00010481_004.png,10481,,cardiomegaly_1,-3.5766525,0.02720818,0.9141216
real,00024245_000.png,24245,,cardiomegaly_1,-5.342705,0.0047601494,0.9767142
real,00022341_000.png,22341,,cardiomegaly_1,-5.319105,0.004873269,0.97151065
real,00008318_000.png,8318,,cardiomegaly_1,6.331505,0.99822384,0.9900789
real,00022532_000.png,22532,,cardiomegaly_1,-4.9266415,0.007198619,0.9733062
real,00018044_041.png,18044,,cardiomegaly_1,0.0940609,0.52349794,0.77307767
real,00001248_034.png,1248,,cardiomegaly_1,-1.0989113,0.24994396,0.7567604
real,00030001_000.png,30001,,cardiomegaly_1,-4.4953327,0.011037775,0.95305085
real,00016123_000.png,16123,,cardiomegaly_1,-4.3132267,0.013213344,0.9458893
real,00001075_044.png,1075,,cardiomegaly_1,5.4408817,0.9956831,0.99082255
real,00022155_017.png,22155,,cardiomegaly_1,0.105196,0.5262748,0.71922755
real,00020312_030.png,20312,,cardiomegaly_1,-4.5988674,0.009962968,0.94757295
real,00003362_002.png,3362,,cardiomegaly_1,-2.823532,0.05606571,0.8729313
real,00020572_001.png,20572,,cardiomegaly_1,-4.743826,0.008630149,0.95911044
real,00009138_022.png,9138,,cardiomegaly_1,3.0575428,0.9551071,0.9681174
real,00007131_006.png,7131,,cardiomegaly_1,-4.354597,0.012684648,0.93645793
real,00012329_001.png,12329,,cardiomegaly_1,-4.691843,0.00908645,0.9597293
real,00008185_000.png,8185,,cardiomegaly_1,4.36191,0.9874067,0.985792
real,00018547_000.png,18547,,cardiomegaly_1,-5.1422462,0.0058105863,0.96917164
real,00029423_000.png,29423,,cardiomegaly_1,-0.6250324,0.34863776,0.7980775
real,00017326_001.png,17326,,cardiomegaly_1,-5.078451,0.006190983,0.975484
real,00014307_001.png,14307,,cardiomegaly_1,-4.4974537,0.011014645,0.9426781
real,00006674_000.png,6674,,cardiomegaly_1,-4.5727386,0.010224021,0.95905966
real,00018044_003.png,18044,,cardiomegaly_1,-3.2365818,0.037812058,0.88861215
real,00019406_000.png,19406,,cardiomegaly_1,-2.9512062,0.049679536,0.87738466
real,00003896_004.png,3896,,cardiomegaly_1,-3.095522,0.043292347,0.8831012
real,00011932_003.png,11932,,cardiomegaly_1,-1.348381,0.20613517,0.70913696
real,00019317_000.png,19317,,cardiomegaly_1,-5.0788956,0.0061882487,0.96574724
real,00002139_000.png,2139,,cardiomegaly_1,-3.5059757,0.02914268,0.89151454
real,00013678_003.png,13678,,cardiomegaly_1,-3.4126625,0.031902064,0.87059057
real,00016512_001.png,16512,,cardiomegaly_1,-4.466591,0.011355969,0.94554645
real,00008502_000.png,8502,,cardiomegaly_1,-5.2482414,0.0052292654,0.97418255
real,00014294_003.png,14294,,cardiomegaly_1,-1.9806976,0.1212445,0.76820844
real,00018011_000.png,18011,,cardiomegaly_1,-2.0357437,0.11550084,0.7385242
real,00001203_002.png,1203,,cardiomegaly_1,-4.778288,0.008340241,0.95573825
real,00005250_001.png,5250,,cardiomegaly_1,-4.179577,0.01507427,0.9357528
real,00028042_000.png,28042,,cardiomegaly_1,-4.4150677,0.011949224,0.943995
real,00017330_000.png,17330,,cardiomegaly_1,-3.039484,0.045673653,0.8851129
real,00010936_003.png,10936,,cardiomegaly_1,0.23976898,0.5596567,0.7636252
real,00011380_022.png,11380,,cardiomegaly_1,-3.1200142,0.042289197,0.86834544
real,00009105_003.png,9105,,cardiomegaly_1,-4.5586014,0.010368078,0.94712913
real,00006012_000.png,6012,,cardiomegaly_1,-4.499382,0.0109936595,0.94905895
real,00006040_005.png,6040,,cardiomegaly_1,-3.4116077,0.031934656,0.9043268
real,00011279_000.png,11279,,cardiomegaly_1,-2.1230698,0.1068747,0.82558525
real,00016485_000.png,16485,,cardiomegaly_1,-0.11239052,0.47193193,0.6903885
real,00003094_003.png,3094,,cardiomegaly_1,-1.8526382,0.13556343,0.7678886
real,00020699_001.png,20699,,cardiomegaly_1,-0.25963974,0.43545225,0.7497507
real,00001213_003.png,1213,,cardiomegaly_1,-4.882492,0.0075211097,0.96667135
real,00028764_000.png,28764,,cardiomegaly_1,-5.2973156,0.004980086,0.9776996
real,00005501_000.png,5501,,cardiomegaly_1,-5.2457523,0.00524223,0.9717507
real,00012051_004.png,12051,,cardiomegaly_1,-4.2292843,0.014353778,0.9135169
real,00023621_000.png,23621,,cardiomegaly_1,-4.226925,0.014387197,0.9476396
real,00001174_000.png,1174,,cardiomegaly_1,-5.2550354,0.0051940423,0.9732557
real,00012536_001.png,12536,,cardiomegaly_1,-0.96767807,0.27534357,0.70812327
real,00004490_005.png,4490,,cardiomegaly_1,-4.518753,0.010785026,0.9538558
real,00014462_001.png,14462,,cardiomegaly_1,-3.127388,0.041991554,0.8547463
real,00007623_002.png,7623,,cardiomegaly_1,-4.8399506,0.007845407,0.96349645
real,00015449_000.png,15449,,cardiomegaly_1,-2.4876728,0.07672689,0.80997884
real,00002585_001.png,2585,,cardiomegaly_1,-0.9241619,0.28411064,0.76184493
real,00001292_000.png,1292,,cardiomegaly_1,-4.320595,0.013117615,0.93539953
real,00007313_002.png,7313,,cardiomegaly_1,-3.7666721,0.02260605,0.92138827
real,00024273_000.png,24273,,cardiomegaly_1,-5.2375984,0.005284922,0.97171086
real,00008728_000.png,8728,,cardiomegaly_1,-2.7015553,0.06288165,0.7976739
real,00025832_003.png,25832,,cardiomegaly_1,-2.9120522,0.051560987,0.8456716
real,00010453_000.png,10453,,cardiomegaly_1,-4.967722,0.0069108903,0.9674382
real,00004589_000.png,4589,,cardiomegaly_1,-4.278326,0.0136762215,0.938576
real,00021375_007.png,21375,,cardiomegaly_1,-4.7617683,0.008477985,0.96805423
real,00007019_001.png,7019,,cardiomegaly_1,-5.2309475,0.005320002,0.97118217
real,00011910_003.png,11910,,cardiomegaly_1,-3.5593548,0.027669778,0.8929971
real,00015056_005.png,15056,,cardiomegaly_1,-2.2638397,0.09416234,0.7966276
real,00028766_002.png,28766,,cardiomegaly_1,-2.908331,0.05174327,0.82459563
real,00017020_000.png,17020,,cardiomegaly_1,-3.6845398,0.02449372,0.8703781
real,00016939_000.png,16939,,cardiomegaly_1,-4.632103,0.009640424,0.9551316
real,00015795_003.png,15795,,cardiomegaly_1,-3.6177044,0.026142456,0.9055557
real,00006024_006.png,6024,,cardiomegaly_1,-2.515503,0.07477849,0.81586295
real,00016191_019.png,16191,,cardiomegaly_1,-3.119112,0.042325754,0.87747455
real,00017747_061.png,17747,,cardiomegaly_1,-1.6357479,0.16304448,0.8557956
real,00010246_000.png,10246,,cardiomegaly_1,0.66072655,0.6594236,0.77863497
real,00004943_000.png,4943,,cardiomegaly_1,-1.0030613,0.26833996,0.69810313
real,00021288_000.png,21288,,cardiomegaly_1,-4.296438,0.013434042,0.9365819
real,00025046_000.png,25046,,cardiomegaly_1,-5.1085796,0.006008344,0.97116196
real,00015338_003.png,15338,,cardiomegaly_1,-4.131996,0.015797248,0.9372005
real,00014504_000.png,14504,,cardiomegaly_1,-3.2838879,0.036128085,0.88284504
real,00014281_000.png,14281,,cardiomegaly_1,-4.836891,0.007869258,0.96017283
real,00006098_007.png,6098,,cardiomegaly_1,-4.959877,0.0069649396,0.9529668
real,00004695_000.png,4695,,cardiomegaly_1,-2.4491043,0.07950407,0.7707587
real,00027153_001.png,27153,,cardiomegaly_1,-3.0536003,0.045062292,0.8324008
real,00028027_002.png,28027,,cardiomegaly_1,1.5381451,0.8231949,0.8715171
real,00004834_000.png,4834,,cardiomegaly_1,-4.938324,0.007115605,0.96701825
real,00006002_001.png,6002,,cardiomegaly_1,-3.1994648,0.039185867,0.8452069
real,00002825_001.png,2825,,cardiomegaly_1,-3.7230892,0.023589319,0.89373523
real,00021569_000.png,21569,,cardiomegaly_1,-5.2684383,0.0051252455,0.9777338
real,00013138_002.png,13138,,cardiomegaly_1,-4.3909016,0.0122379325,0.94911265
real,00014029_000.png,14029,,cardiomegaly_1,-4.9360046,0.0071320105,0.970874
real,00021614_001.png,21614,,cardiomegaly_1,-4.7323284,0.008729075,0.95538867
real,00014045_000.png,14045,,cardiomegaly_1,-2.1406212,0.105210885,0.79218334
real,00006202_000.png,6202,,cardiomegaly_1,6.9809093,0.99907136,0.9954507
real,00020060_007.png,20060,,cardiomegaly_1,0.96380615,0.7238832,0.8450857
real,00001587_000.png,1587,,cardiomegaly_1,-4.060955,0.016940624,0.91836876
real,00020674_000.png,20674,,cardiomegaly_1,-5.2390747,0.005277167,0.97382855
real,00022763_000.png,22763,,cardiomegaly_1,-1.5907364,0.1692803,0.7821618
real,00025832_004.png,25832,,cardiomegaly_1,-3.3724327,0.033168208,0.8858334
real,00000877_007.png,877,,cardiomegaly_1,-4.0312424,0.017442616,0.92101526
real,00008733_000.png,8733,,cardiomegaly_1,-4.3491993,0.012752426,0.9445334
real,00005903_000.png,5903,,cardiomegaly_1,-2.0779705,0.11125648,0.7870544
real,00030781_000.png,30781,,cardiomegaly_1,5.030241,0.99350524,0.9855506
real,00026409_000.png,26409,,cardiomegaly_1,-3.5536518,0.027823623,0.88576996
real,00000872_000.png,872,,cardiomegaly_1,-4.5187874,0.010784659,0.94086546
real,00015597_000.png,15597,,cardiomegaly_1,-3.5845642,0.026999552,0.8838028
real,00005395_001.png,5395,,cardiomegaly_1,0.80524063,0.6910944,0.79676324
real,00008081_019.png,8081,,cardiomegaly_1,0.62146187,0.65055096,0.82322115
real,00001733_001.png,1733,,cardiomegaly_1,-4.9093895,0.0073229684,0.9604846
real,00020642_006.png,20642,,cardiomegaly_1,-4.8303604,0.00792041,0.9590563
real,00008489_015.png,8489,,cardiomegaly_1,-3.1468277,0.041216455,0.8732326
real,00019575_000.png,19575,,cardiomegaly_1,5.28854,0.9949763,0.9853846
real,00008342_023.png,8342,,cardiomegaly_1,-1.9154949,0.12836477,0.7114346
real,00024797_000.png,24797,,cardiomegaly_1,-5.086529,0.006141482,0.97166675
real,00008779_000.png,8779,,cardiomegaly_1,-3.491787,0.02954682,0.8703583
real,00003812_002.png,3812,,cardiomegaly_1,-4.6622467,0.00935684,0.96079266
real,00019544_000.png,19544,,cardiomegaly_1,-5.3631535,0.004664248,0.97360814
real,00003804_001.png,3804,,cardiomegaly_1,-4.641201,0.0095539475,0.9523742
real,00004909_005.png,4909,,cardiomegaly_1,1.808157,0.85913897,0.90452766
real,00029543_002.png,29543,,cardiomegaly_1,2.102293,0.89112586,0.91569537
real,00022582_001.png,22582,,cardiomegaly_1,-5.0219135,0.0065487325,0.9614925
real,00000463_001.png,463,,cardiomegaly_1,-2.450014,0.07943752,0.79950297
real,00000796_004.png,796,,cardiomegaly_1,2.8677464,0.9462288,0.96163607
real,00022155_012.png,22155,,cardiomegaly_1,1.3639812,0.796406,0.85717094
real,00012304_002.png,12304,,cardiomegaly_1,-1.9563274,0.12386505,0.7510348
real,00003570_001.png,3570,,cardiomegaly_1,-4.2196846,0.014490227,0.9300401
real,00015449_002.png,15449,,cardiomegaly_1,-3.753107,0.02290772,0.92389965
real,00023776_000.png,23776,,cardiomegaly_1,-4.2568474,0.013968998,0.9407515
real,00001606_004.png,1606,,cardiomegaly_1,-3.4971733,0.029392766,0.8933408
real,00026795_000.png,26795,,cardiomegaly_1,-4.4454803,0.011595438,0.94443744
real,00030805_000.png,30805,,cardiomegaly_1,-4.1671715,0.015259567,0.93693966
real,00017747_023.png,17747,,cardiomegaly_1,-0.4242611,0.3954976,0.78630304
real,00010348_001.png,10348,,cardiomegaly_1,-4.816553,0.008029643,0.9617596
real,00016929_001.png,16929,,cardiomegaly_1,4.253563,0.98598564,0.9789166
real,00002120_001.png,2120,,cardiomegaly_1,-2.1810207,0.101467825,0.74558294
real,00011598_028.png,11598,,cardiomegaly_1,-2.3278713,0.08884083,0.8013812
real,00003064_010.png,3064,,cardiomegaly_1,-2.9603004,0.049251936,0.8435888
real,00014076_000.png,14076,,cardiomegaly_1,-5.2215443,0.005369993,0.97274476
real,00001059_005.png,1059,,cardiomegaly_1,-2.225998,0.097440034,0.7531297
real,00015977_000.png,15977,,cardiomegaly_1,-5.2144566,0.0054079816,0.97408557
real,00010135_000.png,10135,,cardiomegaly_1,1.5488243,0.8247438,0.8716209
real,00014025_000.png,14025,,cardiomegaly_1,-4.0602913,0.01695168,0.9408691
real,00005587_000.png,5587,,cardiomegaly_1,-4.77421,0.008374036,0.9686776
real,00011764_007.png,11764,,cardiomegaly_1,3.7022457,0.97592574,0.9722072
real,00028256_000.png,28256,,cardiomegaly_1,-5.059149,0.0063108834,0.96830475
real,00010131_001.png,10131,,cardiomegaly_1,-4.659693,0.009380543,0.95344585
real,00008184_003.png,8184,,cardiomegaly_1,-4.1562366,0.015424754,0.9433755
real,00003916_000.png,3916,,cardiomegaly_1,2.4984322,0.92403185,0.9171717
real,00000273_004.png,273,,cardiomegaly_1,2.0961075,0.8905243,0.8918478
real,00023343_000.png,23343,,cardiomegaly_1,-3.9327717,0.019212933,0.9250107
real,00001292_001.png,1292,,cardiomegaly_1,-1.5960121,0.16853972,0.6619298
real,00001470_002.png,1470,,cardiomegaly_1,-1.8512669,0.13572422,0.81866777
real,00017545_000.png,17545,,cardiomegaly_1,-4.1165504,0.016039198,0.93169993
real,00013441_000.png,13441,,cardiomegaly_1,-4.1065044,0.016198518,0.92418826
real,00010920_004.png,10920,,cardiomegaly_1,-5.209717,0.0054335357,0.9668648
real,00007313_001.png,7313,,cardiomegaly_1,-4.4674683,0.011346123,0.96030957
real,00000304_001.png,304,,cardiomegaly_1,1.7282944,0.8491941,0.9133068
real,00010481_031.png,10481,,cardiomegaly_1,-4.1881256,0.014947872,0.9449447
real,00022155_024.png,22155,,cardiomegaly_1,-3.82028,0.02145141,0.8918811
real,00011603_000.png,11603,,cardiomegaly_1,-4.9465847,0.00705748,0.9630855
real,00001230_001.png,1230,,cardiomegaly_1,-4.8856144,0.0074978387,0.9579613
real,00017824_001.png,17824,,cardiomegaly_1,-4.16753,0.015254178,0.9204638
real,00028706_000.png,28706,,cardiomegaly_1,-1.5066757,0.18143196,0.74334043
real,00012989_001.png,12989,,cardiomegaly_1,-3.4742641,0.030053431,0.8850929
real,00029493_000.png,29493,,cardiomegaly_1,-5.406143,0.004468859,0.97609085
real,00005579_000.png,5579,,cardiomegaly_1,-3.548748,0.027956575,0.8725646
real,00015795_004.png,15795,,cardiomegaly_1,-2.7681122,0.059071854,0.80691886
real,00000262_000.png,262,,cardiomegaly_1,-4.71451,0.008884614,0.96369374
real,00019413_000.png,19413,,cardiomegaly_1,-2.8554707,0.054399215,0.84495777
real,00008147_000.png,8147,,cardiomegaly_1,-4.970646,0.0068908515,0.96794677
real,00012951_000.png,12951,,cardiomegaly_1,-1.903904,0.12966727,0.73271096
real,00024613_000.png,24613,,cardiomegaly_1,-5.524578,0.0039717136,0.9740288
real,00003577_000.png,3577,,cardiomegaly_1,-4.5650597,0.010302022,0.9498737
real,00014352_007.png,14352,,cardiomegaly_1,-0.5818939,0.3584969,0.5994443
real,00016509_000.png,16509,,cardiomegaly_1,-2.0686836,0.11217807,0.79639083
real,00010696_000.png,10696,,cardiomegaly_1,-4.794262,0.008209157,0.9592561
real,00013591_000.png,13591,,cardiomegaly_1,-4.797432,0.008183389,0.96371394
real,00027305_000.png,27305,,cardiomegaly_1,-4.1014366,0.016279476,0.9406987
real,00018488_002.png,18488,,cardiomegaly_1,-1.4236336,0.19409259,0.7884179
real,00012626_005.png,12626,,cardiomegaly_1,-4.119562,0.015991736,0.93417263
real,00023423_000.png,23423,,cardiomegaly_1,-5.1497135,0.0057676076,0.9740145
real,00010481_040.png,10481,,cardiomegaly_1,-4.7204742,0.008832248,0.95623744
real,00015111_000.png,15111,,cardiomegaly_1,-4.069504,0.016798843,0.9311316
real,00023085_009.png,23085,,cardiomegaly_1,-1.3071632,0.21296193,0.7487945
real,00011328_000.png,11328,,cardiomegaly_1,-4.4137287,0.011965043,0.9392006
real,00028475_000.png,28475,,cardiomegaly_1,-3.0308285,0.046052415,0.8294711
real,00022677_005.png,22677,,cardiomegaly_1,3.1457958,0.95874274,0.9424732
real,00003464_000.png,3464,,cardiomegaly_1,-4.9198704,0.0072471728,0.96975726
real,00010295_000.png,10295,,cardiomegaly_1,-4.812769,0.008059842,0.96056
real,00022527_000.png,22527,,cardiomegaly_1,-4.681591,0.009179223,0.9577434
real,00013970_009.png,13970,,cardiomegaly_1,-3.6442242,0.025475707,0.91316813
real,00001203_003.png,1203,,cardiomegaly_1,-5.124243,0.0059155202,0.9688918
real,00015228_000.png,15228,,cardiomegaly_1,2.9337597,0.9494903,0.95413303
real,00001136_001.png,1136,,cardiomegaly_1,2.3612385,0.91382337,0.9287073
real,00006040_009.png,6040,,cardiomegaly_1,-4.246624,0.014110514,0.93802756
real,00008441_000.png,8441,,cardiomegaly_1,-4.65147,0.009457261,0.9584189
real,00015740_000.png,15740,,cardiomegaly_1,-2.8572598,0.054307267,0.8235752
real,00007109_011.png,7109,,cardiomegaly_1,-2.3717232,0.08535452,0.82231545
real,00019496_000.png,19496,,cardiomegaly_1,-5.1872864,0.005556105,0.9702986
real,00022882_000.png,22882,,cardiomegaly_1,-5.208002,0.0054428102,0.97389925
real,00022500_000.png,22500,,cardiomegaly_1,-3.1901188,0.03953927,0.8726369
real,00011380_008.png,11380,,cardiomegaly_1,-3.0544968,0.045023732,0.8530882
real,00000386_000.png,386,,cardiomegaly_1,-4.502741,0.0109572,0.94747615
real,00022196_002.png,22196,,cardiomegaly_1,-3.4691238,0.030203637,0.8957749
real,00018597_002.png,18597,,cardiomegaly_1,-3.9477844,0.018932069,0.92084986
real,00013969_008.png,13969,,cardiomegaly_1,-4.9243984,0.007214667,0.96019614
real,00029579_007.png,29579,,cardiomegaly_1,0.08209419,0.52051204,0.7348362
real,00020485_005.png,20485,,cardiomegaly_1,-3.5638847,0.02754816,0.91311723
real,00005002_001.png,5002,,cardiomegaly_1,5.266033,0.9948625,0.9887281
real,00028053_000.png,28053,,cardiomegaly_1,-5.1995754,0.005488616,0.96968937
real,00000417_003.png,417,,cardiomegaly_1,-1.064703,0.25641173,0.74759984
real,00016439_000.png,16439,,cardiomegaly_1,-5.309664,0.0049192696,0.9734652
real,00020531_000.png,20531,,cardiomegaly_1,-3.9622421,0.018665398,0.9214265
real,00015435_001.png,15435,,cardiomegaly_1,-0.27545738,0.43156782,0.7459961
real,00002595_001.png,2595,,cardiomegaly_1,-4.363596,0.01257244,0.935434
real,00016512_000.png,16512,,cardiomegaly_1,-5.2847977,0.0050425017,0.9738658
real,00021023_004.png,21023,,cardiomegaly_1,2.36454,0.91408306,0.9332433
real,00009273_002.png,9273,,cardiomegaly_1,-0.88601875,0.2919321,0.8010655
real,00002292_001.png,2292,,cardiomegaly_1,-5.0318737,0.00648425,0.96130764
real,00000757_000.png,757,,cardiomegaly_1,-3.6434002,0.02549617,0.9152158
real,00006711_000.png,6711,,cardiomegaly_1,2.1361122,0.8943639,0.9274093
real,00016261_001.png,16261,,cardiomegaly_1,2.9116669,0.9484202,0.95133007
real,00002816_003.png,2816,,cardiomegaly_1,-4.784893,0.008285789,0.9668624
real,00009378_002.png,9378,,cardiomegaly_1,-4.742529,0.008641253,0.9587299
real,00023266_004.png,23266,,cardiomegaly_1,-4.567255,0.010279662,0.95270735
real,00003094_004.png,3094,,cardiomegaly_1,-1.0103054,0.2669201,0.7368751
real,00026807_000.png,26807,,cardiomegaly_1,-5.5071373,0.004041308,0.97984505
real,00012086_001.png,12086,,cardiomegaly_1,-3.9897919,0.018167404,0.91738963
real,00003917_000.png,3917,,cardiomegaly_1,-3.8914814,0.020006644,0.9072725
real,00010445_003.png,10445,,cardiomegaly_1,-4.831131,0.007914357,0.95322853
real,00016184_001.png,16184,,cardiomegaly_1,-2.3295116,0.08870813,0.7927095
real,00011598_017.png,11598,,cardiomegaly_1,-2.5715656,0.07099098,0.819783
real,00025290_002.png,25290,,cardiomegaly_1,1.2465343,0.77669936,0.87980944
real,00012363_004.png,12363,,cardiomegaly_1,-4.8230305,0.007978214,0.96772045
real,00011813_000.png,11813,,cardiomegaly_1,-4.893196,0.0074416283,0.963323
real,00010732_000.png,10732,,cardiomegaly_1,-4.539242,0.010568614,0.95472044
real,00026927_000.png,26927,,cardiomegaly_1,-1.641079,0.1623183,0.7326067
real,00017786_013.png,17786,,cardiomegaly_1,-4.3452396,0.012802373,0.9449189
real,00018642_000.png,18642,,cardiomegaly_1,-2.4217873,0.081526324,0.7850126
real,00009668_000.png,9668,,cardiomegaly_1,-4.854061,0.0077363327,0.9621223
real,00005245_000.png,5245,,cardiomegaly_1,-4.8030624,0.008137816,0.9577754
real,00010120_004.png,10120,,cardiomegaly_1,-4.722126,0.008817799,0.96441954
real,00007018_005.png,7018,,cardiomegaly_1,-5.3729725,0.004618884,0.97615236
real,00030385_000.png,30385,,cardiomegaly_1,-5.1698837,0.005653091,0.9707806
real,00021631_001.png,21631,,cardiomegaly_1,-4.762621,0.008470821,0.9668716
real,00005443_000.png,5443,,cardiomegaly_1,-3.5080261,0.029084725,0.8953136
real,00003439_007.png,3439,,cardiomegaly_1,-4.0255585,0.017540297,0.9257444
real,00021114_001.png,21114,,cardiomegaly_1,-0.8040714,0.3091553,0.74702466
real,00006135_000.png,6135,,cardiomegaly_1,6.589266,0.9986268,0.99494624
real,00006123_001.png,6123,,cardiomegaly_1,-5.176058,0.0056184907,0.9727996
real,00004926_000.png,4926,,cardiomegaly_1,4.501997,0.9890348,0.98249763
real,00019435_003.png,19435,,cardiomegaly_1,-5.2712383,0.005110989,0.97058
real,00019535_002.png,19535,,cardiomegaly_1,-3.8334904,0.021175856,0.9098872
real,00008342_001.png,8342,,cardiomegaly_1,5.777832,0.99691415,0.98959225
real,00014843_000.png,14843,,cardiomegaly_1,-0.47506523,0.38341808,0.7331094
real,00002492_010.png,2492,,cardiomegaly_1,-4.227768,0.014375248,0.937257
real,00020716_002.png,20716,,cardiomegaly_1,-0.5073471,0.37581563,0.7201814
real,00027353_000.png,27353,,cardiomegaly_1,-4.7704487,0.008405328,0.9546139
real,00013969_007.png,13969,,cardiomegaly_1,-4.700474,0.009009067,0.9587014
real,00010489_000.png,10489,,cardiomegaly_1,-3.131361,0.04183202,0.86557275
real,00018011_009.png,18011,,cardiomegaly_1,-0.001209259,0.4996977,0.703586
real,00016518_000.png,16518,,cardiomegaly_1,-4.415165,0.011948076,0.9513781
real,00013214_001.png,13214,,cardiomegaly_1,-4.77223,0.008390493,0.95958793
real,00007792_000.png,7792,,cardiomegaly_1,-4.348139,0.012765784,0.9415083
real,00012949_001.png,12949,,cardiomegaly_1,-5.0026436,0.006675299,0.96230346
real,00028570_000.png,28570,,cardiomegaly_1,-4.7200146,0.008836272,0.96856034
real,00003628_000.png,3628,,cardiomegaly_1,-3.5074635,0.029100617,0.9048306
real,00026658_002.png,26658,,cardiomegaly_1,-4.0899925,0.016463766,0.933513
real,00006490_000.png,6490,,cardiomegaly_1,-3.2663345,0.036744345,0.8848095
real,00012178_002.png,12178,,cardiomegaly_1,1.1387196,0.75744444,0.8447591
real,00018037_019.png,18037,,cardiomegaly_1,-3.5787334,0.027153155,0.87909067
real,00013360_000.png,13360,,cardiomegaly_1,-3.6547527,0.025215616,0.8857303
real,00003640_000.png,3640,,cardiomegaly_1,-5.000574,0.006689036,0.9642747
real,00016568_001.png,16568,,cardiomegaly_1,-2.035305,0.11554567,0.78969204
real,00015475_000.png,15475,,cardiomegaly_1,-5.135071,0.005852185,0.968254
real,00029314_000.png,29314,,cardiomegaly_1,-5.5654087,0.003813418,0.9793638
real,00018011_019.png,18011,,cardiomegaly_1,-3.5380669,0.028248303,0.9043783
real,00009709_007.png,9709,,cardiomegaly_1,-4.0469246,0.017175872,0.9245147
real,00002686_000.png,2686,,cardiomegaly_1,2.070778,0.88803035,0.93343836
real,00025453_000.png,25453,,cardiomegaly_1,-3.9626045,0.01865876,0.9038118
real,00019716_003.png,19716,,cardiomegaly_1,6.66613,0.99872833,0.9928137
real,00003792_001.png,3792,,cardiomegaly_1,-0.6526985,0.3423817,0.7011515
real,00008184_002.png,8184,,cardiomegaly_1,-4.0298595,0.01746633,0.9318014
real,00000869_006.png,869,,cardiomegaly_1,-4.035965,0.01736186,0.93185735
real,00022574_001.png,22574,,cardiomegaly_1,-2.9432335,0.050057292,0.8277187
real,00030139_000.png,30139,,cardiomegaly_1,-3.6699867,0.024843866,0.8872871
real,00010131_005.png,10131,,cardiomegaly_1,-4.2860794,0.013572029,0.9406872
real,00018016_005.png,18016,,cardiomegaly_1,-3.2124386,0.03870031,0.8622793
real,00030091_000.png,30091,,cardiomegaly_1,-4.523321,0.010736398,0.95555186
real,00029426_000.png,29426,,cardiomegaly_1,-5.282469,0.0050541996,0.9759129
real,00012902_001.png,12902,,cardiomegaly_1,-4.3550186,0.012679369,0.9405834
real,00016865_001.png,16865,,cardiomegaly_1,-4.8878326,0.0074813496,0.9611123
real,00008802_008.png,8802,,cardiomegaly_1,-4.91963,0.0072489018,0.9645317
real,00029295_000.png,29295,,cardiomegaly_1,-5.481901,0.0041441647,0.9756603
real,00003689_004.png,3689,,cardiomegaly_1,-5.4418564,0.0043127546,0.9810439
real,00003064_042.png,3064,,cardiomegaly_1,-1.7087574,0.15332495,0.76987743
real,00017835_006.png,17835,,cardiomegaly_1,-3.079939,0.043942384,0.8701485
real,00011690_000.png,11690,,cardiomegaly_1,-3.5535564,0.027826203,0.90546495
real,00004976_003.png,4976,,cardiomegaly_1,-1.3095837,0.21255653,0.74768317
real,00009381_000.png,9381,,cardiomegaly_1,4.9957237,0.9932787,0.9877117
real,00010600_000.png,10600,,cardiomegaly_1,-4.3843975,0.012316803,0.955366
real,00028889_000.png,28889,,cardiomegaly_1,-4.087885,0.016497929,0.93571746
real,00027693_000.png,27693,,cardiomegaly_1,0.8305683,0.6964751,0.8286827
real,00003769_002.png,3769,,cardiomegaly_1,0.49832153,0.6220648,0.8048016
real,00019303_000.png,19303,,cardiomegaly_1,-4.980772,0.0068218997,0.96749026
real,00013759_000.png,13759,,cardiomegaly_1,-5.2380447,0.005282576,0.9724407
real,00016083_003.png,16083,,cardiomegaly_1,-3.9809036,0.018326627,0.9286543
real,00006981_018.png,6981,,cardiomegaly_1,-5.326132,0.0048393114,0.97183365
real,00024924_000.png,24924,,cardiomegaly_1,-4.444729,0.011604054,0.9515322
real,00005532_041.png,5532,,cardiomegaly_1,0.6097126,0.6478752,0.72034574
real,00011149_000.png,11149,,cardiomegaly_1,-3.9839115,0.018272592,0.9313025
real,00005623_000.png,5623,,cardiomegaly_1,-4.141718,0.015646808,0.93614596
real,00011116_000.png,11116,,cardiomegaly_1,-4.282074,0.013625757,0.9366025
real,00028822_001.png,28822,,cardiomegaly_1,-3.2330303,0.03794148,0.8499359
real,00005410_003.png,5410,,cardiomegaly_1,-0.9562073,0.2776382,0.70030254
real,00023468_000.png,23468,,cardiomegaly_1,-4.5245533,0.010723319,0.94434184
real,00010465_005.png,10465,,cardiomegaly_1,-4.0253944,0.017543122,0.9315769
real,00012536_004.png,12536,,cardiomegaly_1,-1.3452377,0.20665005,0.76808196
real,00012772_000.png,12772,,cardiomegaly_1,-4.818613,0.008013252,0.9595079
real,00009905_000.png,9905,,cardiomegaly_1,-0.22886086,0.44303322,0.72159225
real,00014094_000.png,14094,,cardiomegaly_1,-0.5500927,0.3658429,0.7562298
real,00021346_000.png,21346,,cardiomegaly_1,0.9671631,0.7245537,0.78958786
real,00016801_003.png,16801,,cardiomegaly_1,1.5818939,0.8294726,0.8766082
real,00009335_000.png,9335,,cardiomegaly_1,-4.097946,0.016335469,0.9243749
real,00009932_006.png,9932,,cardiomegaly_1,1.4933949,0.81658727,0.86632717
real,00024029_000.png,24029,,cardiomegaly_1,-4.687237,0.009128017,0.9564403
real,00005708_000.png,5708,,cardiomegaly_1,-4.9750996,0.0068604406,0.96314424
real,00019911_000.png,19911,,cardiomegaly_1,-2.4343758,0.08058865,0.76872253
real,00004608_000.png,4608,,cardiomegaly_1,-4.201147,0.0147573445,0.94751024
real,00010071_005.png,10071,,cardiomegaly_1,-2.4747543,0.07764705,0.8366489
real,00001548_000.png,1548,,cardiomegaly_1,-4.534359,0.010619795,0.94663197
real,00011910_012.png,11910,,cardiomegaly_1,-4.426325,0.0118170455,0.94553983
real,00020811_020.png,20811,,cardiomegaly_1,-3.6800995,0.024600042,0.9131958
real,00029311_003.png,29311,,cardiomegaly_1,-5.181118,0.005590291,0.971879
real,00003174_002.png,3174,,cardiomegaly_1,-4.277397,0.013688756,0.9394619
real,00024737_001.png,24737,,cardiomegaly_1,-5.5175,0.0039998125,0.97598356
real,00027582_002.png,27582,,cardiomegaly_1,2.2867794,0.9077762,0.93674165
real,00003752_000.png,3752,,cardiomegaly_1,-3.9265213,0.01933107,0.9279169
real,00010279_002.png,10279,,cardiomegaly_1,2.4242878,0.9186607,0.9446079
real,00020502_001.png,20502,,cardiomegaly_1,-3.998827,0.018006941,0.9151894
real,00029742_002.png,29742,,cardiomegaly_1,-4.220724,0.01447539,0.93628263
real,00017381_000.png,17381,,cardiomegaly_1,-5.2134933,0.0054131653,0.9686586
real,00027326_000.png,27326,,cardiomegaly_1,-5.3768635,0.0046010297,0.97323596
real,00011359_000.png,11359,,cardiomegaly_1,-5.227413,0.005338737,0.9735915
real,00005401_005.png,5401,,cardiomegaly_1,-4.5263233,0.010704558,0.94877356
real,00020884_000.png,20884,,cardiomegaly_1,-4.8895493,0.0074686133,0.96523756
real,00007795_000.png,7795,,cardiomegaly_1,-2.2096558,0.09888674,0.7315739
real,00023636_000.png,23636,,cardiomegaly_1,-5.062834,0.006287816,0.96770453
real,00019201_010.png,19201,,cardiomegaly_1,-3.8611622,0.020609826,0.91548663
real,00014319_000.png,14319,,cardiomegaly_1,1.4146042,0.80449116,0.8314069
real,00016498_001.png,16498,,cardiomegaly_1,-4.928852,0.0071828365,0.96013796
real,00020286_025.png,20286,,cardiomegaly_1,-0.70542336,0.33061093,0.7200385
real,00024192_000.png,24192,,cardiomegaly_1,-4.849701,0.007769875,0.95604783
real,00013886_000.png,13886,,cardiomegaly_1,-4.628399,0.009675853,0.95617783
real,00004490_004.png,4490,,cardiomegaly_1,-4.8671074,0.0076368237,0.9635431
real,00017603_029.png,17603,,cardiomegaly_1,-3.979433,0.018353103,0.90938646
real,00007935_000.png,7935,,cardiomegaly_1,7.3000374,0.9993249,0.99449015
real,00010650_000.png,10650,,cardiomegaly_1,-2.1588478,0.10350732,0.7537626
real,00007505_000.png,7505,,cardiomegaly_1,-4.1075077,0.016182538,0.92847484
real,00010286_001.png,10286,,cardiomegaly_1,-4.148657,0.015540291,0.93106437
real,00017835_002.png,17835,,cardiomegaly_1,-3.933092,0.019206898,0.9247477
edit,00001059_006.png,1059,0.0,cardiomegaly_1,-3.0536652,0.0450595,0.85313857
edit,00001174_000.png,1174,0.0,cardiomegaly_1,-4.979555,0.0068301503,0.96670157
edit,00001470_001.png,1470,0.0,cardiomegaly_1,0.3943882,0.5973386,0.8276795
edit,00001606_004.png,1606,0.0,cardiomegaly_1,-2.3177624,0.08966254,0.78739154
edit,00002139_000.png,2139,0.0,cardiomegaly_1,-3.451048,0.030737625,0.8807568
edit,00002355_005.png,2355,0.0,cardiomegaly_1,-1.7670174,0.14591365,0.74995005
edit,00002492_010.png,2492,0.0,cardiomegaly_1,-4.1194363,0.015993718,0.93020463
edit,00002566_000.png,2566,0.0,cardiomegaly_1,-1.0403957,0.26107365,0.7288089
edit,00003064_010.png,3064,0.0,cardiomegaly_1,-2.6968937,0.0631569,0.82044446
edit,00003804_012.png,3804,0.0,cardiomegaly_1,-4.119116,0.015998762,0.93046945
edit,00003917_000.png,3917,0.0,cardiomegaly_1,-3.1293736,0.041911755,0.828379
edit,00004057_000.png,4057,0.0,cardiomegaly_1,-3.7722168,0.022483867,0.9053334
edit,00005623_000.png,5623,0.0,cardiomegaly_1,-4.189764,0.014923765,0.9311298
edit,00006012_000.png,6012,0.0,cardiomegaly_1,-4.638159,0.0095827775,0.9589592
edit,00006791_002.png,6791,0.0,cardiomegaly_1,-2.3024445,0.09092072,0.79367435
edit,00006921_000.png,6921,0.0,cardiomegaly_1,-4.625368,0.009704938,0.95469075
edit,00006981_017.png,6981,0.0,cardiomegaly_1,-4.813078,0.008057371,0.962429
edit,00007082_000.png,7082,0.0,cardiomegaly_1,-1.8684406,0.13372225,0.7383659
edit,00007159_000.png,7159,0.0,cardiomegaly_1,-1.7443466,0.14876167,0.74208564
edit,00007340_004.png,7340,0.0,cardiomegaly_1,-3.487337,0.02967468,0.91465217
edit,00007589_000.png,7589,0.0,cardiomegaly_1,-4.9758263,0.006855491,0.96740144
edit,00007931_000.png,7931,0.0,cardiomegaly_1,-2.0791836,0.11113659,0.81176764
edit,00008142_005.png,8142,0.0,cardiomegaly_1,-5.024578,0.00653142,0.9668978
edit,00008147_000.png,8147,0.0,cardiomegaly_1,-4.848652,0.007777967,0.96690106
edit,00008184_003.png,8184,0.0,cardiomegaly_1,-4.1705837,0.0152083775,0.93629724
edit,00008359_000.png,8359,0.0,cardiomegaly_1,-3.862257,0.020587737,0.92709285
edit,00008386_001.png,8386,0.0,cardiomegaly_1,-4.166132,0.015275194,0.9417206
edit,00008802_008.png,8802,0.0,cardiomegaly_1,-4.749344,0.008583067,0.9634719
edit,00009090_001.png,9090,0.0,cardiomegaly_1,-1.3918552,0.19911174,0.76872826
edit,00009105_003.png,9105,0.0,cardiomegaly_1,-4.4211617,0.01187749,0.9463401
edit,00009306_000.png,9306,0.0,cardiomegaly_1,-4.6084995,0.009868406,0.9588203
edit,00009335_000.png,9335,0.0,cardiomegaly_1,-3.2593002,0.03699413,0.8584113
edit,00009409_002.png,9409,0.0,cardiomegaly_1,-4.406618,0.0120493965,0.9377724
edit,00009761_000.png,9761,0.0,cardiomegaly_1,2.20512,0.9007084,0.8976655
edit,00010465_001.png,10465,0.0,cardiomegaly_1,-3.8969212,0.019900268,0.9306176
edit,00010892_000.png,10892,0.0,cardiomegaly_1,-4.1125317,0.016102746,0.9518265
edit,00010931_003.png,10931,0.0,cardiomegaly_1,-4.445322,0.011597252,0.9552211
edit,00010964_000.png,10964,0.0,cardiomegaly_1,-4.776905,0.008351686,0.9657469
edit,00011611_000.png,11611,0.0,cardiomegaly_1,-4.687496,0.009125671,0.95746875
edit,00012129_000.png,12129,0.0,cardiomegaly_1,-4.5228004,0.01074193,0.95546436
edit,00012400_000.png,12400,0.0,cardiomegaly_1,-4.2519455,0.014036677,0.93153316
edit,00012772_003.png,12772,0.0,cardiomegaly_1,-4.8104687,0.008078252,0.95940924
edit,00012902_001.png,12902,0.0,cardiomegaly_1,-4.302244,0.013357309,0.9443425
edit,00013441_000.png,13441,0.0,cardiomegaly_1,-3.6454258,0.025445892,0.8927434
edit,00013678_003.png,13678,0.0,cardiomegaly_1,-2.94565,0.0499425,0.8385408
edit,00013759_000.png,13759,0.0,cardiomegaly_1,-5.24065,0.0052689034,0.97575754
edit,00014281_000.png,14281,0.0,cardiomegaly_1,-5.048687,0.00637683,0.96726894
edit,00014295_001.png,14295,0.0,cardiomegaly_1,-5.3763504,0.00460338,0.9764223
edit,00014387_006.png,14387,0.0,cardiomegaly_1,-0.61325073,0.35131803,0.7073857
edit,00014838_000.png,14838,0.0,cardiomegaly_1,-3.6454487,0.025445323,0.9110062
edit,00014954_000.png,14954,0.0,cardiomegaly_1,-5.15711,0.005725348,0.9727445
edit,00015056_005.png,15056,0.0,cardiomegaly_1,0.20370293,0.5507504,0.75297576
edit,00015087_011.png,15087,0.0,cardiomegaly_1,-3.6889591,0.024388349,0.914048
edit,00016191_019.png,16191,0.0,cardiomegaly_1,-2.2992935,0.09118149,0.8208094
edit,00016245_000.png,16245,0.0,cardiomegaly_1,-5.5756493,0.003774712,0.97897434
edit,00016498_001.png,16498,0.0,cardiomegaly_1,-5.0530586,0.0063491897,0.9647767
edit,00016509_001.png,16509,0.0,cardiomegaly_1,-2.0501823,0.11403396,0.7699152
edit,00016512_001.png,16512,0.0,cardiomegaly_1,-4.5180397,0.010792638,0.9446638
edit,00016724_002.png,16724,0.0,cardiomegaly_1,-0.20789337,0.44821304,0.7381663
edit,00016865_000.png,16865,0.0,cardiomegaly_1,-4.489319,0.011103616,0.95048493
edit,00016907_000.png,16907,0.0,cardiomegaly_1,-3.8981495,0.019876324,0.91304666
edit,00017381_000.png,17381,0.0,cardiomegaly_1,-4.465191,0.011371697,0.94546115
edit,00018008_000.png,18008,0.0,cardiomegaly_1,-4.7467976,0.008604762,0.9574326
edit,00018011_000.png,18011,0.0,cardiomegaly_1,-2.8543034,0.054459292,0.8042249
edit,00018488_002.png,18488,0.0,cardiomegaly_1,-1.4019737,0.1975031,0.76600933
edit,00018616_000.png,18616,0.0,cardiomegaly_1,-0.7155056,0.32838345,0.7241984
edit,00019435_003.png,19435,0.0,cardiomegaly_1,-5.1539726,0.0057432363,0.9729401
edit,00019535_002.png,19535,0.0,cardiomegaly_1,-3.1094303,0.042719934,0.850225
edit,00019544_000.png,19544,0.0,cardiomegaly_1,-5.1928997,0.005525176,0.9708698
edit,00019911_001.png,19911,0.0,cardiomegaly_1,-3.8759975,0.020312494,0.9113576
edit,00020318_024.png,20318,0.0,cardiomegaly_1,-1.5232849,0.17897831,0.7978954
edit,00020341_000.png,20341,0.0,cardiomegaly_1,-3.2645931,0.036806032,0.8581853
edit,00020642_006.png,20642,0.0,cardiomegaly_1,-4.8165264,0.008029856,0.9593304
edit,00020674_000.png,20674,0.0,cardiomegaly_1,-4.8668995,0.0076383995,0.9635954
edit,00020716_002.png,20716,0.0,cardiomegaly_1,-2.2780247,0.092959374,0.73920256
edit,00020802_000.png,20802,0.0,cardiomegaly_1,-4.9839973,0.006800082,0.9671167
edit,00021023_024.png,21023,0.0,cardiomegaly_1,-4.2002106,0.014770966,0.9286569
edit,00021569_000.png,21569,0.0,cardiomegaly_1,-4.8909054,0.007458567,0.9659005
edit,00022341_000.png,22341,0.0,cardiomegaly_1,-5.345278,0.0047479747,0.976221
edit,00022582_001.png,22582,0.0,cardiomegaly_1,-4.743704,0.008631193,0.956023
edit,00022712_000.png,22712,0.0,cardiomegaly_1,-4.887476,0.007483998,0.9625881
edit,00023621_000.png,23621,0.0,cardiomegaly_1,-4.405924,0.012057664,0.9515782
edit,00023776_000.png,23776,0.0,cardiomegaly_1,-4.578869,0.010162172,0.9562195
edit,00024192_000.png,24192,0.0,cardiomegaly_1,-4.8294163,0.007927832,0.95986676
edit,00024326_000.png,24326,0.0,cardiomegaly_1,-5.140936,0.005818161,0.9731947
edit,00024474_000.png,24474,0.0,cardiomegaly_1,-5.263098,0.0051525496,0.9766621
edit,00024583_000.png,24583,0.0,cardiomegaly_1,-4.964447,0.0069334027,0.9698408
edit,00025054_000.png,25054,0.0,cardiomegaly_1,-5.0867176,0.00614033,0.9702128
edit,00026354_001.png,26354,0.0,cardiomegaly_1,-1.8557053,0.13520442,0.75999653
edit,00026807_000.png,26807,0.0,cardiomegaly_1,-5.6311893,0.0035715085,0.9811438
edit,00027305_000.png,27305,0.0,cardiomegaly_1,-3.9935055,0.01810128,0.9400893
edit,00028027_005.png,28027,0.0,cardiomegaly_1,1.2813511,0.7826797,0.85927165
edit,00028053_000.png,28053,0.0,cardiomegaly_1,-5.4423313,0.0043107155,0.9762545
edit,00028457_000.png,28457,0.0,cardiomegaly_1,-2.5549412,0.07209523,0.7336355
edit,00028962_000.png,28962,0.0,cardiomegaly_1,-4.276039,0.013707104,0.94353366
edit,00029393_000.png,29393,0.0,cardiomegaly_1,-1.3078384,0.21284878,0.6788022
edit,00029569_000.png,29569,0.0,cardiomegaly_1,-1.3306503,0.20905182,0.6895308
edit,00029648_000.png,29648,0.0,cardiomegaly_1,-4.8943005,0.007433476,0.96504766
edit,00030332_000.png,30332,0.0,cardiomegaly_1,-5.1642933,0.005684602,0.97474766
edit,00030805_000.png,30805,0.0,cardiomegaly_1,-3.4292316,0.031394288,0.87032896
edit,00001059_006.png,1059,0.06,cardiomegaly_1,-1.9758244,0.121764675,0.7222225
edit,00001174_000.png,1174,0.06,cardiomegaly_1,-4.64666,0.0095024295,0.9570949
edit,00001470_001.png,1470,0.06,cardiomegaly_1,1.1629105,0.76186115,0.8632787
edit,00001606_004.png,1606,0.06,cardiomegaly_1,1.7344131,0.849976,0.89732665
edit,00002139_000.png,2139,0.06,cardiomegaly_1,-3.0911312,0.04347457,0.83816284
edit,00002355_005.png,2355,0.06,cardiomegaly_1,2.7854118,0.9418824,0.96297336
edit,00002492_010.png,2492,0.06,cardiomegaly_1,-3.5643845,0.027534777,0.90346795
edit,00002566_000.png,2566,0.06,cardiomegaly_1,0.7328739,0.67543566,0.82153976
edit,00003064_010.png,3064,0.06,cardiomegaly_1,-2.1435604,0.10493451,0.7646695
edit,00003804_012.png,3804,0.06,cardiomegaly_1,-3.7473507,0.02303692,0.91487443
edit,00003917_000.png,3917,0.06,cardiomegaly_1,-2.5890083,0.069849186,0.76977164
edit,00004057_000.png,4057,0.06,cardiomegaly_1,-3.6582012,0.025130993,0.9029673
edit,00005623_000.png,5623,0.06,cardiomegaly_1,-4.18779,0.014952815,0.93649554
edit,00006012_000.png,6012,0.06,cardiomegaly_1,-3.601286,0.02656372,0.902761
edit,00006791_002.png,6791,0.06,cardiomegaly_1,1.4238834,0.8059465,0.87259835
edit,00006921_000.png,6921,0.06,cardiomegaly_1,-4.4984665,0.011003618,0.944497
edit,00006981_017.png,6981,0.06,cardiomegaly_1,-4.594742,0.010003743,0.95514846
edit,00007082_000.png,7082,0.06,cardiomegaly_1,0.4598713,0.61298364,0.7781314
edit,00007159_000.png,7159,0.06,cardiomegaly_1,1.9441013,0.87480205,0.9125889
edit,00007340_004.png,7340,0.06,cardiomegaly_1,-3.3855515,0.03275008,0.9040976
edit,00007589_000.png,7589,0.06,cardiomegaly_1,-4.7132244,0.008895941,0.959174
edit,00007931_000.png,7931,0.06,cardiomegaly_1,0.04146576,0.51036495,0.75326455
edit,00008142_005.png,8142,0.06,cardiomegaly_1,-4.9844418,0.006797081,0.9670044
edit,00008147_000.png,8147,0.06,cardiomegaly_1,-4.659704,0.0093804365,0.9598029
edit,00008184_003.png,8184,0.06,cardiomegaly_1,-3.6272373,0.02590085,0.9129046
edit,00008359_000.png,8359,0.06,cardiomegaly_1,-2.0266876,0.11642925,0.7732717
edit,00008386_001.png,8386,0.06,cardiomegaly_1,-3.9263058,0.019335154,0.92770094
edit,00008802_008.png,8802,0.06,cardiomegaly_1,-4.601328,0.009938726,0.95893866
edit,00009090_001.png,9090,0.06,cardiomegaly_1,6.432173,0.9983936,0.994786
edit,00009105_003.png,9105,0.06,cardiomegaly_1,-4.152611,0.015479919,0.9258655
edit,00009306_000.png,9306,0.06,cardiomegaly_1,-3.9290543,0.01928311,0.93348235
edit,00009335_000.png,9335,0.06,cardiomegaly_1,-1.9892712,0.120333984,0.752878
edit,00009409_002.png,9409,0.06,cardiomegaly_1,-3.954485,0.018808017,0.92067766
edit,00009761_000.png,9761,0.06,cardiomegaly_1,3.6374836,0.9743565,0.9697415
edit,00010465_001.png,10465,0.06,cardiomegaly_1,-2.115696,0.107580595,0.7544216
edit,00010892_000.png,10892,0.06,cardiomegaly_1,-3.8006039,0.02186835,0.93801665
edit,00010931_003.png,10931,0.06,cardiomegaly_1,-3.867443,0.020483427,0.92827874
edit,00010964_000.png,10964,0.06,cardiomegaly_1,-3.997097,0.018037556,0.9303517
edit,00011611_000.png,11611,0.06,cardiomegaly_1,-4.573036,0.01022101,0.9469442
edit,00012129_000.png,12129,0.06,cardiomegaly_1,-4.444355,0.011608343,0.95100033
edit,00012400_000.png,12400,0.06,cardiomegaly_1,-2.5597858,0.07177181,0.7681856
edit,00012772_003.png,12772,0.06,cardiomegaly_1,-4.746189,0.008609953,0.9552402
edit,00012902_001.png,12902,0.06,cardiomegaly_1,-3.9402714,0.01907212,0.92507327
edit,00013441_000.png,13441,0.06,cardiomegaly_1,-3.2839355,0.036126424,0.8512532
edit,00013678_003.png,13678,0.06,cardiomegaly_1,-1.8064442,0.14106843,0.72864085
edit,00013759_000.png,13759,0.06,cardiomegaly_1,-5.1897144,0.0055427053,0.97359294
edit,00014281_000.png,14281,0.06,cardiomegaly_1,-4.8626137,0.0076709543,0.9594859
edit,00014295_001.png,14295,0.06,cardiomegaly_1,-5.293516,0.0049989484,0.97391963
edit,00014387_006.png,14387,0.06,cardiomegaly_1,0.0036449432,0.50091124,0.71255076
edit,00014838_000.png,14838,0.06,cardiomegaly_1,-0.9232044,0.28430542,0.69532603
edit,00014954_000.png,14954,0.06,cardiomegaly_1,-5.0213165,0.0065526175,0.97256964
edit,00015056_005.png,15056,0.06,cardiomegaly_1,3.7306004,0.976583,0.9793243
edit,00015087_011.png,15087,0.06,cardiomegaly_1,-0.9122505,0.28653952,0.7446113
edit,00016191_019.png,16191,0.06,cardiomegaly_1,-1.814146,0.14013778,0.790401
edit,00016245_000.png,16245,0.06,cardiomegaly_1,-5.3389664,0.004777892,0.9731809
edit,00016498_001.png,16498,0.06,cardiomegaly_1,-4.9397793,0.0071053305,0.9604263
edit,00016509_001.png,16509,0.06,cardiomegaly_1,1.3074036,0.7870784,0.8418281
edit,00016512_001.png,16512,0.06,cardiomegaly_1,-3.4875298,0.029669136,0.868957
edit,00016724_002.png,16724,0.06,cardiomegaly_1,1.4960327,0.81698203,0.8806269
edit,00016865_000.png,16865,0.06,cardiomegaly_1,-3.8025436,0.021826897,0.9289797
edit,00016907_000.png,16907,0.06,cardiomegaly_1,-3.861063,0.020611826,0.9135136
edit,00017381_000.png,17381,0.06,cardiomegaly_1,-4.235756,0.014262506,0.94100827
edit,00018008_000.png,18008,0.06,cardiomegaly_1,-4.6337833,0.009624394,0.9533547
edit,00018011_000.png,18011,0.06,cardiomegaly_1,-1.0386581,0.26140898,0.65240294
edit,00018488_002.png,18488,0.06,cardiomegaly_1,-1.5823402,0.17046429,0.7588632
edit,00018616_000.png,18616,0.06,cardiomegaly_1,-0.15001297,0.46256694,0.740208
edit,00019435_003.png,19435,0.06,cardiomegaly_1,-5.136587,0.0058433693,0.96717304
edit,00019535_002.png,19535,0.06,cardiomegaly_1,-3.189869,0.03954876,0.85211116
edit,00019544_000.png,19544,0.06,cardiomegaly_1,-4.638279,0.009581638,0.95338833
edit,00019911_001.png,19911,0.06,cardiomegaly_1,-3.6928272,0.024296481,0.90445185
edit,00020318_024.png,20318,0.06,cardiomegaly_1,-1.420105,0.19464514,0.7934324
edit,00020341_000.png,20341,0.06,cardiomegaly_1,-3.2563438,0.0370996,0.8574398
edit,00020642_006.png,20642,0.06,cardiomegaly_1,-4.427704,0.011800953,0.9514489
edit,00020674_000.png,20674,0.06,cardiomegaly_1,-4.967289,0.006913862,0.96723545
edit,00020716_002.png,20716,0.06,cardiomegaly_1,0.31851006,0.57896113,0.749026
edit,00020802_000.png,20802,0.06,cardiomegaly_1,-4.9853115,0.006791212,0.96720314
edit,00021023_024.png,21023,0.06,cardiomegaly_1,-4.3008633,0.01337552,0.9321917
edit,00021569_000.png,21569,0.06,cardiomegaly_1,-4.571144,0.01024017,0.9542928
edit,00022341_000.png,22341,0.06,cardiomegaly_1,-5.204851,0.0054598935,0.97109246
edit,00022582_001.png,22582,0.06,cardiomegaly_1,-3.981079,0.01832347,0.9043439
edit,00022712_000.png,22712,0.06,cardiomegaly_1,-4.8748436,0.007578417,0.9584604
edit,00023621_000.png,23621,0.06,cardiomegaly_1,-3.2263718,0.03818528,0.86578274
edit,00023776_000.png,23776,0.06,cardiomegaly_1,-4.1923485,0.01488582,0.937927
edit,00024192_000.png,24192,0.06,cardiomegaly_1,-4.4915485,0.011079159,0.94923234
edit,00024326_000.png,24326,0.06,cardiomegaly_1,-5.0762997,0.0062042344,0.97280157
edit,00024474_000.png,24474,0.06,cardiomegaly_1,-5.1427956,0.005807414,0.97384065
edit,00024583_000.png,24583,0.06,cardiomegaly_1,-4.9890823,0.0067658243,0.96737486
edit,00025054_000.png,25054,0.06,cardiomegaly_1,-4.78586,0.0082778465,0.9626395
edit,00026354_001.png,26354,0.06,cardiomegaly_1,1.0947189,0.7492693,0.81523657
edit,00026807_000.png,26807,0.06,cardiomegaly_1,-5.60404,0.0036694396,0.98093575
edit,00027305_000.png,27305,0.06,cardiomegaly_1,-4.0478764,0.017159812,0.94021744
edit,00028027_005.png,28027,0.06,cardiomegaly_1,1.5036335,0.8181158,0.8801971
edit,00028053_000.png,28053,0.06,cardiomegaly_1,-5.266283,0.0051362473,0.9753016
edit,00028457_000.png,28457,0.06,cardiomegaly_1,2.5846272,0.92986566,0.9364253
edit,00028962_000.png,28962,0.06,cardiomegaly_1,-4.0617237,0.016927827,0.9288137
edit,00029393_000.png,29393,0.06,cardiomegaly_1,1.343586,0.793079,0.82725745
edit,00029569_000.png,29569,0.06,cardiomegaly_1,2.0652237,0.88747686,0.88027024
edit,00029648_000.png,29648,0.06,cardiomegaly_1,-4.23736,0.014239972,0.93929744
edit,00030332_000.png,30332,0.06,cardiomegaly_1,-4.8449593,0.007806517,0.9685937
edit,00030805_000.png,30805,0.06,cardiomegaly_1,-0.7990608,0.31022644,0.68127716
edit,00001059_006.png,1059,0.12,cardiomegaly_1,-0.16353226,0.4592078,0.7050179
edit,00001174_000.png,1174,0.12,cardiomegaly_1,-3.8462467,0.020913057,0.9080742
edit,00001470_001.png,1470,0.12,cardiomegaly_1,1.4673157,0.8126491,0.90111303
edit,00001606_004.png,1606,0.12,cardiomegaly_1,6.307352,0.9981805,0.99160314
edit,00002139_000.png,2139,0.12,cardiomegaly_1,-1.7319889,0.15033336,0.7288603
edit,00002355_005.png,2355,0.12,cardiomegaly_1,6.541174,0.9985593,0.99445325
edit,00002492_010.png,2492,0.12,cardiomegaly_1,-2.6517658,0.065880254,0.84042525
edit,00002566_000.png,2566,0.12,cardiomegaly_1,6.759363,0.99884135,0.99396175
edit,00003064_010.png,3064,0.12,cardiomegaly_1,-0.6274471,0.34808964,0.710065
edit,00003804_012.png,3804,0.12,cardiomegaly_1,-3.5246143,0.028619934,0.89408284
edit,00003917_000.png,3917,0.12,cardiomegaly_1,-1.2916088,0.21558063,0.6554063
edit,00004057_000.png,4057,0.12,cardiomegaly_1,-3.5872917,0.026927993,0.89190227
edit,00005623_000.png,5623,0.12,cardiomegaly_1,-4.0516243,0.017096717,0.9298
edit,00006012_000.png,6012,0.12,cardiomegaly_1,-1.6085854,0.1667851,0.73640287
edit,00006791_002.png,6791,0.12,cardiomegaly_1,5.680475,0.99659973,0.9912984
edit,00006921_000.png,6921,0.12,cardiomegaly_1,-4.5208225,0.010762968,0.9493577
edit,00006981_017.png,6981,0.12,cardiomegaly_1,-4.5422344,0.010537366,0.95318097
edit,00007082_000.png,7082,0.12,cardiomegaly_1,4.0126457,0.9822358,0.979238
edit,00007159_000.png,7159,0.12,cardiomegaly_1,6.117777,0.9978015,0.99288845
edit,00007340_004.png,7340,0.12,cardiomegaly_1,-2.8067493,0.056960545,0.85676867
edit,00007589_000.png,7589,0.12,cardiomegaly_1,-4.6284294,0.0096755605,0.9553524
edit,00007931_000.png,7931,0.12,cardiomegaly_1,1.772213,0.8547327,0.9045346
edit,00008142_005.png,8142,0.12,cardiomegaly_1,-4.824892,0.007963494,0.9632261
edit,00008147_000.png,8147,0.12,cardiomegaly_1,-4.3889866,0.012261102,0.9554774
edit,00008184_003.png,8184,0.12,cardiomegaly_1,-3.0834484,0.043795176,0.86711556
edit,00008359_000.png,8359,0.12,cardiomegaly_1,4.9557953,0.9930067,0.9845826
edit,00008386_001.png,8386,0.12,cardiomegaly_1,-3.5576763,0.027714971,0.90748453
edit,00008802_008.png,8802,0.12,cardiomegaly_1,-3.9719334,0.018488709,0.9277972
edit,00009090_001.png,9090,0.12,cardiomegaly_1,7.740486,0.9995653,0.9972553
edit,00009105_003.png,9105,0.12,cardiomegaly_1,-3.4285488,0.031415056,0.8987916
edit,00009306_000.png,9306,0.12,cardiomegaly_1,-3.319662,0.03490279,0.9015724
edit,00009335_000.png,9335,0.12,cardiomegaly_1,2.8950024,0.9475988,0.9478115
edit,00009409_002.png,9409,0.12,cardiomegaly_1,-3.1204891,0.042269967,0.8345864
edit,00009761_000.png,9761,0.12,cardiomegaly_1,5.629471,0.9964224,0.9890115
edit,00010465_001.png,10465,0.12,cardiomegaly_1,1.1802406,0.76499104,0.8096795
edit,00010892_000.png,10892,0.12,cardiomegaly_1,-3.48489,0.029745227,0.9132162
edit,00010931_003.png,10931,0.12,cardiomegaly_1,-2.2468548,0.09562111,0.7608475
edit,00010964_000.png,10964,0.12,cardiomegaly_1,1.1988316,0.76831686,0.84762543
edit,00011611_000.png,11611,0.12,cardiomegaly_1,-3.863306,0.020566596,0.91612166
edit,00012129_000.png,12129,0.12,cardiomegaly_1,-3.851944,0.02079672,0.9233497
edit,00012400_000.png,12400,0.12,cardiomegaly_1,3.2522488,0.96275383,0.9456708
edit,00012772_003.png,12772,0.12,cardiomegaly_1,-4.5200996,0.010770667,0.9442934
edit,00012902_001.png,12902,0.12,cardiomegaly_1,-2.524294,0.07417254,0.80692786
edit,00013441_000.png,13441,0.12,cardiomegaly_1,-0.94093513,0.28071147,0.6158965
edit,00013678_003.png,13678,0.12,cardiomegaly_1,3.0141354,0.9532087,0.96090126
edit,00013759_000.png,13759,0.12,cardiomegaly_1,-5.242771,0.0052577993,0.97349375
edit,00014281_000.png,14281,0.12,cardiomegaly_1,-4.52063,0.01076502,0.948068
edit,00014295_001.png,14295,0.12,cardiomegaly_1,-5.158909,0.0057151183,0.9702106
edit,00014387_006.png,14387,0.12,cardiomegaly_1,0.1833477,0.5457089,0.750042
edit,00014838_000.png,14838,0.12,cardiomegaly_1,3.5611725,0.972379,0.97313493
edit,00014954_000.png,14954,0.12,cardiomegaly_1,-4.705776,0.008961851,0.9625967
edit,00015056_005.png,15056,0.12,cardiomegaly_1,6.393179,0.9983298,0.99461013
edit,00015087_011.png,15087,0.12,cardiomegaly_1,4.005577,0.98211205,0.98170674
edit,00016191_019.png,16191,0.12,cardiomegaly_1,-0.47753334,0.38283476,0.741353
edit,00016245_000.png,16245,0.12,cardiomegaly_1,-5.1289825,0.0058877133,0.97028345
edit,00016498_001.png,16498,0.12,cardiomegaly_1,-4.683758,0.009159538,0.95541877
edit,00016509_001.png,16509,0.12,cardiomegaly_1,4.2889423,0.9864662,0.9787057
edit,00016512_001.png,16512,0.12,cardiomegaly_1,0.14867401,0.5371002,0.6511758
edit,00016724_002.png,16724,0.12,cardiomegaly_1,3.7869549,0.97783774,0.97850424
edit,00016865_000.png,16865,0.12,cardiomegaly_1,-1.8406887,0.13696985,0.7500255
edit,00016907_000.png,16907,0.12,cardiomegaly_1,-3.8453884,0.02093064,0.91207427
edit,00017381_000.png,17381,0.12,cardiomegaly_1,-3.9846535,0.018259287,0.9210352
edit,00018008_000.png,18008,0.12,cardiomegaly_1,-4.7757893,0.008360932,0.9587663
edit,00018011_000.png,18011,0.12,cardiomegaly_1,3.7302055,0.97657406,0.9625817
edit,00018488_002.png,18488,0.12,cardiomegaly_1,-1.4499626,0.19000731,0.7397503
edit,00018616_000.png,18616,0.12,cardiomegaly_1,2.7727547,0.94118565,0.9606334
edit,00019435_003.png,19435,0.12,cardiomegaly_1,-5.040737,0.0064273993,0.9703667
edit,00019535_002.png,19535,0.12,cardiomegaly_1,-2.3723125,0.085308515,0.76473755
edit,00019544_000.png,19544,0.12,cardiomegaly_1,-2.3904762,0.08390182,0.81602454
edit,00019911_001.png,19911,0.12,cardiomegaly_1,-3.2535954,0.037197907,0.87044024
edit,00020318_024.png,20318,0.12,cardiomegaly_1,-1.1737938,0.23616992,0.7658109
edit,00020341_000.png,20341,0.12,cardiomegaly_1,-3.1421413,0.04140205,0.8575264
edit,00020642_006.png,20642,0.12,cardiomegaly_1,-3.773983,0.02244508,0.90534693
edit,00020674_000.png,20674,0.12,cardiomegaly_1,-4.810362,0.008079108,0.9629423
edit,00020716_002.png,20716,0.12,cardiomegaly_1,3.7428188,0.9768609,0.9738704
edit,00020802_000.png,20802,0.12,cardiomegaly_1,-4.815098,0.008041243,0.9630051
edit,00021023_024.png,21023,0.12,cardiomegaly_1,-3.9400673,0.019075938,0.9040025
edit,00021569_000.png,21569,0.12,cardiomegaly_1,-4.035967,0.017361829,0.9206099
edit,00022341_000.png,22341,0.12,cardiomegaly_1,-4.430332,0.011770342,0.9440623
edit,00022582_001.png,22582,0.12,cardiomegaly_1,0.120443344,0.5300745,0.71904504
edit,00022712_000.png,22712,0.12,cardiomegaly_1,-4.1518726,0.01549117,0.932286
edit,00023621_000.png,23621,0.12,cardiomegaly_1,2.613512,0.93172616,0.9176837
edit,00023776_000.png,23776,0.12,cardiomegaly_1,-3.8006,0.021868434,0.9138185
edit,00024192_000.png,24192,0.12,cardiomegaly_1,-3.45228,0.030700937,0.87558436
edit,00024326_000.png,24326,0.12,cardiomegaly_1,-4.905224,0.0073533133,0.97135794
edit,00024474_000.png,24474,0.12,cardiomegaly_1,-4.8929462,0.007443474,0.96603364
edit,00024583_000.png,24583,0.12,cardiomegaly_1,-4.880207,0.007538185,0.96723104
edit,00025054_000.png,25054,0.12,cardiomegaly_1,-3.8216724,0.021422202,0.90317833
edit,00026354_001.png,26354,0.12,cardiomegaly_1,5.48151,0.99585426,0.99130714
edit,00026807_000.png,26807,0.12,cardiomegaly_1,-5.586725,0.0037332894,0.98163795
edit,00027305_000.png,27305,0.12,cardiomegaly_1,-3.8556194,0.020722006,0.93338233
edit,00028027_005.png,28027,0.12,cardiomegaly_1,1.6442947,0.8381185,0.8907624
edit,00028053_000.png,28053,0.12,cardiomegaly_1,-4.5666237,0.010286087,0.9529799
edit,00028457_000.png,28457,0.12,cardiomegaly_1,5.749193,0.99682474,0.9915785
edit,00028962_000.png,28962,0.12,cardiomegaly_1,-3.1584072,0.040761285,0.86436605
edit,00029393_000.png,29393,0.12,cardiomegaly_1,3.7071533,0.9760408,0.9764143
edit,00029569_000.png,29569,0.12,cardiomegaly_1,5.436289,0.9956632,0.98892665
edit,00029648_000.png,29648,0.12,cardiomegaly_1,-1.7617874,0.14656661,0.7270696
edit,00030332_000.png,30332,0.12,cardiomegaly_1,-4.2016106,0.014750606,0.93451583
edit,00030805_000.png,30805,0.12,cardiomegaly_1,1.283184,0.7829913,0.81351453
edit,00001059_006.png,1059,0.18,cardiomegaly_1,1.9364071,0.8739569,0.91011894
edit,00001174_000.png,1174,0.18,cardiomegaly_1,-1.9346371,0.12623821,0.7467914
edit,00001470_001.png,1470,0.18,cardiomegaly_1,2.9745693,0.95141196,0.9690293
edit,00001606_004.png,1606,0.18,cardiomegaly_1,7.3490925,0.9993573,0.9945023
edit,00002139_000.png,2139,0.18,cardiomegaly_1,3.0195808,0.9534509,0.9594445
edit,00002355_005.png,2355,0.18,cardiomegaly_1,7.9529667,0.99964845,0.9965598
edit,00002492_010.png,2492,0.18,cardiomegaly_1,0.19116783,0.54764694,0.7849881
edit,00002566_000.png,2566,0.18,cardiomegaly_1,7.601263,0.9995004,0.9962127
edit,00003064_010.png,3064,0.18,cardiomegaly_1,1.4396229,0.8083962,0.8712781
edit,00003804_012.png,3804,0.18,cardiomegaly_1,-2.7861233,0.058078676,0.8237658
edit,00003917_000.png,3917,0.18,cardiomegaly_1,2.1983013,0.9000969,0.90284735
edit,00004057_000.png,4057,0.18,cardiomegaly_1,-3.4778996,0.02994764,0.8831387
edit,00005623_000.png,5623,0.18,cardiomegaly_1,-3.7928448,0.022034936,0.90286064
edit,00006012_000.png,6012,0.18,cardiomegaly_1,0.676939,0.6630552,0.8273361
edit,00006791_002.png,6791,0.18,cardiomegaly_1,7.1713333,0.9992323,0.99508286
edit,00006921_000.png,6921,0.18,cardiomegaly_1,-4.394909,0.012189585,0.9313262
edit,00006981_017.png,6981,0.18,cardiomegaly_1,-4.145096,0.015594865,0.92947525
edit,00007082_000.png,7082,0.18,cardiomegaly_1,6.947115,0.9990395,0.99501306
edit,00007159_000.png,7159,0.18,cardiomegaly_1,7.77857,0.9995815,0.9969745
edit,00007340_004.png,7340,0.18,cardiomegaly_1,1.3286304,0.79061395,0.87300676
edit,00007589_000.png,7589,0.18,cardiomegaly_1,-3.453329,0.030669734,0.9010427
edit,00007931_000.png,7931,0.18,cardiomegaly_1,5.9882374,0.9974982,0.99437577
edit,00008142_005.png,8142,0.18,cardiomegaly_1,-4.746435,0.008607853,0.9588331
edit,00008147_000.png,8147,0.18,cardiomegaly_1,-4.14666,0.015570873,0.9378186
edit,00008184_003.png,8184,0.18,cardiomegaly_1,2.0441475,0.88535494,0.9242375
edit,00008359_000.png,8359,0.18,cardiomegaly_1,6.4135704,0.99836355,0.9932679
edit,00008386_001.png,8386,0.18,cardiomegaly_1,-2.2990665,0.0912003,0.81014234
edit,00008802_008.png,8802,0.18,cardiomegaly_1,3.6426182,0.9744844,0.9671308
edit,00009090_001.png,9090,0.18,cardiomegaly_1,8.377403,0.9997701,0.9979084
edit,00009105_003.png,9105,0.18,cardiomegaly_1,-0.47993279,0.38226798,0.74187595
edit,00009306_000.png,9306,0.18,cardiomegaly_1,-0.61697197,0.35047042,0.7441488
edit,00009335_000.png,9335,0.18,cardiomegaly_1,5.583618,0.99625516,0.9907408
edit,00009409_002.png,9409,0.18,cardiomegaly_1,-1.226078,0.2268686,0.6780086
edit,00009761_000.png,9761,0.18,cardiomegaly_1,6.4926167,0.9984877,0.99328685
edit,00010465_001.png,10465,0.18,cardiomegaly_1,4.856882,0.99228525,0.9844721
edit,00010892_000.png,10892,0.18,cardiomegaly_1,-1.9916744,0.12007983,0.727981
edit,00010931_003.png,10931,0.18,cardiomegaly_1,3.4100552,0.96801734,0.95351803
edit,00010964_000.png,10964,0.18,cardiomegaly_1,6.188303,0.997951,0.9919359
edit,00011611_000.png,11611,0.18,cardiomegaly_1,-2.8184128,0.056337252,0.8294807
edit,00012129_000.png,12129,0.18,cardiomegaly_1,0.52750397,0.62890077,0.75182956
edit,00012400_000.png,12400,0.18,cardiomegaly_1,6.361599,0.99827635,0.9911018
edit,00012772_003.png,12772,0.18,cardiomegaly_1,-4.466425,0.011357832,0.9389732
edit,00012902_001.png,12902,0.18,cardiomegaly_1,-1.509264,0.1810479,0.739302
edit,00013441_000.png,13441,0.18,cardiomegaly_1,6.116518,0.99779874,0.9892431
edit,00013678_003.png,13678,0.18,cardiomegaly_1,6.5781918,0.99861157,0.9938634
edit,00013759_000.png,13759,0.18,cardiomegaly_1,-4.9924164,0.006743456,0.9699213
edit,00014281_000.png,14281,0.18,cardiomegaly_1,-3.6982918,0.024167275,0.89231294
edit,00014295_001.png,14295,0.18,cardiomegaly_1,-4.975313,0.0068589854,0.9671485
edit,00014387_006.png,14387,0.18,cardiomegaly_1,2.3440437,0.9124596,0.93242973
edit,00014838_000.png,14838,0.18,cardiomegaly_1,6.3606873,0.9982748,0.993404
edit,00014954_000.png,14954,0.18,cardiomegaly_1,-4.5189266,0.010783173,0.9526713
edit,00015056_005.png,15056,0.18,cardiomegaly_1,7.7214622,0.99955696,0.99675274
edit,00015087_011.png,15087,0.18,cardiomegaly_1,5.1123314,0.9940141,0.99109477
edit,00016191_019.png,16191,0.18,cardiomegaly_1,2.2191334,0.9019546,0.93528575
edit,00016245_000.png,16245,0.18,cardiomegaly_1,-4.741287,0.008651895,0.95815396
edit,00016498_001.png,16498,0.18,cardiomegaly_1,-4.076195,0.016688686,0.92805964
edit,00016509_001.png,16509,0.18,cardiomegaly_1,7.842167,0.9996074,0.99647945
edit,00016512_001.png,16512,0.18,cardiomegaly_1,4.5564213,0.9896095,0.9765773
edit,00016724_002.png,16724,0.18,cardiomegaly_1,5.635784,0.99644476,0.99109256
edit,00016865_000.png,16865,0.18,cardiomegaly_1,4.6755276,0.99076545,0.98513794
edit,00016907_000.png,16907,0.18,cardiomegaly_1,-3.8573875,0.020686155,0.91253227
edit,00017381_000.png,17381,0.18,cardiomegaly_1,-1.8735256,0.1331343,0.7285718
edit,00018008_000.png,18008,0.18,cardiomegaly_1,-4.654047,0.009433152,0.9545551
edit,00018011_000.png,18011,0.18,cardiomegaly_1,5.991289,0.99750584,0.9900849
edit,00018488_002.png,18488,0.18,cardiomegaly_1,-1.1195583,0.24609321,0.73172915
edit,00018616_000.png,18616,0.18,cardiomegaly_1,4.9977417,0.9932921,0.98939824
edit,00019435_003.png,19435,0.18,cardiomegaly_1,-4.3198643,0.0131270755,0.9413828
edit,00019535_002.png,19535,0.18,cardiomegaly_1,-0.62495804,0.34865466,0.7517903
edit,00019544_000.png,19544,0.18,cardiomegaly_1,2.7772522,0.9414341,0.9434782
edit,00019911_001.png,19911,0.18,cardiomegaly_1,-2.2975845,0.09132321,0.75582045
edit,00020318_024.png,20318,0.18,cardiomegaly_1,2.7032375,0.9372175,0.95725024
edit,00020341_000.png,20341,0.18,cardiomegaly_1,-3.1413097,0.04143507,0.8564225
edit,00020642_006.png,20642,0.18,cardiomegaly_1,1.8175678,0.8602741,0.8753544
edit,00020674_000.png,20674,0.18,cardiomegaly_1,-3.9275475,0.019311626,0.9158071
edit,00020716_002.png,20716,0.18,cardiomegaly_1,6.7907867,0.9988771,0.99465597
edit,00020802_000.png,20802,0.18,cardiomegaly_1,-4.7179737,0.008854165,0.9587609
edit,00021023_024.png,21023,0.18,cardiomegaly_1,-2.8036804,0.057125617,0.76571804
edit,00021569_000.png,21569,0.18,cardiomegaly_1,-0.47710037,0.38293707,0.6844411
edit,00022341_000.png,22341,0.18,cardiomegaly_1,-2.718151,0.061910752,0.81482166
edit,00022582_001.png,22582,0.18,cardiomegaly_1,5.250622,0.9947831,0.9869491
edit,00022712_000.png,22712,0.18,cardiomegaly_1,-1.1318302,0.2438235,0.7226028
edit,00023621_000.png,23621,0.18,cardiomegaly_1,5.633766,0.99643767,0.9891775
edit,00023776_000.png,23776,0.18,cardiomegaly_1,-1.8435535,0.13663156,0.72560203
edit,00024192_000.png,24192,0.18,cardiomegaly_1,2.4117222,0.9177168,0.92297846
edit,00024326_000.png,24326,0.18,cardiomegaly_1,-4.6862354,0.009137079,0.96734345
edit,00024474_000.png,24474,0.18,cardiomegaly_1,-4.6829357,0.0091670025,0.9623249
edit,00024583_000.png,24583,0.18,cardiomegaly_1,-4.7286453,0.008761003,0.9646806
edit,00025054_000.png,25054,0.18,cardiomegaly_1,-1.2595882,0.22104481,0.68091387
edit,00026354_001.png,26354,0.18,cardiomegaly_1,7.5592556,0.999479,0.9964952
edit,00026807_000.png,26807,0.18,cardiomegaly_1,-5.4526043,0.004266846,0.97747153
edit,00027305_000.png,27305,0.18,cardiomegaly_1,-2.9938908,0.047702633,0.85676104
edit,00028027_005.png,28027,0.18,cardiomegaly_1,1.5998383,0.8319957,0.8805754
edit,00028053_000.png,28053,0.18,cardiomegaly_1,-3.73773,0.023254443,0.91239256
edit,00028457_000.png,28457,0.18,cardiomegaly_1,7.402437,0.9993906,0.9961374
edit,00028962_000.png,28962,0.18,cardiomegaly_1,-0.078063965,0.48049393,0.7701754
edit,00029393_000.png,29393,0.18,cardiomegaly_1,6.0396786,0.9976234,0.9933867
edit,00029569_000.png,29569,0.18,cardiomegaly_1,7.589552,0.99949455,0.99572384
edit,00029648_000.png,29648,0.18,cardiomegaly_1,5.5382175,0.9960819,0.9915809
edit,00030332_000.png,30332,0.18,cardiomegaly_1,-3.4325447,0.031293698,0.89794177
edit,00030805_000.png,30805,0.18,cardiomegaly_1,3.8540573,0.9792462,0.9613289
edit,00001059_006.png,1059,0.24,cardiomegaly_1,6.5375557,0.99855405,0.9942549
edit,00001174_000.png,1174,0.24,cardiomegaly_1,3.7751503,0.97758055,0.97369707
edit,00001470_001.png,1470,0.24,cardiomegaly_1,3.9559746,0.9812195,0.9836506
edit,00001606_004.png,1606,0.24,cardiomegaly_1,8.087915,0.9996929,0.9959592
edit,00002139_000.png,2139,0.24,cardiomegaly_1,6.346777,0.99825066,0.9925869
edit,00002355_005.png,2355,0.24,cardiomegaly_1,8.43012,0.9997819,0.9974395
edit,00002492_010.png,2492,0.24,cardiomegaly_1,1.9364548,0.87396216,0.9050353
edit,00002566_000.png,2566,0.24,cardiomegaly_1,8.014864,0.99966955,0.99662125
edit,00003064_010.png,3064,0.24,cardiomegaly_1,4.5604115,0.9896505,0.9832714
edit,00003804_012.png,3804,0.24,cardiomegaly_1,-1.8181744,0.13965309,0.7089445
edit,00003917_000.png,3917,0.24,cardiomegaly_1,6.232649,0.99803966,0.99307674
edit,00004057_000.png,4057,0.24,cardiomegaly_1,-2.8835354,0.052973494,0.8261988
edit,00005623_000.png,5623,0.24,cardiomegaly_1,-3.6865997,0.02444455,0.89002657
edit,00006012_000.png,6012,0.24,cardiomegaly_1,3.892208,0.9800076,0.97931516
edit,00006791_002.png,6791,0.24,cardiomegaly_1,7.674221,0.99953556,0.99627376
edit,00006921_000.png,6921,0.24,cardiomegaly_1,-4.2557564,0.013984032,0.9297534
edit,00006981_017.png,6981,0.24,cardiomegaly_1,-3.4937286,0.0294912,0.8997921
edit,00007082_000.png,7082,0.24,cardiomegaly_1,8.361067,0.9997663,0.9974921
edit,00007159_000.png,7159,0.24,cardiomegaly_1,8.23484,0.9997348,0.99727845
edit,00007340_004.png,7340,0.24,cardiomegaly_1,3.0340424,0.95408857,0.96794486
edit,00007589_000.png,7589,0.24,cardiomegaly_1,0.4058361,0.600089,0.81617826
edit,00007931_000.png,7931,0.24,cardiomegaly_1,7.371645,0.9993716,0.9969276
edit,00008142_005.png,8142,0.24,cardiomegaly_1,-4.400669,0.012120421,0.94937354
edit,00008147_000.png,8147,0.24,cardiomegaly_1,-4.1517334,0.015493294,0.9438216
edit,00008184_003.png,8184,0.24,cardiomegaly_1,6.8432217,0.99893445,0.99426484
edit,00008359_000.png,8359,0.24,cardiomegaly_1,7.8203545,0.9995987,0.99564135
edit,00008386_001.png,8386,0.24,cardiomegaly_1,4.611801,0.99016374,0.98706913
edit,00008802_008.png,8802,0.24,cardiomegaly_1,7.8655643,0.9996164,0.99629813
edit,00009090_001.png,9090,0.24,cardiomegaly_1,8.48155,0.99979275,0.99779433
edit,00009105_003.png,9105,0.24,cardiomegaly_1,4.23827,0.9857728,0.97779
edit,00009306_000.png,9306,0.24,cardiomegaly_1,2.4857788,0.92313886,0.9525773
edit,00009335_000.png,9335,0.24,cardiomegaly_1,6.92083,0.9990139,0.99469864
edit,00009409_002.png,9409,0.24,cardiomegaly_1,2.1309032,0.8938708,0.9002913
edit,00009761_000.png,9761,0.24,cardiomegaly_1,7.1522617,0.9992175,0.9950447
edit,00010465_001.png,10465,0.24,cardiomegaly_1,7.380663,0.9993772,0.99548686
edit,00010892_000.png,10892,0.24,cardiomegaly_1,1.8486786,0.8639719,0.8702216
edit,00010931_003.png,10931,0.24,cardiomegaly_1,7.678379,0.99953747,0.99637216
edit,00010964_000.png,10964,0.24,cardiomegaly_1,8.45524,0.9997873,0.9967879
edit,00011611_000.png,11611,0.24,cardiomegaly_1,1.1264343,0.75518024,0.80191606
edit,00012129_000.png,12129,0.24,cardiomegaly_1,5.5108833,0.99597377,0.9894268
edit,00012400_000.png,12400,0.24,cardiomegaly_1,8.039345,0.99967766,0.995572
edit,00012772_003.png,12772,0.24,cardiomegaly_1,-3.5444756,0.028072914,0.8665665
edit,00012902_001.png,12902,0.24,cardiomegaly_1,-0.57765007,0.3594735,0.6819368
edit,00013441_000.png,13441,0.24,cardiomegaly_1,7.2434444,0.99928564,0.99361366
edit,00013678_003.png,13678,0.24,cardiomegaly_1,7.9557495,0.9996495,0.9965151
edit,00013759_000.png,13759,0.24,cardiomegaly_1,-3.8933067,0.019970886,0.93337655
edit,00014281_000.png,14281,0.24,cardiomegaly_1,-2.090641,0.1100098,0.7207288
edit,00014295_001.png,14295,0.24,cardiomegaly_1,-4.8385983,0.007855941,0.9597054
edit,00014387_006.png,14387,0.24,cardiomegaly_1,3.4622612,0.9695948,0.96245414
edit,00014838_000.png,14838,0.24,cardiomegaly_1,8.261272,0.99974173,0.9973251
edit,00014954_000.png,14954,0.24,cardiomegaly_1,-3.9057198,0.01972938,0.9199317
edit,00015056_005.png,15056,0.24,cardiomegaly_1,8.1584,0.9997137,0.99709445
edit,00015087_011.png,15087,0.24,cardiomegaly_1,7.3812504,0.99937755,0.9960783
edit,00016191_019.png,16191,0.24,cardiomegaly_1,4.7474957,0.99140114,0.9869055
edit,00016245_000.png,16245,0.24,cardiomegaly_1,-3.6900768,0.024361769,0.915299
edit,00016498_001.png,16498,0.24,cardiomegaly_1,-3.0671082,0.04448458,0.8528146
edit,00016509_001.png,16509,0.24,cardiomegaly_1,8.188581,0.9997223,0.9971747
edit,00016512_001.png,16512,0.24,cardiomegaly_1,7.6049232,0.9995023,0.9950343
edit,00016724_002.png,16724,0.24,cardiomegaly_1,6.5967884,0.99863714,0.9937314
edit,00016865_000.png,16865,0.24,cardiomegaly_1,6.310335,0.9981858,0.9934167
edit,00016907_000.png,16907,0.24,cardiomegaly_1,-3.9644642,0.01862474,0.9216799
edit,00017381_000.png,17381,0.24,cardiomegaly_1,4.2282124,0.985631,0.9766094
edit,00018008_000.png,18008,0.24,cardiomegaly_1,-4.6559143,0.00941572,0.9494616
edit,00018011_000.png,18011,0.24,cardiomegaly_1,7.4399624,0.999413,0.99524814
edit,00018488_002.png,18488,0.24,cardiomegaly_1,-1.2687511,0.21947111,0.707412
edit,00018616_000.png,18616,0.24,cardiomegaly_1,5.556072,0.996151,0.99232864
edit,00019435_003.png,19435,0.24,cardiomegaly_1,1.5027504,0.81798434,0.8343186
edit,00019535_002.png,19535,0.24,cardiomegaly_1,2.6156502,0.93186206,0.954135
edit,00019544_000.png,19544,0.24,cardiomegaly_1,6.4140015,0.99836427,0.99292266
edit,00019911_001.png,19911,0.24,cardiomegaly_1,3.2512455,0.96271783,0.9680249
edit,00020318_024.png,20318,0.24,cardiomegaly_1,3.157652,0.95920914,0.9681189
edit,00020341_000.png,20341,0.24,cardiomegaly_1,-1.0269489,0.26367605,0.6991379
edit,00020642_006.png,20642,0.24,cardiomegaly_1,5.627022,0.99641365,0.9910157
edit,00020674_000.png,20674,0.24,cardiomegaly_1,1.033432,0.7375807,0.82881284
edit,00020716_002.png,20716,0.24,cardiomegaly_1,7.8318443,0.99960333,0.9966498
edit,00020802_000.png,20802,0.24,cardiomegaly_1,-4.4757977,0.011253068,0.9534332
edit,00021023_024.png,21023,0.24,cardiomegaly_1,-2.2404232,0.09617875,0.6956447
edit,00021569_000.png,21569,0.24,cardiomegaly_1,3.0859509,0.9563095,0.9512835
edit,00022341_000.png,22341,0.24,cardiomegaly_1,2.861353,0.9459025,0.9437149
edit,00022582_001.png,22582,0.24,cardiomegaly_1,7.8533115,0.9996117,0.9960764
edit,00022712_000.png,22712,0.24,cardiomegaly_1,2.3223171,0.9107085,0.930209
edit,00023621_000.png,23621,0.24,cardiomegaly_1,7.710251,0.99955195,0.99643975
edit,00023776_000.png,23776,0.24,cardiomegaly_1,2.0763607,0.8885842,0.889601
edit,00024192_000.png,24192,0.24,cardiomegaly_1,5.125046,0.99408925,0.98744166
edit,00024326_000.png,24326,0.24,cardiomegaly_1,-4.2906284,0.013511261,0.9495757
edit,00024474_000.png,24474,0.24,cardiomegaly_1,-4.05756,0.016997255,0.9263537
edit,00024583_000.png,24583,0.24,cardiomegaly_1,-3.8149242,0.021564124,0.9232112
edit,00025054_000.png,25054,0.24,cardiomegaly_1,5.0802574,0.99382013,0.9888994
edit,00026354_001.png,26354,0.24,cardiomegaly_1,8.248804,0.9997385,0.9974132
edit,00026807_000.png,26807,0.24,cardiomegaly_1,-5.254587,0.0051963595,0.9720862
edit,00027305_000.png,27305,0.24,cardiomegaly_1,2.0634327,0.88729787,0.9073524
edit,00028027_005.png,28027,0.24,cardiomegaly_1,2.317257,0.9102962,0.9289941
edit,00028053_000.png,28053,0.24,cardiomegaly_1,-2.045515,0.11450634,0.75832355
edit,00028457_000.png,28457,0.24,cardiomegaly_1,7.950554,0.9996476,0.99735767
edit,00028962_000.png,28962,0.24,cardiomegaly_1,3.8451843,0.9790652,0.98186773
edit,00029393_000.png,29393,0.24,cardiomegaly_1,6.916584,0.9990097,0.99602914
edit,00029569_000.png,29569,0.24,cardiomegaly_1,8.025055,0.999673,0.9971726
edit,00029648_000.png,29648,0.24,cardiomegaly_1,7.3494854,0.9993575,0.99573046
edit,00030332_000.png,30332,0.24,cardiomegaly_1,-0.6668701,0.33919805,0.7172606
edit,00030805_000.png,30805,0.24,cardiomegaly_1,6.7366104,0.9988148,0.99266106
edit,00001059_006.png,1059,0.3,cardiomegaly_1,7.413288,0.99939716,0.9964304
edit,00001174_000.png,1174,0.3,cardiomegaly_1,7.0282555,0.99911433,0.99463356
edit,00001470_001.png,1470,0.3,cardiomegaly_1,4.8942547,0.9925662,0.9889696
edit,00001606_004.png,1606,0.3,cardiomegaly_1,8.281229,0.99974686,0.9961043
edit,00002139_000.png,2139,0.3,cardiomegaly_1,6.884571,0.99897766,0.9947944
edit,00002355_005.png,2355,0.3,cardiomegaly_1,8.519037,0.9998004,0.9977294
edit,00002492_010.png,2492,0.3,cardiomegaly_1,3.5966282,0.9733156,0.9676399
edit,00002566_000.png,2566,0.3,cardiomegaly_1,7.9410458,0.9996443,0.9964685
edit,00003064_010.png,3064,0.3,cardiomegaly_1,7.657219,0.9995276,0.99602073
edit,00003804_012.png,3804,0.3,cardiomegaly_1,2.3035202,0.9091681,0.9253873
edit,00003917_000.png,3917,0.3,cardiomegaly_1,7.9147224,0.99963474,0.9969975
edit,00004057_000.png,4057,0.3,cardiomegaly_1,-2.1864262,0.10097606,0.7458201
edit,00005623_000.png,5623,0.3,cardiomegaly_1,-2.5245037,0.07415813,0.76156086
edit,00006012_000.png,6012,0.3,cardiomegaly_1,5.951435,0.99740463,0.9927744
edit,00006791_002.png,6791,0.3,cardiomegaly_1,8.029703,0.99967444,0.99646723
edit,00006921_000.png,6921,0.3,cardiomegaly_1,-2.1279202,0.1064126,0.7234028
edit,00006981_017.png,6981,0.3,cardiomegaly_1,-1.3808441,0.20087348,0.7367574
edit,00007082_000.png,7082,0.3,cardiomegaly_1,8.518385,0.99980026,0.99750483
edit,00007159_000.png,7159,0.3,cardiomegaly_1,8.19129,0.999723,0.99727917
edit,00007340_004.png,7340,0.3,cardiomegaly_1,6.6334896,0.99868613,0.9953056
edit,00007589_000.png,7589,0.3,cardiomegaly_1,2.6569347,0.9344371,0.95369846
edit,00007931_000.png,7931,0.3,cardiomegaly_1,7.8191833,0.9995982,0.9971335
edit,00008142_005.png,8142,0.3,cardiomegaly_1,-3.7616558,0.022717154,0.9075758
edit,00008147_000.png,8147,0.3,cardiomegaly_1,-2.6035137,0.068912625,0.81975466
edit,00008184_003.png,8184,0.3,cardiomegaly_1,7.794548,0.9995882,0.9956117
edit,00008359_000.png,8359,0.3,cardiomegaly_1,8.600544,0.999816,0.9967843
edit,00008386_001.png,8386,0.3,cardiomegaly_1,6.424965,0.9983821,0.99430823
edit,00008802_008.png,8802,0.3,cardiomegaly_1,8.75972,0.9998431,0.9972296
edit,00009090_001.png,9090,0.3,cardiomegaly_1,8.382992,0.9997713,0.99796504
edit,00009105_003.png,9105,0.3,cardiomegaly_1,7.114094,0.99918705,0.99407417
edit,00009306_000.png,9306,0.3,cardiomegaly_1,3.470211,0.9698281,0.97420835
edit,00009335_000.png,9335,0.3,cardiomegaly_1,7.658903,0.9995284,0.996418
edit,00009409_002.png,9409,0.3,cardiomegaly_1,4.8718834,0.9923993,0.9842477
edit,00009761_000.png,9761,0.3,cardiomegaly_1,7.480665,0.99943644,0.99578106
edit,00010465_001.png,10465,0.3,cardiomegaly_1,8.151691,0.9997118,0.9969627
edit,00010892_000.png,10892,0.3,cardiomegaly_1,4.9213676,0.9927636,0.987435
edit,00010931_003.png,10931,0.3,cardiomegaly_1,8.404303,0.9997762,0.99731416
edit,00010964_000.png,10964,0.3,cardiomegaly_1,8.742039,0.99984026,0.9975398
edit,00011611_000.png,11611,0.3,cardiomegaly_1,5.1355457,0.9941506,0.9837637
edit,00012129_000.png,12129,0.3,cardiomegaly_1,7.7224636,0.99955744,0.99614453
edit,00012400_000.png,12400,0.3,cardiomegaly_1,8.480886,0.99979264,0.9972155
edit,00012772_003.png,12772,0.3,cardiomegaly_1,-0.97436905,0.2740105,0.6490877
edit,00012902_001.png,12902,0.3,cardiomegaly_1,3.3708801,0.96678203,0.9605628
edit,00013441_000.png,13441,0.3,cardiomegaly_1,8.139351,0.99970824,0.99581665
edit,00013678_003.png,13678,0.3,cardiomegaly_1,8.238747,0.9997359,0.9967214
edit,00013759_000.png,13759,0.3,cardiomegaly_1,0.60406303,0.64658535,0.76457894
edit,00014281_000.png,14281,0.3,cardiomegaly_1,4.309986,0.9867444,0.97789025
edit,00014295_001.png,14295,0.3,cardiomegaly_1,-4.0105553,0.017800722,0.91969675
edit,00014387_006.png,14387,0.3,cardiomegaly_1,4.0095367,0.9821815,0.9747458
edit,00014838_000.png,14838,0.3,cardiomegaly_1,8.247267,0.99973804,0.99757224
edit,00014954_000.png,14954,0.3,cardiomegaly_1,-2.6516132,0.06588965,0.7865255
edit,00015056_005.png,15056,0.3,cardiomegaly_1,8.391918,0.9997733,0.9973868
edit,00015087_011.png,15087,0.3,cardiomegaly_1,7.8179417,0.9995977,0.9968431
edit,00016191_019.png,16191,0.3,cardiomegaly_1,6.8163395,0.9989054,0.9948307
edit,00016245_000.png,16245,0.3,cardiomegaly_1,1.3516235,0.79439497,0.8636484
edit,00016498_001.png,16498,0.3,cardiomegaly_1,-0.47797203,0.3827311,0.75214225
edit,00016509_001.png,16509,0.3,cardiomegaly_1,8.410891,0.9997776,0.99715906
edit,00016512_001.png,16512,0.3,cardiomegaly_1,8.528563,0.9998023,0.99697024
edit,00016724_002.png,16724,0.3,cardiomegaly_1,7.24354,0.99928576,0.9953694
edit,00016865_000.png,16865,0.3,cardiomegaly_1,6.9130707,0.99900633,0.9948978
edit,00016907_000.png,16907,0.3,cardiomegaly_1,-3.980999,0.018324912,0.9209
edit,00017381_000.png,17381,0.3,cardiomegaly_1,7.883564,0.9996232,0.9956553
edit,00018008_000.png,18008,0.3,cardiomegaly_1,-4.495182,0.01103942,0.942528
edit,00018011_000.png,18011,0.3,cardiomegaly_1,7.7899036,0.9995863,0.99575317
edit,00018488_002.png,18488,0.3,cardiomegaly_1,-1.1895161,0.2333455,0.6833692
edit,00018616_000.png,18616,0.3,cardiomegaly_1,6.278368,0.99812704,0.9944222
edit,00019435_003.png,19435,0.3,cardiomegaly_1,6.3987045,0.99833906,0.9922039
edit,00019535_002.png,19535,0.3,cardiomegaly_1,5.429041,0.99563193,0.98997736
edit,00019544_000.png,19544,0.3,cardiomegaly_1,6.8839874,0.99897707,0.9946464
edit,00019911_001.png,19911,0.3,cardiomegaly_1,7.1167564,0.9991893,0.9952929
edit,00020318_024.png,20318,0.3,cardiomegaly_1,5.002733,0.99332523,0.9889776
edit,00020341_000.png,20341,0.3,cardiomegaly_1,3.45574,0.9694018,0.9773725
edit,00020642_006.png,20642,0.3,cardiomegaly_1,7.616129,0.9995078,0.99665993
edit,00020674_000.png,20674,0.3,cardiomegaly_1,4.327919,0.9869768,0.9837982
edit,00020716_002.png,20716,0.3,cardiomegaly_1,8.29125,0.99974936,0.99752605
edit,00020802_000.png,20802,0.3,cardiomegaly_1,-3.704544,0.024020264,0.9137596
edit,00021023_024.png,21023,0.3,cardiomegaly_1,2.2619991,0.90568054,0.9028903
edit,00021569_000.png,21569,0.3,cardiomegaly_1,7.349409,0.9993574,0.9949063
edit,00022341_000.png,22341,0.3,cardiomegaly_1,4.885887,0.99250424,0.98318654
edit,00022582_001.png,22582,0.3,cardiomegaly_1,8.536667,0.99980396,0.99732655
edit,00022712_000.png,22712,0.3,cardiomegaly_1,4.2428856,0.9858374,0.98194313
edit,00023621_000.png,23621,0.3,cardiomegaly_1,8.428566,0.99978155,0.99740374
edit,00023776_000.png,23776,0.3,cardiomegaly_1,5.3141136,0.9951024,0.98690367
edit,00024192_000.png,24192,0.3,cardiomegaly_1,7.87455,0.99961984,0.99616593
edit,00024326_000.png,24326,0.3,cardiomegaly_1,-3.8340816,0.021163603,0.930397
edit,00024474_000.png,24474,0.3,cardiomegaly_1,2.388567,0.9159513,0.9076533
edit,00024583_000.png,24583,0.3,cardiomegaly_1,-2.906147,0.05185053,0.828557
edit,00025054_000.png,25054,0.3,cardiomegaly_1,7.1825066,0.9992409,0.99556875
edit,00026354_001.png,26354,0.3,cardiomegaly_1,8.565685,0.99980956,0.997719
edit,00026807_000.png,26807,0.3,cardiomegaly_1,-4.9889717,0.0067665675,0.96963227
edit,00027305_000.png,27305,0.3,cardiomegaly_1,6.880396,0.99897337,0.99551976
edit,00028027_005.png,28027,0.3,cardiomegaly_1,2.9471798,0.95013005,0.9593674
edit,00028053_000.png,28053,0.3,cardiomegaly_1,4.04632,0.98281395,0.975381
edit,00028457_000.png,28457,0.3,cardiomegaly_1,8.348814,0.9997634,0.9976101
edit,00028962_000.png,28962,0.3,cardiomegaly_1,5.7497864,0.9968266,0.992503
edit,00029393_000.png,29393,0.3,cardiomegaly_1,8.324884,0.9997577,0.99768084
edit,00029569_000.png,29569,0.3,cardiomegaly_1,8.045179,0.99967945,0.9972194
edit,00029648_000.png,29648,0.3,cardiomegaly_1,8.206846,0.9997273,0.99715656
edit,00030332_000.png,30332,0.3,cardiomegaly_1,5.7648373,0.99687386,0.9925618
edit,00030805_000.png,30805,0.3,cardiomegaly_1,8.01898,0.999671,0.9968179
sham,00001059_006.png,1059,0.3,cardiomegaly_1,4.433939,0.98827153,0.9871951
sham,00001174_000.png,1174,0.3,cardiomegaly_1,-5.0751705,0.0062112007,0.96719724
sham,00001470_001.png,1470,0.3,cardiomegaly_1,-1.1085396,0.24814326,0.7383628
sham,00001606_004.png,1606,0.3,cardiomegaly_1,-0.8963413,0.2898029,0.6795443
sham,00002139_000.png,2139,0.3,cardiomegaly_1,2.7376003,0.9392092,0.9424478
sham,00002355_005.png,2355,0.3,cardiomegaly_1,-2.1536846,0.10398741,0.7529849
sham,00002492_010.png,2492,0.3,cardiomegaly_1,-4.0853786,0.016538644,0.9348748
sham,00002566_000.png,2566,0.3,cardiomegaly_1,-3.8656025,0.02052039,0.9314791
sham,00003064_010.png,3064,0.3,cardiomegaly_1,-1.0898132,0.25165346,0.7199934
sham,00003804_012.png,3804,0.3,cardiomegaly_1,-3.6655998,0.024950366,0.89376456
sham,00003917_000.png,3917,0.3,cardiomegaly_1,-3.9386044,0.019103331,0.8986437
sham,00004057_000.png,4057,0.3,cardiomegaly_1,-3.889801,0.020039616,0.92341316
sham,00005623_000.png,5623,0.3,cardiomegaly_1,-3.996996,0.018039348,0.9343377
sham,00006012_000.png,6012,0.3,cardiomegaly_1,-4.318426,0.013145721,0.9489795
sham,00006791_002.png,6791,0.3,cardiomegaly_1,-3.664772,0.024970515,0.9249104
sham,00006921_000.png,6921,0.3,cardiomegaly_1,-4.6699963,0.00928528,0.9500555
sham,00006981_017.png,6981,0.3,cardiomegaly_1,-4.642559,0.009541105,0.9580881
sham,00007082_000.png,7082,0.3,cardiomegaly_1,-1.2229614,0.22741571,0.7113056
sham,00007159_000.png,7159,0.3,cardiomegaly_1,-3.0266018,0.04623846,0.84335977
sham,00007340_004.png,7340,0.3,cardiomegaly_1,-3.9135036,0.019579401,0.92522734
sham,00007589_000.png,7589,0.3,cardiomegaly_1,-4.830839,0.007916649,0.96721274
sham,00007931_000.png,7931,0.3,cardiomegaly_1,-3.9403915,0.019069871,0.94694513
sham,00008142_005.png,8142,0.3,cardiomegaly_1,-4.6354065,0.009608935,0.954869
sham,00008147_000.png,8147,0.3,cardiomegaly_1,-2.2526913,0.09511757,0.8421704
sham,00008184_003.png,8184,0.3,cardiomegaly_1,-4.6934605,0.009071898,0.96319306
sham,00008359_000.png,8359,0.3,cardiomegaly_1,-3.2375221,0.03777786,0.87725633
sham,00008386_001.png,8386,0.3,cardiomegaly_1,-4.067934,0.01682479,0.93613124
sham,00008802_008.png,8802,0.3,cardiomegaly_1,-4.9037495,0.007364082,0.9605845
sham,00009090_001.png,9090,0.3,cardiomegaly_1,3.0563602,0.9550563,0.962266
sham,00009105_003.png,9105,0.3,cardiomegaly_1,-4.346464,0.012786907,0.9469422
sham,00009306_000.png,9306,0.3,cardiomegaly_1,-4.6742096,0.009246602,0.9595915
sham,00009335_000.png,9335,0.3,cardiomegaly_1,-4.4414635,0.011641566,0.94536996
sham,00009409_002.png,9409,0.3,cardiomegaly_1,-4.7055893,0.00896351,0.9593617
sham,00009761_000.png,9761,0.3,cardiomegaly_1,-1.463871,0.18787597,0.69620097
sham,00010465_001.png,10465,0.3,cardiomegaly_1,-4.2665195,0.013836399,0.93759954
sham,00010892_000.png,10892,0.3,cardiomegaly_1,-4.1109257,0.01612821,0.9445315
sham,00010931_003.png,10931,0.3,cardiomegaly_1,-4.227581,0.014377896,0.93903005
sham,00010964_000.png,10964,0.3,cardiomegaly_1,-4.5446434,0.010512278,0.9525659
sham,00011611_000.png,11611,0.3,cardiomegaly_1,-5.0583,0.006316208,0.96670115
sham,00012129_000.png,12129,0.3,cardiomegaly_1,-3.4876633,0.029665293,0.8920717
sham,00012400_000.png,12400,0.3,cardiomegaly_1,-4.5752068,0.0101990765,0.94888663
sham,00012772_003.png,12772,0.3,cardiomegaly_1,-4.532713,0.010637104,0.9502568
sham,00012902_001.png,12902,0.3,cardiomegaly_1,-4.678871,0.009203994,0.96521944
sham,00013441_000.png,13441,0.3,cardiomegaly_1,-3.8432636,0.020974224,0.90628797
sham,00013678_003.png,13678,0.3,cardiomegaly_1,-1.5295238,0.17806335,0.71796507
sham,00013759_000.png,13759,0.3,cardiomegaly_1,-3.8004837,0.021870922,0.922357
sham,00014281_000.png,14281,0.3,cardiomegaly_1,-4.6053257,0.009899466,0.9494872
sham,00014295_001.png,14295,0.3,cardiomegaly_1,-5.040653,0.0064279353,0.9672373
sham,00014387_006.png,14387,0.3,cardiomegaly_1,-2.8122559,0.056665473,0.82743984
sham,00014838_000.png,14838,0.3,cardiomegaly_1,-3.5673485,0.027455522,0.9033951
sham,00014954_000.png,14954,0.3,cardiomegaly_1,-5.0316925,0.0064854175,0.9698265
sham,00015056_005.png,15056,0.3,cardiomegaly_1,1.0154209,0.73407966,0.8260516
sham,00015087_011.png,15087,0.3,cardiomegaly_1,-1.5954227,0.16862233,0.738473
sham,00016191_019.png,16191,0.3,cardiomegaly_1,-0.4699707,0.38462317,0.7499263
sham,00016245_000.png,16245,0.3,cardiomegaly_1,-5.283432,0.005049358,0.9735317
sham,00016498_001.png,16498,0.3,cardiomegaly_1,-5.050993,0.0063622347,0.96106404
sham,00016509_001.png,16509,0.3,cardiomegaly_1,2.0440464,0.8853447,0.9179086
sham,00016512_001.png,16512,0.3,cardiomegaly_1,-4.0711,0.016772494,0.9251249
sham,00016724_002.png,16724,0.3,cardiomegaly_1,6.102907,0.99776864,0.99280757
sham,00016865_000.png,16865,0.3,cardiomegaly_1,-4.9405594,0.0070998287,0.96654207
sham,00016907_000.png,16907,0.3,cardiomegaly_1,-4.307474,0.013288559,0.9380081
sham,00017381_000.png,17381,0.3,cardiomegaly_1,0.6546612,0.6580601,0.84530294
sham,00018008_000.png,18008,0.3,cardiomegaly_1,-4.5810223,0.0101405345,0.94367063
sham,00018011_000.png,18011,0.3,cardiomegaly_1,-3.2163467,0.03855518,0.84425855
sham,00018488_002.png,18488,0.3,cardiomegaly_1,-0.8810692,0.29295626,0.6608484
sham,00018616_000.png,18616,0.3,cardiomegaly_1,-3.2914848,0.035864465,0.8839591
sham,00019435_003.png,19435,0.3,cardiomegaly_1,-2.2526417,0.09512184,0.79194957
sham,00019535_002.png,19535,0.3,cardiomegaly_1,-1.8490696,0.13598217,0.7930626
sham,00019544_000.png,19544,0.3,cardiomegaly_1,-4.9495792,0.0070365258,0.9635415
sham,00019911_001.png,19911,0.3,cardiomegaly_1,-2.0919552,0.10988121,0.7680632
sham,00020318_024.png,20318,0.3,cardiomegaly_1,-0.98233604,0.2724285,0.8043933
sham,00020341_000.png,20341,0.3,cardiomegaly_1,-3.4095936,0.031996984,0.873578
sham,00020642_006.png,20642,0.3,cardiomegaly_1,-4.7873917,0.008265283,0.96233547
sham,00020674_000.png,20674,0.3,cardiomegaly_1,-3.907524,0.019694515,0.9201769
sham,00020716_002.png,20716,0.3,cardiomegaly_1,-1.4142094,0.19557098,0.7462534
sham,00020802_000.png,20802,0.3,cardiomegaly_1,-4.8695087,0.0076186466,0.96759415
sham,00021023_024.png,21023,0.3,cardiomegaly_1,-4.05011,0.017122185,0.92189157
sham,00021569_000.png,21569,0.3,cardiomegaly_1,-4.8314495,0.007911856,0.9658991
sham,00022341_000.png,22341,0.3,cardiomegaly_1,-5.141882,0.0058126915,0.9673541
sham,00022582_001.png,22582,0.3,cardiomegaly_1,-4.671026,0.00927581,0.9498669
sham,00022712_000.png,22712,0.3,cardiomegaly_1,-4.83173,0.007909656,0.959553
sham,00023621_000.png,23621,0.3,cardiomegaly_1,-3.7630463,0.022686303,0.9262471
sham,00023776_000.png,23776,0.3,cardiomegaly_1,-3.9763985,0.018407853,0.9313976
sham,00024192_000.png,24192,0.3,cardiomegaly_1,-4.7891693,0.008250724,0.95950013
sham,00024326_000.png,24326,0.3,cardiomegaly_1,-4.9910355,0.0067527117,0.970742
sham,00024474_000.png,24474,0.3,cardiomegaly_1,-5.2264233,0.005343996,0.97072303
sham,00024583_000.png,24583,0.3,cardiomegaly_1,-4.9429054,0.0070833103,0.966874
sham,00025054_000.png,25054,0.3,cardiomegaly_1,-4.9188232,0.0072547095,0.9622157
sham,00026354_001.png,26354,0.3,cardiomegaly_1,-4.1299915,0.015828446,0.9295301
sham,00026807_000.png,26807,0.3,cardiomegaly_1,-5.4741116,0.004176437,0.9771458
sham,00027305_000.png,27305,0.3,cardiomegaly_1,-4.0210304,0.017618496,0.93433374
sham,00028027_005.png,28027,0.3,cardiomegaly_1,1.2009811,0.7686993,0.86946887
sham,00028053_000.png,28053,0.3,cardiomegaly_1,-5.1169796,0.0059583853,0.9701067
sham,00028457_000.png,28457,0.3,cardiomegaly_1,-3.3498726,0.033899337,0.8685027
sham,00028962_000.png,28962,0.3,cardiomegaly_1,-4.3054276,0.01331542,0.9444021
sham,00029393_000.png,29393,0.3,cardiomegaly_1,6.5656967,0.9985941,0.9921938
sham,00029569_000.png,29569,0.3,cardiomegaly_1,0.3749199,0.59264725,0.733271
sham,00029648_000.png,29648,0.3,cardiomegaly_1,-4.5883293,0.01006745,0.9523373
sham,00030332_000.png,30332,0.3,cardiomegaly_1,-3.5366707,0.028286655,0.8963145
sham,00030805_000.png,30805,0.3,cardiomegaly_1,-4.8235035,0.007974471,0.9538319
blank,00001059_006.png,1059,,cardiomegaly_1,-2.1028748,0.10881773,0.79608923
blank,00001174_000.png,1174,,cardiomegaly_1,-2.164896,0.10294743,0.8013245
blank,00001470_001.png,1470,,cardiomegaly_1,-2.4522076,0.07927726,0.8132671
blank,00001606_004.png,1606,,cardiomegaly_1,-2.357771,0.08645008,0.8110034
blank,00002139_000.png,2139,,cardiomegaly_1,-2.5894356,0.06982143,0.8351279
blank,00002355_005.png,2355,,cardiomegaly_1,-2.1226044,0.10691913,0.8006922
blank,00002492_010.png,2492,,cardiomegaly_1,-2.1873684,0.10089056,0.80050975
blank,00002566_000.png,2566,,cardiomegaly_1,-2.3493614,0.08711654,0.8052468
blank,00003064_010.png,3064,,cardiomegaly_1,-2.4522076,0.07927726,0.8132671
blank,00003804_012.png,3804,,cardiomegaly_1,-2.1400719,0.10526262,0.7941812
blank,00003917_000.png,3917,,cardiomegaly_1,-2.285698,0.0923144,0.80042094
blank,00004057_000.png,4057,,cardiomegaly_1,-2.5024815,0.075684406,0.8188145
blank,00005623_000.png,5623,,cardiomegaly_1,-2.1426125,0.10502358,0.8015567
blank,00006012_000.png,6012,,cardiomegaly_1,-2.4613018,0.07861599,0.826501
blank,00006791_002.png,6791,,cardiomegaly_1,-2.2050304,0.09929967,0.8078218
blank,00006921_000.png,6921,,cardiomegaly_1,-2.2050304,0.09929967,0.8078218
blank,00006981_017.png,6981,,cardiomegaly_1,-2.1028748,0.10881773,0.79608923
blank,00007082_000.png,7082,,cardiomegaly_1,-2.5146294,0.07483895,0.83418286
blank,00007159_000.png,7159,,cardiomegaly_1,-2.4821014,0.0771225,0.8136731
blank,00007340_004.png,7340,,cardiomegaly_1,-2.611702,0.06838909,0.8276439
blank,00007589_000.png,7589,,cardiomegaly_1,-2.4522076,0.07927726,0.8132671
blank,00007931_000.png,7931,,cardiomegaly_1,-2.697033,0.06314866,0.8424133
blank,00008142_005.png,8142,,cardiomegaly_1,-2.4403381,0.080147974,0.8190915
blank,00008147_000.png,8147,,cardiomegaly_1,-2.4000492,0.083168946,0.8176265
blank,00008184_003.png,8184,,cardiomegaly_1,-2.4000492,0.083168946,0.8176265
blank,00008359_000.png,8359,,cardiomegaly_1,-2.1873684,0.10089056,0.80050975
blank,00008386_001.png,8386,,cardiomegaly_1,-2.0808086,0.11097616,0.7933497
blank,00008802_008.png,8802,,cardiomegaly_1,-2.1618824,0.10322606,0.8013129
blank,00009090_001.png,9090,,cardiomegaly_1,-2.4522076,0.07927726,0.8132671
blank,00009105_003.png,9105,,cardiomegaly_1,-2.1450405,0.10479558,0.8027144
blank,00009306_000.png,9306,,cardiomegaly_1,-2.6428413,0.0664316,0.83821875
blank,00009335_000.png,9335,,cardiomegaly_1,-2.509098,0.07522283,0.81965977
blank,00009409_002.png,9409,,cardiomegaly_1,-2.6428413,0.0664316,0.83821875
blank,00009761_000.png,9761,,cardiomegaly_1,-2.3213253,0.08937214,0.8245337
blank,00010465_001.png,10465,,cardiomegaly_1,-2.127905,0.10641406,0.7931503
blank,00010892_000.png,10892,,cardiomegaly_1,-2.1745949,0.102055185,0.78461957
blank,00010931_003.png,10931,,cardiomegaly_1,-2.1028748,0.10881773,0.79608923
blank,00010964_000.png,10964,,cardiomegaly_1,-2.1860962,0.101006016,0.7913951
blank,00011611_000.png,11611,,cardiomegaly_1,-2.233055,0.09682115,0.81031394
blank,00012129_000.png,12129,,cardiomegaly_1,-2.1873684,0.10089056,0.80050975
blank,00012400_000.png,12400,,cardiomegaly_1,-2.164896,0.10294743,0.8013245
blank,00012772_003.png,12772,,cardiomegaly_1,-2.276226,0.093111135,0.808812
blank,00012902_001.png,12902,,cardiomegaly_1,-2.3029613,0.090878,0.8172658
blank,00013441_000.png,13441,,cardiomegaly_1,-2.153923,0.10396519,0.80892694
blank,00013678_003.png,13678,,cardiomegaly_1,-2.127905,0.10641406,0.7931503
blank,00013759_000.png,13759,,cardiomegaly_1,-2.1724434,0.10225252,0.7937334
blank,00014281_000.png,14281,,cardiomegaly_1,-2.2077427,0.09905735,0.81904703
blank,00014295_001.png,14295,,cardiomegaly_1,-2.2265034,0.09739559,0.81689733
blank,00014387_006.png,14387,,cardiomegaly_1,-2.239128,0.096291386,0.8009631
blank,00014838_000.png,14838,,cardiomegaly_1,-2.176859,0.1018479,0.8010295
blank,00014954_000.png,14954,,cardiomegaly_1,-2.2257423,0.09746251,0.801993
blank,00015056_005.png,15056,,cardiomegaly_1,-2.509098,0.07522283,0.81965977
blank,00015087_011.png,15087,,cardiomegaly_1,-2.7590714,0.059576374,0.84427226
blank,00016191_019.png,16191,,cardiomegaly_1,-2.2109394,0.09877242,0.79959214
blank,00016245_000.png,16245,,cardiomegaly_1,-2.5088482,0.07524021,0.8184714
blank,00016498_001.png,16498,,cardiomegaly_1,-2.2077427,0.09905735,0.81904703
blank,00016509_001.png,16509,,cardiomegaly_1,-2.1687183,0.10259497,0.80069715
blank,00016512_001.png,16512,,cardiomegaly_1,-2.3564682,0.086553015,0.8226747
blank,00016724_002.png,16724,,cardiomegaly_1,-2.381647,0.08458294,0.80858135
blank,00016865_000.png,16865,,cardiomegaly_1,-2.1226044,0.10691913,0.8006922
blank,00016907_000.png,16907,,cardiomegaly_1,-2.1028748,0.10881773,0.79608923
blank,00017381_000.png,17381,,cardiomegaly_1,-2.0808086,0.11097616,0.7933497
blank,00018008_000.png,18008,,cardiomegaly_1,-2.483387,0.07703105,0.8378422
blank,00018011_000.png,18011,,cardiomegaly_1,-2.1450405,0.10479558,0.8027144
blank,00018488_002.png,18488,,cardiomegaly_1,-2.183342,0.101256385,0.7836966
blank,00018616_000.png,18616,,cardiomegaly_1,-2.2265034,0.09739559,0.81689733
blank,00019435_003.png,19435,,cardiomegaly_1,-2.1745949,0.102055185,0.78461957
blank,00019535_002.png,19535,,cardiomegaly_1,-2.1860409,0.101011045,0.8012571
blank,00019544_000.png,19544,,cardiomegaly_1,-2.2075882,0.09907113,0.79341704
blank,00019911_001.png,19911,,cardiomegaly_1,-2.169735,0.10250141,0.8010233
blank,00020318_024.png,20318,,cardiomegaly_1,-2.2443542,0.09583757,0.80039847
blank,00020341_000.png,20341,,cardiomegaly_1,-2.0808086,0.11097616,0.7933497
blank,00020642_006.png,20642,,cardiomegaly_1,-2.1911144,0.10055126,0.8011002
blank,00020674_000.png,20674,,cardiomegaly_1,-2.239128,0.096291386,0.8009631
blank,00020716_002.png,20716,,cardiomegaly_1,-2.164896,0.10294743,0.8013245
blank,00020802_000.png,20802,,cardiomegaly_1,-2.1226044,0.10691913,0.8006922
blank,00021023_024.png,21023,,cardiomegaly_1,-2.233055,0.09682115,0.81031394
blank,00021569_000.png,21569,,cardiomegaly_1,-2.3395023,0.08790381,0.8079024
blank,00022341_000.png,22341,,cardiomegaly_1,-2.164896,0.10294743,0.8013245
blank,00022582_001.png,22582,,cardiomegaly_1,-2.2265034,0.09739559,0.81689733
blank,00022712_000.png,22712,,cardiomegaly_1,-2.29949,0.091165215,0.8074349
blank,00023621_000.png,23621,,cardiomegaly_1,-2.29949,0.091165215,0.8074349
blank,00023776_000.png,23776,,cardiomegaly_1,-2.2245579,0.09756676,0.80709106
blank,00024192_000.png,24192,,cardiomegaly_1,-2.1290188,0.106308185,0.79405886
blank,00024326_000.png,24326,,cardiomegaly_1,-2.3213253,0.08937214,0.8245337
blank,00024474_000.png,24474,,cardiomegaly_1,-2.1603775,0.10336546,0.80122447
blank,00024583_000.png,24583,,cardiomegaly_1,-2.2381783,0.09637407,0.811385
blank,00025054_000.png,25054,,cardiomegaly_1,-2.1963463,0.10007907,0.7987768
blank,00026354_001.png,26354,,cardiomegaly_1,-2.1826477,0.10131959,0.80143607
blank,00026807_000.png,26807,,cardiomegaly_1,-2.171856,0.10230646,0.80034304
blank,00027305_000.png,27305,,cardiomegaly_1,-2.2152805,0.09838666,0.8090886
blank,00028027_005.png,28027,,cardiomegaly_1,-2.300293,0.09109871,0.8062126
blank,00028053_000.png,28053,,cardiomegaly_1,-2.1963463,0.10007907,0.7987768
blank,00028457_000.png,28457,,cardiomegaly_1,-2.1837158,0.10122237,0.8110722
blank,00028962_000.png,28962,,cardiomegaly_1,-2.2037182,0.09941709,0.80057037
blank,00029393_000.png,29393,,cardiomegaly_1,-2.2037182,0.09941709,0.80057037
blank,00029569_000.png,29569,,cardiomegaly_1,-2.118969,0.10726677,0.7955932
blank,00029648_000.png,29648,,cardiomegaly_1,-2.2037182,0.09941709,0.80057037
blank,00030332_000.png,30332,,cardiomegaly_1,-2.2212048,0.097862385,0.8045863
blank,00030805_000.png,30805,,cardiomegaly_1,-2.411232,0.082320206,0.81263804
real,00000023_002.png,23,,effusion_0,-0.42119217,0.39623153,0.7997682
real,00000041_002.png,41,,effusion_0,1.2424469,0.77598965,0.9282841
real,00000041_006.png,41,,effusion_0,0.21973991,0.554715,0.88611025
real,00000078_001.png,78,,effusion_0,3.987833,0.9817976,0.9944129
real,00000121_006.png,121,,effusion_0,0.11761856,0.5293708,0.8604605
real,00000121_007.png,121,,effusion_0,-1.1196041,0.24608472,0.87266725
real,00000148_001.png,148,,effusion_0,3.4044533,0.9678435,0.98885196
real,00000148_002.png,148,,effusion_0,0.95697784,0.7225163,0.8923096
real,00000176_001.png,176,,effusion_0,-1.4652901,0.18765955,0.8192295
real,00000176_002.png,176,,effusion_0,-0.8711548,0.29501405,0.80788946
real,00000200_001.png,200,,effusion_0,0.04685211,0.5117109,0.83077806
real,00000240_000.png,240,,effusion_0,-0.731369,0.3248944,0.8130794
real,00000246_008.png,246,,effusion_0,1.8435249,0.8633651,0.92924523
real,00000246_012.png,246,,effusion_0,2.9156818,0.94861627,0.9734089
real,00000246_013.png,246,,effusion_0,3.2734451,0.96350646,0.9841538
real,00000284_004.png,284,,effusion_0,-1.209938,0.229712,0.8530047
real,00000284_005.png,284,,effusion_0,0.9014244,0.71124214,0.86907756
real,00000337_000.png,337,,effusion_0,4.142309,0.98436236,0.9921002
real,00000404_002.png,404,,effusion_0,2.5508366,0.92762965,0.9734157
real,00000457_002.png,457,,effusion_0,3.5771408,0.9728047,0.9876541
real,00000457_003.png,457,,effusion_0,4.2974625,0.9865795,0.99161583
real,00000457_004.png,457,,effusion_0,-2.8901978,0.052640256,0.9233163
real,00000499_002.png,499,,effusion_0,-1.5327034,0.17759849,0.8701736
real,00000499_003.png,499,,effusion_0,-2.2767296,0.09306864,0.885808
real,00000591_001.png,591,,effusion_0,2.1176624,0.89260805,0.9654097
real,00000591_002.png,591,,effusion_0,2.5022411,0.9242988,0.9780955
real,00000591_004.png,591,,effusion_0,3.0819492,0.95614207,0.986958
real,00000591_005.png,591,,effusion_0,2.4352474,0.919476,0.97584623
real,00000591_006.png,591,,effusion_0,4.637068,0.9904068,0.9964181
real,00000591_007.png,591,,effusion_0,4.3904686,0.98775685,0.99514145
real,00000591_009.png,591,,effusion_0,2.1248112,0.89329135,0.95653886
real,00000591_010.png,591,,effusion_0,2.5021744,0.9242941,0.97632086
real,00000591_011.png,591,,effusion_0,3.3457508,0.96596545,0.98969376
real,00000591_012.png,591,,effusion_0,4.4522057,0.9884814,0.995662
real,00000591_013.png,591,,effusion_0,3.9954567,0.9819334,0.9938042
real,00000591_014.png,591,,effusion_0,4.3367844,0.9870903,0.99296194
real,00000591_015.png,591,,effusion_0,4.4917946,0.9889235,0.9935311
real,00000591_016.png,591,,effusion_0,4.00037,0.9820203,0.99041593
real,00000591_018.png,591,,effusion_0,3.866169,0.97949106,0.9908865
real,00000591_019.png,591,,effusion_0,3.8643513,0.97945446,0.9889674
real,00000622_000.png,622,,effusion_0,-3.704998,0.024009624,0.95549405
real,00000661_001.png,661,,effusion_0,-1.0432053,0.26053202,0.841902
real,00000661_000.png,661,,effusion_0,-1.0673313,0.25591093,0.85469574
real,00000707_002.png,707,,effusion_0,1.3918476,0.80088705,0.89988303
real,00000787_002.png,787,,effusion_0,-2.115076,0.10764012,0.89749336
real,00000848_000.png,848,,effusion_0,1.5849724,0.8299076,0.9482933
real,00000869_008.png,869,,effusion_0,2.0415878,0.8850949,0.95543486
real,00000949_005.png,949,,effusion_0,-2.8861408,0.05284294,0.9139678
real,00001075_038.png,1075,,effusion_0,-4.793623,0.008214361,0.988483
real,00001075_045.png,1075,,effusion_0,-4.52092,0.010761933,0.9856044
real,00001075_046.png,1075,,effusion_0,-3.9477882,0.018931998,0.9701453
real,00001075_047.png,1075,,effusion_0,-4.443308,0.011620364,0.9828175
real,00001075_007.png,1075,,effusion_0,3.476839,0.9700216,0.9843951
real,00001075_022.png,1075,,effusion_0,1.0522499,0.74120677,0.8443281
real,00001075_033.png,1075,,effusion_0,-0.73433876,0.32424334,0.7596653
real,00001096_001.png,1096,,effusion_0,-4.06649,0.016848689,0.9687659
real,00001104_022.png,1104,,effusion_0,2.4502087,0.9205767,0.9767232
real,00001170_006.png,1170,,effusion_0,0.9486103,0.7208356,0.8661056
real,00001170_020.png,1170,,effusion_0,2.0038471,0.8812004,0.92804563
real,00001170_021.png,1170,,effusion_0,2.0529537,0.8862457,0.9502295
real,00001170_023.png,1170,,effusion_0,2.324768,0.9109077,0.96100086
real,00001170_030.png,1170,,effusion_0,2.6224232,0.9322908,0.9699193
real,00001170_034.png,1170,,effusion_0,2.5664062,0.928668,0.9676994
real,00001170_035.png,1170,,effusion_0,2.784874,0.941853,0.9719794
real,00001170_036.png,1170,,effusion_0,2.6573944,0.9344653,0.9677911
real,00001170_037.png,1170,,effusion_0,3.0253563,0.9537066,0.9766808
real,00001170_039.png,1170,,effusion_0,2.5587826,0.9281613,0.969208
real,00001170_040.png,1170,,effusion_0,2.4787827,0.9226409,0.96107113
real,00001170_045.png,1170,,effusion_0,2.952118,0.9503635,0.97650886
real,00001170_046.png,1170,,effusion_0,2.8457298,0.9450975,0.9760054
real,00001170_047.png,1170,,effusion_0,2.4728222,0.9222144,0.9661082
real,00001187_001.png,1187,,effusion_0,-0.10584831,0.47356257,0.88042146
real,00001248_022.png,1248,,effusion_0,2.1952305,0.8998204,0.95850945
real,00001248_023.png,1248,,effusion_0,1.9279499,0.8730223,0.94385016
real,00001248_024.png,1248,,effusion_0,1.4982643,0.81731546,0.9295204
real,00001248_025.png,1248,,effusion_0,1.4713097,0.8132564,0.9228506
real,00001248_028.png,1248,,effusion_0,2.3757343,0.9149581,0.9583562
real,00001248_036.png,1248,,effusion_0,3.6435928,0.9745086,0.99065125
real,00001248_038.png,1248,,effusion_0,2.8174534,0.9436117,0.98134583
real,00001248_000.png,1248,,effusion_0,1.5745144,0.8284262,0.9555071
real,00001248_002.png,1248,,effusion_0,2.0537605,0.8863271,0.97357327
real,00001248_003.png,1248,,effusion_0,2.045166,0.88545823,0.9702455
real,00001248_004.png,1248,,effusion_0,2.11755,0.8925973,0.96801794
real,00001248_016.png,1248,,effusion_0,2.5157528,0.9252388,0.9843846
real,00001248_017.png,1248,,effusion_0,2.2989197,0.90878755,0.9810571
real,00001309_002.png,1309,,effusion_0,0.50427246,0.62346286,0.83535266
real,00001458_001.png,1458,,effusion_0,1.6167984,0.83435315,0.9337022
real,00001470_006.png,1470,,effusion_0,2.6796894,0.9358175,0.96789724
real,00001470_007.png,1470,,effusion_0,2.2657394,0.90599954,0.9619563
real,00001775_001.png,1775,,effusion_0,3.2239685,0.96172637,0.986
real,00001775_002.png,1775,,effusion_0,3.3058872,0.96463025,0.98837554
real,00001775_004.png,1775,,effusion_0,3.570877,0.9726386,0.9889816
real,00001775_005.png,1775,,effusion_0,3.4119473,0.9680759,0.98788214
real,00001782_000.png,1782,,effusion_0,2.4906063,0.92348063,0.97424334
real,00001784_000.png,1784,,effusion_0,-1.0378685,0.26156148,0.8110983
real,00001974_000.png,1974,,effusion_0,3.3244572,0.9652584,0.98681927
real,00001974_003.png,1974,,effusion_0,-1.0203743,0.2649545,0.80971134
real,00001989_011.png,1989,,effusion_0,3.1827831,0.96018124,0.97741485
real,00002046_003.png,2046,,effusion_0,1.9395103,0.8742984,0.94288814
real,00002083_000.png,2083,,effusion_0,-1.6804066,0.15704164,0.8651791
real,00002120_005.png,2120,,effusion_0,2.1417809,0.89489824,0.953981
real,00002239_002.png,2239,,effusion_0,-3.9333496,0.019202046,0.97613174
real,00002239_005.png,2239,,effusion_0,3.177723,0.9599873,0.9815119
real,00002239_006.png,2239,,effusion_0,3.5766697,0.9727923,0.98703396
real,00002239_007.png,2239,,effusion_0,3.2866669,0.9639686,0.98198843
real,00002239_008.png,2239,,effusion_0,-1.5900478,0.16937716,0.8982215
real,00002239_009.png,2239,,effusion_0,-4.1539574,0.015459408,0.9778124
real,00002299_007.png,2299,,effusion_0,-2.7300415,0.06122378,0.887456
real,00002299_010.png,2299,,effusion_0,-1.6741943,0.15786576,0.8547129
real,00002299_001.png,2299,,effusion_0,-2.1038475,0.108723424,0.86348325
real,00002299_002.png,2299,,effusion_0,-1.0351295,0.26209083,0.8371489
real,00002300_000.png,2300,,effusion_0,3.283125,0.9638453,0.98519427
real,00002339_007.png,2339,,effusion_0,2.1378078,0.894524,0.95710176
real,00002355_004.png,2355,,effusion_0,-5.0849113,0.0061513623,0.98840934
real,00002355_006.png,2355,,effusion_0,-4.982172,0.0068124207,0.9878258
real,00002355_002.png,2355,,effusion_0,-3.7827587,0.022253335,0.9656428
real,00002424_013.png,2424,,effusion_0,-3.8891487,0.020052431,0.9680487
real,00002490_000.png,2490,,effusion_0,-3.6194744,0.026097432,0.9645418
real,00002492_016.png,2492,,effusion_0,3.4161587,0.96820575,0.981198
real,00002492_002.png,2492,,effusion_0,-3.3579254,0.033636592,0.95408034
real,00002492_003.png,2492,,effusion_0,-4.314068,0.013202379,0.98009014
real,00002533_004.png,2533,,effusion_0,2.5995579,0.93083304,0.97555625
real,00002533_005.png,2533,,effusion_0,2.5417118,0.9270147,0.9718651
real,00002552_001.png,2552,,effusion_0,-0.9045391,0.2881186,0.77509964
real,00002585_000.png,2585,,effusion_0,2.7235794,0.9384038,0.96451753
real,00002585_003.png,2585,,effusion_0,3.6774826,0.9753371,0.984896
real,00002599_001.png,2599,,effusion_0,2.971758,0.9512817,0.9815988
real,00002609_000.png,2609,,effusion_0,3.4660034,0.9697048,0.9921035
real,00002685_002.png,2685,,effusion_0,-2.204155,0.099378,0.9098731
real,00002686_001.png,2686,,effusion_0,-4.759897,0.008493728,0.98959637
real,00002825_007.png,2825,,effusion_0,-5.6444683,0.0035245619,0.99492943
real,00002825_008.png,2825,,effusion_0,-5.358938,0.0046838582,0.99429
real,00002825_011.png,2825,,effusion_0,-5.3678055,0.004642701,0.9921655
real,00002924_001.png,2924,,effusion_0,-3.2680473,0.03668377,0.94920456
real,00003013_011.png,3013,,effusion_0,-0.07110214,0.48223194,0.8165982
real,00003013_013.png,3013,,effusion_0,0.71774864,0.67211103,0.8950617
real,00003013_014.png,3013,,effusion_0,1.5958862,0.83144265,0.94893247
real,00003015_000.png,3015,,effusion_0,-1.8179245,0.1396831,0.8478834
real,00003064_003.png,3064,,effusion_0,-3.3059254,0.035368472,0.9357102
real,00003064_005.png,3064,,effusion_0,-3.2986164,0.035618685,0.91387445
real,00003064_006.png,3064,,effusion_0,-3.0689716,0.04440544,0.90274906
real,00003064_007.png,3064,,effusion_0,-0.7887783,0.31243104,0.80698425
real,00003064_035.png,3064,,effusion_0,2.5829868,0.92975855,0.96490955
real,00003064_037.png,3064,,effusion_0,-1.9167709,0.12822208,0.8077437
real,00003064_038.png,3064,,effusion_0,5.67679,0.99658716,0.9964331
real,00003064_039.png,3064,,effusion_0,4.564699,0.98969424,0.99395806
real,00003064_043.png,3064,,effusion_0,0.68714714,0.66533196,0.832704
real,00003064_048.png,3064,,effusion_0,1.7740726,0.8549634,0.94243467
real,00003064_050.png,3064,,effusion_0,-1.4982204,0.1826911,0.84571683
real,00003064_052.png,3064,,effusion_0,0.6522789,0.6575238,0.8670962
real,00003362_006.png,3362,,effusion_0,3.7426662,0.9768574,0.98887557
real,00003423_002.png,3423,,effusion_0,3.640808,0.9744393,0.9891015
real,00003423_003.png,3423,,effusion_0,3.5033875,0.97078407,0.9861587
real,00003423_005.png,3423,,effusion_0,2.0377064,0.88469946,0.9434606
real,00003423_011.png,3423,,effusion_0,2.0478935,0.88573456,0.9400919
real,00003423_015.png,3423,,effusion_0,1.6838169,0.8434093,0.9221632
real,00003423_021.png,3423,,effusion_0,2.7480335,0.9398022,0.9655834
real,00003428_000.png,3428,,effusion_0,1.3495216,0.79405147,0.8968492
real,00003439_002.png,3439,,effusion_0,-4.5077534,0.010903011,0.9819107
real,00003439_003.png,3439,,effusion_0,-5.251421,0.005212752,0.99174726
real,00003570_002.png,3570,,effusion_0,-0.86639404,0.2960052,0.80592036
real,00003570_004.png,3570,,effusion_0,-3.8810692,0.020211814,0.941417
real,00003611_002.png,3611,,effusion_0,0.34502983,0.5854118,0.75481844
real,00003611_004.png,3611,,effusion_0,0.9657345,0.7242685,0.8559768
real,00003611_005.png,3611,,effusion_0,0.7254276,0.67380106,0.8701665
real,00003611_006.png,3611,,effusion_0,2.1000748,0.89091045,0.9486848
real,00003706_001.png,3706,,effusion_0,-2.239746,0.09623762,0.8759482
real,00003737_000.png,3737,,effusion_0,-0.35120964,0.4130891,0.7851676
real,00003737_001.png,3737,,effusion_0,-1.5794258,0.17087682,0.8229555
real,00003789_009.png,3789,,effusion_0,-1.0322437,0.26264933,0.8012717
real,00003856_003.png,3856,,effusion_0,-1.2728977,0.21876161,0.8562109
real,00003916_001.png,3916,,effusion_0,2.7454395,0.93965524,0.972703
real,00003916_002.png,3916,,effusion_0,1.3517933,0.7944227,0.84788436
real,00003937_000.png,3937,,effusion_0,-4.9123363,0.007301578,0.98863906
real,00003996_020.png,3996,,effusion_0,-1.0749435,0.2544641,0.83716315
real,00004003_000.png,4003,,effusion_0,-5.5098705,0.004030322,0.9944118
real,00004080_000.png,4080,,effusion_0,3.685793,0.97553617,0.9927011
real,00004080_001.png,4080,,effusion_0,0.57144165,0.6390958,0.86350596
real,00004081_000.png,4081,,effusion_0,-0.72291374,0.32675168,0.83656406
real,00004220_000.png,4220,,effusion_0,-1.4313297,0.19289158,0.90077525
real,00004233_000.png,4233,,effusion_0,1.7139912,0.8473532,0.9538761
real,00004263_000.png,4263,,effusion_0,3.1031647,0.9570231,0.9696587
real,00004344_013.png,4344,,effusion_0,1.5352306,0.8227703,0.9015825
real,00004344_014.png,4344,,effusion_0,1.0526733,0.7412879,0.83191735
real,00004344_046.png,4344,,effusion_0,1.7023411,0.8458403,0.9134808
real,00004344_047.png,4344,,effusion_0,1.9521027,0.8756757,0.9225038
real,00004404_008.png,4404,,effusion_0,1.0499496,0.7407653,0.86222136
real,00004511_000.png,4511,,effusion_0,-2.6128616,0.068315245,0.90203226
real,00004547_020.png,4547,,effusion_0,0.9478493,0.72068244,0.8932092
real,00004583_000.png,4583,,effusion_0,5.265644,0.9948605,0.9965667
real,00004608_008.png,4608,,effusion_0,4.9797554,0.9931712,0.9963653
real,00004608_009.png,4608,,effusion_0,5.473028,0.99581903,0.9968412
real,00004608_011.png,4608,,effusion_0,4.552288,0.98956686,0.99584454
real,00004646_002.png,4646,,effusion_0,3.2322216,0.962029,0.98883766
real,00004750_004.png,4750,,effusion_0,3.6719322,0.97520316,0.9886914
real,00004750_006.png,4750,,effusion_0,4.079754,0.98336965,0.99134445
real,00004833_014.png,4833,,effusion_0,2.9574509,0.95061445,0.98022115
real,00004862_000.png,4862,,effusion_0,5.0759754,0.9937937,0.9954568
real,00004909_006.png,4909,,effusion_0,1.5802307,0.82923716,0.9119549
real,00004909_007.png,4909,,effusion_0,1.8604565,0.8653501,0.94235855
real,00004976_000.png,4976,,effusion_0,-3.08004,0.043938138,0.9442103
real,00005038_000.png,5038,,effusion_0,-2.1000824,0.109088816,0.900567
real,00005101_002.png,5101,,effusion_0,-2.6730347,0.0645834,0.8993258
real,00005108_000.png,5108,,effusion_0,-0.88817596,0.29148638,0.85157233
real,00005110_009.png,5110,,effusion_0,-3.018896,0.046579473,0.9298913
real,00005395_006.png,5395,,effusion_0,1.9280567,0.8730342,0.94192785
real,00005395_007.png,5395,,effusion_0,1.1883068,0.76643807,0.8865351
real,00005395_010.png,5395,,effusion_0,-1.9549446,0.1240152,0.86138755
real,00005395_011.png,5395,,effusion_0,-0.073553085,0.48162,0.82016104
real,00005401_000.png,5401,,effusion_0,-5.0886974,0.006128259,0.991024
real,00005410_002.png,5410,,effusion_0,2.0154438,0.8824091,0.95460415
real,00005520_007.png,5520,,effusion_0,-5.558666,0.0038391175,0.9936138
real,00005532_031.png,5532,,effusion_0,-1.2831097,0.21702136,0.78629035
real,00005532_037.png,5532,,effusion_0,-0.895298,0.29001772,0.83092993
real,00005532_042.png,5532,,effusion_0,-1.3227329,0.21036397,0.8620214
real,00005532_043.png,5532,,effusion_0,0.08300209,0.5207386,0.76994735
real,00005532_000.png,5532,,effusion_0,-2.8624973,0.0540389,0.9336947
real,00005532_004.png,5532,,effusion_0,-1.1033916,0.24910495,0.7247998
real,00005532_005.png,5532,,effusion_0,-1.3638802,0.2036104,0.7751742
real,00005532_007.png,5532,,effusion_0,0.30482864,0.5756225,0.78962564
real,00005532_008.png,5532,,effusion_0,-1.9391594,0.12574023,0.8196928
real,00005532_010.png,5532,,effusion_0,1.5346947,0.82269216,0.89451057
real,00005532_011.png,5532,,effusion_0,1.955122,0.8760041,0.9234466
real,00005532_012.png,5532,,effusion_0,1.735096,0.8500631,0.9359876
real,00005532_013.png,5532,,effusion_0,-0.9607372,0.2767306,0.76958853
real,00005532_014.png,5532,,effusion_0,-1.3592091,0.20436887,0.833015
real,00005532_016.png,5532,,effusion_0,-2.0947075,0.10961229,0.86151135
real,00005532_018.png,5532,,effusion_0,0.8685951,0.7044533,0.8195088
real,00005532_019.png,5532,,effusion_0,-2.0063133,0.11854166,0.8410131
real,00005556_000.png,5556,,effusion_0,-3.0506744,0.045188367,0.94936705
real,00005556_008.png,5556,,effusion_0,1.3847561,0.7997538,0.93730855
real,00005579_002.png,5579,,effusion_0,0.71681213,0.6719047,0.806171
real,00005626_002.png,5626,,effusion_0,5.591957,0.99628615,0.9967734
real,00005641_003.png,5641,,effusion_0,-1.7494755,0.14811336,0.85285866
real,00005641_006.png,5641,,effusion_0,2.8526058,0.94545317,0.97382265
real,00005641_012.png,5641,,effusion_0,3.392744,0.967477,0.9812664
real,00005666_004.png,5666,,effusion_0,-1.6342468,0.1632494,0.88511705
real,00005666_010.png,5666,,effusion_0,2.7757359,0.9413504,0.9726668
real,00005666_011.png,5666,,effusion_0,3.1242733,0.95788294,0.97319764
real,00005666_012.png,5666,,effusion_0,2.4858475,0.92314374,0.9444312
real,00005666_013.png,5666,,effusion_0,-1.4715557,0.18670626,0.8435403
real,00005666_018.png,5666,,effusion_0,-1.9164047,0.12826303,0.8903256
real,00005666_019.png,5666,,effusion_0,-2.2164936,0.0982791,0.9024461
real,00005766_004.png,5766,,effusion_0,-2.9844322,0.048134148,0.9368104
real,00005869_001.png,5869,,effusion_0,1.097826,0.74985254,0.83044076
real,00005895_003.png,5895,,effusion_0,4.375515,0.98757464,0.99461454
real,00005895_005.png,5895,,effusion_0,4.735092,0.9912948,0.99624
real,00005895_007.png,5895,,effusion_0,5.362011,0.99533045,0.9965053
real,00005895_009.png,5895,,effusion_0,3.9732723,0.98153555,0.992465
real,00005895_013.png,5895,,effusion_0,5.234701,0.99469984,0.9948754
real,00005895_023.png,5895,,effusion_0,4.824085,0.99203014,0.99664754
real,00005920_003.png,5920,,effusion_0,2.8269482,0.9441148,0.9788435
real,00006166_000.png,6166,,effusion_0,-2.9013844,0.052085172,0.94513804
real,00006298_003.png,6298,,effusion_0,3.3726597,0.9668391,0.9891939
real,00006298_004.png,6298,,effusion_0,2.8788834,0.9467926,0.984825
real,00006298_005.png,6298,,effusion_0,2.477785,0.9225697,0.9721548
real,00006359_000.png,6359,,effusion_0,-3.399065,0.032324698,0.956538
real,00006368_000.png,6368,,effusion_0,-5.4740486,0.004176699,0.9939692
real,00006436_012.png,6436,,effusion_0,1.4520435,0.81031275,0.8927941
real,00006483_000.png,6483,,effusion_0,-4.81505,0.008041623,0.986522
real,00006537_000.png,6537,,effusion_0,-5.471508,0.004187279,0.99404114
real,00006626_000.png,6626,,effusion_0,5.741108,0.996799,0.9966189
real,00006626_006.png,6626,,effusion_0,3.1518135,0.95898014,0.98012143
real,00006683_002.png,6683,,effusion_0,3.6783485,0.97535795,0.9924243
real,00006683_003.png,6683,,effusion_0,0.5304451,0.62958694,0.86555946
real,00006683_004.png,6683,,effusion_0,1.7369499,0.8502992,0.9517997
real,00006683_005.png,6683,,effusion_0,-1.179533,0.23513617,0.85061055
real,00006683_006.png,6683,,effusion_0,2.758669,0.9404011,0.97722155
real,00006694_002.png,6694,,effusion_0,-0.8142967,0.30697563,0.8648248
real,00006694_003.png,6694,,effusion_0,-0.9854336,0.27181497,0.8682937
real,00006774_001.png,6774,,effusion_0,-0.96321297,0.27623537,0.8271224
real,00006791_006.png,6791,,effusion_0,-2.5610619,0.07168684,0.87669975
real,00006832_005.png,6832,,effusion_0,-1.7391186,0.14942493,0.85386187
real,00006850_027.png,6850,,effusion_0,-1.5125713,0.18055804,0.8604062
real,00006850_028.png,6850,,effusion_0,-4.3885994,0.012265792,0.9803952
real,00006851_022.png,6851,,effusion_0,3.090643,0.9565051,0.97626257
real,00006851_023.png,6851,,effusion_0,2.867464,0.9462144,0.97213376
real,00006851_024.png,6851,,effusion_0,-1.3676853,0.2029941,0.82143486
real,00006851_009.png,6851,,effusion_0,1.4885654,0.81586283,0.9275697
real,00006851_010.png,6851,,effusion_0,1.3023376,0.7862282,0.9110155
real,00006890_003.png,6890,,effusion_0,2.8423462,0.94492173,0.97058445
real,00006936_001.png,6936,,effusion_0,2.0698051,0.8879336,0.97101516
real,00006964_011.png,6964,,effusion_0,0.77894974,0.6854537,0.8599433
real,00006981_001.png,6981,,effusion_0,2.9473248,0.95013696,0.9895892
real,00006981_002.png,6981,,effusion_0,-4.210394,0.0146235,0.97833335
real,00006981_009.png,6981,,effusion_0,0.3398304,0.5841493,0.8706706
real,00006981_010.png,6981,,effusion_0,2.827509,0.9441444,0.9838449
real,00006981_011.png,6981,,effusion_0,-2.8229542,0.056096308,0.93182373
real,00006981_014.png,6981,,effusion_0,-1.6782627,0.15732566,0.892757
real,00006981_016.png,6981,,effusion_0,-3.091322,0.04346664,0.94728243
real,00006996_002.png,6996,,effusion_0,3.6044674,0.97351843,0.98949474
real,00007033_001.png,7033,,effusion_0,0.06838608,0.51708984,0.8280589
real,00007033_002.png,7033,,effusion_0,2.4554348,0.9209579,0.961106
real,00007033_004.png,7033,,effusion_0,2.3795986,0.91525835,0.9664566
real,00007109_018.png,7109,,effusion_0,0.15780258,0.539369,0.8133041
real,00007156_000.png,7156,,effusion_0,3.4644566,0.9696593,0.9893917
real,00007156_001.png,7156,,effusion_0,4.542843,0.98946893,0.99507993
real,00007340_014.png,7340,,effusion_0,-4.3873844,0.012280521,0.9835179
real,00007405_014.png,7405,,effusion_0,2.1760197,0.8980753,0.93774223
real,00007482_009.png,7482,,effusion_0,1.2156887,0.77130395,0.9051198
real,00007482_015.png,7482,,effusion_0,2.8718052,0.946435,0.9770171
real,00007482_023.png,7482,,effusion_0,-2.27812,0.092951335,0.899142
real,00007482_026.png,7482,,effusion_0,-1.2518501,0.22238003,0.8300986
real,00007519_003.png,7519,,effusion_0,1.2794857,0.7823622,0.86284333
real,00007519_004.png,7519,,effusion_0,-2.6461658,0.066225715,0.8882854
real,00007551_021.png,7551,,effusion_0,-3.0053444,0.047185015,0.92837006
real,00007652_000.png,7652,,effusion_0,-3.395033,0.032451063,0.9549855
real,00007679_000.png,7679,,effusion_0,5.5034695,0.99594384,0.9968976
real,00007679_001.png,7679,,effusion_0,5.987713,0.9974969,0.99752617
real,00007679_003.png,7679,,effusion_0,4.826191,0.99204683,0.99354213
real,00007679_004.png,7679,,effusion_0,4.3561096,0.98733425,0.9928305
real,00007679_005.png,7679,,effusion_0,3.9857655,0.9817607,0.9899599
real,00007718_000.png,7718,,effusion_0,5.3682423,0.99535936,0.9962605
real,00007718_001.png,7718,,effusion_0,4.6237335,0.9902794,0.99602115
real,00007718_005.png,7718,,effusion_0,3.6225662,0.97398096,0.990845
real,00007718_006.png,7718,,effusion_0,4.510853,0.9891304,0.9955419
real,00007718_007.png,7718,,effusion_0,-4.9395103,0.007107228,0.9889652
real,00007718_009.png,7718,,effusion_0,2.007248,0.881556,0.9614645
real,00007718_010.png,7718,,effusion_0,2.2676086,0.9061587,0.96506506
real,00007740_000.png,7740,,effusion_0,0.96970177,0.72506005,0.89089096
real,00007769_002.png,7769,,effusion_0,-0.061222076,0.48469922,0.83236307
real,00007772_000.png,7772,,effusion_0,2.531458,0.9263179,0.9600729
real,00007833_000.png,7833,,effusion_0,2.097971,0.8907058,0.9420675
real,00007833_001.png,7833,,effusion_0,-5.084854,0.0061517125,0.9898938
real,00007833_002.png,7833,,effusion_0,1.4936543,0.81662613,0.91016763
real,00007833_003.png,7833,,effusion_0,0.029966354,0.50749105,0.84217083
real,00007848_001.png,7848,,effusion_0,4.577669,0.9898258,0.9942518
real,00007848_004.png,7848,,effusion_0,5.3235416,0.99514824,0.9958161
real,00007848_005.png,7848,,effusion_0,3.6712074,0.9751857,0.9913861
real,00007848_006.png,7848,,effusion_0,5.575815,0.99622595,0.99686444
real,00007865_001.png,7865,,effusion_0,-2.8770676,0.053298905,0.945812
real,00007865_003.png,7865,,effusion_0,2.2266788,0.9026198,0.96337044
real,00007865_005.png,7865,,effusion_0,2.9224205,0.9489437,0.9774269
real,00007869_004.png,7869,,effusion_0,5.666807,0.99655306,0.99629784
real,00007882_000.png,7882,,effusion_0,3.3692589,0.9667299,0.9829965
real,00007882_001.png,7882,,effusion_0,3.3539925,0.96623534,0.9803494
real,00007908_000.png,7908,,effusion_0,1.0312119,0.7371507,0.8498033
real,00007989_000.png,7989,,effusion_0,-5.283476,0.005049138,0.9930651
real,00007989_001.png,7989,,effusion_0,3.9485302,0.9810817,0.98888946
real,00007989_002.png,7989,,effusion_0,4.6718807,0.990732,0.9946817
real,00008013_003.png,8013,,effusion_0,1.7440891,0.85120577,0.931978
real,00008013_006.png,8013,,effusion_0,1.4154243,0.8046201,0.9128176
real,00008037_000.png,8037,,effusion_0,3.5280666,0.9714759,0.99104637
real,00008037_001.png,8037,,effusion_0,4.8278084,0.99205947,0.9962618
real,00008037_002.png,8037,,effusion_0,1.8820724,0.86784893,0.93566877
real,00008103_000.png,8103,,effusion_0,-2.9635715,0.049098987,0.9472525
real,00008112_000.png,8112,,effusion_0,3.268673,0.9633384,0.98594284
real,00008147_013.png,8147,,effusion_0,1.3354969,0.79174846,0.8857605
real,00008184_007.png,8184,,effusion_0,-5.2297783,0.0053261924,0.98920923
real,00008185_003.png,8185,,effusion_0,0.87623405,0.7060412,0.8541447
real,00008185_005.png,8185,,effusion_0,1.5075912,0.818704,0.8863315
real,00008191_001.png,8191,,effusion_0,1.4725895,0.81345063,0.8956712
real,00008195_000.png,8195,,effusion_0,2.7214718,0.9382818,0.9775892
real,00008339_000.png,8339,,effusion_0,-1.0149956,0.26600334,0.84609944
real,00008339_003.png,8339,,effusion_0,-2.1468277,0.104628034,0.8686901
real,00008339_005.png,8339,,effusion_0,-0.98236656,0.27242246,0.78127706
real,00008339_010.png,8339,,effusion_0,-0.8924446,0.2906056,0.7767932
real,00008342_012.png,8342,,effusion_0,1.5796585,0.82915616,0.8838693
real,00008342_015.png,8342,,effusion_0,-0.17100716,0.4573521,0.78824466
real,00008342_016.png,8342,,effusion_0,1.0121117,0.7334332,0.83776355
real,00008342_025.png,8342,,effusion_0,-1.3130722,0.21197322,0.8269714
real,00008404_000.png,8404,,effusion_0,-3.3957024,0.032430045,0.9527131
real,00008465_004.png,8465,,effusion_0,-3.6323624,0.025771858,0.95970446
real,00008465_006.png,8465,,effusion_0,-3.001772,0.047345888,0.93672746
real,00008471_000.png,8471,,effusion_0,0.43958473,0.6081601,0.8718002
real,00008477_001.png,8477,,effusion_0,1.8990974,0.8697893,0.9424651
real,00008477_005.png,8477,,effusion_0,2.754015,0.9401397,0.9752837
real,00008477_006.png,8477,,effusion_0,1.7559643,0.8527035,0.9346375
real,00008477_007.png,8477,,effusion_0,1.3613071,0.79597205,0.9169264
real,00008489_025.png,8489,,effusion_0,-0.27448845,0.43180552,0.85601765
real,00008637_000.png,8637,,effusion_0,1.8773403,0.8673053,0.94100726
real,00008637_001.png,8637,,effusion_0,-5.0037785,0.0066677784,0.9890599
real,00008738_000.png,8738,,effusion_0,-3.1513863,0.04103669,0.94272876
real,00008802_005.png,8802,,effusion_0,-4.8331547,0.007898483,0.98474556
real,00008806_014.png,8806,,effusion_0,-3.2293282,0.038076848,0.9395818
real,00008827_000.png,8827,,effusion_0,4.919174,0.99274784,0.9955308
real,00008866_004.png,8866,,effusion_0,1.7536507,0.85241264,0.9583492
real,00008898_000.png,8898,,effusion_0,-1.5656338,0.17283973,0.8252987
real,00008970_002.png,8970,,effusion_0,-3.7658043,0.022625234,0.96594334
real,00009034_004.png,9034,,effusion_0,3.6798687,0.9753945,0.98885584
real,00009105_007.png,9105,,effusion_0,-5.2230644,0.005361879,0.9910426
real,00009141_000.png,9141,,effusion_0,3.0444603,0.9545428,0.9858127
real,00009163_000.png,9163,,effusion_0,4.9783497,0.9931617,0.9958499
real,00009163_001.png,9163,,effusion_0,6.0769634,0.9977101,0.99702626
real,00009174_000.png,9174,,effusion_0,-1.7699242,0.14555176,0.83963954
real,00009185_006.png,9185,,effusion_0,-0.9293175,0.28306317,0.79953116
real,00009189_002.png,9189,,effusion_0,2.8085861,0.943138,0.9822496
real,00009189_004.png,9189,,effusion_0,2.719017,0.9381395,0.9739298
real,00009189_005.png,9189,,effusion_0,3.3597717,0.9664234,0.9883517
real,00009189_006.png,9189,,effusion_0,3.440073,0.96893376,0.98736787
real,00009229_000.png,9229,,effusion_0,-0.107810974,0.47307333,0.79781634
real,00009286_003.png,9286,,effusion_0,3.1099033,0.9572994,0.98521256
real,00009326_000.png,9326,,effusion_0,-2.787794,0.05798734,0.9067537
real,00009326_001.png,9326,,effusion_0,-2.6890793,0.06362084,0.87315255
real,00009349_001.png,9349,,effusion_0,1.8074818,0.85905725,0.94122547
real,00009349_012.png,9349,,effusion_0,1.7140789,0.8473646,0.94939405
real,00009349_014.png,9349,,effusion_0,1.4243011,0.8060118,0.9312031
real,00009349_015.png,9349,,effusion_0,1.4866428,0.8155739,0.93589824
real,00009349_016.png,9349,,effusion_0,1.6314449,0.8363675,0.9271785
real,00009349_019.png,9349,,effusion_0,2.774887,0.9413036,0.9734962
real,00009349_020.png,9349,,effusion_0,2.9233513,0.94898874,0.9735443
real,00009349_021.png,9349,,effusion_0,1.742794,0.8510416,0.91552484
real,00009349_024.png,9349,,effusion_0,3.0628433,0.95533377,0.97430855
real,00009349_025.png,9349,,effusion_0,2.920166,0.9488344,0.973578
real,00009349_026.png,9349,,effusion_0,1.8313961,0.861928,0.9292494
real,00009349_027.png,9349,,effusion_0,2.2948246,0.9084475,0.960637
real,00009349_028.png,9349,,effusion_0,2.392027,0.9162173,0.9573035
real,00009349_029.png,9349,,effusion_0,4.083334,0.98342806,0.98995423
real,00009373_000.png,9373,,effusion_0,5.4858894,0.9958723,0.9961885
real,00009373_001.png,9373,,effusion_0,2.9231129,0.9489773,0.97225034
real,00009378_005.png,9378,,effusion_0,-4.834961,0.007884341,0.9880035
real,00009378_010.png,9378,,effusion_0,-1.667654,0.15873721,0.80460024
real,00009378_013.png,9378,,effusion_0,-2.4555244,0.07903549,0.881791
real,00009378_014.png,9378,,effusion_0,2.513649,0.9250932,0.96518046
real,00009378_016.png,9378,,effusion_0,2.650507,0.9340422,0.9703361
real,00009457_003.png,9457,,effusion_0,2.652666,0.93417513,0.9684592
real,00009457_004.png,9457,,effusion_0,1.9558506,0.8760832,0.91800493
real,00009516_003.png,9516,,effusion_0,1.223856,0.77274144,0.9021482
real,00009571_001.png,9571,,effusion_0,2.2279396,0.90273064,0.9646978
real,00009571_002.png,9571,,effusion_0,1.7445164,0.8512598,0.95241857
real,00009571_003.png,9571,,effusion_0,-4.161957,0.015338124,0.97461754
real,00009571_004.png,9571,,effusion_0,-3.617159,0.02615635,0.9625201
real,00009641_011.png,9641,,effusion_0,3.9293118,0.9807217,0.98958987
real,00009665_004.png,9665,,effusion_0,2.5301151,0.92622626,0.9756404
real,00009665_005.png,9665,,effusion_0,-3.6690102,0.024867535,0.9608979
real,00009709_010.png,9709,,effusion_0,-0.3352089,0.41697377,0.79962367
real,00009709_011.png,9709,,effusion_0,-0.79024124,0.3121169,0.7908076
real,00009812_000.png,9812,,effusion_0,-4.0913086,0.01644247,0.97163504
real,00009908_001.png,9908,,effusion_0,-3.8671455,0.020489397,0.9704919
real,00009908_002.png,9908,,effusion_0,-4.3778133,0.012397159,0.9842347
real,00009932_008.png,9932,,effusion_0,-4.5304394,0.010661057,0.98333293
real,00009934_007.png,9934,,effusion_0,-0.22292519,0.44449836,0.84726036
real,00009934_008.png,9934,,effusion_0,-0.6374569,0.34582165,0.84170574
real,00009934_009.png,9934,,effusion_0,0.019786835,0.50494653,0.85412145
real,00010071_003.png,10071,,effusion_0,2.254095,0.90500313,0.9578917
real,00010071_004.png,10071,,effusion_0,3.0725174,0.95574474,0.97397655
real,00010071_007.png,10071,,effusion_0,2.0416183,0.885098,0.94293654
real,00010071_008.png,10071,,effusion_0,1.950407,0.87549096,0.93825984
real,00010071_010.png,10071,,effusion_0,3.3143425,0.96491754,0.9839523
real,00010071_011.png,10071,,effusion_0,3.6801987,0.9754023,0.9889408
real,00010071_012.png,10071,,effusion_0,2.4294167,0.9190432,0.9628173
real,00010120_021.png,10120,,effusion_0,-2.497797,0.07601276,0.91819537
real,00010131_007.png,10131,,effusion_0,2.7743835,0.9412757,0.9830531
real,00010177_000.png,10177,,effusion_0,-2.5071945,0.07535535,0.8872689
real,00010275_000.png,10275,,effusion_0,4.3903217,0.9877551,0.9923083
real,00010279_003.png,10279,,effusion_0,4.1823444,0.98496675,0.99564856
real,00010279_004.png,10279,,effusion_0,4.011881,0.98222244,0.9929127
real,00010279_005.png,10279,,effusion_0,3.6282005,0.9741235,0.9909103
real,00010335_001.png,10335,,effusion_0,3.8019962,0.97816145,0.98724884
real,00010335_002.png,10335,,effusion_0,4.1799984,0.984932,0.9901238
real,00010335_003.png,10335,,effusion_0,3.6536427,0.974757,0.9822542
real,00010335_005.png,10335,,effusion_0,3.204914,0.9610188,0.9798364
real,00010354_002.png,10354,,effusion_0,1.4996796,0.8175267,0.9130672
real,00010427_009.png,10427,,effusion_0,-2.091051,0.109969646,0.894676
real,00010443_001.png,10443,,effusion_0,-2.1447506,0.10482278,0.8886691
real,00010465_004.png,10465,,effusion_0,1.5336208,0.82253546,0.90979487
real,00010469_002.png,10469,,effusion_0,5.598961,0.99631196,0.99642307
real,00010521_002.png,10521,,effusion_0,1.8998985,0.86988,0.9266359
real,00010536_000.png,10536,,effusion_0,-1.3110981,0.21230316,0.8803353
real,00010571_006.png,10571,,effusion_0,1.0416946,0.73917687,0.89397645
real,00010575_002.png,10575,,effusion_0,3.7524815,0.9770783,0.9929715
real,00010575_003.png,10575,,effusion_0,1.907196,0.8707038,0.9560774
real,00010625_000.png,10625,,effusion_0,3.8039188,0.9782024,0.9884697
real,00010625_010.png,10625,,effusion_0,1.1773453,0.76447016,0.89568603
real,00010625_014.png,10625,,effusion_0,1.8800411,0.8676158,0.92963123
real,00010638_001.png,10638,,effusion_0,-2.3401756,0.08784983,0.91639113
real,00010695_007.png,10695,,effusion_0,1.5867119,0.830153,0.9224973
real,00010695_008.png,10695,,effusion_0,-3.0455112,0.04541166,0.9354171
real,00010695_013.png,10695,,effusion_0,-2.0682335,0.11222291,0.8665749
real,00010695_014.png,10695,,effusion_0,-0.7047272,0.330765,0.8242944
real,00010695_015.png,10695,,effusion_0,-0.26857948,0.43325585,0.819798
real,00010695_017.png,10695,,effusion_0,1.010622,0.7331419,0.8787872
real,00010695_016.png,10695,,effusion_0,1.2316799,0.77411246,0.8982203
real,00010767_001.png,10767,,effusion_0,0.9776287,0.7266375,0.8642726
real,00010767_017.png,10767,,effusion_0,1.0764122,0.7458144,0.89376754
real,00010767_015.png,10767,,effusion_0,2.1213474,0.89296085,0.94179356
real,00010767_016.png,10767,,effusion_0,1.536356,0.8229344,0.92929614
real,00010767_022.png,10767,,effusion_0,1.9527454,0.8757457,0.9427955
real,00010767_023.png,10767,,effusion_0,2.1306953,0.893851,0.95351064
real,00010767_024.png,10767,,effusion_0,2.4603462,0.9213148,0.96565866
real,00010767_025.png,10767,,effusion_0,2.6102753,0.9315199,0.9652409
real,00010767_026.png,10767,,effusion_0,1.7062111,0.8463442,0.9342512
real,00010772_002.png,10772,,effusion_0,3.708931,0.9760824,0.98992604
real,00010772_003.png,10772,,effusion_0,3.878807,0.9797434,0.99226147
real,00010772_007.png,10772,,effusion_0,2.0844994,0.8893874,0.93211555
real,00010772_010.png,10772,,effusion_0,4.5791397,0.98984057,0.9932566
real,00010772_012.png,10772,,effusion_0,4.797945,0.9918208,0.9942689
real,00010772_015.png,10772,,effusion_0,3.843895,0.9790388,0.98930955
real,00010790_003.png,10790,,effusion_0,-1.9115696,0.12880461,0.7957862
real,00010828_000.png,10828,,effusion_0,1.8673306,0.86614907,0.9541049
real,00010936_008.png,10936,,effusion_0,0.97239685,0.725597,0.89293104
real,00010936_009.png,10936,,effusion_0,1.565527,0.82714504,0.9122349
real,00010936_010.png,10936,,effusion_0,1.2921219,0.78450614,0.9168333
real,00010936_016.png,10936,,effusion_0,1.9862976,0.87935084,0.9313687
real,00010936_017.png,10936,,effusion_0,2.0242844,0.8833233,0.9346248
real,00010936_018.png,10936,,effusion_0,2.9061966,0.9481519,0.971821
real,00010936_019.png,10936,,effusion_0,1.7376709,0.850391,0.9153591
real,00010936_021.png,10936,,effusion_0,4.396948,0.9878349,0.9920883
real,00010936_023.png,10936,,effusion_0,4.5531063,0.9895754,0.99398804
real,00010936_024.png,10936,,effusion_0,3.7829475,0.9777508,0.9868226
real,00010940_000.png,10940,,effusion_0,4.124817,0.98409075,0.99315166
real,00010953_000.png,10953,,effusion_0,3.357502,0.96634966,0.9868574
real,00010953_003.png,10953,,effusion_0,3.2828102,0.96383435,0.9836645
real,00010953_004.png,10953,,effusion_0,3.821743,0.97857934,0.99020016
real,00010953_009.png,10953,,effusion_0,3.4191341,0.9682971,0.98741794
real,00010953_011.png,10953,,effusion_0,4.5175285,0.9892019,0.9940595
real,00010953_012.png,10953,,effusion_0,4.2068024,0.9853247,0.9925997
real,00010970_000.png,10970,,effusion_0,-3.459303,0.030492635,0.9503662
real,00010992_000.png,10992,,effusion_0,4.0722046,0.98324573,0.99402094
real,00010992_006.png,10992,,effusion_0,4.2879257,0.98645264,0.9928809
real,00010992_007.png,10992,,effusion_0,2.5508728,0.92763215,0.96399915
real,00010992_008.png,10992,,effusion_0,2.8269997,0.94411755,0.9756589
real,00010992_009.png,10992,,effusion_0,2.7779255,0.9414713,0.98234916
real,00010992_010.png,10992,,effusion_0,2.5705357,0.9289411,0.97772723
real,00010992_011.png,10992,,effusion_0,1.5897751,0.83058447,0.918927
real,00010992_012.png,10992,,effusion_0,1.8857288,0.86826783,0.94616103
real,00010994_003.png,10994,,effusion_0,0.38728523,0.59562904,0.85360235
real,00010994_005.png,10994,,effusion_0,1.3968143,0.8016779,0.91773903
real,00010994_007.png,10994,,effusion_0,4.17861,0.9849113,0.99052936
real,00010994_009.png,10994,,effusion_0,2.2767773,0.9069354,0.9396548
real,00010994_010.png,10994,,effusion_0,2.3126965,0.9099231,0.9395584
real,00010994_011.png,10994,,effusion_0,1.175169,0.764078,0.88150287
real,00010994_012.png,10994,,effusion_0,0.5484295,0.6337712,0.8334041
real,00010994_013.png,10994,,effusion_0,1.4700966,0.8130721,0.8899225
real,00010994_000.png,10994,,effusion_0,0.24486923,0.56091326,0.8231909
real,00011139_000.png,11139,,effusion_0,-2.4968605,0.076078564,0.88678306
real,00011237_001.png,11237,,effusion_0,4.6808186,0.9908138,0.9944444
real,00011279_002.png,11279,,effusion_0,-0.20007515,0.4501474,0.8907355
real,00011380_005.png,11380,,effusion_0,-2.999569,0.04744535,0.93774396
real,00011380_006.png,11380,,effusion_0,1.1398296,0.75764835,0.8993233
real,00011380_009.png,11380,,effusion_0,1.4239979,0.8059644,0.9370189
real,00011380_010.png,11380,,effusion_0,1.7294445,0.84934133,0.9370769
real,00011380_011.png,11380,,effusion_0,1.8638382,0.8657437,0.9546024
real,00011380_012.png,11380,,effusion_0,1.9360542,0.873918,0.9544161
real,00011380_014.png,11380,,effusion_0,1.4878559,0.8157562,0.91480047
real,00011380_015.png,11380,,effusion_0,1.7490253,0.8518298,0.95200473
real,00011380_016.png,11380,,effusion_0,1.7194023,0.8480518,0.93156826
real,00011380_018.png,11380,,effusion_0,1.7110405,0.8469712,0.94184893
real,00011380_019.png,11380,,effusion_0,2.6135426,0.9317281,0.9773153
real,00011380_020.png,11380,,effusion_0,2.3485413,0.91281825,0.9710911
real,00011380_021.png,11380,,effusion_0,2.7085972,0.937532,0.98091966
real,00011380_023.png,11380,,effusion_0,1.3370647,0.7920068,0.91841775
real,00011380_024.png,11380,,effusion_0,1.1715508,0.76342523,0.91872984
real,00011380_025.png,11380,,effusion_0,0.86989784,0.7047245,0.9193417
real,00011380_026.png,11380,,effusion_0,1.381588,0.79924595,0.9181014
real,00011423_002.png,11423,,effusion_0,0.33937645,0.5840391,0.8016655
real,00011423_003.png,11423,,effusion_0,0.027143478,0.50678545,0.7915689
real,00011423_006.png,11423,,effusion_0,0.05960846,0.5148977,0.8526032
real,00011423_008.png,11423,,effusion_0,0.53100586,0.6297177,0.87822384
real,00011423_000.png,11423,,effusion_0,-0.20177269,0.44972727,0.87286866
real,00011423_001.png,11423,,effusion_0,0.8951702,0.70995593,0.88112885
real,00011654_004.png,11654,,effusion_0,0.31671333,0.57852304,0.87213117
real,00011748_000.png,11748,,effusion_0,1.6945667,0.8448237,0.9533801
real,00011764_004.png,11764,,effusion_0,-3.5786324,0.027155824,0.93528926
real,00011770_010.png,11770,,effusion_0,-4.1418247,0.015645161,0.9738426
real,00011831_004.png,11831,,effusion_0,1.0836735,0.7471885,0.93200886
real,00011831_007.png,11831,,effusion_0,1.7182388,0.8479018,0.9384119
real,00011831_008.png,11831,,effusion_0,1.5730686,0.82822067,0.9193011
real,00011831_009.png,11831,,effusion_0,0.9627609,0.72367424,0.9109704
real,00011831_010.png,11831,,effusion_0,2.5159512,0.92525256,0.96519434
real,00011831_016.png,11831,,effusion_0,2.4386768,0.9197295,0.9543285
real,00011831_017.png,11831,,effusion_0,5.3186665,0.99512464,0.9964913
real,00011831_020.png,11831,,effusion_0,4.14365,0.9843829,0.99246407
real,00011831_021.png,11831,,effusion_0,3.2173138,0.9614806,0.98476964
real,00011949_000.png,11949,,effusion_0,-0.8500576,0.29942077,0.81077224
real,00011950_013.png,11950,,effusion_0,0.61671257,0.6494705,0.88851714
real,00011950_015.png,11950,,effusion_0,1.638483,0.83732843,0.9325249
real,00011950_016.png,11950,,effusion_0,4.678646,0.990794,0.99528444
real,00011950_018.png,11950,,effusion_0,1.4984818,0.81734794,0.9441504
real,00011987_008.png,11987,,effusion_0,4.638542,0.9904208,0.99555945
real,00012021_001.png,12021,,effusion_0,2.8971767,0.9477067,0.969946
real,00012043_012.png,12043,,effusion_0,5.60631,0.99633884,0.9970858
real,00012043_013.png,12043,,effusion_0,5.923685,0.99733186,0.9965544
real,00012043_015.png,12043,,effusion_0,5.109211,0.9939955,0.99509364
real,00012043_016.png,12043,,effusion_0,4.8602104,0.99231076,0.9955881
real,00012092_003.png,12092,,effusion_0,-0.046388626,0.4884049,0.8193831
real,00012178_000.png,12178,,effusion_0,2.3301888,0.91134655,0.95975924
real,00012178_001.png,12178,,effusion_0,1.5900593,0.8306245,0.91587865
real,00012263_000.png,12263,,effusion_0,-0.6158161,0.3507336,0.85046965
real,00012263_002.png,12263,,effusion_0,4.9084415,0.9926702,0.99576336
real,00012263_005.png,12263,,effusion_0,4.8130665,0.9919425,0.993536
real,00012263_006.png,12263,,effusion_0,5.6344814,0.9964401,0.99619746
real,00012263_007.png,12263,,effusion_0,3.1927376,0.96056014,0.9791049
real,00012415_002.png,12415,,effusion_0,0.6012821,0.6459496,0.8795188
real,00012415_004.png,12415,,effusion_0,-0.8634758,0.29661366,0.85396695
real,00012415_005.png,12415,,effusion_0,0.06167984,0.5154151,0.8937125
real,00012415_006.png,12415,,effusion_0,0.029788971,0.50744665,0.8634263
real,00012460_002.png,12460,,effusion_0,-4.690199,0.009101265,0.9882699
real,00012460_003.png,12460,,effusion_0,-4.1226234,0.015943635,0.97563
real,00012523_000.png,12523,,effusion_0,-3.4610043,0.030442378,0.95045453
real,00012536_003.png,12536,,effusion_0,2.1801052,0.8984487,0.9570006
real,00012604_000.png,12604,,effusion_0,3.00589,0.95283943,0.97270334
real,00012604_004.png,12604,,effusion_0,3.6999626,0.97587204,0.9851057
real,00012604_005.png,12604,,effusion_0,2.6612835,0.934703,0.96416545
real,00012626_015.png,12626,,effusion_0,1.597414,0.83165663,0.90143037
real,00012653_002.png,12653,,effusion_0,1.8759155,0.86714125,0.95783734
real,00012707_000.png,12707,,effusion_0,-5.006901,0.0066471295,0.99232376
real,00012722_000.png,12722,,effusion_0,3.9312954,0.9807592,0.99161625
real,00012722_001.png,12722,,effusion_0,4.2216206,0.98553735,0.9918146
real,00012722_002.png,12722,,effusion_0,4.077471,0.9833323,0.99070483
real,00012722_005.png,12722,,effusion_0,4.6628494,0.9906488,0.9924318
real,00012799_001.png,12799,,effusion_0,-1.9607773,0.12338294,0.8657973
real,00012827_001.png,12827,,effusion_0,0.8273773,0.6958001,0.8725626
real,00012827_002.png,12827,,effusion_0,4.3657,0.9874536,0.9944674
real,00012939_002.png,12939,,effusion_0,1.7703018,0.85449517,0.9443824
real,00012949_002.png,12949,,effusion_0,0.5601578,0.63648903,0.8586674
real,00012973_017.png,12973,,effusion_0,2.0528584,0.88623613,0.9389179
real,00012973_015.png,12973,,effusion_0,2.009594,0.8818007,0.94348437
real,00012973_016.png,12973,,effusion_0,1.368578,0.7971503,0.8895993
real,00012973_019.png,12973,,effusion_0,1.5700321,0.82778823,0.9298909
real,00012973_020.png,12973,,effusion_0,1.7189827,0.8479977,0.9265713
real,00012973_021.png,12973,,effusion_0,2.164671,0.8970318,0.9373961
real,00012975_000.png,12975,,effusion_0,4.3117714,0.9867677,0.9912964
real,00013205_001.png,13205,,effusion_0,0.25053215,0.5623075,0.8244472
real,00013205_003.png,13205,,effusion_0,0.7276459,0.67428845,0.9016358
real,00013205_004.png,13205,,effusion_0,-0.9419117,0.28051436,0.84196264
real,00013205_006.png,13205,,effusion_0,-3.4548435,0.030624744,0.9493912
real,00013237_000.png,13237,,effusion_0,-0.12434387,0.468954,0.7895585
real,00013285_000.png,13285,,effusion_0,-0.42479515,0.3953699,0.8639341
real,00013285_002.png,13285,,effusion_0,1.438385,0.8082045,0.9082309
real,00013285_003.png,13285,,effusion_0,2.872532,0.9464718,0.9757155
real,00013370_005.png,13370,,effusion_0,0.3522911,0.58717304,0.84042174
real,00013408_007.png,13408,,effusion_0,-2.5415535,0.072995976,0.910895
real,00013408_008.png,13408,,effusion_0,1.5708332,0.8279024,0.8938764
real,00013408_016.png,13408,,effusion_0,-0.27204895,0.43240416,0.8259436
real,00013408_017.png,13408,,effusion_0,2.1663628,0.89718795,0.9533469
real,00013408_018.png,13408,,effusion_0,-3.252159,0.03724938,0.944179
real,00013458_002.png,13458,,effusion_0,-5.575718,0.003774454,0.9939607
real,00013499_000.png,13499,,effusion_0,0.7350025,0.67590207,0.85611844
real,00013519_001.png,13519,,effusion_0,-2.2487278,0.09545926,0.87351626
real,00013522_000.png,13522,,effusion_0,-4.5019703,0.010965553,0.9824624
real,00013534_006.png,13534,,effusion_0,4.668768,0.99070346,0.9947717
real,00013534_008.png,13534,,effusion_0,3.9821148,0.9816952,0.99342895
real,00013534_010.png,13534,,effusion_0,3.0339928,0.95408636,0.9863038
real,00013591_003.png,13591,,effusion_0,2.2800903,0.90721464,0.9662045
real,00013591_005.png,13591,,effusion_0,-2.7195206,0.06183127,0.9149377
real,00013608_006.png,13608,,effusion_0,1.5648289,0.82704514,0.8908795
real,00013608_007.png,13608,,effusion_0,2.3714142,0.91462135,0.95911574
real,00013608_008.png,13608,,effusion_0,1.9098053,0.8709973,0.9382703
real,00013608_011.png,13608,,effusion_0,1.5099545,0.8190544,0.8933418
real,00013608_012.png,13608,,effusion_0,2.0892258,0.8898516,0.9334919
real,00013608_013.png,13608,,effusion_0,2.6005745,0.93089855,0.95869166
real,00013608_017.png,13608,,effusion_0,2.820776,0.94378823,0.96598005
real,00013608_021.png,13608,,effusion_0,2.6446514,0.93368053,0.9524791
real,00013625_004.png,13625,,effusion_0,-4.12718,0.015872302,0.9827577
real,00013625_061.png,13625,,effusion_0,-0.8981018,0.28944075,0.82790637
real,00013678_000.png,13678,,effusion_0,2.5028477,0.9243412,0.9733687
real,00013678_001.png,13678,,effusion_0,3.1633987,0.9594335,0.9853794
real,00013709_000.png,13709,,effusion_0,-5.6336765,0.003562668,0.9948982
real,00013743_001.png,13743,,effusion_0,0.8813286,0.7070974,0.8655005
real,00013830_000.png,13830,,effusion_0,-4.5347786,0.010615388,0.97865427
real,00013862_004.png,13862,,effusion_0,2.349989,0.9129334,0.9683691
real,00013911_002.png,13911,,effusion_0,3.5812168,0.9729124,0.98672384
real,00013911_004.png,13911,,effusion_0,2.1620827,0.89679253,0.96571636
real,00013911_007.png,13911,,effusion_0,5.1213646,0.99406755,0.9960955
real,00013911_012.png,13911,,effusion_0,2.514061,0.92512167,0.9576802
real,00013911_020.png,13911,,effusion_0,2.1381245,0.89455384,0.94104433
real,00013911_000.png,13911,,effusion_0,5.087637,0.9938653,0.99522215
real,00013964_001.png,13964,,effusion_0,1.1902962,0.766794,0.86985445
real,00014183_000.png,14183,,effusion_0,-3.6554413,0.025198698,0.9483206
real,00014196_002.png,14196,,effusion_0,3.5181484,0.9711998,0.9880429
real,00014196_003.png,14196,,effusion_0,1.870182,0.86647934,0.94117296
real,00014289_000.png,14289,,effusion_0,4.86557,0.9923515,0.9944444
real,00014307_004.png,14307,,effusion_0,3.2626839,0.96312624,0.9877758
real,00014307_008.png,14307,,effusion_0,-5.0514545,0.006359318,0.98983115
real,00014307_011.png,14307,,effusion_0,2.5674725,0.92873853,0.965284
real,00014320_011.png,14320,,effusion_0,1.3926849,0.8010205,0.9073967
real,00014320_012.png,14320,,effusion_0,-1.640234,0.1624332,0.85326207
real,00014320_033.png,14320,,effusion_0,-1.6936684,0.15529403,0.8446018
real,00014320_039.png,14320,,effusion_0,-0.4066906,0.39970592,0.8113881
real,00014387_000.png,14387,,effusion_0,-0.5467739,0.3666132,0.824982
real,00014387_008.png,14387,,effusion_0,-0.25053024,0.437693,0.75835097
real,00014387_010.png,14387,,effusion_0,1.8198013,0.86054236,0.90619826
real,00014475_001.png,14475,,effusion_0,-5.0667057,0.0062636696,0.98988825
real,00014538_000.png,14538,,effusion_0,0.6260853,0.65160125,0.86454356
real,00014574_000.png,14574,,effusion_0,-2.9941616,0.047690332,0.9375216
real,00014648_000.png,14648,,effusion_0,-5.543154,0.0038989016,0.9931328
real,00014695_004.png,14695,,effusion_0,1.7218475,0.8483667,0.9099256
real,00014719_006.png,14719,,effusion_0,0.07027054,0.5175604,0.8419882
real,00014719_007.png,14719,,effusion_0,-3.878582,0.020261126,0.96075606
real,00014773_003.png,14773,,effusion_0,0.055467606,0.5138633,0.8720391
real,00014773_004.png,14773,,effusion_0,0.6483135,0.6566303,0.86513644
real,00014773_006.png,14773,,effusion_0,1.0157394,0.7341418,0.89247364
real,00014773_005.png,14773,,effusion_0,0.10062027,0.52513385,0.8399573
real,00014773_007.png,14773,,effusion_0,-5.169348,0.0056561045,0.99117893
real,00014943_000.png,14943,,effusion_0,-0.21928215,0.4453981,0.8607063
real,00015064_000.png,15064,,effusion_0,0.72554207,0.6738263,0.8678503
real,00015080_002.png,15080,,effusion_0,0.8480358,0.7001549,0.8783377
real,00015114_001.png,15114,,effusion_0,-4.79121,0.008234041,0.9894556
real,00015114_003.png,15114,,effusion_0,1.9477081,0.8751965,0.95230454
real,00015212_001.png,15212,,effusion_0,4.349247,0.9872481,0.9930063
real,00015212_003.png,15212,,effusion_0,2.5466785,0.92735004,0.96382266
real,00015212_008.png,15212,,effusion_0,2.985691,0.9519235,0.97583723
real,00015228_002.png,15228,,effusion_0,-2.661068,0.065310106,0.94254225
real,00015242_000.png,15242,,effusion_0,0.85556984,0.70173424,0.86386144
real,00015244_002.png,15244,,effusion_0,-5.2908306,0.005012324,0.992274
real,00015244_000.png,15244,,effusion_0,-5.379513,0.004588912,0.991529
real,00015254_001.png,15254,,effusion_0,-0.3161373,0.42161742,0.8303941
real,00015254_002.png,15254,,effusion_0,4.9663544,0.9930797,0.9950438
real,00015282_000.png,15282,,effusion_0,-0.9432068,0.28025305,0.8367917
real,00015313_000.png,15313,,effusion_0,0.094911575,0.5237101,0.8377663
real,00015313_003.png,15313,,effusion_0,4.0631485,0.9830959,0.99480885
real,00015313_005.png,15313,,effusion_0,3.7965221,0.9780442,0.9909914
real,00015313_006.png,15313,,effusion_0,2.6744156,0.9355,0.9688131
real,00015313_007.png,15313,,effusion_0,0.6340294,0.65340257,0.79613817
real,00015313_008.png,15313,,effusion_0,-4.0833054,0.016572399,0.97088534
real,00015318_007.png,15318,,effusion_0,1.5035534,0.81810385,0.9097414
real,00015318_008.png,15318,,effusion_0,4.431061,0.98823816,0.99365
real,00015376_002.png,15376,,effusion_0,2.4071445,0.91737044,0.9695387
real,00015376_037.png,15376,,effusion_0,-0.7446041,0.32199818,0.83444333
real,00015388_004.png,15388,,effusion_0,-1.4104557,0.1961622,0.840746
real,00015423_001.png,15423,,effusion_0,1.3759079,0.7983329,0.90622663
real,00015423_002.png,15423,,effusion_0,1.9324417,0.8735194,0.9233061
real,00015423_003.png,15423,,effusion_0,1.5798206,0.82917917,0.90579647
real,00015423_004.png,15423,,effusion_0,1.7482586,0.851733,0.9004805
real,00015423_005.png,15423,,effusion_0,1.651228,0.83905697,0.8982433
real,00015423_006.png,15423,,effusion_0,2.3425217,0.91233796,0.94440436
real,00015448_003.png,15448,,effusion_0,-5.484911,0.004131762,0.99391204
real,00015492_002.png,15492,,effusion_0,-3.865162,0.020529246,0.9597245
real,00015497_000.png,15497,,effusion_0,3.4899406,0.9704002,0.98771244
real,00015497_001.png,15497,,effusion_0,2.1230602,0.89312434,0.93851393
real,00015562_004.png,15562,,effusion_0,0.24971771,0.562107,0.8333942
real,00015654_000.png,15654,,effusion_0,1.4127579,0.8042006,0.91552836
real,00015654_001.png,15654,,effusion_0,3.4763699,0.9700079,0.98913854
real,00015654_002.png,15654,,effusion_0,4.186125,0.9850226,0.99255246
real,00015654_003.png,15654,,effusion_0,3.594942,0.9732718,0.98895776
real,00015654_004.png,15654,,effusion_0,4.383335,0.9876703,0.993672
real,00015654_005.png,15654,,effusion_0,5.0047913,0.9933389,0.995109
real,00015654_006.png,15654,,effusion_0,4.939228,0.99289083,0.9942044
real,00015716_000.png,15716,,effusion_0,0.52196884,0.62760806,0.807395
real,00015985_000.png,15985,,effusion_0,2.6092758,0.9314562,0.9652717
real,00016041_000.png,16041,,effusion_0,4.780941,0.99168175,0.994814
real,00016184_016.png,16184,,effusion_0,3.397318,0.9676206,0.989992
real,00016191_001.png,16191,,effusion_0,1.6550732,0.8395755,0.93826455
real,00016191_015.png,16191,,effusion_0,0.093753815,0.5234213,0.7921771
real,00016191_016.png,16191,,effusion_0,-1.62323,0.16475989,0.86172163
real,00016191_021.png,16191,,effusion_0,2.6681595,0.9351215,0.9810455
real,00016191_026.png,16191,,effusion_0,3.121935,0.9577885,0.98375183
real,00016191_027.png,16191,,effusion_0,3.3637123,0.966551,0.98882973
real,00016202_000.png,16202,,effusion_0,-4.9226074,0.0072275065,0.9881662
real,00016205_005.png,16205,,effusion_0,1.6259098,0.83560854,0.91497964
real,00016205_007.png,16205,,effusion_0,-1.0334129,0.26242298,0.79621524
real,00016205_008.png,16205,,effusion_0,-1.4899807,0.18392463,0.81340206
real,00016205_009.png,16205,,effusion_0,-0.6626797,0.34013793,0.7821011
real,00016238_007.png,16238,,effusion_0,4.148266,0.98445374,0.99298495
real,00016238_008.png,16238,,effusion_0,1.414669,0.80450135,0.89734834
real,00016353_000.png,16353,,effusion_0,-4.1767464,0.015116353,0.97068495
real,00016417_000.png,16417,,effusion_0,3.8791904,0.97975093,0.99126565
real,00016417_001.png,16417,,effusion_0,3.9436321,0.98099065,0.99033666
real,00016417_002.png,16417,,effusion_0,-2.3770638,0.084938504,0.8903804
real,00016417_004.png,16417,,effusion_0,2.9343243,0.94951737,0.97831184
real,00016417_006.png,16417,,effusion_0,2.248787,0.90454584,0.9475215
real,00016417_007.png,16417,,effusion_0,3.5184002,0.9712068,0.9873963
real,00016417_008.png,16417,,effusion_0,3.4627132,0.96960795,0.98712754
real,00016417_009.png,16417,,effusion_0,4.1649513,0.98470706,0.9932121
real,00016484_002.png,16484,,effusion_0,-0.58229256,0.35840523,0.8087151
real,00016484_018.png,16484,,effusion_0,-1.7803822,0.14425595,0.88675725
real,00016484_030.png,16484,,effusion_0,-1.1086693,0.24811907,0.8610336
real,00016548_000.png,16548,,effusion_0,1.3833275,0.7995249,0.9195892
real,00016568_005.png,16568,,effusion_0,2.6567173,0.93442374,0.97094077
real,00016568_015.png,16568,,effusion_0,2.5947742,0.9305245,0.97653437
real,00016568_016.png,16568,,effusion_0,0.37482452,0.59262425,0.8511168
real,00016568_017.png,16568,,effusion_0,2.336506,0.91185564,0.9627027
real,00016568_018.png,16568,,effusion_0,2.7908344,0.9421785,0.9772507
real,00016568_019.png,16568,,effusion_0,3.0269146,0.9537754,0.9832233
real,00016568_020.png,16568,,effusion_0,1.8944607,0.8692633,0.9499985
real,00016568_021.png,16568,,effusion_0,3.0991993,0.9568597,0.9843402
real,00016568_022.png,16568,,effusion_0,3.0634384,0.9553592,0.98215824
real,00016568_023.png,16568,,effusion_0,1.5893307,0.83052194,0.93111956
real,00016568_024.png,16568,,effusion_0,2.778511,0.9415035,0.97776204
real,00016568_025.png,16568,,effusion_0,3.1559849,0.9591439,0.98323774
real,00016568_028.png,16568,,effusion_0,3.4511528,0.96926546,0.9852633
real,00016568_029.png,16568,,effusion_0,3.5927544,0.97321475,0.9874796
real,00016568_032.png,16568,,effusion_0,2.541441,0.92699635,0.97097266
real,00016568_036.png,16568,,effusion_0,1.9654045,0.8771167,0.9372228
real,00016568_037.png,16568,,effusion_0,2.7914963,0.9422146,0.96904427
real,00016568_038.png,16568,,effusion_0,2.309679,0.9096755,0.9593697
real,00016568_039.png,16568,,effusion_0,2.2961617,0.9085587,0.95997673
real,00016568_040.png,16568,,effusion_0,1.7370319,0.8503097,0.932802
real,00016568_041.png,16568,,effusion_0,2.3481865,0.91278994,0.959027
real,00016568_042.png,16568,,effusion_0,1.5449066,0.82417685,0.9141574
real,00016568_043.png,16568,,effusion_0,1.7072849,0.8464838,0.91645664
real,00016568_044.png,16568,,effusion_0,2.0963955,0.8905524,0.9375262
real,00016568_047.png,16568,,effusion_0,1.7045326,0.8461258,0.9137592
real,00016568_051.png,16568,,effusion_0,0.6337166,0.6533317,0.86178684
real,00016677_004.png,16677,,effusion_0,4.2502747,0.9859402,0.99197304
real,00016677_000.png,16677,,effusion_0,3.7182674,0.97629935,0.9899518
real,00016724_000.png,16724,,effusion_0,5.7955494,0.9969682,0.9970056
real,00016724_001.png,16724,,effusion_0,6.168991,0.99791104,0.99740666
real,00016724_003.png,16724,,effusion_0,4.8467426,0.99220735,0.99517137
real,00016757_003.png,16757,,effusion_0,-0.0137348175,0.49656633,0.81645316
real,00016801_000.png,16801,,effusion_0,2.0880833,0.8897395,0.9546442
real,00016801_006.png,16801,,effusion_0,3.5268898,0.9714433,0.98684365
real,00016801_008.png,16801,,effusion_0,0.119112015,0.52974284,0.83509666
real,00016862_000.png,16862,,effusion_0,-0.80140877,0.30972427,0.83298254
real,00016975_010.png,16975,,effusion_0,-2.6746445,0.064486206,0.9163375
real,00016975_013.png,16975,,effusion_0,-2.6068707,0.06869754,0.8945249
real,00016975_017.png,16975,,effusion_0,4.2394276,0.985789,0.99310964
real,00016975_018.png,16975,,effusion_0,0.1367302,0.5341294,0.8310227
real,00016990_000.png,16990,,effusion_0,-1.8419476,0.13682112,0.8912316
real,00017258_002.png,17258,,effusion_0,1.5269413,0.82155836,0.9310481
real,00017258_003.png,17258,,effusion_0,0.58911514,0.64316213,0.8792617
real,00017258_004.png,17258,,effusion_0,5.5841675,0.9962572,0.9967593
real,00017258_005.png,17258,,effusion_0,1.8036308,0.85859036,0.93634033
real,00017258_006.png,17258,,effusion_0,3.5989609,0.9733761,0.9898725
real,00017258_007.png,17258,,effusion_0,4.6092167,0.99013865,0.9939607
real,00017258_008.png,17258,,effusion_0,4.971861,0.99311745,0.9946841
real,00017258_009.png,17258,,effusion_0,4.9849396,0.99320626,0.9957169
real,00017258_010.png,17258,,effusion_0,4.95957,0.99303293,0.9949381
real,00017258_011.png,17258,,effusion_0,2.195158,0.89981383,0.96505463
real,00017258_016.png,17258,,effusion_0,1.6403008,0.83757585,0.9299371
real,00017258_017.png,17258,,effusion_0,1.111805,0.7524654,0.92148894
real,00017258_019.png,17258,,effusion_0,2.9763432,0.9514939,0.98011655
real,00017263_000.png,17263,,effusion_0,-4.2915573,0.0134988865,0.9712927
real,00017395_001.png,17395,,effusion_0,3.9682274,0.9814439,0.9898185
real,00017395_002.png,17395,,effusion_0,2.7103024,0.9376319,0.96754825
real,00017395_003.png,17395,,effusion_0,1.2629814,0.7795389,0.8769719
real,00017443_012.png,17443,,effusion_0,2.095028,0.890419,0.941114
real,00017443_013.png,17443,,effusion_0,1.8440895,0.86343163,0.9140745
real,00017529_000.png,17529,,effusion_0,1.7965469,0.85772806,0.9001546
real,00017607_000.png,17607,,effusion_0,-4.1768894,0.015114224,0.9728597
real,00017618_004.png,17618,,effusion_0,3.8265305,0.9786794,0.991838
real,00017618_005.png,17618,,effusion_0,2.2286663,0.90279436,0.9551364
real,00017618_006.png,17618,,effusion_0,2.7773266,0.9414382,0.98387885
real,00017618_008.png,17618,,effusion_0,3.1978512,0.9607533,0.987618
real,00017618_009.png,17618,,effusion_0,4.067667,0.9831708,0.99369675
real,00017618_010.png,17618,,effusion_0,4.615427,0.9901991,0.9948198
real,00017618_011.png,17618,,effusion_0,5.0737247,0.99377984,0.9955551
real,00017618_014.png,17618,,effusion_0,4.7042427,0.9910245,0.99402714
real,00017618_015.png,17618,,effusion_0,2.5543842,0.92786753,0.96568006
real,00017618_019.png,17618,,effusion_0,2.2950687,0.90846777,0.9557753
real,00017618_020.png,17618,,effusion_0,2.6850624,0.93613946,0.96742207
real,00017618_021.png,17618,,effusion_0,3.5418415,0.9718551,0.9863354
real,00017618_022.png,17618,,effusion_0,4.43956,0.9883365,0.99393666
real,00017618_023.png,17618,,effusion_0,5.398613,0.9954976,0.9962761
real,00017618_032.png,17618,,effusion_0,4.10536,0.9837832,0.9910285
real,00017691_014.png,17691,,effusion_0,-0.23195839,0.442269,0.7760491
real,00017702_001.png,17702,,effusion_0,4.2803783,0.98635143,0.99477005
real,00017747_053.png,17747,,effusion_0,1.1063328,0.75144476,0.9038921
real,00017747_054.png,17747,,effusion_0,1.6794567,0.84283257,0.9390624
real,00017747_055.png,17747,,effusion_0,1.9516602,0.8756275,0.94157714
real,00017747_056.png,17747,,effusion_0,2.211296,0.9012593,0.94894785
real,00017747_057.png,17747,,effusion_0,2.0783577,0.8887818,0.94952875
real,00017747_004.png,17747,,effusion_0,1.513813,0.81962556,0.9179333
real,00017747_005.png,17747,,effusion_0,1.7865181,0.8564998,0.93657243
real,00017747_008.png,17747,,effusion_0,2.3336658,0.9116272,0.96221375
real,00017747_010.png,17747,,effusion_0,2.241291,0.9038967,0.9613673
real,00017747_011.png,17747,,effusion_0,2.2571049,0.90526164,0.96453327
real,00017747_012.png,17747,,effusion_0,2.3889656,0.915982,0.9660759
real,00017763_003.png,17763,,effusion_0,-2.4424896,0.0799895,0.89582074
real,00017763_004.png,17763,,effusion_0,-2.9854088,0.048089426,0.9232958
real,00017786_005.png,17786,,effusion_0,2.0010605,0.8809084,0.9320776
real,00017786_010.png,17786,,effusion_0,-1.7484035,0.14824866,0.8404968
real,00017786_012.png,17786,,effusion_0,1.4943542,0.8167309,0.90985686
real,00017786_000.png,17786,,effusion_0,2.2841415,0.9075551,0.9684931
real,00017822_000.png,17822,,effusion_0,-1.5869026,0.16982011,0.82371575
real,00017835_032.png,17835,,effusion_0,0.4495163,0.61052424,0.8088244
real,00017846_000.png,17846,,effusion_0,0.7911167,0.6880711,0.8985703
real,00017930_004.png,17930,,effusion_0,4.8341293,0.9921091,0.9953842
real,00017930_005.png,17930,,effusion_0,5.209345,0.9945644,0.99668056
real,00017939_000.png,17939,,effusion_0,-2.7833672,0.05822963,0.92315686
real,00017945_000.png,17945,,effusion_0,-1.3177261,0.21119685,0.85301363
real,00017953_000.png,17953,,effusion_0,1.2852497,0.78334206,0.8789087
real,00017963_005.png,17963,,effusion_0,3.2884903,0.9640319,0.98554146
real,00017963_006.png,17963,,effusion_0,-3.594944,0.026728204,0.9611023
real,00018011_003.png,18011,,effusion_0,-0.85338783,0.29872268,0.82240903
real,00018011_005.png,18011,,effusion_0,-0.91480446,0.2860177,0.8617777
real,00018011_006.png,18011,,effusion_0,-3.0892792,0.04355165,0.9335485
real,00018011_008.png,18011,,effusion_0,-2.5242672,0.074174374,0.9086027
real,00018065_005.png,18065,,effusion_0,1.791853,0.85715425,0.9549596
real,00018065_006.png,18065,,effusion_0,2.0062733,0.88145417,0.96423554
real,00018065_007.png,18065,,effusion_0,1.4931221,0.8165464,0.9380979
real,00018090_000.png,18090,,effusion_0,4.486742,0.988868,0.9928856
real,00018102_001.png,18102,,effusion_0,2.7363243,0.9391363,0.9659397
real,00018102_002.png,18102,,effusion_0,3.6754951,0.9752892,0.97954535
real,00018102_004.png,18102,,effusion_0,3.035818,0.95416623,0.9672156
real,00018148_001.png,18148,,effusion_0,5.1779137,0.99439186,0.9941306
real,00018284_003.png,18284,,effusion_0,2.8074818,0.94307876,0.97417355
real,00018284_004.png,18284,,effusion_0,2.667902,0.9351058,0.96811837
real,00018374_000.png,18374,,effusion_0,1.2124577,0.77073354,0.91839516
real,00018463_000.png,18463,,effusion_0,-4.7729435,0.008384559,0.98616797
real,00018488_005.png,18488,,effusion_0,1.0042076,0.731885,0.87978154
real,00018521_005.png,18521,,effusion_0,2.4391441,0.919764,0.97374386
real,00018521_007.png,18521,,effusion_0,2.4175987,0.9181595,0.971669
real,00018521_008.png,18521,,effusion_0,3.2547703,0.96284413,0.98600084
real,00018521_009.png,18521,,effusion_0,2.9002342,0.94785804,0.9835069
real,00018521_010.png,18521,,effusion_0,2.8685722,0.94627076,0.9783153
real,00018521_011.png,18521,,effusion_0,4.374052,0.9875567,0.9935666
real,00018521_014.png,18521,,effusion_0,2.439701,0.91980505,0.9747594
real,00018521_015.png,18521,,effusion_0,4.6066704,0.99011374,0.99464965
real,00018524_002.png,18524,,effusion_0,0.12927818,0.5322746,0.8424806
real,00018524_003.png,18524,,effusion_0,1.5062084,0.8184986,0.90196925
real,00018524_005.png,18524,,effusion_0,1.7772369,0.8553553,0.9315321
real,00018531_000.png,18531,,effusion_0,-4.64538,0.009514483,0.9782471
real,00018592_002.png,18592,,effusion_0,2.3233318,0.9107911,0.95905584
real,00018592_007.png,18592,,effusion_0,-3.5008411,0.029288307,0.94419086
real,00018626_010.png,18626,,effusion_0,1.2619152,0.7793556,0.90290344
real,00018626_012.png,18626,,effusion_0,4.195017,0.9851533,0.9934034
real,00018626_013.png,18626,,effusion_0,3.4139442,0.96813744,0.9891404
real,00018626_014.png,18626,,effusion_0,3.0447884,0.954557,0.98446935
real,00018626_017.png,18626,,effusion_0,3.8933907,0.98003083,0.99066186
real,00018672_000.png,18672,,effusion_0,-0.568449,0.3615948,0.78929293
real,00018678_000.png,18678,,effusion_0,2.4750767,0.92237604,0.95076865
real,00018964_004.png,18964,,effusion_0,0.19747543,0.54920906,0.80099314
real,00018964_005.png,18964,,effusion_0,-1.3592434,0.20436329,0.8268163
real,00018964_006.png,18964,,effusion_0,-0.59799194,0.35480323,0.80057675
real,00019125_000.png,19125,,effusion_0,3.120655,0.95773673,0.9779527
real,00019154_000.png,19154,,effusion_0,1.66992,0.8415652,0.93956906
real,00019154_001.png,19154,,effusion_0,2.2243996,0.90241927,0.9640488
real,00019201_002.png,19201,,effusion_0,0.81658745,0.6935115,0.855758
real,00019231_001.png,19231,,effusion_0,-1.0115185,0.2666828,0.7796826
real,00019395_006.png,19395,,effusion_0,2.9169388,0.9486774,0.97049046
real,00019395_012.png,19395,,effusion_0,5.187744,0.9944464,0.99603695
real,00019395_014.png,19395,,effusion_0,4.193737,0.98513454,0.99214786
real,00019395_015.png,19395,,effusion_0,3.9840508,0.98172987,0.9900612
real,00019395_016.png,19395,,effusion_0,4.9338512,0.99285275,0.99556065
real,00019395_017.png,19395,,effusion_0,4.838125,0.99214035,0.99527466
real,00019395_018.png,19395,,effusion_0,4.7774696,0.991653,0.9941975
real,00019395_020.png,19395,,effusion_0,4.391781,0.98777264,0.99311745
real,00019395_021.png,19395,,effusion_0,2.7776718,0.9414572,0.9763331
real,00019395_022.png,19395,,effusion_0,4.7373447,0.99131423,0.9950579
real,00019395_023.png,19395,,effusion_0,5.030838,0.993509,0.99512595
real,00019395_026.png,19395,,effusion_0,4.7921867,0.9917739,0.9939149
real,00019406_007.png,19406,,effusion_0,-3.4034119,0.032189004,0.9489339
real,00019409_000.png,19409,,effusion_0,0.46266556,0.6136463,0.8593432
real,00019437_000.png,19437,,effusion_0,2.539486,0.9268639,0.95685697
real,00019486_001.png,19486,,effusion_0,-3.422491,0.03159991,0.9487332
real,00019486_000.png,19486,,effusion_0,-4.145258,0.015592377,0.9763119
real,00019592_006.png,19592,,effusion_0,1.6946182,0.8448305,0.9481207
real,00019592_007.png,19592,,effusion_0,1.1438484,0.7583855,0.91201615
real,00019592_008.png,19592,,effusion_0,2.245346,0.90424836,0.96440405
real,00019637_004.png,19637,,effusion_0,-1.35495,0.2050623,0.8074355
real,00019637_008.png,19637,,effusion_0,1.9801464,0.8786968,0.9452552
real,00019637_003.png,19637,,effusion_0,0.72901726,0.6745896,0.8846913
real,00019761_000.png,19761,,effusion_0,2.9470005,0.9501216,0.9697175
real,00019863_006.png,19863,,effusion_0,0.078897476,0.5197142,0.79066247
real,00019863_008.png,19863,,effusion_0,-0.41277504,0.3982469,0.7808313
real,00019917_000.png,19917,,effusion_0,2.5943089,0.9304944,0.97607213
real,00019919_016.png,19919,,effusion_0,0.90618324,0.7122185,0.91499615
real,00019919_017.png,19919,,effusion_0,1.5402088,0.82349503,0.9261336
real,00019919_018.png,19919,,effusion_0,2.0476456,0.8857095,0.9458655
real,00019919_020.png,19919,,effusion_0,1.2531395,0.7778428,0.9053157
real,00019919_021.png,19919,,effusion_0,2.4380875,0.9196859,0.96870553
real,00019919_003.png,19919,,effusion_0,-1.8106956,0.14055407,0.9043228
real,00019927_005.png,19927,,effusion_0,0.21770477,0.5542122,0.85769004
real,00019927_007.png,19927,,effusion_0,0.38352394,0.59472275,0.8776006
real,00019927_008.png,19927,,effusion_0,1.6676884,0.8412674,0.93403924
real,00019927_009.png,19927,,effusion_0,-1.3499966,0.20587093,0.8911933
real,00019927_010.png,19927,,effusion_0,-0.21092987,0.4474622,0.86063606
real,00019964_000.png,19964,,effusion_0,0.32551575,0.58066785,0.8379581
real,00020234_000.png,20234,,effusion_0,1.920723,0.87221897,0.9585155
real,00020286_004.png,20286,,effusion_0,1.0872612,0.7478656,0.9055469
real,00020286_003.png,20286,,effusion_0,1.0980835,0.7499008,0.9172449
real,00020286_002.png,20286,,effusion_0,0.34032822,0.58427024,0.8686982
real,00020286_008.png,20286,,effusion_0,-0.88243866,0.2926727,0.8088624
real,00020286_009.png,20286,,effusion_0,-0.6434765,0.34446108,0.8091574
real,00020286_012.png,20286,,effusion_0,-0.7711086,0.31623933,0.81972873
real,00020286_011.png,20286,,effusion_0,0.28277397,0.5702262,0.83091694
real,00020286_014.png,20286,,effusion_0,1.2888527,0.7839529,0.9180972
real,00020286_015.png,20286,,effusion_0,2.605877,0.93123883,0.9769622
real,00020286_028.png,20286,,effusion_0,1.8272896,0.8614385,0.95061654
real,00020286_023.png,20286,,effusion_0,2.3752518,0.9149205,0.9721495
real,00020286_026.png,20286,,effusion_0,1.9397182,0.87432116,0.9553957
real,00020312_018.png,20312,,effusion_0,-1.2143078,0.22893973,0.81891185
real,00020318_035.png,20318,,effusion_0,-3.3584824,0.033618495,0.96236914
real,00020318_002.png,20318,,effusion_0,3.0421848,0.954444,0.9843257
real,00020318_003.png,20318,,effusion_0,2.5594902,0.9282085,0.976992
real,00020318_004.png,20318,,effusion_0,2.454319,0.92087674,0.97318816
real,00020318_006.png,20318,,effusion_0,1.8418255,0.8631645,0.9549003
real,00020318_008.png,20318,,effusion_0,1.5747452,0.828459,0.94133115
real,00020318_010.png,20318,,effusion_0,1.8735237,0.8668655,0.94440097
real,00020318_011.png,20318,,effusion_0,1.8898048,0.8687332,0.9534621
real,00020318_012.png,20318,,effusion_0,2.510601,0.92488164,0.9723567
real,00020318_014.png,20318,,effusion_0,2.2892704,0.9079845,0.96871024
real,00020318_015.png,20318,,effusion_0,2.8580437,0.94573295,0.9786137
real,00020318_017.png,20318,,effusion_0,2.9739304,0.9513824,0.9795555
real,00020318_018.png,20318,,effusion_0,2.593214,0.9304236,0.97160393
real,00020318_019.png,20318,,effusion_0,2.2886353,0.9079314,0.9659847
real,00020318_020.png,20318,,effusion_0,2.8069305,0.94304913,0.97483623
real,00020318_021.png,20318,,effusion_0,3.1481743,0.9588367,0.9817004
real,00020318_022.png,20318,,effusion_0,2.7646923,0.9407378,0.9790826
real,00020318_023.png,20318,,effusion_0,2.3185692,0.9104033,0.9658166
real,00020382_000.png,20382,,effusion_0,2.820095,0.94375217,0.97506523
real,00020393_003.png,20393,,effusion_0,1.3862915,0.79999954,0.91218853
real,00020393_004.png,20393,,effusion_0,-3.7001915,0.024122512,0.9573254
real,00020399_000.png,20399,,effusion_0,2.3972301,0.91661584,0.9660676
real,00020428_000.png,20428,,effusion_0,-2.6436787,0.06637969,0.90616375
real,00020485_000.png,20485,,effusion_0,-5.884424,0.0027747273,0.9956306
real,00020629_006.png,20629,,effusion_0,1.3200951,0.78919756,0.86972135
real,00020629_007.png,20629,,effusion_0,-1.9412746,0.12550789,0.83114654
real,00020629_008.png,20629,,effusion_0,0.35469055,0.58775455,0.8035648
real,00020629_011.png,20629,,effusion_0,3.6267128,0.9740859,0.99023277
real,00020629_012.png,20629,,effusion_0,2.9858894,0.9519326,0.97662747
real,00020629_014.png,20629,,effusion_0,2.9843235,0.95186085,0.98232067
real,00020629_016.png,20629,,effusion_0,-4.26791,0.013817439,0.9720824
real,00020642_002.png,20642,,effusion_0,2.2724552,0.90656996,0.9587083
real,00020642_003.png,20642,,effusion_0,1.59828,0.8317779,0.9190023
real,00020671_000.png,20671,,effusion_0,3.6902351,0.975642,0.9846945
real,00020671_003.png,20671,,effusion_0,3.4281693,0.9685734,0.9858352
real,00020671_004.png,20671,,effusion_0,3.658266,0.97487056,0.9867205
real,00020671_005.png,20671,,effusion_0,3.707571,0.97605056,0.9862266
real,00020671_006.png,20671,,effusion_0,3.7015076,0.9759084,0.9862381
real,00020671_008.png,20671,,effusion_0,3.8235188,0.9786164,0.98842436
real,00020671_009.png,20671,,effusion_0,4.0067196,0.9821321,0.9889816
real,00020671_010.png,20671,,effusion_0,4.0267467,0.98248017,0.99005747
real,00020671_015.png,20671,,effusion_0,3.4579792,0.96946824,0.9815917
real,00020671_016.png,20671,,effusion_0,4.5680466,0.98972833,0.9930691
real,00020671_017.png,20671,,effusion_0,3.7648125,0.97735286,0.98446316
real,00020671_018.png,20671,,effusion_0,3.2822895,0.9638162,0.9792551
real,00020683_000.png,20683,,effusion_0,3.1365185,0.9583742,0.9736078
real,00020683_001.png,20683,,effusion_0,3.3751163,0.96691775,0.9788101
real,00020758_001.png,20758,,effusion_0,1.9751472,0.8781629,0.93277144
real,00020810_004.png,20810,,effusion_0,2.9985752,0.9525097,0.9843868
real,00020811_013.png,20811,,effusion_0,-0.010183334,0.4974542,0.8087502
real,00020811_014.png,20811,,effusion_0,-1.0522575,0.25879183,0.7824789
real,00020811_004.png,20811,,effusion_0,1.7728195,0.8548079,0.9409319
real,00020811_008.png,20811,,effusion_0,4.650173,0.99053055,0.9947279
real,00020819_002.png,20819,,effusion_0,5.1385136,0.9941678,0.99674714
real,00020819_006.png,20819,,effusion_0,-2.563486,0.071525685,0.91809547
real,00020819_010.png,20819,,effusion_0,1.2934418,0.7847292,0.9041652
real,00020819_012.png,20819,,effusion_0,1.0815525,0.7467877,0.88719404
real,00020819_013.png,20819,,effusion_0,0.7111187,0.67064834,0.88462937
real,00020819_014.png,20819,,effusion_0,0.025634766,0.50640833,0.84450483
real,00020819_015.png,20819,,effusion_0,1.8780937,0.867392,0.95203465
real,00020819_016.png,20819,,effusion_0,-0.6809025,0.33605993,0.85784304
real,00020869_007.png,20869,,effusion_0,-4.101446,0.016279323,0.96780336
real,00020880_002.png,20880,,effusion_0,1.6992569,0.84543765,0.91255265
real,00020880_004.png,20880,,effusion_0,0.8681183,0.704354,0.8536775
real,00020928_001.png,20928,,effusion_0,3.9824429,0.9817011,0.9900669
real,00020934_000.png,20934,,effusion_0,-4.195677,0.014837091,0.9750901
real,00021023_005.png,21023,,effusion_0,3.8050842,0.97822726,0.9914334
real,00021023_007.png,21023,,effusion_0,4.7167816,0.99113536,0.99535
real,00021023_020.png,21023,,effusion_0,1.2988758,0.7856457,0.8929597
real,00021107_001.png,21107,,effusion_0,-0.250803,0.43762589,0.7837792
real,00021107_002.png,21107,,effusion_0,-2.0085106,0.11831226,0.81934327
real,00021200_003.png,21200,,effusion_0,-1.4920368,0.1836162,0.8503121
real,00021245_002.png,21245,,effusion_0,2.9515057,0.95033455,0.9846152
real,00021245_003.png,21245,,effusion_0,3.2975216,0.9643437,0.98913395
real,00021260_005.png,21260,,effusion_0,-5.3057785,0.0049383254,0.99293834
real,00021362_003.png,21362,,effusion_0,4.1362133,0.98426825,0.99429476
real,00021362_004.png,21362,,effusion_0,2.415081,0.91797006,0.97819966
real,00021362_005.png,21362,,effusion_0,3.2216396,0.9616406,0.9907234
real,00021398_000.png,21398,,effusion_0,3.845007,0.97906154,0.98794913
real,00021398_001.png,21398,,effusion_0,2.4263878,0.9188175,0.9614963
real,00021409_003.png,21409,,effusion_0,3.333418,0.9655576,0.98494244
real,00021409_004.png,21409,,effusion_0,3.5649853,0.9724813,0.99057144
real,00021409_005.png,21409,,effusion_0,3.565174,0.9724864,0.99062765
real,00021409_009.png,21409,,effusion_0,4.393215,0.98779,0.9921891
real,00021455_000.png,21455,,effusion_0,3.5949802,0.9732728,0.99005336
real,00021455_001.png,21455,,effusion_0,1.8280544,0.8615298,0.9417485
real,00021455_005.png,21455,,effusion_0,3.3344288,0.9655912,0.98151344
real,00021455_006.png,21455,,effusion_0,4.1454887,0.98441124,0.9903349
real,00021455_007.png,21455,,effusion_0,3.906578,0.98028725,0.98823726
real,00021455_009.png,21455,,effusion_0,3.0125751,0.953139,0.9734647
real,00021495_002.png,21495,,effusion_0,4.2070084,0.9853276,0.991735
real,00021495_006.png,21495,,effusion_0,3.4687634,0.96978575,0.9856009
real,00021495_007.png,21495,,effusion_0,2.5964184,0.9306307,0.9632799
real,00021495_008.png,21495,,effusion_0,3.4355774,0.96879816,0.98208636
real,00021648_009.png,21648,,effusion_0,-1.6541538,0.16054834,0.8949662
real,00021649_001.png,21649,,effusion_0,-4.534971,0.010613364,0.9855845
real,00021684_000.png,21684,,effusion_0,1.911974,0.87124074,0.94607896
real,00021707_003.png,21707,,effusion_0,-1.18606,0.23396434,0.85539144
real,00021707_004.png,21707,,effusion_0,-0.056396484,0.48590457,0.8383808
real,00021803_000.png,21803,,effusion_0,0.92702866,0.716472,0.8775969
real,00021803_001.png,21803,,effusion_0,-3.5578098,0.027711371,0.9675521
real,00021845_000.png,21845,,effusion_0,-4.01861,0.017660439,0.97738856
real,00021845_003.png,21845,,effusion_0,-5.1461315,0.0057881847,0.99155295
real,00021972_025.png,21972,,effusion_0,3.546936,0.97199416,0.98543614
real,00021972_027.png,21972,,effusion_0,3.6057682,0.9735519,0.98453933
real,00021972_028.png,21972,,effusion_0,3.1214104,0.9577673,0.9791629
real,00021972_029.png,21972,,effusion_0,2.3536892,0.91322696,0.95730686
real,00021972_030.png,21972,,effusion_0,1.2542782,0.7780396,0.89626807
real,00021972_032.png,21972,,effusion_0,1.1588173,0.7611177,0.88792336
real,00021972_001.png,21972,,effusion_0,3.93326,0.9807962,0.988629
real,00021972_003.png,21972,,effusion_0,4.09182,0.98356575,0.9906216
real,00021972_005.png,21972,,effusion_0,3.825863,0.97866553,0.98610944
real,00021972_007.png,21972,,effusion_0,2.3849888,0.91567546,0.96036285
real,00021972_009.png,21972,,effusion_0,-0.28167343,0.43004352,0.8264242
real,00021972_010.png,21972,,effusion_0,-0.020460129,0.49488515,0.8404771
real,00021976_004.png,21976,,effusion_0,0.15049744,0.5375535,0.88433874
real,00021976_005.png,21976,,effusion_0,-0.29769135,0.42612195,0.84272325
real,00021976_006.png,21976,,effusion_0,0.2994461,0.57430714,0.8476373
real,00021976_007.png,21976,,effusion_0,2.076086,0.8885571,0.9451323
real,00021976_008.png,21976,,effusion_0,1.6016922,0.83225477,0.9149575
real,00021976_009.png,21976,,effusion_0,0.700016,0.6681913,0.888481
real,00021976_010.png,21976,,effusion_0,0.55384254,0.63502663,0.84313405
real,00021976_011.png,21976,,effusion_0,0.020750046,0.50518733,0.8369549
real,00021976_013.png,21976,,effusion_0,-0.54935265,0.3660146,0.8345881
real,00021976_012.png,21976,,effusion_0,0.47644234,0.6169074,0.83558017
real,00022147_005.png,22147,,effusion_0,-3.2562256,0.037103824,0.93480444
real,00022147_000.png,22147,,effusion_0,-4.3538,0.012694635,0.9764372
real,00022155_003.png,22155,,effusion_0,2.7036896,0.93724406,0.970498
real,00022155_004.png,22155,,effusion_0,2.4428272,0.92003536,0.96166223
real,00022155_005.png,22155,,effusion_0,3.008461,0.95295495,0.9753568
real,00022155_008.png,22155,,effusion_0,2.4555798,0.92096853,0.964593
real,00022155_010.png,22155,,effusion_0,1.7338428,0.84990335,0.92851865
real,00022155_011.png,22155,,effusion_0,1.7674332,0.8541382,0.93211395
real,00022155_013.png,22155,,effusion_0,1.6206303,0.834882,0.89867127
real,00022155_021.png,22155,,effusion_0,2.4260082,0.9187892,0.97406465
real,00022175_001.png,22175,,effusion_0,2.0085716,0.88169414,0.940128
real,00022341_005.png,22341,,effusion_0,-2.6818638,0.06405205,0.9203451
real,00022574_000.png,22574,,effusion_0,-3.1663132,0.040453285,0.9235139
real,00022651_001.png,22651,,effusion_0,2.5581074,0.92811626,0.9627127
real,00022651_003.png,22651,,effusion_0,3.566557,0.97252333,0.9855218
real,00022651_004.png,22651,,effusion_0,3.4666634,0.96972424,0.98129076
real,00022651_005.png,22651,,effusion_0,2.6463146,0.9337834,0.9634471
real,00022651_006.png,22651,,effusion_0,2.8999977,0.94784635,0.96693456
real,00022651_007.png,22651,,effusion_0,3.0514202,0.95484376,0.9780949
real,00022651_008.png,22651,,effusion_0,2.2387714,0.90367764,0.9389839
real,00022651_009.png,22651,,effusion_0,2.3541756,0.9132655,0.9458262
real,00022651_010.png,22651,,effusion_0,2.6553326,0.9343389,0.9666442
real,00022651_013.png,22651,,effusion_0,1.641058,0.83767885,0.92058307
real,00022651_015.png,22651,,effusion_0,1.9990921,0.8807017,0.9411028
real,00022651_016.png,22651,,effusion_0,2.0663567,0.88758993,0.94932777
real,00022651_017.png,22651,,effusion_0,1.8311138,0.8618943,0.92889756
real,00022651_018.png,22651,,effusion_0,2.380228,0.91530716,0.96209174
real,00022651_019.png,22651,,effusion_0,1.7620907,0.8534713,0.91755927
real,00022651_023.png,22651,,effusion_0,1.4797668,0.81453735,0.9133295
real,00022677_002.png,22677,,effusion_0,-3.2022114,0.039082587,0.9524047
real,00022716_000.png,22716,,effusion_0,1.4323845,0.80727255,0.9166576
real,00022789_000.png,22789,,effusion_0,-3.0334682,0.04593659,0.9458583
real,00022789_001.png,22789,,effusion_0,-5.0663033,0.006266175,0.989431
real,00022818_000.png,22818,,effusion_0,-4.1770763,0.015111441,0.9720624
real,00022883_002.png,22883,,effusion_0,2.6527824,0.9341822,0.97089607
real,00022883_011.png,22883,,effusion_0,2.6449337,0.933698,0.96972567
real,00022883_012.png,22883,,effusion_0,2.7711086,0.94109446,0.9803858
real,00023073_008.png,23073,,effusion_0,-0.6369915,0.34592694,0.8386243
real,00023093_007.png,23093,,effusion_0,3.492569,0.9704756,0.9838312
real,00023093_009.png,23093,,effusion_0,-1.321516,0.21056618,0.7848922
real,00023093_011.png,23093,,effusion_0,-2.0306168,0.11602565,0.86717063
real,00023093_012.png,23093,,effusion_0,-1.9022999,0.12984839,0.86099803
real,00023093_017.png,23093,,effusion_0,-1.2735558,0.21864916,0.8067012
real,00023097_000.png,23097,,effusion_0,5.6274014,0.996415,0.996586
real,00023097_001.png,23097,,effusion_0,4.8180294,0.99198204,0.99461615
real,00023097_002.png,23097,,effusion_0,5.212919,0.9945838,0.99619097
real,00023097_007.png,23097,,effusion_0,5.5720787,0.9962119,0.9969026
real,00023156_002.png,23156,,effusion_0,2.7208405,0.9382453,0.96617013
real,00023156_004.png,23156,,effusion_0,2.5877266,0.9300675,0.9759636
real,00023156_005.png,23156,,effusion_0,1.7920437,0.8571777,0.93304247
real,00023156_010.png,23156,,effusion_0,1.8230801,0.8609353,0.9354139
real,00023156_013.png,23156,,effusion_0,3.0463371,0.9546242,0.9768125
real,00023156_014.png,23156,,effusion_0,2.9341908,0.94951093,0.9864136
real,00023156_020.png,23156,,effusion_0,2.3605518,0.9137693,0.96626943
real,00023156_021.png,23156,,effusion_0,2.8875942,0.94722974,0.9762395
real,00023156_022.png,23156,,effusion_0,3.2115898,0.9612681,0.9830559
real,00023176_017.png,23176,,effusion_0,3.2492352,0.9626456,0.9868406
real,00023196_003.png,23196,,effusion_0,2.6442204,0.93365383,0.9563768
real,00023319_000.png,23319,,effusion_0,-4.8682823,0.0076279244,0.9858995
real,00023325_013.png,23325,,effusion_0,1.9084682,0.870847,0.9209789
real,00023325_014.png,23325,,effusion_0,2.6650867,0.9349348,0.95920813
real,00024073_000.png,24073,,effusion_0,-2.710415,0.06236159,0.86692965
real,00024116_001.png,24116,,effusion_0,-4.394308,0.012196821,0.9777043
real,00024264_000.png,24264,,effusion_0,-4.1685047,0.015239544,0.9779109
real,00024692_001.png,24692,,effusion_0,-4.1916084,0.014896677,0.9760886
real,00024749_000.png,24749,,effusion_0,-3.973301,0.018463908,0.9607779
real,00025252_000.png,25252,,effusion_0,5.306137,0.9950635,0.9956688
real,00025252_001.png,25252,,effusion_0,4.9030304,0.9926307,0.9957492
real,00025261_000.png,25261,,effusion_0,3.251173,0.96271527,0.98709816
real,00025261_001.png,25261,,effusion_0,3.3305779,0.96546304,0.9885809
real,00025261_002.png,25261,,effusion_0,4.2150173,0.985443,0.99444973
real,00025261_004.png,25261,,effusion_0,3.3436928,0.9658977,0.98840004
real,00025290_032.png,25290,,effusion_0,-2.3841515,0.08438924,0.8733838
real,00025416_001.png,25416,,effusion_0,-3.0621014,0.04469789,0.9487319
real,00025517_000.png,25517,,effusion_0,1.3399067,0.79247457,0.8946398
real,00025527_009.png,25527,,effusion_0,2.5403442,0.9269221,0.9730871
real,00025635_000.png,25635,,effusion_0,2.7019978,0.9371444,0.96380895
real,00025635_001.png,25635,,effusion_0,3.4458828,0.96910816,0.9788905
real,00025635_008.png,25635,,effusion_0,3.6259937,0.97406775,0.9853254
real,00025688_001.png,25688,,effusion_0,1.9411926,0.8744831,0.9284977
real,00025688_002.png,25688,,effusion_0,-5.252432,0.0052075125,0.9926777
real,00025696_000.png,25696,,effusion_0,1.6331215,0.8365968,0.92864645
real,00025696_001.png,25696,,effusion_0,1.354084,0.79479647,0.92403185
real,00025707_008.png,25707,,effusion_0,3.6829472,0.9754682,0.99224687
real,00025707_010.png,25707,,effusion_0,3.5521889,0.97213674,0.9912794
real,00025707_013.png,25707,,effusion_0,2.5703735,0.92893034,0.9735383
real,00025784_000.png,25784,,effusion_0,-0.8988724,0.28928226,0.7552949
real,00025784_001.png,25784,,effusion_0,-2.1470222,0.10460981,0.84281427
real,00025832_007.png,25832,,effusion_0,-0.8573837,0.29788622,0.84487027
real,00025924_003.png,25924,,effusion_0,-1.9097328,0.12901087,0.8970115
real,00025924_006.png,25924,,effusion_0,-3.4141216,0.031857032,0.95723933
real,00025924_016.png,25924,,effusion_0,0.6534157,0.65777975,0.8766266
real,00025924_025.png,25924,,effusion_0,3.1158104,0.9575403,0.9835596
real,00025924_026.png,25924,,effusion_0,2.6474762,0.9338553,0.97911745
real,00025924_027.png,25924,,effusion_0,1.3351994,0.79169935,0.92142963
real,00026657_000.png,26657,,effusion_0,4.7543316,0.99145925,0.99570376
real,00026715_002.png,26715,,effusion_0,3.9272213,0.98068213,0.98894286
real,00026715_003.png,26715,,effusion_0,4.1524296,0.9845173,0.9911423
real,00026715_004.png,26715,,effusion_0,3.765007,0.9773571,0.9865463
real,00026738_005.png,26738,,effusion_0,-2.0613632,0.11290923,0.87904143
real,00026751_000.png,26751,,effusion_0,-2.7035637,0.06276339,0.9039733
real,00026815_000.png,26815,,effusion_0,-5.4100876,0.004451345,0.99112546
real,00026815_002.png,26815,,effusion_0,-5.3942223,0.0045222086,0.9922056
real,00026889_000.png,26889,,effusion_0,2.1485424,0.8955325,0.9485679
real,00026889_001.png,26889,,effusion_0,3.1451225,0.95871615,0.9836893
real,00026889_002.png,26889,,effusion_0,3.63064,0.9741848,0.98337513
real,00026911_006.png,26911,,effusion_0,2.0203438,0.88291657,0.94950503
real,00026912_000.png,26912,,effusion_0,-3.3970165,0.032388836,0.9538288
real,00026913_000.png,26913,,effusion_0,-4.5133266,0.010843071,0.9823702
real,00026967_002.png,26967,,effusion_0,2.9149342,0.9485798,0.9813096
real,00026999_000.png,26999,,effusion_0,1.1485729,0.75925016,0.9030615
real,00027011_000.png,27011,,effusion_0,-1.4258194,0.1937509,0.8115255
real,00027061_001.png,27061,,effusion_0,-0.38188934,0.4056713,0.81991315
real,00027092_004.png,27092,,effusion_0,0.36543083,0.59035444,0.87178224
real,00027092_005.png,27092,,effusion_0,2.0192585,0.88280433,0.9547129
real,00027092_006.png,27092,,effusion_0,-2.2394257,0.0962655,0.88781893
real,00027142_008.png,27142,,effusion_0,-1.6593895,0.15984398,0.84909415
real,00027142_009.png,27142,,effusion_0,1.2109985,0.77047557,0.8764766
real,00027306_000.png,27306,,effusion_0,-4.313282,0.013212622,0.968938
real,00027389_002.png,27389,,effusion_0,-1.2827377,0.21708457,0.79559016
real,00027389_003.png,27389,,effusion_0,-0.79654694,0.31076464,0.76432353
real,00027420_002.png,27420,,effusion_0,2.9574184,0.95061296,0.97717166
real,00027420_003.png,27420,,effusion_0,-3.6199207,0.026086088,0.95917606
real,00027422_003.png,27422,,effusion_0,3.2873783,0.9639933,0.9865097
real,00027441_025.png,27441,,effusion_0,3.7851143,0.97779787,0.98757184
real,00027474_005.png,27474,,effusion_0,2.9025955,0.94797456,0.9832389
real,00027474_007.png,27474,,effusion_0,2.6907082,0.93647605,0.984392
real,00027474_008.png,27474,,effusion_0,2.0873127,0.8896639,0.9644783
real,00027474_009.png,27474,,effusion_0,2.0189915,0.8827766,0.9540068
real,00027485_001.png,27485,,effusion_0,2.225525,0.90251833,0.9632556
real,00027514_008.png,27514,,effusion_0,-5.122162,0.00592777,0.9899769
real,00027618_006.png,27618,,effusion_0,-0.475317,0.38335854,0.8266894
real,00027618_008.png,27618,,effusion_0,-1.1177635,0.24642637,0.83858496
real,00027618_009.png,27618,,effusion_0,-0.1567688,0.4608879,0.8326979
real,00027815_001.png,27815,,effusion_0,1.6197948,0.83476686,0.93537706
real,00027907_001.png,27907,,effusion_0,-1.7022705,0.15416896,0.8647275
real,00028013_004.png,28013,,effusion_0,0.95557404,0.7222348,0.88530964
real,00028013_005.png,28013,,effusion_0,2.5957584,0.9305881,0.9729246
real,00028013_006.png,28013,,effusion_0,2.5534782,0.92780685,0.97044754
real,00028013_010.png,28013,,effusion_0,-1.0965862,0.25038007,0.83389586
real,00028013_011.png,28013,,effusion_0,1.7626152,0.85353684,0.93652326
real,00028013_013.png,28013,,effusion_0,2.6748352,0.93552524,0.97438794
real,00028018_000.png,28018,,effusion_0,-2.9085884,0.051730637,0.9358368
real,00028027_000.png,28027,,effusion_0,-1.756712,0.14720263,0.84974545
real,00028027_003.png,28027,,effusion_0,2.8822117,0.9469601,0.97823644
real,00028027_004.png,28027,,effusion_0,5.355068,0.9952981,0.9947757
real,00028036_000.png,28036,,effusion_0,4.854,0.9922632,0.9955469
real,00028105_000.png,28105,,effusion_0,-4.16716,0.015259737,0.981923
real,00028148_005.png,28148,,effusion_0,1.1513233,0.7597526,0.8990737
real,00028148_006.png,28148,,effusion_0,0.99352455,0.72978354,0.85791427
real,00028148_008.png,28148,,effusion_0,1.5913639,0.8308079,0.9215821
real,00028148_010.png,28148,,effusion_0,1.6505966,0.83897173,0.9384907
real,00028148_013.png,28148,,effusion_0,0.17235565,0.5429826,0.86331946
real,00028148_014.png,28148,,effusion_0,0.5903568,0.64344704,0.8946745
real,00028148_011.png,28148,,effusion_0,-0.08075333,0.4798226,0.86346024
real,00028148_012.png,28148,,effusion_0,0.6635971,0.6600679,0.8938257
real,00028148_017.png,28148,,effusion_0,0.7796707,0.6856091,0.89931583
real,00028256_003.png,28256,,effusion_0,-0.47618294,0.3831539,0.851734
real,00028256_001.png,28256,,effusion_0,1.8661957,0.86601746,0.9596954
real,00028256_004.png,28256,,effusion_0,-0.09665871,0.47585413,0.84228694
real,00028256_005.png,28256,,effusion_0,-3.8348045,0.021148633,0.96455956
real,00028274_000.png,28274,,effusion_0,5.4015484,0.9955107,0.99635506
real,00028392_001.png,28392,,effusion_0,3.9352932,0.98083454,0.99302006
real,00028392_004.png,28392,,effusion_0,3.4213085,0.9683639,0.99075395
real,00028392_005.png,28392,,effusion_0,0.73703,0.67634606,0.8522957
real,00028412_000.png,28412,,effusion_0,-5.0038185,0.0066675125,0.9869925
real,00028558_000.png,28558,,effusion_0,-3.6143017,0.026229225,0.95983285
real,00028625_000.png,28625,,effusion_0,3.9053078,0.9802626,0.99418247
real,00028628_006.png,28628,,effusion_0,4.6573696,0.9905978,0.9953776
real,00028628_007.png,28628,,effusion_0,4.5976486,0.99002504,0.99433917
real,00028628_008.png,28628,,effusion_0,5.0566463,0.99367344,0.9964566
real,00028628_009.png,28628,,effusion_0,5.2314644,0.9946827,0.99550074
real,00028628_010.png,28628,,effusion_0,4.045601,0.98280174,0.99291587
real,00028628_016.png,28628,,effusion_0,4.176958,0.9848868,0.99337196
real,00028628_017.png,28628,,effusion_0,4.7970886,0.9918139,0.99491036
real,00028628_022.png,28628,,effusion_0,4.572838,0.98977697,0.9938761
real,00028703_000.png,28703,,effusion_0,-3.472887,0.030093601,0.95624703
real,00028764_004.png,28764,,effusion_0,-5.84033,0.0028994512,0.9959625
real,00028766_000.png,28766,,effusion_0,-4.1551266,0.015441621,0.9755498
real,00028772_000.png,28772,,effusion_0,-4.3639145,0.012568487,0.9838118
real,00028811_000.png,28811,,effusion_0,3.629942,0.9741673,0.9898319
real,00028811_001.png,28811,,effusion_0,5.0224247,0.9934546,0.9949693
real,00028811_002.png,28811,,effusion_0,4.5668697,0.9897165,0.9952587
real,00028811_006.png,28811,,effusion_0,5.703993,0.9966785,0.9972286
real,00028811_007.png,28811,,effusion_0,4.7196007,0.9911601,0.99475896
real,00028882_005.png,28882,,effusion_0,-1.3207474,0.21069399,0.8498811
real,00028897_002.png,28897,,effusion_0,1.6610794,0.8403828,0.93656844
real,00028897_003.png,28897,,effusion_0,1.8411579,0.8630856,0.95943964
real,00028897_011.png,28897,,effusion_0,3.609665,0.9736521,0.992823
real,00028897_012.png,28897,,effusion_0,4.09165,0.98356307,0.99398154
real,00028897_013.png,28897,,effusion_0,3.5761147,0.97277755,0.9921711
real,00028897_015.png,28897,,effusion_0,2.8951054,0.94760394,0.983498
real,00028897_016.png,28897,,effusion_0,3.299944,0.9644269,0.989431
real,00028897_018.png,28897,,effusion_0,2.8402634,0.9448132,0.9797872
real,00028897_019.png,28897,,effusion_0,2.64715,0.9338351,0.97582906
real,00028934_001.png,28934,,effusion_0,1.7799625,0.85569227,0.93734574
real,00029021_000.png,29021,,effusion_0,-3.4841309,0.029767144,0.9572461
real,00029022_000.png,29022,,effusion_0,-1.4568233,0.18895365,0.83704245
real,00029031_000.png,29031,,effusion_0,-5.0534954,0.006346435,0.9911804
real,00029058_004.png,29058,,effusion_0,-0.32024384,0.4206163,0.850977
real,00029105_001.png,29105,,effusion_0,1.8003426,0.8581906,0.9278144
real,00029105_002.png,29105,,effusion_0,1.750206,0.8519788,0.92803276
real,00029105_007.png,29105,,effusion_0,0.91358185,0.71373254,0.8872979
real,00029105_009.png,29105,,effusion_0,0.9778786,0.7266871,0.8815649
real,00029105_010.png,29105,,effusion_0,1.1196079,0.753916,0.88255113
real,00029105_011.png,29105,,effusion_0,0.83678055,0.69778675,0.86972344
real,00029105_014.png,29105,,effusion_0,-0.66189766,0.34031343,0.82071596
real,00029105_015.png,29105,,effusion_0,-0.30231667,0.42499125,0.81929684
real,00029225_000.png,29225,,effusion_0,-2.044878,0.114570946,0.90251863
real,00029297_000.png,29297,,effusion_0,-3.8717003,0.020398185,0.97247857
real,00029297_003.png,29297,,effusion_0,1.7113647,0.84701324,0.93515956
real,00029297_004.png,29297,,effusion_0,1.9903755,0.87978286,0.9503809
real,00029297_005.png,29297,,effusion_0,-0.036670685,0.49083334,0.84420466
real,00029459_002.png,29459,,effusion_0,0.82053566,0.69435,0.8956836
real,00029459_004.png,29459,,effusion_0,0.95814514,0.72275025,0.89029926
real,00029500_000.png,29500,,effusion_0,3.4249077,0.968474,0.989108
real,00029510_000.png,29510,,effusion_0,-2.9639702,0.04908038,0.9393873
real,00029551_000.png,29551,,effusion_0,5.094143,0.99390477,0.99562085
real,00029551_003.png,29551,,effusion_0,3.3623085,0.9665055,0.9885796
real,00029551_004.png,29551,,effusion_0,3.7407665,0.97681445,0.9874497
real,00029551_005.png,29551,,effusion_0,1.0489655,0.7405762,0.87144464
real,00029552_000.png,29552,,effusion_0,-2.8604622,0.054143026,0.94373226
real,00029579_000.png,29579,,effusion_0,1.9946461,0.8802338,0.9592614
real,00029579_004.png,29579,,effusion_0,2.3271122,0.9110977,0.96733516
real,00029579_005.png,29579,,effusion_0,1.9661102,0.87719274,0.9443145
real,00029579_009.png,29579,,effusion_0,0.48934746,0.61995274,0.8509656
real,00029579_014.png,29579,,effusion_0,1.7905884,0.85699934,0.9453947
real,00029579_012.png,29579,,effusion_0,2.4315948,0.919205,0.9753437
real,00029579_015.png,29579,,effusion_0,2.8975544,0.9477255,0.9830035
real,00029631_004.png,29631,,effusion_0,2.6427689,0.93356395,0.97396624
real,00029631_006.png,29631,,effusion_0,0.3204441,0.5794325,0.8691108
real,00029631_007.png,29631,,effusion_0,1.1657925,0.76238364,0.9169216
real,00029631_012.png,29631,,effusion_0,1.8954105,0.86937124,0.95133597
real,00029631_013.png,29631,,effusion_0,3.630415,0.97417915,0.9895715
real,00029747_002.png,29747,,effusion_0,0.14953995,0.5373155,0.882235
real,00029756_000.png,29756,,effusion_0,1.92383,0.8725649,0.9632443
real,00029794_000.png,29794,,effusion_0,-3.2059727,0.038941577,0.95258987
real,00029821_013.png,29821,,effusion_0,1.7655487,0.85390323,0.9422349
real,00029821_014.png,29821,,effusion_0,0.49741173,0.6218509,0.8221623
real,00029839_008.png,29839,,effusion_0,-0.387825,0.40424097,0.8832755
real,00029839_009.png,29839,,effusion_0,-5.0509777,0.0063623316,0.9910536
real,00029943_002.png,29943,,effusion_0,-1.7027016,0.15411276,0.87810844
real,00029943_004.png,29943,,effusion_0,-1.5962238,0.16851005,0.8675579
real,00029943_005.png,29943,,effusion_0,-0.5673237,0.3618546,0.8548775
real,00029943_007.png,29943,,effusion_0,-1.6724777,0.15809411,0.8701911
real,00029943_006.png,29943,,effusion_0,-0.5182209,0.37326834,0.87856853
real,00029943_008.png,29943,,effusion_0,-0.5812321,0.35864913,0.88231176
real,00029981_004.png,29981,,effusion_0,0.027961731,0.50698996,0.86072874
real,00029981_007.png,29981,,effusion_0,0.39529037,0.5975556,0.8440317
real,00030059_009.png,30059,,effusion_0,4.5526257,0.9895704,0.9960166
real,00030059_011.png,30059,,effusion_0,4.8217735,0.99201185,0.9964656
real,00030070_000.png,30070,,effusion_0,0.2913456,0.5723255,0.89963806
real,00030153_004.png,30153,,effusion_0,1.7676353,0.8541633,0.95759857
real,00030162_023.png,30162,,effusion_0,2.6781998,0.9357279,0.9749699
real,00030183_004.png,30183,,effusion_0,1.4261284,0.80629736,0.92712337
real,00030183_005.png,30183,,effusion_0,1.7116089,0.8470449,0.9423881
real,00030183_006.png,30183,,effusion_0,0.772501,0.68406165,0.8711463
real,00030196_001.png,30196,,effusion_0,5.2072487,0.9945531,0.99525607
real,00030196_002.png,30196,,effusion_0,4.4076767,0.9879632,0.9923431
real,00030207_000.png,30207,,effusion_0,-2.2295628,0.09712698,0.916123
real,00030276_000.png,30276,,effusion_0,-4.6696625,0.009288351,0.9886491
real,00030389_005.png,30389,,effusion_0,1.1498013,0.7594746,0.89693713
real,00030389_006.png,30389,,effusion_0,1.0417747,0.7391923,0.8875034
real,00030389_007.png,30389,,effusion_0,0.98449326,0.72799885,0.87931687
real,00030389_008.png,30389,,effusion_0,1.2083588,0.77000844,0.9097546
real,00030389_009.png,30389,,effusion_0,2.1766071,0.89812905,0.95348734
real,00030389_010.png,30389,,effusion_0,2.069727,0.8879258,0.9566339
real,00030389_011.png,30389,,effusion_0,2.6464043,0.9337891,0.9755518
real,00030389_012.png,30389,,effusion_0,3.6220264,0.9739673,0.991204
real,00030389_013.png,30389,,effusion_0,4.063595,0.9831033,0.99276423
real,00030436_000.png,30436,,effusion_0,-3.195568,0.039332844,0.9661885
real,00030490_000.png,30490,,effusion_0,-4.34457,0.0128108375,0.9810301
real,00030541_005.png,30541,,effusion_0,2.037075,0.8846351,0.9378638
real,00030561_005.png,30561,,effusion_0,-0.8854885,0.29204172,0.86474407
real,00030561_006.png,30561,,effusion_0,0.28066826,0.5697101,0.8950865
real,00030561_007.png,30561,,effusion_0,0.9651222,0.7241462,0.9261611
real,00030561_010.png,30561,,effusion_0,-0.40446854,0.4002392,0.85986423
real,00030561_011.png,30561,,effusion_0,0.22834206,0.55683875,0.88101274
real,00030561_013.png,30561,,effusion_0,0.9559002,0.7223002,0.90066534
real,00030561_014.png,30561,,effusion_0,2.2547588,0.90506023,0.9645946
real,00030561_017.png,30561,,effusion_0,1.6217079,0.8350305,0.9390794
real,00030561_018.png,30561,,effusion_0,1.9323521,0.8735095,0.94949883
real,00030632_000.png,30632,,effusion_0,-5.3005276,0.004964195,0.99325466
real,00030650_000.png,30650,,effusion_0,2.0850315,0.88943976,0.950361
real,00030650_001.png,30650,,effusion_0,3.2600803,0.9630337,0.9861462
real,00030650_002.png,30650,,effusion_0,3.7060013,0.9760139,0.98841137
real,00030650_003.png,30650,,effusion_0,2.409832,0.917574,0.96940464
real,00030650_007.png,30650,,effusion_0,3.583086,0.97296154,0.9897862
real,00030650_008.png,30650,,effusion_0,3.5648384,0.9724773,0.98838526
real,00030650_009.png,30650,,effusion_0,3.2938366,0.96421677,0.9849963
real,00030659_000.png,30659,,effusion_0,-0.9434376,0.2802065,0.8269231
real,00030668_000.png,30668,,effusion_0,0.8305321,0.6964674,0.8592178
real,00002793_006.png,2793,,effusion_0,-5.540491,0.0039092563,0.994121
real,00014954_000.png,14954,,effusion_0,-5.295683,0.004988183,0.9903856
real,00026982_005.png,26982,,effusion_0,-5.220867,0.00537361,0.9906851
real,00014719_000.png,14719,,effusion_0,-5.1506805,0.0057620653,0.9898076
real,00003321_001.png,3321,,effusion_0,-3.2530823,0.037216287,0.94359404
real,00001430_001.png,1430,,effusion_0,-2.7124233,0.06224425,0.9110453
real,00012460_000.png,12460,,effusion_0,-3.6193142,0.026101504,0.96302813
real,00008806_003.png,8806,,effusion_0,-2.9591293,0.049306802,0.9251611
real,00010931_003.png,10931,,effusion_0,-4.888647,0.0074753044,0.98650384
real,00026815_001.png,26815,,effusion_0,-4.4806175,0.011199566,0.974903
real,00028980_001.png,28980,,effusion_0,3.6499615,0.9746663,0.9874157
real,00019376_000.png,19376,,effusion_0,-4.3428307,0.012832856,0.9792039
real,00020318_024.png,20318,,effusion_0,3.5124874,0.971041,0.98905784
real,00004909_001.png,4909,,effusion_0,-2.1543083,0.10392931,0.8735872
real,00000582_000.png,582,,effusion_0,-5.5128975,0.00401819,0.9934921
real,00006576_000.png,6576,,effusion_0,-3.5982208,0.026643096,0.95260507
real,00022712_000.png,22712,,effusion_0,-5.651573,0.0034996967,0.9944608
real,00018361_000.png,18361,,effusion_0,-5.066414,0.006265486,0.9894198
real,00011380_001.png,11380,,effusion_0,-3.6715317,0.024806464,0.96133053
real,00009306_000.png,9306,,effusion_0,-5.4760857,0.0041682348,0.99397373
real,00029058_000.png,29058,,effusion_0,-3.971098,0.018503873,0.97105116
real,00011611_000.png,11611,,effusion_0,-5.4646034,0.0042161685,0.99257904
real,00024476_000.png,24476,,effusion_0,-5.78911,0.003051365,0.9953496
real,00012478_000.png,12478,,effusion_0,-5.330818,0.004816795,0.9908759
real,00010673_000.png,10673,,effusion_0,-2.4572086,0.07891299,0.89612275
real,00010933_000.png,10933,,effusion_0,-5.1719494,0.005641491,0.99311805
real,00007431_000.png,7431,,effusion_0,-5.1911144,0.005534994,0.9918992
real,00028628_005.png,28628,,effusion_0,4.259514,0.9860677,0.9945837
real,00002736_000.png,2736,,effusion_0,-3.3093758,0.035250943,0.9561493
real,00026148_002.png,26148,,effusion_0,-5.5274544,0.003960351,0.99497706
real,00021716_004.png,21716,,effusion_0,-2.4350586,0.080538064,0.9202145
real,00005364_000.png,5364,,effusion_0,-4.412878,0.011975105,0.9829961
real,00008623_002.png,8623,,effusion_0,-5.888193,0.0027643181,0.9955979
real,00015553_003.png,15553,,effusion_0,-4.9313316,0.007165176,0.99013853
real,00015552_000.png,15552,,effusion_0,0.7768669,0.6850045,0.88035935
real,00004158_000.png,4158,,effusion_0,-5.711006,0.0032984258,0.99458766
real,00008802_002.png,8802,,effusion_0,1.4145908,0.804489,0.881581
real,00004699_000.png,4699,,effusion_0,-5.2625256,0.0051554833,0.9909278
real,00015795_002.png,15795,,effusion_0,-4.77174,0.008394572,0.98327523
real,00014429_018.png,14429,,effusion_0,-3.3271923,0.034650024,0.93751615
real,00010920_003.png,10920,,effusion_0,-3.6454563,0.025445135,0.9671768
real,00006490_001.png,6490,,effusion_0,-3.715704,0.023760023,0.95707124
real,00020060_005.png,20060,,effusion_0,-2.5799007,0.07044323,0.9010405
real,00013970_000.png,13970,,effusion_0,-4.2656555,0.013848193,0.9800266
real,00012352_000.png,12352,,effusion_0,-5.3057423,0.004938503,0.9930822
real,00001199_006.png,1199,,effusion_0,1.159956,0.76132476,0.8882215
real,00019771_000.png,19771,,effusion_0,-3.7204304,0.023650637,0.96297765
real,00000304_000.png,304,,effusion_0,-3.8005638,0.021869207,0.9698067
real,00028287_000.png,28287,,effusion_0,-5.3568325,0.004693685,0.99154806
real,00015000_007.png,15000,,effusion_0,-5.168413,0.005661363,0.99078065
real,00018476_000.png,18476,,effusion_0,-5.1242237,0.005915632,0.9848754
real,00027035_000.png,27035,,effusion_0,-5.550413,0.00387081,0.99358755
real,00002228_000.png,2228,,effusion_0,-5.0172005,0.0065794657,0.9907609
real,00019640_000.png,19640,,effusion_0,-5.1079884,0.0060118763,0.9910087
real,00010175_000.png,10175,,effusion_0,-5.4045258,0.0044760606,0.99181354
real,00003940_006.png,3940,,effusion_0,-5.2878933,0.0050269943,0.99285537
real,00014387_006.png,14387,,effusion_0,-0.4400425,0.39173084,0.78947324
real,00021375_002.png,21375,,effusion_0,-3.5756683,0.027234241,0.9601154
real,00001230_006.png,1230,,effusion_0,-5.137165,0.0058400133,0.98650986
real,00012772_003.png,12772,,effusion_0,-5.0536194,0.006345653,0.98873585
real,00026354_001.png,26354,,effusion_0,-4.249525,0.014070215,0.976139
real,00028962_000.png,28962,,effusion_0,-4.1763554,0.015122175,0.97400624
real,00007876_000.png,7876,,effusion_0,-5.3920326,0.004532077,0.99279845
real,00006921_000.png,6921,,effusion_0,-5.50371,0.0040551275,0.99215436
real,00008576_000.png,8576,,effusion_0,-2.6398258,0.06661887,0.9143087
real,00021871_000.png,21871,,effusion_0,-1.8776569,0.13265823,0.891003
real,00019774_008.png,19774,,effusion_0,-2.4396095,0.08020171,0.85765064
real,00026911_003.png,26911,,effusion_0,1.3467522,0.7935982,0.9047109
real,00009761_000.png,9761,,effusion_0,-1.6661777,0.15893444,0.86084396
real,00005511_000.png,5511,,effusion_0,-5.6457043,0.0035202238,0.9943727
real,00000517_004.png,517,,effusion_0,-3.0836773,0.043785594,0.9229701
real,00027025_000.png,27025,,effusion_0,-5.257248,0.0051826225,0.990559
real,00009061_001.png,9061,,effusion_0,-4.961769,0.006951866,0.9881739
real,00006851_029.png,6851,,effusion_0,-3.1149254,0.04249578,0.9372835
real,00020193_000.png,20193,,effusion_0,-5.157778,0.005721549,0.98884326
real,00029105_019.png,29105,,effusion_0,-0.10570717,0.47359776,0.82540846
real,00018284_013.png,18284,,effusion_0,3.5973759,0.973335,0.9864547
real,00016990_001.png,16990,,effusion_0,-4.0474052,0.01716776,0.9795638
real,00001563_000.png,1563,,effusion_0,-5.2674828,0.0051301206,0.9910537
real,00010465_001.png,10465,,effusion_0,-5.2430267,0.005256462,0.9915924
real,00020568_000.png,20568,,effusion_0,-2.8356209,0.05542937,0.9407476
real,00022920_000.png,22920,,effusion_0,-5.21257,0.0054181376,0.99190605
real,00016907_000.png,16907,,effusion_0,-5.4110947,0.0044468846,0.99209666
real,00005401_001.png,5401,,effusion_0,-5.517948,0.0039980276,0.99323374
real,00004734_001.png,4734,,effusion_0,-1.7672787,0.14588109,0.8561223
real,00002793_001.png,2793,,effusion_0,-4.3740234,0.012443645,0.9835816
real,00030153_002.png,30153,,effusion_0,-4.8554115,0.007725973,0.9882092
real,00023937_000.png,23937,,effusion_0,-4.1224747,0.01594597,0.97512805
real,00029879_001.png,29879,,effusion_0,-5.419716,0.00440888,0.9930944
real,00009907_001.png,9907,,effusion_0,-4.909977,0.0073186997,0.98814887
real,00007088_000.png,7088,,effusion_0,-3.280264,0.036254495,0.95295095
real,00017618_001.png,17618,,effusion_0,-3.9779224,0.018380338,0.9507214
real,00026342_000.png,26342,,effusion_0,-5.098423,0.0060693067,0.99208933
real,00006936_006.png,6936,,effusion_0,-5.377161,0.004599667,0.99209905
real,00019503_000.png,19503,,effusion_0,-5.155943,0.0057319966,0.99156606
real,00021239_001.png,21239,,effusion_0,-5.722456,0.003260997,0.9950315
real,00015762_000.png,15762,,effusion_0,-5.4599247,0.004235857,0.9933663
real,00012129_000.png,12129,,effusion_0,-4.853012,0.0077443896,0.9858251
real,00007589_000.png,7589,,effusion_0,-5.601345,0.0036793062,0.99533796
real,00011310_000.png,11310,,effusion_0,-2.6963387,0.06318975,0.85609585
real,00011029_001.png,11029,,effusion_0,-5.622404,0.0036029099,0.99551105
real,00017824_000.png,17824,,effusion_0,-4.5162125,0.010812163,0.98185974
real,00003013_002.png,3013,,effusion_0,-3.6523666,0.025274334,0.9610968
real,00013541_000.png,13541,,effusion_0,-2.7469177,0.060260966,0.92209196
real,00010905_017.png,10905,,effusion_0,-2.325306,0.089048706,0.8989345
real,00012784_000.png,12784,,effusion_0,-4.5987053,0.009964567,0.9795688
real,00023943_000.png,23943,,effusion_0,-5.7162743,0.0032811514,0.994972
real,00001470_001.png,1470,,effusion_0,1.3462372,0.7935138,0.9433197
real,00016417_005.png,16417,,effusion_0,2.7966652,0.94249535,0.976229
real,00017014_000.png,17014,,effusion_0,-4.055851,0.017025834,0.9643693
real,00001223_001.png,1223,,effusion_0,-2.54842,0.072532706,0.9299194
real,00022677_003.png,22677,,effusion_0,-4.958559,0.0069740615,0.9885287
real,00026292_004.png,26292,,effusion_0,-0.88744164,0.29163805,0.77551514
real,00007113_000.png,7113,,effusion_0,-4.652624,0.009446458,0.9884005
real,00021976_001.png,21976,,effusion_0,-4.855404,0.0077260314,0.987506
real,00017729_006.png,17729,,effusion_0,-5.5175,0.0039998125,0.99390656
real,00015149_000.png,15149,,effusion_0,-3.861105,0.02061098,0.9628405
real,00029340_001.png,29340,,effusion_0,-5.4443913,0.004301883,0.99428856
real,00011985_000.png,11985,,effusion_0,-5.3960285,0.0045140847,0.993031
real,00025037_000.png,25037,,effusion_0,-5.730381,0.0032353387,0.99553543
real,00009757_000.png,9757,,effusion_0,-4.2902317,0.01351655,0.9792433
real,00001995_000.png,1995,,effusion_0,-4.415655,0.011942291,0.977382
real,00014560_000.png,14560,,effusion_0,-4.297041,0.013426057,0.97942376
real,00025738_000.png,25738,,effusion_0,-5.5515614,0.003866385,0.99323076
real,00024116_002.png,24116,,effusion_0,-5.42457,0.004387624,0.9946011
real,00012537_000.png,12537,,effusion_0,-5.826597,0.0029394259,0.9945899
real,00006005_000.png,6005,,effusion_0,2.3722324,0.9146853,0.9662421
real,00023422_000.png,23422,,effusion_0,-4.768379,0.008422594,0.9844375
real,00014662_001.png,14662,,effusion_0,-5.75605,0.0031536059,0.9951262
real,00015783_000.png,15783,,effusion_0,-3.453333,0.030669622,0.96307683
real,00025058_000.png,25058,,effusion_0,-5.582205,0.0037501405,0.9946156
real,00008142_005.png,8142,,effusion_0,-5.187193,0.0055566216,0.9918582
real,00016219_000.png,16219,,effusion_0,-4.0346546,0.017384233,0.95025885
real,00020699_003.png,20699,,effusion_0,-0.9916611,0.2705841,0.86579543
real,00020139_000.png,20139,,effusion_0,-5.6158485,0.0036265203,0.9941556
real,00011237_004.png,11237,,effusion_0,4.084526,0.98344743,0.9920237
real,00004466_000.png,4466,,effusion_0,-5.1952877,0.00551207,0.9911076
real,00003785_001.png,3785,,effusion_0,-2.077425,0.11131043,0.922718
real,00022033_000.png,22033,,effusion_0,-4.671934,0.00926747,0.9770447
real,00016341_001.png,16341,,effusion_0,-3.271206,0.036572315,0.9460972
real,00009498_000.png,9498,,effusion_0,-5.403124,0.004482312,0.991866
real,00003105_000.png,3105,,effusion_0,-5.5188465,0.0039944514,0.9946132
real,00020912_001.png,20912,,effusion_0,-5.7673683,0.003118225,0.99511683
real,00026599_001.png,26599,,effusion_0,-5.6711044,0.003432239,0.99556696
real,00007379_000.png,7379,,effusion_0,-5.5957985,0.0036996943,0.9936448
real,00010920_006.png,10920,,effusion_0,-5.624338,0.0035959731,0.99468297
real,00004562_000.png,4562,,effusion_0,-3.8605824,0.02062153,0.96269524
real,00023219_000.png,23219,,effusion_0,-4.490267,0.011093211,0.97711164
real,00003640_001.png,3640,,effusion_0,-5.693493,0.003356505,0.9951324
real,00001170_003.png,1170,,effusion_0,2.8431091,0.94496137,0.9751828
real,00001203_017.png,1203,,effusion_0,-5.101124,0.006053036,0.9901405
real,00008185_001.png,8185,,effusion_0,0.46907425,0.61516464,0.81717825
real,00022389_000.png,22389,,effusion_0,-5.5665455,0.0038091019,0.9930785
real,00021424_000.png,21424,,effusion_0,-4.000353,0.017979978,0.9665557
real,00030332_000.png,30332,,effusion_0,-5.7174892,0.0032771805,0.9952113
real,00002225_002.png,2225,,effusion_0,-0.9058895,0.2878417,0.76662487
real,00001803_013.png,1803,,effusion_0,1.5249367,0.8212642,0.9008949
real,00023043_000.png,23043,,effusion_0,-5.32897,0.0048256624,0.99436945
real,00005530_001.png,5530,,effusion_0,-3.7999878,0.021881532,0.9741226
real,00030650_004.png,30650,,effusion_0,3.451706,0.969282,0.9868478
real,00026736_000.png,26736,,effusion_0,-5.527313,0.003960908,0.9925108
real,00011491_000.png,11491,,effusion_0,-3.77075,0.022516126,0.96931106
real,00000705_002.png,705,,effusion_0,-4.835911,0.007876915,0.98784393
real,00016509_001.png,16509,,effusion_0,-4.7794704,0.008330467,0.98455656
real,00003320_002.png,3320,,effusion_0,-5.6095047,0.0036495156,0.9947485
real,00006030_000.png,6030,,effusion_0,-5.7403355,0.003203395,0.995449
real,00012304_009.png,12304,,effusion_0,-2.4855328,0.07687863,0.89157903
real,00010445_001.png,10445,,effusion_0,-5.517906,0.0039981944,0.9922655
real,00030196_003.png,30196,,effusion_0,4.5604362,0.9896507,0.99367595
real,00007258_004.png,7258,,effusion_0,-4.1959667,0.014832854,0.977284
real,00020292_000.png,20292,,effusion_0,-5.694914,0.003351755,0.99496216
real,00007389_001.png,7389,,effusion_0,-1.7635555,0.1463456,0.85603565
real,00005401_003.png,5401,,effusion_0,-5.7457294,0.0031862175,0.99511075
real,00024497_000.png,24497,,effusion_0,-5.7840366,0.003066838,0.99515855
real,00021409_007.png,21409,,effusion_0,4.136341,0.98427016,0.9909673
real,00022159_000.png,22159,,effusion_0,-5.7150917,0.0032850215,0.9946922
real,00002837_000.png,2837,,effusion_0,0.18689728,0.5465888,0.82472265
real,00014939_000.png,14939,,effusion_0,-5.063389,0.006284349,0.9878623
real,00002114_000.png,2114,,effusion_0,-4.6794147,0.009199037,0.9839859
real,00024641_000.png,24641,,effusion_0,-5.362238,0.0046685003,0.9915558
real,00028148_003.png,28148,,effusion_0,1.3440342,0.7931525,0.9160824
real,00025230_000.png,25230,,effusion_0,-5.271755,0.0051083607,0.99222744
real,00002793_003.png,2793,,effusion_0,-2.7493763,0.06012189,0.9524339
real,00019640_003.png,19640,,effusion_0,-5.2814674,0.005059237,0.99048483
real,00005347_000.png,5347,,effusion_0,-5.5279446,0.003958418,0.9944092
real,00024875_000.png,24875,,effusion_0,-5.673317,0.003424679,0.9950616
real,00017754_000.png,17754,,effusion_0,-4.8304234,0.007919915,0.9842913
real,00019868_002.png,19868,,effusion_0,-5.1515827,0.0057568992,0.99052936
real,00025020_000.png,25020,,effusion_0,-4.830967,0.007915645,0.98581445
real,00002736_001.png,2736,,effusion_0,-4.0478973,0.017159458,0.9731533
real,00017592_000.png,17592,,effusion_0,-5.6924934,0.0033598498,0.9941908
real,00023012_004.png,23012,,effusion_0,-3.9202824,0.0194497,0.97609085
real,00010152_001.png,10152,,effusion_0,-4.717634,0.008857144,0.98568445
real,00002685_001.png,2685,,effusion_0,-3.4260254,0.03149193,0.9636323
real,00027847_002.png,27847,,effusion_0,-3.6340256,0.025730133,0.97289693
real,00026957_000.png,26957,,effusion_0,-5.3536434,0.004708607,0.9920769
real,00014695_002.png,14695,,effusion_0,2.3165703,0.9102401,0.95734465
real,00029105_028.png,29105,,effusion_0,-1.8932686,0.13087223,0.84003234
real,00008335_000.png,8335,,effusion_0,-5.3505535,0.00472311,0.99282706
real,00000246_018.png,246,,effusion_0,-4.8519325,0.00775269,0.98114043
real,00015177_000.png,15177,,effusion_0,-5.099722,0.0060614767,0.9916677
real,00002831_000.png,2831,,effusion_0,-5.055994,0.0063306973,0.98956144
real,00024326_000.png,24326,,effusion_0,-5.292719,0.005002916,0.9910201
real,00005053_001.png,5053,,effusion_0,-4.823372,0.007975513,0.98856807
real,00003804_012.png,3804,,effusion_0,-4.145355,0.015590884,0.97112346
real,00021970_005.png,21970,,effusion_0,-4.610426,0.009849601,0.9859399
real,00016484_027.png,16484,,effusion_0,-1.1443634,0.24152014,0.84032035
real,00010892_000.png,10892,,effusion_0,-4.6778316,0.009213478,0.9868838
real,00014145_000.png,14145,,effusion_0,-3.934536,0.019179717,0.9769874
real,00027625_000.png,27625,,effusion_0,-5.7240906,0.0032556881,0.99403924
real,00025215_000.png,25215,,effusion_0,-4.0294,0.017474221,0.97185427
real,00002355_005.png,2355,,effusion_0,-4.6220417,0.00973696,0.98149776
real,00011932_006.png,11932,,effusion_0,-5.275463,0.0050895507,0.9938943
real,00014087_000.png,14087,,effusion_0,-5.254818,0.0051951664,0.9924833
real,00004899_000.png,4899,,effusion_0,-3.2174988,0.038512494,0.9490753
real,00001775_003.png,1775,,effusion_0,3.30122,0.9644707,0.98383504
real,00028598_000.png,28598,,effusion_0,-5.5113316,0.004024462,0.9949547
real,00019815_000.png,19815,,effusion_0,-4.9520893,0.0070190104,0.98920107
real,00024789_001.png,24789,,effusion_0,-5.3443832,0.004752204,0.9920309
real,00005002_000.png,5002,,effusion_0,-3.7253113,0.023538195,0.9645265
real,00003013_003.png,3013,,effusion_0,-4.202112,0.014743319,0.9752187
real,00025438_000.png,25438,,effusion_0,-5.51902,0.0039937613,0.99255025
real,00029382_000.png,29382,,effusion_0,-5.172695,0.0056373095,0.9929918
real,00015313_013.png,15313,,effusion_0,-4.463516,0.01139054,0.97691315
real,00024474_000.png,24474,,effusion_0,-5.7301636,0.0032360402,0.9948721
real,00006694_001.png,6694,,effusion_0,-2.7922077,0.057746712,0.9296066
real,00003576_000.png,3576,,effusion_0,-4.6199265,0.009757376,0.9859241
real,00013288_001.png,13288,,effusion_0,-3.2220554,0.038344122,0.94548786
real,00001727_000.png,1727,,effusion_0,-1.8582859,0.13490297,0.8405696
real,00018844_000.png,18844,,effusion_0,-0.827301,0.30421606,0.8481899
real,00013162_000.png,13162,,effusion_0,-5.4197617,0.0044086794,0.99267155
real,00018345_000.png,18345,,effusion_0,-4.458021,0.0114525845,0.97534555
real,00020341_000.png,20341,,effusion_0,-3.0990791,0.043145258,0.91839695
real,00003804_000.png,3804,,effusion_0,-4.687599,0.00912474,0.98344445
real,00014809_010.png,14809,,effusion_0,-4.967718,0.006910916,0.990118
real,00029487_001.png,29487,,effusion_0,-5.8219147,0.0029531813,0.99525565
real,00029211_000.png,29211,,effusion_0,-5.263569,0.005150135,0.9906831
real,00004435_004.png,4435,,effusion_0,-3.4281864,0.031426087,0.95359087
real,00008142_001.png,8142,,effusion_0,-4.5398884,0.010561855,0.9813546
real,00003499_004.png,3499,,effusion_0,-5.0929737,0.006102269,0.98911345
real,00019163_000.png,19163,,effusion_0,-5.5668545,0.0038079296,0.9930542
real,00010120_020.png,10120,,effusion_0,-4.1159134,0.016049255,0.96429545
real,00002402_000.png,2402,,effusion_0,-4.2746086,0.013726457,0.9823572
real,00029025_004.png,29025,,effusion_0,-4.2186966,0.014504342,0.97405297
real,00011598_020.png,11598,,effusion_0,-3.9457245,0.018970368,0.963217
real,00012855_000.png,12855,,effusion_0,-1.2128239,0.2292018,0.78545743
real,00030389_014.png,30389,,effusion_0,0.07336998,0.51833427,0.82589746
real,00024171_000.png,24171,,effusion_0,-5.6082573,0.0036540537,0.99436104
real,00007851_004.png,7851,,effusion_0,-4.981619,0.0068161646,0.9901328
real,00011932_005.png,11932,,effusion_0,-5.3425217,0.0047610165,0.99367476
real,00027422_000.png,27422,,effusion_0,-5.6904106,0.0033668315,0.9944417
real,00013397_000.png,13397,,effusion_0,-4.8574543,0.0077103283,0.98755
real,00000318_009.png,318,,effusion_0,-4.0767937,0.01667886,0.97468185
real,00025924_005.png,25924,,effusion_0,-3.2408352,0.03765761,0.95236117
real,00001507_002.png,1507,,effusion_0,-4.231016,0.014329296,0.98052466
real,00007851_001.png,7851,,effusion_0,-4.563196,0.010321039,0.9831846
real,00026354_000.png,26354,,effusion_0,-3.886818,0.020098282,0.9673523
real,00018642_001.png,18642,,effusion_0,-4.7149963,0.008880331,0.98851216
real,00016245_000.png,16245,,effusion_0,-5.945755,0.0026100953,0.99592364
real,00007340_004.png,7340,,effusion_0,-3.796505,0.0219562,0.9700108
real,00000273_009.png,273,,effusion_0,-3.8059044,0.021755258,0.9693703
real,00017778_000.png,17778,,effusion_0,-1.1767521,0.2356367,0.83767134
real,00023339_000.png,23339,,effusion_0,-5.4019623,0.004487498,0.9926444
real,00006981_017.png,6981,,effusion_0,-5.1505203,0.005762983,0.9900935
real,00017013_001.png,17013,,effusion_0,-4.4457455,0.011592399,0.98491746
real,00019574_000.png,19574,,effusion_0,-1.2661972,0.21990895,0.89485395
real,00029200_001.png,29200,,effusion_0,-2.5864067,0.0700184,0.9340489
real,00012772_006.png,12772,,effusion_0,-5.4706783,0.00419074,0.9931952
real,00020624_013.png,20624,,effusion_0,-3.8526783,0.02078177,0.96539974
real,00020060_004.png,20060,,effusion_0,-3.8489838,0.020857088,0.97702205
real,00017747_018.png,17747,,effusion_0,1.7726421,0.854786,0.9463011
real,00000318_007.png,318,,effusion_0,-5.21912,0.005382956,0.9912269
real,00017930_002.png,17930,,effusion_0,1.6236172,0.83529335,0.9258787
real,00021023_024.png,21023,,effusion_0,-5.002865,0.0066738324,0.9877626
real,00011929_000.png,11929,,effusion_0,-4.7867374,0.008270647,0.98294884
real,00015142_000.png,15142,,effusion_0,1.8679543,0.86622137,0.94204175
real,00001222_007.png,1222,,effusion_0,-5.3100758,0.0049172533,0.9906934
real,00007159_000.png,7159,,effusion_0,-4.8224087,0.007983137,0.9867207
real,00012669_000.png,12669,,effusion_0,-5.484995,0.004131417,0.9937621
real,00027427_005.png,27427,,effusion_0,1.5276585,0.82166344,0.891161
real,00016484_003.png,16484,,effusion_0,-0.7094574,0.32971874,0.87652117
real,00001336_000.png,1336,,effusion_0,-5.7074623,0.0033100967,0.99439925
real,00028358_000.png,28358,,effusion_0,-1.2291679,0.22632709,0.87785447
real,00010015_000.png,10015,,effusion_0,-5.476967,0.004164579,0.9926763
real,00006002_000.png,6002,,effusion_0,-2.5381775,0.07322476,0.9084744
real,00000246_000.png,246,,effusion_0,-5.381735,0.0045787734,0.992965
real,00013098_000.png,13098,,effusion_0,-5.7621555,0.0031344707,0.9950923
real,00018869_000.png,18869,,effusion_0,-5.4593697,0.0042381985,0.9923045
real,00025696_002.png,25696,,effusion_0,2.0738049,0.888331,0.9539645
real,00001977_000.png,1977,,effusion_0,-4.606386,0.009889077,0.98587495
real,00014335_000.png,14335,,effusion_0,-5.6663857,0.003448417,0.9948957
real,00025924_001.png,25924,,effusion_0,-1.5078964,0.18125077,0.88111275
real,00026180_000.png,26180,,effusion_0,-5.15798,0.005720399,0.991463
real,00022312_001.png,22312,,effusion_0,-5.8664227,0.0028249866,0.9952712
real,00005768_005.png,5768,,effusion_0,-4.771452,0.008396969,0.98161244
real,00019260_003.png,19260,,effusion_0,-5.337778,0.004783546,0.9932724
real,00003548_002.png,3548,,effusion_0,-4.8789463,0.0075476235,0.98773193
real,00010695_018.png,10695,,effusion_0,1.9967251,0.88045275,0.95414597
real,00029428_000.png,29428,,effusion_0,-5.735388,0.0032192327,0.99541444
real,00026292_006.png,26292,,effusion_0,-3.5165768,0.028844232,0.9444404
real,00004580_000.png,4580,,effusion_0,-5.2062683,0.005452203,0.9945551
real,00019554_000.png,19554,,effusion_0,-5.355732,0.0046988293,0.990677
real,00011139_001.png,11139,,effusion_0,-3.3392315,0.034249566,0.94101524
real,00014126_000.png,14126,,effusion_0,-2.8736458,0.053471826,0.9328616
real,00009815_004.png,9815,,effusion_0,-2.6261597,0.06747369,0.93155366
real,00017747_060.png,17747,,effusion_0,3.102003,0.9569753,0.98049426
real,00003464_001.png,3464,,effusion_0,-5.777277,0.0030875746,0.9946637
real,00024003_000.png,24003,,effusion_0,-4.293745,0.013469784,0.9756027
real,00014171_001.png,14171,,effusion_0,-3.0820446,0.043854002,0.9532334
real,00021983_000.png,21983,,effusion_0,-5.581524,0.0037526852,0.9935658
real,00006566_000.png,6566,,effusion_0,-4.004179,0.017912546,0.96242565
real,00021562_001.png,21562,,effusion_0,-4.9752293,0.006859557,0.99185663
real,00016698_001.png,16698,,effusion_0,-5.7108135,0.0032990586,0.99468774
real,00017747_021.png,17747,,effusion_0,1.3139763,0.7881777,0.92875254
real,00020458_003.png,20458,,effusion_0,-1.5917149,0.16914277,0.83678967
real,00026833_000.png,26833,,effusion_0,2.9662323,0.95102507,0.9804956
real,00002962_000.png,2962,,effusion_0,-4.391737,0.012227838,0.9823074
real,00016865_000.png,16865,,effusion_0,-5.296072,0.004986252,0.99170095
real,00008157_000.png,8157,,effusion_0,-4.729185,0.008756316,0.985269
real,00005063_000.png,5063,,effusion_0,-4.8227844,0.007980161,0.98568404
real,00007424_001.png,7424,,effusion_0,-5.7550144,0.0031568639,0.99544877
real,00010964_000.png,10964,,effusion_0,-4.9475746,0.0070505464,0.99016774
real,00023372_000.png,23372,,effusion_0,-4.8278904,0.007939842,0.9879281
real,00024386_000.png,24386,,effusion_0,-5.5931816,0.0037093528,0.9933175
real,00010481_033.png,10481,,effusion_0,-3.0974655,0.04321192,0.94986886
real,00001222_003.png,1222,,effusion_0,-5.6328163,0.003565723,0.9945637
real,00001104_006.png,1104,,effusion_0,0.65974617,0.65920335,0.8525211
real,00016568_006.png,16568,,effusion_0,2.461666,0.92141044,0.9674343
real,00017835_011.png,17835,,effusion_0,-3.0293236,0.046118576,0.9409109
real,00006527_000.png,6527,,effusion_0,-5.277693,0.0050782734,0.9918817
real,00001136_002.png,1136,,effusion_0,-5.267761,0.0051286994,0.99259764
real,00028457_000.png,28457,,effusion_0,-2.9428883,0.05007371,0.90637755
real,00009378_006.png,9378,,effusion_0,-4.886572,0.0074907173,0.9879742
real,00021976_000.png,21976,,effusion_0,-2.8272018,0.05587182,0.9272247
real,00029569_000.png,29569,,effusion_0,-5.629793,0.0035764806,0.99531525
real,00007082_000.png,7082,,effusion_0,-3.315546,0.0350417,0.9452353
real,00015795_000.png,15795,,effusion_0,-4.386326,0.012293367,0.97911423
real,00018616_000.png,18616,,effusion_0,-3.5003052,0.029303547,0.9679495
real,00019345_000.png,19345,,effusion_0,1.0140018,0.73380256,0.856816
real,00007389_002.png,7389,,effusion_0,-1.9810123,0.121210955,0.8858961
real,00017836_001.png,17836,,effusion_0,-1.5631142,0.17320023,0.83721256
real,00023372_003.png,23372,,effusion_0,-4.8975143,0.0074098012,0.9897551
real,00009090_001.png,9090,,effusion_0,-4.3746758,0.012435633,0.9853737
real,00001222_000.png,1222,,effusion_0,-5.4420376,0.0043119765,0.9926103
real,00030690_000.png,30690,,effusion_0,-5.2666283,0.005134484,0.9926016
real,00025054_000.png,25054,,effusion_0,-5.8655643,0.0028274057,0.9959669
real,00007153_000.png,7153,,effusion_0,-1.9080601,0.12919895,0.8739158
real,00012913_001.png,12913,,effusion_0,-5.3810024,0.004582113,0.9933942
real,00022266_000.png,22266,,effusion_0,-5.6869774,0.0033783715,0.9957279
real,00027857_001.png,27857,,effusion_0,-5.8197956,0.0029594277,0.99530506
real,00012178_004.png,12178,,effusion_0,-4.9753838,0.0068585044,0.98793894
real,00029847_000.png,29847,,effusion_0,-5.1877136,0.0055537447,0.99323344
real,00006040_000.png,6040,,effusion_0,-5.3375435,0.0047846627,0.991468
real,00020359_000.png,20359,,effusion_0,-5.98419,0.002511927,0.9964652
real,00008802_004.png,8802,,effusion_0,-3.12813,0.04196172,0.951211
real,00030783_000.png,30783,,effusion_0,-0.27619553,0.4313867,0.85513204
real,00001733_002.png,1733,,effusion_0,-5.1168556,0.0059591196,0.98998713
real,00026105_000.png,26105,,effusion_0,-5.5835667,0.0037450555,0.99444735
real,00022135_010.png,22135,,effusion_0,-5.6991005,0.0033377982,0.99506986
real,00029487_000.png,29487,,effusion_0,-2.439848,0.080184124,0.86499906
real,00016975_007.png,16975,,effusion_0,-2.9255047,0.05090708,0.93590254
real,00001122_001.png,1122,,effusion_0,-3.1936245,0.039406348,0.9538007
real,00017465_001.png,17465,,effusion_0,-4.730385,0.008745909,0.9813358
real,00021710_000.png,21710,,effusion_0,-3.1433887,0.04135257,0.9174952
real,00015347_000.png,15347,,effusion_0,1.5576439,0.82601506,0.90912634
real,00013408_015.png,13408,,effusion_0,-0.47291374,0.38392684,0.9054943
real,00000705_001.png,705,,effusion_0,-3.3809662,0.032895643,0.9365892
real,00014809_020.png,14809,,effusion_0,-5.517805,0.003998597,0.99275464
real,00008013_004.png,8013,,effusion_0,3.1163101,0.9575606,0.9822187
real,00023156_007.png,23156,,effusion_0,1.4009686,0.8023375,0.91768295
real,00029885_000.png,29885,,effusion_0,-5.871641,0.002810324,0.99637735
real,00013723_001.png,13723,,effusion_0,-5.3248425,0.0048455247,0.99335045
real,00004493_000.png,4493,,effusion_0,-3.4870644,0.029682538,0.95947814
real,00007616_002.png,7616,,effusion_0,-0.8645897,0.2963813,0.89186454
real,00018008_000.png,18008,,effusion_0,-5.0378685,0.0064457445,0.99104834
real,00024125_000.png,24125,,effusion_0,-4.5902653,0.010048175,0.981991
real,00012304_003.png,12304,,effusion_0,-2.6620502,0.065250166,0.8898219
real,00004057_000.png,4057,,effusion_0,-4.165659,0.0152823115,0.96628463
real,00013625_018.png,13625,,effusion_0,-4.9938927,0.006733576,0.9905678
real,00021475_000.png,21475,,effusion_0,-4.0539455,0.017057754,0.9714964
real,00020060_002.png,20060,,effusion_0,-2.730465,0.061199445,0.9100281
real,00015009_004.png,15009,,effusion_0,-4.7920494,0.008227191,0.98640347
real,00003439_006.png,3439,,effusion_0,-5.138048,0.0058348887,0.9904814
real,00012585_007.png,12585,,effusion_0,-5.635721,0.0035554166,0.9940157
real,00005768_008.png,5768,,effusion_0,-4.7468033,0.008604712,0.98478335
real,00028027_005.png,28027,,effusion_0,3.4898815,0.9703985,0.982419
real,00019911_001.png,19911,,effusion_0,-3.882225,0.020188935,0.96090525
real,00029678_000.png,29678,,effusion_0,-4.298826,0.0134024285,0.97607666
real,00002825_003.png,2825,,effusion_0,-5.762537,0.0031332793,0.99552494
real,00002383_001.png,2383,,effusion_0,-1.8705902,0.13347344,0.8276062
real,00003570_003.png,3570,,effusion_0,-5.238312,0.0052811736,0.9919239
real,00012975_006.png,12975,,effusion_0,2.7335625,0.93897825,0.9691611
real,00002816_001.png,2816,,effusion_0,-5.765423,0.0031242783,0.9956089
real,00007325_000.png,7325,,effusion_0,-2.688839,0.06363516,0.95102423
real,00013372_001.png,13372,,effusion_0,-4.61487,0.009806353,0.9841058
real,00006574_000.png,6574,,effusion_0,-5.688387,0.003373629,0.9950598
real,00014295_001.png,14295,,effusion_0,-5.7468014,0.003182815,0.9955825
real,00006024_011.png,6024,,effusion_0,-4.816557,0.008029613,0.98855925
real,00013489_000.png,13489,,effusion_0,-5.563442,0.0038208955,0.99327624
real,00029870_000.png,29870,,effusion_0,-5.1893463,0.005544735,0.9914613
real,00023506_000.png,23506,,effusion_0,-5.4347496,0.0043433798,0.9923584
real,00000865_008.png,865,,effusion_0,-4.6057644,0.009895167,0.98359036
real,00000877_033.png,877,,effusion_0,-5.4987354,0.004075267,0.9939734
real,00011726_000.png,11726,,effusion_0,-5.462305,0.0042258287,0.99255896
real,00017785_000.png,17785,,effusion_0,-5.052685,0.006351549,0.98862475
real,00027829_000.png,27829,,effusion_0,-5.324547,0.0048469505,0.9928493
real,00000023_000.png,23,,effusion_0,-3.0993233,0.043135174,0.94388676
real,00026299_000.png,26299,,effusion_0,-4.270363,0.013784055,0.96800333
real,00019963_000.png,19963,,effusion_0,-4.8010273,0.008154258,0.9835277
real,00005579_001.png,5579,,effusion_0,-2.2726078,0.09341712,0.8993168
real,00015338_011.png,15338,,effusion_0,-2.8183327,0.056341514,0.9218031
real,00009090_003.png,9090,,effusion_0,-3.5065422,0.029126655,0.9667535
real,00010042_004.png,10042,,effusion_0,-4.78014,0.008324938,0.9906519
real,00025527_001.png,25527,,effusion_0,-3.3265686,0.03467089,0.94860816
real,00022827_000.png,22827,,effusion_0,-5.590727,0.0037184355,0.99423724
real,00021305_000.png,21305,,effusion_0,-5.2360916,0.0052928496,0.99093574
real,00004018_000.png,4018,,effusion_0,-5.563307,0.0038214112,0.99433756
real,00014922_000.png,14922,,effusion_0,-5.920965,0.0026754325,0.99546325
real,00002566_000.png,2566,,effusion_0,-2.9485664,0.049804308,0.9257479
real,00008136_000.png,8136,,effusion_0,-4.1583424,0.015392807,0.9839139
real,00008929_000.png,8929,,effusion_0,-2.5669365,0.07129688,0.9300928
real,00000949_009.png,949,,effusion_0,-2.4596272,0.07873738,0.877805
real,00028533_000.png,28533,,effusion_0,-4.4207783,0.011881991,0.9815935
real,00001170_044.png,1170,,effusion_0,2.6590672,0.93456763,0.9691005
real,00010905_011.png,10905,,effusion_0,-4.684086,0.0091565605,0.98571396
real,00000169_001.png,169,,effusion_0,-5.2039394,0.0054648463,0.9928989
real,00000318_000.png,318,,effusion_0,-5.4158497,0.0044258833,0.9937925
real,00022334_000.png,22334,,effusion_0,-5.6626873,0.0034611495,0.9949424
real,00016195_000.png,16195,,effusion_0,-3.1276684,0.041980278,0.91937256
real,00008698_000.png,8698,,effusion_0,-1.5060768,0.18152094,0.86571366
real,00015313_012.png,15313,,effusion_0,-4.7592144,0.00849948,0.98848766
real,00026815_003.png,26815,,effusion_0,-5.3461895,0.0047436687,0.99169743
real,00008386_001.png,8386,,effusion_0,-4.65287,0.009444155,0.980886
real,00028766_004.png,28766,,effusion_0,-4.3341084,0.012943822,0.98457533
real,00006674_001.png,6674,,effusion_0,-5.1512547,0.0057587773,0.99076355
real,00014719_002.png,14719,,effusion_0,-4.8237743,0.007972329,0.9871174
real,00003174_013.png,3174,,effusion_0,-5.0651016,0.006273662,0.9900722
real,00005347_001.png,5347,,effusion_0,-5.073736,0.0062200604,0.9911001
real,00024931_000.png,24931,,effusion_0,-5.7334747,0.0032253775,0.9949866
real,00010120_000.png,10120,,effusion_0,-3.1922455,0.039458584,0.9247908
real,00012653_001.png,12653,,effusion_0,-2.7636642,0.059319567,0.9133762
real,00015840_000.png,15840,,effusion_0,-5.6768036,0.0034128001,0.9942817
real,00010713_001.png,10713,,effusion_0,-2.9575977,0.049378645,0.8984331
real,00021344_000.png,21344,,effusion_0,-3.3075657,0.035312552,0.96364665
real,00002073_001.png,2073,,effusion_0,4.6046085,0.9900935,0.9927796
real,00026111_001.png,26111,,effusion_0,-5.318369,0.0048768404,0.9934309
real,00016484_023.png,16484,,effusion_0,-2.7194557,0.061835036,0.94423914
real,00028566_000.png,28566,,effusion_0,-5.8258286,0.0029416797,0.99558985
real,00007931_000.png,7931,,effusion_0,-4.1191444,0.015998311,0.9816904
real,00003042_001.png,3042,,effusion_0,-3.5618038,0.027603963,0.95305055
real,00011153_000.png,11153,,effusion_0,-3.5553951,0.027776506,0.95966923
real,00021716_002.png,21716,,effusion_0,-1.5455074,0.1757361,0.8692185
real,00025676_000.png,25676,,effusion_0,-5.6402397,0.0035394449,0.9942857
real,00006123_003.png,6123,,effusion_0,-5.8489876,0.0028745295,0.99522644
real,00004773_001.png,4773,,effusion_0,-3.358673,0.033612296,0.9334052
real,00012797_000.png,12797,,effusion_0,-5.117285,0.0059565776,0.98914623
real,00016842_002.png,16842,,effusion_0,-5.687958,0.0033750723,0.994577
real,00011732_000.png,11732,,effusion_0,-5.4689465,0.0041979738,0.9928387
real,00009777_000.png,9777,,effusion_0,-4.63533,0.009609662,0.9861134
real,00024861_000.png,24861,,effusion_0,-4.6312923,0.0096481675,0.9806054
real,00029926_000.png,29926,,effusion_0,-4.9843903,0.0067974287,0.9914953
real,00010071_001.png,10071,,effusion_0,-3.3951015,0.032448906,0.938831
real,00022788_004.png,22788,,effusion_0,-2.847149,0.05482888,0.90988535
real,00029648_000.png,29648,,effusion_0,-5.8829308,0.0027788628,0.9961037
real,00011910_009.png,11910,,effusion_0,-5.3993244,0.004499298,0.99256384
real,00021972_024.png,21972,,effusion_0,1.6946793,0.84483856,0.9153874
real,00016410_000.png,16410,,effusion_0,-5.4037304,0.004479606,0.99287206
real,00013181_003.png,13181,,effusion_0,-4.7714367,0.008397097,0.98486274
real,00005614_001.png,5614,,effusion_0,-5.652647,0.0034959537,0.99373275
real,00014110_000.png,14110,,effusion_0,-2.6664734,0.06498091,0.8886337
real,00028148_015.png,28148,,effusion_0,0.5749016,0.63989335,0.86259294
real,00013427_000.png,13427,,effusion_0,-5.5984993,0.0036897527,0.9927298
real,00016879_000.png,16879,,effusion_0,-5.3878593,0.0045509436,0.991585
real,00013723_000.png,13723,,effusion_0,-5.4020653,0.0044870386,0.9944029
real,00000085_000.png,85,,effusion_0,-0.40374374,0.40041322,0.8155459
real,00026599_000.png,26599,,effusion_0,-5.711342,0.0032973222,0.99556303
real,00017729_001.png,17729,,effusion_0,-5.373787,0.0046151415,0.991405
real,00016255_000.png,16255,,effusion_0,-4.931486,0.007164077,0.98863894
real,00020758_000.png,20758,,effusion_0,-2.2257767,0.097459495,0.8591432
real,00030029_000.png,30029,,effusion_0,-5.9092636,0.0027068376,0.9963983
real,00006098_006.png,6098,,effusion_0,-2.206173,0.09919753,0.92637306
real,00023625_000.png,23625,,effusion_0,-5.705204,0.0033175554,0.994429
real,00009034_006.png,9034,,effusion_0,-1.3762932,0.20160499,0.86582315
real,00009061_000.png,9061,,effusion_0,-4.460224,0.011427671,0.98403174
real,00008359_000.png,8359,,effusion_0,-5.3001766,0.004965929,0.992108
real,00001170_004.png,1170,,effusion_0,2.45368,0.92083013,0.9584304
real,00015087_011.png,15087,,effusion_0,-2.7688026,0.05903349,0.9083613
real,00005401_007.png,5401,,effusion_0,-5.3246803,0.0048463065,0.99206364
real,00020631_001.png,20631,,effusion_0,-5.7720375,0.0031037442,0.99472773
real,00010984_003.png,10984,,effusion_0,-5.1656094,0.0056771683,0.9906175
real,00025075_005.png,25075,,effusion_0,-4.2059155,0.014688175,0.9757823
real,00018448_017.png,18448,,effusion_0,-5.239546,0.0052746944,0.9920342
real,00000341_000.png,341,,effusion_0,-4.162197,0.0153344935,0.9791204
real,00006955_000.png,6955,,effusion_0,-5.46706,0.004205867,0.99381655
real,00002168_000.png,2168,,effusion_0,-5.812496,0.0029810441,0.99502707
real,00025483_000.png,25483,,effusion_0,-0.15812874,0.46054995,0.86464846
real,00008562_000.png,8562,,effusion_0,-5.5446606,0.003893054,0.9934493
real,00028614_000.png,28614,,effusion_0,-5.8031673,0.0030088995,0.99447894
real,00005014_014.png,5014,,effusion_0,2.1009274,0.89099324,0.9412778
real,00024583_000.png,24583,,effusion_0,-5.1499443,0.0057662847,0.9904802
real,00026264_000.png,26264,,effusion_0,-3.9349804,0.019171357,0.96127987
real,00017111_006.png,17111,,effusion_0,-3.8920383,0.019995727,0.96372026
real,00012074_000.png,12074,,effusion_0,-4.9442406,0.0070739263,0.9874179
real,00013303_000.png,13303,,effusion_0,-5.2437515,0.0052526738,0.9916253
real,00005552_000.png,5552,,effusion_0,-2.0519753,0.11385294,0.8620911
real,00016205_006.png,16205,,effusion_0,2.0623188,0.88718647,0.94597095
real,00010481_029.png,10481,,effusion_0,-5.045822,0.0063950075,0.99224055
real,00022788_003.png,22788,,effusion_0,-2.5458279,0.07270727,0.89989024
real,00020802_000.png,20802,,effusion_0,-5.7395153,0.003206015,0.9950484
real,00023133_002.png,23133,,effusion_0,-4.4695854,0.011322399,0.98242664
real,00011770_008.png,11770,,effusion_0,4.692463,0.9909191,0.99659127
real,00029286_000.png,29286,,effusion_0,-5.4441204,0.0043030432,0.9942789
real,00029203_000.png,29203,,effusion_0,-3.8146534,0.02156984,0.97147226
real,00021424_004.png,21424,,effusion_0,-2.8165627,0.056435693,0.9271917
real,00021409_000.png,21409,,effusion_0,5.0706615,0.9937609,0.99476933
real,00011932_007.png,11932,,effusion_0,-5.2870445,0.0050312416,0.99252605
real,00001713_000.png,1713,,effusion_0,-2.9216194,0.05109513,0.9356138
real,00012980_000.png,12980,,effusion_0,-4.6782,0.009210118,0.98751366
real,00028229_000.png,28229,,effusion_0,-5.7948647,0.0030339097,0.9953139
real,00028282_000.png,28282,,effusion_0,-5.679352,0.003404144,0.9958653
real,00013533_001.png,13533,,effusion_0,-5.119463,0.005943694,0.991391
real,00004318_000.png,4318,,effusion_0,-5.2053413,0.0054572322,0.98938197
real,00001974_007.png,1974,,effusion_0,1.354475,0.7948603,0.8838759
real,00009699_000.png,9699,,effusion_0,-3.4208488,0.031650204,0.95579904
real,00014838_000.png,14838,,effusion_0,-4.592455,0.010026418,0.9831894
real,00012919_000.png,12919,,effusion_0,-4.862501,0.007671811,0.98792744
real,00006526_000.png,6526,,effusion_0,-5.383604,0.0045702616,0.99219626
real,00008054_000.png,8054,,effusion_0,-4.9632854,0.006941405,0.98993754
real,00009652_000.png,9652,,effusion_0,-2.8460655,0.05488505,0.9460204
real,00012585_002.png,12585,,effusion_0,-5.7239494,0.0032561463,0.99436235
real,00012086_000.png,12086,,effusion_0,-5.76198,0.003135019,0.99476194
real,00025908_000.png,25908,,effusion_0,-4.405094,0.012067552,0.9802468
real,00016842_000.png,16842,,effusion_0,-5.617983,0.0036188161,0.9952141
real,00008593_002.png,8593,,effusion_0,-4.4226704,0.011859796,0.9809066
real,00019857_001.png,19857,,effusion_0,-5.0441036,0.0064059366,0.9891197
real,00017111_008.png,17111,,effusion_0,-3.6507244,0.025314823,0.96115285
real,00021652_000.png,21652,,effusion_0,-5.7966194,0.0030286065,0.99487036
real,00022883_016.png,22883,,effusion_0,-1.3794537,0.20109676,0.87506473
real,00004378_001.png,4378,,effusion_0,-5.6457443,0.0035200836,0.9953606
real,00021705_000.png,21705,,effusion_0,-5.5145054,0.00401176,0.99446213
real,00016769_000.png,16769,,effusion_0,-2.4653168,0.07832565,0.88428444
real,00008806_009.png,8806,,effusion_0,-2.928854,0.050745502,0.8978228
real,00016789_006.png,16789,,effusion_0,-3.9483948,0.018920736,0.96915966
real,00018044_004.png,18044,,effusion_0,-2.868555,0.053730067,0.9370073
real,00000463_000.png,463,,effusion_0,1.5083771,0.8188206,0.9254889
real,00012017_000.png,12017,,effusion_0,-5.7370663,0.0032138512,0.9951512
real,00009369_000.png,9369,,effusion_0,-5.4081573,0.0044599073,0.99169284
real,00001059_006.png,1059,,effusion_0,-3.1958122,0.039323617,0.91495997
real,00005532_033.png,5532,,effusion_0,-1.4970703,0.18286288,0.7987939
real,00009409_002.png,9409,,effusion_0,-5.496807,0.004083101,0.9944353
real,00025432_000.png,25432,,effusion_0,-5.375654,0.0046065715,0.99189466
real,00014523_000.png,14523,,effusion_0,-5.6362095,0.0035536874,0.994943
real,00027084_000.png,27084,,effusion_0,-5.6547604,0.003488599,0.9952188
real,00007719_000.png,7719,,effusion_0,-4.852318,0.007749727,0.98833877
real,00012585_014.png,12585,,effusion_0,-5.5477295,0.0038811713,0.9925641
real,00006791_002.png,6791,,effusion_0,-2.6370144,0.06679389,0.898595
real,00016789_008.png,16789,,effusion_0,-5.103319,0.0060398425,0.9889213
real,00018603_000.png,18603,,effusion_0,-3.65724,0.025154555,0.95072937
real,00012400_000.png,12400,,effusion_0,-5.491394,0.004105172,0.9931575
real,00026299_001.png,26299,,effusion_0,-4.9136944,0.0072917417,0.9872557
real,00000821_000.png,821,,effusion_0,-5.0534267,0.0063468674,0.9879142
real,00003570_005.png,3570,,effusion_0,-5.741167,0.003200741,0.9947678
real,00012476_001.png,12476,,effusion_0,-5.6938,0.0033554775,0.99423003
real,00023964_000.png,23964,,effusion_0,-4.136528,0.015726943,0.9656034
real,00006002_003.png,6002,,effusion_0,-2.4866505,0.07679934,0.8883954
real,00008806_000.png,8806,,effusion_0,-3.4182186,0.031730913,0.93602717
real,00030149_000.png,30149,,effusion_0,-5.5336533,0.0039359736,0.99428266
real,00010936_001.png,10936,,effusion_0,-1.7838078,0.14383358,0.87580955
real,00024948_000.png,24948,,effusion_0,-5.5940742,0.0037060552,0.9951384
real,00029393_000.png,29393,,effusion_0,-5.1257,0.005906957,0.989668
real,00023266_005.png,23266,,effusion_0,1.5628471,0.8267615,0.9503709
real,00018284_023.png,18284,,effusion_0,1.7934265,0.85734683,0.9605872
real,00006024_002.png,6024,,effusion_0,-3.699543,0.024137784,0.97063965
real,00016724_002.png,16724,,effusion_0,5.1831207,0.9944208,0.99524957
real,00009936_000.png,9936,,effusion_0,-2.7654,0.05922279,0.90757185
real,00010682_000.png,10682,,effusion_0,-5.3465385,0.0047420207,0.99074906
real,00003785_006.png,3785,,effusion_0,-2.835579,0.05543156,0.8898222
real,00015938_000.png,15938,,effusion_0,-4.0311165,0.017444775,0.96860605
real,00013952_006.png,13952,,effusion_0,-1.3963242,0.19840007,0.86154103
real,00014352_004.png,14352,,effusion_0,-4.8466587,0.0077933646,0.9876315
real,00004547_000.png,4547,,effusion_0,-4.7616158,0.008479267,0.98584425
real,00029140_000.png,29140,,effusion_0,-2.912466,0.05154075,0.9410732
real,00012625_012.png,12625,,effusion_0,-5.398834,0.004501494,0.9926861
real,00011987_000.png,11987,,effusion_0,-5.6916275,0.0033627509,0.9948572
real,00016388_000.png,16388,,effusion_0,-5.2571354,0.005183203,0.9919361
real,00021362_000.png,21362,,effusion_0,-3.543972,0.028086657,0.95192295
real,00002515_001.png,2515,,effusion_0,-4.2675056,0.0138229495,0.9753122
real,00028465_001.png,28465,,effusion_0,-5.5423145,0.003902163,0.99292505
real,00025466_000.png,25466,,effusion_0,-5.280163,0.0050658085,0.9933581
real,00018822_000.png,18822,,effusion_0,-5.358881,0.004684125,0.9922926
real,00010481_004.png,10481,,effusion_0,-4.1563168,0.015423538,0.9807909
real,00024245_000.png,24245,,effusion_0,-5.4009647,0.004491957,0.99355865
real,00022341_000.png,22341,,effusion_0,-5.570278,0.003794964,0.994004
real,00008318_000.png,8318,,effusion_0,-3.4470215,0.030857809,0.95004445
real,00022532_000.png,22532,,effusion_0,-5.849859,0.002872032,0.99624276
real,00018044_041.png,18044,,effusion_0,1.7915344,0.8571153,0.9281203
real,00001248_034.png,1248,,effusion_0,3.8088531,0.97830737,0.9914076
real,00030001_000.png,30001,,effusion_0,-4.853199,0.007742953,0.9856478
real,00016123_000.png,16123,,effusion_0,-5.233919,0.0053042993,0.9917185
real,00001075_044.png,1075,,effusion_0,-4.1320076,0.015797071,0.9794585
real,00022155_017.png,22155,,effusion_0,1.5982437,0.83177274,0.9363356
real,00020312_030.png,20312,,effusion_0,-5.517828,0.003998506,0.99402565
real,00003362_002.png,3362,,effusion_0,3.5018044,0.9707391,0.98391634
real,00020572_001.png,20572,,effusion_0,-5.511463,0.0040239342,0.99282223
real,00009138_022.png,9138,,effusion_0,2.4064217,0.9173157,0.95400083
real,00007131_006.png,7131,,effusion_0,-3.3134022,0.035114266,0.9450425
real,00012329_001.png,12329,,effusion_0,-5.582798,0.0037479252,0.99370307
real,00008185_000.png,8185,,effusion_0,0.51862335,0.6268258,0.81125575
real,00018547_000.png,18547,,effusion_0,-5.583029,0.0037470632,0.99341464
real,00029423_000.png,29423,,effusion_0,3.222145,0.9616592,0.98784375
real,00017326_001.png,17326,,effusion_0,-5.5286236,0.0039557414,0.9949801
real,00014307_001.png,14307,,effusion_0,-4.6148205,0.009806834,0.9808765
real,00006674_000.png,6674,,effusion_0,-5.402298,0.0044859992,0.99233055
real,00018044_003.png,18044,,effusion_0,-3.1183376,0.04235715,0.938669
real,00019406_000.png,19406,,effusion_0,-2.7945213,0.057620954,0.92076564
real,00003896_004.png,3896,,effusion_0,-4.006443,0.017872762,0.97501737
real,00011932_003.png,11932,,effusion_0,-4.0242767,0.017562397,0.9750691
real,00019317_000.png,19317,,effusion_0,-5.633713,0.0035625396,0.99428177
real,00002139_000.png,2139,,effusion_0,-3.7054443,0.023999166,0.9613914
real,00013678_003.png,13678,,effusion_0,-4.3440704,0.012817159,0.98042923
real,00016512_001.png,16512,,effusion_0,-5.6171265,0.0036219056,0.99335223
real,00008502_000.png,8502,,effusion_0,-5.685484,0.0033834036,0.99483263
real,00014294_003.png,14294,,effusion_0,-2.3299122,0.08867576,0.9148765
real,00018011_000.png,18011,,effusion_0,-4.509409,0.010885172,0.9806833
real,00001203_002.png,1203,,effusion_0,-5.26705,0.005132331,0.99301934
real,00005250_001.png,5250,,effusion_0,-5.39336,0.0045260917,0.99325275
real,00028042_000.png,28042,,effusion_0,-5.495432,0.004088697,0.99352837
real,00017330_000.png,17330,,effusion_0,-3.1440163,0.041327704,0.9313673
real,00010936_003.png,10936,,effusion_0,3.5443459,0.97192353,0.9870601
real,00011380_022.png,11380,,effusion_0,2.050335,0.88598144,0.9644736
real,00009105_003.png,9105,,effusion_0,-4.8867702,0.007489242,0.9872799
real,00006012_000.png,6012,,effusion_0,-4.5952854,0.009998362,0.98590773
real,00006040_005.png,6040,,effusion_0,-3.892353,0.019989561,0.9604077
real,00011279_000.png,11279,,effusion_0,4.5643864,0.98969114,0.9954306
real,00016485_000.png,16485,,effusion_0,-4.7694874,0.008413344,0.9855308
real,00003094_003.png,3094,,effusion_0,-1.9742584,0.12193223,0.8906454
real,00020699_001.png,20699,,effusion_0,-2.7766,0.05860185,0.91752887
real,00001213_003.png,1213,,effusion_0,-5.147787,0.005778665,0.99236596
real,00028764_000.png,28764,,effusion_0,-5.7418575,0.003198539,0.99569464
real,00005501_000.png,5501,,effusion_0,-5.627201,0.0035857295,0.99429023
real,00012051_004.png,12051,,effusion_0,-5.2402706,0.0052708928,0.9913109
real,00023621_000.png,23621,,effusion_0,-5.5335007,0.003936572,0.994557
real,00001174_000.png,1174,,effusion_0,-5.3583546,0.00468658,0.99211395
real,00012536_001.png,12536,,effusion_0,1.7867832,0.85653245,0.94809824
real,00004490_005.png,4490,,effusion_0,-4.175783,0.0151307,0.9807663
real,00014462_001.png,14462,,effusion_0,-4.4142056,0.0119594075,0.98051524
real,00007623_002.png,7623,,effusion_0,-5.143034,0.005806037,0.9916021
real,00015449_000.png,15449,,effusion_0,-4.1550236,0.015443189,0.9691053
real,00002585_001.png,2585,,effusion_0,3.6287994,0.97413856,0.9832768
real,00001292_000.png,1292,,effusion_0,-4.30785,0.013283634,0.97224236
real,00007313_002.png,7313,,effusion_0,-4.34239,0.012838439,0.98261386
real,00024273_000.png,24273,,effusion_0,-5.829813,0.0029300163,0.99534595
real,00008728_000.png,8728,,effusion_0,-2.8602352,0.05415465,0.90825045
real,00025832_003.png,25832,,effusion_0,-3.152504,0.04099273,0.9156691
real,00010453_000.png,10453,,effusion_0,-5.93314,0.002643143,0.9957467
real,00004589_000.png,4589,,effusion_0,-5.2624245,0.005156002,0.99166864
real,00021375_007.png,21375,,effusion_0,-3.6160698,0.026184103,0.96929
real,00007019_001.png,7019,,effusion_0,-5.847351,0.002879224,0.9954193
real,00011910_003.png,11910,,effusion_0,-4.034893,0.01738016,0.9696883
real,00015056_005.png,15056,,effusion_0,-4.3243732,0.013068792,0.9787437
real,00028766_002.png,28766,,effusion_0,-4.810713,0.008076296,0.98865896
real,00017020_000.png,17020,,effusion_0,-3.8604584,0.020624036,0.946696
real,00016939_000.png,16939,,effusion_0,-5.404951,0.004474166,0.9921917
real,00015795_003.png,15795,,effusion_0,-4.739399,0.008668107,0.98400456
real,00006024_006.png,6024,,effusion_0,-3.3103924,0.035216384,0.95286006
real,00016191_019.png,16191,,effusion_0,-1.2065964,0.23030385,0.84405124
real,00017747_061.png,17747,,effusion_0,3.552021,0.97213227,0.9883277
real,00010246_000.png,10246,,effusion_0,-4.2872887,0.013555848,0.9817584
real,00004943_000.png,4943,,effusion_0,-1.7811165,0.14416532,0.77307045
real,00021288_000.png,21288,,effusion_0,-4.828888,0.007931988,0.98512906
real,00025046_000.png,25046,,effusion_0,-5.653782,0.0034920024,0.9953152
real,00015338_003.png,15338,,effusion_0,-5.0826683,0.00616509,0.98863953
real,00014504_000.png,14504,,effusion_0,-3.6928978,0.024294809,0.96415883
real,00014281_000.png,14281,,effusion_0,-5.4825306,0.004141568,0.993737
real,00006098_007.png,6098,,effusion_0,-5.1706333,0.005648879,0.9899988
real,00004695_000.png,4695,,effusion_0,-2.566351,0.071335666,0.9050163
real,00027153_001.png,27153,,effusion_0,-4.7150784,0.008879609,0.98592424
real,00028027_002.png,28027,,effusion_0,-2.0195885,0.11716156,0.8708773
real,00004834_000.png,4834,,effusion_0,-4.8911686,0.007456619,0.98500836
real,00006002_001.png,6002,,effusion_0,-3.1872578,0.03964806,0.9309347
real,00002825_001.png,2825,,effusion_0,-5.08519,0.0061496603,0.9894719
real,00021569_000.png,21569,,effusion_0,-5.72612,0.0032491093,0.99563104
real,00013138_002.png,13138,,effusion_0,-5.2185535,0.0053859903,0.9908777
real,00014029_000.png,14029,,effusion_0,-5.8718967,0.002809608,0.9952656
real,00021614_001.png,21614,,effusion_0,-5.5555763,0.0038509527,0.9948623
real,00014045_000.png,14045,,effusion_0,-3.438181,0.03112329,0.9347852
real,00006202_000.png,6202,,effusion_0,-1.8741035,0.13306761,0.9052746
real,00020060_007.png,20060,,effusion_0,-1.7516251,0.14784235,0.85815877
real,00001587_000.png,1587,,effusion_0,-4.616741,0.009788201,0.9817805
real,00020674_000.png,20674,,effusion_0,-5.397764,0.004506292,0.99334604
real,00022763_000.png,22763,,effusion_0,-4.071575,0.016764665,0.96787983
real,00025832_004.png,25832,,effusion_0,-2.6166096,0.06807708,0.88071764
real,00000877_007.png,877,,effusion_0,-5.232521,0.005311681,0.9894042
real,00008733_000.png,8733,,effusion_0,-5.4245853,0.0043875575,0.99353105
real,00005903_000.png,5903,,effusion_0,-4.7123756,0.008903428,0.9880401
real,00030781_000.png,30781,,effusion_0,-4.4680367,0.011339748,0.9834322
real,00026409_000.png,26409,,effusion_0,-4.9994087,0.0066967825,0.9924111
real,00000872_000.png,872,,effusion_0,-5.244007,0.0052513382,0.9905256
real,00015597_000.png,15597,,effusion_0,-3.295002,0.03574305,0.94893336
real,00005395_001.png,5395,,effusion_0,-0.744297,0.32206523,0.8271558
real,00008081_019.png,8081,,effusion_0,3.2743511,0.96353835,0.9843875
real,00001733_001.png,1733,,effusion_0,-5.6136093,0.0036346205,0.99389637
real,00020642_006.png,20642,,effusion_0,-5.376005,0.004604962,0.99263537
real,00008489_015.png,8489,,effusion_0,-1.9271755,0.12706353,0.85207844
real,00019575_000.png,19575,,effusion_0,-2.4894733,0.07659944,0.8955473
real,00008342_023.png,8342,,effusion_0,-1.6961021,0.15497504,0.83406824
real,00024797_000.png,24797,,effusion_0,-5.836214,0.0029113751,0.99549687
real,00008779_000.png,8779,,effusion_0,-3.899685,0.019846434,0.969512
real,00003812_002.png,3812,,effusion_0,-4.9016857,0.007379184,0.9880997
real,00019544_000.png,19544,,effusion_0,-5.812359,0.0029814523,0.9959264
real,00003804_001.png,3804,,effusion_0,-4.9425716,0.0070856577,0.99164176
real,00004909_005.png,4909,,effusion_0,-2.0463276,0.11442398,0.886345
real,00029543_002.png,29543,,effusion_0,-0.60920906,0.35223967,0.81521153
real,00022582_001.png,22582,,effusion_0,-5.677517,0.0034103745,0.99362737
real,00000463_001.png,463,,effusion_0,1.7067394,0.8464129,0.9364532
real,00000796_004.png,796,,effusion_0,-4.0298824,0.017465938,0.97177607
real,00022155_012.png,22155,,effusion_0,0.14067078,0.5351098,0.7891443
real,00012304_002.png,12304,,effusion_0,-1.237093,0.2249424,0.7801711
real,00003570_001.png,3570,,effusion_0,-3.1131363,0.04256864,0.950094
real,00015449_002.png,15449,,effusion_0,-4.68268,0.009169324,0.98289114
real,00023776_000.png,23776,,effusion_0,-5.2633514,0.0051512495,0.99199003
real,00001606_004.png,1606,,effusion_0,-4.068432,0.016816556,0.9727464
real,00026795_000.png,26795,,effusion_0,-5.105543,0.0060265055,0.9901862
real,00030805_000.png,30805,,effusion_0,-4.9507027,0.007028681,0.9869795
real,00017747_023.png,17747,,effusion_0,0.93384933,0.7178556,0.9297523
real,00010348_001.png,10348,,effusion_0,-4.6668415,0.009314345,0.98495007
real,00016929_001.png,16929,,effusion_0,-4.0352592,0.017373906,0.97903603
real,00002120_001.png,2120,,effusion_0,-0.608593,0.3523802,0.87506753
real,00011598_028.png,11598,,effusion_0,-0.37101555,0.40829566,0.80900484
real,00003064_010.png,3064,,effusion_0,-3.3637657,0.03344727,0.9312163
real,00014076_000.png,14076,,effusion_0,-5.8008995,0.0030157107,0.995334
real,00001059_005.png,1059,,effusion_0,-2.3004322,0.09108718,0.89161175
real,00015977_000.png,15977,,effusion_0,-5.818035,0.0029646265,0.9954349
real,00010135_000.png,10135,,effusion_0,-4.6140327,0.009814488,0.98517716
real,00014025_000.png,14025,,effusion_0,-5.1366653,0.0058429157,0.99245566
real,00005587_000.png,5587,,effusion_0,-5.7858887,0.003061181,0.99578863
real,00011764_007.png,11764,,effusion_0,-4.2549667,0.013994927,0.9811149
real,00028256_000.png,28256,,effusion_0,-5.3738136,0.004615019,0.9927757
real,00010131_001.png,10131,,effusion_0,-5.2171116,0.0053937198,0.9907832
real,00008184_003.png,8184,,effusion_0,-5.0794735,0.0061846958,0.99026316
real,00003916_000.png,3916,,effusion_0,0.6628208,0.65989375,0.8043104
real,00000273_004.png,273,,effusion_0,-0.13635445,0.46596408,0.8376744
real,00023343_000.png,23343,,effusion_0,-5.0312386,0.0064883437,0.9908802
real,00001292_001.png,1292,,effusion_0,-3.2298164,0.038058966,0.9415155
real,00001470_002.png,1470,,effusion_0,2.2597923,0.9054919,0.963743
real,00017545_000.png,17545,,effusion_0,-3.9517765,0.018858064,0.9666546
real,00013441_000.png,13441,,effusion_0,-5.1097317,0.006001468,0.9900368
real,00010920_004.png,10920,,effusion_0,-5.711752,0.0032959746,0.99414366
real,00007313_001.png,7313,,effusion_0,-5.301079,0.0049614734,0.99463016
real,00000304_001.png,304,,effusion_0,-2.676962,0.064346544,0.93734473
real,00010481_031.png,10481,,effusion_0,-4.740938,0.00865489,0.9891216
real,00022155_024.png,22155,,effusion_0,-4.314167,0.013201089,0.97389203
real,00011603_000.png,11603,,effusion_0,-5.5560455,0.0038491534,0.9925854
real,00001230_001.png,1230,,effusion_0,-4.9971294,0.0067119612,0.9861819
real,00017824_001.png,17824,,effusion_0,-4.9783955,0.0068380204,0.9876824
real,00028706_000.png,28706,,effusion_0,-4.7898235,0.008245373,0.99054605
real,00012989_001.png,12989,,effusion_0,-5.0673847,0.006259444,0.9877209
real,00029493_000.png,29493,,effusion_0,-5.9281197,0.0026564102,0.99544334
real,00005579_000.png,5579,,effusion_0,-3.907154,0.01970166,0.95488
real,00015795_004.png,15795,,effusion_0,-4.1515427,0.015496205,0.9718735
real,00000262_000.png,262,,effusion_0,-5.439781,0.004321675,0.99352
real,00019413_000.png,19413,,effusion_0,-5.148945,0.0057720174,0.9936476
real,00008147_000.png,8147,,effusion_0,-5.4374294,0.0043318067,0.99391675
real,00012951_000.png,12951,,effusion_0,-2.2094402,0.09890595,0.8561585
real,00024613_000.png,24613,,effusion_0,-5.9024143,0.0027253907,0.99589014
real,00003577_000.png,3577,,effusion_0,-4.8990192,0.0073987404,0.9862029
real,00014352_007.png,14352,,effusion_0,-3.3057346,0.03537498,0.9476755
real,00016509_000.png,16509,,effusion_0,-5.313862,0.0048987623,0.99321866
real,00010696_000.png,10696,,effusion_0,-5.510721,0.004026909,0.9937274
real,00013591_000.png,13591,,effusion_0,-5.3909626,0.0045369067,0.9932133
real,00027305_000.png,27305,,effusion_0,-4.713995,0.008889149,0.98585254
real,00018488_002.png,18488,,effusion_0,0.19743347,0.5491986,0.86845785
real,00012626_005.png,12626,,effusion_0,-5.4802704,0.004150901,0.9932074
real,00023423_000.png,23423,,effusion_0,-5.8531513,0.00286262,0.99526036
real,00010481_040.png,10481,,effusion_0,-5.4088078,0.0044570207,0.99230236
real,00015111_000.png,15111,,effusion_0,-4.704029,0.0089773815,0.9828995
real,00023085_009.png,23085,,effusion_0,0.6446514,0.65580416,0.87007326
real,00011328_000.png,11328,,effusion_0,-5.500868,0.0040666214,0.99251324
real,00028475_000.png,28475,,effusion_0,-3.8550377,0.020733813,0.9647377
real,00022677_005.png,22677,,effusion_0,-3.1350517,0.041684337,0.9447081
real,00003464_000.png,3464,,effusion_0,-5.3307743,0.0048170043,0.99129075
real,00010295_000.png,10295,,effusion_0,-5.334612,0.004798643,0.9921482
real,00022527_000.png,22527,,effusion_0,-5.582117,0.003750468,0.9930408
real,00013970_009.png,13970,,effusion_0,-5.024706,0.006530591,0.99023473
real,00001203_003.png,1203,,effusion_0,-4.7428493,0.008638509,0.98815954
real,00015228_000.png,15228,,effusion_0,-1.2252331,0.22701684,0.8515691
real,00001136_001.png,1136,,effusion_0,-1.3720093,0.20229541,0.854254
real,00006040_009.png,6040,,effusion_0,-4.179241,0.015079256,0.96376675
real,00008441_000.png,8441,,effusion_0,-5.252491,0.005207206,0.9915785
real,00015740_000.png,15740,,effusion_0,-4.215,0.014557275,0.9692913
real,00007109_011.png,7109,,effusion_0,-3.9543953,0.018809672,0.96677434
real,00019496_000.png,19496,,effusion_0,-5.2076283,0.005444834,0.99027324
real,00022882_000.png,22882,,effusion_0,-5.925331,0.0026638082,0.99582464
real,00022500_000.png,22500,,effusion_0,-4.472048,0.011294866,0.9811149
real,00011380_008.png,11380,,effusion_0,0.10564232,0.526386,0.8415547
real,00000386_000.png,386,,effusion_0,-5.2501717,0.005219234,0.9926515
real,00022196_002.png,22196,,effusion_0,-5.3188896,0.004874314,0.9925139
real,00018597_002.png,18597,,effusion_0,-4.5632935,0.010320046,0.9815773
real,00013969_008.png,13969,,effusion_0,-5.438938,0.004325304,0.99362135
real,00029579_007.png,29579,,effusion_0,0.502409,0.6230253,0.87416327
real,00020485_005.png,20485,,effusion_0,-4.5966053,0.009985304,0.9837834
real,00005002_001.png,5002,,effusion_0,-3.2680721,0.036682893,0.954025
real,00028053_000.png,28053,,effusion_0,-5.550438,0.0038707142,0.99352014
real,00000417_003.png,417,,effusion_0,-0.12467384,0.46887186,0.8425075
real,00016439_000.png,16439,,effusion_0,-5.804512,0.0030048687,0.9951597
real,00020531_000.png,20531,,effusion_0,-5.2366905,0.005289697,0.99087626
real,00015435_001.png,15435,,effusion_0,-3.1613865,0.04064496,0.9279574
real,00002595_001.png,2595,,effusion_0,-5.3817806,0.004578565,0.9926883
real,00016512_000.png,16512,,effusion_0,-5.840418,0.0028991974,0.9951493
real,00021023_004.png,21023,,effusion_0,4.9683,0.99309313,0.9956236
real,00009273_002.png,9273,,effusion_0,0.80451775,0.69094,0.92344815
real,00002292_001.png,2292,,effusion_0,-5.576132,0.0037728979,0.9933295
real,00000757_000.png,757,,effusion_0,-3.6211338,0.026055288,0.9680908
real,00006711_000.png,6711,,effusion_0,-4.085575,0.016535448,0.97866267
real,00016261_001.png,16261,,effusion_0,-3.0796719,0.043953605,0.94131124
real,00002816_003.png,2816,,effusion_0,-5.6134586,0.0036351662,0.99323285
real,00009378_002.png,9378,,effusion_0,-4.928108,0.007188143,0.9896971
real,00023266_004.png,23266,,effusion_0,-5.536209,0.003925966,0.9945477
real,00003094_004.png,3094,,effusion_0,0.44402885,0.60921866,0.8869012
real,00026807_000.png,26807,,effusion_0,-5.8683567,0.0028195437,0.9959896
real,00012086_001.png,12086,,effusion_0,-3.356903,0.033669837,0.9221189
real,00003917_000.png,3917,,effusion_0,-5.2017345,0.0054768426,0.9883731
real,00010445_003.png,10445,,effusion_0,-5.388565,0.004547748,0.9914444
real,00016184_001.png,16184,,effusion_0,-2.9445114,0.04999656,0.9333929
real,00011598_017.png,11598,,effusion_0,-3.528204,0.028520307,0.9480954
real,00025290_002.png,25290,,effusion_0,-3.0403252,0.045637008,0.9377197
real,00012363_004.png,12363,,effusion_0,-5.1607437,0.005704701,0.9885728
real,00011813_000.png,11813,,effusion_0,-5.704012,0.0033214993,0.99409145
real,00010732_000.png,10732,,effusion_0,-5.2800884,0.0050661834,0.9923192
real,00026927_000.png,26927,,effusion_0,1.9281845,0.8730483,0.9449535
real,00017786_013.png,17786,,effusion_0,-4.281355,0.013635426,0.973913
real,00018642_000.png,18642,,effusion_0,-4.0093536,0.017821742,0.97805035
real,00009668_000.png,9668,,effusion_0,-5.4032516,0.0044817417,0.99302816
real,00005245_000.png,5245,,effusion_0,-5.132084,0.005869589,0.9890974
real,00010120_004.png,10120,,effusion_0,-5.1787395,0.005603528,0.991198
real,00007018_005.png,7018,,effusion_0,-5.896614,0.0027412013,0.9957954
real,00030385_000.png,30385,,effusion_0,-5.661911,0.0034638285,0.99540204
real,00021631_001.png,21631,,effusion_0,-5.6203823,0.003610175,0.9939326
real,00005443_000.png,5443,,effusion_0,-4.6073,0.009880136,0.9810584
real,00003439_007.png,3439,,effusion_0,-5.0134697,0.0066038966,0.98842806
real,00021114_001.png,21114,,effusion_0,0.7014046,0.6684991,0.8761748
real,00006135_000.png,6135,,effusion_0,-1.3182259,0.21111362,0.8127708
real,00006123_001.png,6123,,effusion_0,-5.781269,0.0030753112,0.9949043
real,00004926_000.png,4926,,effusion_0,-1.4430637,0.19107136,0.8725724
real,00019435_003.png,19435,,effusion_0,-5.847328,0.00287929,0.9947646
real,00019535_002.png,19535,,effusion_0,-3.1915016,0.039486784,0.94272864
real,00008342_001.png,8342,,effusion_0,-3.010233,0.04696572,0.92009956
real,00014843_000.png,14843,,effusion_0,-3.4225197,0.031599034,0.9540229
real,00002492_010.png,2492,,effusion_0,-4.6364384,0.00959912,0.98640424
real,00020716_002.png,20716,,effusion_0,-3.8665524,0.020501304,0.9641845
real,00027353_000.png,27353,,effusion_0,-5.5580826,0.0038413506,0.99346817
real,00013969_007.png,13969,,effusion_0,-5.1585655,0.005717069,0.99144095
real,00010489_000.png,10489,,effusion_0,-3.0708675,0.044325065,0.92550963
real,00018011_009.png,18011,,effusion_0,-2.911312,0.05159719,0.92825115
real,00016518_000.png,16518,,effusion_0,-5.258234,0.005177541,0.99267834
real,00013214_001.png,13214,,effusion_0,-5.4102936,0.0044504325,0.9929872
real,00007792_000.png,7792,,effusion_0,-4.9240265,0.007217332,0.98633087
real,00012949_001.png,12949,,effusion_0,-5.335186,0.004795902,0.9921676
real,00028570_000.png,28570,,effusion_0,-5.5136185,0.0040153055,0.994908
real,00003628_000.png,3628,,effusion_0,-4.2209187,0.014472614,0.9757498
real,00026658_002.png,26658,,effusion_0,-4.639179,0.009573097,0.9869029
real,00006490_000.png,6490,,effusion_0,-3.7607498,0.022737276,0.9605043
real,00012178_002.png,12178,,effusion_0,-2.1303864,0.10617832,0.8909349
real,00018037_019.png,18037,,effusion_0,-4.600403,0.009947834,0.9829459
real,00013360_000.png,13360,,effusion_0,-4.9464035,0.0070587504,0.98560274
real,00003640_000.png,3640,,effusion_0,-5.7004642,0.0033332647,0.9939513
real,00016568_001.png,16568,,effusion_0,2.5154018,0.92521447,0.9692159
real,00015475_000.png,15475,,effusion_0,-5.7745323,0.0030960345,0.9942805
real,00029314_000.png,29314,,effusion_0,-5.773134,0.0031003528,0.9957752
real,00018011_019.png,18011,,effusion_0,-4.5968933,0.009982458,0.9845687
real,00009709_007.png,9709,,effusion_0,0.5739689,0.6396785,0.8545296
real,00002686_000.png,2686,,effusion_0,-5.161951,0.0056978567,0.9937631
real,00025453_000.png,25453,,effusion_0,-5.040205,0.0064307987,0.9880312
real,00019716_003.png,19716,,effusion_0,-3.5891476,0.026879407,0.947897
real,00003792_001.png,3792,,effusion_0,-2.9199944,0.051173978,0.9427809
real,00008184_002.png,8184,,effusion_0,-5.391676,0.004533686,0.99207085
real,00000869_006.png,869,,effusion_0,-5.1585464,0.0057171774,0.98941183
real,00022574_001.png,22574,,effusion_0,-2.6107674,0.068448655,0.89099306
real,00030139_000.png,30139,,effusion_0,-4.828129,0.007937964,0.98832875
real,00010131_005.png,10131,,effusion_0,-4.194151,0.014859411,0.97225827
real,00018016_005.png,18016,,effusion_0,-5.0578823,0.00631883,0.9900148
real,00030091_000.png,30091,,effusion_0,-5.1244526,0.0059142862,0.9916694
real,00029426_000.png,29426,,effusion_0,-5.9577503,0.0025790536,0.9965769
real,00012902_001.png,12902,,effusion_0,-5.08049,0.006178451,0.98886853
real,00016865_001.png,16865,,effusion_0,-5.175829,0.0056197695,0.98865455
real,00008802_008.png,8802,,effusion_0,-5.4793453,0.0041547264,0.99354154
real,00029295_000.png,29295,,effusion_0,-5.8229504,0.0029501335,0.9960873
real,00003689_004.png,3689,,effusion_0,-5.9144115,0.0026929765,0.99614847
real,00003064_042.png,3064,,effusion_0,-2.3737354,0.08519755,0.84607106
real,00017835_006.png,17835,,effusion_0,-4.196316,0.014827755,0.9784775
real,00011690_000.png,11690,,effusion_0,-3.5366783,0.028286448,0.95063347
real,00004976_003.png,4976,,effusion_0,-0.60056686,0.354214,0.8209197
real,00009381_000.png,9381,,effusion_0,-3.7294579,0.023443077,0.96459436
real,00010600_000.png,10600,,effusion_0,-5.4670467,0.004205923,0.99421406
real,00028889_000.png,28889,,effusion_0,-5.0878887,0.006133187,0.99233556
real,00027693_000.png,27693,,effusion_0,-1.6169662,0.1656237,0.88233036
real,00003769_002.png,3769,,effusion_0,-1.3605957,0.20414351,0.8040498
real,00019303_000.png,19303,,effusion_0,-5.5784893,0.0037640478,0.9936763
real,00013759_000.png,13759,,effusion_0,-5.5541954,0.0038562533,0.9936818
real,00016083_003.png,16083,,effusion_0,-4.553997,0.010415428,0.9821924
real,00006981_018.png,6981,,effusion_0,-5.5550575,0.0038529434,0.99381393
real,00024924_000.png,24924,,effusion_0,-4.153902,0.01546025,0.97310245
real,00005532_041.png,5532,,effusion_0,-2.6714458,0.064679444,0.87228143
real,00011149_000.png,11149,,effusion_0,-4.9408474,0.007097799,0.9868703
real,00005623_000.png,5623,,effusion_0,-4.421774,0.011870307,0.9823391
real,00011116_000.png,11116,,effusion_0,-5.2610855,0.0051628742,0.9905276
real,00028822_001.png,28822,,effusion_0,-4.874357,0.007582076,0.98772
real,00005410_003.png,5410,,effusion_0,1.5772705,0.8288176,0.9176384
real,00023468_000.png,23468,,effusion_0,-4.7540264,0.0085433135,0.9850298
real,00010465_005.png,10465,,effusion_0,-4.3834,0.012328944,0.9822182
real,00012536_004.png,12536,,effusion_0,1.8246765,0.86112636,0.9428605
real,00012772_000.png,12772,,effusion_0,-5.550289,0.0038712882,0.9930059
real,00009905_000.png,9905,,effusion_0,-5.158943,0.005714923,0.9918228
real,00014094_000.png,14094,,effusion_0,-3.1363335,0.041633163,0.9432324
real,00021346_000.png,21346,,effusion_0,0.47390747,0.6163082,0.8809612
real,00016801_003.png,16801,,effusion_0,3.1947803,0.96063733,0.9824478
real,00009335_000.png,9335,,effusion_0,-4.053526,0.01706479,0.97062224
real,00009932_006.png,9932,,effusion_0,-3.2509632,0.03729229,0.93901306
real,00024029_000.png,24029,,effusion_0,-5.07605,0.006205775,0.9907769
real,00005708_000.png,5708,,effusion_0,-5.602373,0.0036755395,0.9939531
real,00019911_000.png,19911,,effusion_0,-3.175951,0.040080827,0.9013069
real,00004608_000.png,4608,,effusion_0,-5.288698,0.0050229705,0.9938642
real,00010071_005.png,10071,,effusion_0,1.1921635,0.76712775,0.90853864
real,00001548_000.png,1548,,effusion_0,-5.412071,0.0044425637,0.9928413
real,00011910_012.png,11910,,effusion_0,-4.966387,0.00692006,0.9892374
real,00020811_020.png,20811,,effusion_0,-5.203781,0.005465707,0.9885816
real,00029311_003.png,29311,,effusion_0,-5.780506,0.0030776514,0.9953461
real,00003174_002.png,3174,,effusion_0,-4.438755,0.011672771,0.98178655
real,00024737_001.png,24737,,effusion_0,-5.927994,0.0026567436,0.9957573
real,00027582_002.png,27582,,effusion_0,3.7438908,0.9768851,0.9899824
real,00003752_000.png,3752,,effusion_0,-4.9459133,0.007062187,0.9902843
real,00010279_002.png,10279,,effusion_0,3.356659,0.9663222,0.9890741
real,00020502_001.png,20502,,effusion_0,-5.153679,0.005744913,0.9924438
real,00029742_002.png,29742,,effusion_0,-5.1329327,0.0058646384,0.99034023
real,00017381_000.png,17381,,effusion_0,-5.8102493,0.0029877296,0.99387467
real,00027326_000.png,27326,,effusion_0,-5.9055443,0.002716897,0.99534816
real,00011359_000.png,11359,,effusion_0,-5.7144184,0.0032872267,0.99505633
real,00005401_005.png,5401,,effusion_0,-5.4858685,0.004127824,0.993872
real,00020884_000.png,20884,,effusion_0,-5.477865,0.0041608545,0.9936757
real,00007795_000.png,7795,,effusion_0,-3.627634,0.025890842,0.9463412
real,00023636_000.png,23636,,effusion_0,-5.258173,0.005177855,0.9904274
real,00019201_010.png,19201,,effusion_0,-3.7950077,0.021988375,0.9654223
real,00014319_000.png,14319,,effusion_0,-3.303091,0.035465296,0.94251066
real,00016498_001.png,16498,,effusion_0,-5.4921627,0.0041020303,0.9941436
real,00020286_025.png,20286,,effusion_0,2.4057426,0.91726416,0.98225623
real,00024192_000.png,24192,,effusion_0,-5.426401,0.004379633,0.99375165
real,00013886_000.png,13886,,effusion_0,-5.2604046,0.005166373,0.99086016
real,00004490_004.png,4490,,effusion_0,-4.7827587,0.008303345,0.9898979
real,00017603_029.png,17603,,effusion_0,-4.654684,0.009427201,0.9771184
real,00007935_000.png,7935,,effusion_0,-1.8771458,0.13271706,0.853637
real,00010650_000.png,10650,,effusion_0,-3.618208,0.026129639,0.962715
real,00007505_000.png,7505,,effusion_0,-4.807287,0.008103785,0.9862195
real,00010286_001.png,10286,,effusion_0,-5.644726,0.003523658,0.99423945
real,00017835_002.png,17835,,effusion_0,-5.0670013,0.0062618293,0.9891414
