kind,image,patient_id,growth,question,log_odds,p_yes,yes_no_mass
real,00000023_002.png,23,,cardiomegaly_0,-4.0470314,0.017174069,0.7827573
real,00000041_002.png,41,,cardiomegaly_0,-2.8424244,0.055074237,0.5759763
real,00000041_006.png,41,,cardiomegaly_0,-4.949564,0.0070366333,0.8840897
real,00000078_001.png,78,,cardiomegaly_0,-3.472927,0.03009243,0.65793115
real,00000121_006.png,121,,cardiomegaly_0,-4.88896,0.007472984,0.8337274
real,00000121_007.png,121,,cardiomegaly_0,-5.019657,0.006563428,0.8870375
real,00000148_001.png,148,,cardiomegaly_0,-5.207304,0.0054465905,0.9067673
real,00000148_002.png,148,,cardiomegaly_0,-5.4374065,0.0043319054,0.94141006
real,00000176_001.png,176,,cardiomegaly_0,8.625736,0.99982065,0.9955449
real,00000176_002.png,176,,cardiomegaly_0,9.155874,0.9998944,0.99544233
real,00000200_001.png,200,,cardiomegaly_0,9.614946,0.99993324,0.99409086
real,00000240_000.png,240,,cardiomegaly_0,9.997145,0.99995446,0.9971948
real,00000246_008.png,246,,cardiomegaly_0,-1.417696,0.19502303,0.28979102
real,00000246_012.png,246,,cardiomegaly_0,-3.8169003,0.021522472,0.7494564
real,00000246_013.png,246,,cardiomegaly_0,-2.520485,0.07443453,0.48370513
real,00000284_004.png,284,,cardiomegaly_0,4.8007355,0.9918434,0.87722826
real,00000284_005.png,284,,cardiomegaly_0,9.246622,0.99990356,0.9967747
real,00000337_000.png,337,,cardiomegaly_0,-4.7523193,0.008557784,0.8991957
real,00000404_002.png,404,,cardiomegaly_0,-3.6556358,0.02519392,0.73973787
real,00000457_002.png,457,,cardiomegaly_0,10.014147,0.9999553,0.99768275
real,00000457_003.png,457,,cardiomegaly_0,10.336138,0.9999676,0.9977369
real,00000457_004.png,457,,cardiomegaly_0,9.2570915,0.9999045,0.9948093
real,00000499_002.png,499,,cardiomegaly_0,-5.0773525,0.0061977464,0.8482938
real,00000499_003.png,499,,cardiomegaly_0,-4.6479836,0.00948998,0.8219235
real,00000591_001.png,591,,cardiomegaly_0,-4.027733,0.017502865,0.7617407
real,00000591_002.png,591,,cardiomegaly_0,-1.1620693,0.23829147,0.29531014
real,00000591_004.png,591,,cardiomegaly_0,-3.8155403,0.021551128,0.72775596
real,00000591_005.png,591,,cardiomegaly_0,-3.9539719,0.018817488,0.7543207
real,00000591_006.png,591,,cardiomegaly_0,1.5801907,0.8292315,0.3679779
real,00000591_007.png,591,,cardiomegaly_0,-2.566574,0.071320884,0.43247002
real,00000591_009.png,591,,cardiomegaly_0,-4.9870644,0.006779399,0.88149303
real,00000591_010.png,591,,cardiomegaly_0,-4.4493103,0.011551625,0.8152985
real,00000591_011.png,591,,cardiomegaly_0,-3.4212532,0.031637814,0.63357997
real,00000591_012.png,591,,cardiomegaly_0,-0.5054321,0.37626496,0.22955169
real,00000591_013.png,591,,cardiomegaly_0,-2.3941135,0.08362267,0.42231768
real,00000591_014.png,591,,cardiomegaly_0,-2.1800098,0.10156003,0.4291031
real,00000591_015.png,591,,cardiomegaly_0,-1.8332558,0.13785088,0.37859702
real,00000591_016.png,591,,cardiomegaly_0,-3.0086727,0.047035605,0.5615059
real,00000591_018.png,591,,cardiomegaly_0,-4.053261,0.017069237,0.79123086
real,00000591_019.png,591,,cardiomegaly_0,-2.9195786,0.051194172,0.61610323
real,00000622_000.png,622,,cardiomegaly_0,-5.0190334,0.0065674963,0.7898114
real,00000661_001.png,661,,cardiomegaly_0,10.249647,0.9999646,0.9972175
real,00000661_000.png,661,,cardiomegaly_0,9.9487095,0.9999522,0.9965652
real,00000707_002.png,707,,cardiomegaly_0,-4.3168316,0.013166423,0.70948
real,00000787_002.png,787,,cardiomegaly_0,9.5867405,0.99993134,0.99489397
real,00000848_000.png,848,,cardiomegaly_0,-2.9633331,0.04911012,0.6019636
real,00000869_008.png,869,,cardiomegaly_0,5.3901157,0.99545926,0.94821674
real,00000949_005.png,949,,cardiomegaly_0,-5.710291,0.0033007779,0.92107457
real,00001075_038.png,1075,,cardiomegaly_0,-1.3152542,0.21160898,0.410569
real,00001075_045.png,1075,,cardiomegaly_0,-5.050831,0.0063632596,0.87598854
real,00001075_046.png,1075,,cardiomegaly_0,7.783375,0.99958354,0.9819602
real,00001075_047.png,1075,,cardiomegaly_0,0.29939842,0.57429546,0.2990869
real,00001075_007.png,1075,,cardiomegaly_0,-3.3621845,0.033498425,0.5914753
real,00001075_022.png,1075,,cardiomegaly_0,-3.3184948,0.03494213,0.42439777
real,00001075_033.png,1075,,cardiomegaly_0,10.182077,0.9999622,0.99526244
real,00001096_001.png,1096,,cardiomegaly_0,4.0130405,0.9822427,0.73194426
real,00001104_022.png,1104,,cardiomegaly_0,-4.324085,0.0130725065,0.7742866
real,00001170_006.png,1170,,cardiomegaly_0,-3.3699017,0.033249468,0.590347
real,00001170_020.png,1170,,cardiomegaly_0,-3.6460705,0.025429908,0.61339736
real,00001170_021.png,1170,,cardiomegaly_0,-3.8581467,0.020670783,0.6957472
real,00001170_023.png,1170,,cardiomegaly_0,-3.9855118,0.018243907,0.7577446
real,00001170_030.png,1170,,cardiomegaly_0,-3.8714066,0.020404056,0.7156948
real,00001170_034.png,1170,,cardiomegaly_0,-3.7927895,0.022036128,0.74396235
real,00001170_035.png,1170,,cardiomegaly_0,-2.7269096,0.06140403,0.5290436
real,00001170_036.png,1170,,cardiomegaly_0,-3.6977997,0.024178881,0.7296587
real,00001170_037.png,1170,,cardiomegaly_0,-3.6114883,0.026301177,0.6848194
real,00001170_039.png,1170,,cardiomegaly_0,-4.0224705,0.01759359,0.73287493
real,00001170_040.png,1170,,cardiomegaly_0,-3.5341587,0.028355783,0.6278408
real,00001170_045.png,1170,,cardiomegaly_0,-3.8294716,0.021259313,0.7353679
real,00001170_046.png,1170,,cardiomegaly_0,-4.472746,0.011287074,0.8493743
real,00001170_047.png,1170,,cardiomegaly_0,-4.618023,0.009775786,0.84842247
real,00001187_001.png,1187,,cardiomegaly_0,2.5226326,0.92571324,0.6719285
real,00001248_022.png,1248,,cardiomegaly_0,-3.4391613,0.031093743,0.67513335
real,00001248_023.png,1248,,cardiomegaly_0,-2.9306412,0.05065948,0.54353386
real,00001248_024.png,1248,,cardiomegaly_0,-3.4718037,0.030125238,0.79611546
real,00001248_025.png,1248,,cardiomegaly_0,-4.077667,0.01666454,0.78232837
real,00001248_028.png,1248,,cardiomegaly_0,-4.3237324,0.013077062,0.86424303
real,00001248_036.png,1248,,cardiomegaly_0,-4.902874,0.007370485,0.8686403
real,00001248_038.png,1248,,cardiomegaly_0,-4.644518,0.009522611,0.87766236
real,00001248_000.png,1248,,cardiomegaly_0,-4.6740494,0.0092480695,0.83717436
real,00001248_002.png,1248,,cardiomegaly_0,5.0973377,0.9939241,0.95737064
real,00001248_003.png,1248,,cardiomegaly_0,2.7143936,0.9378707,0.6444636
real,00001248_004.png,1248,,cardiomegaly_0,-0.38949394,0.40383914,0.38220975
real,00001248_016.png,1248,,cardiomegaly_0,0.9932499,0.72972935,0.3418802
real,00001248_017.png,1248,,cardiomegaly_0,-1.690815,0.15566869,0.38554865
real,00001309_002.png,1309,,cardiomegaly_0,-5.10454,0.006032519,0.87635726
real,00001458_001.png,1458,,cardiomegaly_0,-4.830307,0.007920829,0.86461556
real,00001470_006.png,1470,,cardiomegaly_0,-4.3615513,0.01259785,0.8165523
real,00001470_007.png,1470,,cardiomegaly_0,-4.3264694,0.013041782,0.7791149
real,00001775_001.png,1775,,cardiomegaly_0,-2.5458336,0.07270689,0.33844277
real,00001775_002.png,1775,,cardiomegaly_0,-2.5523682,0.07226755,0.39444363
real,00001775_004.png,1775,,cardiomegaly_0,-1.115057,0.24692933,0.21105981
real,00001775_005.png,1775,,cardiomegaly_0,-0.6571045,0.34139034,0.23834306
real,00001782_000.png,1782,,cardiomegaly_0,-4.3035183,0.013340528,0.8134689
real,00001784_000.png,1784,,cardiomegaly_0,7.2780075,0.9993099,0.9832413
real,00001974_000.png,1974,,cardiomegaly_0,-3.9676895,0.018565878,0.834899
real,00001974_003.png,1974,,cardiomegaly_0,-5.3142586,0.004896829,0.8980377
real,00001989_011.png,1989,,cardiomegaly_0,2.1806107,0.8984948,0.46526253
real,00002046_003.png,2046,,cardiomegaly_0,-2.9710178,0.0487525,0.6320312
real,00002083_000.png,2083,,cardiomegaly_0,10.157171,0.99996126,0.99581414
real,00002120_005.png,2120,,cardiomegaly_0,-3.229313,0.038077407,0.49167934
real,00002239_002.png,2239,,cardiomegaly_0,-4.6404133,0.009561404,0.8624572
real,00002239_005.png,2239,,cardiomegaly_0,-4.992441,0.00674329,0.92385983
real,00002239_006.png,2239,,cardiomegaly_0,-4.4076023,0.012037686,0.8875836
real,00002239_007.png,2239,,cardiomegaly_0,-4.300373,0.013381992,0.80718005
real,00002239_008.png,2239,,cardiomegaly_0,-6.0801773,0.002282549,0.9649237
real,00002239_009.png,2239,,cardiomegaly_0,-6.453642,0.0015723004,0.9733871
real,00002299_007.png,2299,,cardiomegaly_0,-5.5607166,0.0038312841,0.9021228
real,00002299_010.png,2299,,cardiomegaly_0,-5.72579,0.0032501782,0.9346092
real,00002299_001.png,2299,,cardiomegaly_0,-5.8397255,0.0029011997,0.9378706
real,00002299_002.png,2299,,cardiomegaly_0,-5.4312897,0.004358368,0.88318515
real,00002300_000.png,2300,,cardiomegaly_0,-3.711813,0.023850445,0.6302582
real,00002339_007.png,2339,,cardiomegaly_0,1.703659,0.84601206,0.29944283
real,00002355_004.png,2355,,cardiomegaly_0,-6.0345535,0.002388845,0.9399786
real,00002355_006.png,2355,,cardiomegaly_0,-6.0745335,0.002295438,0.9379917
real,00002355_002.png,2355,,cardiomegaly_0,-5.861334,0.0028393583,0.93058133
real,00002424_013.png,2424,,cardiomegaly_0,-5.3840065,0.0045684315,0.90131396
real,00002490_000.png,2490,,cardiomegaly_0,-6.174757,0.0020769888,0.9709299
real,00002492_016.png,2492,,cardiomegaly_0,6.941818,0.9990344,0.98843694
real,00002492_002.png,2492,,cardiomegaly_0,-3.269495,0.036632642,0.5649149
real,00002492_003.png,2492,,cardiomegaly_0,-5.3886127,0.0045475317,0.911369
real,00002533_004.png,2533,,cardiomegaly_0,0.8508663,0.7007488,0.29610848
real,00002533_005.png,2533,,cardiomegaly_0,2.7739735,0.9412531,0.5662209
real,00002552_001.png,2552,,cardiomegaly_0,10.305689,0.9999665,0.9960209
real,00002585_000.png,2585,,cardiomegaly_0,-4.0171432,0.017685903,0.8347714
real,00002585_003.png,2585,,cardiomegaly_0,-4.4327126,0.011742685,0.88853663
real,00002599_001.png,2599,,cardiomegaly_0,-2.5679264,0.071231365,0.4362067
real,00002609_000.png,2609,,cardiomegaly_0,-5.0313015,0.006487938,0.9071405
real,00002685_002.png,2685,,cardiomegaly_0,-4.782469,0.008305733,0.8023816
real,00002686_001.png,2686,,cardiomegaly_0,3.6629658,0.9749854,0.819218
real,00002825_007.png,2825,,cardiomegaly_0,-6.202175,0.0020209288,0.9620935
real,00002825_008.png,2825,,cardiomegaly_0,-6.0872803,0.0022664303,0.96116275
real,00002825_011.png,2825,,cardiomegaly_0,-5.753359,0.0031620779,0.9337754
real,00002924_001.png,2924,,cardiomegaly_0,-2.163206,0.10310359,0.47942248
real,00003013_011.png,3013,,cardiomegaly_0,-4.803358,0.00813543,0.8213749
real,00003013_013.png,3013,,cardiomegaly_0,-4.9201355,0.007245265,0.8712502
real,00003013_014.png,3013,,cardiomegaly_0,-5.1396103,0.005825834,0.89763474
real,00003015_000.png,3015,,cardiomegaly_0,9.610401,0.999933,0.9948284
real,00003064_003.png,3064,,cardiomegaly_0,-5.999855,0.0024729809,0.96494704
real,00003064_005.png,3064,,cardiomegaly_0,-6.0348167,0.002388218,0.94271755
real,00003064_006.png,3064,,cardiomegaly_0,-6.3534985,0.0017376222,0.9603274
real,00003064_007.png,3064,,cardiomegaly_0,5.7851486,0.99693656,0.92288864
real,00003064_035.png,3064,,cardiomegaly_0,-5.295742,0.004987889,0.90250105
real,00003064_037.png,3064,,cardiomegaly_0,-5.8864307,0.0027691808,0.9090484
real,00003064_038.png,3064,,cardiomegaly_0,-1.9644032,0.122991316,0.4234402
real,00003064_039.png,3064,,cardiomegaly_0,-1.6422443,0.1621599,0.3810238
real,00003064_043.png,3064,,cardiomegaly_0,-5.7758656,0.0030919223,0.9397135
real,00003064_048.png,3064,,cardiomegaly_0,-5.716934,0.003278994,0.94881046
real,00003064_050.png,3064,,cardiomegaly_0,-6.2308464,0.0019639211,0.96923757
real,00003064_052.png,3064,,cardiomegaly_0,-6.2465305,0.0019334179,0.96836716
real,00003362_006.png,3362,,cardiomegaly_0,-3.3986607,0.03233735,0.6005825
real,00003423_002.png,3423,,cardiomegaly_0,-0.7587204,0.31892416,0.4398001
real,00003423_003.png,3423,,cardiomegaly_0,-3.3942032,0.03247712,0.64214
real,00003423_005.png,3423,,cardiomegaly_0,-4.4904995,0.011090659,0.80844665
real,00003423_011.png,3423,,cardiomegaly_0,-1.6593056,0.15985523,0.28794232
real,00003423_015.png,3423,,cardiomegaly_0,3.8674583,0.97951686,0.77989185
real,00003423_021.png,3423,,cardiomegaly_0,-1.3468361,0.2063881,0.46287167
real,00003428_000.png,3428,,cardiomegaly_0,-3.8284645,0.021280278,0.74008363
real,00003439_002.png,3439,,cardiomegaly_0,-5.791456,0.0030442367,0.9660443
real,00003439_003.png,3439,,cardiomegaly_0,-5.641197,0.0035360693,0.94712317
real,00003570_002.png,3570,,cardiomegaly_0,8.733719,0.99983895,0.9893897
real,00003570_004.png,3570,,cardiomegaly_0,-6.0480537,0.0023568873,0.9552087
real,00003611_002.png,3611,,cardiomegaly_0,-4.8822594,0.0075228466,0.891363
real,00003611_004.png,3611,,cardiomegaly_0,-4.3588276,0.012631774,0.8425966
real,00003611_005.png,3611,,cardiomegaly_0,-4.5301075,0.010664559,0.8250952
real,00003611_006.png,3611,,cardiomegaly_0,-4.3484726,0.01276158,0.84379363
real,00003706_001.png,3706,,cardiomegaly_0,4.003008,0.98206687,0.7520788
real,00003737_000.png,3737,,cardiomegaly_0,-1.6340504,0.16327626,0.289223
real,00003737_001.png,3737,,cardiomegaly_0,-4.2904835,0.0135131935,0.84056103
real,00003789_009.png,3789,,cardiomegaly_0,9.692234,0.99993825,0.9959838
real,00003856_003.png,3856,,cardiomegaly_0,-3.23316,0.037936747,0.5771538
real,00003916_001.png,3916,,cardiomegaly_0,5.388054,0.99544996,0.89447457
real,00003916_002.png,3916,,cardiomegaly_0,-3.454134,0.030645816,0.65135473
real,00003937_000.png,3937,,cardiomegaly_0,-6.1620255,0.002103545,0.97315603
real,00003996_020.png,3996,,cardiomegaly_0,-4.3220215,0.013099158,0.7222962
real,00004003_000.png,4003,,cardiomegaly_0,-5.635256,0.0035570662,0.94541055
real,00004080_000.png,4080,,cardiomegaly_0,-4.7339993,0.008714629,0.8822511
real,00004080_001.png,4080,,cardiomegaly_0,-4.172291,0.015182831,0.8002281
real,00004081_000.png,4081,,cardiomegaly_0,-4.389559,0.012254174,0.7635206
real,00004220_000.png,4220,,cardiomegaly_0,-6.058569,0.0023322916,0.96554154
real,00004233_000.png,4233,,cardiomegaly_0,2.0484066,0.8857865,0.4493957
real,00004263_000.png,4263,,cardiomegaly_0,-1.0795231,0.25359628,0.3208895
real,00004344_013.png,4344,,cardiomegaly_0,10.291506,0.999966,0.9981813
real,00004344_014.png,4344,,cardiomegaly_0,9.916773,0.99995065,0.9974495
real,00004344_046.png,4344,,cardiomegaly_0,10.25429,0.99996483,0.9976889
real,00004344_047.png,4344,,cardiomegaly_0,10.115126,0.9999596,0.9974712
real,00004404_008.png,4404,,cardiomegaly_0,9.379705,0.9999156,0.99531287
real,00004511_000.png,4511,,cardiomegaly_0,8.367752,0.99976784,0.9858271
real,00004547_020.png,4547,,cardiomegaly_0,-4.6589355,0.009387582,0.8369282
real,00004583_000.png,4583,,cardiomegaly_0,-0.9454899,0.27979276,0.3515912
real,00004608_008.png,4608,,cardiomegaly_0,-1.0571556,0.2578534,0.2784369
real,00004608_009.png,4608,,cardiomegaly_0,6.7979126,0.9988851,0.9565
real,00004608_011.png,4608,,cardiomegaly_0,2.6137428,0.9317408,0.6063648
real,00004646_002.png,4646,,cardiomegaly_0,-4.2750645,0.013720287,0.7723556
real,00004750_004.png,4750,,cardiomegaly_0,-1.4460068,0.19061689,0.46555367
real,00004750_006.png,4750,,cardiomegaly_0,-3.5970345,0.02667388,0.79751134
real,00004833_014.png,4833,,cardiomegaly_0,-4.317667,0.013155572,0.858509
real,00004862_000.png,4862,,cardiomegaly_0,-2.77277,0.0588135,0.6251393
real,00004909_006.png,4909,,cardiomegaly_0,7.8257275,0.9996008,0.99327123
real,00004909_007.png,4909,,cardiomegaly_0,7.05319,0.99913615,0.9857692
real,00004976_000.png,4976,,cardiomegaly_0,5.6990795,0.99666214,0.9508603
real,00005038_000.png,5038,,cardiomegaly_0,7.389904,0.99938285,0.97340715
real,00005101_002.png,5101,,cardiomegaly_0,-6.2514935,0.001923865,0.96972644
real,00005108_000.png,5108,,cardiomegaly_0,-0.56785774,0.3617313,0.26616454
real,00005110_009.png,5110,,cardiomegaly_0,-5.537121,0.0039224024,0.92923933
real,00005395_006.png,5395,,cardiomegaly_0,-4.038906,0.017311757,0.71745616
real,00005395_007.png,5395,,cardiomegaly_0,-3.2374763,0.037779525,0.5947313
real,00005395_010.png,5395,,cardiomegaly_0,-5.190773,0.005536874,0.8820515
real,00005395_011.png,5395,,cardiomegaly_0,-2.2419338,0.096047506,0.352538
real,00005401_000.png,5401,,cardiomegaly_0,-4.466503,0.0113569535,0.7749531
real,00005410_002.png,5410,,cardiomegaly_0,-2.6390877,0.06666478,0.5079786
real,00005520_007.png,5520,,cardiomegaly_0,-6.1311626,0.0021693355,0.9561548
real,00005532_031.png,5532,,cardiomegaly_0,6.612137,0.9986578,0.9312932
real,00005532_037.png,5532,,cardiomegaly_0,4.3948097,0.9878092,0.814385
real,00005532_042.png,5532,,cardiomegaly_0,8.866327,0.999859,0.9930046
real,00005532_043.png,5532,,cardiomegaly_0,7.5170765,0.9994566,0.9826536
real,00005532_000.png,5532,,cardiomegaly_0,3.5731506,0.97269905,0.6210801
real,00005532_004.png,5532,,cardiomegaly_0,9.935545,0.9999516,0.9965128
real,00005532_005.png,5532,,cardiomegaly_0,7.425806,0.99940467,0.975405
real,00005532_007.png,5532,,cardiomegaly_0,10.014463,0.9999553,0.99585384
real,00005532_008.png,5532,,cardiomegaly_0,6.835455,0.9989261,0.9588221
real,00005532_010.png,5532,,cardiomegaly_0,1.002264,0.7315034,0.18200837
real,00005532_011.png,5532,,cardiomegaly_0,1.2925034,0.78457063,0.22464567
real,00005532_012.png,5532,,cardiomegaly_0,-1.3563995,0.2048261,0.26868
real,00005532_013.png,5532,,cardiomegaly_0,8.306261,0.99975306,0.9919617
real,00005532_014.png,5532,,cardiomegaly_0,9.662676,0.99993634,0.99670625
real,00005532_016.png,5532,,cardiomegaly_0,9.67864,0.9999374,0.99533355
real,00005532_018.png,5532,,cardiomegaly_0,6.8729134,0.9989656,0.97252256
real,00005532_019.png,5532,,cardiomegaly_0,8.074926,0.99968886,0.991415
real,00005556_000.png,5556,,cardiomegaly_0,5.677803,0.9965906,0.9477097
real,00005556_008.png,5556,,cardiomegaly_0,-4.987173,0.006778667,0.8618982
real,00005579_002.png,5579,,cardiomegaly_0,1.3874302,0.8001817,0.31506702
real,00005626_002.png,5626,,cardiomegaly_0,-4.7588406,0.008502631,0.8847969
real,00005641_003.png,5641,,cardiomegaly_0,9.275118,0.9999063,0.9941573
real,00005641_006.png,5641,,cardiomegaly_0,10.178116,0.999962,0.9964631
real,00005641_012.png,5641,,cardiomegaly_0,9.426029,0.9999194,0.9970127
real,00005666_004.png,5666,,cardiomegaly_0,8.096804,0.99969566,0.9903016
real,00005666_010.png,5666,,cardiomegaly_0,7.9196205,0.99963653,0.9928106
real,00005666_011.png,5666,,cardiomegaly_0,8.219244,0.99973065,0.99256617
real,00005666_012.png,5666,,cardiomegaly_0,7.9978313,0.99966395,0.98935384
real,00005666_013.png,5666,,cardiomegaly_0,8.443605,0.99978477,0.98989606
real,00005666_018.png,5666,,cardiomegaly_0,8.230619,0.99973375,0.99195755
real,00005666_019.png,5666,,cardiomegaly_0,8.301117,0.99975187,0.99058837
real,00005766_004.png,5766,,cardiomegaly_0,-4.7820683,0.008309033,0.85791385
real,00005869_001.png,5869,,cardiomegaly_0,8.702465,0.9998338,0.9941813
real,00005895_003.png,5895,,cardiomegaly_0,-2.294199,0.09160454,0.34806475
real,00005895_005.png,5895,,cardiomegaly_0,2.2764683,0.9069093,0.56854385
real,00005895_007.png,5895,,cardiomegaly_0,6.6922913,0.99876106,0.9905715
real,00005895_009.png,5895,,cardiomegaly_0,7.786066,0.99958473,0.9940748
real,00005895_013.png,5895,,cardiomegaly_0,8.48612,0.9997937,0.9975519
real,00005895_023.png,5895,,cardiomegaly_0,6.321768,0.9982065,0.98475266
real,00005920_003.png,5920,,cardiomegaly_0,7.8737106,0.9996195,0.99223965
real,00006166_000.png,6166,,cardiomegaly_0,7.261801,0.9992987,0.96693206
real,00006298_003.png,6298,,cardiomegaly_0,-4.1672707,0.015258075,0.7445529
real,00006298_004.png,6298,,cardiomegaly_0,-5.0135365,0.006603458,0.83928096
real,00006298_005.png,6298,,cardiomegaly_0,-5.0667305,0.0062635154,0.8662652
real,00006359_000.png,6359,,cardiomegaly_0,6.9162865,0.9990095,0.97443795
real,00006368_000.png,6368,,cardiomegaly_0,-6.5614357,0.0014118582,0.98436475
real,00006436_012.png,6436,,cardiomegaly_0,-3.7901154,0.022093829,0.6512398
real,00006483_000.png,6483,,cardiomegaly_0,-5.6767025,0.0034131438,0.93868166
real,00006537_000.png,6537,,cardiomegaly_0,-4.6639366,0.00934119,0.8646351
real,00006626_000.png,6626,,cardiomegaly_0,-4.612776,0.00982671,0.84523594
real,00006626_006.png,6626,,cardiomegaly_0,-5.6233788,0.003599412,0.9238166
real,00006683_002.png,6683,,cardiomegaly_0,-4.2149982,0.014557302,0.80966944
real,00006683_003.png,6683,,cardiomegaly_0,-5.4766293,0.004165979,0.9318723
real,00006683_004.png,6683,,cardiomegaly_0,-5.1013985,0.006051385,0.9055671
real,00006683_005.png,6683,,cardiomegaly_0,-5.3680077,0.0046417667,0.9259866
real,00006683_006.png,6683,,cardiomegaly_0,-3.1625538,0.040599465,0.5264263
real,00006694_002.png,6694,,cardiomegaly_0,-5.6070423,0.0036584798,0.94346863
real,00006694_003.png,6694,,cardiomegaly_0,-5.9703426,0.0025468634,0.9558185
real,00006774_001.png,6774,,cardiomegaly_0,-4.7800827,0.00832541,0.85546833
real,00006791_006.png,6791,,cardiomegaly_0,-4.9818573,0.00681455,0.8694097
real,00006832_005.png,6832,,cardiomegaly_0,-5.0604935,0.006302456,0.9294081
real,00006850_027.png,6850,,cardiomegaly_0,-5.4546566,0.004258136,0.90746003
real,00006850_028.png,6850,,cardiomegaly_0,-6.01248,0.0024420319,0.9576862
real,00006851_022.png,6851,,cardiomegaly_0,8.422625,0.99978024,0.9972315
real,00006851_023.png,6851,,cardiomegaly_0,5.538908,0.9960846,0.97295344
real,00006851_024.png,6851,,cardiomegaly_0,-2.3285809,0.088783406,0.45663887
real,00006851_009.png,6851,,cardiomegaly_0,2.5433407,0.92712486,0.6605178
real,00006851_010.png,6851,,cardiomegaly_0,0.6306381,0.65263414,0.27607906
real,00006890_003.png,6890,,cardiomegaly_0,9.0776005,0.9998858,0.9962823
real,00006936_001.png,6936,,cardiomegaly_0,-4.7758007,0.008360838,0.8966909
real,00006964_011.png,6964,,cardiomegaly_0,-5.2699776,0.0051174033,0.89061534
real,00006981_001.png,6981,,cardiomegaly_0,-5.3679905,0.004641846,0.9154457
real,00006981_002.png,6981,,cardiomegaly_0,-6.0883827,0.0022639388,0.97099143
real,00006981_009.png,6981,,cardiomegaly_0,-5.644636,0.0035239726,0.92330366
real,00006981_010.png,6981,,cardiomegaly_0,-3.438366,0.031117711,0.56448555
real,00006981_011.png,6981,,cardiomegaly_0,-5.716343,0.0032809272,0.94743884
real,00006981_014.png,6981,,cardiomegaly_0,-5.5347366,0.0039317287,0.9457316
real,00006981_016.png,6981,,cardiomegaly_0,-5.6784687,0.0034071417,0.9493796
real,00006996_002.png,6996,,cardiomegaly_0,-5.0721664,0.0062297713,0.85701627
real,00007033_001.png,7033,,cardiomegaly_0,-4.929367,0.0071791653,0.885619
real,00007033_002.png,7033,,cardiomegaly_0,-5.759199,0.003143722,0.9640728
real,00007033_004.png,7033,,cardiomegaly_0,-4.9154816,0.0072788163,0.90643895
real,00007109_018.png,7109,,cardiomegaly_0,-2.4052048,0.08277666,0.3553591
real,00007156_000.png,7156,,cardiomegaly_0,-3.9021072,0.019799368,0.6503218
real,00007156_001.png,7156,,cardiomegaly_0,-3.2487335,0.03737242,0.6016644
real,00007340_014.png,7340,,cardiomegaly_0,-5.607439,0.0036570344,0.95899165
real,00007405_014.png,7405,,cardiomegaly_0,-3.9324913,0.01921822,0.76478463
real,00007482_009.png,7482,,cardiomegaly_0,-5.1087456,0.0060073533,0.93000466
real,00007482_015.png,7482,,cardiomegaly_0,1.4039993,0.80281776,0.45509925
real,00007482_023.png,7482,,cardiomegaly_0,-6.219736,0.0019858188,0.9663474
real,00007482_026.png,7482,,cardiomegaly_0,-5.7482815,0.0031781225,0.9505309
real,00007519_003.png,7519,,cardiomegaly_0,5.977974,0.99747247,0.97425145
real,00007519_004.png,7519,,cardiomegaly_0,-6.055496,0.0023394525,0.94899327
real,00007551_021.png,7551,,cardiomegaly_0,9.4895,0.9999243,0.99488336
real,00007652_000.png,7652,,cardiomegaly_0,2.524746,0.92585856,0.34537292
real,00007679_000.png,7679,,cardiomegaly_0,6.265629,0.998103,0.9718964
real,00007679_001.png,7679,,cardiomegaly_0,3.6804543,0.97540843,0.77668655
real,00007679_003.png,7679,,cardiomegaly_0,5.8130245,0.99702054,0.95162034
real,00007679_004.png,7679,,cardiomegaly_0,7.1108,0.9991844,0.9847538
real,00007679_005.png,7679,,cardiomegaly_0,4.795578,0.99180156,0.9045634
real,00007718_000.png,7718,,cardiomegaly_0,-3.5453682,0.02804857,0.7140672
real,00007718_001.png,7718,,cardiomegaly_0,-5.1258736,0.005905938,0.9117822
real,00007718_005.png,7718,,cardiomegaly_0,4.627302,0.99031365,0.8816112
real,00007718_006.png,7718,,cardiomegaly_0,-4.00049,0.017977554,0.7417407
real,00007718_007.png,7718,,cardiomegaly_0,-6.3208656,0.0017951577,0.97319
real,00007718_009.png,7718,,cardiomegaly_0,-6.235119,0.0019555646,0.97124857
real,00007718_010.png,7718,,cardiomegaly_0,-4.7710075,0.008400671,0.87080055
real,00007740_000.png,7740,,cardiomegaly_0,5.2299767,0.9946748,0.9637483
real,00007769_002.png,7769,,cardiomegaly_0,-1.9810944,0.12120223,0.35323966
real,00007772_000.png,7772,,cardiomegaly_0,-5.0928917,0.006102766,0.92923206
real,00007833_000.png,7833,,cardiomegaly_0,1.6125603,0.8337666,0.6075606
real,00007833_001.png,7833,,cardiomegaly_0,-6.4432793,0.0015886525,0.97950685
real,00007833_002.png,7833,,cardiomegaly_0,8.652187,0.9998253,0.9905545
real,00007833_003.png,7833,,cardiomegaly_0,6.9781876,0.9990689,0.98175347
real,00007848_001.png,7848,,cardiomegaly_0,-4.8074093,0.0081028035,0.89327854
real,00007848_004.png,7848,,cardiomegaly_0,-1.0795231,0.25359628,0.36644942
real,00007848_005.png,7848,,cardiomegaly_0,-3.5513725,0.027885346,0.6741944
real,00007848_006.png,7848,,cardiomegaly_0,-3.9715366,0.018495908,0.77031106
real,00007865_001.png,7865,,cardiomegaly_0,-3.7533321,0.022902684,0.736357
real,00007865_003.png,7865,,cardiomegaly_0,-3.3675156,0.033326253,0.5691842
real,00007865_005.png,7865,,cardiomegaly_0,-0.7584648,0.31897965,0.24635468
real,00007869_004.png,7869,,cardiomegaly_0,-0.49834824,0.37792894,0.43571255
real,00007882_000.png,7882,,cardiomegaly_0,-1.7477436,0.14833201,0.41738454
real,00007882_001.png,7882,,cardiomegaly_0,-1.4526443,0.18959492,0.39546502
real,00007908_000.png,7908,,cardiomegaly_0,8.97884,0.999874,0.9962519
real,00007989_000.png,7989,,cardiomegaly_0,3.2393322,0.9622879,0.68419755
real,00007989_001.png,7989,,cardiomegaly_0,8.685444,0.99983096,0.991829
real,00007989_002.png,7989,,cardiomegaly_0,9.293308,0.999908,0.9949656
real,00008013_003.png,8013,,cardiomegaly_0,-3.843233,0.020974852,0.67992115
real,00008013_006.png,8013,,cardiomegaly_0,-4.3833485,0.012329573,0.69133747
real,00008037_000.png,8037,,cardiomegaly_0,-5.349531,0.004727918,0.907755
real,00008037_001.png,8037,,cardiomegaly_0,-3.6203766,0.02607451,0.70009637
real,00008037_002.png,8037,,cardiomegaly_0,-4.6904316,0.009099167,0.88649815
real,00008103_000.png,8103,,cardiomegaly_0,4.5870247,0.98991954,0.93698984
real,00008112_000.png,8112,,cardiomegaly_0,6.3783264,0.99830484,0.9677371
real,00008147_013.png,8147,,cardiomegaly_0,-4.194351,0.014856481,0.8192796
real,00008184_007.png,8184,,cardiomegaly_0,-5.997267,0.002479374,0.95651025
real,00008185_003.png,8185,,cardiomegaly_0,-1.8608551,0.13460341,0.35880843
real,00008185_005.png,8185,,cardiomegaly_0,-4.2710896,0.01377418,0.7841208
real,00008191_001.png,8191,,cardiomegaly_0,-5.1045856,0.006032244,0.8241413
real,00008195_000.png,8195,,cardiomegaly_0,-5.6501293,0.0035047357,0.9588615
real,00008339_000.png,8339,,cardiomegaly_0,9.222374,0.9999012,0.996746
real,00008339_003.png,8339,,cardiomegaly_0,6.932846,0.9990257,0.98770624
real,00008339_005.png,8339,,cardiomegaly_0,8.721315,0.9998369,0.994437
real,00008339_010.png,8339,,cardiomegaly_0,9.34556,0.9999126,0.9928394
real,00008342_012.png,8342,,cardiomegaly_0,-3.377861,0.032994572,0.6236663
real,00008342_015.png,8342,,cardiomegaly_0,-2.1455746,0.10474549,0.4159596
real,00008342_016.png,8342,,cardiomegaly_0,-3.2506237,0.03730448,0.6101015
real,00008342_025.png,8342,,cardiomegaly_0,-5.2573357,0.0051821703,0.9027707
real,00008404_000.png,8404,,cardiomegaly_0,-1.8540401,0.13539924,0.4148646
real,00008465_004.png,8465,,cardiomegaly_0,-4.856859,0.0077148825,0.8040999
real,00008465_006.png,8465,,cardiomegaly_0,-5.810463,0.0029870933,0.9246499
real,00008471_000.png,8471,,cardiomegaly_0,-4.6736374,0.009251844,0.9075941
real,00008477_001.png,8477,,cardiomegaly_0,-4.811594,0.00806924,0.83851516
real,00008477_005.png,8477,,cardiomegaly_0,-3.32967,0.03456724,0.6901561
real,00008477_006.png,8477,,cardiomegaly_0,-2.750021,0.060085468,0.6326319
real,00008477_007.png,8477,,cardiomegaly_0,-4.551401,0.010442219,0.8479912
real,00008489_025.png,8489,,cardiomegaly_0,-5.794506,0.0030349947,0.95012903
real,00008637_000.png,8637,,cardiomegaly_0,2.094368,0.8903546,0.44203287
real,00008637_001.png,8637,,cardiomegaly_0,-6.068823,0.0023085536,0.95447856
real,00008738_000.png,8738,,cardiomegaly_0,3.7403965,0.97680604,0.6626421
real,00008802_005.png,8802,,cardiomegaly_0,-3.5087547,0.029064154,0.62549925
real,00008806_014.png,8806,,cardiomegaly_0,-1.603962,0.16742861,0.29475066
real,00008827_000.png,8827,,cardiomegaly_0,2.4375572,0.9196468,0.6080507
real,00008866_004.png,8866,,cardiomegaly_0,-3.6668072,0.024921011,0.7654273
real,00008898_000.png,8898,,cardiomegaly_0,9.973965,0.9999534,0.9945308
real,00008970_002.png,8970,,cardiomegaly_0,-5.6195316,0.0036132364,0.9268233
real,00009034_004.png,9034,,cardiomegaly_0,2.1280918,0.8936037,0.4450005
real,00009105_007.png,9105,,cardiomegaly_0,-5.806679,0.0029983844,0.93916774
real,00009141_000.png,9141,,cardiomegaly_0,-2.699936,0.062977135,0.49752244
real,00009163_000.png,9163,,cardiomegaly_0,-4.7168846,0.008863727,0.83048385
real,00009163_001.png,9163,,cardiomegaly_0,-4.374403,0.012438983,0.82062507
real,00009174_000.png,9174,,cardiomegaly_0,7.986889,0.99966025,0.98780775
real,00009185_006.png,9185,,cardiomegaly_0,7.508169,0.9994517,0.9909058
real,00009189_002.png,9189,,cardiomegaly_0,-4.466379,0.011358345,0.852213
real,00009189_004.png,9189,,cardiomegaly_0,-2.4738846,0.07770937,0.50711286
real,00009189_005.png,9189,,cardiomegaly_0,-2.8430538,0.05504149,0.47894534
real,00009189_006.png,9189,,cardiomegaly_0,-3.9299755,0.019265695,0.7696822
real,00009229_000.png,9229,,cardiomegaly_0,8.522997,0.9998012,0.9902217
real,00009286_003.png,9286,,cardiomegaly_0,0.35887718,0.5887686,0.31552437
real,00009326_000.png,9326,,cardiomegaly_0,-5.9770584,0.0025298595,0.9461304
real,00009326_001.png,9326,,cardiomegaly_0,-5.802719,0.0030102446,0.93433213
real,00009349_001.png,9349,,cardiomegaly_0,-1.6939487,0.15525725,0.48541567
real,00009349_012.png,9349,,cardiomegaly_0,-3.0800762,0.043936614,0.70877033
real,00009349_014.png,9349,,cardiomegaly_0,-3.3948135,0.032457948,0.5974955
real,00009349_015.png,9349,,cardiomegaly_0,-2.1035385,0.108753376,0.43475297
real,00009349_016.png,9349,,cardiomegaly_0,-3.0363102,0.045812193,0.617558
real,00009349_019.png,9349,,cardiomegaly_0,-3.0967598,0.043241106,0.65199983
real,00009349_020.png,9349,,cardiomegaly_0,-3.335703,0.034366474,0.7011471
real,00009349_021.png,9349,,cardiomegaly_0,-3.3279152,0.03462585,0.67425317
real,00009349_024.png,9349,,cardiomegaly_0,-3.1119366,0.04261756,0.6303751
real,00009349_025.png,9349,,cardiomegaly_0,-3.151125,0.041046973,0.6491011
real,00009349_026.png,9349,,cardiomegaly_0,-3.6334858,0.025743667,0.7073606
real,00009349_027.png,9349,,cardiomegaly_0,-3.6692429,0.024861893,0.7222565
real,00009349_028.png,9349,,cardiomegaly_0,-4.0395775,0.017300338,0.7344193
real,00009349_029.png,9349,,cardiomegaly_0,-4.1685543,0.0152388,0.8115897
real,00009373_000.png,9373,,cardiomegaly_0,-3.54241,0.02812933,0.7029862
real,00009373_001.png,9373,,cardiomegaly_0,-4.7897835,0.0082457,0.8677307
real,00009378_005.png,9378,,cardiomegaly_0,-6.2723083,0.0018843085,0.9670931
real,00009378_010.png,9378,,cardiomegaly_0,-4.4440346,0.01161202,0.7581608
real,00009378_013.png,9378,,cardiomegaly_0,-5.1748753,0.005625102,0.906733
real,00009378_014.png,9378,,cardiomegaly_0,0.34605408,0.5856604,0.18685386
real,00009378_016.png,9378,,cardiomegaly_0,5.925188,0.99733573,0.9584724
real,00009457_003.png,9457,,cardiomegaly_0,-4.3367615,0.012909969,0.76763374
real,00009457_004.png,9457,,cardiomegaly_0,6.445509,0.9984149,0.9755649
real,00009516_003.png,9516,,cardiomegaly_0,-0.2099762,0.44769797,0.36930588
real,00009571_001.png,9571,,cardiomegaly_0,-5.186455,0.0055607017,0.9110423
real,00009571_002.png,9571,,cardiomegaly_0,-5.2938595,0.0049972413,0.93959886
real,00009571_003.png,9571,,cardiomegaly_0,-5.6256523,0.0035912676,0.9515681
real,00009571_004.png,9571,,cardiomegaly_0,-5.5983047,0.003690468,0.95301676
real,00009641_011.png,9641,,cardiomegaly_0,6.9490128,0.99904126,0.9883731
real,00009665_004.png,9665,,cardiomegaly_0,-5.1276913,0.0058952756,0.903225
real,00009665_005.png,9665,,cardiomegaly_0,-5.555191,0.003852431,0.8989761
real,00009709_010.png,9709,,cardiomegaly_0,-5.7684746,0.0031147876,0.93689287
real,00009709_011.png,9709,,cardiomegaly_0,-6.2461014,0.0019342465,0.9649681
real,00009812_000.png,9812,,cardiomegaly_0,-4.7135715,0.008892882,0.83411926
real,00009908_001.png,9908,,cardiomegaly_0,-4.2360516,0.014258351,0.7923399
real,00009908_002.png,9908,,cardiomegaly_0,-5.4413795,0.0043148026,0.92020476
real,00009932_008.png,9932,,cardiomegaly_0,3.8100624,0.97833306,0.73459935
real,00009934_007.png,9934,,cardiomegaly_0,5.5924206,0.9962878,0.9605135
real,00009934_008.png,9934,,cardiomegaly_0,6.5002804,0.9984993,0.98404604
real,00009934_009.png,9934,,cardiomegaly_0,8.633707,0.9998221,0.99555546
real,00010071_003.png,10071,,cardiomegaly_0,-4.183752,0.015012407,0.8097817
real,00010071_004.png,10071,,cardiomegaly_0,-4.5049076,0.010933744,0.8202333
real,00010071_007.png,10071,,cardiomegaly_0,-4.4727993,0.011286478,0.8572304
real,00010071_008.png,10071,,cardiomegaly_0,-4.22653,0.014392796,0.7966234
real,00010071_010.png,10071,,cardiomegaly_0,-4.7441807,0.008627115,0.8750414
real,00010071_011.png,10071,,cardiomegaly_0,-5.104044,0.0060354928,0.9078399
real,00010071_012.png,10071,,cardiomegaly_0,-4.5420647,0.010539135,0.8293207
real,00010120_021.png,10120,,cardiomegaly_0,-4.9465523,0.0070577073,0.9000444
real,00010131_007.png,10131,,cardiomegaly_0,-5.082632,0.006165313,0.86136657
real,00010177_000.png,10177,,cardiomegaly_0,8.654879,0.9998258,0.9879705
real,00010275_000.png,10275,,cardiomegaly_0,-3.8153534,0.021555072,0.7425808
real,00010279_003.png,10279,,cardiomegaly_0,7.319351,0.99933785,0.99009174
real,00010279_004.png,10279,,cardiomegaly_0,2.1626472,0.8968447,0.44636005
real,00010279_005.png,10279,,cardiomegaly_0,3.1157227,0.95753664,0.61143696
real,00010335_001.png,10335,,cardiomegaly_0,-3.6314163,0.025795622,0.7648769
real,00010335_002.png,10335,,cardiomegaly_0,-4.407757,0.012035849,0.83765
real,00010335_003.png,10335,,cardiomegaly_0,-3.7706356,0.022518644,0.712025
real,00010335_005.png,10335,,cardiomegaly_0,-3.5587788,0.027685277,0.66521883
real,00010354_002.png,10354,,cardiomegaly_0,2.5487652,0.9274905,0.48540086
real,00010427_009.png,10427,,cardiomegaly_0,-5.429514,0.0043660803,0.92116535
real,00010443_001.png,10443,,cardiomegaly_0,-5.909998,0.0027048562,0.93600065
real,00010465_004.png,10465,,cardiomegaly_0,-4.503128,0.0109530045,0.8744326
real,00010469_002.png,10469,,cardiomegaly_0,-2.522049,0.07432684,0.5725942
real,00010521_002.png,10521,,cardiomegaly_0,-5.1696377,0.0056544743,0.9111307
real,00010536_000.png,10536,,cardiomegaly_0,8.219461,0.99973065,0.9869407
real,00010571_006.png,10571,,cardiomegaly_0,-3.6272926,0.025899455,0.6604867
real,00010575_002.png,10575,,cardiomegaly_0,-4.413328,0.011969779,0.86086655
real,00010575_003.png,10575,,cardiomegaly_0,-4.6772003,0.009219243,0.86908966
real,00010625_000.png,10625,,cardiomegaly_0,9.778421,0.9999434,0.9971033
real,00010625_010.png,10625,,cardiomegaly_0,10.18067,0.9999621,0.99710697
real,00010625_014.png,10625,,cardiomegaly_0,8.79689,0.99984884,0.9910692
real,00010638_001.png,10638,,cardiomegaly_0,8.04842,0.9996805,0.9863224
real,00010695_007.png,10695,,cardiomegaly_0,-4.569792,0.010253885,0.8042034
real,00010695_008.png,10695,,cardiomegaly_0,-5.2243767,0.0053548855,0.90874565
real,00010695_013.png,10695,,cardiomegaly_0,-5.122282,0.0059270617,0.8759342
real,00010695_014.png,10695,,cardiomegaly_0,-5.5738716,0.003781403,0.89435166
real,00010695_015.png,10695,,cardiomegaly_0,-5.2913914,0.0050095287,0.87200075
real,00010695_017.png,10695,,cardiomegaly_0,-5.3973713,0.0045080543,0.89741164
real,00010695_016.png,10695,,cardiomegaly_0,-5.4938946,0.0040949616,0.9029792
real,00010767_001.png,10767,,cardiomegaly_0,5.179201,0.994399,0.86906046
real,00010767_017.png,10767,,cardiomegaly_0,-4.66621,0.0093201725,0.84959304
real,00010767_015.png,10767,,cardiomegaly_0,-4.738716,0.008673976,0.8457577
real,00010767_016.png,10767,,cardiomegaly_0,-5.112507,0.0059849354,0.89270365
real,00010767_022.png,10767,,cardiomegaly_0,-0.18861389,0.45298582,0.41488254
real,00010767_023.png,10767,,cardiomegaly_0,-2.6136112,0.06826755,0.6351297
real,00010767_024.png,10767,,cardiomegaly_0,-4.2874317,0.013553935,0.83223885
real,00010767_025.png,10767,,cardiomegaly_0,-4.777437,0.008347279,0.84839
real,00010767_026.png,10767,,cardiomegaly_0,-4.339464,0.012875573,0.7957068
real,00010772_002.png,10772,,cardiomegaly_0,-5.0564823,0.0063276268,0.89398956
real,00010772_003.png,10772,,cardiomegaly_0,-4.9749546,0.0068614283,0.8648233
real,00010772_007.png,10772,,cardiomegaly_0,7.388815,0.99938226,0.9685108
real,00010772_010.png,10772,,cardiomegaly_0,-4.678812,0.009204533,0.9030625
real,00010772_012.png,10772,,cardiomegaly_0,-2.948141,0.049824443,0.5925038
real,00010772_015.png,10772,,cardiomegaly_0,-1.9851284,0.12077322,0.39711854
real,00010790_003.png,10790,,cardiomegaly_0,2.2895985,0.9080119,0.33363524
real,00010828_000.png,10828,,cardiomegaly_0,-4.1391087,0.015687047,0.70249134
real,00010936_008.png,10936,,cardiomegaly_0,1.2703896,0.7808094,0.46823037
real,00010936_009.png,10936,,cardiomegaly_0,3.358139,0.9663704,0.6421253
real,00010936_010.png,10936,,cardiomegaly_0,-0.035152435,0.4912128,0.37853026
real,00010936_016.png,10936,,cardiomegaly_0,2.541191,0.9269795,0.6039247
real,00010936_017.png,10936,,cardiomegaly_0,4.9621067,0.99305046,0.9274538
real,00010936_018.png,10936,,cardiomegaly_0,-3.348402,0.03394753,0.6301446
real,00010936_019.png,10936,,cardiomegaly_0,-1.3862705,0.20000382,0.25517905
real,00010936_021.png,10936,,cardiomegaly_0,-1.4405975,0.19145282,0.42734256
real,00010936_023.png,10936,,cardiomegaly_0,-3.9630165,0.018651215,0.7560023
real,00010936_024.png,10936,,cardiomegaly_0,0.30667686,0.5760739,0.4020247
real,00010940_000.png,10940,,cardiomegaly_0,-5.4554863,0.0042546196,0.9255747
real,00010953_000.png,10953,,cardiomegaly_0,-4.8720245,0.007599649,0.88415056
real,00010953_003.png,10953,,cardiomegaly_0,-2.6411037,0.066539444,0.5036388
real,00010953_004.png,10953,,cardiomegaly_0,-0.708395,0.32995358,0.500482
real,00010953_009.png,10953,,cardiomegaly_0,-3.942093,0.019038072,0.80246276
real,00010953_011.png,10953,,cardiomegaly_0,-2.3806076,0.08466346,0.50371933
real,00010953_012.png,10953,,cardiomegaly_0,-2.5263386,0.074032255,0.563906
real,00010970_000.png,10970,,cardiomegaly_0,7.7523155,0.9995704,0.97843003
real,00010992_000.png,10992,,cardiomegaly_0,-3.063902,0.04462107,0.5767216
real,00010992_006.png,10992,,cardiomegaly_0,-2.593048,0.06958717,0.5151769
real,00010992_007.png,10992,,cardiomegaly_0,-3.2393475,0.03771156,0.5566968
real,00010992_008.png,10992,,cardiomegaly_0,-3.4310093,0.03134028,0.5359123
real,00010992_009.png,10992,,cardiomegaly_0,-3.7927856,0.022036212,0.704373
real,00010992_010.png,10992,,cardiomegaly_0,-3.9730377,0.018468678,0.7763299
real,00010992_011.png,10992,,cardiomegaly_0,-4.400053,0.0121278,0.8153616
real,00010992_012.png,10992,,cardiomegaly_0,-3.886013,0.020114139,0.7217955
real,00010994_003.png,10994,,cardiomegaly_0,10.342592,0.9999678,0.99738705
real,00010994_005.png,10994,,cardiomegaly_0,10.146168,0.9999608,0.99765587
real,00010994_007.png,10994,,cardiomegaly_0,9.883858,0.999949,0.997617
real,00010994_009.png,10994,,cardiomegaly_0,10.188429,0.99996245,0.99767554
real,00010994_010.png,10994,,cardiomegaly_0,10.030754,0.999956,0.99658585
real,00010994_011.png,10994,,cardiomegaly_0,10.208591,0.99996316,0.99755275
real,00010994_012.png,10994,,cardiomegaly_0,10.135862,0.9999604,0.9967909
real,00010994_013.png,10994,,cardiomegaly_0,10.090187,0.9999585,0.99707115
real,00010994_000.png,10994,,cardiomegaly_0,10.293619,0.99996614,0.9971397
real,00011139_000.png,11139,,cardiomegaly_0,-2.4261703,0.08119873,0.4681651
real,00011237_001.png,11237,,cardiomegaly_0,5.0644016,0.9937219,0.9183146
real,00011279_002.png,11279,,cardiomegaly_0,-5.680601,0.0033999083,0.94550776
real,00011380_005.png,11380,,cardiomegaly_0,-5.2419567,0.00526206,0.8781775
real,00011380_006.png,11380,,cardiomegaly_0,-5.1489964,0.005771722,0.8592575
real,00011380_009.png,11380,,cardiomegaly_0,-5.4602814,0.004234353,0.91600245
real,00011380_010.png,11380,,cardiomegaly_0,-5.445488,0.004297188,0.89271194
real,00011380_011.png,11380,,cardiomegaly_0,-5.469658,0.0041950005,0.9075276
real,00011380_012.png,11380,,cardiomegaly_0,-5.4073753,0.0044633807,0.8933935
real,00011380_014.png,11380,,cardiomegaly_0,-1.6564999,0.16023241,0.4475608
real,00011380_015.png,11380,,cardiomegaly_0,-5.101967,0.0060479664,0.89395773
real,00011380_016.png,11380,,cardiomegaly_0,-3.5666237,0.027474882,0.67265576
real,00011380_018.png,11380,,cardiomegaly_0,-4.1335125,0.01577369,0.75618815
real,00011380_019.png,11380,,cardiomegaly_0,-5.021166,0.006553598,0.8883456
real,00011380_020.png,11380,,cardiomegaly_0,-3.5563087,0.027751844,0.62117857
real,00011380_021.png,11380,,cardiomegaly_0,-1.885437,0.1317656,0.44525644
real,00011380_023.png,11380,,cardiomegaly_0,-4.9262047,0.007201741,0.82403946
real,00011380_024.png,11380,,cardiomegaly_0,-5.4798985,0.0041524386,0.9172264
real,00011380_025.png,11380,,cardiomegaly_0,-5.68734,0.0033771517,0.9299288
real,00011380_026.png,11380,,cardiomegaly_0,-4.736618,0.008692035,0.86543286
real,00011423_002.png,11423,,cardiomegaly_0,-5.3895226,0.0045434153,0.94189876
real,00011423_003.png,11423,,cardiomegaly_0,-5.1187744,0.0059477645,0.8598227
real,00011423_006.png,11423,,cardiomegaly_0,-5.388136,0.004549691,0.9429192
real,00011423_008.png,11423,,cardiomegaly_0,-5.4808044,0.0041486938,0.9390539
real,00011423_000.png,11423,,cardiomegaly_0,-6.0598507,0.002329311,0.9698729
real,00011423_001.png,11423,,cardiomegaly_0,-5.3618946,0.004670096,0.92745596
real,00011654_004.png,11654,,cardiomegaly_0,-3.6934662,0.024281338,0.78543967
real,00011748_000.png,11748,,cardiomegaly_0,-3.5629787,0.027572446,0.71302223
real,00011764_004.png,11764,,cardiomegaly_0,-5.3821716,0.004576783,0.8880992
real,00011770_010.png,11770,,cardiomegaly_0,-4.8632812,0.007665875,0.81517196
real,00011831_004.png,11831,,cardiomegaly_0,-3.85116,0.020812688,0.76974005
real,00011831_007.png,11831,,cardiomegaly_0,-1.6598301,0.1597848,0.54174215
real,00011831_008.png,11831,,cardiomegaly_0,-2.169838,0.102491945,0.41446123
real,00011831_009.png,11831,,cardiomegaly_0,-1.6849804,0.1564371,0.38299838
real,00011831_010.png,11831,,cardiomegaly_0,-2.2661533,0.093965195,0.6173275
real,00011831_016.png,11831,,cardiomegaly_0,-3.0377407,0.0457497,0.6640833
real,00011831_017.png,11831,,cardiomegaly_0,-1.862669,0.13439225,0.4761683
real,00011831_020.png,11831,,cardiomegaly_0,-4.287565,0.013552151,0.8545143
real,00011831_021.png,11831,,cardiomegaly_0,-4.9729176,0.006875323,0.92522174
real,00011949_000.png,11949,,cardiomegaly_0,9.012831,0.99987817,0.99312085
real,00011950_013.png,11950,,cardiomegaly_0,-4.6338463,0.009623794,0.86146086
real,00011950_015.png,11950,,cardiomegaly_0,-3.3856792,0.032746032,0.64367664
real,00011950_016.png,11950,,cardiomegaly_0,0.59217453,0.6438639,0.35634938
real,00011950_018.png,11950,,cardiomegaly_0,-4.418373,0.011910262,0.7981409
real,00011987_008.png,11987,,cardiomegaly_0,-1.4605923,0.18837675,0.36934102
real,00012021_001.png,12021,,cardiomegaly_0,-2.7654743,0.059218645,0.54601604
real,00012043_012.png,12043,,cardiomegaly_0,-5.0500126,0.006368436,0.9270299
real,00012043_013.png,12043,,cardiomegaly_0,-3.1556396,0.040869635,0.6607379
real,00012043_015.png,12043,,cardiomegaly_0,-4.0748043,0.01671152,0.86183393
real,00012043_016.png,12043,,cardiomegaly_0,-5.0089626,0.0066335294,0.91815734
real,00012092_003.png,12092,,cardiomegaly_0,0.9097214,0.71294314,0.2357408
real,00012178_000.png,12178,,cardiomegaly_0,0.92721176,0.7165092,0.32258484
real,00012178_001.png,12178,,cardiomegaly_0,-0.72171974,0.3270144,0.19469808
real,00012263_000.png,12263,,cardiomegaly_0,-4.2086525,0.014648615,0.7718376
real,00012263_002.png,12263,,cardiomegaly_0,-4.0206566,0.017624969,0.80480087
real,00012263_005.png,12263,,cardiomegaly_0,-3.7308807,0.023410523,0.80426836
real,00012263_006.png,12263,,cardiomegaly_0,-2.7871876,0.058020476,0.666476
real,00012263_007.png,12263,,cardiomegaly_0,-4.8318787,0.007908489,0.9126597
real,00012415_002.png,12415,,cardiomegaly_0,-4.1252537,0.01590242,0.73237777
real,00012415_004.png,12415,,cardiomegaly_0,-4.492531,0.011068403,0.7482217
real,00012415_005.png,12415,,cardiomegaly_0,-4.208605,0.014649305,0.7333934
real,00012415_006.png,12415,,cardiomegaly_0,-4.856592,0.0077169267,0.82481605
real,00012460_002.png,12460,,cardiomegaly_0,-5.567175,0.003806714,0.93433297
real,00012460_003.png,12460,,cardiomegaly_0,-5.717207,0.0032781027,0.9408982
real,00012523_000.png,12523,,cardiomegaly_0,5.8087463,0.9970078,0.90761083
real,00012536_003.png,12536,,cardiomegaly_0,-3.0172768,0.046651438,0.5493062
real,00012604_000.png,12604,,cardiomegaly_0,-4.582718,0.010123528,0.8683086
real,00012604_004.png,12604,,cardiomegaly_0,-2.5896358,0.06980842,0.566217
real,00012604_005.png,12604,,cardiomegaly_0,-2.8925743,0.052521862,0.48818162
real,00012626_015.png,12626,,cardiomegaly_0,-4.403265,0.012089378,0.7739698
real,00012653_002.png,12653,,cardiomegaly_0,-4.8494205,0.007772037,0.8784274
real,00012707_000.png,12707,,cardiomegaly_0,5.372423,0.9953786,0.89179426
real,00012722_000.png,12722,,cardiomegaly_0,-5.521681,0.003983191,0.9640576
real,00012722_001.png,12722,,cardiomegaly_0,-4.770912,0.008401466,0.9183787
real,00012722_002.png,12722,,cardiomegaly_0,-4.2465057,0.01411216,0.84546566
real,00012722_005.png,12722,,cardiomegaly_0,-4.509474,0.010884473,0.8873691
real,00012799_001.png,12799,,cardiomegaly_0,-4.2597275,0.013929383,0.7583404
real,00012827_001.png,12827,,cardiomegaly_0,-2.5798607,0.07044585,0.4591077
real,00012827_002.png,12827,,cardiomegaly_0,-3.191534,0.039485555,0.5561642
real,00012939_002.png,12939,,cardiomegaly_0,-1.9224758,0.12758574,0.38403085
real,00012949_002.png,12949,,cardiomegaly_0,-4.7041225,0.00897655,0.7760565
real,00012973_017.png,12973,,cardiomegaly_0,-3.1434364,0.04135068,0.61464775
real,00012973_015.png,12973,,cardiomegaly_0,-3.9734612,0.018461004,0.7335509
real,00012973_016.png,12973,,cardiomegaly_0,-3.6401825,0.02557624,0.71747655
real,00012973_019.png,12973,,cardiomegaly_0,-2.2074795,0.09908083,0.35438704
real,00012973_020.png,12973,,cardiomegaly_0,-4.8172626,0.008023994,0.81949717
real,00012973_021.png,12973,,cardiomegaly_0,-4.9016647,0.0073793377,0.88163483
real,00012975_000.png,12975,,cardiomegaly_0,0.31656837,0.5784877,0.33542886
real,00013205_001.png,13205,,cardiomegaly_0,-4.8565903,0.007716941,0.8348725
real,00013205_003.png,13205,,cardiomegaly_0,-4.584322,0.010107467,0.79930985
real,00013205_004.png,13205,,cardiomegaly_0,-4.990082,0.0067591113,0.8582329
real,00013205_006.png,13205,,cardiomegaly_0,-5.642477,0.0035315626,0.9145427
real,00013237_000.png,13237,,cardiomegaly_0,-4.3446903,0.0128093185,0.7480288
real,00013285_000.png,13285,,cardiomegaly_0,-4.442709,0.011627244,0.818224
real,00013285_002.png,13285,,cardiomegaly_0,-4.0812607,0.016605757,0.7677142
real,00013285_003.png,13285,,cardiomegaly_0,-2.1796722,0.101590835,0.3777342
real,00013370_005.png,13370,,cardiomegaly_0,6.9934044,0.9990829,0.97411674
real,00013408_007.png,13408,,cardiomegaly_0,-5.8426495,0.0028927536,0.9511353
real,00013408_008.png,13408,,cardiomegaly_0,-4.9935265,0.006736025,0.82367826
real,00013408_016.png,13408,,cardiomegaly_0,-3.111971,0.04261616,0.5812694
real,00013408_017.png,13408,,cardiomegaly_0,-4.993946,0.0067332187,0.8753903
real,00013408_018.png,13408,,cardiomegaly_0,-5.715166,0.0032847777,0.9250542
real,00013458_002.png,13458,,cardiomegaly_0,-6.095564,0.0022477754,0.9584473
real,00013499_000.png,13499,,cardiomegaly_0,-3.049734,0.045228954,0.67968804
real,00013519_001.png,13519,,cardiomegaly_0,-4.5506153,0.010450341,0.7459915
real,00013522_000.png,13522,,cardiomegaly_0,-4.3971424,0.012162721,0.77770704
real,00013534_006.png,13534,,cardiomegaly_0,-1.0719395,0.25503442,0.26942503
real,00013534_008.png,13534,,cardiomegaly_0,-3.5693378,0.027402453,0.55247
real,00013534_010.png,13534,,cardiomegaly_0,-3.6000004,0.026596982,0.4739189
real,00013591_003.png,13591,,cardiomegaly_0,0.1348648,0.5336652,0.28372985
real,00013591_005.png,13591,,cardiomegaly_0,-5.1768913,0.0056138365,0.93696296
real,00013608_006.png,13608,,cardiomegaly_0,-2.577732,0.07058537,0.52966887
real,00013608_007.png,13608,,cardiomegaly_0,0.092105865,0.5230102,0.279495
real,00013608_008.png,13608,,cardiomegaly_0,-2.9999638,0.04742751,0.5988079
real,00013608_011.png,13608,,cardiomegaly_0,-3.2604618,0.03695277,0.68049717
real,00013608_012.png,13608,,cardiomegaly_0,-2.5367393,0.073322415,0.6075278
real,00013608_013.png,13608,,cardiomegaly_0,-3.1370354,0.04160517,0.62253195
real,00013608_017.png,13608,,cardiomegaly_0,-2.9018993,0.052059755,0.65782917
real,00013608_021.png,13608,,cardiomegaly_0,-0.770525,0.31636557,0.25289083
real,00013625_004.png,13625,,cardiomegaly_0,-4.640236,0.009563084,0.8457707
real,00013625_061.png,13625,,cardiomegaly_0,2.9194946,0.94880176,0.62824863
real,00013678_000.png,13678,,cardiomegaly_0,-4.9318657,0.0071613784,0.8809594
real,00013678_001.png,13678,,cardiomegaly_0,-0.19291306,0.45192075,0.32208937
real,00013709_000.png,13709,,cardiomegaly_0,-6.2139893,0.001997241,0.9691375
real,00013743_001.png,13743,,cardiomegaly_0,-4.2879944,0.013546414,0.71009105
real,00013830_000.png,13830,,cardiomegaly_0,-1.7659016,0.14605275,0.28064084
real,00013862_004.png,13862,,cardiomegaly_0,-5.030113,0.0064956015,0.88187295
real,00013911_002.png,13911,,cardiomegaly_0,-3.9278831,0.01930527,0.65221715
real,00013911_004.png,13911,,cardiomegaly_0,-4.6663246,0.009319116,0.8333543
real,00013911_007.png,13911,,cardiomegaly_0,-3.6537323,0.025240714,0.6813174
real,00013911_012.png,13911,,cardiomegaly_0,-4.857546,0.007709628,0.8710503
real,00013911_020.png,13911,,cardiomegaly_0,-2.175829,0.10194216,0.32667327
real,00013911_000.png,13911,,cardiomegaly_0,8.9794445,0.999874,0.99527776
real,00013964_001.png,13964,,cardiomegaly_0,-3.5691833,0.02740657,0.746338
real,00014183_000.png,14183,,cardiomegaly_0,-5.398672,0.0045022205,0.89256346
real,00014196_002.png,14196,,cardiomegaly_0,-4.5274353,0.010692789,0.80421305
real,00014196_003.png,14196,,cardiomegaly_0,-5.1364517,0.0058441563,0.87433094
real,00014289_000.png,14289,,cardiomegaly_0,-1.7748775,0.1449368,0.4020668
real,00014307_004.png,14307,,cardiomegaly_0,-4.8907814,0.007459485,0.8224362
real,00014307_008.png,14307,,cardiomegaly_0,-5.833103,0.00292042,0.9588047
real,00014307_011.png,14307,,cardiomegaly_0,-5.063385,0.006284373,0.8936001
real,00014320_011.png,14320,,cardiomegaly_0,8.370279,0.99976844,0.9923231
real,00014320_012.png,14320,,cardiomegaly_0,7.6506195,0.9995245,0.98202795
real,00014320_033.png,14320,,cardiomegaly_0,-2.496458,0.076106854,0.32328933
real,00014320_039.png,14320,,cardiomegaly_0,-4.2210484,0.014470765,0.6971092
real,00014387_000.png,14387,,cardiomegaly_0,-5.109703,0.0060016382,0.92016697
real,00014387_008.png,14387,,cardiomegaly_0,-1.7974949,0.14215629,0.39020318
real,00014387_010.png,14387,,cardiomegaly_0,-2.9614067,0.049200162,0.48765957
real,00014475_001.png,14475,,cardiomegaly_0,-6.0364056,0.0023844356,0.9424504
real,00014538_000.png,14538,,cardiomegaly_0,-4.7293167,0.0087551735,0.8325904
real,00014574_000.png,14574,,cardiomegaly_0,8.183748,0.9997209,0.9826615
real,00014648_000.png,14648,,cardiomegaly_0,-6.2404137,0.0019452578,0.96480983
real,00014695_004.png,14695,,cardiomegaly_0,10.353598,0.9999682,0.99749535
real,00014719_006.png,14719,,cardiomegaly_0,-5.154234,0.0057417443,0.8757035
real,00014719_007.png,14719,,cardiomegaly_0,-5.4671764,0.0042053796,0.89953434
real,00014773_003.png,14773,,cardiomegaly_0,-3.819048,0.021477288,0.75588524
real,00014773_004.png,14773,,cardiomegaly_0,-3.4132328,0.031884454,0.63808554
real,00014773_006.png,14773,,cardiomegaly_0,-2.7029095,0.0628019,0.5195885
real,00014773_005.png,14773,,cardiomegaly_0,-3.3425426,0.034140214,0.5737063
real,00014773_007.png,14773,,cardiomegaly_0,-6.3204746,0.0017958585,0.9741687
real,00014943_000.png,14943,,cardiomegaly_0,-3.9105759,0.019635683,0.70936984
real,00015064_000.png,15064,,cardiomegaly_0,7.0468006,0.99913055,0.9831368
real,00015080_002.png,15080,,cardiomegaly_0,-3.718975,0.023684267,0.6030274
real,00015114_001.png,15114,,cardiomegaly_0,-6.1719894,0.002082733,0.9679714
real,00015114_003.png,15114,,cardiomegaly_0,-4.53718,0.010590197,0.8280459
real,00015212_001.png,15212,,cardiomegaly_0,-5.2816677,0.005058229,0.93567944
real,00015212_003.png,15212,,cardiomegaly_0,-4.379381,0.012377977,0.81292915
real,00015212_008.png,15212,,cardiomegaly_0,-1.6386089,0.16265443,0.35583362
real,00015228_002.png,15228,,cardiomegaly_0,-4.9275913,0.0071918336,0.881719
real,00015242_000.png,15242,,cardiomegaly_0,3.9836159,0.98172206,0.8243552
real,00015244_002.png,15244,,cardiomegaly_0,-6.2630405,0.0019018195,0.95432305
real,00015244_000.png,15244,,cardiomegaly_0,-6.2291183,0.0019673111,0.95517594
real,00015254_001.png,15254,,cardiomegaly_0,-5.372814,0.004619612,0.89296156
real,00015254_002.png,15254,,cardiomegaly_0,-3.472765,0.030097162,0.6806434
real,00015282_000.png,15282,,cardiomegaly_0,10.269831,0.9999653,0.99635786
real,00015313_000.png,15313,,cardiomegaly_0,9.392012,0.99991655,0.99407506
real,00015313_003.png,15313,,cardiomegaly_0,0.7924156,0.6883497,0.30037853
real,00015313_005.png,15313,,cardiomegaly_0,2.3929005,0.9162844,0.43287477
real,00015313_006.png,15313,,cardiomegaly_0,3.52631,0.9714272,0.6147704
real,00015313_007.png,15313,,cardiomegaly_0,-3.6974068,0.024188155,0.5949077
real,00015313_008.png,15313,,cardiomegaly_0,-5.1997204,0.005487825,0.8629471
real,00015318_007.png,15318,,cardiomegaly_0,-2.554245,0.07214181,0.38672453
real,00015318_008.png,15318,,cardiomegaly_0,5.2655888,0.99486023,0.89913887
real,00015376_002.png,15376,,cardiomegaly_0,-0.091991425,0.47701836,0.23346102
real,00015376_037.png,15376,,cardiomegaly_0,6.927269,0.9990202,0.98309773
real,00015388_004.png,15388,,cardiomegaly_0,-4.5844307,0.010106378,0.78927565
real,00015423_001.png,15423,,cardiomegaly_0,-0.057079315,0.48573408,0.23650452
real,00015423_002.png,15423,,cardiomegaly_0,1.4054966,0.8030547,0.3823469
real,00015423_003.png,15423,,cardiomegaly_0,3.2568283,0.96291775,0.6970907
real,00015423_004.png,15423,,cardiomegaly_0,3.1125946,0.9574093,0.5507641
real,00015423_005.png,15423,,cardiomegaly_0,1.0219173,0.73534584,0.26440784
real,00015423_006.png,15423,,cardiomegaly_0,2.1354122,0.89429766,0.40395015
real,00015448_003.png,15448,,cardiomegaly_0,-5.6531715,0.0034941267,0.9426137
real,00015492_002.png,15492,,cardiomegaly_0,-5.169729,0.0056539597,0.8511915
real,00015497_000.png,15497,,cardiomegaly_0,2.3054085,0.90932393,0.3831766
real,00015497_001.png,15497,,cardiomegaly_0,9.893215,0.99994946,0.9949192
real,00015562_004.png,15562,,cardiomegaly_0,-5.627058,0.003586241,0.9454776
real,00015654_000.png,15654,,cardiomegaly_0,-5.670782,0.0034333414,0.9381893
real,00015654_001.png,15654,,cardiomegaly_0,-2.5133495,0.074927606,0.54097956
real,00015654_002.png,15654,,cardiomegaly_0,-0.8075676,0.30840907,0.3477595
real,00015654_003.png,15654,,cardiomegaly_0,-4.638193,0.0095824525,0.8545884
real,00015654_004.png,15654,,cardiomegaly_0,-3.0577621,0.04488354,0.61407816
real,00015654_005.png,15654,,cardiomegaly_0,-1.9594479,0.12352681,0.47415802
real,00015654_006.png,15654,,cardiomegaly_0,-2.2345104,0.09669396,0.46765405
real,00015716_000.png,15716,,cardiomegaly_0,0.40324783,0.59946775,0.2595451
real,00015985_000.png,15985,,cardiomegaly_0,-1.1176567,0.2464462,0.45347083
real,00016041_000.png,16041,,cardiomegaly_0,-4.436922,0.011693935,0.8520893
real,00016184_016.png,16184,,cardiomegaly_0,-3.4518948,0.030712403,0.5776637
real,00016191_001.png,16191,,cardiomegaly_0,-4.8335094,0.007895703,0.85757387
real,00016191_015.png,16191,,cardiomegaly_0,-4.61034,0.009850439,0.7941208
real,00016191_016.png,16191,,cardiomegaly_0,-5.244665,0.005247902,0.8727363
real,00016191_021.png,16191,,cardiomegaly_0,-3.5830555,0.027039219,0.65555346
real,00016191_026.png,16191,,cardiomegaly_0,-3.2639008,0.036830585,0.5530651
real,00016191_027.png,16191,,cardiomegaly_0,-3.689539,0.024374556,0.6739101
real,00016202_000.png,16202,,cardiomegaly_0,-2.9424934,0.050092492,0.7087764
real,00016205_005.png,16205,,cardiomegaly_0,-4.820223,0.008000466,0.81439716
real,00016205_007.png,16205,,cardiomegaly_0,-4.2692013,0.013799855,0.72772217
real,00016205_008.png,16205,,cardiomegaly_0,-5.3620205,0.004669511,0.89614433
real,00016205_009.png,16205,,cardiomegaly_0,-5.3236904,0.004851083,0.88519585
real,00016238_007.png,16238,,cardiomegaly_0,-1.8594856,0.134763,0.44379038
real,00016238_008.png,16238,,cardiomegaly_0,-5.075876,0.006206846,0.88512033
real,00016353_000.png,16353,,cardiomegaly_0,-5.6516724,0.0034993507,0.9277581
real,00016417_000.png,16417,,cardiomegaly_0,-0.8397236,0.301593,0.42638305
real,00016417_001.png,16417,,cardiomegaly_0,-0.29079247,0.42780986,0.55686957
real,00016417_002.png,16417,,cardiomegaly_0,-1.4588509,0.18864314,0.33979616
real,00016417_004.png,16417,,cardiomegaly_0,-1.3436146,0.20691629,0.34926975
real,00016417_006.png,16417,,cardiomegaly_0,-2.2377224,0.09641378,0.42090073
real,00016417_007.png,16417,,cardiomegaly_0,-2.1075687,0.10836335,0.3934419
real,00016417_008.png,16417,,cardiomegaly_0,0.13062286,0.53260934,0.4623522
real,00016417_009.png,16417,,cardiomegaly_0,-3.3866577,0.032715056,0.5428435
real,00016484_002.png,16484,,cardiomegaly_0,10.057421,0.9999571,0.9963762
real,00016484_018.png,16484,,cardiomegaly_0,9.655909,0.999936,0.99474525
real,00016484_030.png,16484,,cardiomegaly_0,8.760229,0.9998431,0.9869551
real,00016548_000.png,16548,,cardiomegaly_0,-4.934881,0.007139969,0.9145793
real,00016568_005.png,16568,,cardiomegaly_0,-4.164219,0.015303997,0.80924785
real,00016568_015.png,16568,,cardiomegaly_0,-3.5765514,0.027210854,0.6780942
real,00016568_016.png,16568,,cardiomegaly_0,-2.8994122,0.05218263,0.54027325
real,00016568_017.png,16568,,cardiomegaly_0,-2.5738068,0.07084332,0.4953491
real,00016568_018.png,16568,,cardiomegaly_0,-3.887434,0.02008615,0.7879579
real,00016568_019.png,16568,,cardiomegaly_0,-3.3568592,0.033671267,0.6610179
real,00016568_020.png,16568,,cardiomegaly_0,-3.887989,0.02007523,0.75139004
real,00016568_021.png,16568,,cardiomegaly_0,-3.2191715,0.038450606,0.71127266
real,00016568_022.png,16568,,cardiomegaly_0,-4.0821285,0.016591592,0.7671864
real,00016568_023.png,16568,,cardiomegaly_0,-3.627983,0.025882041,0.7503802
real,00016568_024.png,16568,,cardiomegaly_0,-3.8215885,0.021423962,0.84409696
real,00016568_025.png,16568,,cardiomegaly_0,-3.8062153,0.021748643,0.75268537
real,00016568_028.png,16568,,cardiomegaly_0,-3.992775,0.018114269,0.84578854
real,00016568_029.png,16568,,cardiomegaly_0,-4.217602,0.014520001,0.8375411
real,00016568_032.png,16568,,cardiomegaly_0,-4.3749714,0.0124320015,0.86910397
real,00016568_036.png,16568,,cardiomegaly_0,-3.3168316,0.03499826,0.6397122
real,00016568_037.png,16568,,cardiomegaly_0,-3.6030426,0.026518334,0.7190054
real,00016568_038.png,16568,,cardiomegaly_0,-4.603039,0.009921906,0.83930135
real,00016568_039.png,16568,,cardiomegaly_0,-4.556631,0.010388315,0.87432295
real,00016568_040.png,16568,,cardiomegaly_0,-3.8211021,0.02143416,0.74897903
real,00016568_041.png,16568,,cardiomegaly_0,-3.7877274,0.022145484,0.75904846
real,00016568_042.png,16568,,cardiomegaly_0,-4.004774,0.01790208,0.77614063
real,00016568_043.png,16568,,cardiomegaly_0,-4.4514694,0.011526997,0.84867305
real,00016568_044.png,16568,,cardiomegaly_0,-3.6709404,0.024820773,0.712294
real,00016568_047.png,16568,,cardiomegaly_0,-3.5537453,0.027821096,0.62157017
real,00016568_051.png,16568,,cardiomegaly_0,-3.7564373,0.022833299,0.6538216
real,00016677_004.png,16677,,cardiomegaly_0,7.0569115,0.9991393,0.97956765
real,00016677_000.png,16677,,cardiomegaly_0,4.9519615,0.99298006,0.9141902
real,00016724_000.png,16724,,cardiomegaly_0,-3.0269299,0.04622399,0.54592806
real,00016724_001.png,16724,,cardiomegaly_0,-4.944618,0.007071274,0.90451944
real,00016724_003.png,16724,,cardiomegaly_0,-5.350605,0.0047228676,0.93766445
real,00016757_003.png,16757,,cardiomegaly_0,-3.80295,0.021818224,0.63018006
real,00016801_000.png,16801,,cardiomegaly_0,0.39592552,0.59770834,0.31331518
real,00016801_006.png,16801,,cardiomegaly_0,-1.3811378,0.20082633,0.34148243
real,00016801_008.png,16801,,cardiomegaly_0,-2.5303326,0.07375892,0.40863854
real,00016862_000.png,16862,,cardiomegaly_0,-4.6500072,0.009470976,0.8321855
real,00016975_010.png,16975,,cardiomegaly_0,-4.3729115,0.012457318,0.8466195
real,00016975_013.png,16975,,cardiomegaly_0,-4.3142204,0.013200392,0.85799694
real,00016975_017.png,16975,,cardiomegaly_0,-2.3998947,0.083180726,0.5141792
real,00016975_018.png,16975,,cardiomegaly_0,-2.950159,0.049728993,0.47977284
real,00016990_000.png,16990,,cardiomegaly_0,10.09988,0.9999589,0.9960803
real,00017258_002.png,17258,,cardiomegaly_0,-4.5097275,0.010881742,0.88896364
real,00017258_003.png,17258,,cardiomegaly_0,-4.953577,0.007008649,0.9554322
real,00017258_004.png,17258,,cardiomegaly_0,-3.8477802,0.02088168,0.8309533
real,00017258_005.png,17258,,cardiomegaly_0,-5.118887,0.0059470986,0.94934154
real,00017258_006.png,17258,,cardiomegaly_0,-4.0684147,0.01681684,0.84219664
real,00017258_007.png,17258,,cardiomegaly_0,-3.921547,0.019425597,0.8732154
real,00017258_008.png,17258,,cardiomegaly_0,-3.7464275,0.023057705,0.8577021
real,00017258_009.png,17258,,cardiomegaly_0,-3.3315926,0.034503136,0.8604769
real,00017258_010.png,17258,,cardiomegaly_0,-3.288004,0.035985027,0.8537218
real,00017258_011.png,17258,,cardiomegaly_0,-1.158802,0.23888502,0.5039979
real,00017258_016.png,17258,,cardiomegaly_0,-3.0807953,0.04390642,0.5617986
real,00017258_017.png,17258,,cardiomegaly_0,-3.9243488,0.019372297,0.801405
real,00017258_019.png,17258,,cardiomegaly_0,-4.6896877,0.009105876,0.88412845
real,00017263_000.png,17263,,cardiomegaly_0,1.4388409,0.8082751,0.40321997
real,00017395_001.png,17395,,cardiomegaly_0,-3.2235851,0.038287755,0.5866203
real,00017395_002.png,17395,,cardiomegaly_0,-4.1880436,0.014949079,0.78988
real,00017395_003.png,17395,,cardiomegaly_0,-4.982275,0.006811724,0.9131422
real,00017443_012.png,17443,,cardiomegaly_0,-4.8708897,0.0076082125,0.8428126
real,00017443_013.png,17443,,cardiomegaly_0,-5.128317,0.0058916104,0.87940925
real,00017529_000.png,17529,,cardiomegaly_0,10.0595875,0.9999572,0.99644756
real,00017607_000.png,17607,,cardiomegaly_0,-5.734524,0.0032220066,0.8996129
real,00017618_004.png,17618,,cardiomegaly_0,-2.1578274,0.103602044,0.41557243
real,00017618_005.png,17618,,cardiomegaly_0,-1.9652824,0.12289649,0.33312604
real,00017618_006.png,17618,,cardiomegaly_0,-2.0743923,0.11161078,0.34976286
real,00017618_008.png,17618,,cardiomegaly_0,-0.027797699,0.493051,0.19023785
real,00017618_009.png,17618,,cardiomegaly_0,-1.9476757,0.124807015,0.4264585
real,00017618_010.png,17618,,cardiomegaly_0,-0.9889641,0.27111673,0.28346252
real,00017618_011.png,17618,,cardiomegaly_0,2.2662563,0.9060436,0.48880827
real,00017618_014.png,17618,,cardiomegaly_0,7.546955,0.99947256,0.98857105
real,00017618_015.png,17618,,cardiomegaly_0,2.8571033,0.9456847,0.55365884
real,00017618_019.png,17618,,cardiomegaly_0,-1.8662281,0.13397875,0.31150427
real,00017618_020.png,17618,,cardiomegaly_0,4.220642,0.98552346,0.72764885
real,00017618_021.png,17618,,cardiomegaly_0,6.2917576,0.99815184,0.9522407
real,00017618_022.png,17618,,cardiomegaly_0,8.026415,0.99967337,0.9922286
real,00017618_023.png,17618,,cardiomegaly_0,7.6360683,0.99951756,0.98829925
real,00017618_032.png,17618,,cardiomegaly_0,6.116396,0.9977984,0.96797633
real,00017691_014.png,17691,,cardiomegaly_0,-4.386099,0.012296123,0.7841625
real,00017702_001.png,17702,,cardiomegaly_0,-4.9546356,0.0070012854,0.91391903
real,00017747_053.png,17747,,cardiomegaly_0,-3.423954,0.031555172,0.7778314
real,00017747_054.png,17747,,cardiomegaly_0,-2.852686,0.054542642,0.6670409
real,00017747_055.png,17747,,cardiomegaly_0,-2.9236584,0.050996363,0.6467177
real,00017747_056.png,17747,,cardiomegaly_0,-3.2739277,0.036476534,0.7101536
real,00017747_057.png,17747,,cardiomegaly_0,-3.2604198,0.036954265,0.7541268
real,00017747_004.png,17747,,cardiomegaly_0,-0.75164795,0.32046232,0.33336994
real,00017747_005.png,17747,,cardiomegaly_0,-2.4944077,0.07625116,0.6059854
real,00017747_008.png,17747,,cardiomegaly_0,-2.5337715,0.073524326,0.6561949
real,00017747_010.png,17747,,cardiomegaly_0,-3.4194336,0.031693604,0.76341414
real,00017747_011.png,17747,,cardiomegaly_0,-3.7311726,0.023403853,0.85853034
real,00017747_012.png,17747,,cardiomegaly_0,-3.6723022,0.02478783,0.83843714
real,00017763_003.png,17763,,cardiomegaly_0,-5.359852,0.0046796007,0.90287393
real,00017763_004.png,17763,,cardiomegaly_0,-5.1346035,0.005854904,0.86225414
real,00017786_005.png,17786,,cardiomegaly_0,-2.9748363,0.048575714,0.38941067
real,00017786_010.png,17786,,cardiomegaly_0,-4.5480957,0.010476429,0.79285824
real,00017786_012.png,17786,,cardiomegaly_0,-4.0560513,0.017022483,0.67821985
real,00017786_000.png,17786,,cardiomegaly_0,0.98391914,0.7278852,0.24641566
real,00017822_000.png,17822,,cardiomegaly_0,3.0732212,0.9557746,0.40184736
real,00017835_032.png,17835,,cardiomegaly_0,-4.094326,0.016393742,0.7733198
real,00017846_000.png,17846,,cardiomegaly_0,-4.6484375,0.009485713,0.8165736
real,00017930_004.png,17930,,cardiomegaly_0,-3.450409,0.030756667,0.73138654
real,00017930_005.png,17930,,cardiomegaly_0,-4.515234,0.010822633,0.89263314
real,00017939_000.png,17939,,cardiomegaly_0,9.990807,0.9999542,0.9960472
real,00017945_000.png,17945,,cardiomegaly_0,6.162327,0.997897,0.96436495
real,00017953_000.png,17953,,cardiomegaly_0,9.522575,0.9999268,0.9960298
real,00017963_005.png,17963,,cardiomegaly_0,-0.8959408,0.28988537,0.27811533
real,00017963_006.png,17963,,cardiomegaly_0,-5.438919,0.004325386,0.92651284
real,00018011_003.png,18011,,cardiomegaly_0,-2.6119404,0.0683739,0.42890424
real,00018011_005.png,18011,,cardiomegaly_0,-5.14505,0.0057944115,0.88335514
real,00018011_006.png,18011,,cardiomegaly_0,-5.4400005,0.004320731,0.91735154
real,00018011_008.png,18011,,cardiomegaly_0,-3.4733887,0.03007896,0.5772024
real,00018065_005.png,18065,,cardiomegaly_0,-5.2839394,0.0050468096,0.89990926
real,00018065_006.png,18065,,cardiomegaly_0,-5.537815,0.003919691,0.92442834
real,00018065_007.png,18065,,cardiomegaly_0,-5.9766197,0.002530967,0.93205965
real,00018090_000.png,18090,,cardiomegaly_0,-0.7599449,0.31865823,0.35912424
real,00018102_001.png,18102,,cardiomegaly_0,-1.5048046,0.18171002,0.35909796
real,00018102_002.png,18102,,cardiomegaly_0,-2.1365204,0.10559758,0.5559657
real,00018102_004.png,18102,,cardiomegaly_0,-2.4033089,0.08292072,0.5515816
real,00018148_001.png,18148,,cardiomegaly_0,-3.4926949,0.0295208,0.71652716
real,00018284_003.png,18284,,cardiomegaly_0,-1.7145176,0.15257868,0.46209386
real,00018284_004.png,18284,,cardiomegaly_0,-2.5853004,0.07009047,0.51948035
real,00018374_000.png,18374,,cardiomegaly_0,-4.5212555,0.01075836,0.79383373
real,00018463_000.png,18463,,cardiomegaly_0,2.221449,0.90215915,0.4032494
real,00018488_005.png,18488,,cardiomegaly_0,-4.217947,0.014515061,0.8284037
real,00018521_005.png,18521,,cardiomegaly_0,-3.3202114,0.03488429,0.61946887
real,00018521_007.png,18521,,cardiomegaly_0,-4.66753,0.0093079945,0.8844042
real,00018521_008.png,18521,,cardiomegaly_0,-3.8957348,0.01992342,0.7120726
real,00018521_009.png,18521,,cardiomegaly_0,-4.06863,0.016813276,0.77356637
real,00018521_010.png,18521,,cardiomegaly_0,-4.120268,0.015980635,0.78081346
real,00018521_011.png,18521,,cardiomegaly_0,-3.5270576,0.028552085,0.7787865
real,00018521_014.png,18521,,cardiomegaly_0,-5.29286,0.005002213,0.94911355
real,00018521_015.png,18521,,cardiomegaly_0,-4.656269,0.009412412,0.9144913
real,00018524_002.png,18524,,cardiomegaly_0,-1.881033,0.13227028,0.26424238
real,00018524_003.png,18524,,cardiomegaly_0,-2.1677265,0.10268633,0.32406116
real,00018524_005.png,18524,,cardiomegaly_0,-2.561163,0.07168012,0.33291107
real,00018531_000.png,18531,,cardiomegaly_0,-5.9721203,0.0025423514,0.9275786
real,00018592_002.png,18592,,cardiomegaly_0,-4.466959,0.011351836,0.7947145
real,00018592_007.png,18592,,cardiomegaly_0,-6.271017,0.0018867386,0.96367234
real,00018626_010.png,18626,,cardiomegaly_0,-2.5551014,0.07208452,0.39190587
real,00018626_012.png,18626,,cardiomegaly_0,-4.381567,0.012351284,0.79010504
real,00018626_013.png,18626,,cardiomegaly_0,-3.4670563,0.030264253,0.59628236
real,00018626_014.png,18626,,cardiomegaly_0,-3.9164238,0.019523423,0.752548
real,00018626_017.png,18626,,cardiomegaly_0,-5.0843506,0.0061547915,0.91230756
real,00018672_000.png,18672,,cardiomegaly_0,5.708355,0.9966929,0.93564403
real,00018678_000.png,18678,,cardiomegaly_0,-4.225916,0.014401511,0.84053755
real,00018964_004.png,18964,,cardiomegaly_0,-4.395624,0.012180976,0.73829526
real,00018964_005.png,18964,,cardiomegaly_0,-4.598974,0.009961913,0.8184693
real,00018964_006.png,18964,,cardiomegaly_0,-4.3868256,0.0122873,0.8023038
real,00019125_000.png,19125,,cardiomegaly_0,0.7717266,0.6838943,0.3570763
real,00019154_000.png,19154,,cardiomegaly_0,-4.295538,0.013445978,0.8387027
real,00019154_001.png,19154,,cardiomegaly_0,1.13344,0.7564732,0.3309544
real,00019201_002.png,19201,,cardiomegaly_0,-3.477045,0.029972475,0.57185876
real,00019231_001.png,19231,,cardiomegaly_0,-1.1227798,0.24549602,0.19690995
real,00019395_006.png,19395,,cardiomegaly_0,2.9384766,0.94971603,0.61253005
real,00019395_012.png,19395,,cardiomegaly_0,-1.2598667,0.22099684,0.37936082
real,00019395_014.png,19395,,cardiomegaly_0,-4.394703,0.012192065,0.7696822
real,00019395_015.png,19395,,cardiomegaly_0,-2.5826302,0.07026471,0.46192205
real,00019395_016.png,19395,,cardiomegaly_0,-1.5514526,0.17487656,0.3712868
real,00019395_017.png,19395,,cardiomegaly_0,-1.2224598,0.22750387,0.3580057
real,00019395_018.png,19395,,cardiomegaly_0,2.686102,0.9362015,0.5406993
real,00019395_020.png,19395,,cardiomegaly_0,5.5354137,0.99607086,0.94243866
real,00019395_021.png,19395,,cardiomegaly_0,-1.2128448,0.2291981,0.2892321
real,00019395_022.png,19395,,cardiomegaly_0,-1.7340908,0.15006506,0.5091015
real,00019395_023.png,19395,,cardiomegaly_0,4.4902477,0.9889066,0.89381385
real,00019395_026.png,19395,,cardiomegaly_0,6.087351,0.9977337,0.95139474
real,00019406_007.png,19406,,cardiomegaly_0,-5.559223,0.0038369885,0.91267216
real,00019409_000.png,19409,,cardiomegaly_0,-5.4166145,0.0044225147,0.904144
real,00019437_000.png,19437,,cardiomegaly_0,1.4219971,0.8056513,0.28788167
real,00019486_001.png,19486,,cardiomegaly_0,9.4099865,0.9999181,0.98956984
real,00019486_000.png,19486,,cardiomegaly_0,4.0212803,0.9823858,0.8288131
real,00019592_006.png,19592,,cardiomegaly_0,-3.8678112,0.020476041,0.6214802
real,00019592_007.png,19592,,cardiomegaly_0,-3.7280407,0.023475543,0.5861689
real,00019592_008.png,19592,,cardiomegaly_0,-1.6351624,0.1631244,0.37374136
real,00019637_004.png,19637,,cardiomegaly_0,-4.822647,0.007981248,0.8135064
real,00019637_008.png,19637,,cardiomegaly_0,7.967886,0.9996537,0.9906505
real,00019637_003.png,19637,,cardiomegaly_0,-4.3515434,0.012722948,0.78488874
real,00019761_000.png,19761,,cardiomegaly_0,-3.2964878,0.035691872,0.56655145
real,00019863_006.png,19863,,cardiomegaly_0,-5.219862,0.005378986,0.82855344
real,00019863_008.png,19863,,cardiomegaly_0,-3.7175312,0.023717677,0.58735657
real,00019917_000.png,19917,,cardiomegaly_0,-4.782547,0.00830509,0.89427906
real,00019919_016.png,19919,,cardiomegaly_0,-4.9457226,0.0070635243,0.83252764
real,00019919_017.png,19919,,cardiomegaly_0,-2.9354916,0.050426714,0.52057207
real,00019919_018.png,19919,,cardiomegaly_0,-4.506016,0.010921766,0.7809108
real,00019919_020.png,19919,,cardiomegaly_0,-4.0262337,0.017528664,0.7146388
real,00019919_021.png,19919,,cardiomegaly_0,-3.1619282,0.040623836,0.58065253
real,00019919_003.png,19919,,cardiomegaly_0,-5.765129,0.003125193,0.9560517
real,00019927_005.png,19927,,cardiomegaly_0,-5.1049995,0.0060297633,0.89398247
real,00019927_007.png,19927,,cardiomegaly_0,-5.2693367,0.005120667,0.92161995
real,00019927_008.png,19927,,cardiomegaly_0,-4.8312283,0.007913593,0.8929353
real,00019927_009.png,19927,,cardiomegaly_0,-5.7334614,0.0032254204,0.95740694
real,00019927_010.png,19927,,cardiomegaly_0,-5.6881905,0.0033742897,0.95046675
real,00019964_000.png,19964,,cardiomegaly_0,-5.0353737,0.006461742,0.8237847
real,00020234_000.png,20234,,cardiomegaly_0,-5.469328,0.0041963793,0.9021617
real,00020286_004.png,20286,,cardiomegaly_0,-2.22258,0.097741045,0.4860176
real,00020286_003.png,20286,,cardiomegaly_0,-1.417181,0.19510388,0.45958978
real,00020286_002.png,20286,,cardiomegaly_0,-0.720171,0.32735533,0.42505726
real,00020286_008.png,20286,,cardiomegaly_0,-2.6847668,0.06387824,0.4582809
real,00020286_009.png,20286,,cardiomegaly_0,-1.5657063,0.17282936,0.35644162
real,00020286_012.png,20286,,cardiomegaly_0,-1.513464,0.180426,0.36674982
real,00020286_011.png,20286,,cardiomegaly_0,-2.3483353,0.08719819,0.53712493
real,00020286_014.png,20286,,cardiomegaly_0,-2.5725784,0.07092421,0.5154796
real,00020286_015.png,20286,,cardiomegaly_0,-1.7774086,0.14462341,0.39321813
real,00020286_028.png,20286,,cardiomegaly_0,-0.2604561,0.43525162,0.40273136
real,00020286_023.png,20286,,cardiomegaly_0,-1.9310379,0.12663575,0.43391976
real,00020286_026.png,20286,,cardiomegaly_0,-2.742508,0.060511168,0.5061903
real,00020312_018.png,20312,,cardiomegaly_0,-4.9509144,0.007027204,0.8265386
real,00020318_035.png,20318,,cardiomegaly_0,-5.683405,0.0033904212,0.9401637
real,00020318_002.png,20318,,cardiomegaly_0,2.0988293,0.8907894,0.5664813
real,00020318_003.png,20318,,cardiomegaly_0,-1.3949566,0.19861764,0.39894548
real,00020318_004.png,20318,,cardiomegaly_0,-3.242361,0.037602354,0.5796468
real,00020318_006.png,20318,,cardiomegaly_0,-2.9953766,0.047635183,0.5758171
real,00020318_008.png,20318,,cardiomegaly_0,-3.1020546,0.043022584,0.5716181
real,00020318_010.png,20318,,cardiomegaly_0,-1.8717136,0.13334356,0.40419844
real,00020318_011.png,20318,,cardiomegaly_0,-2.7623863,0.059390917,0.5383734
real,00020318_012.png,20318,,cardiomegaly_0,-2.3307915,0.08860472,0.5352417
real,00020318_014.png,20318,,cardiomegaly_0,-2.7111816,0.062316764,0.58712053
real,00020318_015.png,20318,,cardiomegaly_0,-2.287302,0.09218008,0.5305663
real,00020318_017.png,20318,,cardiomegaly_0,-3.2335892,0.037921086,0.6902232
real,00020318_018.png,20318,,cardiomegaly_0,-2.041811,0.11488245,0.47466716
real,00020318_019.png,20318,,cardiomegaly_0,-3.060566,0.044763494,0.63284737
real,00020318_020.png,20318,,cardiomegaly_0,-3.0354996,0.045847647,0.6478637
real,00020318_021.png,20318,,cardiomegaly_0,-4.04739,0.017168019,0.7834004
real,00020318_022.png,20318,,cardiomegaly_0,-4.134947,0.015751438,0.8337888
real,00020318_023.png,20318,,cardiomegaly_0,-3.2758293,0.036409754,0.7284667
real,00020382_000.png,20382,,cardiomegaly_0,-2.8540516,0.05447226,0.5754724
real,00020393_003.png,20393,,cardiomegaly_0,-4.8527985,0.007746032,0.84973776
real,00020393_004.png,20393,,cardiomegaly_0,-5.8674545,0.0028220813,0.96319705
real,00020399_000.png,20399,,cardiomegaly_0,-3.0844479,0.043753345,0.7097584
real,00020428_000.png,20428,,cardiomegaly_0,6.478958,0.9984669,0.9463768
real,00020485_000.png,20485,,cardiomegaly_0,-6.759102,0.001158926,0.9880151
real,00020629_006.png,20629,,cardiomegaly_0,-2.843544,0.055015992,0.5641365
real,00020629_007.png,20629,,cardiomegaly_0,-5.152313,0.0057527195,0.8869142
real,00020629_008.png,20629,,cardiomegaly_0,-4.394924,0.0121894,0.8188481
real,00020629_011.png,20629,,cardiomegaly_0,8.507328,0.9997981,0.99344647
real,00020629_012.png,20629,,cardiomegaly_0,8.295006,0.9997503,0.9906556
real,00020629_014.png,20629,,cardiomegaly_0,-2.0838432,0.110677116,0.43392557
real,00020629_016.png,20629,,cardiomegaly_0,-6.1409855,0.0021481763,0.95489377
real,00020642_002.png,20642,,cardiomegaly_0,-3.4927406,0.02951949,0.63380605
real,00020642_003.png,20642,,cardiomegaly_0,-4.478361,0.011224581,0.8194581
real,00020671_000.png,20671,,cardiomegaly_0,-2.3118744,0.09014429,0.5316937
real,00020671_003.png,20671,,cardiomegaly_0,-2.5711002,0.071021676,0.54798293
real,00020671_004.png,20671,,cardiomegaly_0,-0.09446716,0.4764008,0.22155896
real,00020671_005.png,20671,,cardiomegaly_0,-2.8260117,0.05593463,0.54562825
real,00020671_006.png,20671,,cardiomegaly_0,-2.5055656,0.07546893,0.46858057
real,00020671_008.png,20671,,cardiomegaly_0,-2.741106,0.06059092,0.55054426
real,00020671_009.png,20671,,cardiomegaly_0,-4.028961,0.017481755,0.8109557
real,00020671_010.png,20671,,cardiomegaly_0,-3.619341,0.026100826,0.74779624
real,00020671_015.png,20671,,cardiomegaly_0,0.34705544,0.58590335,0.35622758
real,00020671_016.png,20671,,cardiomegaly_0,-1.7563515,0.14724788,0.54726255
real,00020671_017.png,20671,,cardiomegaly_0,-1.9543171,0.12408339,0.49425343
real,00020671_018.png,20671,,cardiomegaly_0,-4.021557,0.017609386,0.78769463
real,00020683_000.png,20683,,cardiomegaly_0,-3.3488712,0.033932146,0.57219666
real,00020683_001.png,20683,,cardiomegaly_0,-2.7590847,0.05957562,0.46118158
real,00020758_001.png,20758,,cardiomegaly_0,7.796982,0.99958926,0.98666304
real,00020810_004.png,20810,,cardiomegaly_0,-4.7402706,0.00866062,0.8249369
real,00020811_013.png,20811,,cardiomegaly_0,-3.2455997,0.037485328,0.6467173
real,00020811_014.png,20811,,cardiomegaly_0,-4.395109,0.012187174,0.7973146
real,00020811_004.png,20811,,cardiomegaly_0,-4.2979527,0.013413984,0.8454714
real,00020811_008.png,20811,,cardiomegaly_0,-2.599718,0.069156565,0.4696993
real,00020819_002.png,20819,,cardiomegaly_0,8.415703,0.9997787,0.9953652
real,00020819_006.png,20819,,cardiomegaly_0,-4.3048134,0.013323492,0.81200594
real,00020819_010.png,20819,,cardiomegaly_0,7.820757,0.9995989,0.990609
real,00020819_012.png,20819,,cardiomegaly_0,6.825281,0.9989152,0.9865767
real,00020819_013.png,20819,,cardiomegaly_0,4.8251286,0.99203837,0.8933156
real,00020819_014.png,20819,,cardiomegaly_0,3.5783558,0.97283685,0.7928251
real,00020819_015.png,20819,,cardiomegaly_0,3.462389,0.9695985,0.7401045
real,00020819_016.png,20819,,cardiomegaly_0,2.8623867,0.94595546,0.70202553
real,00020869_007.png,20869,,cardiomegaly_0,-4.6246986,0.0097113745,0.8191762
real,00020880_002.png,20880,,cardiomegaly_0,-4.304117,0.013332648,0.7048268
real,00020880_004.png,20880,,cardiomegaly_0,-5.3549786,0.0047023543,0.90131867
real,00020928_001.png,20928,,cardiomegaly_0,-1.7176628,0.15217246,0.5064651
real,00020934_000.png,20934,,cardiomegaly_0,0.3126068,0.5775214,0.2376701
real,00021023_005.png,21023,,cardiomegaly_0,-2.3433914,0.08759249,0.36136824
real,00021023_007.png,21023,,cardiomegaly_0,-3.0709362,0.044322155,0.5653864
real,00021023_020.png,21023,,cardiomegaly_0,-4.7833843,0.008298196,0.82365763
real,00021107_001.png,21107,,cardiomegaly_0,9.604565,0.9999325,0.99464685
real,00021107_002.png,21107,,cardiomegaly_0,9.468845,0.99992275,0.9906092
real,00021200_003.png,21200,,cardiomegaly_0,9.671137,0.99993694,0.9964361
real,00021245_002.png,21245,,cardiomegaly_0,-2.6398678,0.06661625,0.43356907
real,00021245_003.png,21245,,cardiomegaly_0,-2.2275066,0.097307436,0.40495506
real,00021260_005.png,21260,,cardiomegaly_0,-4.675596,0.009233906,0.8773533
real,00021362_003.png,21362,,cardiomegaly_0,0.50557137,0.62376773,0.34886923
real,00021362_004.png,21362,,cardiomegaly_0,7.06147,0.99914324,0.9798096
real,00021362_005.png,21362,,cardiomegaly_0,5.7772713,0.99691236,0.93062055
real,00021398_000.png,21398,,cardiomegaly_0,-2.2241535,0.09760237,0.44525424
real,00021398_001.png,21398,,cardiomegaly_0,-2.004593,0.118721545,0.35232297
real,00021409_003.png,21409,,cardiomegaly_0,-0.99045753,0.2708217,0.38747987
real,00021409_004.png,21409,,cardiomegaly_0,2.4961128,0.92386883,0.5722628
real,00021409_005.png,21409,,cardiomegaly_0,5.8063545,0.99700063,0.96315
real,00021409_009.png,21409,,cardiomegaly_0,-0.53990746,0.36820912,0.3723902
real,00021455_000.png,21455,,cardiomegaly_0,-5.6314144,0.0035707075,0.9533708
real,00021455_001.png,21455,,cardiomegaly_0,-5.4072456,0.004463957,0.9336296
real,00021455_005.png,21455,,cardiomegaly_0,1.8366051,0.8625467,0.69516754
real,00021455_006.png,21455,,cardiomegaly_0,0.086229324,0.521544,0.51158804
real,00021455_007.png,21455,,cardiomegaly_0,0.7233963,0.67335445,0.55359465
real,00021455_009.png,21455,,cardiomegaly_0,-4.3034286,0.013341708,0.83254457
real,00021495_002.png,21495,,cardiomegaly_0,-4.894394,0.0074327863,0.91142875
real,00021495_006.png,21495,,cardiomegaly_0,-4.291506,0.013499572,0.82070553
real,00021495_007.png,21495,,cardiomegaly_0,-3.2305126,0.038033485,0.6421187
real,00021495_008.png,21495,,cardiomegaly_0,-3.8477573,0.020882148,0.72447056
real,00021648_009.png,21648,,cardiomegaly_0,-5.443918,0.00430391,0.9162763
real,00021649_001.png,21649,,cardiomegaly_0,-5.6870575,0.0033781019,0.9154696
real,00021684_000.png,21684,,cardiomegaly_0,-5.490967,0.004106919,0.92299235
real,00021707_003.png,21707,,cardiomegaly_0,-5.176607,0.005615423,0.90630746
real,00021707_004.png,21707,,cardiomegaly_0,-4.0282497,0.017493978,0.6755319
real,00021803_000.png,21803,,cardiomegaly_0,-4.8843327,0.007507383,0.8514064
real,00021803_001.png,21803,,cardiomegaly_0,-5.4469795,0.004290811,0.93342656
real,00021845_000.png,21845,,cardiomegaly_0,2.6509056,0.9340668,0.539636
real,00021845_003.png,21845,,cardiomegaly_0,-5.975765,0.002533125,0.9598857
real,00021972_025.png,21972,,cardiomegaly_0,0.49928284,0.6222908,0.3808648
real,00021972_027.png,21972,,cardiomegaly_0,-0.25735283,0.43601456,0.39009267
real,00021972_028.png,21972,,cardiomegaly_0,-3.4834518,0.029786762,0.69319654
real,00021972_029.png,21972,,cardiomegaly_0,-3.6270924,0.025904506,0.74575484
real,00021972_030.png,21972,,cardiomegaly_0,-1.4521141,0.18967642,0.31237388
real,00021972_032.png,21972,,cardiomegaly_0,-3.292162,0.035841063,0.52816975
real,00021972_001.png,21972,,cardiomegaly_0,-1.9957047,0.11965464,0.4830383
real,00021972_003.png,21972,,cardiomegaly_0,-3.5922222,0.0267991,0.7191983
real,00021972_005.png,21972,,cardiomegaly_0,-1.4038448,0.19720669,0.34018686
real,00021972_007.png,21972,,cardiomegaly_0,-3.3864155,0.032722723,0.6570232
real,00021972_009.png,21972,,cardiomegaly_0,5.779579,0.9969195,0.9591458
real,00021972_010.png,21972,,cardiomegaly_0,6.5227795,0.99853253,0.9835895
real,00021976_004.png,21976,,cardiomegaly_0,-3.154827,0.040901497,0.54789335
real,00021976_005.png,21976,,cardiomegaly_0,-4.4832096,0.011170897,0.70469254
real,00021976_006.png,21976,,cardiomegaly_0,-3.6809063,0.02458069,0.5498803
real,00021976_007.png,21976,,cardiomegaly_0,-4.0374126,0.01733718,0.6554092
real,00021976_008.png,21976,,cardiomegaly_0,-4.5882854,0.010067888,0.7443904
real,00021976_009.png,21976,,cardiomegaly_0,-3.6720734,0.024793364,0.5987758
real,00021976_010.png,21976,,cardiomegaly_0,-4.661495,0.009363809,0.7587076
real,00021976_011.png,21976,,cardiomegaly_0,-4.4092407,0.012018216,0.70149213
real,00021976_013.png,21976,,cardiomegaly_0,-4.582182,0.010128901,0.76172024
real,00021976_012.png,21976,,cardiomegaly_0,-4.2067547,0.014676034,0.69735265
real,00022147_005.png,22147,,cardiomegaly_0,7.649067,0.99952376,0.97340167
real,00022147_000.png,22147,,cardiomegaly_0,1.7065964,0.8463943,0.29259628
real,00022155_003.png,22155,,cardiomegaly_0,-3.0220413,0.04643999,0.5412438
real,00022155_004.png,22155,,cardiomegaly_0,-2.0823727,0.11082194,0.45861816
real,00022155_005.png,22155,,cardiomegaly_0,0.20688057,0.55153644,0.35566196
real,00022155_008.png,22155,,cardiomegaly_0,-3.5102234,0.029022738,0.63747233
real,00022155_010.png,22155,,cardiomegaly_0,-2.3899593,0.083941564,0.36909273
real,00022155_011.png,22155,,cardiomegaly_0,-3.6120605,0.026286528,0.62793165
real,00022155_013.png,22155,,cardiomegaly_0,0.45764732,0.6124559,0.23080502
real,00022155_021.png,22155,,cardiomegaly_0,0.014974594,0.5037436,0.40930793
real,00022175_001.png,22175,,cardiomegaly_0,3.5369568,0.97172123,0.6096235
real,00022341_005.png,22341,,cardiomegaly_0,1.857275,0.864979,0.5328419
real,00022574_000.png,22574,,cardiomegaly_0,-5.63237,0.0035673091,0.9402127
real,00022651_001.png,22651,,cardiomegaly_0,3.96809,0.9814415,0.8553404
real,00022651_003.png,22651,,cardiomegaly_0,5.001629,0.99331796,0.91476095
real,00022651_004.png,22651,,cardiomegaly_0,-1.4187965,0.19485033,0.45207956
real,00022651_005.png,22651,,cardiomegaly_0,1.7925034,0.8572339,0.484784
real,00022651_006.png,22651,,cardiomegaly_0,-3.0091953,0.047012184,0.6518511
real,00022651_007.png,22651,,cardiomegaly_0,-3.893427,0.019968534,0.7567662
real,00022651_008.png,22651,,cardiomegaly_0,-3.9680462,0.01855938,0.8109212
real,00022651_009.png,22651,,cardiomegaly_0,-4.160721,0.015356802,0.8020462
real,00022651_010.png,22651,,cardiomegaly_0,-4.3806458,0.012362527,0.87095106
real,00022651_013.png,22651,,cardiomegaly_0,-0.12047768,0.46991697,0.26480898
real,00022651_015.png,22651,,cardiomegaly_0,-2.1068954,0.10842843,0.3891833
real,00022651_016.png,22651,,cardiomegaly_0,-3.0977592,0.04319978,0.5590102
real,00022651_017.png,22651,,cardiomegaly_0,-3.492979,0.029512659,0.68010265
real,00022651_018.png,22651,,cardiomegaly_0,-3.0414104,0.04558976,0.6392448
real,00022651_019.png,22651,,cardiomegaly_0,-2.6673603,0.06492704,0.4585658
real,00022651_023.png,22651,,cardiomegaly_0,0.46092987,0.6132347,0.247891
real,00022677_002.png,22677,,cardiomegaly_0,9.19483,0.99989843,0.99416643
real,00022716_000.png,22716,,cardiomegaly_0,-4.988783,0.0067678373,0.8715272
real,00022789_000.png,22789,,cardiomegaly_0,-3.9694881,0.018533133,0.7671485
real,00022789_001.png,22789,,cardiomegaly_0,-5.8897324,0.0027600783,0.9316484
real,00022818_000.png,22818,,cardiomegaly_0,-5.5444756,0.0038937721,0.9323339
real,00022883_002.png,22883,,cardiomegaly_0,0.0777092,0.5194175,0.23066153
real,00022883_011.png,22883,,cardiomegaly_0,-4.1005955,0.016292954,0.6554484
real,00022883_012.png,22883,,cardiomegaly_0,-3.393818,0.032489233,0.5649006
real,00023073_008.png,23073,,cardiomegaly_0,-5.377058,0.004600139,0.9496638
real,00023093_007.png,23093,,cardiomegaly_0,8.343063,0.999762,0.99350065
real,00023093_009.png,23093,,cardiomegaly_0,9.997124,0.99995446,0.99644285
real,00023093_011.png,23093,,cardiomegaly_0,8.617846,0.9998192,0.98785174
real,00023093_012.png,23093,,cardiomegaly_0,10.180815,0.9999621,0.9967344
real,00023093_017.png,23093,,cardiomegaly_0,9.793184,0.9999442,0.99491096
real,00023097_000.png,23097,,cardiomegaly_0,-4.3364506,0.01291393,0.88763505
real,00023097_001.png,23097,,cardiomegaly_0,-4.42309,0.0118548805,0.87176126
real,00023097_002.png,23097,,cardiomegaly_0,-4.531658,0.0106482105,0.879993
real,00023097_007.png,23097,,cardiomegaly_0,-4.7982635,0.008176642,0.9152732
real,00023156_002.png,23156,,cardiomegaly_0,0.37371445,0.5923562,0.44777197
real,00023156_004.png,23156,,cardiomegaly_0,3.8571033,0.97930807,0.86468464
real,00023156_005.png,23156,,cardiomegaly_0,-1.1808376,0.23490164,0.47239172
real,00023156_010.png,23156,,cardiomegaly_0,-2.6705513,0.06473358,0.51937336
real,00023156_013.png,23156,,cardiomegaly_0,-3.4293137,0.031391796,0.72619605
real,00023156_014.png,23156,,cardiomegaly_0,-3.2640972,0.03682362,0.6574818
real,00023156_020.png,23156,,cardiomegaly_0,-4.6171513,0.009784227,0.8665715
real,00023156_021.png,23156,,cardiomegaly_0,-2.8729305,0.05350804,0.6116503
real,00023156_022.png,23156,,cardiomegaly_0,-4.788046,0.008259922,0.9135811
real,00023176_017.png,23176,,cardiomegaly_0,7.613699,0.9995066,0.98996216
real,00023196_003.png,23196,,cardiomegaly_0,9.151199,0.9998939,0.9946356
real,00023319_000.png,23319,,cardiomegaly_0,-6.151207,0.0021263773,0.96221024
real,00023325_013.png,23325,,cardiomegaly_0,8.43977,0.99978393,0.9947
real,00023325_014.png,23325,,cardiomegaly_0,9.468166,0.99992275,0.9962335
real,00024073_000.png,24073,,cardiomegaly_0,-3.2253208,0.038223896,0.5705763
real,00024116_001.png,24116,,cardiomegaly_0,-4.706848,0.008952335,0.8057523
real,00024264_000.png,24264,,cardiomegaly_0,-0.46339607,0.3861805,0.4081359
real,00024692_001.png,24692,,cardiomegaly_0,7.0949936,0.9991715,0.9744081
real,00024749_000.png,24749,,cardiomegaly_0,-5.6823196,0.0033940903,0.93332344
real,00025252_000.png,25252,,cardiomegaly_0,-1.1743469,0.23607017,0.4348142
real,00025252_001.png,25252,,cardiomegaly_0,-2.4937649,0.07629645,0.5200931
real,00025261_000.png,25261,,cardiomegaly_0,-5.2535267,0.005201844,0.9244552
real,00025261_001.png,25261,,cardiomegaly_0,-4.112129,0.016109124,0.720071
real,00025261_002.png,25261,,cardiomegaly_0,-3.133379,0.04175121,0.53311133
real,00025261_004.png,25261,,cardiomegaly_0,-2.564495,0.071458705,0.44715217
real,00025290_032.png,25290,,cardiomegaly_0,8.680748,0.9998301,0.9875592
real,00025416_001.png,25416,,cardiomegaly_0,0.12290573,0.5306878,0.21034345
real,00025517_000.png,25517,,cardiomegaly_0,-3.0698776,0.044367015,0.41960713
real,00025527_009.png,25527,,cardiomegaly_0,-5.099146,0.0060649477,0.9012115
real,00025635_000.png,25635,,cardiomegaly_0,-1.9655666,0.12286586,0.5302996
real,00025635_001.png,25635,,cardiomegaly_0,5.843794,0.9971105,0.9567522
real,00025635_008.png,25635,,cardiomegaly_0,5.9037437,0.9972783,0.9626411
real,00025688_001.png,25688,,cardiomegaly_0,-4.8896084,0.007468175,0.83096725
real,00025688_002.png,25688,,cardiomegaly_0,-5.898958,0.0027348006,0.9426596
real,00025696_000.png,25696,,cardiomegaly_0,9.327393,0.99991107,0.99670064
real,00025696_001.png,25696,,cardiomegaly_0,7.4049034,0.99939215,0.9924268
real,00025707_008.png,25707,,cardiomegaly_0,-2.7641926,0.059290092,0.39872903
real,00025707_010.png,25707,,cardiomegaly_0,-4.056486,0.017015208,0.6766554
real,00025707_013.png,25707,,cardiomegaly_0,-1.5304718,0.17792466,0.26868758
real,00025784_000.png,25784,,cardiomegaly_0,7.055378,0.999138,0.9784571
real,00025784_001.png,25784,,cardiomegaly_0,3.473053,0.9699112,0.6817532
real,00025832_007.png,25832,,cardiomegaly_0,-3.8935833,0.019965474,0.5628784
real,00025924_003.png,25924,,cardiomegaly_0,-5.3717937,0.004624307,0.91087455
real,00025924_006.png,25924,,cardiomegaly_0,-5.9727764,0.0025406883,0.97054845
real,00025924_016.png,25924,,cardiomegaly_0,-5.590576,0.0037189939,0.9449435
real,00025924_025.png,25924,,cardiomegaly_0,-3.7119064,0.023848267,0.7231333
real,00025924_026.png,25924,,cardiomegaly_0,-4.6752014,0.009237519,0.85154724
real,00025924_027.png,25924,,cardiomegaly_0,-5.52116,0.003985258,0.93365884
real,00026657_000.png,26657,,cardiomegaly_0,-2.2536163,0.09503798,0.35142407
real,00026715_002.png,26715,,cardiomegaly_0,9.090939,0.99988735,0.9977531
real,00026715_003.png,26715,,cardiomegaly_0,8.658901,0.9998265,0.9967609
real,00026715_004.png,26715,,cardiomegaly_0,9.01457,0.9998784,0.9973511
real,00026738_005.png,26738,,cardiomegaly_0,-5.5234737,0.0039760843,0.9350949
real,00026751_000.png,26751,,cardiomegaly_0,-4.6140423,0.009814395,0.75414884
real,00026815_000.png,26815,,cardiomegaly_0,-5.7301407,0.003236114,0.9201093
real,00026815_002.png,26815,,cardiomegaly_0,-6.307083,0.0018200254,0.9695172
real,00026889_000.png,26889,,cardiomegaly_0,4.278946,0.9863322,0.90824515
real,00026889_001.png,26889,,cardiomegaly_0,1.4232178,0.8058424,0.48476753
real,00026889_002.png,26889,,cardiomegaly_0,-0.79535866,0.3110192,0.39423695
real,00026911_006.png,26911,,cardiomegaly_0,-2.7874737,0.058004845,0.5424768
real,00026912_000.png,26912,,cardiomegaly_0,-6.3801556,0.0016919916,0.963506
real,00026913_000.png,26913,,cardiomegaly_0,-5.9247665,0.0026653085,0.9500373
real,00026967_002.png,26967,,cardiomegaly_0,-3.2530003,0.037219226,0.5082813
real,00026999_000.png,26999,,cardiomegaly_0,-5.2031956,0.0054688905,0.90913016
real,00027011_000.png,27011,,cardiomegaly_0,-4.6608276,0.009370003,0.86175394
real,00027061_001.png,27061,,cardiomegaly_0,10.124981,0.99995995,0.9967436
real,00027092_004.png,27092,,cardiomegaly_0,-0.5979881,0.3548041,0.22033626
real,00027092_005.png,27092,,cardiomegaly_0,-1.543829,0.17597936,0.38049915
real,00027092_006.png,27092,,cardiomegaly_0,-4.8875847,0.0074831913,0.8516702
real,00027142_008.png,27142,,cardiomegaly_0,-4.7538185,0.008545074,0.79647064
real,00027142_009.png,27142,,cardiomegaly_0,-4.6591835,0.009385277,0.8025829
real,00027306_000.png,27306,,cardiomegaly_0,-5.646162,0.0035186184,0.92584646
real,00027389_002.png,27389,,cardiomegaly_0,8.772093,0.999845,0.9904792
real,00027389_003.png,27389,,cardiomegaly_0,9.613716,0.99993324,0.996275
real,00027420_002.png,27420,,cardiomegaly_0,-4.8572655,0.0077117733,0.9159455
real,00027420_003.png,27420,,cardiomegaly_0,-5.471056,0.004189165,0.9197113
real,00027422_003.png,27422,,cardiomegaly_0,-3.096531,0.04325058,0.532785
real,00027441_025.png,27441,,cardiomegaly_0,-3.1410294,0.041446205,0.5318322
real,00027474_005.png,27474,,cardiomegaly_0,-2.114626,0.107683375,0.3358809
real,00027474_007.png,27474,,cardiomegaly_0,-2.214222,0.0984806,0.43512225
real,00027474_008.png,27474,,cardiomegaly_0,-3.3891735,0.03263554,0.58602947
real,00027474_009.png,27474,,cardiomegaly_0,-4.3102703,0.013251945,0.73788697
real,00027485_001.png,27485,,cardiomegaly_0,-1.546011,0.17566316,0.39118543
real,00027514_008.png,27514,,cardiomegaly_0,-5.865095,0.0028287286,0.94841784
real,00027618_006.png,27618,,cardiomegaly_0,3.2575417,0.96294314,0.68661225
real,00027618_008.png,27618,,cardiomegaly_0,-2.4975948,0.07602696,0.35915515
real,00027618_009.png,27618,,cardiomegaly_0,-1.3542252,0.20518047,0.34930745
real,00027815_001.png,27815,,cardiomegaly_0,6.7181644,0.99879265,0.9440094
real,00027907_001.png,27907,,cardiomegaly_0,9.2481785,0.9999037,0.9931117
real,00028013_004.png,28013,,cardiomegaly_0,-4.9975643,0.006709063,0.8695707
real,00028013_005.png,28013,,cardiomegaly_0,-2.4218407,0.08152232,0.44191682
real,00028013_006.png,28013,,cardiomegaly_0,-3.8263912,0.021323502,0.7629791
real,00028013_010.png,28013,,cardiomegaly_0,-5.072504,0.006227682,0.9196298
real,00028013_011.png,28013,,cardiomegaly_0,-4.766197,0.008440836,0.8921914
real,00028013_013.png,28013,,cardiomegaly_0,-5.398493,0.0045030243,0.93845475
real,00028018_000.png,28018,,cardiomegaly_0,9.649437,0.9999355,0.99362475
real,00028027_000.png,28027,,cardiomegaly_0,5.9928417,0.9975096,0.9444838
real,00028027_003.png,28027,,cardiomegaly_0,-3.8551826,0.02073087,0.7877556
real,00028027_004.png,28027,,cardiomegaly_0,-3.0119457,0.046889115,0.7127237
real,00028036_000.png,28036,,cardiomegaly_0,-2.1037426,0.108733594,0.52705
real,00028105_000.png,28105,,cardiomegaly_0,-4.391815,0.012226893,0.837274
real,00028148_005.png,28148,,cardiomegaly_0,-4.023733,0.017571777,0.6864007
real,00028148_006.png,28148,,cardiomegaly_0,-5.4980984,0.0040778536,0.92942756
real,00028148_008.png,28148,,cardiomegaly_0,-5.174122,0.005629318,0.85625607
real,00028148_010.png,28148,,cardiomegaly_0,-1.131855,0.24381894,0.35879707
real,00028148_013.png,28148,,cardiomegaly_0,-3.6173744,0.026150856,0.6016997
real,00028148_014.png,28148,,cardiomegaly_0,-3.3365364,0.034338824,0.57761663
real,00028148_011.png,28148,,cardiomegaly_0,-3.7845497,0.0222144,0.64773035
real,00028148_012.png,28148,,cardiomegaly_0,-1.590147,0.16936322,0.33925232
real,00028148_017.png,28148,,cardiomegaly_0,-3.6880493,0.024410006,0.7070692
real,00028256_003.png,28256,,cardiomegaly_0,-4.610426,0.009849601,0.82974833
real,00028256_001.png,28256,,cardiomegaly_0,-2.4449081,0.0798117,0.49391365
real,00028256_004.png,28256,,cardiomegaly_0,-5.3903675,0.004539595,0.9105741
real,00028256_005.png,28256,,cardiomegaly_0,-5.971691,0.0025434399,0.94696766
real,00028274_000.png,28274,,cardiomegaly_0,-3.837204,0.021099018,0.8271598
real,00028392_001.png,28392,,cardiomegaly_0,-5.3786125,0.0045930264,0.9446547
real,00028392_004.png,28392,,cardiomegaly_0,-5.4732857,0.0041798735,0.9536965
real,00028392_005.png,28392,,cardiomegaly_0,-5.1616344,0.005699651,0.91406196
real,00028412_000.png,28412,,cardiomegaly_0,-4.4852123,0.011148796,0.82297635
real,00028558_000.png,28558,,cardiomegaly_0,-5.3130836,0.0049025575,0.8792146
real,00028625_000.png,28625,,cardiomegaly_0,-1.3916321,0.19914733,0.2970812
real,00028628_006.png,28628,,cardiomegaly_0,-1.9084167,0.12915882,0.44412908
real,00028628_007.png,28628,,cardiomegaly_0,-2.9190254,0.051221043,0.5155191
real,00028628_008.png,28628,,cardiomegaly_0,-2.1369858,0.10555362,0.41177732
real,00028628_009.png,28628,,cardiomegaly_0,-2.9083443,0.05174261,0.5280855
real,00028628_010.png,28628,,cardiomegaly_0,-3.8038578,0.021798858,0.6803692
real,00028628_016.png,28628,,cardiomegaly_0,-2.139614,0.10530574,0.40446526
real,00028628_017.png,28628,,cardiomegaly_0,-0.41109657,0.39864922,0.31464455
real,00028628_022.png,28628,,cardiomegaly_0,-2.2163906,0.09828823,0.49301153
real,00028703_000.png,28703,,cardiomegaly_0,-5.276932,0.0050821197,0.9391819
real,00028764_004.png,28764,,cardiomegaly_0,-6.4996376,0.0015017256,0.982392
real,00028766_000.png,28766,,cardiomegaly_0,-4.3806744,0.012362178,0.7737591
real,00028772_000.png,28772,,cardiomegaly_0,-4.8286304,0.007934014,0.84591126
real,00028811_000.png,28811,,cardiomegaly_0,-4.5133667,0.010842643,0.86411625
real,00028811_001.png,28811,,cardiomegaly_0,-2.5924664,0.06962485,0.5418387
real,00028811_002.png,28811,,cardiomegaly_0,-4.0326824,0.017417952,0.8442672
real,00028811_006.png,28811,,cardiomegaly_0,-3.9122677,0.01960314,0.8305979
real,00028811_007.png,28811,,cardiomegaly_0,-5.0383663,0.0064425576,0.92991006
real,00028882_005.png,28882,,cardiomegaly_0,-6.0141773,0.0024379,0.94384664
real,00028897_002.png,28897,,cardiomegaly_0,-5.8257885,0.002941797,0.95916617
real,00028897_003.png,28897,,cardiomegaly_0,-5.8180695,0.0029645253,0.9456964
real,00028897_011.png,28897,,cardiomegaly_0,-2.424162,0.08134869,0.4751798
real,00028897_012.png,28897,,cardiomegaly_0,1.5474663,0.82454747,0.41668957
real,00028897_013.png,28897,,cardiomegaly_0,-2.1943607,0.100258045,0.4067746
real,00028897_015.png,28897,,cardiomegaly_0,-3.4126701,0.03190183,0.6182845
real,00028897_016.png,28897,,cardiomegaly_0,-2.2643108,0.09412218,0.4693133
real,00028897_018.png,28897,,cardiomegaly_0,-3.4353027,0.031210197,0.6581697
real,00028897_019.png,28897,,cardiomegaly_0,-3.2408352,0.03765761,0.6515825
real,00028934_001.png,28934,,cardiomegaly_0,-2.5048084,0.075521775,0.46945503
real,00029021_000.png,29021,,cardiomegaly_0,-5.515135,0.004009246,0.91035426
real,00029022_000.png,29022,,cardiomegaly_0,-2.8398895,0.055206303,0.5282055
real,00029031_000.png,29031,,cardiomegaly_0,-6.562044,0.0014110006,0.97769064
real,00029058_004.png,29058,,cardiomegaly_0,-5.619688,0.0036126731,0.93330365
real,00029105_001.png,29105,,cardiomegaly_0,8.198891,0.99972504,0.99548495
real,00029105_002.png,29105,,cardiomegaly_0,8.947361,0.99986994,0.99762195
real,00029105_007.png,29105,,cardiomegaly_0,3.1647186,0.9594847,0.7803765
real,00029105_009.png,29105,,cardiomegaly_0,7.609379,0.99950445,0.994529
real,00029105_010.png,29105,,cardiomegaly_0,5.1264534,0.9940975,0.96043414
real,00029105_011.png,29105,,cardiomegaly_0,4.499035,0.9890026,0.9204029
real,00029105_014.png,29105,,cardiomegaly_0,-0.37874985,0.40642846,0.345675
real,00029105_015.png,29105,,cardiomegaly_0,-0.4535427,0.38851875,0.41633824
real,00029225_000.png,29225,,cardiomegaly_0,9.241325,0.9999031,0.99631804
real,00029297_000.png,29297,,cardiomegaly_0,-6.1927357,0.0020400565,0.9687653
real,00029297_003.png,29297,,cardiomegaly_0,-1.2250862,0.22704262,0.31306058
real,00029297_004.png,29297,,cardiomegaly_0,-3.9544144,0.01880932,0.7386929
real,00029297_005.png,29297,,cardiomegaly_0,-5.631605,0.003570029,0.9403476
real,00029459_002.png,29459,,cardiomegaly_0,5.8537407,0.9971391,0.96333396
real,00029459_004.png,29459,,cardiomegaly_0,8.484213,0.99979335,0.9940707
real,00029500_000.png,29500,,cardiomegaly_0,9.173477,0.9998963,0.997039
real,00029510_000.png,29510,,cardiomegaly_0,7.3608055,0.9993647,0.97962713
real,00029551_000.png,29551,,cardiomegaly_0,-3.2718258,0.036550477,0.66635364
real,00029551_003.png,29551,,cardiomegaly_0,-4.149891,0.015521424,0.78019434
real,00029551_004.png,29551,,cardiomegaly_0,-3.5764236,0.027214237,0.65273833
real,00029551_005.png,29551,,cardiomegaly_0,-2.736185,0.06087162,0.45681515
real,00029552_000.png,29552,,cardiomegaly_0,8.346891,0.99976295,0.98799485
real,00029579_000.png,29579,,cardiomegaly_0,0.12684059,0.5316677,0.34096214
real,00029579_004.png,29579,,cardiomegaly_0,0.84659195,0.69985175,0.43611625
real,00029579_005.png,29579,,cardiomegaly_0,4.500242,0.98901576,0.91942894
real,00029579_009.png,29579,,cardiomegaly_0,-1.9242344,0.12739012,0.48801073
real,00029579_014.png,29579,,cardiomegaly_0,-3.6806393,0.024587091,0.74271315
real,00029579_012.png,29579,,cardiomegaly_0,-3.101637,0.043039788,0.6826155
real,00029579_015.png,29579,,cardiomegaly_0,-3.5290966,0.028495586,0.7751106
real,00029631_004.png,29631,,cardiomegaly_0,4.6558743,0.9905839,0.9296114
real,00029631_006.png,29631,,cardiomegaly_0,-5.0536613,0.006345388,0.9145435
real,00029631_007.png,29631,,cardiomegaly_0,-4.4644985,0.011379484,0.8641189
real,00029631_012.png,29631,,cardiomegaly_0,-4.462496,0.011402037,0.8364785
real,00029631_013.png,29631,,cardiomegaly_0,-4.324129,0.013071941,0.79619604
real,00029747_002.png,29747,,cardiomegaly_0,-5.93404,0.002640771,0.9390369
real,00029756_000.png,29756,,cardiomegaly_0,-4.7475033,0.008598743,0.8267048
real,00029794_000.png,29794,,cardiomegaly_0,9.897306,0.9999497,0.99487954
real,00029821_013.png,29821,,cardiomegaly_0,3.9446468,0.9810096,0.8666911
real,00029821_014.png,29821,,cardiomegaly_0,9.185095,0.9998975,0.9950859
real,00029839_008.png,29839,,cardiomegaly_0,-5.182209,0.0055842292,0.94351095
real,00029839_009.png,29839,,cardiomegaly_0,-6.0521355,0.0023473094,0.96440846
real,00029943_002.png,29943,,cardiomegaly_0,-3.8969479,0.019899746,0.7569006
real,00029943_004.png,29943,,cardiomegaly_0,-4.7062817,0.008957363,0.88226306
real,00029943_005.png,29943,,cardiomegaly_0,-4.4676304,0.011344304,0.8388012
real,00029943_007.png,29943,,cardiomegaly_0,-5.101948,0.0060480814,0.90909207
real,00029943_006.png,29943,,cardiomegaly_0,-4.104477,0.01623086,0.8055476
real,00029943_008.png,29943,,cardiomegaly_0,-3.8468895,0.0208999,0.7465229
real,00029981_004.png,29981,,cardiomegaly_0,6.9581966,0.9990501,0.9888459
real,00029981_007.png,29981,,cardiomegaly_0,3.639349,0.97440296,0.7916317
real,00030059_009.png,30059,,cardiomegaly_0,2.7941704,0.94236,0.7318951
real,00030059_011.png,30059,,cardiomegaly_0,0.20775223,0.55175203,0.4333029
real,00030070_000.png,30070,,cardiomegaly_0,-4.745407,0.008616631,0.88009024
real,00030153_004.png,30153,,cardiomegaly_0,-4.360735,0.0126080075,0.8036668
real,00030162_023.png,30162,,cardiomegaly_0,-3.4615345,0.030426731,0.6586941
real,00030183_004.png,30183,,cardiomegaly_0,-5.009739,0.0066284165,0.89834726
real,00030183_005.png,30183,,cardiomegaly_0,-4.8623962,0.0076726093,0.89851797
real,00030183_006.png,30183,,cardiomegaly_0,-5.162119,0.0056969062,0.8970394
real,00030196_001.png,30196,,cardiomegaly_0,-3.011839,0.046893887,0.62351274
real,00030196_002.png,30196,,cardiomegaly_0,-3.4390354,0.031097533,0.6361429
real,00030207_000.png,30207,,cardiomegaly_0,6.247162,0.9980678,0.9775911
real,00030276_000.png,30276,,cardiomegaly_0,-3.8135777,0.021592556,0.77338564
real,00030389_005.png,30389,,cardiomegaly_0,4.872999,0.9924077,0.8519771
real,00030389_006.png,30389,,cardiomegaly_0,1.655653,0.8396536,0.37110448
real,00030389_007.png,30389,,cardiomegaly_0,2.3198395,0.91050684,0.49599034
real,00030389_008.png,30389,,cardiomegaly_0,7.740349,0.9995653,0.9903925
real,00030389_009.png,30389,,cardiomegaly_0,8.134647,0.9997068,0.9911482
real,00030389_010.png,30389,,cardiomegaly_0,7.578558,0.99948895,0.9886755
real,00030389_011.png,30389,,cardiomegaly_0,8.05283,0.99968195,0.99246955
real,00030389_012.png,30389,,cardiomegaly_0,9.368963,0.99991465,0.9967025
real,00030389_013.png,30389,,cardiomegaly_0,7.7647457,0.9995758,0.99243265
real,00030436_000.png,30436,,cardiomegaly_0,-5.927059,0.0026592214,0.9668221
real,00030490_000.png,30490,,cardiomegaly_0,6.953787,0.9990459,0.9738456
real,00030541_005.png,30541,,cardiomegaly_0,-3.8359375,0.021125192,0.78596693
real,00030561_005.png,30561,,cardiomegaly_0,-4.199053,0.014787825,0.81341296
real,00030561_006.png,30561,,cardiomegaly_0,-4.8721104,0.0075990013,0.89457333
real,00030561_007.png,30561,,cardiomegaly_0,-4.0693226,0.016801836,0.8285353
real,00030561_010.png,30561,,cardiomegaly_0,-4.98864,0.006768799,0.90334314
real,00030561_011.png,30561,,cardiomegaly_0,-4.921667,0.0072342567,0.89604646
real,00030561_013.png,30561,,cardiomegaly_0,-5.314663,0.004894859,0.93551916
real,00030561_014.png,30561,,cardiomegaly_0,-5.2571754,0.0051829964,0.9359959
real,00030561_017.png,30561,,cardiomegaly_0,-5.041746,0.0064209593,0.9299367
real,00030561_018.png,30561,,cardiomegaly_0,-5.2600765,0.0051680594,0.93481356
real,00030632_000.png,30632,,cardiomegaly_0,-4.38719,0.01228288,0.83641636
real,00030650_000.png,30650,,cardiomegaly_0,-4.1381874,0.015701277,0.78279746
real,00030650_001.png,30650,,cardiomegaly_0,-2.8267994,0.055893052,0.6226664
real,00030650_002.png,30650,,cardiomegaly_0,-3.5469131,0.028006481,0.7080241
real,00030650_003.png,30650,,cardiomegaly_0,-2.8245754,0.056010522,0.6335689
real,00030650_007.png,30650,,cardiomegaly_0,-2.7268677,0.06140645,0.5420891
real,00030650_008.png,30650,,cardiomegaly_0,-1.8017025,0.14164394,0.5615936
real,00030650_009.png,30650,,cardiomegaly_0,-2.4420242,0.08002376,0.6258078
real,00030659_000.png,30659,,cardiomegaly_0,-2.2609177,0.09441189,0.35688508
real,00030668_000.png,30668,,cardiomegaly_0,-4.9075584,0.0073362915,0.8654248
real,00002793_006.png,2793,,cardiomegaly_0,-6.5001545,0.0015009508,0.96512127
real,00014954_000.png,14954,,cardiomegaly_0,-6.052063,0.002347479,0.96921283
real,00026982_005.png,26982,,cardiomegaly_0,-5.772873,0.0031011603,0.95463
real,00014719_000.png,14719,,cardiomegaly_0,-6.115761,0.002202932,0.96301585
real,00003321_001.png,3321,,cardiomegaly_0,-5.858942,0.0028461383,0.9536348
real,00001430_001.png,1430,,cardiomegaly_0,4.5685596,0.98973364,0.8986001
real,00012460_000.png,12460,,cardiomegaly_0,-5.775625,0.0030926631,0.94139236
real,00008806_003.png,8806,,cardiomegaly_0,-4.4696846,0.011321288,0.77569807
real,00010931_003.png,10931,,cardiomegaly_0,-5.8395596,0.0029016798,0.9612825
real,00026815_001.png,26815,,cardiomegaly_0,-5.4387817,0.004325978,0.8766266
real,00028980_001.png,28980,,cardiomegaly_0,-2.772747,0.058814768,0.64652175
real,00019376_000.png,19376,,cardiomegaly_0,-3.48147,0.029844085,0.67596614
real,00020318_024.png,20318,,cardiomegaly_0,-4.0952396,0.016379016,0.82805896
real,00004909_001.png,4909,,cardiomegaly_0,-0.5120945,0.37470266,0.2942819
real,00000582_000.png,582,,cardiomegaly_0,-6.1960697,0.00203328,0.96525884
real,00006576_000.png,6576,,cardiomegaly_0,-5.562975,0.003822675,0.9393003
real,00022712_000.png,22712,,cardiomegaly_0,-6.425226,0.001617546,0.9775144
real,00018361_000.png,18361,,cardiomegaly_0,-5.9231873,0.00266951,0.9687547
real,00011380_001.png,11380,,cardiomegaly_0,-5.302704,0.0049534566,0.875161
real,00009306_000.png,9306,,cardiomegaly_0,-6.2440414,0.0019382271,0.97618604
real,00029058_000.png,29058,,cardiomegaly_0,-3.5589237,0.027681375,0.7064116
real,00011611_000.png,11611,,cardiomegaly_0,-6.046459,0.0023606396,0.94910634
real,00024476_000.png,24476,,cardiomegaly_0,-6.1695576,0.0020877933,0.9724303
real,00012478_000.png,12478,,cardiomegaly_0,-6.304981,0.001823848,0.9632581
real,00010673_000.png,10673,,cardiomegaly_0,-4.474388,0.011268761,0.78976315
real,00010933_000.png,10933,,cardiomegaly_0,-6.0959167,0.0022469843,0.9645086
real,00007431_000.png,7431,,cardiomegaly_0,-5.5505657,0.0038702216,0.9302493
real,00028628_005.png,28628,,cardiomegaly_0,-1.7268791,0.15098721,0.3657485
real,00002736_000.png,2736,,cardiomegaly_0,-0.70674896,0.33031762,0.3869218
real,00026148_002.png,26148,,cardiomegaly_0,-6.361311,0.0017241234,0.98242295
real,00021716_004.png,21716,,cardiomegaly_0,-5.369507,0.0046348455,0.86510926
real,00005364_000.png,5364,,cardiomegaly_0,-6.4678745,0.0015501155,0.9704718
real,00008623_002.png,8623,,cardiomegaly_0,-6.765871,0.0011511166,0.9820522
real,00015553_003.png,15553,,cardiomegaly_0,-4.7010574,0.009003858,0.87523013
real,00015552_000.png,15552,,cardiomegaly_0,-3.2385159,0.03774175,0.61819065
real,00004158_000.png,4158,,cardiomegaly_0,-6.226515,0.0019724295,0.9699911
real,00008802_002.png,8802,,cardiomegaly_0,6.432642,0.9983943,0.9687496
real,00004699_000.png,4699,,cardiomegaly_0,-5.8665466,0.0028246373,0.9505992
real,00015795_002.png,15795,,cardiomegaly_0,-5.8878937,0.0027651435,0.950271
real,00014429_018.png,14429,,cardiomegaly_0,-5.115631,0.005966378,0.8647379
real,00010920_003.png,10920,,cardiomegaly_0,-5.951071,0.0025962936,0.9643074
real,00006490_001.png,6490,,cardiomegaly_0,-5.588749,0.0037257702,0.92521477
real,00020060_005.png,20060,,cardiomegaly_0,-5.1487656,0.0057730465,0.8885547
real,00013970_000.png,13970,,cardiomegaly_0,-4.507347,0.010907394,0.824061
real,00012352_000.png,12352,,cardiomegaly_0,-2.1278725,0.10641714,0.40764937
real,00001199_006.png,1199,,cardiomegaly_0,-4.4463177,0.011585846,0.77489984
real,00019771_000.png,19771,,cardiomegaly_0,-4.873501,0.0075885225,0.8820577
real,00000304_000.png,304,,cardiomegaly_0,-5.0898056,0.006121513,0.88639593
real,00028287_000.png,28287,,cardiomegaly_0,-5.4978924,0.00407869,0.8979439
real,00015000_007.png,15000,,cardiomegaly_0,-5.831354,0.0029255173,0.9520374
real,00018476_000.png,18476,,cardiomegaly_0,-6.646744,0.0012965593,0.9755321
real,00027035_000.png,27035,,cardiomegaly_0,-6.236973,0.0019519494,0.96232903
real,00002228_000.png,2228,,cardiomegaly_0,-5.998127,0.0024772473,0.9526127
real,00019640_000.png,19640,,cardiomegaly_0,-5.9123974,0.0026983914,0.9468727
real,00010175_000.png,10175,,cardiomegaly_0,-5.878805,0.002790319,0.94490314
real,00003940_006.png,3940,,cardiomegaly_0,-6.2272797,0.0019709247,0.95905006
real,00014387_006.png,14387,,cardiomegaly_0,-3.0542412,0.045034725,0.5197971
real,00021375_002.png,21375,,cardiomegaly_0,-6.375717,0.0016995053,0.9713857
real,00001230_006.png,1230,,cardiomegaly_0,-6.1807594,0.0020645848,0.94727314
real,00012772_003.png,12772,,cardiomegaly_0,-5.624567,0.0035951533,0.9424835
real,00026354_001.png,26354,,cardiomegaly_0,-5.554476,0.0038551767,0.911473
real,00028962_000.png,28962,,cardiomegaly_0,-5.756336,0.003152707,0.9542165
real,00007876_000.png,7876,,cardiomegaly_0,-6.7745686,0.0011411596,0.98925525
real,00006921_000.png,6921,,cardiomegaly_0,-6.0915737,0.0022567422,0.94602287
real,00008576_000.png,8576,,cardiomegaly_0,4.377535,0.9875994,0.7948093
real,00021871_000.png,21871,,cardiomegaly_0,5.800066,0.9969818,0.94329745
real,00019774_008.png,19774,,cardiomegaly_0,-3.6228848,0.026010893,0.68763345
real,00026911_003.png,26911,,cardiomegaly_0,1.0803642,0.7465629,0.3569925
real,00009761_000.png,9761,,cardiomegaly_0,-2.1649914,0.102938615,0.37248936
real,00005511_000.png,5511,,cardiomegaly_0,-6.3760624,0.0016989196,0.97309494
real,00000517_004.png,517,,cardiomegaly_0,-0.5332813,0.3697519,0.2537919
real,00027025_000.png,27025,,cardiomegaly_0,-6.0856037,0.0022702247,0.9624991
real,00009061_001.png,9061,,cardiomegaly_0,-6.457079,0.0015669143,0.9819249
real,00006851_029.png,6851,,cardiomegaly_0,-5.7388535,0.0032081308,0.9143885
real,00020193_000.png,20193,,cardiomegaly_0,-6.0408516,0.002373883,0.96665794
real,00029105_019.png,29105,,cardiomegaly_0,5.5608826,0.9961694,0.9707877
real,00018284_013.png,18284,,cardiomegaly_0,-2.0155888,0.11757589,0.46744183
real,00016990_001.png,16990,,cardiomegaly_0,-2.7960777,0.057536498,0.5865264
real,00001563_000.png,1563,,cardiomegaly_0,-6.2591877,0.001909147,0.9660503
real,00010465_001.png,10465,,cardiomegaly_0,-5.380722,0.004583392,0.945664
real,00020568_000.png,20568,,cardiomegaly_0,7.4209347,0.9994018,0.97704065
real,00022920_000.png,22920,,cardiomegaly_0,-6.2124634,0.0020002848,0.9527663
real,00016907_000.png,16907,,cardiomegaly_0,-5.5277996,0.0039589894,0.9226344
real,00005401_001.png,5401,,cardiomegaly_0,-6.372835,0.0017044019,0.96148217
real,00004734_001.png,4734,,cardiomegaly_0,-1.3340569,0.20848912,0.2672142
real,00002793_001.png,2793,,cardiomegaly_0,-6.1920853,0.0020413809,0.95594436
real,00030153_002.png,30153,,cardiomegaly_0,-5.9195957,0.002679089,0.96659535
real,00023937_000.png,23937,,cardiomegaly_0,-6.069601,0.002306762,0.9664232
real,00029879_001.png,29879,,cardiomegaly_0,-3.2550983,0.037144117,0.64839876
real,00009907_001.png,9907,,cardiomegaly_0,-3.8546162,0.020742372,0.6776191
real,00007088_000.png,7088,,cardiomegaly_0,-6.078964,0.0022853133,0.96290404
real,00017618_001.png,17618,,cardiomegaly_0,-5.629593,0.0035771946,0.92638844
real,00026342_000.png,26342,,cardiomegaly_0,-6.1207333,0.0021920288,0.96155185
real,00006936_006.png,6936,,cardiomegaly_0,-5.9978046,0.002478044,0.96142256
real,00019503_000.png,19503,,cardiomegaly_0,-6.407055,0.0016471588,0.9724557
real,00021239_001.png,21239,,cardiomegaly_0,-6.6088657,0.001346545,0.9769551
real,00015762_000.png,15762,,cardiomegaly_0,-6.5684586,0.0014019917,0.982936
real,00012129_000.png,12129,,cardiomegaly_0,-5.8763847,0.0027970618,0.95440733
real,00007589_000.png,7589,,cardiomegaly_0,-6.5053997,0.0014931102,0.9804601
real,00011310_000.png,11310,,cardiomegaly_0,-5.0792503,0.0061860676,0.90064454
real,00011029_001.png,11029,,cardiomegaly_0,-6.4272385,0.0016142996,0.9767177
real,00017824_000.png,17824,,cardiomegaly_0,-5.6336765,0.003562668,0.918624
real,00003013_002.png,3013,,cardiomegaly_0,-5.6748295,0.0034195208,0.9267994
real,00013541_000.png,13541,,cardiomegaly_0,-4.085991,0.016528688,0.7245093
real,00010905_017.png,10905,,cardiomegaly_0,-5.4105015,0.0044495114,0.9088546
real,00012784_000.png,12784,,cardiomegaly_0,-5.4845448,0.004133269,0.94925654
real,00023943_000.png,23943,,cardiomegaly_0,-6.644787,0.0012990958,0.983618
real,00001470_001.png,1470,,cardiomegaly_0,-1.1581135,0.23901026,0.3505598
real,00016417_005.png,16417,,cardiomegaly_0,-2.3144684,0.08993176,0.39328176
real,00017014_000.png,17014,,cardiomegaly_0,-6.377516,0.0016964563,0.9712078
real,00001223_001.png,1223,,cardiomegaly_0,4.0594234,0.98303384,0.7731475
real,00022677_003.png,22677,,cardiomegaly_0,1.0097103,0.73296344,0.28698564
real,00026292_004.png,26292,,cardiomegaly_0,0.21663857,0.5539488,0.18891841
real,00007113_000.png,7113,,cardiomegaly_0,-5.232382,0.0053124167,0.9350701
real,00021976_001.png,21976,,cardiomegaly_0,-6.2015476,0.0020221947,0.9608644
real,00017729_006.png,17729,,cardiomegaly_0,-6.0209084,0.0024215851,0.96752334
real,00015149_000.png,15149,,cardiomegaly_0,-4.7488403,0.008587353,0.8087602
real,00029340_001.png,29340,,cardiomegaly_0,-6.1760235,0.0020743653,0.96954614
real,00011985_000.png,11985,,cardiomegaly_0,-6.2263527,0.0019727487,0.95504344
real,00025037_000.png,25037,,cardiomegaly_0,-6.523876,0.0014658162,0.9823014
real,00009757_000.png,9757,,cardiomegaly_0,-3.6539726,0.0252348,0.67656
real,00001995_000.png,1995,,cardiomegaly_0,-6.072571,0.0022999374,0.9438623
real,00014560_000.png,14560,,cardiomegaly_0,-5.482071,0.0041434644,0.93685764
real,00025738_000.png,25738,,cardiomegaly_0,-6.381588,0.0016895736,0.97259533
real,00024116_002.png,24116,,cardiomegaly_0,-2.8750324,0.053401694,0.5596263
real,00012537_000.png,12537,,cardiomegaly_0,-6.309063,0.0018164321,0.97250885
real,00006005_000.png,6005,,cardiomegaly_0,-2.7471275,0.060249083,0.47985494
real,00023422_000.png,23422,,cardiomegaly_0,-6.414238,0.0016353887,0.97741824
real,00014662_001.png,14662,,cardiomegaly_0,-6.227331,0.0019708232,0.9683802
real,00015783_000.png,15783,,cardiomegaly_0,-1.2788239,0.2177505,0.40589142
real,00025058_000.png,25058,,cardiomegaly_0,-6.3227863,0.0017917192,0.97556436
real,00008142_005.png,8142,,cardiomegaly_0,-6.30225,0.0018288272,0.97518617
real,00016219_000.png,16219,,cardiomegaly_0,-5.5381927,0.0039182166,0.94447386
real,00020699_003.png,20699,,cardiomegaly_0,5.28199,0.99494344,0.899612
real,00020139_000.png,20139,,cardiomegaly_0,-5.9079933,0.002710269,0.9598254
real,00011237_004.png,11237,,cardiomegaly_0,-1.2773685,0.21799849,0.41920474
real,00004466_000.png,4466,,cardiomegaly_0,-6.21698,0.0019912885,0.97192246
real,00003785_001.png,3785,,cardiomegaly_0,-3.5495853,0.02793383,0.6997947
real,00022033_000.png,22033,,cardiomegaly_0,-6.0523376,0.0023468358,0.95516866
real,00016341_001.png,16341,,cardiomegaly_0,-5.635172,0.0035573635,0.9506006
real,00009498_000.png,9498,,cardiomegaly_0,-6.386221,0.0016817772,0.9760175
real,00003105_000.png,3105,,cardiomegaly_0,-6.3868427,0.0016807336,0.98047817
real,00020912_001.png,20912,,cardiomegaly_0,-6.653803,0.0012874508,0.9825478
real,00026599_001.png,26599,,cardiomegaly_0,-6.3238964,0.0017897349,0.9700047
real,00007379_000.png,7379,,cardiomegaly_0,-6.3292294,0.0017802328,0.9691059
real,00010920_006.png,10920,,cardiomegaly_0,-6.2466183,0.0019332486,0.95908225
real,00004562_000.png,4562,,cardiomegaly_0,-5.5425777,0.0039011396,0.94494575
real,00023219_000.png,23219,,cardiomegaly_0,-5.966522,0.0025565869,0.94646657
real,00003640_001.png,3640,,cardiomegaly_0,-6.1383133,0.002153912,0.97111446
real,00001170_003.png,1170,,cardiomegaly_0,7.5650616,0.9994821,0.9915844
real,00001203_017.png,1203,,cardiomegaly_0,-5.9907875,0.0024954504,0.94506204
real,00008185_001.png,8185,,cardiomegaly_0,-2.896204,0.052341532,0.50047225
real,00022389_000.png,22389,,cardiomegaly_0,-6.217621,0.0019900156,0.97025543
real,00021424_000.png,21424,,cardiomegaly_0,-5.0167027,0.0065827207,0.84430504
real,00030332_000.png,30332,,cardiomegaly_0,-6.4692154,0.0015480416,0.9773953
real,00002225_002.png,2225,,cardiomegaly_0,3.3428173,0.9658689,0.56286037
real,00001803_013.png,1803,,cardiomegaly_0,2.9558582,0.9505396,0.45726576
real,00023043_000.png,23043,,cardiomegaly_0,-4.2818947,0.013628167,0.8515553
real,00005530_001.png,5530,,cardiomegaly_0,1.1900864,0.76675653,0.37361613
real,00030650_004.png,30650,,cardiomegaly_0,-2.4653206,0.078325376,0.49583283
real,00026736_000.png,26736,,cardiomegaly_0,-5.869463,0.002816435,0.94749767
real,00011491_000.png,11491,,cardiomegaly_0,-5.6894875,0.0033699307,0.9484812
real,00000705_002.png,705,,cardiomegaly_0,-5.0927467,0.0061036455,0.8512579
real,00016509_001.png,16509,,cardiomegaly_0,-6.4834423,0.001526207,0.9711245
real,00003320_002.png,3320,,cardiomegaly_0,-6.1676674,0.0020917351,0.972095
real,00006030_000.png,6030,,cardiomegaly_0,-6.143692,0.0021423826,0.9676819
real,00012304_009.png,12304,,cardiomegaly_0,-3.5058365,0.02914662,0.6545997
real,00010445_001.png,10445,,cardiomegaly_0,-6.0747776,0.0022948792,0.9697276
real,00030196_003.png,30196,,cardiomegaly_0,-3.2889233,0.03595315,0.64288974
real,00007258_004.png,7258,,cardiomegaly_0,-6.3851986,0.0016834945,0.9706821
real,00020292_000.png,20292,,cardiomegaly_0,-6.5549145,0.0014210823,0.9805919
real,00007389_001.png,7389,,cardiomegaly_0,1.7135792,0.84729993,0.4551065
real,00005401_003.png,5401,,cardiomegaly_0,-6.618761,0.001333304,0.97950524
real,00024497_000.png,24497,,cardiomegaly_0,-6.1905193,0.0020445737,0.9774626
real,00021409_007.png,21409,,cardiomegaly_0,7.3820133,0.99937797,0.992545
real,00022159_000.png,22159,,cardiomegaly_0,-6.4992104,0.0015023663,0.9852677
real,00002837_000.png,2837,,cardiomegaly_0,-3.5691376,0.02740779,0.5332082
real,00014939_000.png,14939,,cardiomegaly_0,-5.9449997,0.0026120623,0.94552207
real,00002114_000.png,2114,,cardiomegaly_0,-6.1739006,0.0020787646,0.9565136
real,00024641_000.png,24641,,cardiomegaly_0,-6.166996,0.0020931372,0.9647749
real,00028148_003.png,28148,,cardiomegaly_0,-2.759203,0.059569,0.5435311
real,00025230_000.png,25230,,cardiomegaly_0,-6.079054,0.002285109,0.9575506
real,00002793_003.png,2793,,cardiomegaly_0,-4.4002743,0.012125149,0.7901916
real,00019640_003.png,19640,,cardiomegaly_0,-6.0521526,0.002347269,0.9655173
real,00005347_000.png,5347,,cardiomegaly_0,-6.7094173,0.0012178894,0.9824421
real,00024875_000.png,24875,,cardiomegaly_0,-6.7150497,0.0012110573,0.981873
real,00017754_000.png,17754,,cardiomegaly_0,-5.495083,0.004090118,0.92381066
real,00019868_002.png,19868,,cardiomegaly_0,-5.8939705,0.0027484377,0.9507921
real,00025020_000.png,25020,,cardiomegaly_0,-6.2007637,0.0020237772,0.96439874
real,00002736_001.png,2736,,cardiomegaly_0,0.7491112,0.678985,0.3607891
real,00017592_000.png,17592,,cardiomegaly_0,-6.1967506,0.0020318986,0.96721804
real,00023012_004.png,23012,,cardiomegaly_0,-5.72139,0.0032644642,0.96359223
real,00010152_001.png,10152,,cardiomegaly_0,-4.5629177,0.010323884,0.7612568
real,00002685_001.png,2685,,cardiomegaly_0,-5.656534,0.0034824377,0.9438639
real,00027847_002.png,27847,,cardiomegaly_0,4.500967,0.98902357,0.91275704
real,00026957_000.png,26957,,cardiomegaly_0,-5.9929047,0.0024901857,0.9380724
real,00014695_002.png,14695,,cardiomegaly_0,8.484709,0.99979347,0.99402374
real,00029105_028.png,29105,,cardiomegaly_0,-5.042238,0.0064178207,0.8754738
real,00008335_000.png,8335,,cardiomegaly_0,-6.6927204,0.0012383696,0.9790035
real,00000246_018.png,246,,cardiomegaly_0,-5.1707,0.005648504,0.85489595
real,00015177_000.png,15177,,cardiomegaly_0,-5.9029713,0.0027238773,0.94912374
real,00002831_000.png,2831,,cardiomegaly_0,-6.058771,0.0023318212,0.9483597
real,00024326_000.png,24326,,cardiomegaly_0,-6.5896378,0.001372651,0.9854613
real,00005053_001.png,5053,,cardiomegaly_0,-6.391842,0.0016723664,0.96608716
real,00003804_012.png,3804,,cardiomegaly_0,-5.9873734,0.0025039634,0.9546652
real,00021970_005.png,21970,,cardiomegaly_0,-6.1314716,0.002168667,0.97401893
real,00016484_027.png,16484,,cardiomegaly_0,9.591877,0.9999317,0.9954041
real,00010892_000.png,10892,,cardiomegaly_0,-5.2529774,0.0052046874,0.90683496
real,00014145_000.png,14145,,cardiomegaly_0,-5.0195236,0.006564299,0.9079432
real,00027625_000.png,27625,,cardiomegaly_0,-5.782213,0.0030724178,0.93701196
real,00025215_000.png,25215,,cardiomegaly_0,-3.3172169,0.034985248,0.6119789
real,00002355_005.png,2355,,cardiomegaly_0,-5.257206,0.005182839,0.90931827
real,00011932_006.png,11932,,cardiomegaly_0,-6.1714993,0.0020837518,0.96343297
real,00014087_000.png,14087,,cardiomegaly_0,-6.323923,0.0017896873,0.9662447
real,00004899_000.png,4899,,cardiomegaly_0,-5.929144,0.002653698,0.92963773
real,00001775_003.png,1775,,cardiomegaly_0,-0.64443016,0.34424582,0.27131945
real,00028598_000.png,28598,,cardiomegaly_0,-5.169155,0.005657188,0.9046883
real,00019815_000.png,19815,,cardiomegaly_0,-5.8856983,0.002771204,0.96078175
real,00024789_001.png,24789,,cardiomegaly_0,-6.250601,0.0019255799,0.96398544
real,00005002_000.png,5002,,cardiomegaly_0,4.7572956,0.99148434,0.851111
real,00003013_003.png,3013,,cardiomegaly_0,-5.6304455,0.0035741567,0.92876214
real,00025438_000.png,25438,,cardiomegaly_0,-6.252989,0.0019209955,0.97345024
real,00029382_000.png,29382,,cardiomegaly_0,-6.398983,0.0016604861,0.97532314
real,00015313_013.png,15313,,cardiomegaly_0,-4.5281887,0.010684823,0.76139915
real,00024474_000.png,24474,,cardiomegaly_0,-6.4431686,0.0015888279,0.9806898
real,00006694_001.png,6694,,cardiomegaly_0,-5.542116,0.0039029336,0.9409215
real,00003576_000.png,3576,,cardiomegaly_0,-6.260599,0.0019064595,0.973411
real,00013288_001.png,13288,,cardiomegaly_0,-3.0953083,0.0433012,0.542452
real,00001727_000.png,1727,,cardiomegaly_0,-2.4611702,0.078625515,0.4640921
real,00018844_000.png,18844,,cardiomegaly_0,7.528452,0.9994628,0.988227
real,00013162_000.png,13162,,cardiomegaly_0,-6.1513367,0.0021261019,0.94064796
real,00018345_000.png,18345,,cardiomegaly_0,-5.0038757,0.006667134,0.8608207
real,00020341_000.png,20341,,cardiomegaly_0,-5.2593613,0.0051717386,0.8937428
real,00003804_000.png,3804,,cardiomegaly_0,-5.714636,0.003286514,0.9428777
real,00014809_010.png,14809,,cardiomegaly_0,-6.0814476,0.002279658,0.9618167
real,00029487_001.png,29487,,cardiomegaly_0,-6.522129,0.0014683758,0.9690664
real,00029211_000.png,29211,,cardiomegaly_0,-5.796097,0.0030301851,0.95123094
real,00004435_004.png,4435,,cardiomegaly_0,-5.702339,0.0033270416,0.93451446
real,00008142_001.png,8142,,cardiomegaly_0,-6.215193,0.0019948436,0.9659874
real,00003499_004.png,3499,,cardiomegaly_0,-0.9599037,0.27689746,0.27216995
real,00019163_000.png,19163,,cardiomegaly_0,-6.202961,0.0020193444,0.97022283
real,00010120_020.png,10120,,cardiomegaly_0,-5.636032,0.0035543155,0.92449695
real,00002402_000.png,2402,,cardiomegaly_0,-1.6530266,0.16070032,0.47013396
real,00029025_004.png,29025,,cardiomegaly_0,-5.2158165,0.005400672,0.90938556
real,00011598_020.png,11598,,cardiomegaly_0,-5.056654,0.006326548,0.86738485
real,00012855_000.png,12855,,cardiomegaly_0,6.7188587,0.9987935,0.9563756
real,00030389_014.png,30389,,cardiomegaly_0,7.036339,0.9991215,0.9754972
real,00024171_000.png,24171,,cardiomegaly_0,-6.1856556,0.0020545216,0.9687739
real,00007851_004.png,7851,,cardiomegaly_0,-6.3624,0.0017222498,0.97490495
real,00011932_005.png,11932,,cardiomegaly_0,-6.066416,0.0023141045,0.9529131
real,00027422_000.png,27422,,cardiomegaly_0,-6.1096153,0.0022164814,0.96392965
real,00013397_000.png,13397,,cardiomegaly_0,-6.000984,0.0024701967,0.9502606
real,00000318_009.png,318,,cardiomegaly_0,-5.6796837,0.0034030182,0.93911
real,00025924_005.png,25924,,cardiomegaly_0,-6.259428,0.0019086893,0.9767211
real,00001507_002.png,1507,,cardiomegaly_0,-5.5745144,0.0037789827,0.9385209
real,00007851_001.png,7851,,cardiomegaly_0,-6.0275,0.0024057135,0.9772007
real,00026354_000.png,26354,,cardiomegaly_0,-4.2049084,0.014702756,0.78158194
real,00018642_001.png,18642,,cardiomegaly_0,-5.6892548,0.0033707125,0.93858737
real,00016245_000.png,16245,,cardiomegaly_0,-6.822212,0.0010881232,0.98755586
real,00007340_004.png,7340,,cardiomegaly_0,-5.155308,0.005735617,0.9135664
real,00000273_009.png,273,,cardiomegaly_0,-5.202278,0.005473883,0.8684429
real,00017778_000.png,17778,,cardiomegaly_0,8.557251,0.9998079,0.9925309
real,00023339_000.png,23339,,cardiomegaly_0,-5.839983,0.002900455,0.9341934
real,00006981_017.png,6981,,cardiomegaly_0,-6.1209126,0.002191637,0.9528939
real,00017013_001.png,17013,,cardiomegaly_0,-6.060486,0.0023278354,0.9673455
real,00019574_000.png,19574,,cardiomegaly_0,-1.574852,0.1715258,0.39814577
real,00029200_001.png,29200,,cardiomegaly_0,-4.841305,0.007834874,0.8713151
real,00012772_006.png,12772,,cardiomegaly_0,-6.3664017,0.0017153837,0.9713999
real,00020624_013.png,20624,,cardiomegaly_0,-5.4656086,0.00421195,0.9254927
real,00020060_004.png,20060,,cardiomegaly_0,-4.936947,0.007125341,0.87689227
real,00017747_018.png,17747,,cardiomegaly_0,-0.8835144,0.29245004,0.3456767
real,00000318_007.png,318,,cardiomegaly_0,-5.730654,0.0032344593,0.945319
real,00017930_002.png,17930,,cardiomegaly_0,-0.4762783,0.38313136,0.2168242
real,00021023_024.png,21023,,cardiomegaly_0,-5.9946632,0.0024858213,0.95342284
real,00011929_000.png,11929,,cardiomegaly_0,-5.425024,0.004385642,0.92866194
real,00015142_000.png,15142,,cardiomegaly_0,4.8910446,0.9925425,0.88529694
real,00001222_007.png,1222,,cardiomegaly_0,-5.8277245,0.002936124,0.9336106
real,00007159_000.png,7159,,cardiomegaly_0,-5.479765,0.004152991,0.9073303
real,00012669_000.png,12669,,cardiomegaly_0,-5.9212933,0.002674557,0.9550327
real,00027427_005.png,27427,,cardiomegaly_0,-3.1069603,0.042821065,0.5272625
real,00016484_003.png,16484,,cardiomegaly_0,8.918575,0.9998661,0.99343646
real,00001336_000.png,1336,,cardiomegaly_0,-6.5008125,0.0014999649,0.9829543
real,00028358_000.png,28358,,cardiomegaly_0,7.4639606,0.99942696,0.98388356
real,00010015_000.png,10015,,cardiomegaly_0,-6.1436596,0.002142452,0.9681758
real,00006002_000.png,6002,,cardiomegaly_0,-2.5690784,0.07115519,0.59030676
real,00000246_000.png,246,,cardiomegaly_0,-5.5817146,0.0037519722,0.9408523
real,00013098_000.png,13098,,cardiomegaly_0,-6.485689,0.0015227869,0.964827
real,00018869_000.png,18869,,cardiomegaly_0,-6.1171227,0.0021999404,0.95719796
real,00025696_002.png,25696,,cardiomegaly_0,8.818216,0.99985194,0.9962989
real,00001977_000.png,1977,,cardiomegaly_0,-5.928158,0.002656309,0.92806524
real,00014335_000.png,14335,,cardiomegaly_0,-6.008236,0.0024523921,0.9630386
real,00025924_001.png,25924,,cardiomegaly_0,-4.57428,0.010208437,0.8086792
real,00026180_000.png,26180,,cardiomegaly_0,-5.462267,0.0042259893,0.9179694
real,00022312_001.png,22312,,cardiomegaly_0,-6.551502,0.0014259326,0.9744965
real,00005768_005.png,5768,,cardiomegaly_0,-5.597542,0.003693274,0.9249215
real,00019260_003.png,19260,,cardiomegaly_0,-5.913103,0.002696493,0.9553157
real,00003548_002.png,3548,,cardiomegaly_0,-5.5797443,0.003759344,0.91759485
real,00010695_018.png,10695,,cardiomegaly_0,-5.4296303,0.0043655746,0.9134757
real,00029428_000.png,29428,,cardiomegaly_0,-6.365883,0.0017162724,0.9787029
real,00026292_006.png,26292,,cardiomegaly_0,-5.1551228,0.005736673,0.88061684
real,00004580_000.png,4580,,cardiomegaly_0,-6.3888836,0.0016773128,0.9783849
real,00019554_000.png,19554,,cardiomegaly_0,-6.3803062,0.0016917371,0.9726341
real,00011139_001.png,11139,,cardiomegaly_0,-0.28037262,0.43036243,0.19713823
real,00014126_000.png,14126,,cardiomegaly_0,-5.4404144,0.0043189507,0.94563234
real,00009815_004.png,9815,,cardiomegaly_0,-5.116144,0.0059633353,0.900321
real,00017747_060.png,17747,,cardiomegaly_0,-4.7645855,0.008454336,0.86583704
real,00003464_001.png,3464,,cardiomegaly_0,-6.5322437,0.0014536198,0.9783588
real,00024003_000.png,24003,,cardiomegaly_0,-5.2537785,0.0052005416,0.8558828
real,00014171_001.png,14171,,cardiomegaly_0,-4.129797,0.015831476,0.77008116
real,00021983_000.png,21983,,cardiomegaly_0,-6.2706013,0.0018875217,0.95469874
real,00006566_000.png,6566,,cardiomegaly_0,-4.62842,0.009675653,0.80547833
real,00021562_001.png,21562,,cardiomegaly_0,-5.3092384,0.0049213525,0.918558
real,00016698_001.png,16698,,cardiomegaly_0,-6.530655,0.0014559278,0.98080015
real,00017747_021.png,17747,,cardiomegaly_0,-1.3610516,0.20406945,0.3979724
real,00020458_003.png,20458,,cardiomegaly_0,-2.0415478,0.11490922,0.33624887
real,00026833_000.png,26833,,cardiomegaly_0,-5.515806,0.004006566,0.91736686
real,00002962_000.png,2962,,cardiomegaly_0,-5.906456,0.0027144277,0.95910114
real,00016865_000.png,16865,,cardiomegaly_0,-6.534752,0.0014499836,0.9760459
real,00008157_000.png,8157,,cardiomegaly_0,-4.4429855,0.011624067,0.8046252
real,00005063_000.png,5063,,cardiomegaly_0,-6.285248,0.0018601286,0.97124696
real,00007424_001.png,7424,,cardiomegaly_0,-6.4032993,0.0016533462,0.9725576
real,00010964_000.png,10964,,cardiomegaly_0,-6.222061,0.0019812162,0.9768845
real,00023372_000.png,23372,,cardiomegaly_0,-5.922634,0.002670983,0.9527978
real,00024386_000.png,24386,,cardiomegaly_0,-6.1801834,0.0020657717,0.96754825
real,00010481_033.png,10481,,cardiomegaly_0,-4.6883297,0.009118138,0.8214224
real,00001222_003.png,1222,,cardiomegaly_0,-6.462452,0.0015585307,0.97345996
real,00001104_006.png,1104,,cardiomegaly_0,-4.2103004,0.014624848,0.7059222
real,00016568_006.png,16568,,cardiomegaly_0,-4.346035,0.012792326,0.8039789
real,00017835_011.png,17835,,cardiomegaly_0,-3.195015,0.03935375,0.48773006
real,00006527_000.png,6527,,cardiomegaly_0,-6.4721775,0.00154347,0.97625345
real,00001136_002.png,1136,,cardiomegaly_0,-5.955204,0.002585612,0.9558696
real,00028457_000.png,28457,,cardiomegaly_0,-3.9313126,0.019240448,0.7264354
real,00009378_006.png,9378,,cardiomegaly_0,-6.065943,0.0023151967,0.96026146
real,00021976_000.png,21976,,cardiomegaly_0,-4.890911,0.007458525,0.8290167
real,00029569_000.png,29569,,cardiomegaly_0,-6.149992,0.0021289568,0.96928114
real,00007082_000.png,7082,,cardiomegaly_0,-4.1249905,0.01590654,0.71901464
real,00015795_000.png,15795,,cardiomegaly_0,-5.132473,0.0058673187,0.86538875
real,00018616_000.png,18616,,cardiomegaly_0,-1.9561977,0.12387913,0.4114515
real,00019345_000.png,19345,,cardiomegaly_0,-4.361639,0.012596758,0.7383602
real,00007389_002.png,7389,,cardiomegaly_0,3.5026474,0.970763,0.79053384
real,00017836_001.png,17836,,cardiomegaly_0,-2.7362938,0.06086541,0.3812117
real,00023372_003.png,23372,,cardiomegaly_0,-6.131399,0.0021688237,0.96551555
real,00009090_001.png,9090,,cardiomegaly_0,-5.34733,0.0047382866,0.9238394
real,00001222_000.png,1222,,cardiomegaly_0,-6.523901,0.0014657798,0.97495437
real,00030690_000.png,30690,,cardiomegaly_0,-6.4528713,0.0015735106,0.9809822
real,00025054_000.png,25054,,cardiomegaly_0,-6.6255207,0.0013243335,0.97922695
real,00007153_000.png,7153,,cardiomegaly_0,-4.412773,0.0119763445,0.7834406
real,00012913_001.png,12913,,cardiomegaly_0,-6.1579075,0.002112207,0.963217
real,00022266_000.png,22266,,cardiomegaly_0,-6.0214634,0.0024202447,0.9653821
real,00027857_001.png,27857,,cardiomegaly_0,-6.530693,0.0014558723,0.97808987
real,00012178_004.png,12178,,cardiomegaly_0,-6.5510235,0.0014266145,0.96186
real,00029847_000.png,29847,,cardiomegaly_0,-6.2207775,0.001983756,0.9760938
real,00006040_000.png,6040,,cardiomegaly_0,-6.0223217,0.0024181735,0.9529306
real,00020359_000.png,20359,,cardiomegaly_0,-6.444086,0.0015873732,0.98152125
real,00008802_004.png,8802,,cardiomegaly_0,9.261795,0.999905,0.9960368
real,00030783_000.png,30783,,cardiomegaly_0,-4.7595367,0.008496764,0.8395279
real,00001733_002.png,1733,,cardiomegaly_0,-6.1168404,0.00220056,0.9638987
real,00026105_000.png,26105,,cardiomegaly_0,-6.184204,0.0020575,0.9666945
real,00022135_010.png,22135,,cardiomegaly_0,-6.3600845,0.0017262355,0.9799548
real,00029487_000.png,29487,,cardiomegaly_0,-5.2320614,0.0053141103,0.87044543
real,00016975_007.png,16975,,cardiomegaly_0,-4.9306755,0.0071698455,0.9089034
real,00001122_001.png,1122,,cardiomegaly_0,8.576122,0.9998115,0.98943835
real,00017465_001.png,17465,,cardiomegaly_0,-6.214945,0.0019953372,0.9625714
real,00021710_000.png,21710,,cardiomegaly_0,-5.734041,0.0032235568,0.93075097
real,00015347_000.png,15347,,cardiomegaly_0,-1.1277905,0.24456908,0.30741918
real,00013408_015.png,13408,,cardiomegaly_0,-4.506647,0.010914949,0.82469493
real,00000705_001.png,705,,cardiomegaly_0,-5.3851013,0.0045634555,0.87560916
real,00014809_020.png,14809,,cardiomegaly_0,-6.4620876,0.0015590978,0.9728582
real,00008013_004.png,8013,,cardiomegaly_0,-3.7874832,0.02215077,0.70514387
real,00023156_007.png,23156,,cardiomegaly_0,4.710209,0.9910774,0.93734825
real,00029885_000.png,29885,,cardiomegaly_0,-6.4331074,0.0016048683,0.9821107
real,00013723_001.png,13723,,cardiomegaly_0,-6.275711,0.0018779194,0.9704963
real,00004493_000.png,4493,,cardiomegaly_0,-4.013666,0.017746411,0.7874001
real,00007616_002.png,7616,,cardiomegaly_0,-1.6839905,0.1565678,0.3465101
real,00018008_000.png,18008,,cardiomegaly_0,-5.8907757,0.002757208,0.9348045
real,00024125_000.png,24125,,cardiomegaly_0,5.0868626,0.9938605,0.8640662
real,00012304_003.png,12304,,cardiomegaly_0,-3.85495,0.020735594,0.5844683
real,00004057_000.png,4057,,cardiomegaly_0,-5.8004246,0.003017139,0.9232225
real,00013625_018.png,13625,,cardiomegaly_0,-5.1253395,0.005909074,0.9068274
real,00021475_000.png,21475,,cardiomegaly_0,-5.6285553,0.0035808946,0.92243135
real,00020060_002.png,20060,,cardiomegaly_0,-4.6006317,0.00994558,0.77867085
real,00015009_004.png,15009,,cardiomegaly_0,-5.629677,0.003576895,0.93217725
real,00003439_006.png,3439,,cardiomegaly_0,-5.990799,0.0024954218,0.96302944
real,00012585_007.png,12585,,cardiomegaly_0,-5.5993614,0.0036865845,0.90839785
real,00005768_008.png,5768,,cardiomegaly_0,-5.8941116,0.0027480507,0.9346729
real,00028027_005.png,28027,,cardiomegaly_0,-3.8186588,0.021485468,0.80887353
real,00019911_001.png,19911,,cardiomegaly_0,-6.112549,0.002210003,0.95961636
real,00029678_000.png,29678,,cardiomegaly_0,-4.338928,0.012882385,0.7946901
real,00002825_003.png,2825,,cardiomegaly_0,-6.2512093,0.0019244107,0.9632065
real,00002383_001.png,2383,,cardiomegaly_0,8.0581,0.9996836,0.99092793
real,00003570_003.png,3570,,cardiomegaly_0,-6.2243156,0.0019767636,0.96694815
real,00012975_006.png,12975,,cardiomegaly_0,-2.9963074,0.04759297,0.60430574
real,00002816_001.png,2816,,cardiomegaly_0,-6.4598217,0.0015626292,0.9772624
real,00007325_000.png,7325,,cardiomegaly_0,-0.12641144,0.46843916,0.44002137
real,00013372_001.png,13372,,cardiomegaly_0,-4.8908005,0.0074593443,0.8231082
real,00006574_000.png,6574,,cardiomegaly_0,-6.2360935,0.0019536633,0.9724188
real,00014295_001.png,14295,,cardiomegaly_0,-6.302538,0.0018283015,0.975749
real,00006024_011.png,6024,,cardiomegaly_0,-6.2591324,0.0019092525,0.97411376
real,00013489_000.png,13489,,cardiomegaly_0,-6.251871,0.0019231399,0.95801127
real,00029870_000.png,29870,,cardiomegaly_0,-5.5957375,0.0036999194,0.92295086
real,00023506_000.png,23506,,cardiomegaly_0,-6.4513435,0.0015759127,0.98057395
real,00000865_008.png,865,,cardiomegaly_0,-5.650114,0.0035047885,0.9208618
real,00000877_033.png,877,,cardiomegaly_0,-6.308546,0.0018173696,0.97494274
real,00011726_000.png,11726,,cardiomegaly_0,-5.7140255,0.003288514,0.926961
real,00017785_000.png,17785,,cardiomegaly_0,-6.171507,0.002083736,0.9366753
real,00027829_000.png,27829,,cardiomegaly_0,-6.332611,0.0017742333,0.9597485
real,00000023_000.png,23,,cardiomegaly_0,-4.710327,0.008921522,0.8674158
real,00026299_000.png,26299,,cardiomegaly_0,-5.7415943,0.003199378,0.9284275
real,00019963_000.png,19963,,cardiomegaly_0,-5.874174,0.0028032346,0.9429831
real,00005579_001.png,5579,,cardiomegaly_0,-5.6732864,0.0034247832,0.9393381
real,00015338_011.png,15338,,cardiomegaly_0,-4.1924076,0.014884953,0.7236327
real,00009090_003.png,9090,,cardiomegaly_0,-2.4279957,0.081062645,0.5008923
real,00010042_004.png,10042,,cardiomegaly_0,-5.4135227,0.0044361483,0.95908284
real,00025527_001.png,25527,,cardiomegaly_0,-4.9191723,0.007252196,0.8603922
real,00022827_000.png,22827,,cardiomegaly_0,-6.509207,0.0014874451,0.9786367
real,00021305_000.png,21305,,cardiomegaly_0,-6.303959,0.0018257102,0.9718287
real,00004018_000.png,4018,,cardiomegaly_0,-6.632845,0.0013146821,0.98158383
real,00014922_000.png,14922,,cardiomegaly_0,-6.505213,0.0014933889,0.98221815
real,00002566_000.png,2566,,cardiomegaly_0,-4.078253,0.016654948,0.7179655
real,00008136_000.png,8136,,cardiomegaly_0,-6.086603,0.0022679619,0.9622385
real,00008929_000.png,8929,,cardiomegaly_0,-2.0853558,0.11052832,0.496236
real,00000949_009.png,949,,cardiomegaly_0,-5.7955,0.003031989,0.9034493
real,00028533_000.png,28533,,cardiomegaly_0,-5.5939007,0.0037066964,0.9043097
real,00001170_044.png,1170,,cardiomegaly_0,-3.8574257,0.020685382,0.73642296
real,00010905_011.png,10905,,cardiomegaly_0,-5.653723,0.0034922082,0.9417895
real,00000169_001.png,169,,cardiomegaly_0,-5.8722267,0.0028086838,0.94927055
real,00000318_000.png,318,,cardiomegaly_0,-6.1890354,0.0020476037,0.97414666
real,00022334_000.png,22334,,cardiomegaly_0,-6.4832783,0.0015264571,0.97531617
real,00016195_000.png,16195,,cardiomegaly_0,7.596075,0.9994978,0.96474034
real,00008698_000.png,8698,,cardiomegaly_0,9.888718,0.9999492,0.9953533
real,00015313_012.png,15313,,cardiomegaly_0,-6.2781506,0.0018733524,0.95928526
real,00026815_003.png,26815,,cardiomegaly_0,-5.8452606,0.002885232,0.94742006
real,00008386_001.png,8386,,cardiomegaly_0,-5.9019566,0.0027266354,0.9688437
real,00028766_004.png,28766,,cardiomegaly_0,-4.541031,0.010549922,0.8259731
real,00006674_001.png,6674,,cardiomegaly_0,-6.4648705,0.0015547719,0.9736669
real,00014719_002.png,14719,,cardiomegaly_0,-5.7342873,0.003222766,0.92168736
real,00003174_013.png,3174,,cardiomegaly_0,-6.1594925,0.002108869,0.9736605
real,00005347_001.png,5347,,cardiomegaly_0,-6.217676,0.0019899057,0.96110606
real,00024931_000.png,24931,,cardiomegaly_0,-6.551483,0.0014259598,0.97194725
real,00010120_000.png,10120,,cardiomegaly_0,-5.804186,0.003005846,0.937384
real,00012653_001.png,12653,,cardiomegaly_0,-4.898407,0.0074032387,0.85443693
real,00015840_000.png,15840,,cardiomegaly_0,-6.1109905,0.002213442,0.96550494
real,00010713_001.png,10713,,cardiomegaly_0,-1.3905125,0.19932595,0.28945833
real,00021344_000.png,21344,,cardiomegaly_0,-0.5561676,0.36443466,0.39395627
real,00002073_001.png,2073,,cardiomegaly_0,-2.6634445,0.065165184,0.50246596
real,00026111_001.png,26111,,cardiomegaly_0,-5.647711,0.003513192,0.93460447
real,00016484_023.png,16484,,cardiomegaly_0,0.6627407,0.65987575,0.21782324
real,00028566_000.png,28566,,cardiomegaly_0,-6.8927097,0.0010141298,0.98872954
real,00007931_000.png,7931,,cardiomegaly_0,-5.8751945,0.0028003836,0.95545435
real,00003042_001.png,3042,,cardiomegaly_0,-5.896061,0.0027427138,0.9545449
real,00011153_000.png,11153,,cardiomegaly_0,3.4855366,0.9702735,0.731687
real,00021716_002.png,21716,,cardiomegaly_0,-4.3508835,0.01273124,0.7508411
real,00025676_000.png,25676,,cardiomegaly_0,-6.416744,0.0016313018,0.9800603
real,00006123_003.png,6123,,cardiomegaly_0,-6.449854,0.0015782582,0.97796565
real,00004773_001.png,4773,,cardiomegaly_0,-5.6053123,0.0036647916,0.9381658
real,00012797_000.png,12797,,cardiomegaly_0,-6.353945,0.0017368481,0.96534187
real,00016842_002.png,16842,,cardiomegaly_0,-6.2892036,0.0018527982,0.9749464
real,00011732_000.png,11732,,cardiomegaly_0,-5.6393566,0.0035425609,0.9118185
real,00009777_000.png,9777,,cardiomegaly_0,-6.0959187,0.0022469799,0.95882106
real,00024861_000.png,24861,,cardiomegaly_0,-6.2358418,0.0019541543,0.96733695
real,00029926_000.png,29926,,cardiomegaly_0,-6.032446,0.0023938732,0.95907927
real,00010071_001.png,10071,,cardiomegaly_0,-6.00725,0.0024548057,0.95051914
real,00022788_004.png,22788,,cardiomegaly_0,-5.257431,0.005181679,0.9329289
real,00029648_000.png,29648,,cardiomegaly_0,-6.640888,0.0013041638,0.9842344
real,00011910_009.png,11910,,cardiomegaly_0,-6.060362,0.0023281234,0.96160865
real,00021972_024.png,21972,,cardiomegaly_0,4.128008,0.98414063,0.86041516
real,00016410_000.png,16410,,cardiomegaly_0,-6.361782,0.0017233127,0.9782048
real,00013181_003.png,13181,,cardiomegaly_0,-5.656605,0.003482193,0.94403446
real,00005614_001.png,5614,,cardiomegaly_0,-6.2178516,0.0019895572,0.96760696
real,00014110_000.png,14110,,cardiomegaly_0,-0.7642517,0.31772387,0.2253852
real,00028148_015.png,28148,,cardiomegaly_0,-3.0157967,0.04671731,0.49371293
real,00013427_000.png,13427,,cardiomegaly_0,-6.0792236,0.002284722,0.9561066
real,00016879_000.png,16879,,cardiomegaly_0,-5.969681,0.0025485454,0.93993145
real,00013723_000.png,13723,,cardiomegaly_0,-6.310055,0.0018146348,0.9779799
real,00000085_000.png,85,,cardiomegaly_0,-3.63723,0.025649928,0.6141432
real,00026599_000.png,26599,,cardiomegaly_0,-6.5878754,0.0013750689,0.97758543
real,00017729_001.png,17729,,cardiomegaly_0,-6.144964,0.0021396645,0.9646999
real,00016255_000.png,16255,,cardiomegaly_0,-4.340391,0.012863796,0.7957624
real,00020758_000.png,20758,,cardiomegaly_0,8.9386635,0.99986875,0.99235666
real,00030029_000.png,30029,,cardiomegaly_0,-6.5970936,0.0013624687,0.9845322
real,00006098_006.png,6098,,cardiomegaly_0,-5.6578655,0.003477821,0.91118824
real,00023625_000.png,23625,,cardiomegaly_0,-6.4100056,0.0016423137,0.97589254
real,00009034_006.png,9034,,cardiomegaly_0,4.805151,0.9918791,0.8829428
real,00009061_000.png,9061,,cardiomegaly_0,-6.244686,0.0019369803,0.976898
real,00008359_000.png,8359,,cardiomegaly_0,-1.3266182,0.20971932,0.37982103
real,00001170_004.png,1170,,cardiomegaly_0,-3.060299,0.044774916,0.63649404
real,00015087_011.png,15087,,cardiomegaly_0,-5.933647,0.002641806,0.9432314
real,00005401_007.png,5401,,cardiomegaly_0,-1.6792889,0.15718965,0.39724293
real,00020631_001.png,20631,,cardiomegaly_0,-6.2118435,0.0020015226,0.9580753
real,00010984_003.png,10984,,cardiomegaly_0,-4.9925385,0.0067426385,0.8964836
real,00025075_005.png,25075,,cardiomegaly_0,-5.563856,0.0038193204,0.9164335
real,00018448_017.png,18448,,cardiomegaly_0,-6.0004406,0.0024715366,0.9728658
real,00000341_000.png,341,,cardiomegaly_0,-6.3006744,0.0018317053,0.9573393
real,00006955_000.png,6955,,cardiomegaly_0,-6.171194,0.0020843868,0.9694842
real,00002168_000.png,2168,,cardiomegaly_0,-6.566868,0.0014042204,0.9813096
real,00025483_000.png,25483,,cardiomegaly_0,-0.64562607,0.34397587,0.22974841
real,00008562_000.png,8562,,cardiomegaly_0,-6.8365154,0.0010726869,0.98842084
real,00028614_000.png,28614,,cardiomegaly_0,-6.416172,0.0016322341,0.9771842
real,00005014_014.png,5014,,cardiomegaly_0,-1.9661255,0.12280565,0.3339939
real,00024583_000.png,24583,,cardiomegaly_0,-6.418171,0.0016289799,0.9767726
real,00026264_000.png,26264,,cardiomegaly_0,-5.902111,0.0027262152,0.9427227
real,00017111_006.png,17111,,cardiomegaly_0,-4.619322,0.00976322,0.9143622
real,00012074_000.png,12074,,cardiomegaly_0,-5.886942,0.0027677694,0.9416204
real,00013303_000.png,13303,,cardiomegaly_0,-6.2662697,0.0018956999,0.9684047
real,00005552_000.png,5552,,cardiomegaly_0,5.080311,0.9938205,0.9210576
real,00016205_006.png,16205,,cardiomegaly_0,-4.262903,0.013885831,0.79848856
real,00010481_029.png,10481,,cardiomegaly_0,-5.5310936,0.0039460217,0.9424125
real,00022788_003.png,22788,,cardiomegaly_0,-5.9228954,0.002670287,0.9636312
real,00020802_000.png,20802,,cardiomegaly_0,-6.402931,0.0016539539,0.9781602
real,00023133_002.png,23133,,cardiomegaly_0,-5.011568,0.0066163833,0.88123006
real,00011770_008.png,11770,,cardiomegaly_0,-2.906618,0.051827375,0.45472875
real,00029286_000.png,29286,,cardiomegaly_0,-6.3178635,0.0018005454,0.97663856
real,00029203_000.png,29203,,cardiomegaly_0,1.6551819,0.83959013,0.30266604
real,00021424_004.png,21424,,cardiomegaly_0,-4.8471336,0.0077896933,0.80725724
real,00021409_000.png,21409,,cardiomegaly_0,7.9234066,0.99963796,0.99302036
real,00011932_007.png,11932,,cardiomegaly_0,-5.991478,0.0024937324,0.9378466
real,00001713_000.png,1713,,cardiomegaly_0,4.3226604,0.9869091,0.7185532
real,00012980_000.png,12980,,cardiomegaly_0,-4.77264,0.008387081,0.8595392
real,00028229_000.png,28229,,cardiomegaly_0,-6.58667,0.0013767253,0.98272973
real,00028282_000.png,28282,,cardiomegaly_0,-6.263056,0.0019017906,0.97059834
real,00013533_001.png,13533,,cardiomegaly_0,-6.2447357,0.0019368846,0.96585906
real,00004318_000.png,4318,,cardiomegaly_0,-6.1850147,0.002055836,0.9589475
real,00001974_007.png,1974,,cardiomegaly_0,-4.7236576,0.008804423,0.8283195
real,00009699_000.png,9699,,cardiomegaly_0,4.955614,0.9930056,0.92219
real,00014838_000.png,14838,,cardiomegaly_0,-6.098833,0.0022404555,0.96552294
real,00012919_000.png,12919,,cardiomegaly_0,3.915701,0.9804628,0.706433
real,00006526_000.png,6526,,cardiomegaly_0,-6.0005226,0.0024713343,0.96031606
real,00008054_000.png,8054,,cardiomegaly_0,-6.210825,0.0020035582,0.9677357
real,00009652_000.png,9652,,cardiomegaly_0,7.300434,0.9993253,0.9766203
real,00012585_002.png,12585,,cardiomegaly_0,-6.268736,0.0018910392,0.96574694
real,00012086_000.png,12086,,cardiomegaly_0,-6.35544,0.0017342577,0.9720998
real,00025908_000.png,25908,,cardiomegaly_0,-5.872267,0.0028085716,0.95078397
real,00016842_000.png,16842,,cardiomegaly_0,-6.2940254,0.0018439025,0.97943693
real,00008593_002.png,8593,,cardiomegaly_0,-5.726034,0.0032493873,0.9624868
real,00019857_001.png,19857,,cardiomegaly_0,-5.9919186,0.0024926364,0.95031375
real,00017111_008.png,17111,,cardiomegaly_0,-4.7969933,0.008186949,0.8752273
real,00021652_000.png,21652,,cardiomegaly_0,-6.6581326,0.0012818956,0.9863244
real,00022883_016.png,22883,,cardiomegaly_0,4.150959,0.98449486,0.9034703
real,00004378_001.png,4378,,cardiomegaly_0,-6.6194267,0.0013324178,0.9832705
real,00021705_000.png,21705,,cardiomegaly_0,-6.2964764,0.001839397,0.97797805
real,00016769_000.png,16769,,cardiomegaly_0,5.763916,0.99687105,0.91961235
real,00008806_009.png,8806,,cardiomegaly_0,-2.6012688,0.06905681,0.37853673
real,00016789_006.png,16789,,cardiomegaly_0,-5.4917793,0.0041035973,0.9257838
real,00018044_004.png,18044,,cardiomegaly_0,-5.3326797,0.0048078788,0.85663146
real,00000463_000.png,463,,cardiomegaly_0,-5.8335743,0.0029190485,0.92562926
real,00012017_000.png,12017,,cardiomegaly_0,-6.010584,0.002446655,0.96225965
real,00009369_000.png,9369,,cardiomegaly_0,-6.249346,0.001927993,0.96250427
real,00001059_006.png,1059,,cardiomegaly_0,-5.4100094,0.0044516916,0.8983073
real,00005532_033.png,5532,,cardiomegaly_0,7.737343,0.999564,0.96062446
real,00009409_002.png,9409,,cardiomegaly_0,-6.6404305,0.0013047602,0.9810168
real,00025432_000.png,25432,,cardiomegaly_0,-6.112093,0.0022110087,0.94721943
real,00014523_000.png,14523,,cardiomegaly_0,-6.061138,0.002326321,0.9608886
real,00027084_000.png,27084,,cardiomegaly_0,-6.29265,0.0018464352,0.9722826
real,00007719_000.png,7719,,cardiomegaly_0,-6.2763805,0.0018766652,0.96661735
real,00012585_014.png,12585,,cardiomegaly_0,-5.8726788,0.002807418,0.9307508
real,00006791_002.png,6791,,cardiomegaly_0,-3.7125702,0.023832822,0.653771
real,00016789_008.png,16789,,cardiomegaly_0,-5.874811,0.0028014546,0.95484996
real,00018603_000.png,18603,,cardiomegaly_0,-5.466696,0.0042073927,0.92519253
real,00012400_000.png,12400,,cardiomegaly_0,-6.510416,0.0014856502,0.9742
real,00026299_001.png,26299,,cardiomegaly_0,-6.1225014,0.0021881652,0.9485
real,00000821_000.png,821,,cardiomegaly_0,-5.694687,0.003352513,0.917116
real,00003570_005.png,3570,,cardiomegaly_0,-6.402214,0.0016551384,0.9759278
real,00012476_001.png,12476,,cardiomegaly_0,-6.3314857,0.0017762276,0.973804
real,00023964_000.png,23964,,cardiomegaly_0,-5.8860073,0.0027703503,0.92832994
real,00006002_003.png,6002,,cardiomegaly_0,-5.351097,0.0047205556,0.87687707
real,00008806_000.png,8806,,cardiomegaly_0,-5.343115,0.0047582067,0.90424
real,00030149_000.png,30149,,cardiomegaly_0,-6.710184,0.001216957,0.9777438
real,00010936_001.png,10936,,cardiomegaly_0,-4.6357975,0.009605215,0.8029349
real,00024948_000.png,24948,,cardiomegaly_0,-6.478754,0.0015333681,0.97865117
real,00029393_000.png,29393,,cardiomegaly_0,-6.050865,0.002350286,0.9498887
real,00023266_005.png,23266,,cardiomegaly_0,-4.9723034,0.0068795187,0.8403063
real,00018284_023.png,18284,,cardiomegaly_0,-4.6433563,0.009533573,0.8919639
real,00006024_002.png,6024,,cardiomegaly_0,-4.9848804,0.00679412,0.917801
real,00016724_002.png,16724,,cardiomegaly_0,-5.262678,0.005154701,0.9231402
real,00009936_000.png,9936,,cardiomegaly_0,3.0279255,0.9538198,0.63734025
real,00010682_000.png,10682,,cardiomegaly_0,-5.986614,0.00250586,0.950412
real,00003785_006.png,3785,,cardiomegaly_0,-5.5362854,0.0039256676,0.91919756
real,00015938_000.png,15938,,cardiomegaly_0,-5.232321,0.005312739,0.9082053
real,00013952_006.png,13952,,cardiomegaly_0,-4.489975,0.011096412,0.7292509
real,00014352_004.png,14352,,cardiomegaly_0,-6.3278847,0.001782624,0.9613019
real,00004547_000.png,4547,,cardiomegaly_0,-6.3782005,0.0016952971,0.97796124
real,00029140_000.png,29140,,cardiomegaly_0,-4.567198,0.010280245,0.84906876
real,00012625_012.png,12625,,cardiomegaly_0,-6.602072,0.0013557122,0.9829792
real,00011987_000.png,11987,,cardiomegaly_0,-5.9735317,0.0025387746,0.9559349
real,00016388_000.png,16388,,cardiomegaly_0,-6.141182,0.0021477554,0.974094
real,00021362_000.png,21362,,cardiomegaly_0,-5.181942,0.0055857124,0.9064557
real,00002515_001.png,2515,,cardiomegaly_0,-5.7069645,0.0033117395,0.92613983
real,00028465_001.png,28465,,cardiomegaly_0,-5.8095074,0.0029899406,0.92034465
real,00025466_000.png,25466,,cardiomegaly_0,-6.249647,0.0019274133,0.9754708
real,00018822_000.png,18822,,cardiomegaly_0,-6.1210365,0.0021913657,0.96636117
real,00010481_004.png,10481,,cardiomegaly_0,-5.6666546,0.0034474926,0.9473594
real,00024245_000.png,24245,,cardiomegaly_0,-6.294794,0.0018424884,0.9763668
real,00022341_000.png,22341,,cardiomegaly_0,-6.299383,0.0018340679,0.97749245
real,00008318_000.png,8318,,cardiomegaly_0,7.5885067,0.99949396,0.97140473
real,00022532_000.png,22532,,cardiomegaly_0,-6.784109,0.0011303363,0.98566777
real,00018044_041.png,18044,,cardiomegaly_0,-1.8668156,0.13391063,0.33130616
real,00001248_034.png,1248,,cardiomegaly_0,-4.498806,0.0109999245,0.83006185
real,00030001_000.png,30001,,cardiomegaly_0,-5.1319904,0.0058701336,0.9246545
real,00016123_000.png,16123,,cardiomegaly_0,-6.011442,0.0024445609,0.9524515
real,00001075_044.png,1075,,cardiomegaly_0,7.4872265,0.99944013,0.98149306
real,00022155_017.png,22155,,cardiomegaly_0,-0.7733593,0.31575286,0.36509687
real,00020312_030.png,20312,,cardiomegaly_0,-6.2262344,0.0019729815,0.9648796
real,00003362_002.png,3362,,cardiomegaly_0,-5.4573116,0.0042468933,0.942142
real,00020572_001.png,20572,,cardiomegaly_0,-6.3805885,0.0016912604,0.9600631
real,00009138_022.png,9138,,cardiomegaly_0,4.25968,0.98607004,0.89280045
real,00007131_006.png,7131,,cardiomegaly_0,-6.0314503,0.002396252,0.96258444
real,00012329_001.png,12329,,cardiomegaly_0,-6.1533318,0.0021218734,0.9633465
real,00008185_000.png,8185,,cardiomegaly_0,5.181713,0.9944131,0.93943036
real,00018547_000.png,18547,,cardiomegaly_0,-6.3300323,0.0017788063,0.9725465
real,00029423_000.png,29423,,cardiomegaly_0,-4.0369453,0.017345145,0.8543854
real,00017326_001.png,17326,,cardiomegaly_0,-6.5313454,0.0014549245,0.97642416
real,00014307_001.png,14307,,cardiomegaly_0,-6.2583256,0.0019107907,0.97010344
real,00006674_000.png,6674,,cardiomegaly_0,-6.4606857,0.0015612816,0.97702277
real,00018044_003.png,18044,,cardiomegaly_0,-5.2198143,0.005379241,0.8781255
real,00019406_000.png,19406,,cardiomegaly_0,-5.4543896,0.004259268,0.9314207
real,00003896_004.png,3896,,cardiomegaly_0,-5.570656,0.0037935367,0.9511544
real,00011932_003.png,11932,,cardiomegaly_0,-2.7571907,0.059681825,0.5321525
real,00019317_000.png,19317,,cardiomegaly_0,-6.2494354,0.0019278206,0.96322364
real,00002139_000.png,2139,,cardiomegaly_0,-6.3006706,0.0018317123,0.9640943
real,00013678_003.png,13678,,cardiomegaly_0,-5.7781353,0.003084934,0.9342841
real,00016512_001.png,16512,,cardiomegaly_0,-5.901043,0.0027291207,0.93799025
real,00008502_000.png,8502,,cardiomegaly_0,-6.408163,0.0016453374,0.97972375
real,00014294_003.png,14294,,cardiomegaly_0,-4.0453568,0.017202359,0.745354
real,00018011_000.png,18011,,cardiomegaly_0,-5.645233,0.0035218769,0.9390255
real,00001203_002.png,1203,,cardiomegaly_0,-6.0656548,0.002315862,0.9599195
real,00005250_001.png,5250,,cardiomegaly_0,-6.3055744,0.0018227685,0.9701483
real,00028042_000.png,28042,,cardiomegaly_0,-6.3597336,0.0017268405,0.9607461
real,00017330_000.png,17330,,cardiomegaly_0,-5.4809265,0.0041481894,0.95435625
real,00010936_003.png,10936,,cardiomegaly_0,-2.7044277,0.06271259,0.4942985
real,00011380_022.png,11380,,cardiomegaly_0,-4.7816925,0.00831213,0.82674736
real,00009105_003.png,9105,,cardiomegaly_0,-5.473011,0.0041810167,0.9116203
real,00006012_000.png,6012,,cardiomegaly_0,-6.277525,0.0018745225,0.9760338
real,00006040_005.png,6040,,cardiomegaly_0,-5.318531,0.004876054,0.9033198
real,00011279_000.png,11279,,cardiomegaly_0,-4.971018,0.006888307,0.8885044
real,00016485_000.png,16485,,cardiomegaly_0,-3.3570442,0.033665247,0.58211935
real,00003094_003.png,3094,,cardiomegaly_0,-4.4975204,0.011013919,0.7160674
real,00020699_001.png,20699,,cardiomegaly_0,-1.0700569,0.25539225,0.41732317
real,00001213_003.png,1213,,cardiomegaly_0,-6.2666225,0.0018950322,0.96796525
real,00028764_000.png,28764,,cardiomegaly_0,-6.801426,0.0011109525,0.98914254
real,00005501_000.png,5501,,cardiomegaly_0,-6.7293053,0.001193936,0.9813101
real,00012051_004.png,12051,,cardiomegaly_0,-6.3162785,0.0018033964,0.9648368
real,00023621_000.png,23621,,cardiomegaly_0,-6.4117336,0.0016394827,0.9741939
real,00001174_000.png,1174,,cardiomegaly_0,-6.140871,0.0021484217,0.9737746
real,00012536_001.png,12536,,cardiomegaly_0,-2.9397583,0.0502228,0.57470214
real,00004490_005.png,4490,,cardiomegaly_0,-5.9210377,0.002675239,0.9509397
real,00014462_001.png,14462,,cardiomegaly_0,-5.797121,0.0030270924,0.95076895
real,00007623_002.png,7623,,cardiomegaly_0,-6.021019,0.0024213179,0.97631687
real,00015449_000.png,15449,,cardiomegaly_0,-4.1779995,0.0150977075,0.8062277
real,00002585_001.png,2585,,cardiomegaly_0,-3.9748898,0.018435134,0.8281939
real,00001292_000.png,1292,,cardiomegaly_0,-5.839409,0.002902116,0.94321823
real,00007313_002.png,7313,,cardiomegaly_0,-5.627674,0.00358404,0.94647634
real,00024273_000.png,24273,,cardiomegaly_0,-6.415016,0.0016341186,0.9667701
real,00008728_000.png,8728,,cardiomegaly_0,-5.6630096,0.003460038,0.9440344
real,00025832_003.png,25832,,cardiomegaly_0,-5.2411957,0.005266045,0.85704386
real,00010453_000.png,10453,,cardiomegaly_0,-6.5751686,0.0013926286,0.97312355
real,00004589_000.png,4589,,cardiomegaly_0,-5.854822,0.0028578546,0.9486699
real,00021375_007.png,21375,,cardiomegaly_0,-5.7381306,0.0032104433,0.95951414
real,00007019_001.png,7019,,cardiomegaly_0,-6.4254017,0.0016172627,0.9746433
real,00011910_003.png,11910,,cardiomegaly_0,-5.500189,0.0040693725,0.9283305
real,00015056_005.png,15056,,cardiomegaly_0,-5.5834675,0.0037454257,0.95549184
real,00028766_002.png,28766,,cardiomegaly_0,-5.421837,0.00439958,0.9248125
real,00017020_000.png,17020,,cardiomegaly_0,-5.2365265,0.0052905604,0.8393367
real,00016939_000.png,16939,,cardiomegaly_0,-6.3053627,0.0018231537,0.9684722
real,00015795_003.png,15795,,cardiomegaly_0,-5.480522,0.0041498602,0.9209181
real,00006024_006.png,6024,,cardiomegaly_0,-5.1338596,0.0058592362,0.8749142
real,00016191_019.png,16191,,cardiomegaly_0,-5.639427,0.0035423115,0.93216455
real,00017747_061.png,17747,,cardiomegaly_0,-5.117466,0.005955505,0.9511651
real,00010246_000.png,10246,,cardiomegaly_0,-1.9487114,0.12469394,0.40799877
real,00004943_000.png,4943,,cardiomegaly_0,-5.115103,0.005969512,0.8774694
real,00021288_000.png,21288,,cardiomegaly_0,-5.900593,0.002730346,0.96500444
real,00025046_000.png,25046,,cardiomegaly_0,-6.480568,0.0015305936,0.97737515
real,00015338_003.png,15338,,cardiomegaly_0,-5.9283695,0.0026557483,0.94920105
real,00014504_000.png,14504,,cardiomegaly_0,-5.1858826,0.005563867,0.9243852
real,00014281_000.png,14281,,cardiomegaly_0,-6.096361,0.0022459882,0.9477336
real,00006098_007.png,6098,,cardiomegaly_0,-5.830551,0.0029278605,0.9380866
real,00004695_000.png,4695,,cardiomegaly_0,-5.509903,0.004030192,0.89538664
real,00027153_001.png,27153,,cardiomegaly_0,-4.6221848,0.0097355805,0.87201285
real,00028027_002.png,28027,,cardiomegaly_0,-1.1508999,0.24032474,0.30926484
real,00004834_000.png,4834,,cardiomegaly_0,-6.3022118,0.0018288968,0.9744531
real,00006002_001.png,6002,,cardiomegaly_0,-5.5138187,0.0040145046,0.9293929
real,00002825_001.png,2825,,cardiomegaly_0,-5.637722,0.0035483357,0.9270486
real,00021569_000.png,21569,,cardiomegaly_0,-6.2638035,0.001900372,0.9766539
real,00013138_002.png,13138,,cardiomegaly_0,-6.1075516,0.0022210502,0.96253115
real,00014029_000.png,14029,,cardiomegaly_0,-6.6645374,0.0012737219,0.98020774
real,00021614_001.png,21614,,cardiomegaly_0,-6.229101,0.0019673447,0.9614734
real,00014045_000.png,14045,,cardiomegaly_0,-5.194628,0.005515689,0.8717425
real,00006202_000.png,6202,,cardiomegaly_0,9.305025,0.99990904,0.9955882
real,00020060_007.png,20060,,cardiomegaly_0,-0.014871597,0.4962822,0.32991883
real,00001587_000.png,1587,,cardiomegaly_0,-6.103821,0.0022293334,0.95033294
real,00020674_000.png,20674,,cardiomegaly_0,-6.127676,0.002176896,0.95377594
real,00022763_000.png,22763,,cardiomegaly_0,-5.6054897,0.0036641436,0.90841854
real,00025832_004.png,25832,,cardiomegaly_0,-4.737713,0.008682607,0.77167517
real,00000877_007.png,877,,cardiomegaly_0,-5.7884846,0.0030532687,0.9464119
real,00008733_000.png,8733,,cardiomegaly_0,-6.3499146,0.0017438501,0.97394174
real,00005903_000.png,5903,,cardiomegaly_0,-5.948105,0.0026039851,0.9423511
real,00030781_000.png,30781,,cardiomegaly_0,6.6101418,0.9986552,0.95175457
real,00026409_000.png,26409,,cardiomegaly_0,-5.96784,0.0025532283,0.95238245
real,00000872_000.png,872,,cardiomegaly_0,-5.9016113,0.002727574,0.9364366
real,00015597_000.png,15597,,cardiomegaly_0,-5.805622,0.0030015449,0.93853796
real,00005395_001.png,5395,,cardiomegaly_0,-1.0427685,0.26061615,0.2978376
real,00008081_019.png,8081,,cardiomegaly_0,-3.4572372,0.030553762,0.6763968
real,00001733_001.png,1733,,cardiomegaly_0,-6.5288506,0.0014585534,0.97454196
real,00020642_006.png,20642,,cardiomegaly_0,-5.9425697,0.0026184006,0.96589077
real,00008489_015.png,8489,,cardiomegaly_0,-5.0657063,0.0062698936,0.8814819
real,00019575_000.png,19575,,cardiomegaly_0,7.1027927,0.9991779,0.9521166
real,00008342_023.png,8342,,cardiomegaly_0,-5.457762,0.0042449897,0.91716254
real,00024797_000.png,24797,,cardiomegaly_0,-6.0381603,0.0023802652,0.97050714
real,00008779_000.png,8779,,cardiomegaly_0,-6.363804,0.0017198379,0.96619266
real,00003812_002.png,3812,,cardiomegaly_0,-6.23283,0.0019600368,0.9759692
real,00019544_000.png,19544,,cardiomegaly_0,-6.387968,0.0016788464,0.97481376
real,00003804_001.png,3804,,cardiomegaly_0,-5.913267,0.0026960517,0.9679039
real,00004909_005.png,4909,,cardiomegaly_0,3.535471,0.9716804,0.8186221
real,00029543_002.png,29543,,cardiomegaly_0,3.7825336,0.9777418,0.76646376
real,00022582_001.png,22582,,cardiomegaly_0,-6.2780323,0.0018735735,0.9655702
real,00000463_001.png,463,,cardiomegaly_0,-5.2670784,0.005132185,0.8862448
real,00000796_004.png,796,,cardiomegaly_0,5.7657166,0.9968766,0.97574395
real,00022155_012.png,22155,,cardiomegaly_0,-1.5094337,0.18102273,0.2538034
real,00012304_002.png,12304,,cardiomegaly_0,-3.7982407,0.021918958,0.68925285
real,00003570_001.png,3570,,cardiomegaly_0,-6.3039227,0.0018257761,0.9770263
real,00015449_002.png,15449,,cardiomegaly_0,-6.0612907,0.002325967,0.95736414
real,00023776_000.png,23776,,cardiomegaly_0,-5.920925,0.0026755393,0.9472974
real,00001606_004.png,1606,,cardiomegaly_0,-5.779976,0.0030792786,0.9381211
real,00026795_000.png,26795,,cardiomegaly_0,-5.72493,0.003252966,0.9597728
real,00030805_000.png,30805,,cardiomegaly_0,-6.6245975,0.001325555,0.9783749
real,00017747_023.png,17747,,cardiomegaly_0,-3.089201,0.04355491,0.66853374
real,00010348_001.png,10348,,cardiomegaly_0,-6.218914,0.0019874487,0.9698215
real,00016929_001.png,16929,,cardiomegaly_0,2.2506084,0.904703,0.45843118
real,00002120_001.png,2120,,cardiomegaly_0,-4.491503,0.01107966,0.7892297
real,00011598_028.png,11598,,cardiomegaly_0,-4.299925,0.01338791,0.76320773
real,00003064_010.png,3064,,cardiomegaly_0,-6.154358,0.0021197016,0.96223897
real,00014076_000.png,14076,,cardiomegaly_0,-6.5495834,0.0014286675,0.98123926
real,00001059_005.png,1059,,cardiomegaly_0,-3.925438,0.019351618,0.6499314
real,00015977_000.png,15977,,cardiomegaly_0,-6.344509,0.0017532853,0.9750715
real,00010135_000.png,10135,,cardiomegaly_0,2.1770363,0.89816827,0.46524706
real,00014025_000.png,14025,,cardiomegaly_0,-5.8048916,0.0030037316,0.9573207
real,00005587_000.png,5587,,cardiomegaly_0,-6.4328995,0.0016052015,0.97710496
real,00011764_007.png,11764,,cardiomegaly_0,4.333147,0.9870439,0.79360354
real,00028256_000.png,28256,,cardiomegaly_0,-5.9314365,0.002647637,0.9486679
real,00010131_001.png,10131,,cardiomegaly_0,-5.820675,0.0029568342,0.96336347
real,00008184_003.png,8184,,cardiomegaly_0,-6.356493,0.0017324358,0.97114336
real,00003916_000.png,3916,,cardiomegaly_0,-2.0625668,0.11278872,0.35236573
real,00000273_004.png,273,,cardiomegaly_0,-1.7668343,0.14593646,0.33812627
real,00023343_000.png,23343,,cardiomegaly_0,-6.1775,0.0020713115,0.9594352
real,00001292_001.png,1292,,cardiomegaly_0,-3.4351406,0.031215103,0.60780317
real,00001470_002.png,1470,,cardiomegaly_0,-4.4736385,0.011277117,0.87109375
real,00017545_000.png,17545,,cardiomegaly_0,-5.363138,0.004664319,0.88537014
real,00013441_000.png,13441,,cardiomegaly_0,-5.69705,0.0033446264,0.93326926
real,00010920_004.png,10920,,cardiomegaly_0,-6.2218456,0.0019816426,0.9664702
real,00007313_001.png,7313,,cardiomegaly_0,-6.2552776,0.0019166124,0.9704054
real,00000304_001.png,304,,cardiomegaly_0,-3.7093716,0.02390735,0.7751231
real,00010481_031.png,10481,,cardiomegaly_0,-5.5215797,0.003983592,0.90744686
real,00022155_024.png,22155,,cardiomegaly_0,-5.627371,0.003585123,0.88104635
real,00011603_000.png,11603,,cardiomegaly_0,-6.0843906,0.002272974,0.9530793
real,00001230_001.png,1230,,cardiomegaly_0,-6.5752525,0.0013925119,0.9697466
real,00017824_001.png,17824,,cardiomegaly_0,-5.8308086,0.0029271091,0.9209439
real,00028706_000.png,28706,,cardiomegaly_0,-1.5561886,0.17419425,0.39097336
real,00012989_001.png,12989,,cardiomegaly_0,-5.123398,0.005920491,0.8594484
real,00029493_000.png,29493,,cardiomegaly_0,-6.4389896,0.0015954708,0.9781568
real,00005579_000.png,5579,,cardiomegaly_0,-5.7647076,0.0031265067,0.9215094
real,00015795_004.png,15795,,cardiomegaly_0,-5.4621067,0.0042266636,0.91860783
real,00000262_000.png,262,,cardiomegaly_0,-6.1585445,0.0021108645,0.96147245
real,00019413_000.png,19413,,cardiomegaly_0,-5.920183,0.00267752,0.9483023
real,00008147_000.png,8147,,cardiomegaly_0,-6.3807983,0.0016909062,0.98026204
real,00012951_000.png,12951,,cardiomegaly_0,-4.90769,0.007335333,0.8040235
real,00024613_000.png,24613,,cardiomegaly_0,-6.4415627,0.0015913775,0.9750334
real,00003577_000.png,3577,,cardiomegaly_0,-6.0165806,0.0024320625,0.95902
real,00014352_007.png,14352,,cardiomegaly_0,-5.0079937,0.0066399174,0.81950796
real,00016509_000.png,16509,,cardiomegaly_0,-5.752716,0.0031641047,0.94777673
real,00010696_000.png,10696,,cardiomegaly_0,-6.027828,0.002404926,0.9415527
real,00013591_000.png,13591,,cardiomegaly_0,-6.099985,0.0022378818,0.9714174
real,00027305_000.png,27305,,cardiomegaly_0,-6.225418,0.00197459,0.9726918
real,00018488_002.png,18488,,cardiomegaly_0,-4.7956142,0.008198154,0.88526773
real,00012626_005.png,12626,,cardiomegaly_0,-6.223671,0.0019780358,0.9724539
real,00023423_000.png,23423,,cardiomegaly_0,-6.434269,0.0016030082,0.9813036
real,00010481_040.png,10481,,cardiomegaly_0,-5.7568703,0.0031510289,0.941032
real,00015111_000.png,15111,,cardiomegaly_0,-6.139328,0.002151732,0.95630336
real,00023085_009.png,23085,,cardiomegaly_0,-4.8624306,0.007672349,0.91093856
real,00011328_000.png,11328,,cardiomegaly_0,-6.2934246,0.0018450087,0.9658384
real,00028475_000.png,28475,,cardiomegaly_0,-5.872961,0.002806628,0.9524196
real,00022677_005.png,22677,,cardiomegaly_0,2.6036434,0.9310957,0.44877088
real,00003464_000.png,3464,,cardiomegaly_0,-6.316019,0.0018038636,0.9682007
real,00010295_000.png,10295,,cardiomegaly_0,-5.9972954,0.0024793032,0.95495695
real,00022527_000.png,22527,,cardiomegaly_0,-6.505018,0.0014936791,0.96682554
real,00013970_009.png,13970,,cardiomegaly_0,-5.472843,0.0041817157,0.9349926
real,00001203_003.png,1203,,cardiomegaly_0,-6.335663,0.0017688366,0.9706725
real,00015228_000.png,15228,,cardiomegaly_0,0.41589355,0.6025002,0.25503483
real,00001136_001.png,1136,,cardiomegaly_0,2.9086227,0.9482711,0.45117918
real,00006040_009.png,6040,,cardiomegaly_0,-6.100029,0.0022377837,0.9444187
real,00008441_000.png,8441,,cardiomegaly_0,-6.4566097,0.0015676484,0.9767697
real,00015740_000.png,15740,,cardiomegaly_0,-6.00618,0.0024574273,0.9534531
real,00007109_011.png,7109,,cardiomegaly_0,-5.206581,0.0054505076,0.8583013
real,00019496_000.png,19496,,cardiomegaly_0,-5.960663,0.0025715725,0.93612427
real,00022882_000.png,22882,,cardiomegaly_0,-6.531439,0.0014547886,0.9811481
real,00022500_000.png,22500,,cardiomegaly_0,-5.991474,0.002493742,0.9466879
real,00011380_008.png,11380,,cardiomegaly_0,-5.6466885,0.0035167735,0.91629684
real,00000386_000.png,386,,cardiomegaly_0,-6.189226,0.002047214,0.9706467
real,00022196_002.png,22196,,cardiomegaly_0,-5.0131054,0.0066062873,0.8508706
real,00018597_002.png,18597,,cardiomegaly_0,-6.0274315,0.0024058784,0.9496722
real,00013969_008.png,13969,,cardiomegaly_0,-6.0776863,0.002288229,0.96217316
real,00029579_007.png,29579,,cardiomegaly_0,-2.2257118,0.0974652,0.5523757
real,00020485_005.png,20485,,cardiomegaly_0,-5.5982533,0.003690657,0.90045714
real,00005002_001.png,5002,,cardiomegaly_0,7.9781704,0.9996573,0.9851626
real,00028053_000.png,28053,,cardiomegaly_0,-6.5790596,0.001387228,0.9834089
real,00000417_003.png,417,,cardiomegaly_0,-4.426243,0.011818003,0.7684087
real,00016439_000.png,16439,,cardiomegaly_0,-6.591242,0.0013704541,0.9786682
real,00020531_000.png,20531,,cardiomegaly_0,-6.040037,0.0023758123,0.95153314
real,00015435_001.png,15435,,cardiomegaly_0,-5.485138,0.004130828,0.92397594
real,00002595_001.png,2595,,cardiomegaly_0,-5.648117,0.0035117702,0.9288455
real,00016512_000.png,16512,,cardiomegaly_0,-6.263668,0.0019006288,0.9730943
real,00021023_004.png,21023,,cardiomegaly_0,2.852232,0.9454339,0.52515846
real,00009273_002.png,9273,,cardiomegaly_0,-4.2902794,0.013515915,0.8234307
real,00002292_001.png,2292,,cardiomegaly_0,-6.2250576,0.0019753003,0.96517676
real,00000757_000.png,757,,cardiomegaly_0,-6.1652813,0.0020967217,0.96438086
real,00006711_000.png,6711,,cardiomegaly_0,2.9208622,0.9488681,0.76704675
real,00016261_001.png,16261,,cardiomegaly_0,5.4672337,0.9957949,0.9087546
real,00002816_003.png,2816,,cardiomegaly_0,-5.854265,0.0028594418,0.9549474
real,00009378_002.png,9378,,cardiomegaly_0,-5.995598,0.002483505,0.9622416
real,00023266_004.png,23266,,cardiomegaly_0,-6.238577,0.0019488271,0.9653783
real,00003094_004.png,3094,,cardiomegaly_0,-3.8648014,0.020536495,0.64545286
real,00026807_000.png,26807,,cardiomegaly_0,-6.6657753,0.0012721482,0.98248035
real,00012086_001.png,12086,,cardiomegaly_0,-5.7450657,0.0031883265,0.9286277
real,00003917_000.png,3917,,cardiomegaly_0,-6.1128387,0.002209364,0.9568169
real,00010445_003.png,10445,,cardiomegaly_0,-6.0227985,0.0024170235,0.95668954
real,00016184_001.png,16184,,cardiomegaly_0,-4.9863358,0.0067843064,0.84098715
real,00011598_017.png,11598,,cardiomegaly_0,-5.8274593,0.0029369004,0.94705904
real,00025290_002.png,25290,,cardiomegaly_0,-5.0964527,0.006081204,0.9130594
real,00012363_004.png,12363,,cardiomegaly_0,-6.173435,0.0020797302,0.975764
real,00011813_000.png,11813,,cardiomegaly_0,-6.2762566,0.0018768973,0.9612425
real,00010732_000.png,10732,,cardiomegaly_0,-5.4421825,0.004311354,0.91926956
real,00026927_000.png,26927,,cardiomegaly_0,-4.7674255,0.008430562,0.90793306
real,00017786_013.png,17786,,cardiomegaly_0,-5.758692,0.0031453122,0.9333898
real,00018642_000.png,18642,,cardiomegaly_0,-4.7780113,0.008342529,0.82297385
real,00009668_000.png,9668,,cardiomegaly_0,-6.0015373,0.0024688342,0.97149634
real,00005245_000.png,5245,,cardiomegaly_0,-5.7605667,0.0031394393,0.9389091
real,00010120_004.png,10120,,cardiomegaly_0,-5.794714,0.0030343656,0.9560267
real,00007018_005.png,7018,,cardiomegaly_0,-6.6563225,0.0012842151,0.98412734
real,00030385_000.png,30385,,cardiomegaly_0,-6.4919376,0.0015133158,0.97904384
real,00021631_001.png,21631,,cardiomegaly_0,-6.257553,0.0019122644,0.9799793
real,00005443_000.png,5443,,cardiomegaly_0,-5.279915,0.0050670584,0.9178042
real,00003439_007.png,3439,,cardiomegaly_0,-5.9579754,0.002578475,0.9629899
real,00021114_001.png,21114,,cardiomegaly_0,-4.3368015,0.012909458,0.81789213
real,00006135_000.png,6135,,cardiomegaly_0,8.904509,0.9998642,0.99204034
real,00006123_001.png,6123,,cardiomegaly_0,-6.5700665,0.0013997422,0.98231524
real,00004926_000.png,4926,,cardiomegaly_0,5.735264,0.9967804,0.95170045
real,00019435_003.png,19435,,cardiomegaly_0,-6.7092857,0.0012180493,0.9810654
real,00019535_002.png,19535,,cardiomegaly_0,-6.519989,0.0014715168,0.9717237
real,00008342_001.png,8342,,cardiomegaly_0,6.763258,0.9988458,0.9540698
real,00014843_000.png,14843,,cardiomegaly_0,-4.173462,0.015165331,0.7712884
real,00002492_010.png,2492,,cardiomegaly_0,-6.1153355,0.002203867,0.9551031
real,00020716_002.png,20716,,cardiomegaly_0,-5.547621,0.003881592,0.90831155
real,00027353_000.png,27353,,cardiomegaly_0,-6.1960964,0.0020332257,0.955508
real,00013969_007.png,13969,,cardiomegaly_0,-6.1781445,0.0020699794,0.9716793
real,00010489_000.png,10489,,cardiomegaly_0,-4.9288635,0.0071827555,0.8642995
real,00018011_009.png,18011,,cardiomegaly_0,-5.1041546,0.0060348297,0.881365
real,00016518_000.png,16518,,cardiomegaly_0,-5.6387997,0.0035445273,0.9293214
real,00013214_001.png,13214,,cardiomegaly_0,-6.000839,0.002470554,0.9579221
real,00007792_000.png,7792,,cardiomegaly_0,-6.3934193,0.0016697351,0.9781162
real,00012949_001.png,12949,,cardiomegaly_0,-6.2310715,0.00196348,0.97317624
real,00028570_000.png,28570,,cardiomegaly_0,-6.4453716,0.0015853372,0.9759868
real,00003628_000.png,3628,,cardiomegaly_0,-5.2983265,0.004975079,0.913119
real,00026658_002.png,26658,,cardiomegaly_0,-5.6838703,0.0033888489,0.94359803
real,00006490_000.png,6490,,cardiomegaly_0,-5.57843,0.0037642692,0.94223684
real,00012178_002.png,12178,,cardiomegaly_0,-3.1502476,0.041081525,0.49611524
real,00018037_019.png,18037,,cardiomegaly_0,-5.4900455,0.004110689,0.9178261
real,00013360_000.png,13360,,cardiomegaly_0,-5.279381,0.0050697518,0.8837994
real,00003640_000.png,3640,,cardiomegaly_0,-6.390011,0.0016754263,0.97380126
real,00016568_001.png,16568,,cardiomegaly_0,-4.873955,0.0075851055,0.837665
real,00015475_000.png,15475,,cardiomegaly_0,-6.3209343,0.0017950345,0.9726712
real,00029314_000.png,29314,,cardiomegaly_0,-6.5303154,0.0014564216,0.9818581
real,00018011_019.png,18011,,cardiomegaly_0,-5.8295364,0.0029308244,0.9584502
real,00009709_007.png,9709,,cardiomegaly_0,-5.802765,0.0030101072,0.9432199
real,00002686_000.png,2686,,cardiomegaly_0,2.9398499,0.9497816,0.7458643
real,00025453_000.png,25453,,cardiomegaly_0,-5.866724,0.0028241377,0.93316346
real,00019716_003.png,19716,,cardiomegaly_0,7.659502,0.99952865,0.9555662
real,00003792_001.png,3792,,cardiomegaly_0,-4.018017,0.017670734,0.7656098
real,00008184_002.png,8184,,cardiomegaly_0,-6.4355583,0.0016009461,0.97127575
real,00000869_006.png,869,,cardiomegaly_0,-5.788704,0.0030526011,0.92576903
real,00022574_001.png,22574,,cardiomegaly_0,-5.2889442,0.0050217407,0.94452214
real,00030139_000.png,30139,,cardiomegaly_0,-4.47768,0.011232141,0.77998036
real,00010131_005.png,10131,,cardiomegaly_0,-5.6886044,0.0033728979,0.93143624
real,00018016_005.png,18016,,cardiomegaly_0,-2.0694065,0.1121061,0.46589133
real,00030091_000.png,30091,,cardiomegaly_0,-6.259823,0.0019079371,0.96206707
real,00029426_000.png,29426,,cardiomegaly_0,-6.535013,0.0014496055,0.9775717
real,00012902_001.png,12902,,cardiomegaly_0,-6.2681484,0.0018921485,0.9763666
real,00016865_001.png,16865,,cardiomegaly_0,-6.529848,0.0014571012,0.9759669
real,00008802_008.png,8802,,cardiomegaly_0,-6.1749268,0.0020766368,0.96046346
real,00029295_000.png,29295,,cardiomegaly_0,-6.47665,0.0015365925,0.9780246
real,00003689_004.png,3689,,cardiomegaly_0,-6.730564,0.0011924357,0.98672074
real,00003064_042.png,3064,,cardiomegaly_0,-6.0734615,0.0022978943,0.9334457
real,00017835_006.png,17835,,cardiomegaly_0,-5.353924,0.004707293,0.89715415
real,00011690_000.png,11690,,cardiomegaly_0,-5.6779175,0.0034090139,0.94734174
real,00004976_003.png,4976,,cardiomegaly_0,-4.725569,0.0087877605,0.8135726
real,00009381_000.png,9381,,cardiomegaly_0,6.687006,0.9987545,0.9645639
real,00010600_000.png,10600,,cardiomegaly_0,-6.063631,0.0023205425,0.96876156
real,00028889_000.png,28889,,cardiomegaly_0,-6.6437244,0.0013004749,0.97463137
real,00027693_000.png,27693,,cardiomegaly_0,-4.080946,0.016610896,0.71984154
real,00003769_002.png,3769,,cardiomegaly_0,-2.593216,0.06957631,0.50124246
real,00019303_000.png,19303,,cardiomegaly_0,-6.1302967,0.0021712107,0.95524573
real,00013759_000.png,13759,,cardiomegaly_0,-6.339678,0.0017617615,0.9806514
real,00016083_003.png,16083,,cardiomegaly_0,-5.937315,0.0026321597,0.94551265
real,00006981_018.png,6981,,cardiomegaly_0,-6.1459255,0.0021376132,0.96820235
real,00024924_000.png,24924,,cardiomegaly_0,-6.1539135,0.002120642,0.971464
real,00005532_041.png,5532,,cardiomegaly_0,-1.1870289,0.23379074,0.27772135
real,00011149_000.png,11149,,cardiomegaly_0,-5.8566055,0.002852777,0.9598574
real,00005623_000.png,5623,,cardiomegaly_0,-6.043167,0.0023684055,0.9504568
real,00011116_000.png,11116,,cardiomegaly_0,-5.877348,0.0027943766,0.9529613
real,00028822_001.png,28822,,cardiomegaly_0,-5.0524063,0.006353306,0.88356346
real,00005410_003.png,5410,,cardiomegaly_0,-2.1876907,0.100861326,0.6205334
real,00023468_000.png,23468,,cardiomegaly_0,-6.457163,0.001566783,0.96737283
real,00010465_005.png,10465,,cardiomegaly_0,-5.546812,0.0038847202,0.9457007
real,00012536_004.png,12536,,cardiomegaly_0,-3.8691692,0.020448823,0.7216583
real,00012772_000.png,12772,,cardiomegaly_0,-6.371191,0.0017072016,0.9748522
real,00009905_000.png,9905,,cardiomegaly_0,-5.225645,0.005348134,0.883922
real,00014094_000.png,14094,,cardiomegaly_0,-3.8328724,0.021188669,0.6561522
real,00021346_000.png,21346,,cardiomegaly_0,-0.85801506,0.29775423,0.26914206
real,00016801_003.png,16801,,cardiomegaly_0,-1.660944,0.15963532,0.3349507
real,00009335_000.png,9335,,cardiomegaly_0,-5.446699,0.004292009,0.9042946
real,00009932_006.png,9932,,cardiomegaly_0,0.5086441,0.6244886,0.24028936
real,00024029_000.png,24029,,cardiomegaly_0,-6.0594044,0.0023303484,0.9578143
real,00005708_000.png,5708,,cardiomegaly_0,-6.6752167,0.001260209,0.9801337
real,00019911_000.png,19911,,cardiomegaly_0,-4.4331512,0.011737595,0.8187756
real,00004608_000.png,4608,,cardiomegaly_0,-6.035839,0.0023857835,0.9666769
real,00010071_005.png,10071,,cardiomegaly_0,-4.5953712,0.009997512,0.8592357
real,00001548_000.png,1548,,cardiomegaly_0,-6.0577927,0.0023340986,0.9643664
real,00011910_012.png,11910,,cardiomegaly_0,-5.95302,0.0025912505,0.9493311
real,00020811_020.png,20811,,cardiomegaly_0,-5.9650574,0.0025603252,0.9516878
real,00029311_003.png,29311,,cardiomegaly_0,-6.331682,0.0017758792,0.9789672
real,00003174_002.png,3174,,cardiomegaly_0,-6.091305,0.0022573478,0.96689856
real,00024737_001.png,24737,,cardiomegaly_0,-6.492565,0.0015123679,0.9797158
real,00027582_002.png,27582,,cardiomegaly_0,5.6047325,0.9963331,0.9317743
real,00003752_000.png,3752,,cardiomegaly_0,-5.978113,0.0025271992,0.95704603
real,00010279_002.png,10279,,cardiomegaly_0,2.5349941,0.926559,0.45273137
real,00020502_001.png,20502,,cardiomegaly_0,-5.714113,0.0032882267,0.9464383
real,00029742_002.png,29742,,cardiomegaly_0,-5.698408,0.0033401027,0.9246165
real,00017381_000.png,17381,,cardiomegaly_0,-6.5244865,0.001464923,0.9774852
real,00027326_000.png,27326,,cardiomegaly_0,-6.3431435,0.0017556772,0.97833663
real,00011359_000.png,11359,,cardiomegaly_0,-6.3593884,0.0017274356,0.9786525
real,00005401_005.png,5401,,cardiomegaly_0,-5.7311764,0.0032327748,0.9362533
real,00020884_000.png,20884,,cardiomegaly_0,-6.4968166,0.0015059615,0.98061174
real,00007795_000.png,7795,,cardiomegaly_0,-4.530321,0.010662305,0.8232387
real,00023636_000.png,23636,,cardiomegaly_0,-6.5193386,0.0014724728,0.9753221
real,00019201_010.png,19201,,cardiomegaly_0,-5.6528816,0.0034951367,0.95362395
real,00014319_000.png,14319,,cardiomegaly_0,1.7574883,0.85289484,0.47731164
real,00016498_001.png,16498,,cardiomegaly_0,-6.289238,0.001852735,0.97608525
real,00020286_025.png,20286,,cardiomegaly_0,-1.9265366,0.12713443,0.39238784
real,00024192_000.png,24192,,cardiomegaly_0,-6.2693424,0.001889895,0.97703236
real,00013886_000.png,13886,,cardiomegaly_0,-5.87603,0.0027980516,0.94338644
real,00004490_004.png,4490,,cardiomegaly_0,-5.841152,0.0028970756,0.9380773
real,00017603_029.png,17603,,cardiomegaly_0,-5.6065235,0.0036603715,0.8800258
real,00007935_000.png,7935,,cardiomegaly_0,8.4815445,0.99979275,0.9870409
real,00010650_000.png,10650,,cardiomegaly_0,-5.386713,0.00455614,0.906965
real,00007505_000.png,7505,,cardiomegaly_0,-6.0391846,0.0023778342,0.9507771
real,00010286_001.png,10286,,cardiomegaly_0,-6.0674915,0.002311622,0.9494541
real,00017835_002.png,17835,,cardiomegaly_0,-5.929142,0.0026537029,0.9591213
edit,00001059_006.png,1059,0.0,cardiomegaly_0,-5.2702675,0.005115927,0.87981486
edit,00001174_000.png,1174,0.0,cardiomegaly_0,-6.0252914,0.00241102,0.964452
edit,00001470_001.png,1470,0.0,cardiomegaly_0,3.31353,0.9648901,0.8451589
edit,00001606_004.png,1606,0.0,cardiomegaly_0,-4.8364086,0.007873026,0.86277497
edit,00002139_000.png,2139,0.0,cardiomegaly_0,-6.049469,0.0023535618,0.95216084
edit,00002355_005.png,2355,0.0,cardiomegaly_0,-1.5057011,0.18157676,0.43205926
edit,00002492_010.png,2492,0.0,cardiomegaly_0,-6.1011276,0.002235332,0.9589578
edit,00002566_000.png,2566,0.0,cardiomegaly_0,-5.0874767,0.0061356984,0.8853868
edit,00003064_010.png,3064,0.0,cardiomegaly_0,-6.0001144,0.0024723408,0.9483127
edit,00003804_012.png,3804,0.0,cardiomegaly_0,-5.7435913,0.0031930157,0.9389338
edit,00003917_000.png,3917,0.0,cardiomegaly_0,-5.2113113,0.0054249256,0.8937881
edit,00004057_000.png,4057,0.0,cardiomegaly_0,-5.7274303,0.0032448685,0.903034
edit,00005623_000.png,5623,0.0,cardiomegaly_0,-5.88982,0.0027598368,0.9415192
edit,00006012_000.png,6012,0.0,cardiomegaly_0,-6.2206726,0.001983964,0.9736309
edit,00006791_002.png,6791,0.0,cardiomegaly_0,-3.911295,0.019621843,0.7271965
edit,00006921_000.png,6921,0.0,cardiomegaly_0,-6.0200844,0.0024235765,0.94556576
edit,00006981_017.png,6981,0.0,cardiomegaly_0,-5.829811,0.0029300218,0.9263931
edit,00007082_000.png,7082,0.0,cardiomegaly_0,-2.0059147,0.11858331,0.37021768
edit,00007159_000.png,7159,0.0,cardiomegaly_0,-3.7470055,0.023044692,0.6832801
edit,00007340_004.png,7340,0.0,cardiomegaly_0,-5.0333176,0.006474955,0.8828726
edit,00007589_000.png,7589,0.0,cardiomegaly_0,-6.5616055,0.0014116189,0.98228395
edit,00007931_000.png,7931,0.0,cardiomegaly_0,-4.758419,0.008506185,0.8495696
edit,00008142_005.png,8142,0.0,cardiomegaly_0,-6.3203716,0.001796043,0.9726763
edit,00008147_000.png,8147,0.0,cardiomegaly_0,-6.373453,0.0017033508,0.97749186
edit,00008184_003.png,8184,0.0,cardiomegaly_0,-5.8850155,0.0027730917,0.9566935
edit,00008359_000.png,8359,0.0,cardiomegaly_0,-3.775711,0.022407196,0.75295514
edit,00008386_001.png,8386,0.0,cardiomegaly_0,-6.0863743,0.00226848,0.97202945
edit,00008802_008.png,8802,0.0,cardiomegaly_0,-6.019163,0.002425805,0.95529157
edit,00009090_001.png,9090,0.0,cardiomegaly_0,-3.2343655,0.037892774,0.6520299
edit,00009105_003.png,9105,0.0,cardiomegaly_0,-5.380377,0.004584967,0.9048799
edit,00009306_000.png,9306,0.0,cardiomegaly_0,-6.1334114,0.0021644733,0.96928513
edit,00009335_000.png,9335,0.0,cardiomegaly_0,-4.118166,0.016013721,0.71431524
edit,00009409_002.png,9409,0.0,cardiomegaly_0,-6.305544,0.0018228239,0.97290087
edit,00009761_000.png,9761,0.0,cardiomegaly_0,5.9924107,0.9975085,0.95274013
edit,00010465_001.png,10465,0.0,cardiomegaly_0,-4.6363525,0.009599936,0.87860054
edit,00010892_000.png,10892,0.0,cardiomegaly_0,-5.277521,0.0050791404,0.9110868
edit,00010931_003.png,10931,0.0,cardiomegaly_0,-5.90584,0.002716096,0.9544777
edit,00010964_000.png,10964,0.0,cardiomegaly_0,-5.9887886,0.002500431,0.96857214
edit,00011611_000.png,11611,0.0,cardiomegaly_0,-5.7602673,0.0031403764,0.9343507
edit,00012129_000.png,12129,0.0,cardiomegaly_0,-6.18384,0.002058248,0.9704833
edit,00012400_000.png,12400,0.0,cardiomegaly_0,-6.283125,0.0018640741,0.9682331
edit,00012772_003.png,12772,0.0,cardiomegaly_0,-5.8710613,0.0028119497,0.9507157
edit,00012902_001.png,12902,0.0,cardiomegaly_0,-5.9705772,0.0025462674,0.9580724
edit,00013441_000.png,13441,0.0,cardiomegaly_0,-4.7421436,0.008644553,0.8479828
edit,00013678_003.png,13678,0.0,cardiomegaly_0,-3.619381,0.026099807,0.61800015
edit,00013759_000.png,13759,0.0,cardiomegaly_0,-6.410305,0.0016418229,0.9830665
edit,00014281_000.png,14281,0.0,cardiomegaly_0,-6.194523,0.002036421,0.9517666
edit,00014295_001.png,14295,0.0,cardiomegaly_0,-6.506937,0.0014908201,0.9801733
edit,00014387_006.png,14387,0.0,cardiomegaly_0,1.0508232,0.74093294,0.36671844
edit,00014838_000.png,14838,0.0,cardiomegaly_0,-5.1027412,0.006043313,0.8852661
edit,00014954_000.png,14954,0.0,cardiomegaly_0,-6.062849,0.0023223537,0.9689382
edit,00015056_005.png,15056,0.0,cardiomegaly_0,1.0768356,0.74589473,0.4274198
edit,00015087_011.png,15087,0.0,cardiomegaly_0,-5.1515045,0.0057573467,0.88789827
edit,00016191_019.png,16191,0.0,cardiomegaly_0,-4.9696503,0.006897668,0.83492386
edit,00016245_000.png,16245,0.0,cardiomegaly_0,-6.7628593,0.0011545847,0.9856656
edit,00016498_001.png,16498,0.0,cardiomegaly_0,-6.4274845,0.0016139032,0.9803358
edit,00016509_001.png,16509,0.0,cardiomegaly_0,-6.127201,0.0021779279,0.95270526
edit,00016512_001.png,16512,0.0,cardiomegaly_0,-5.4735165,0.004178913,0.9022683
edit,00016724_002.png,16724,0.0,cardiomegaly_0,-4.15596,0.015428956,0.78944254
edit,00016865_000.png,16865,0.0,cardiomegaly_0,-6.2775116,0.0018745477,0.9720233
edit,00016907_000.png,16907,0.0,cardiomegaly_0,-5.7146645,0.0032864204,0.93311316
edit,00017381_000.png,17381,0.0,cardiomegaly_0,-6.169447,0.0020880238,0.96488214
edit,00018008_000.png,18008,0.0,cardiomegaly_0,-5.560974,0.0038303016,0.91714936
edit,00018011_000.png,18011,0.0,cardiomegaly_0,-4.988899,0.0067670546,0.8308688
edit,00018488_002.png,18488,0.0,cardiomegaly_0,-4.6543255,0.00943055,0.8889393
edit,00018616_000.png,18616,0.0,cardiomegaly_0,-1.9495468,0.12460278,0.43260226
edit,00019435_003.png,19435,0.0,cardiomegaly_0,-6.7295017,0.0011937018,0.98292595
edit,00019535_002.png,19535,0.0,cardiomegaly_0,-6.295294,0.0018415696,0.9562953
edit,00019544_000.png,19544,0.0,cardiomegaly_0,-6.246086,0.0019342757,0.9607029
edit,00019911_001.png,19911,0.0,cardiomegaly_0,-6.0296097,0.002400656,0.94985646
edit,00020318_024.png,20318,0.0,cardiomegaly_0,-3.9777107,0.018384159,0.80042696
edit,00020341_000.png,20341,0.0,cardiomegaly_0,-5.121668,0.005930681,0.87334347
edit,00020642_006.png,20642,0.0,cardiomegaly_0,-6.0484123,0.0023560442,0.9593218
edit,00020674_000.png,20674,0.0,cardiomegaly_0,-5.661646,0.0034647437,0.9381933
edit,00020716_002.png,20716,0.0,cardiomegaly_0,-3.504301,0.0291901,0.62692946
edit,00020802_000.png,20802,0.0,cardiomegaly_0,-6.1833305,0.0020592944,0.96115553
edit,00021023_024.png,21023,0.0,cardiomegaly_0,-6.047247,0.0023587851,0.9518109
edit,00021569_000.png,21569,0.0,cardiomegaly_0,-6.4051437,0.0016503046,0.9731005
edit,00022341_000.png,22341,0.0,cardiomegaly_0,-6.180935,0.0020642232,0.9708123
edit,00022582_001.png,22582,0.0,cardiomegaly_0,-5.962082,0.0025679353,0.94346434
edit,00022712_000.png,22712,0.0,cardiomegaly_0,-6.2731495,0.0018827271,0.9736273
edit,00023621_000.png,23621,0.0,cardiomegaly_0,-6.2127743,0.0019996644,0.9708798
edit,00023776_000.png,23776,0.0,cardiomegaly_0,-5.9515953,0.0025949355,0.95213604
edit,00024192_000.png,24192,0.0,cardiomegaly_0,-5.9351788,0.0026377738,0.9579207
edit,00024326_000.png,24326,0.0,cardiomegaly_0,-6.6373787,0.0013087429,0.9865897
edit,00024474_000.png,24474,0.0,cardiomegaly_0,-6.2535152,0.0019199868,0.9726671
edit,00024583_000.png,24583,0.0,cardiomegaly_0,-6.443712,0.0015879659,0.9783566
edit,00025054_000.png,25054,0.0,cardiomegaly_0,-6.582636,0.0013822826,0.98216623
edit,00026354_001.png,26354,0.0,cardiomegaly_0,-1.9588623,0.123590216,0.4028812
edit,00026807_000.png,26807,0.0,cardiomegaly_0,-6.593441,0.0013674475,0.9841364
edit,00027305_000.png,27305,0.0,cardiomegaly_0,-5.8477936,0.002877954,0.9489359
edit,00028027_005.png,28027,0.0,cardiomegaly_0,-2.9471703,0.049870424,0.64377
edit,00028053_000.png,28053,0.0,cardiomegaly_0,-6.381979,0.0016889144,0.98187894
edit,00028457_000.png,28457,0.0,cardiomegaly_0,-3.969246,0.01853754,0.7017123
edit,00028962_000.png,28962,0.0,cardiomegaly_0,-5.8619213,0.0028376956,0.9572527
edit,00029393_000.png,29393,0.0,cardiomegaly_0,-1.3400574,0.20750062,0.20424087
edit,00029569_000.png,29569,0.0,cardiomegaly_0,-4.6822987,0.00917279,0.8690159
edit,00029648_000.png,29648,0.0,cardiomegaly_0,-6.5039234,0.0014953129,0.98084605
edit,00030332_000.png,30332,0.0,cardiomegaly_0,-6.309332,0.0018159446,0.9655639
edit,00030805_000.png,30805,0.0,cardiomegaly_0,-6.441492,0.0015914895,0.9737916
edit,00001059_006.png,1059,0.06,cardiomegaly_0,-4.28286,0.013615199,0.7503081
edit,00001174_000.png,1174,0.06,cardiomegaly_0,-5.760933,0.0031382933,0.9486723
edit,00001470_001.png,1470,0.06,cardiomegaly_0,2.855898,0.94562274,0.7281765
edit,00001606_004.png,1606,0.06,cardiomegaly_0,0.97743416,0.7265988,0.3157595
edit,00002139_000.png,2139,0.06,cardiomegaly_0,-6.011545,0.0024443096,0.94756794
edit,00002355_005.png,2355,0.06,cardiomegaly_0,5.559862,0.9961655,0.9673677
edit,00002492_010.png,2492,0.06,cardiomegaly_0,-5.82732,0.0029373083,0.93721426
edit,00002566_000.png,2566,0.06,cardiomegaly_0,-1.2260628,0.2268713,0.38155332
edit,00003064_010.png,3064,0.06,cardiomegaly_0,-5.682337,0.0033940324,0.9168032
edit,00003804_012.png,3804,0.06,cardiomegaly_0,-5.243372,0.005254657,0.9028588
edit,00003917_000.png,3917,0.06,cardiomegaly_0,-3.8892689,0.02005007,0.66937864
edit,00004057_000.png,4057,0.06,cardiomegaly_0,-5.6356506,0.0035556671,0.89348185
edit,00005623_000.png,5623,0.06,cardiomegaly_0,-5.882843,0.002779106,0.94560647
edit,00006012_000.png,6012,0.06,cardiomegaly_0,-5.7003727,0.003333569,0.94313306
edit,00006791_002.png,6791,0.06,cardiomegaly_0,-1.1766605,0.23565316,0.37974823
edit,00006921_000.png,6921,0.06,cardiomegaly_0,-5.9831715,0.0025144804,0.937187
edit,00006981_017.png,6981,0.06,cardiomegaly_0,-5.6493015,0.0035076279,0.911026
edit,00007082_000.png,7082,0.06,cardiomegaly_0,0.18436813,0.5459619,0.28356084
edit,00007159_000.png,7159,0.06,cardiomegaly_0,1.4065647,0.80322355,0.46766967
edit,00007340_004.png,7340,0.06,cardiomegaly_0,-4.824156,0.007969312,0.86576855
edit,00007589_000.png,7589,0.06,cardiomegaly_0,-6.519186,0.0014726971,0.98183274
edit,00007931_000.png,7931,0.06,cardiomegaly_0,-1.4014149,0.19759169,0.34133703
edit,00008142_005.png,8142,0.06,cardiomegaly_0,-6.2261543,0.0019731394,0.972556
edit,00008147_000.png,8147,0.06,cardiomegaly_0,-6.415003,0.0016341405,0.979491
edit,00008184_003.png,8184,0.06,cardiomegaly_0,-4.8641357,0.0076593775,0.8854634
edit,00008359_000.png,8359,0.06,cardiomegaly_0,-1.726778,0.15100017,0.38447732
edit,00008386_001.png,8386,0.06,cardiomegaly_0,-5.961323,0.0025698803,0.9656124
edit,00008802_008.png,8802,0.06,cardiomegaly_0,-6.005104,0.0024600658,0.9510373
edit,00009090_001.png,9090,0.06,cardiomegaly_0,8.873056,0.9998599,0.99423707
edit,00009105_003.png,9105,0.06,cardiomegaly_0,-5.100527,0.006056629,0.8804391
edit,00009306_000.png,9306,0.06,cardiomegaly_0,-6.0552254,0.0023400846,0.9593225
edit,00009335_000.png,9335,0.06,cardiomegaly_0,-2.1993961,0.09980474,0.40324438
edit,00009409_002.png,9409,0.06,cardiomegaly_0,-5.746872,0.003182591,0.95350534
edit,00009761_000.png,9761,0.06,cardiomegaly_0,7.2240295,0.9992717,0.98304147
edit,00010465_001.png,10465,0.06,cardiomegaly_0,-3.7109356,0.02387088,0.67064923
edit,00010892_000.png,10892,0.06,cardiomegaly_0,-4.860607,0.0076862434,0.88153505
edit,00010931_003.png,10931,0.06,cardiomegaly_0,-5.855057,0.002857186,0.94436157
edit,00010964_000.png,10964,0.06,cardiomegaly_0,-5.3396854,0.0047744745,0.93602
edit,00011611_000.png,11611,0.06,cardiomegaly_0,-5.8723736,0.0028082724,0.93893665
edit,00012129_000.png,12129,0.06,cardiomegaly_0,-6.0775414,0.00228856,0.9672601
edit,00012400_000.png,12400,0.06,cardiomegaly_0,-5.5944557,0.003704647,0.92357624
edit,00012772_003.png,12772,0.06,cardiomegaly_0,-5.909031,0.0027074663,0.9507946
edit,00012902_001.png,12902,0.06,cardiomegaly_0,-5.845585,0.002884299,0.95320874
edit,00013441_000.png,13441,0.06,cardiomegaly_0,-3.9086094,0.019673571,0.7182435
edit,00013678_003.png,13678,0.06,cardiomegaly_0,-1.7436218,0.14885347,0.2930177
edit,00013759_000.png,13759,0.06,cardiomegaly_0,-6.4884777,0.0015185529,0.98242503
edit,00014281_000.png,14281,0.06,cardiomegaly_0,-6.0157566,0.0024340623,0.93573016
edit,00014295_001.png,14295,0.06,cardiomegaly_0,-6.446596,0.0015834001,0.97945935
edit,00014387_006.png,14387,0.06,cardiomegaly_0,2.5328045,0.9264098,0.5876962
edit,00014838_000.png,14838,0.06,cardiomegaly_0,-2.4114304,0.08230522,0.4866596
edit,00014954_000.png,14954,0.06,cardiomegaly_0,-5.993185,0.0024894895,0.9635479
edit,00015056_005.png,15056,0.06,cardiomegaly_0,6.254835,0.9980825,0.97521764
edit,00015087_011.png,15087,0.06,cardiomegaly_0,-0.6814213,0.33594418,0.3580494
edit,00016191_019.png,16191,0.06,cardiomegaly_0,-4.521698,0.010753651,0.79190797
edit,00016245_000.png,16245,0.06,cardiomegaly_0,-6.682865,0.0012506192,0.98441947
edit,00016498_001.png,16498,0.06,cardiomegaly_0,-6.402628,0.0016544546,0.97733545
edit,00016509_001.png,16509,0.06,cardiomegaly_0,-1.6082077,0.1668376,0.26466578
edit,00016512_001.png,16512,0.06,cardiomegaly_0,-4.26256,0.013890533,0.75705284
edit,00016724_002.png,16724,0.06,cardiomegaly_0,-2.1845818,0.10114361,0.44146577
edit,00016865_000.png,16865,0.06,cardiomegaly_0,-4.654331,0.009430497,0.8707321
edit,00016907_000.png,16907,0.06,cardiomegaly_0,-5.615038,0.003629451,0.9310176
edit,00017381_000.png,17381,0.06,cardiomegaly_0,-5.901911,0.0027267598,0.9518639
edit,00018008_000.png,18008,0.06,cardiomegaly_0,-5.355234,0.004701158,0.8974283
edit,00018011_000.png,18011,0.06,cardiomegaly_0,-2.796404,0.057518814,0.48426574
edit,00018488_002.png,18488,0.06,cardiomegaly_0,-4.631653,0.0096447235,0.87892973
edit,00018616_000.png,18616,0.06,cardiomegaly_0,-0.9476032,0.2793671,0.3429078
edit,00019435_003.png,19435,0.06,cardiomegaly_0,-6.7537556,0.0011651315,0.98452204
edit,00019535_002.png,19535,0.06,cardiomegaly_0,-6.0904503,0.0022592733,0.95115227
edit,00019544_000.png,19544,0.06,cardiomegaly_0,-5.533493,0.003936602,0.9355836
edit,00019911_001.png,19911,0.06,cardiomegaly_0,-5.889679,0.0027602252,0.94462913
edit,00020318_024.png,20318,0.06,cardiomegaly_0,-3.9644852,0.018624356,0.8046316
edit,00020341_000.png,20341,0.06,cardiomegaly_0,-5.0807076,0.0061771153,0.8719861
edit,00020642_006.png,20642,0.06,cardiomegaly_0,-5.7548714,0.003157314,0.94165325
edit,00020674_000.png,20674,0.06,cardiomegaly_0,-5.716984,0.003278832,0.93808603
edit,00020716_002.png,20716,0.06,cardiomegaly_0,-0.27262115,0.4322637,0.22018908
edit,00020802_000.png,20802,0.06,cardiomegaly_0,-6.0587425,0.0023318876,0.9597518
edit,00021023_024.png,21023,0.06,cardiomegaly_0,-5.9845066,0.0025111337,0.94587404
edit,00021569_000.png,21569,0.06,cardiomegaly_0,-6.284603,0.0018613259,0.973132
edit,00022341_000.png,22341,0.06,cardiomegaly_0,-6.141844,0.0021463374,0.97034806
edit,00022582_001.png,22582,0.06,cardiomegaly_0,-5.1857586,0.0055645527,0.898188
edit,00022712_000.png,22712,0.06,cardiomegaly_0,-6.2383575,0.0019492537,0.96676046
edit,00023621_000.png,23621,0.06,cardiomegaly_0,-5.7441998,0.0031910797,0.9386371
edit,00023776_000.png,23776,0.06,cardiomegaly_0,-5.946789,0.0026074054,0.95123094
edit,00024192_000.png,24192,0.06,cardiomegaly_0,-5.624357,0.003595905,0.9415886
edit,00024326_000.png,24326,0.06,cardiomegaly_0,-6.570942,0.001398519,0.9861587
edit,00024474_000.png,24474,0.06,cardiomegaly_0,-6.291744,0.0018481059,0.975399
edit,00024583_000.png,24583,0.06,cardiomegaly_0,-6.410324,0.0016417914,0.9755535
edit,00025054_000.png,25054,0.06,cardiomegaly_0,-6.3454933,0.0017515636,0.9775517
edit,00026354_001.png,26354,0.06,cardiomegaly_0,2.720314,0.9382147,0.5777648
edit,00026807_000.png,26807,0.06,cardiomegaly_0,-6.5877666,0.0013752183,0.9803004
edit,00027305_000.png,27305,0.06,cardiomegaly_0,-5.916464,0.0026874703,0.9583179
edit,00028027_005.png,28027,0.06,cardiomegaly_0,-2.0722752,0.11182088,0.49307278
edit,00028053_000.png,28053,0.06,cardiomegaly_0,-6.4454117,0.0015852737,0.98372144
edit,00028457_000.png,28457,0.06,cardiomegaly_0,4.996067,0.99328095,0.9371034
edit,00028962_000.png,28962,0.06,cardiomegaly_0,-5.84651,0.0028816399,0.94541425
edit,00029393_000.png,29393,0.06,cardiomegaly_0,2.799097,0.94262695,0.42076424
edit,00029569_000.png,29569,0.06,cardiomegaly_0,-1.0808678,0.25334182,0.2761225
edit,00029648_000.png,29648,0.06,cardiomegaly_0,-5.789734,0.0030494686,0.9558849
edit,00030332_000.png,30332,0.06,cardiomegaly_0,-6.12002,0.0021935897,0.96586734
edit,00030805_000.png,30805,0.06,cardiomegaly_0,-5.916868,0.0026863867,0.94615287
edit,00001059_006.png,1059,0.12,cardiomegaly_0,-1.1856632,0.23403546,0.30848682
edit,00001174_000.png,1174,0.12,cardiomegaly_0,-4.8105907,0.008077274,0.8768565
edit,00001470_001.png,1470,0.12,cardiomegaly_0,2.8722878,0.9464594,0.7327389
edit,00001606_004.png,1606,0.12,cardiomegaly_0,8.870432,0.9998596,0.9924898
edit,00002139_000.png,2139,0.12,cardiomegaly_0,-4.082443,0.016586456,0.7565317
edit,00002355_005.png,2355,0.12,cardiomegaly_0,8.330881,0.99975914,0.99251443
edit,00002492_010.png,2492,0.12,cardiomegaly_0,-4.697813,0.009032853,0.8336027
edit,00002566_000.png,2566,0.12,cardiomegaly_0,8.832027,0.99985397,0.9953829
edit,00003064_010.png,3064,0.12,cardiomegaly_0,-3.8129597,0.021605615,0.658777
edit,00003804_012.png,3804,0.12,cardiomegaly_0,-5.0058327,0.0066541866,0.8677707
edit,00003917_000.png,3917,0.12,cardiomegaly_0,-1.54286,0.17611991,0.22558159
edit,00004057_000.png,4057,0.12,cardiomegaly_0,-5.5525837,0.0038624497,0.8980631
edit,00005623_000.png,5623,0.12,cardiomegaly_0,-5.9052944,0.002717574,0.94325924
edit,00006012_000.png,6012,0.12,cardiomegaly_0,-2.8760757,0.053348973,0.58465296
edit,00006791_002.png,6791,0.12,cardiomegaly_0,8.15959,0.9997141,0.99266917
edit,00006921_000.png,6921,0.12,cardiomegaly_0,-6.012293,0.0024424875,0.9413957
edit,00006981_017.png,6981,0.12,cardiomegaly_0,-5.7593975,0.0031431003,0.9210678
edit,00007082_000.png,7082,0.12,cardiomegaly_0,6.8288174,0.998919,0.9768695
edit,00007159_000.png,7159,0.12,cardiomegaly_0,8.285725,0.99974793,0.99180275
edit,00007340_004.png,7340,0.12,cardiomegaly_0,-3.4223938,0.031602886,0.66068506
edit,00007589_000.png,7589,0.12,cardiomegaly_0,-6.326147,0.0017857186,0.97526854
edit,00007931_000.png,7931,0.12,cardiomegaly_0,2.1566525,0.8962888,0.49172974
edit,00008142_005.png,8142,0.12,cardiomegaly_0,-6.290367,0.0018506479,0.97247213
edit,00008147_000.png,8147,0.12,cardiomegaly_0,-6.216299,0.0019926424,0.97714376
edit,00008184_003.png,8184,0.12,cardiomegaly_0,-3.9761562,0.018412232,0.7687936
edit,00008359_000.png,8359,0.12,cardiomegaly_0,7.4363174,0.99941087,0.974029
edit,00008386_001.png,8386,0.12,cardiomegaly_0,-5.703169,0.0033242914,0.95324117
edit,00008802_008.png,8802,0.12,cardiomegaly_0,-5.16407,0.005685864,0.89446753
edit,00009090_001.png,9090,0.12,cardiomegaly_0,9.81031,0.99994516,0.99645525
edit,00009105_003.png,9105,0.12,cardiomegaly_0,-1.8921127,0.13100375,0.46476635
edit,00009306_000.png,9306,0.12,cardiomegaly_0,-5.758684,0.0031453362,0.9410692
edit,00009335_000.png,9335,0.12,cardiomegaly_0,6.2778893,0.9981262,0.9517637
edit,00009409_002.png,9409,0.12,cardiomegaly_0,-5.1043415,0.0060337083,0.89958006
edit,00009761_000.png,9761,0.12,cardiomegaly_0,8.707861,0.9998348,0.9937386
edit,00010465_001.png,10465,0.12,cardiomegaly_0,-0.75959396,0.3187344,0.23597613
edit,00010892_000.png,10892,0.12,cardiomegaly_0,-4.81085,0.008075195,0.8716712
edit,00010931_003.png,10931,0.12,cardiomegaly_0,-5.3737965,0.004615098,0.9027127
edit,00010964_000.png,10964,0.12,cardiomegaly_0,0.4335289,0.60671604,0.31036803
edit,00011611_000.png,11611,0.12,cardiomegaly_0,-5.286646,0.0050332374,0.8754824
edit,00012129_000.png,12129,0.12,cardiomegaly_0,-5.833374,0.0029196313,0.9550938
edit,00012400_000.png,12400,0.12,cardiomegaly_0,2.672142,0.93536264,0.4110942
edit,00012772_003.png,12772,0.12,cardiomegaly_0,-5.6662827,0.0034487708,0.93771815
edit,00012902_001.png,12902,0.12,cardiomegaly_0,-4.3710957,0.012479677,0.79444456
edit,00013441_000.png,13441,0.12,cardiomegaly_0,-0.6968727,0.33250594,0.22597015
edit,00013678_003.png,13678,0.12,cardiomegaly_0,4.555111,0.98959607,0.8353193
edit,00013759_000.png,13759,0.12,cardiomegaly_0,-6.566496,0.0014047421,0.9844471
edit,00014281_000.png,14281,0.12,cardiomegaly_0,-5.871029,0.0028120405,0.9255637
edit,00014295_001.png,14295,0.12,cardiomegaly_0,-6.4739704,0.0015407093,0.97594535
edit,00014387_006.png,14387,0.12,cardiomegaly_0,1.3758945,0.79833084,0.37032273
edit,00014838_000.png,14838,0.12,cardiomegaly_0,3.1539574,0.95906436,0.68526703
edit,00014954_000.png,14954,0.12,cardiomegaly_0,-5.8406277,0.0028985913,0.9545576
edit,00015056_005.png,15056,0.12,cardiomegaly_0,8.574451,0.99981123,0.994878
edit,00015087_011.png,15087,0.12,cardiomegaly_0,6.385849,0.9983176,0.96780425
edit,00016191_019.png,16191,0.12,cardiomegaly_0,-2.1487827,0.10444502,0.4922636
edit,00016245_000.png,16245,0.12,cardiomegaly_0,-6.769867,0.0011465313,0.9822081
edit,00016498_001.png,16498,0.12,cardiomegaly_0,-6.304653,0.0018244452,0.97109777
edit,00016509_001.png,16509,0.12,cardiomegaly_0,4.835203,0.9921176,0.842294
edit,00016512_001.png,16512,0.12,cardiomegaly_0,-0.9099922,0.28700146,0.17405543
edit,00016724_002.png,16724,0.12,cardiomegaly_0,2.6504211,0.9340369,0.52921855
edit,00016865_000.png,16865,0.12,cardiomegaly_0,0.22669601,0.5564325,0.26398817
edit,00016907_000.png,16907,0.12,cardiomegaly_0,-5.691818,0.0033621115,0.9294998
edit,00017381_000.png,17381,0.12,cardiomegaly_0,-5.308834,0.004923333,0.9138667
edit,00018008_000.png,18008,0.12,cardiomegaly_0,-5.4640865,0.004218339,0.9002649
edit,00018011_000.png,18011,0.12,cardiomegaly_0,4.6602707,0.99062485,0.72192544
edit,00018488_002.png,18488,0.12,cardiomegaly_0,-4.230295,0.014339483,0.8336906
edit,00018616_000.png,18616,0.12,cardiomegaly_0,4.9382763,0.99288404,0.894439
edit,00019435_003.png,19435,0.12,cardiomegaly_0,-6.741127,0.0011799212,0.98102576
edit,00019535_002.png,19535,0.12,cardiomegaly_0,-5.743231,0.003194163,0.910269
edit,00019544_000.png,19544,0.12,cardiomegaly_0,0.17293167,0.5431255,0.24925071
edit,00019911_001.png,19911,0.12,cardiomegaly_0,-5.347227,0.0047387723,0.9153474
edit,00020318_024.png,20318,0.12,cardiomegaly_0,-3.551651,0.027877798,0.7440374
edit,00020341_000.png,20341,0.12,cardiomegaly_0,-5.024109,0.006534465,0.8578332
edit,00020642_006.png,20642,0.12,cardiomegaly_0,-5.1093903,0.006003505,0.8910292
edit,00020674_000.png,20674,0.12,cardiomegaly_0,-5.66206,0.0034633148,0.93046063
edit,00020716_002.png,20716,0.12,cardiomegaly_0,5.5527496,0.99613816,0.9440355
edit,00020802_000.png,20802,0.12,cardiomegaly_0,-5.9239864,0.0026673833,0.95461094
edit,00021023_024.png,21023,0.12,cardiomegaly_0,-5.852442,0.002864646,0.92783695
edit,00021569_000.png,21569,0.12,cardiomegaly_0,-5.831911,0.0029238933,0.9505105
edit,00022341_000.png,22341,0.12,cardiomegaly_0,-5.5964775,0.0036971925,0.9268908
edit,00022582_001.png,22582,0.12,cardiomegaly_0,0.7609005,0.6815492,0.25283688
edit,00022712_000.png,22712,0.12,cardiomegaly_0,-5.556162,0.003848707,0.9331727
edit,00023621_000.png,23621,0.12,cardiomegaly_0,3.4921188,0.97046274,0.6256542
edit,00023776_000.png,23776,0.12,cardiomegaly_0,-5.6981983,0.003340801,0.9320325
edit,00024192_000.png,24192,0.12,cardiomegaly_0,-4.468857,0.011330556,0.82775486
edit,00024326_000.png,24326,0.12,cardiomegaly_0,-6.5730686,0.0013955523,0.9861274
edit,00024474_000.png,24474,0.12,cardiomegaly_0,-6.2464237,0.0019336242,0.96857524
edit,00024583_000.png,24583,0.12,cardiomegaly_0,-6.480173,0.0015311971,0.97844285
edit,00025054_000.png,25054,0.12,cardiomegaly_0,-5.55072,0.0038696264,0.94162583
edit,00026354_001.png,26354,0.12,cardiomegaly_0,8.590872,0.9998142,0.99145406
edit,00026807_000.png,26807,0.12,cardiomegaly_0,-6.6278534,0.001321252,0.98219657
edit,00027305_000.png,27305,0.12,cardiomegaly_0,-5.8078423,0.0029949083,0.9545886
edit,00028027_005.png,28027,0.12,cardiomegaly_0,-1.8965111,0.13050386,0.43811914
edit,00028053_000.png,28053,0.12,cardiomegaly_0,-6.3798714,0.0016924718,0.9766552
edit,00028457_000.png,28457,0.12,cardiomegaly_0,8.557194,0.9998079,0.9940115
edit,00028962_000.png,28962,0.12,cardiomegaly_0,-5.3745136,0.004611804,0.8995945
edit,00029393_000.png,29393,0.12,cardiomegaly_0,6.1449356,0.99786025,0.9182333
edit,00029569_000.png,29569,0.12,cardiomegaly_0,6.9021206,0.99899536,0.96355236
edit,00029648_000.png,29648,0.12,cardiomegaly_0,-1.348072,0.20618576,0.37937635
edit,00030332_000.png,30332,0.12,cardiomegaly_0,-5.881153,0.0027837935,0.95094424
edit,00030805_000.png,30805,0.12,cardiomegaly_0,-4.0409317,0.01727733,0.73229325
edit,00001059_006.png,1059,0.18,cardiomegaly_0,1.3946972,0.80134106,0.35037866
edit,00001174_000.png,1174,0.18,cardiomegaly_0,-0.8959656,0.28988028,0.28762457
edit,00001470_001.png,1470,0.18,cardiomegaly_0,4.4885445,0.98888785,0.92724097
edit,00001606_004.png,1606,0.18,cardiomegaly_0,9.391642,0.99991655,0.99413085
edit,00002139_000.png,2139,0.18,cardiomegaly_0,4.3980045,0.98784757,0.8502053
edit,00002355_005.png,2355,0.18,cardiomegaly_0,9.510899,0.999926,0.99475825
edit,00002492_010.png,2492,0.18,cardiomegaly_0,-0.5753784,0.3599967,0.35491297
edit,00002566_000.png,2566,0.18,cardiomegaly_0,9.511595,0.999926,0.99677277
edit,00003064_010.png,3064,0.18,cardiomegaly_0,1.4131203,0.80425763,0.28866878
edit,00003804_012.png,3804,0.18,cardiomegaly_0,-3.9189053,0.01947598,0.66856295
edit,00003917_000.png,3917,0.18,cardiomegaly_0,4.53319,0.9893679,0.79111
edit,00004057_000.png,4057,0.18,cardiomegaly_0,-5.481554,0.004145598,0.8840252
edit,00005623_000.png,5623,0.18,cardiomegaly_0,-5.6873646,0.003377068,0.9279038
edit,00006012_000.png,6012,0.18,cardiomegaly_0,0.35863495,0.58870995,0.3161489
edit,00006791_002.png,6791,0.18,cardiomegaly_0,9.535843,0.99992776,0.9970599
edit,00006921_000.png,6921,0.18,cardiomegaly_0,-5.9039993,0.0027210861,0.9277772
edit,00006981_017.png,6981,0.18,cardiomegaly_0,-5.5397644,0.0039120875,0.8905479
edit,00007082_000.png,7082,0.18,cardiomegaly_0,9.1279125,0.9998914,0.99427
edit,00007159_000.png,7159,0.18,cardiomegaly_0,9.615278,0.99993324,0.9958496
edit,00007340_004.png,7340,0.18,cardiomegaly_0,0.60819054,0.64752793,0.39231667
edit,00007589_000.png,7589,0.18,cardiomegaly_0,-5.174528,0.0056270435,0.9100035
edit,00007931_000.png,7931,0.18,cardiomegaly_0,8.112865,0.9997004,0.9918392
edit,00008142_005.png,8142,0.18,cardiomegaly_0,-6.32275,0.0017917841,0.97056985
edit,00008147_000.png,8147,0.18,cardiomegaly_0,-6.028311,0.0024037685,0.96621054
edit,00008184_003.png,8184,0.18,cardiomegaly_0,4.523144,0.98926175,0.9127
edit,00008359_000.png,8359,0.18,cardiomegaly_0,8.920031,0.99986637,0.9919191
edit,00008386_001.png,8386,0.18,cardiomegaly_0,-4.831257,0.007913369,0.8641173
edit,00008802_008.png,8802,0.18,cardiomegaly_0,2.7502193,0.93992573,0.4584434
edit,00009090_001.png,9090,0.18,cardiomegaly_0,10.090078,0.9999585,0.9969595
edit,00009105_003.png,9105,0.18,cardiomegaly_0,4.9043465,0.9926402,0.8480714
edit,00009306_000.png,9306,0.18,cardiomegaly_0,0.53307724,0.6302005,0.30882928
edit,00009335_000.png,9335,0.18,cardiomegaly_0,8.785738,0.99984705,0.98893195
edit,00009409_002.png,9409,0.18,cardiomegaly_0,-0.8571224,0.2979409,0.24537826
edit,00009761_000.png,9761,0.18,cardiomegaly_0,9.294991,0.9999081,0.99524826
edit,00010465_001.png,10465,0.18,cardiomegaly_0,7.4758377,0.9994337,0.9690642
edit,00010892_000.png,10892,0.18,cardiomegaly_0,-1.7186375,0.15204675,0.3334779
edit,00010931_003.png,10931,0.18,cardiomegaly_0,2.298046,0.90871507,0.36606908
edit,00010964_000.png,10964,0.18,cardiomegaly_0,8.16996,0.99971706,0.9898595
edit,00011611_000.png,11611,0.18,cardiomegaly_0,-3.1016693,0.04303845,0.51773953
edit,00012129_000.png,12129,0.18,cardiomegaly_0,-3.066187,0.04452376,0.63202167
edit,00012400_000.png,12400,0.18,cardiomegaly_0,7.981745,0.99965847,0.97857547
edit,00012772_003.png,12772,0.18,cardiomegaly_0,-5.633028,0.0035649708,0.93400514
edit,00012902_001.png,12902,0.18,cardiomegaly_0,-2.6045818,0.068844125,0.47919366
edit,00013441_000.png,13441,0.18,cardiomegaly_0,8.623955,0.9998203,0.9863695
edit,00013678_003.png,13678,0.18,cardiomegaly_0,8.808714,0.99985063,0.9892512
edit,00013759_000.png,13759,0.18,cardiomegaly_0,-6.5517673,0.0014255552,0.9830236
edit,00014281_000.png,14281,0.18,cardiomegaly_0,-5.2203617,0.0053763124,0.8647551
edit,00014295_001.png,14295,0.18,cardiomegaly_0,-6.3314247,0.0017763356,0.9729758
edit,00014387_006.png,14387,0.18,cardiomegaly_0,4.579195,0.98984104,0.88195056
edit,00014838_000.png,14838,0.18,cardiomegaly_0,7.755619,0.99957186,0.98520714
edit,00014954_000.png,14954,0.18,cardiomegaly_0,-5.7680874,0.0031159902,0.94943166
edit,00015056_005.png,15056,0.18,cardiomegaly_0,9.557661,0.9999293,0.9968126
edit,00015087_011.png,15087,0.18,cardiomegaly_0,7.757786,0.9995728,0.9917626
edit,00016191_019.png,16191,0.18,cardiomegaly_0,2.5168514,0.9253147,0.58410186
edit,00016245_000.png,16245,0.18,cardiomegaly_0,-6.610298,0.0013446203,0.97830963
edit,00016498_001.png,16498,0.18,cardiomegaly_0,-5.7275143,0.003244597,0.94054717
edit,00016509_001.png,16509,0.18,cardiomegaly_0,9.782137,0.9999435,0.99573314
edit,00016512_001.png,16512,0.18,cardiomegaly_0,6.4853916,0.9984768,0.9071281
edit,00016724_002.png,16724,0.18,cardiomegaly_0,7.391838,0.99938405,0.9910876
edit,00016865_000.png,16865,0.18,cardiomegaly_0,6.3725796,0.9982951,0.95426375
edit,00016907_000.png,16907,0.18,cardiomegaly_0,-5.6827145,0.0033927553,0.936978
edit,00017381_000.png,17381,0.18,cardiomegaly_0,-1.7099457,0.15317076,0.3721543
edit,00018008_000.png,18008,0.18,cardiomegaly_0,-5.084938,0.006151199,0.8670228
edit,00018011_000.png,18011,0.18,cardiomegaly_0,7.9001465,0.9996294,0.96704483
edit,00018488_002.png,18488,0.18,cardiomegaly_0,-3.80937,0.021681624,0.78128123
edit,00018616_000.png,18616,0.18,cardiomegaly_0,7.5044994,0.9994497,0.9808098
edit,00019435_003.png,19435,0.18,cardiomegaly_0,-5.927004,0.0026593679,0.952839
edit,00019535_002.png,19535,0.18,cardiomegaly_0,-3.7653942,0.022634305,0.6327047
edit,00019544_000.png,19544,0.18,cardiomegaly_0,6.052519,0.99765366,0.9432509
edit,00019911_001.png,19911,0.18,cardiomegaly_0,-4.4740696,0.011272311,0.8393663
edit,00020318_024.png,20318,0.18,cardiomegaly_0,3.0637608,0.9553729,0.7621089
edit,00020341_000.png,20341,0.18,cardiomegaly_0,-5.079834,0.006182481,0.8639479
edit,00020642_006.png,20642,0.18,cardiomegaly_0,2.521656,0.9256461,0.58521956
edit,00020674_000.png,20674,0.18,cardiomegaly_0,-4.8828793,0.0075182198,0.85405
edit,00020716_002.png,20716,0.18,cardiomegaly_0,9.144146,0.9998932,0.994269
edit,00020802_000.png,20802,0.18,cardiomegaly_0,-6.0118694,0.0024435194,0.9533043
edit,00021023_024.png,21023,0.18,cardiomegaly_0,-5.729761,0.0032373385,0.90874314
edit,00021569_000.png,21569,0.18,cardiomegaly_0,0.44366837,0.60913277,0.24990593
edit,00022341_000.png,22341,0.18,cardiomegaly_0,-2.857214,0.054309614,0.42605168
edit,00022582_001.png,22582,0.18,cardiomegaly_0,6.102289,0.9977672,0.9432999
edit,00022712_000.png,22712,0.18,cardiomegaly_0,1.0487442,0.7405337,0.31392
edit,00023621_000.png,23621,0.18,cardiomegaly_0,8.826681,0.99985325,0.99095243
edit,00023776_000.png,23776,0.18,cardiomegaly_0,-3.001648,0.04735148,0.51838994
edit,00024192_000.png,24192,0.18,cardiomegaly_0,3.0652695,0.95543724,0.57907706
edit,00024326_000.png,24326,0.18,cardiomegaly_0,-6.511175,0.0014845245,0.9848151
edit,00024474_000.png,24474,0.18,cardiomegaly_0,-5.7800884,0.0030789333,0.9513809
edit,00024583_000.png,24583,0.18,cardiomegaly_0,-6.327347,0.0017835813,0.9707565
edit,00025054_000.png,25054,0.18,cardiomegaly_0,-0.64515686,0.34408176,0.30824864
edit,00026354_001.png,26354,0.18,cardiomegaly_0,9.852491,0.9999474,0.9948165
edit,00026807_000.png,26807,0.18,cardiomegaly_0,-6.653902,0.0012873233,0.98411363
edit,00027305_000.png,27305,0.18,cardiomegaly_0,-4.1667633,0.0152656995,0.8132635
edit,00028027_005.png,28027,0.18,cardiomegaly_0,-1.5890636,0.16951567,0.44691715
edit,00028053_000.png,28053,0.18,cardiomegaly_0,-5.6591606,0.0034733352,0.93791306
edit,00028457_000.png,28457,0.18,cardiomegaly_0,9.678677,0.9999374,0.99631083
edit,00028962_000.png,28962,0.18,cardiomegaly_0,0.17646599,0.54400235,0.44824013
edit,00029393_000.png,29393,0.18,cardiomegaly_0,8.482361,0.999793,0.9857246
edit,00029569_000.png,29569,0.18,cardiomegaly_0,9.24572,0.99990344,0.9910057
edit,00029648_000.png,29648,0.18,cardiomegaly_0,8.357401,0.99976546,0.9886354
edit,00030332_000.png,30332,0.18,cardiomegaly_0,-5.144949,0.005794994,0.8854411
edit,00030805_000.png,30805,0.18,cardiomegaly_0,3.9935818,0.9819001,0.6535811
edit,00001059_006.png,1059,0.24,cardiomegaly_0,8.118126,0.9997019,0.99262613
edit,00001174_000.png,1174,0.24,cardiomegaly_0,6.2689304,0.99810934,0.9528911
edit,00001470_001.png,1470,0.24,cardiomegaly_0,5.597534,0.99630666,0.9769453
edit,00001606_004.png,1606,0.24,cardiomegaly_0,9.892744,0.99994946,0.995468
edit,00002139_000.png,2139,0.24,cardiomegaly_0,8.340521,0.9997614,0.98617595
edit,00002355_005.png,2355,0.24,cardiomegaly_0,9.9477215,0.9999522,0.9964231
edit,00002492_010.png,2492,0.24,cardiomegaly_0,3.5380363,0.97175086,0.72767144
edit,00002566_000.png,2566,0.24,cardiomegaly_0,9.807461,0.9999449,0.9971345
edit,00003064_010.png,3064,0.24,cardiomegaly_0,7.2373104,0.99928135,0.9759018
edit,00003804_012.png,3804,0.24,cardiomegaly_0,-2.540907,0.07303975,0.47214565
edit,00003917_000.png,3917,0.24,cardiomegaly_0,8.7647705,0.99984384,0.98995495
edit,00004057_000.png,4057,0.24,cardiomegaly_0,-5.5423183,0.0039021482,0.89920527
edit,00005623_000.png,5623,0.24,cardiomegaly_0,-5.26997,0.005117442,0.8929302
edit,00006012_000.png,6012,0.24,cardiomegaly_0,6.3235703,0.9982097,0.9565492
edit,00006791_002.png,6791,0.24,cardiomegaly_0,9.98868,0.9999541,0.99774104
edit,00006921_000.png,6921,0.24,cardiomegaly_0,-5.651657,0.0034994038,0.9112992
edit,00006981_017.png,6981,0.24,cardiomegaly_0,-4.82111,0.00799343,0.8024405
edit,00007082_000.png,7082,0.24,cardiomegaly_0,10.131453,0.9999602,0.99720514
edit,00007159_000.png,7159,0.24,cardiomegaly_0,9.996447,0.99995446,0.9966966
edit,00007340_004.png,7340,0.24,cardiomegaly_0,3.8559647,0.979285,0.83430606
edit,00007589_000.png,7589,0.24,cardiomegaly_0,2.9874458,0.9520038,0.6843189
edit,00007931_000.png,7931,0.24,cardiomegaly_0,9.402239,0.9999175,0.9964838
edit,00008142_005.png,8142,0.24,cardiomegaly_0,-6.227871,0.001969762,0.9651391
edit,00008147_000.png,8147,0.24,cardiomegaly_0,-5.915802,0.002689245,0.95845693
edit,00008184_003.png,8184,0.24,cardiomegaly_0,9.114386,0.99988997,0.99333763
edit,00008359_000.png,8359,0.24,cardiomegaly_0,9.705578,0.9999391,0.99374795
edit,00008386_001.png,8386,0.24,cardiomegaly_0,6.468958,0.9984516,0.9817275
edit,00008802_008.png,8802,0.24,cardiomegaly_0,9.346895,0.99991274,0.99104595
edit,00009090_001.png,9090,0.24,cardiomegaly_0,10.243244,0.99996436,0.99724424
edit,00009105_003.png,9105,0.24,cardiomegaly_0,8.102533,0.9996973,0.97636044
edit,00009306_000.png,9306,0.24,cardiomegaly_0,6.0334854,0.99760854,0.9460184
edit,00009335_000.png,9335,0.24,cardiomegaly_0,9.522293,0.9999268,0.99425244
edit,00009409_002.png,9409,0.24,cardiomegaly_0,4.260088,0.9860756,0.73779243
edit,00009761_000.png,9761,0.24,cardiomegaly_0,9.722797,0.99994016,0.9966513
edit,00010465_001.png,10465,0.24,cardiomegaly_0,9.470371,0.9999229,0.9903947
edit,00010892_000.png,10892,0.24,cardiomegaly_0,5.0625896,0.99371064,0.86517876
edit,00010931_003.png,10931,0.24,cardiomegaly_0,8.557997,0.999808,0.98835576
edit,00010964_000.png,10964,0.24,cardiomegaly_0,9.918579,0.99995077,0.9961448
edit,00011611_000.png,11611,0.24,cardiomegaly_0,4.437731,0.98831546,0.7413222
edit,00012129_000.png,12129,0.24,cardiomegaly_0,6.1809196,0.9979358,0.9668333
edit,00012400_000.png,12400,0.24,cardiomegaly_0,9.761103,0.9999423,0.9925228
edit,00012772_003.png,12772,0.24,cardiomegaly_0,-4.917742,0.0072625023,0.87059325
edit,00012902_001.png,12902,0.24,cardiomegaly_0,-0.38153648,0.40575638,0.23878838
edit,00013441_000.png,13441,0.24,cardiomegaly_0,9.331394,0.9999114,0.9905256
edit,00013678_003.png,13678,0.24,cardiomegaly_0,9.8430805,0.99994683,0.9941167
edit,00013759_000.png,13759,0.24,cardiomegaly_0,-5.6694508,0.0034378995,0.95851797
edit,00014281_000.png,14281,0.24,cardiomegaly_0,-2.1714497,0.10234377,0.36690223
edit,00014295_001.png,14295,0.24,cardiomegaly_0,-6.3260994,0.0017858035,0.97355497
edit,00014387_006.png,14387,0.24,cardiomegaly_0,6.5164967,0.9985234,0.97612536
edit,00014838_000.png,14838,0.24,cardiomegaly_0,9.888327,0.9999492,0.9956169
edit,00014954_000.png,14954,0.24,cardiomegaly_0,-4.625887,0.009699953,0.80115104
edit,00015056_005.png,15056,0.24,cardiomegaly_0,9.88352,0.999949,0.99712634
edit,00015087_011.png,15087,0.24,cardiomegaly_0,9.414087,0.99991846,0.9958616
edit,00016191_019.png,16191,0.24,cardiomegaly_0,6.866497,0.99895895,0.97949463
edit,00016245_000.png,16245,0.24,cardiomegaly_0,-5.2163525,0.0053977943,0.9180561
edit,00016498_001.png,16498,0.24,cardiomegaly_0,-4.222603,0.014448612,0.7852719
edit,00016509_001.png,16509,0.24,cardiomegaly_0,10.033348,0.99995613,0.9963689
edit,00016512_001.png,16512,0.24,cardiomegaly_0,9.599876,0.9999323,0.98981804
edit,00016724_002.png,16724,0.24,cardiomegaly_0,8.651253,0.9998252,0.9953797
edit,00016865_000.png,16865,0.24,cardiomegaly_0,8.246923,0.99973804,0.9833643
edit,00016907_000.png,16907,0.24,cardiomegaly_0,-5.768196,0.0031156526,0.9312407
edit,00017381_000.png,17381,0.24,cardiomegaly_0,6.489628,0.99848324,0.9603149
edit,00018008_000.png,18008,0.24,cardiomegaly_0,-5.159582,0.0057112933,0.8766688
edit,00018011_000.png,18011,0.24,cardiomegaly_0,9.385649,0.9999161,0.9895049
edit,00018488_002.png,18488,0.24,cardiomegaly_0,-3.7186527,0.023691721,0.76484096
edit,00018616_000.png,18616,0.24,cardiomegaly_0,8.075293,0.999689,0.98682106
edit,00019435_003.png,19435,0.24,cardiomegaly_0,-0.52206993,0.37236834,0.21083786
edit,00019535_002.png,19535,0.24,cardiomegaly_0,2.7479706,0.93979865,0.61133057
edit,00019544_000.png,19544,0.24,cardiomegaly_0,8.75202,0.9998418,0.9871555
edit,00019911_001.png,19911,0.24,cardiomegaly_0,3.9766636,0.98159695,0.8044302
edit,00020318_024.png,20318,0.24,cardiomegaly_0,3.6304512,0.97418004,0.85109407
edit,00020341_000.png,20341,0.24,cardiomegaly_0,-1.3404179,0.20744136,0.37768218
edit,00020642_006.png,20642,0.24,cardiomegaly_0,7.0065155,0.99909484,0.97719795
edit,00020674_000.png,20674,0.24,cardiomegaly_0,3.1232567,0.95784193,0.5409243
edit,00020716_002.png,20716,0.24,cardiomegaly_0,9.710672,0.9999393,0.99600303
edit,00020802_000.png,20802,0.24,cardiomegaly_0,-5.728752,0.003240596,0.9404024
edit,00021023_024.png,21023,0.24,cardiomegaly_0,-5.574686,0.0037783359,0.9073848
edit,00021569_000.png,21569,0.24,cardiomegaly_0,4.5853615,0.989903,0.8132779
edit,00022341_000.png,22341,0.24,cardiomegaly_0,4.871523,0.99239653,0.8467754
edit,00022582_001.png,22582,0.24,cardiomegaly_0,9.717468,0.9999398,0.9945665
edit,00022712_000.png,22712,0.24,cardiomegaly_0,5.081085,0.9938252,0.8906737
edit,00023621_000.png,23621,0.24,cardiomegaly_0,10.188244,0.99996245,0.9961443
edit,00023776_000.png,23776,0.24,cardiomegaly_0,3.6060677,0.9735597,0.63974077
edit,00024192_000.png,24192,0.24,cardiomegaly_0,6.9588795,0.9990507,0.96831983
edit,00024326_000.png,24326,0.24,cardiomegaly_0,-6.3344955,0.0017708988,0.978288
edit,00024474_000.png,24474,0.24,cardiomegaly_0,-2.8330612,0.05556353,0.53801227
edit,00024583_000.png,24583,0.24,cardiomegaly_0,-5.843485,0.0028903447,0.9487681
edit,00025054_000.png,25054,0.24,cardiomegaly_0,7.134573,0.9992036,0.97722393
edit,00026354_001.png,26354,0.24,cardiomegaly_0,10.18383,0.9999622,0.9964284
edit,00026807_000.png,26807,0.24,cardiomegaly_0,-6.6669884,0.001270608,0.9820992
edit,00027305_000.png,27305,0.24,cardiomegaly_0,2.771431,0.9411124,0.7460776
edit,00028027_005.png,28027,0.24,cardiomegaly_0,-0.061065674,0.48473832,0.33496183
edit,00028053_000.png,28053,0.24,cardiomegaly_0,-2.0049648,0.11868263,0.39269677
edit,00028457_000.png,28457,0.24,cardiomegaly_0,10.046368,0.9999566,0.9968135
edit,00028962_000.png,28962,0.24,cardiomegaly_0,6.497633,0.9984952,0.98257834
edit,00029393_000.png,29393,0.24,cardiomegaly_0,9.135107,0.99989223,0.9921534
edit,00029569_000.png,29569,0.24,cardiomegaly_0,9.874815,0.9999485,0.99370545
edit,00029648_000.png,29648,0.24,cardiomegaly_0,9.753313,0.99994195,0.99506205
edit,00030332_000.png,30332,0.24,cardiomegaly_0,-0.83753777,0.3020536,0.31740758
edit,00030805_000.png,30805,0.24,cardiomegaly_0,8.803085,0.9998497,0.98838514
edit,00001059_006.png,1059,0.3,cardiomegaly_0,9.181015,0.999897,0.9953808
edit,00001174_000.png,1174,0.3,cardiomegaly_0,8.907959,0.9998647,0.9897582
edit,00001470_001.png,1470,0.3,cardiomegaly_0,6.806986,0.9988952,0.9894777
edit,00001606_004.png,1606,0.3,cardiomegaly_0,9.977997,0.9999536,0.99592644
edit,00002139_000.png,2139,0.3,cardiomegaly_0,9.115622,0.9998901,0.9916428
edit,00002355_005.png,2355,0.3,cardiomegaly_0,10.171307,0.99996173,0.9968296
edit,00002492_010.png,2492,0.3,cardiomegaly_0,4.0498085,0.9828728,0.7745898
edit,00002566_000.png,2566,0.3,cardiomegaly_0,9.801693,0.9999447,0.99684626
edit,00003064_010.png,3064,0.3,cardiomegaly_0,9.68741,0.9999379,0.9935097
edit,00003804_012.png,3804,0.3,cardiomegaly_0,3.0332317,0.95405304,0.59156114
edit,00003917_000.png,3917,0.3,cardiomegaly_0,9.892387,0.99994946,0.99503905
edit,00004057_000.png,4057,0.3,cardiomegaly_0,-4.814972,0.008042247,0.81196856
edit,00005623_000.png,5623,0.3,cardiomegaly_0,-2.7345219,0.06096677,0.4200176
edit,00006012_000.png,6012,0.3,cardiomegaly_0,8.047445,0.99968016,0.9827245
edit,00006791_002.png,6791,0.3,cardiomegaly_0,10.09973,0.9999589,0.99751574
edit,00006921_000.png,6921,0.3,cardiomegaly_0,-2.2870655,0.09219987,0.39023662
edit,00006981_017.png,6981,0.3,cardiomegaly_0,0.114551544,0.5286066,0.24819736
edit,00007082_000.png,7082,0.3,cardiomegaly_0,10.204647,0.99996305,0.9971747
edit,00007159_000.png,7159,0.3,cardiomegaly_0,10.033628,0.99995613,0.99634296
edit,00007340_004.png,7340,0.3,cardiomegaly_0,8.711718,0.9998354,0.9918633
edit,00007589_000.png,7589,0.3,cardiomegaly_0,5.579487,0.99623966,0.95359826
edit,00007931_000.png,7931,0.3,cardiomegaly_0,9.624151,0.99993384,0.9967963
edit,00008142_005.png,8142,0.3,cardiomegaly_0,-5.5787907,0.0037629174,0.9196577
edit,00008147_000.png,8147,0.3,cardiomegaly_0,-3.9306602,0.019252762,0.7949005
edit,00008184_003.png,8184,0.3,cardiomegaly_0,9.813089,0.9999453,0.9955406
edit,00008359_000.png,8359,0.3,cardiomegaly_0,10.396488,0.9999695,0.99563235
edit,00008386_001.png,8386,0.3,cardiomegaly_0,8.611412,0.999818,0.9941684
edit,00008802_008.png,8802,0.3,cardiomegaly_0,10.25765,0.99996495,0.9956643
edit,00009090_001.png,9090,0.3,cardiomegaly_0,10.208694,0.99996316,0.9974999
edit,00009105_003.png,9105,0.3,cardiomegaly_0,9.58717,0.99993145,0.9906373
edit,00009306_000.png,9306,0.3,cardiomegaly_0,7.1432915,0.9992105,0.97594565
edit,00009335_000.png,9335,0.3,cardiomegaly_0,9.989742,0.9999541,0.99633586
edit,00009409_002.png,9409,0.3,cardiomegaly_0,7.7164593,0.9995547,0.97724664
edit,00009761_000.png,9761,0.3,cardiomegaly_0,9.8994465,0.9999498,0.9964967
edit,00010465_001.png,10465,0.3,cardiomegaly_0,10.097378,0.99995875,0.9947401
edit,00010892_000.png,10892,0.3,cardiomegaly_0,8.206451,0.9997272,0.99069625
edit,00010931_003.png,10931,0.3,cardiomegaly_0,9.695192,0.99993837,0.99488056
edit,00010964_000.png,10964,0.3,cardiomegaly_0,10.261927,0.9999651,0.9969268
edit,00011611_000.png,11611,0.3,cardiomegaly_0,8.124329,0.9997038,0.98058265
edit,00012129_000.png,12129,0.3,cardiomegaly_0,9.173891,0.9998963,0.99349624
edit,00012400_000.png,12400,0.3,cardiomegaly_0,10.3458805,0.99996793,0.99533534
edit,00012772_003.png,12772,0.3,cardiomegaly_0,-1.1217365,0.24568933,0.25084335
edit,00012902_001.png,12902,0.3,cardiomegaly_0,7.2233505,0.9992712,0.97302145
edit,00013441_000.png,13441,0.3,cardiomegaly_0,10.050619,0.99995685,0.99430627
edit,00013678_003.png,13678,0.3,cardiomegaly_0,9.91589,0.99995065,0.99425673
edit,00013759_000.png,13759,0.3,cardiomegaly_0,1.4304409,0.80697,0.46145588
edit,00014281_000.png,14281,0.3,cardiomegaly_0,6.9911823,0.9990809,0.9675101
edit,00014295_001.png,14295,0.3,cardiomegaly_0,-5.087761,0.0061339657,0.9019302
edit,00014387_006.png,14387,0.3,cardiomegaly_0,7.0845413,0.9991628,0.98279715
edit,00014838_000.png,14838,0.3,cardiomegaly_0,9.824875,0.9999459,0.99601984
edit,00014954_000.png,14954,0.3,cardiomegaly_0,-1.7832527,0.14390194,0.22976303
edit,00015056_005.png,15056,0.3,cardiomegaly_0,10.016302,0.9999553,0.99749935
edit,00015087_011.png,15087,0.3,cardiomegaly_0,9.735165,0.9999409,0.9968033
edit,00016191_019.png,16191,0.3,cardiomegaly_0,8.948254,0.99987006,0.9948248
edit,00016245_000.png,16245,0.3,cardiomegaly_0,1.9560165,0.87610126,0.45065746
edit,00016498_001.png,16498,0.3,cardiomegaly_0,-0.42785835,0.39463782,0.27214015
edit,00016509_001.png,16509,0.3,cardiomegaly_0,10.23184,0.999964,0.99684095
edit,00016512_001.png,16512,0.3,cardiomegaly_0,10.36095,0.9999684,0.9950018
edit,00016724_002.png,16724,0.3,cardiomegaly_0,9.3663025,0.9999144,0.9971509
edit,00016865_000.png,16865,0.3,cardiomegaly_0,8.555527,0.99980754,0.9867713
edit,00016907_000.png,16907,0.3,cardiomegaly_0,-5.6400185,0.0035402249,0.9292699
edit,00017381_000.png,17381,0.3,cardiomegaly_0,9.549566,0.9999287,0.99333286
edit,00018008_000.png,18008,0.3,cardiomegaly_0,-4.340557,0.012861689,0.748845
edit,00018011_000.png,18011,0.3,cardiomegaly_0,9.724216,0.99994016,0.9915147
edit,00018488_002.png,18488,0.3,cardiomegaly_0,-3.5165825,0.028844073,0.7445767
edit,00018616_000.png,18616,0.3,cardiomegaly_0,8.670805,0.99982846,0.9918522
edit,00019435_003.png,19435,0.3,cardiomegaly_0,8.596006,0.99981517,0.9883142
edit,00019535_002.png,19535,0.3,cardiomegaly_0,7.688843,0.99954236,0.9853436
edit,00019544_000.png,19544,0.3,cardiomegaly_0,9.055815,0.9998833,0.9898564
edit,00019911_001.png,19911,0.3,cardiomegaly_0,8.512739,0.9997992,0.99122864
edit,00020318_024.png,20318,0.3,cardiomegaly_0,7.338291,0.99935025,0.99218684
edit,00020341_000.png,20341,0.3,cardiomegaly_0,6.046377,0.9976392,0.9709317
edit,00020642_006.png,20642,0.3,cardiomegaly_0,9.514441,0.9999262,0.9954178
edit,00020674_000.png,20674,0.3,cardiomegaly_0,7.324459,0.9993412,0.97300625
edit,00020716_002.png,20716,0.3,cardiomegaly_0,10.037893,0.99995625,0.99610347
edit,00020802_000.png,20802,0.3,cardiomegaly_0,-4.1436863,0.015616518,0.7702771
edit,00021023_024.png,21023,0.3,cardiomegaly_0,-0.41119003,0.39862677,0.18902384
edit,00021569_000.png,21569,0.3,cardiomegaly_0,9.432009,0.9999199,0.99368066
edit,00022341_000.png,22341,0.3,cardiomegaly_0,7.3870716,0.9993812,0.97025234
edit,00022582_001.png,22582,0.3,cardiomegaly_0,10.3244095,0.9999672,0.99575835
edit,00022712_000.png,22712,0.3,cardiomegaly_0,6.889822,0.99898297,0.9702136
edit,00023621_000.png,23621,0.3,cardiomegaly_0,10.518311,0.99997294,0.99703264
edit,00023776_000.png,23776,0.3,cardiomegaly_0,8.138519,0.999708,0.98113185
edit,00024192_000.png,24192,0.3,cardiomegaly_0,9.533857,0.99992764,0.9938722
edit,00024326_000.png,24326,0.3,cardiomegaly_0,-5.8476944,0.0028782384,0.95348406
edit,00024474_000.png,24474,0.3,cardiomegaly_0,7.0718174,0.99915206,0.95329785
edit,00024583_000.png,24583,0.3,cardiomegaly_0,-4.844557,0.0078096343,0.8701248
edit,00025054_000.png,25054,0.3,cardiomegaly_0,8.87512,0.99986017,0.9927867
edit,00026354_001.png,26354,0.3,cardiomegaly_0,10.519758,0.99997306,0.9968471
edit,00026807_000.png,26807,0.3,cardiomegaly_0,-6.456894,0.0015672037,0.97813594
edit,00027305_000.png,27305,0.3,cardiomegaly_0,8.912142,0.9998653,0.9950084
edit,00028027_005.png,28027,0.3,cardiomegaly_0,3.0882702,0.9564063,0.7034873
edit,00028053_000.png,28053,0.3,cardiomegaly_0,7.080332,0.9991592,0.9691791
edit,00028457_000.png,28457,0.3,cardiomegaly_0,10.396734,0.9999695,0.9975307
edit,00028962_000.png,28962,0.3,cardiomegaly_0,8.11487,0.999701,0.9922066
edit,00029393_000.png,29393,0.3,cardiomegaly_0,9.998156,0.99995446,0.9952784
edit,00029569_000.png,29569,0.3,cardiomegaly_0,9.957491,0.9999527,0.99441004
edit,00029648_000.png,29648,0.3,cardiomegaly_0,10.301781,0.9999664,0.9965085
edit,00030332_000.png,30332,0.3,cardiomegaly_0,7.8751926,0.9996201,0.9855618
edit,00030805_000.png,30805,0.3,cardiomegaly_0,9.692476,0.99993825,0.99360496
sham,00001059_006.png,1059,0.3,cardiomegaly_0,6.923111,0.99901617,0.98682237
sham,00001174_000.png,1174,0.3,cardiomegaly_0,-6.245426,0.0019355504,0.97333556
sham,00001470_001.png,1470,0.3,cardiomegaly_0,-2.1040592,0.10870291,0.42129278
sham,00001606_004.png,1606,0.3,cardiomegaly_0,-0.8254051,0.3046175,0.2571641
sham,00002139_000.png,2139,0.3,cardiomegaly_0,1.9555874,0.8760546,0.44441876
sham,00002355_005.png,2355,0.3,cardiomegaly_0,-2.9743233,0.048599437,0.6290012
sham,00002492_010.png,2492,0.3,cardiomegaly_0,-6.053541,0.0023440197,0.9463102
sham,00002566_000.png,2566,0.3,cardiomegaly_0,-5.6818047,0.0033958328,0.94884574
sham,00003064_010.png,3064,0.3,cardiomegaly_0,-5.8714924,0.002810741,0.9255454
sham,00003804_012.png,3804,0.3,cardiomegaly_0,-5.9153843,0.0026903655,0.9420752
sham,00003917_000.png,3917,0.3,cardiomegaly_0,-6.11668,0.002200912,0.9562778
sham,00004057_000.png,4057,0.3,cardiomegaly_0,-5.6814785,0.0033969365,0.9217348
sham,00005623_000.png,5623,0.3,cardiomegaly_0,-5.927799,0.002657259,0.9472913
sham,00006012_000.png,6012,0.3,cardiomegaly_0,-6.1031914,0.0022307339,0.97060937
sham,00006791_002.png,6791,0.3,cardiomegaly_0,-5.039713,0.0064339433,0.87691426
sham,00006921_000.png,6921,0.3,cardiomegaly_0,-6.097761,0.002242853,0.94301283
sham,00006981_017.png,6981,0.3,cardiomegaly_0,-6.0111732,0.0024452168,0.94873554
sham,00007082_000.png,7082,0.3,cardiomegaly_0,-2.0034714,0.11883893,0.36744952
sham,00007159_000.png,7159,0.3,cardiomegaly_0,-5.295843,0.004987388,0.8874069
sham,00007340_004.png,7340,0.3,cardiomegaly_0,-5.3852234,0.004562901,0.9220849
sham,00007589_000.png,7589,0.3,cardiomegaly_0,-6.6165657,0.0013362303,0.9829743
sham,00007931_000.png,7931,0.3,cardiomegaly_0,-5.9443226,0.0026138271,0.9613145
sham,00008142_005.png,8142,0.3,cardiomegaly_0,-6.228733,0.0019680676,0.9724536
sham,00008147_000.png,8147,0.3,cardiomegaly_0,-5.8312397,0.0029258511,0.960382
sham,00008184_003.png,8184,0.3,cardiomegaly_0,-6.1503353,0.0021282276,0.9682268
sham,00008359_000.png,8359,0.3,cardiomegaly_0,-0.6254349,0.3485464,0.30308077
sham,00008386_001.png,8386,0.3,cardiomegaly_0,-5.9557343,0.002584245,0.96485597
sham,00008802_008.png,8802,0.3,cardiomegaly_0,-6.2872524,0.0018564103,0.9660492
sham,00009090_001.png,9090,0.3,cardiomegaly_0,-4.9555035,0.0069952547,0.8652793
sham,00009105_003.png,9105,0.3,cardiomegaly_0,-5.320034,0.004868766,0.9073597
sham,00009306_000.png,9306,0.3,cardiomegaly_0,-6.2923946,0.0018469063,0.9766322
sham,00009335_000.png,9335,0.3,cardiomegaly_0,-6.2940063,0.0018439377,0.96302485
sham,00009409_002.png,9409,0.3,cardiomegaly_0,-6.5111656,0.0014845385,0.97576
sham,00009761_000.png,9761,0.3,cardiomegaly_0,-3.9130592,0.019587934,0.7370477
sham,00010465_001.png,10465,0.3,cardiomegaly_0,-5.288992,0.0050215023,0.92547435
sham,00010892_000.png,10892,0.3,cardiomegaly_0,-5.541252,0.0039062942,0.93091905
sham,00010931_003.png,10931,0.3,cardiomegaly_0,-5.856802,0.0028522182,0.9602821
sham,00010964_000.png,10964,0.3,cardiomegaly_0,-6.3137836,0.001807893,0.9790476
sham,00011611_000.png,11611,0.3,cardiomegaly_0,-6.155119,0.0021180925,0.96080005
sham,00012129_000.png,12129,0.3,cardiomegaly_0,-5.8606243,0.0028413679,0.96373785
sham,00012400_000.png,12400,0.3,cardiomegaly_0,-6.567295,0.0014036214,0.9741699
sham,00012772_003.png,12772,0.3,cardiomegaly_0,-5.745674,0.0031863935,0.94292736
sham,00012902_001.png,12902,0.3,cardiomegaly_0,-6.1018276,0.0022337714,0.97299683
sham,00013441_000.png,13441,0.3,cardiomegaly_0,-5.5907326,0.0037184146,0.92913187
sham,00013678_003.png,13678,0.3,cardiomegaly_0,-4.803589,0.008133568,0.836848
sham,00013759_000.png,13759,0.3,cardiomegaly_0,-6.432249,0.0016062441,0.9818827
sham,00014281_000.png,14281,0.3,cardiomegaly_0,-6.0116177,0.002444133,0.9465079
sham,00014295_001.png,14295,0.3,cardiomegaly_0,-6.479805,0.00153176,0.97889024
sham,00014387_006.png,14387,0.3,cardiomegaly_0,-3.723446,0.023581104,0.6953755
sham,00014838_000.png,14838,0.3,cardiomegaly_0,-5.689831,0.0033687777,0.9404968
sham,00014954_000.png,14954,0.3,cardiomegaly_0,-6.1181984,0.0021975802,0.96831685
sham,00015056_005.png,15056,0.3,cardiomegaly_0,1.0991993,0.75011003,0.48913348
sham,00015087_011.png,15087,0.3,cardiomegaly_0,-2.046814,0.114374705,0.39079207
sham,00016191_019.png,16191,0.3,cardiomegaly_0,-4.7932377,0.0082175005,0.8390328
sham,00016245_000.png,16245,0.3,cardiomegaly_0,-6.8996067,0.0010071665,0.985789
sham,00016498_001.png,16498,0.3,cardiomegaly_0,-6.3663864,0.0017154099,0.97791034
sham,00016509_001.png,16509,0.3,cardiomegaly_0,1.3671818,0.7969244,0.39458567
sham,00016512_001.png,16512,0.3,cardiomegaly_0,-5.9541206,0.0025884078,0.92726773
sham,00016724_002.png,16724,0.3,cardiomegaly_0,7.709776,0.9995517,0.9908027
sham,00016865_000.png,16865,0.3,cardiomegaly_0,-6.4030724,0.0016537209,0.9764881
sham,00016907_000.png,16907,0.3,cardiomegaly_0,-5.6924324,0.0033600545,0.929891
sham,00017381_000.png,17381,0.3,cardiomegaly_0,3.9363365,0.98085415,0.83809227
sham,00018008_000.png,18008,0.3,cardiomegaly_0,-5.861809,0.002838014,0.9328184
sham,00018011_000.png,18011,0.3,cardiomegaly_0,-5.8740673,0.0028035333,0.941584
sham,00018488_002.png,18488,0.3,cardiomegaly_0,-2.531784,0.073659815,0.48047552
sham,00018616_000.png,18616,0.3,cardiomegaly_0,-5.4067993,0.004465941,0.90476084
sham,00019435_003.png,19435,0.3,cardiomegaly_0,-4.538553,0.010575816,0.856087
sham,00019535_002.png,19535,0.3,cardiomegaly_0,-4.1678257,0.015249738,0.7464984
sham,00019544_000.png,19544,0.3,cardiomegaly_0,-6.304285,0.0018251159,0.97107685
sham,00019911_001.png,19911,0.3,cardiomegaly_0,-5.519434,0.003992115,0.9190681
sham,00020318_024.png,20318,0.3,cardiomegaly_0,-4.4016933,0.012108163,0.8556354
sham,00020341_000.png,20341,0.3,cardiomegaly_0,-5.2097225,0.0054335054,0.88181376
sham,00020642_006.png,20642,0.3,cardiomegaly_0,-5.9415703,0.0026210123,0.9634606
sham,00020674_000.png,20674,0.3,cardiomegaly_0,-4.6061954,0.009890945,0.8107248
sham,00020716_002.png,20716,0.3,cardiomegaly_0,-5.4654446,0.0042126384,0.9182783
sham,00020802_000.png,20802,0.3,cardiomegaly_0,-6.4615326,0.0015599619,0.975257
sham,00021023_024.png,21023,0.3,cardiomegaly_0,-5.9952526,0.0024843602,0.9474328
sham,00021569_000.png,21569,0.3,cardiomegaly_0,-6.392071,0.0016719843,0.9758807
sham,00022341_000.png,22341,0.3,cardiomegaly_0,-6.2282887,0.001968941,0.9746673
sham,00022582_001.png,22582,0.3,cardiomegaly_0,-6.287298,0.0018563255,0.968153
sham,00022712_000.png,22712,0.3,cardiomegaly_0,-5.6526165,0.00349606,0.9412152
sham,00023621_000.png,23621,0.3,cardiomegaly_0,-6.234516,0.0019567413,0.9704191
sham,00023776_000.png,23776,0.3,cardiomegaly_0,-5.87891,0.002790027,0.9500717
sham,00024192_000.png,24192,0.3,cardiomegaly_0,-6.4045124,0.001651345,0.9763852
sham,00024326_000.png,24326,0.3,cardiomegaly_0,-6.628002,0.0013210557,0.9866085
sham,00024474_000.png,24474,0.3,cardiomegaly_0,-6.454479,0.0015709866,0.97787136
sham,00024583_000.png,24583,0.3,cardiomegaly_0,-6.2516346,0.0019235937,0.9697532
sham,00025054_000.png,25054,0.3,cardiomegaly_0,-6.6312923,0.001316722,0.97975916
sham,00026354_001.png,26354,0.3,cardiomegaly_0,-5.8697147,0.0028157278,0.9359679
sham,00026807_000.png,26807,0.3,cardiomegaly_0,-6.619957,0.0013317125,0.9826747
sham,00027305_000.png,27305,0.3,cardiomegaly_0,-6.2865524,0.001857708,0.97349906
sham,00028027_005.png,28027,0.3,cardiomegaly_0,-3.7607117,0.022738125,0.7889073
sham,00028053_000.png,28053,0.3,cardiomegaly_0,-6.519148,0.0014727531,0.98321
sham,00028457_000.png,28457,0.3,cardiomegaly_0,-5.0983925,0.006069491,0.8829668
sham,00028962_000.png,28962,0.3,cardiomegaly_0,-5.782749,0.003070777,0.9484003
sham,00029393_000.png,29393,0.3,cardiomegaly_0,8.413086,0.9997781,0.984682
sham,00029569_000.png,29569,0.3,cardiomegaly_0,-3.6347752,0.025711346,0.71563905
sham,00029648_000.png,29648,0.3,cardiomegaly_0,-6.50679,0.0014910387,0.98213977
sham,00030332_000.png,30332,0.3,cardiomegaly_0,-5.906128,0.002715316,0.9471837
sham,00030805_000.png,30805,0.3,cardiomegaly_0,-6.738491,0.0011830318,0.9803474
blank,00001059_006.png,1059,,cardiomegaly_0,-4.8877544,0.0074819303,0.71855766
blank,00001174_000.png,1174,,cardiomegaly_0,-4.825758,0.007956657,0.7131769
blank,00001470_001.png,1470,,cardiomegaly_0,-5.0763664,0.006203823,0.78564745
blank,00001606_004.png,1606,,cardiomegaly_0,-5.0681057,0.0062549612,0.75443035
blank,00002139_000.png,2139,,cardiomegaly_0,-5.255026,0.0051940917,0.80957496
blank,00002355_005.png,2355,,cardiomegaly_0,-4.8433723,0.007818818,0.73483497
blank,00002492_010.png,2492,,cardiomegaly_0,-4.8642044,0.0076588555,0.7280702
blank,00002566_000.png,2566,,cardiomegaly_0,-5.057926,0.0063185547,0.7320021
blank,00003064_010.png,3064,,cardiomegaly_0,-5.0763664,0.006203823,0.78564745
blank,00003804_012.png,3804,,cardiomegaly_0,-4.8364162,0.007872966,0.72493976
blank,00003917_000.png,3917,,cardiomegaly_0,-4.9757786,0.006855815,0.7432401
blank,00004057_000.png,4057,,cardiomegaly_0,-5.237774,0.0052839997,0.79030776
blank,00005623_000.png,5623,,cardiomegaly_0,-4.8370094,0.007868334,0.72872007
blank,00006012_000.png,6012,,cardiomegaly_0,-5.1922016,0.005529013,0.7685076
blank,00006791_002.png,6791,,cardiomegaly_0,-4.8769207,0.007562811,0.7475405
blank,00006921_000.png,6921,,cardiomegaly_0,-4.8769207,0.007562811,0.7475405
blank,00006981_017.png,6981,,cardiomegaly_0,-4.8877544,0.0074819303,0.71855766
blank,00007082_000.png,7082,,cardiomegaly_0,-5.2749195,0.0050923047,0.78988785
blank,00007159_000.png,7159,,cardiomegaly_0,-5.179285,0.0056004897,0.76383317
blank,00007340_004.png,7340,,cardiomegaly_0,-5.234476,0.0053013614,0.77068925
blank,00007589_000.png,7589,,cardiomegaly_0,-5.0763664,0.006203823,0.78564745
blank,00007931_000.png,7931,,cardiomegaly_0,-5.3298035,0.0048216614,0.8021957
blank,00008142_005.png,8142,,cardiomegaly_0,-5.1582775,0.0057187066,0.768713
blank,00008147_000.png,8147,,cardiomegaly_0,-5.0778656,0.0061945864,0.75280064
blank,00008184_003.png,8184,,cardiomegaly_0,-5.0778656,0.0061945864,0.75280064
blank,00008359_000.png,8359,,cardiomegaly_0,-4.8642044,0.0076588555,0.7280702
blank,00008386_001.png,8386,,cardiomegaly_0,-4.80319,0.008136784,0.71037
blank,00008802_008.png,8802,,cardiomegaly_0,-4.832697,0.007902071,0.71046597
blank,00009090_001.png,9090,,cardiomegaly_0,-5.0763664,0.006203823,0.78564745
blank,00009105_003.png,9105,,cardiomegaly_0,-4.8814793,0.007528674,0.74273545
blank,00009306_000.png,9306,,cardiomegaly_0,-5.357212,0.0046919123,0.8039364
blank,00009335_000.png,9335,,cardiomegaly_0,-5.232586,0.005311338,0.78980434
blank,00009409_002.png,9409,,cardiomegaly_0,-5.357212,0.0046919123,0.8039364
blank,00009761_000.png,9761,,cardiomegaly_0,-4.9905853,0.0067557315,0.7578722
blank,00010465_001.png,10465,,cardiomegaly_0,-4.87698,0.0075623677,0.7429234
blank,00010892_000.png,10892,,cardiomegaly_0,-4.8379326,0.007861131,0.7080852
blank,00010931_003.png,10931,,cardiomegaly_0,-4.8877544,0.0074819303,0.71855766
blank,00010964_000.png,10964,,cardiomegaly_0,-4.857992,0.0077062137,0.71652234
blank,00011611_000.png,11611,,cardiomegaly_0,-4.9144135,0.0072865384,0.73580045
blank,00012129_000.png,12129,,cardiomegaly_0,-4.8642044,0.0076588555,0.7280702
blank,00012400_000.png,12400,,cardiomegaly_0,-4.825758,0.007956657,0.7131769
blank,00012772_003.png,12772,,cardiomegaly_0,-4.9062805,0.007345604,0.73969257
blank,00012902_001.png,12902,,cardiomegaly_0,-4.9671154,0.006915054,0.7493627
blank,00013441_000.png,13441,,cardiomegaly_0,-4.8425922,0.007824873,0.73228604
blank,00013678_003.png,13678,,cardiomegaly_0,-4.87698,0.0075623677,0.7429234
blank,00013759_000.png,13759,,cardiomegaly_0,-4.8448887,0.007807063,0.7232406
blank,00014281_000.png,14281,,cardiomegaly_0,-4.884323,0.007507454,0.72900754
blank,00014295_001.png,14295,,cardiomegaly_0,-4.8969307,0.0074140946,0.7350897
blank,00014387_006.png,14387,,cardiomegaly_0,-4.901188,0.0073828315,0.7525974
blank,00014838_000.png,14838,,cardiomegaly_0,-4.899065,0.0073984046,0.7407541
blank,00014954_000.png,14954,,cardiomegaly_0,-4.92976,0.0071763657,0.7413239
blank,00015056_005.png,15056,,cardiomegaly_0,-5.232586,0.005311338,0.78980434
blank,00015087_011.png,15087,,cardiomegaly_0,-5.3743362,0.0046126186,0.806969
blank,00016191_019.png,16191,,cardiomegaly_0,-4.9999237,0.006693358,0.74960357
blank,00016245_000.png,16245,,cardiomegaly_0,-5.176609,0.0056154123,0.7733969
blank,00016498_001.png,16498,,cardiomegaly_0,-4.884323,0.007507454,0.72900754
blank,00016509_001.png,16509,,cardiomegaly_0,-4.8521404,0.007751091,0.7216899
blank,00016512_001.png,16512,,cardiomegaly_0,-5.0631027,0.0062861363,0.7681475
blank,00016724_002.png,16724,,cardiomegaly_0,-5.0255833,0.006524901,0.74614674
blank,00016865_000.png,16865,,cardiomegaly_0,-4.8433723,0.007818818,0.73483497
blank,00016907_000.png,16907,,cardiomegaly_0,-4.8877544,0.0074819303,0.71855766
blank,00017381_000.png,17381,,cardiomegaly_0,-4.80319,0.008136784,0.71037
blank,00018008_000.png,18008,,cardiomegaly_0,-5.201956,0.005475638,0.80571294
blank,00018011_000.png,18011,,cardiomegaly_0,-4.8814793,0.007528674,0.74273545
blank,00018488_002.png,18488,,cardiomegaly_0,-4.836117,0.007875306,0.72471654
blank,00018616_000.png,18616,,cardiomegaly_0,-4.8969307,0.0074140946,0.7350897
blank,00019435_003.png,19435,,cardiomegaly_0,-4.8379326,0.007861131,0.7080852
blank,00019535_002.png,19535,,cardiomegaly_0,-4.878208,0.007553154,0.7394922
blank,00019544_000.png,19544,,cardiomegaly_0,-4.876955,0.0075625544,0.734793
blank,00019911_001.png,19911,,cardiomegaly_0,-4.87969,0.0075420532,0.71797043
blank,00020318_024.png,20318,,cardiomegaly_0,-4.8736267,0.007587575,0.73127955
blank,00020341_000.png,20341,,cardiomegaly_0,-4.80319,0.008136784,0.71037
blank,00020642_006.png,20642,,cardiomegaly_0,-4.9110794,0.007310695,0.742762
blank,00020674_000.png,20674,,cardiomegaly_0,-4.901188,0.0073828315,0.7525974
blank,00020716_002.png,20716,,cardiomegaly_0,-4.825758,0.007956657,0.7131769
blank,00020802_000.png,20802,,cardiomegaly_0,-4.8433723,0.007818818,0.73483497
blank,00021023_024.png,21023,,cardiomegaly_0,-4.9144135,0.0072865384,0.73580045
blank,00021569_000.png,21569,,cardiomegaly_0,-4.9861393,0.0067856307,0.7714121
blank,00022341_000.png,22341,,cardiomegaly_0,-4.825758,0.007956657,0.7131769
blank,00022582_001.png,22582,,cardiomegaly_0,-4.8969307,0.0074140946,0.7350897
blank,00022712_000.png,22712,,cardiomegaly_0,-5.099745,0.006061339,0.7661137
blank,00023621_000.png,23621,,cardiomegaly_0,-5.099745,0.006061339,0.7661137
blank,00023776_000.png,23776,,cardiomegaly_0,-4.985445,0.0067903115,0.7474422
blank,00024192_000.png,24192,,cardiomegaly_0,-4.864048,0.0076600444,0.7041109
blank,00024326_000.png,24326,,cardiomegaly_0,-4.9905853,0.0067557315,0.7578722
blank,00024474_000.png,24474,,cardiomegaly_0,-4.806856,0.008107251,0.7297228
blank,00024583_000.png,24583,,cardiomegaly_0,-4.8993187,0.0073965415,0.7236197
blank,00025054_000.png,25054,,cardiomegaly_0,-4.838228,0.007858826,0.709618
blank,00026354_001.png,26354,,cardiomegaly_0,-4.9216423,0.007234435,0.7298746
blank,00026807_000.png,26807,,cardiomegaly_0,-4.859749,0.0076927925,0.7351259
blank,00027305_000.png,27305,,cardiomegaly_0,-4.894562,0.007431548,0.73461354
blank,00028027_005.png,28027,,cardiomegaly_0,-5.032032,0.006483231,0.7526076
blank,00028053_000.png,28053,,cardiomegaly_0,-4.838228,0.007858826,0.709618
blank,00028457_000.png,28457,,cardiomegaly_0,-4.8764896,0.007566048,0.73527783
blank,00028962_000.png,28962,,cardiomegaly_0,-4.899517,0.007395086,0.7341921
blank,00029393_000.png,29393,,cardiomegaly_0,-4.899517,0.007395086,0.7341921
blank,00029569_000.png,29569,,cardiomegaly_0,-4.874302,0.0075824927,0.7279928
blank,00029648_000.png,29648,,cardiomegaly_0,-4.899517,0.007395086,0.7341921
blank,00030332_000.png,30332,,cardiomegaly_0,-4.8540497,0.0077364207,0.7296718
blank,00030805_000.png,30805,,cardiomegaly_0,-5.116068,0.005963788,0.74915856
real,00000023_002.png,23,,cardiomegaly_1,-4.148222,0.015546945,0.78503585
real,00000041_002.png,41,,cardiomegaly_1,-4.111103,0.016125396,0.7222394
real,00000041_006.png,41,,cardiomegaly_1,-4.975521,0.0068575693,0.87493515
real,00000078_001.png,78,,cardiomegaly_1,-4.015724,0.017710574,0.65767354
real,00000121_006.png,121,,cardiomegaly_1,-4.926958,0.007196356,0.8133646
real,00000121_007.png,121,,cardiomegaly_1,-5.168516,0.0056607835,0.88122755
real,00000148_001.png,148,,cardiomegaly_1,-5.148081,0.0057769776,0.8955768
real,00000148_002.png,148,,cardiomegaly_1,-5.3334255,0.0048043123,0.91606724
real,00000176_001.png,176,,cardiomegaly_1,8.186321,0.9997216,0.9942143
real,00000176_002.png,176,,cardiomegaly_1,8.863472,0.9998585,0.99573016
real,00000200_001.png,200,,cardiomegaly_1,9.460644,0.99992216,0.9943947
real,00000240_000.png,240,,cardiomegaly_1,10.03355,0.99995613,0.9972865
real,00000246_008.png,246,,cardiomegaly_1,-3.3475437,0.03397569,0.5054712
real,00000246_012.png,246,,cardiomegaly_1,-4.2410755,0.014187911,0.7419833
real,00000246_013.png,246,,cardiomegaly_1,-3.5703773,0.027374761,0.557972
real,00000284_004.png,284,,cardiomegaly_1,2.480425,0.92275804,0.5386603
real,00000284_005.png,284,,cardiomegaly_1,8.295095,0.9997503,0.99416023
real,00000337_000.png,337,,cardiomegaly_1,-4.7943497,0.0082084425,0.885013
real,00000404_002.png,404,,cardiomegaly_1,-3.321392,0.034844562,0.6171187
real,00000457_002.png,457,,cardiomegaly_1,9.749308,0.9999417,0.9972315
real,00000457_003.png,457,,cardiomegaly_1,10.28912,0.999966,0.99803495
real,00000457_004.png,457,,cardiomegaly_1,8.824406,0.9998529,0.99417293
real,00000499_002.png,499,,cardiomegaly_1,-4.8150806,0.00804138,0.76377624
real,00000499_003.png,499,,cardiomegaly_1,-4.7504253,0.008573868,0.7947654
real,00000591_001.png,591,,cardiomegaly_1,-4.506468,0.010916883,0.81065446
real,00000591_002.png,591,,cardiomegaly_1,-2.5334435,0.07354667,0.4498263
real,00000591_004.png,591,,cardiomegaly_1,-4.1598682,0.015369699,0.78659195
real,00000591_005.png,591,,cardiomegaly_1,-4.226656,0.014391011,0.7888327
real,00000591_006.png,591,,cardiomegaly_1,-1.9693451,0.122459255,0.37379432
real,00000591_007.png,591,,cardiomegaly_1,-3.7840347,0.022225587,0.62361634
real,00000591_009.png,591,,cardiomegaly_1,-5.063423,0.006284135,0.8662028
real,00000591_010.png,591,,cardiomegaly_1,-4.561556,0.010337808,0.7891736
real,00000591_011.png,591,,cardiomegaly_1,-3.997919,0.018023001,0.71925396
real,00000591_012.png,591,,cardiomegaly_1,-2.7106438,0.062348206,0.3962669
real,00000591_013.png,591,,cardiomegaly_1,-3.5236053,0.028647998,0.559264
real,00000591_014.png,591,,cardiomegaly_1,-3.7557163,0.022849392,0.620418
real,00000591_015.png,591,,cardiomegaly_1,-3.305704,0.035376024,0.5111144
real,00000591_016.png,591,,cardiomegaly_1,-3.8495235,0.020846067,0.6623529
real,00000591_018.png,591,,cardiomegaly_1,-4.3427773,0.012833533,0.8098698
real,00000591_019.png,591,,cardiomegaly_1,-3.8376102,0.02109063,0.69985455
real,00000622_000.png,622,,cardiomegaly_1,-5.1736984,0.005631688,0.7938746
real,00000661_001.png,661,,cardiomegaly_1,10.148867,0.9999609,0.99787056
real,00000661_000.png,661,,cardiomegaly_1,9.840359,0.9999467,0.9972349
real,00000707_002.png,707,,cardiomegaly_1,-4.735136,0.008704815,0.76782435
real,00000787_002.png,787,,cardiomegaly_1,9.195824,0.99989855,0.99429977
real,00000848_000.png,848,,cardiomegaly_1,-3.3999596,0.03229673,0.7234447
real,00000869_008.png,869,,cardiomegaly_1,2.2499428,0.9046456,0.6710931
real,00000949_005.png,949,,cardiomegaly_1,-5.362072,0.004669272,0.8752187
real,00001075_038.png,1075,,cardiomegaly_1,-3.4427738,0.03098509,0.6929552
real,00001075_045.png,1075,,cardiomegaly_1,-5.2984695,0.004974371,0.87898916
real,00001075_046.png,1075,,cardiomegaly_1,6.782715,0.9988681,0.9744138
real,00001075_047.png,1075,,cardiomegaly_1,-2.49901,0.0759276,0.49684525
real,00001075_007.png,1075,,cardiomegaly_1,-3.9820614,0.018305808,0.7074274
real,00001075_022.png,1075,,cardiomegaly_1,-4.1344967,0.015758418,0.58307344
real,00001075_033.png,1075,,cardiomegaly_1,9.9087105,0.9999503,0.9957513
real,00001096_001.png,1096,,cardiomegaly_1,1.3028488,0.786314,0.37017468
real,00001104_022.png,1104,,cardiomegaly_1,-4.428726,0.011789036,0.7469347
real,00001170_006.png,1170,,cardiomegaly_1,-3.8394089,0.021053527,0.65288335
real,00001170_020.png,1170,,cardiomegaly_1,-3.5980282,0.02664809,0.5396139
real,00001170_021.png,1170,,cardiomegaly_1,-3.9759426,0.018416092,0.6424459
real,00001170_023.png,1170,,cardiomegaly_1,-4.009077,0.017826583,0.7282976
real,00001170_030.png,1170,,cardiomegaly_1,-4.1423054,0.015637761,0.6932584
real,00001170_034.png,1170,,cardiomegaly_1,-3.8797722,0.020237513,0.7226073
real,00001170_035.png,1170,,cardiomegaly_1,-3.2949696,0.035744168,0.4859803
real,00001170_036.png,1170,,cardiomegaly_1,-3.8720474,0.020391248,0.62487805
real,00001170_037.png,1170,,cardiomegaly_1,-4.01293,0.01775925,0.67575365
real,00001170_039.png,1170,,cardiomegaly_1,-4.2330112,0.014301145,0.7229232
real,00001170_040.png,1170,,cardiomegaly_1,-3.6271877,0.025902102,0.5249767
real,00001170_045.png,1170,,cardiomegaly_1,-3.9577312,0.018748201,0.64416844
real,00001170_046.png,1170,,cardiomegaly_1,-4.288624,0.013538007,0.76404697
real,00001170_047.png,1170,,cardiomegaly_1,-4.546036,0.010497805,0.7908426
real,00001187_001.png,1187,,cardiomegaly_1,1.3872604,0.8001545,0.5448935
real,00001248_022.png,1248,,cardiomegaly_1,-4.2535,0.01401518,0.73956096
real,00001248_023.png,1248,,cardiomegaly_1,-3.9893665,0.018174993,0.6487039
real,00001248_024.png,1248,,cardiomegaly_1,-4.1405716,0.015664473,0.8105428
real,00001248_025.png,1248,,cardiomegaly_1,-4.6303844,0.009656846,0.82481396
real,00001248_028.png,1248,,cardiomegaly_1,-4.596161,0.009989699,0.85153884
real,00001248_036.png,1248,,cardiomegaly_1,-5.0912952,0.0061124573,0.8707252
real,00001248_038.png,1248,,cardiomegaly_1,-4.7784386,0.008338995,0.86803174
real,00001248_000.png,1248,,cardiomegaly_1,-5.1929417,0.0055249454,0.86140037
real,00001248_002.png,1248,,cardiomegaly_1,2.254055,0.90499973,0.61827785
real,00001248_003.png,1248,,cardiomegaly_1,-0.8915787,0.29078415,0.3880556
real,00001248_004.png,1248,,cardiomegaly_1,-2.8766956,0.053317674,0.6108262
real,00001248_016.png,1248,,cardiomegaly_1,-2.3574677,0.08647403,0.4855468
real,00001248_017.png,1248,,cardiomegaly_1,-3.7382603,0.023242401,0.6918726
real,00001309_002.png,1309,,cardiomegaly_1,-4.853937,0.0077372845,0.7992362
real,00001458_001.png,1458,,cardiomegaly_1,-4.913456,0.0072934674,0.86550695
real,00001470_006.png,1470,,cardiomegaly_1,-4.6746655,0.009242426,0.85539496
real,00001470_007.png,1470,,cardiomegaly_1,-4.998787,0.0067009204,0.8628656
real,00001775_001.png,1775,,cardiomegaly_1,-3.655405,0.02519959,0.56336063
real,00001775_002.png,1775,,cardiomegaly_1,-3.7155533,0.023763519,0.5942351
real,00001775_004.png,1775,,cardiomegaly_1,-3.3774033,0.033009183,0.5096321
real,00001775_005.png,1775,,cardiomegaly_1,-2.91144,0.05159093,0.4720716
real,00001782_000.png,1782,,cardiomegaly_1,-4.534624,0.010617009,0.81549126
real,00001784_000.png,1784,,cardiomegaly_1,7.1563854,0.9992207,0.9835818
real,00001974_000.png,1974,,cardiomegaly_1,-4.4861336,0.011138644,0.82116586
real,00001974_003.png,1974,,cardiomegaly_1,-5.574749,0.0037780993,0.8905925
real,00001989_011.png,1989,,cardiomegaly_1,-0.9128609,0.2864148,0.3182544
real,00002046_003.png,2046,,cardiomegaly_1,-3.5272903,0.028545631,0.72424066
real,00002083_000.png,2083,,cardiomegaly_1,9.690136,0.99993813,0.9960852
real,00002120_005.png,2120,,cardiomegaly_1,-3.4880714,0.029653547,0.513517
real,00002239_002.png,2239,,cardiomegaly_1,-4.855774,0.0077231955,0.89408356
real,00002239_005.png,2239,,cardiomegaly_1,-5.131548,0.0058727167,0.93890774
real,00002239_006.png,2239,,cardiomegaly_1,-5.054598,0.006339486,0.9278293
real,00002239_007.png,2239,,cardiomegaly_1,-4.620758,0.009749345,0.86030656
real,00002239_008.png,2239,,cardiomegaly_1,-6.0063915,0.0024569086,0.96089596
real,00002239_009.png,2239,,cardiomegaly_1,-6.123581,0.0021858092,0.961277
real,00002299_007.png,2299,,cardiomegaly_1,-5.1006374,0.006055963,0.8065372
real,00002299_010.png,2299,,cardiomegaly_1,-5.449831,0.0042786454,0.88727546
real,00002299_001.png,2299,,cardiomegaly_1,-5.4119186,0.004443238,0.8504019
real,00002299_002.png,2299,,cardiomegaly_1,-5.4935417,0.004096401,0.8754592
real,00002300_000.png,2300,,cardiomegaly_1,-3.786562,0.022170734,0.6200624
real,00002339_007.png,2339,,cardiomegaly_1,-1.3102627,0.21244287,0.2803945
real,00002355_004.png,2355,,cardiomegaly_1,-5.7924595,0.0030411934,0.8981229
real,00002355_006.png,2355,,cardiomegaly_1,-5.901266,0.0027285134,0.90676206
real,00002355_002.png,2355,,cardiomegaly_1,-5.587948,0.0037287448,0.8947655
real,00002424_013.png,2424,,cardiomegaly_1,-5.3596077,0.0046807383,0.8962318
real,00002490_000.png,2490,,cardiomegaly_1,-6.165167,0.0020969613,0.95711625
real,00002492_016.png,2492,,cardiomegaly_1,4.9622993,0.99305177,0.93626696
real,00002492_002.png,2492,,cardiomegaly_1,-3.9978027,0.018025061,0.6559375
real,00002492_003.png,2492,,cardiomegaly_1,-5.539934,0.003911426,0.8886991
real,00002533_004.png,2533,,cardiomegaly_1,-2.0840492,0.110656835,0.32375425
real,00002533_005.png,2533,,cardiomegaly_1,-0.6595154,0.34084848,0.2784976
real,00002552_001.png,2552,,cardiomegaly_1,10.149118,0.9999609,0.9969267
real,00002585_000.png,2585,,cardiomegaly_1,-4.473442,0.011279307,0.83706814
real,00002585_003.png,2585,,cardiomegaly_1,-4.750149,0.008576221,0.8849477
real,00002599_001.png,2599,,cardiomegaly_1,-3.4209385,0.031647455,0.5583096
real,00002609_000.png,2609,,cardiomegaly_1,-4.812809,0.00805952,0.9011319
real,00002685_002.png,2685,,cardiomegaly_1,-4.9485073,0.00704402,0.76911503
real,00002686_001.png,2686,,cardiomegaly_1,1.5018559,0.8178511,0.6330982
real,00002825_007.png,2825,,cardiomegaly_1,-6.116865,0.0022005057,0.94019
real,00002825_008.png,2825,,cardiomegaly_1,-5.984228,0.0025118315,0.93784326
real,00002825_011.png,2825,,cardiomegaly_1,-5.8005333,0.0030168118,0.91267484
real,00002924_001.png,2924,,cardiomegaly_1,-3.2047615,0.03898693,0.56509745
real,00003013_011.png,3013,,cardiomegaly_1,-5.0797577,0.0061829495,0.8293049
real,00003013_013.png,3013,,cardiomegaly_1,-5.32041,0.004866946,0.8637477
real,00003013_014.png,3013,,cardiomegaly_1,-5.125332,0.005909119,0.87442523
real,00003015_000.png,3015,,cardiomegaly_1,9.252361,0.99990416,0.9942657
real,00003064_003.png,3064,,cardiomegaly_1,-5.9231873,0.00266951,0.94714254
real,00003064_005.png,3064,,cardiomegaly_1,-5.559519,0.0038358583,0.89897454
real,00003064_006.png,3064,,cardiomegaly_1,-5.78302,0.003069948,0.92900455
real,00003064_007.png,3064,,cardiomegaly_1,4.59309,0.98997986,0.8559307
real,00003064_035.png,3064,,cardiomegaly_1,-5.141016,0.0058176974,0.87727505
real,00003064_037.png,3064,,cardiomegaly_1,-5.471594,0.0041869213,0.8455409
real,00003064_038.png,3064,,cardiomegaly_1,-3.38167,0.03287326,0.65246373
real,00003064_039.png,3064,,cardiomegaly_1,-3.5370617,0.028275909,0.5866637
real,00003064_043.png,3064,,cardiomegaly_1,-5.598505,0.0036897315,0.91412276
real,00003064_048.png,3064,,cardiomegaly_1,-5.767315,0.0031183911,0.94456756
real,00003064_050.png,3064,,cardiomegaly_1,-6.033682,0.0023909232,0.9547786
real,00003064_052.png,3064,,cardiomegaly_1,-6.2079773,0.0020092605,0.9554888
real,00003362_006.png,3362,,cardiomegaly_1,-4.1854153,0.014987833,0.7425729
real,00003423_002.png,3423,,cardiomegaly_1,-2.6104069,0.06847165,0.6227118
real,00003423_003.png,3423,,cardiomegaly_1,-4.1335373,0.015773306,0.7840705
real,00003423_005.png,3423,,cardiomegaly_1,-4.586128,0.0100894105,0.7916426
real,00003423_011.png,3423,,cardiomegaly_1,-3.2221012,0.038342435,0.4669905
real,00003423_015.png,3423,,cardiomegaly_1,0.21169662,0.5527274,0.28837404
real,00003423_021.png,3423,,cardiomegaly_1,-3.6120224,0.026287504,0.7202882
real,00003428_000.png,3428,,cardiomegaly_1,-4.2055397,0.014693613,0.773833
real,00003439_002.png,3439,,cardiomegaly_1,-5.7480583,0.0031788293,0.95377225
real,00003439_003.png,3439,,cardiomegaly_1,-5.7557697,0.0031544876,0.94419235
real,00003570_002.png,3570,,cardiomegaly_1,8.155531,0.9997129,0.98600286
real,00003570_004.png,3570,,cardiomegaly_1,-5.718075,0.0032752685,0.9287423
real,00003611_002.png,3611,,cardiomegaly_1,-4.787243,0.008266502,0.8732132
real,00003611_004.png,3611,,cardiomegaly_1,-4.582041,0.010130316,0.84547675
real,00003611_005.png,3611,,cardiomegaly_1,-4.831545,0.0079111075,0.8220409
real,00003611_006.png,3611,,cardiomegaly_1,-4.287426,0.013554012,0.8359726
real,00003706_001.png,3706,,cardiomegaly_1,0.7331257,0.6754908,0.33001724
real,00003737_000.png,3737,,cardiomegaly_1,-2.7491226,0.060136218,0.372137
real,00003737_001.png,3737,,cardiomegaly_1,-3.9076672,0.019691752,0.7733225
real,00003789_009.png,3789,,cardiomegaly_1,9.326937,0.99991095,0.9951244
real,00003856_003.png,3856,,cardiomegaly_1,-3.9286747,0.019290289,0.5712243
real,00003916_001.png,3916,,cardiomegaly_1,3.7227497,0.9764029,0.7367193
real,00003916_002.png,3916,,cardiomegaly_1,-3.5317326,0.028422706,0.6802141
real,00003937_000.png,3937,,cardiomegaly_1,-6.061449,0.0023255995,0.96741146
real,00003996_020.png,3996,,cardiomegaly_1,-4.739689,0.008665616,0.7482858
real,00004003_000.png,4003,,cardiomegaly_1,-5.6923733,0.0033602526,0.9257876
real,00004080_000.png,4080,,cardiomegaly_1,-4.8069153,0.008106776,0.8820995
real,00004080_001.png,4080,,cardiomegaly_1,-4.3936214,0.012205097,0.801351
real,00004081_000.png,4081,,cardiomegaly_1,-4.437084,0.011692062,0.7518167
real,00004220_000.png,4220,,cardiomegaly_1,-5.807619,0.0029955748,0.95176184
real,00004233_000.png,4233,,cardiomegaly_1,-0.64847755,0.3433327,0.30191866
real,00004263_000.png,4263,,cardiomegaly_1,-1.8464222,0.13629353,0.3640367
real,00004344_013.png,4344,,cardiomegaly_1,10.250088,0.9999646,0.9980466
real,00004344_014.png,4344,,cardiomegaly_1,9.906546,0.9999502,0.99754864
real,00004344_046.png,4344,,cardiomegaly_1,10.300919,0.9999664,0.99762833
real,00004344_047.png,4344,,cardiomegaly_1,10.122374,0.9999598,0.9972613
real,00004404_008.png,4404,,cardiomegaly_1,8.678497,0.99982977,0.9937758
real,00004511_000.png,4511,,cardiomegaly_1,7.873987,0.9996196,0.9858827
real,00004547_020.png,4547,,cardiomegaly_1,-4.668213,0.0093017,0.85245997
real,00004583_000.png,4583,,cardiomegaly_1,-3.1162663,0.042441253,0.6428507
real,00004608_008.png,4608,,cardiomegaly_1,-3.6186085,0.026119448,0.554098
real,00004608_009.png,4608,,cardiomegaly_1,-0.39124298,0.4034181,0.20245866
real,00004608_011.png,4608,,cardiomegaly_1,-3.126913,0.04201067,0.43051034
real,00004646_002.png,4646,,cardiomegaly_1,-4.320368,0.013120554,0.785494
real,00004750_004.png,4750,,cardiomegaly_1,-2.7398071,0.060664896,0.618479
real,00004750_006.png,4750,,cardiomegaly_1,-4.136978,0.015719976,0.8105068
real,00004833_014.png,4833,,cardiomegaly_1,-4.4430027,0.011623869,0.86718875
real,00004862_000.png,4862,,cardiomegaly_1,-3.533064,0.028385963,0.75084317
real,00004909_006.png,4909,,cardiomegaly_1,6.612646,0.99865854,0.9813537
real,00004909_007.png,4909,,cardiomegaly_1,5.216202,0.99460137,0.918433
real,00004976_000.png,4976,,cardiomegaly_1,4.723501,0.9911942,0.9223597
real,00005038_000.png,5038,,cardiomegaly_1,6.186842,0.9979479,0.9532832
real,00005101_002.png,5101,,cardiomegaly_1,-5.7106915,0.0032994603,0.94879156
real,00005108_000.png,5108,,cardiomegaly_1,-2.9033012,0.051990613,0.5505905
real,00005110_009.png,5110,,cardiomegaly_1,-5.3644047,0.004658443,0.89690727
real,00005395_006.png,5395,,cardiomegaly_1,-4.3405266,0.012862077,0.78557557
real,00005395_007.png,5395,,cardiomegaly_1,-4.3107986,0.013245039,0.8189793
real,00005395_010.png,5395,,cardiomegaly_1,-5.458338,0.0042425557,0.882849
real,00005395_011.png,5395,,cardiomegaly_1,-3.6038246,0.026498156,0.5814692
real,00005401_000.png,5401,,cardiomegaly_1,-4.341753,0.012846514,0.78729224
real,00005410_002.png,5410,,cardiomegaly_1,-3.230093,0.038048845,0.55256593
real,00005520_007.png,5520,,cardiomegaly_1,-5.8374844,0.0029076901,0.9267158
real,00005532_031.png,5532,,cardiomegaly_1,4.7981434,0.9918224,0.83603734
real,00005532_037.png,5532,,cardiomegaly_1,2.7325935,0.93892276,0.5985533
real,00005532_042.png,5532,,cardiomegaly_1,8.30913,0.9997538,0.9917324
real,00005532_043.png,5532,,cardiomegaly_1,6.340374,0.9982394,0.9572942
real,00005532_000.png,5532,,cardiomegaly_1,0.9611912,0.72336024,0.3126455
real,00005532_004.png,5532,,cardiomegaly_1,9.810724,0.99994516,0.99629354
real,00005532_005.png,5532,,cardiomegaly_1,6.4796715,0.998468,0.9552108
real,00005532_007.png,5532,,cardiomegaly_1,9.742031,0.99994123,0.99573827
real,00005532_008.png,5532,,cardiomegaly_1,5.9869766,0.99749506,0.9264566
real,00005532_010.png,5532,,cardiomegaly_1,-1.579956,0.1708017,0.24156976
real,00005532_011.png,5532,,cardiomegaly_1,-1.5074997,0.18130964,0.25080872
real,00005532_012.png,5532,,cardiomegaly_1,-2.5666332,0.071316965,0.4035065
real,00005532_013.png,5532,,cardiomegaly_1,7.5027523,0.9994487,0.980918
real,00005532_014.png,5532,,cardiomegaly_1,9.200605,0.999899,0.99530745
real,00005532_016.png,5532,,cardiomegaly_1,9.609272,0.9999329,0.9951857
real,00005532_018.png,5532,,cardiomegaly_1,5.0729103,0.9937748,0.89010614
real,00005532_019.png,5532,,cardiomegaly_1,7.363241,0.9993662,0.9846695
real,00005556_000.png,5556,,cardiomegaly_1,3.7022533,0.975926,0.8110208
real,00005556_008.png,5556,,cardiomegaly_1,-5.2803707,0.005064761,0.87035257
real,00005579_002.png,5579,,cardiomegaly_1,1.0086727,0.7327603,0.29559606
real,00005626_002.png,5626,,cardiomegaly_1,-5.16901,0.005658003,0.9184069
real,00005641_003.png,5641,,cardiomegaly_1,8.918043,0.999866,0.993932
real,00005641_006.png,5641,,cardiomegaly_1,9.708498,0.9999392,0.9958694
real,00005641_012.png,5641,,cardiomegaly_1,8.875559,0.9998603,0.99525994
real,00005666_004.png,5666,,cardiomegaly_1,6.8324375,0.9989229,0.98352325
real,00005666_010.png,5666,,cardiomegaly_1,7.5386314,0.99946815,0.9877023
real,00005666_011.png,5666,,cardiomegaly_1,7.8468533,0.9996092,0.9893524
real,00005666_012.png,5666,,cardiomegaly_1,7.6018524,0.99950075,0.9861117
real,00005666_013.png,5666,,cardiomegaly_1,7.8598633,0.99961424,0.9885342
real,00005666_018.png,5666,,cardiomegaly_1,7.7968063,0.99958915,0.99130785
real,00005666_019.png,5666,,cardiomegaly_1,7.8100796,0.9995945,0.98965794
real,00005766_004.png,5766,,cardiomegaly_1,-4.7317505,0.008734077,0.7919351
real,00005869_001.png,5869,,cardiomegaly_1,8.235773,0.99973506,0.9921203
real,00005895_003.png,5895,,cardiomegaly_1,-3.4162197,0.031792384,0.53472644
real,00005895_005.png,5895,,cardiomegaly_1,-0.9511528,0.27865306,0.26462367
real,00005895_007.png,5895,,cardiomegaly_1,4.692503,0.9909195,0.9338938
real,00005895_009.png,5895,,cardiomegaly_1,6.0891857,0.9977379,0.97026825
real,00005895_013.png,5895,,cardiomegaly_1,8.223312,0.9997317,0.9968779
real,00005895_023.png,5895,,cardiomegaly_1,3.2476425,0.96258837,0.7952435
real,00005920_003.png,5920,,cardiomegaly_1,6.7037506,0.9987752,0.9772369
real,00006166_000.png,6166,,cardiomegaly_1,6.2984924,0.99816436,0.9487156
real,00006298_003.png,6298,,cardiomegaly_1,-4.613409,0.009820551,0.85484266
real,00006298_004.png,6298,,cardiomegaly_1,-5.1810913,0.0055904393,0.88582635
real,00006298_005.png,6298,,cardiomegaly_1,-5.148899,0.0057722805,0.8866746
real,00006359_000.png,6359,,cardiomegaly_1,6.124075,0.99781525,0.95953435
real,00006368_000.png,6368,,cardiomegaly_1,-6.460474,0.0015616117,0.976393
real,00006436_012.png,6436,,cardiomegaly_1,-4.2779026,0.013681934,0.7464501
real,00006483_000.png,6483,,cardiomegaly_1,-5.3895817,0.0045431475,0.89606583
real,00006537_000.png,6537,,cardiomegaly_1,-4.7155094,0.008875817,0.8687164
real,00006626_000.png,6626,,cardiomegaly_1,-4.574959,0.01020158,0.83341074
real,00006626_006.png,6626,,cardiomegaly_1,-5.329567,0.0048227957,0.9068292
real,00006683_002.png,6683,,cardiomegaly_1,-4.426449,0.011815597,0.82550275
real,00006683_003.png,6683,,cardiomegaly_1,-5.4842205,0.0041346042,0.92417395
real,00006683_004.png,6683,,cardiomegaly_1,-5.048378,0.0063787876,0.88336664
real,00006683_005.png,6683,,cardiomegaly_1,-5.3080177,0.0049273334,0.92366064
real,00006683_006.png,6683,,cardiomegaly_1,-4.381384,0.012353518,0.73189664
real,00006694_002.png,6694,,cardiomegaly_1,-5.547739,0.0038811346,0.9355841
real,00006694_003.png,6694,,cardiomegaly_1,-5.7301216,0.0032361753,0.94879496
real,00006774_001.png,6774,,cardiomegaly_1,-5.064869,0.006275113,0.8605716
real,00006791_006.png,6791,,cardiomegaly_1,-5.1055183,0.006026654,0.82837003
real,00006832_005.png,6832,,cardiomegaly_1,-5.312582,0.004905005,0.92625654
real,00006850_027.png,6850,,cardiomegaly_1,-5.223528,0.005359408,0.87130934
real,00006850_028.png,6850,,cardiomegaly_1,-5.614971,0.0036296921,0.92960274
real,00006851_022.png,6851,,cardiomegaly_1,7.676216,0.9995365,0.99385697
real,00006851_023.png,6851,,cardiomegaly_1,3.6620502,0.9749631,0.87000525
real,00006851_024.png,6851,,cardiomegaly_1,-3.1732235,0.0401859,0.57275677
real,00006851_009.png,6851,,cardiomegaly_1,-0.489666,0.37997225,0.36256605
real,00006851_010.png,6851,,cardiomegaly_1,-2.013979,0.11774302,0.3007069
real,00006890_003.png,6890,,cardiomegaly_1,8.445305,0.9997851,0.99575645
real,00006936_001.png,6936,,cardiomegaly_1,-4.6062202,0.009890703,0.88846135
real,00006964_011.png,6964,,cardiomegaly_1,-5.137171,0.00583998,0.8632457
real,00006981_001.png,6981,,cardiomegaly_1,-5.11569,0.005966027,0.86747074
real,00006981_002.png,6981,,cardiomegaly_1,-6.0139217,0.0024385217,0.96301615
real,00006981_009.png,6981,,cardiomegaly_1,-5.261751,0.0051594567,0.88636345
real,00006981_010.png,6981,,cardiomegaly_1,-4.3373604,0.012902339,0.74114645
real,00006981_011.png,6981,,cardiomegaly_1,-5.4885464,0.0041168304,0.9290737
real,00006981_014.png,6981,,cardiomegaly_1,-5.3515778,0.0047182976,0.92760724
real,00006981_016.png,6981,,cardiomegaly_1,-5.328926,0.004825873,0.9297304
real,00006996_002.png,6996,,cardiomegaly_1,-4.842581,0.00782496,0.8110802
real,00007033_001.png,7033,,cardiomegaly_1,-4.9871006,0.0067791548,0.8609961
real,00007033_002.png,7033,,cardiomegaly_1,-5.5641003,0.0038183918,0.92690265
real,00007033_004.png,7033,,cardiomegaly_1,-5.287403,0.0050294474,0.9131403
real,00007109_018.png,7109,,cardiomegaly_1,-3.1432343,0.0413587,0.41301882
real,00007156_000.png,7156,,cardiomegaly_1,-4.2120247,0.01460002,0.69518435
real,00007156_001.png,7156,,cardiomegaly_1,-3.7714272,0.022501228,0.6973241
real,00007340_014.png,7340,,cardiomegaly_1,-5.4720516,0.0041850135,0.9470781
real,00007405_014.png,7405,,cardiomegaly_1,-4.066122,0.016854787,0.82029533
real,00007482_009.png,7482,,cardiomegaly_1,-5.078392,0.006191347,0.9143173
real,00007482_015.png,7482,,cardiomegaly_1,-0.7638798,0.31780452,0.355183
real,00007482_023.png,7482,,cardiomegaly_1,-6.091152,0.0022576915,0.95392513
real,00007482_026.png,7482,,cardiomegaly_1,-5.761839,0.0031354604,0.9378293
real,00007519_003.png,7519,,cardiomegaly_1,5.0432568,0.9935887,0.94855714
real,00007519_004.png,7519,,cardiomegaly_1,-5.8201866,0.0029582737,0.92718774
real,00007551_021.png,7551,,cardiomegaly_1,9.309307,0.9999094,0.99611926
real,00007652_000.png,7652,,cardiomegaly_1,0.3138466,0.5778239,0.2755156
real,00007679_000.png,7679,,cardiomegaly_1,1.0607452,0.74283296,0.36633447
real,00007679_001.png,7679,,cardiomegaly_1,-0.5318165,0.37009335,0.31759733
real,00007679_003.png,7679,,cardiomegaly_1,0.86885643,0.70450765,0.36306533
real,00007679_004.png,7679,,cardiomegaly_1,4.190216,0.98508286,0.8468811
real,00007679_005.png,7679,,cardiomegaly_1,-0.6547966,0.34190944,0.38621777
real,00007718_000.png,7718,,cardiomegaly_1,-4.133354,0.015776148,0.8115268
real,00007718_001.png,7718,,cardiomegaly_1,-5.035221,0.006462721,0.89953506
real,00007718_005.png,7718,,cardiomegaly_1,-0.62343216,0.34900126,0.33344695
real,00007718_006.png,7718,,cardiomegaly_1,-4.7832336,0.008299436,0.82246953
real,00007718_007.png,7718,,cardiomegaly_1,-6.1787243,0.002068782,0.9559235
real,00007718_009.png,7718,,cardiomegaly_1,-6.015751,0.0024340763,0.9574647
real,00007718_010.png,7718,,cardiomegaly_1,-4.784647,0.008287812,0.8629443
real,00007740_000.png,7740,,cardiomegaly_1,3.4996796,0.9706787,0.8786856
real,00007769_002.png,7769,,cardiomegaly_1,-3.0317802,0.04601062,0.4573251
real,00007772_000.png,7772,,cardiomegaly_1,-5.2017117,0.005476968,0.9183066
real,00007833_000.png,7833,,cardiomegaly_1,-0.32865715,0.4185674,0.49279135
real,00007833_001.png,7833,,cardiomegaly_1,-6.3610306,0.001724606,0.9732371
real,00007833_002.png,7833,,cardiomegaly_1,7.8162193,0.999597,0.98545617
real,00007833_003.png,7833,,cardiomegaly_1,6.2414,0.9980566,0.97441113
real,00007848_001.png,7848,,cardiomegaly_1,-4.8222466,0.007984421,0.8979365
real,00007848_004.png,7848,,cardiomegaly_1,-3.4630833,0.030381072,0.66789246
real,00007848_005.png,7848,,cardiomegaly_1,-4.5088425,0.010891273,0.8301861
real,00007848_006.png,7848,,cardiomegaly_1,-4.6162663,0.009792805,0.8521249
real,00007865_001.png,7865,,cardiomegaly_1,-4.4400387,0.011657971,0.8243953
real,00007865_003.png,7865,,cardiomegaly_1,-4.07868,0.016647952,0.6478222
real,00007865_005.png,7865,,cardiomegaly_1,-2.7482471,0.060185723,0.34653422
real,00007869_004.png,7869,,cardiomegaly_1,-2.3627262,0.08605953,0.5860876
real,00007882_000.png,7882,,cardiomegaly_1,-2.7178917,0.061925832,0.54836863
real,00007882_001.png,7882,,cardiomegaly_1,-2.203022,0.099479444,0.5082113
real,00007908_000.png,7908,,cardiomegaly_1,8.89275,0.9998627,0.99584854
real,00007989_000.png,7989,,cardiomegaly_1,1.9159069,0.87168133,0.64644086
real,00007989_001.png,7989,,cardiomegaly_1,7.5133553,0.99945456,0.9805184
real,00007989_002.png,7989,,cardiomegaly_1,7.774029,0.9995796,0.98652005
real,00008013_003.png,8013,,cardiomegaly_1,-4.7056274,0.008963172,0.81331986
real,00008013_006.png,8013,,cardiomegaly_1,-4.744606,0.008623477,0.77285916
real,00008037_000.png,8037,,cardiomegaly_1,-5.1998577,0.0054870755,0.8967604
real,00008037_001.png,8037,,cardiomegaly_1,-4.3257904,0.013050525,0.75688595
real,00008037_002.png,8037,,cardiomegaly_1,-4.951956,0.007019941,0.8894675
real,00008103_000.png,8103,,cardiomegaly_1,2.7259293,0.9385394,0.7800128
real,00008112_000.png,8112,,cardiomegaly_1,3.8579502,0.97932523,0.79932207
real,00008147_013.png,8147,,cardiomegaly_1,-4.809492,0.008086081,0.87353003
real,00008184_007.png,8184,,cardiomegaly_1,-5.86339,0.0028335426,0.9328136
real,00008185_003.png,8185,,cardiomegaly_1,-2.893467,0.052477464,0.41933453
real,00008185_005.png,8185,,cardiomegaly_1,-4.249851,0.014065691,0.7689695
real,00008191_001.png,8191,,cardiomegaly_1,-4.9995956,0.006695539,0.8383196
real,00008195_000.png,8195,,cardiomegaly_1,-5.585207,0.0037389405,0.9458331
real,00008339_000.png,8339,,cardiomegaly_1,8.700161,0.99983346,0.9958447
real,00008339_003.png,8339,,cardiomegaly_1,5.0621033,0.99370754,0.95509195
real,00008339_005.png,8339,,cardiomegaly_1,8.191027,0.9997229,0.99295026
real,00008339_010.png,8339,,cardiomegaly_1,8.932568,0.99986804,0.99076456
real,00008342_012.png,8342,,cardiomegaly_1,-3.9131832,0.019585552,0.6964955
real,00008342_015.png,8342,,cardiomegaly_1,-3.1174526,0.042393066,0.5408029
real,00008342_016.png,8342,,cardiomegaly_1,-3.9312725,0.019241204,0.65845454
real,00008342_025.png,8342,,cardiomegaly_1,-5.1940365,0.005518933,0.88888997
real,00008404_000.png,8404,,cardiomegaly_1,-2.7672043,0.059122335,0.58841187
real,00008465_004.png,8465,,cardiomegaly_1,-4.8267765,0.00794862,0.7536385
real,00008465_006.png,8465,,cardiomegaly_1,-5.643814,0.0035268604,0.8767622
real,00008471_000.png,8471,,cardiomegaly_1,-4.516165,0.010812674,0.8862161
real,00008477_001.png,8477,,cardiomegaly_1,-4.898241,0.0074044573,0.81673294
real,00008477_005.png,8477,,cardiomegaly_1,-3.5562859,0.02775246,0.67008203
real,00008477_006.png,8477,,cardiomegaly_1,-3.3410301,0.034190126,0.6730746
real,00008477_007.png,8477,,cardiomegaly_1,-4.7891006,0.008251286,0.8516358
real,00008489_025.png,8489,,cardiomegaly_1,-5.6484203,0.0035107092,0.92915195
real,00008637_000.png,8637,,cardiomegaly_1,-1.5131683,0.18046972,0.38420516
real,00008637_001.png,8637,,cardiomegaly_1,-6.0856667,0.002270082,0.93134725
real,00008738_000.png,8738,,cardiomegaly_1,1.4234295,0.8058755,0.34615293
real,00008802_005.png,8802,,cardiomegaly_1,-4.3942146,0.012197947,0.7538802
real,00008806_014.png,8806,,cardiomegaly_1,-2.7960033,0.05754053,0.48763257
real,00008827_000.png,8827,,cardiomegaly_1,-0.4133396,0.3981116,0.4095324
real,00008866_004.png,8866,,cardiomegaly_1,-3.9402046,0.019073369,0.78009653
real,00008898_000.png,8898,,cardiomegaly_1,9.608059,0.99993277,0.9943749
real,00008970_002.png,8970,,cardiomegaly_1,-5.4122143,0.0044419304,0.90682656
real,00009034_004.png,9034,,cardiomegaly_1,-1.2541256,0.22198682,0.27527565
real,00009105_007.png,9105,,cardiomegaly_1,-5.6166477,0.0036236339,0.9052255
real,00009141_000.png,9141,,cardiomegaly_1,-3.9023838,0.019794002,0.76326555
real,00009163_000.png,9163,,cardiomegaly_1,-5.00161,0.0066821575,0.85077345
real,00009163_001.png,9163,,cardiomegaly_1,-4.6176453,0.009779442,0.8362736
real,00009174_000.png,9174,,cardiomegaly_1,7.36014,0.9993643,0.9850051
real,00009185_006.png,9185,,cardiomegaly_1,6.74905,0.9988294,0.9864574
real,00009189_002.png,9189,,cardiomegaly_1,-4.766695,0.0084366705,0.8378562
real,00009189_004.png,9189,,cardiomegaly_1,-3.838562,0.021070989,0.6256956
real,00009189_005.png,9189,,cardiomegaly_1,-4.1138115,0.016082482,0.7099582
real,00009189_006.png,9189,,cardiomegaly_1,-4.4291706,0.011783861,0.79733115
real,00009229_000.png,9229,,cardiomegaly_1,8.098343,0.99969614,0.9899066
real,00009286_003.png,9286,,cardiomegaly_1,-2.0396233,0.11510509,0.3568588
real,00009326_000.png,9326,,cardiomegaly_1,-5.7778435,0.0030858316,0.9280326
real,00009326_001.png,9326,,cardiomegaly_1,-5.524166,0.0039733434,0.8801683
real,00009349_001.png,9349,,cardiomegaly_1,-3.241045,0.037650008,0.6800278
real,00009349_012.png,9349,,cardiomegaly_1,-3.872734,0.020377537,0.79198635
real,00009349_014.png,9349,,cardiomegaly_1,-4.001814,0.0179542,0.652347
real,00009349_015.png,9349,,cardiomegaly_1,-3.313631,0.035106514,0.5784835
real,00009349_016.png,9349,,cardiomegaly_1,-3.8930264,0.019976376,0.6991372
real,00009349_019.png,9349,,cardiomegaly_1,-4.0104446,0.017802656,0.7289795
real,00009349_020.png,9349,,cardiomegaly_1,-4.250826,0.0140521815,0.79518646
real,00009349_021.png,9349,,cardiomegaly_1,-3.5999088,0.026599353,0.7120567
real,00009349_024.png,9349,,cardiomegaly_1,-3.6043549,0.02648448,0.7104454
real,00009349_025.png,9349,,cardiomegaly_1,-3.4530735,0.030677332,0.68669164
real,00009349_026.png,9349,,cardiomegaly_1,-3.2299175,0.038055267,0.65508854
real,00009349_027.png,9349,,cardiomegaly_1,-3.444254,0.030940682,0.67674834
real,00009349_028.png,9349,,cardiomegaly_1,-3.9262886,0.019335482,0.7174219
real,00009349_029.png,9349,,cardiomegaly_1,-4.3982277,0.012149688,0.81556726
real,00009373_000.png,9373,,cardiomegaly_1,-4.1213074,0.015964296,0.757237
real,00009373_001.png,9373,,cardiomegaly_1,-4.5494747,0.010462143,0.8230185
real,00009378_005.png,9378,,cardiomegaly_1,-6.5062675,0.0014918171,0.9678057
real,00009378_010.png,9378,,cardiomegaly_1,-4.5455856,0.010502483,0.7437441
real,00009378_013.png,9378,,cardiomegaly_1,-5.4035206,0.004480542,0.9101596
real,00009378_014.png,9378,,cardiomegaly_1,-1.995369,0.119690016,0.30568436
real,00009378_016.png,9378,,cardiomegaly_1,4.2963543,0.9865649,0.84750646
real,00009457_003.png,9457,,cardiomegaly_1,-4.484995,0.011151194,0.82153624
real,00009457_004.png,9457,,cardiomegaly_1,4.877035,0.992438,0.91730046
real,00009516_003.png,9516,,cardiomegaly_1,-1.6357117,0.16304941,0.4682478
real,00009571_001.png,9571,,cardiomegaly_1,-4.9013805,0.0073814187,0.9050442
real,00009571_002.png,9571,,cardiomegaly_1,-5.092745,0.006103657,0.9363251
real,00009571_003.png,9571,,cardiomegaly_1,-5.4256115,0.004383078,0.9317185
real,00009571_004.png,9571,,cardiomegaly_1,-5.4227715,0.004395488,0.9266007
real,00009641_011.png,9641,,cardiomegaly_1,4.565422,0.9897016,0.9206808
real,00009665_004.png,9665,,cardiomegaly_1,-4.868723,0.0076245903,0.8989559
real,00009665_005.png,9665,,cardiomegaly_1,-5.274294,0.005095475,0.86057585
real,00009709_010.png,9709,,cardiomegaly_1,-5.4030075,0.0044828313,0.87519133
real,00009709_011.png,9709,,cardiomegaly_1,-5.7817173,0.0030739373,0.9343644
real,00009812_000.png,9812,,cardiomegaly_1,-4.620205,0.009754686,0.7858015
real,00009908_001.png,9908,,cardiomegaly_1,-4.7218857,0.0088199,0.7617661
real,00009908_002.png,9908,,cardiomegaly_1,-5.3987045,0.0045020753,0.88888997
real,00009932_008.png,9932,,cardiomegaly_1,2.0753613,0.88848525,0.5263903
real,00009934_007.png,9934,,cardiomegaly_1,3.5946617,0.97326446,0.77898777
real,00009934_008.png,9934,,cardiomegaly_1,4.5895157,0.98994434,0.90552807
real,00009934_009.png,9934,,cardiomegaly_1,8.106945,0.99969864,0.9946639
real,00010071_003.png,10071,,cardiomegaly_1,-4.4142437,0.011958956,0.83022594
real,00010071_004.png,10071,,cardiomegaly_1,-4.847702,0.0077853007,0.8843628
real,00010071_007.png,10071,,cardiomegaly_1,-4.693037,0.009075705,0.8577346
real,00010071_008.png,10071,,cardiomegaly_1,-4.3833523,0.012329526,0.8015089
real,00010071_010.png,10071,,cardiomegaly_1,-4.7195854,0.008840032,0.8100043
real,00010071_011.png,10071,,cardiomegaly_1,-5.0643196,0.006278539,0.8565152
real,00010071_012.png,10071,,cardiomegaly_1,-4.629389,0.009666372,0.81690764
real,00010120_021.png,10120,,cardiomegaly_1,-4.8988476,0.007400002,0.86253434
real,00010131_007.png,10131,,cardiomegaly_1,-4.7134075,0.008894326,0.8481607
real,00010177_000.png,10177,,cardiomegaly_1,8.121021,0.9997029,0.986862
real,00010275_000.png,10275,,cardiomegaly_1,-4.286501,0.013566386,0.80566233
real,00010279_003.png,10279,,cardiomegaly_1,5.3849106,0.99543566,0.95273787
real,00010279_004.png,10279,,cardiomegaly_1,-1.5870953,0.16979297,0.32522023
real,00010279_005.png,10279,,cardiomegaly_1,0.82731247,0.69578636,0.37052724
real,00010335_001.png,10335,,cardiomegaly_1,-4.2268734,0.014387927,0.75795376
real,00010335_002.png,10335,,cardiomegaly_1,-4.6938457,0.009068435,0.865154
real,00010335_003.png,10335,,cardiomegaly_1,-4.5612297,0.010341145,0.79424375
real,00010335_005.png,10335,,cardiomegaly_1,-4.37619,0.012417048,0.80011284
real,00010354_002.png,10354,,cardiomegaly_1,-1.8650284,0.13411804,0.34613982
real,00010427_009.png,10427,,cardiomegaly_1,-5.2429104,0.0052570705,0.8991607
real,00010443_001.png,10443,,cardiomegaly_1,-6.0281143,0.0024042397,0.91770524
real,00010465_004.png,10465,,cardiomegaly_1,-4.8654366,0.0076494967,0.8837569
real,00010469_002.png,10469,,cardiomegaly_1,-3.5249882,0.028609542,0.8036166
real,00010521_002.png,10521,,cardiomegaly_1,-4.9010735,0.00738367,0.8181244
real,00010536_000.png,10536,,cardiomegaly_1,7.655636,0.99952686,0.9840856
real,00010571_006.png,10571,,cardiomegaly_1,-4.1175785,0.016022982,0.7399576
real,00010575_002.png,10575,,cardiomegaly_1,-4.4894714,0.01110194,0.82873917
real,00010575_003.png,10575,,cardiomegaly_1,-4.9957886,0.006720907,0.86405057
real,00010625_000.png,10625,,cardiomegaly_1,9.213696,0.99990034,0.9958006
real,00010625_010.png,10625,,cardiomegaly_1,10.080608,0.99995816,0.9976491
real,00010625_014.png,10625,,cardiomegaly_1,6.5530205,0.9985763,0.9493274
real,00010638_001.png,10638,,cardiomegaly_1,7.0822334,0.99916077,0.97491413
real,00010695_007.png,10695,,cardiomegaly_1,-4.496893,0.011020757,0.79249376
real,00010695_008.png,10695,,cardiomegaly_1,-5.2236385,0.0053588185,0.9051687
real,00010695_013.png,10695,,cardiomegaly_1,-4.9610806,0.0069566206,0.82803
real,00010695_014.png,10695,,cardiomegaly_1,-5.4105988,0.0044490807,0.82339156
real,00010695_015.png,10695,,cardiomegaly_1,-4.901148,0.007383125,0.7956816
real,00010695_017.png,10695,,cardiomegaly_1,-5.332676,0.0048078974,0.8486459
real,00010695_016.png,10695,,cardiomegaly_1,-5.20278,0.0054711527,0.8724093
real,00010767_001.png,10767,,cardiomegaly_1,2.4245892,0.91868323,0.48641622
real,00010767_017.png,10767,,cardiomegaly_1,-4.849472,0.0077716396,0.83181924
real,00010767_015.png,10767,,cardiomegaly_1,-4.971716,0.0068835327,0.83365375
real,00010767_016.png,10767,,cardiomegaly_1,-5.16329,0.0056902757,0.8650316
real,00010767_022.png,10767,,cardiomegaly_1,-2.8105984,0.056754142,0.6005541
real,00010767_023.png,10767,,cardiomegaly_1,-3.7902126,0.022091728,0.76934165
real,00010767_024.png,10767,,cardiomegaly_1,-4.561434,0.010339056,0.8455159
real,00010767_025.png,10767,,cardiomegaly_1,-4.9202595,0.0072443737,0.82981986
real,00010767_026.png,10767,,cardiomegaly_1,-4.665615,0.009325669,0.7775918
real,00010772_002.png,10772,,cardiomegaly_1,-5.295538,0.0049889022,0.8954798
real,00010772_003.png,10772,,cardiomegaly_1,-4.942671,0.0070849606,0.83253884
real,00010772_007.png,10772,,cardiomegaly_1,5.0522366,0.99364567,0.8625628
real,00010772_010.png,10772,,cardiomegaly_1,-5.0647087,0.0062761125,0.9140461
real,00010772_012.png,10772,,cardiomegaly_1,-3.637106,0.025653025,0.70554376
real,00010772_015.png,10772,,cardiomegaly_1,-3.6042194,0.026487973,0.6529216
real,00010790_003.png,10790,,cardiomegaly_1,0.87498856,0.70578265,0.23129836
real,00010828_000.png,10828,,cardiomegaly_1,-4.804844,0.008123448,0.8317391
real,00010936_008.png,10936,,cardiomegaly_1,-2.2993755,0.09117469,0.5167926
real,00010936_009.png,10936,,cardiomegaly_1,0.7288475,0.6745523,0.30224967
real,00010936_010.png,10936,,cardiomegaly_1,-2.2908478,0.091883786,0.5463173
real,00010936_016.png,10936,,cardiomegaly_1,-0.48659706,0.38069555,0.33753607
real,00010936_017.png,10936,,cardiomegaly_1,2.723343,0.93839014,0.7187486
real,00010936_018.png,10936,,cardiomegaly_1,-4.0366364,0.017350411,0.72708565
real,00010936_019.png,10936,,cardiomegaly_1,-2.9623966,0.049153876,0.43410832
real,00010936_021.png,10936,,cardiomegaly_1,-2.485159,0.07690516,0.5475353
real,00010936_023.png,10936,,cardiomegaly_1,-4.0187035,0.017658819,0.75915563
real,00010936_024.png,10936,,cardiomegaly_1,-1.7577782,0.14706883,0.4401408
real,00010940_000.png,10940,,cardiomegaly_1,-5.2732677,0.0051006796,0.9175663
real,00010953_000.png,10953,,cardiomegaly_1,-5.0341396,0.006469669,0.87248117
real,00010953_003.png,10953,,cardiomegaly_1,-3.8974266,0.019890413,0.73703504
real,00010953_004.png,10953,,cardiomegaly_1,-2.5920277,0.06965327,0.62119323
real,00010953_009.png,10953,,cardiomegaly_1,-4.283346,0.013608669,0.8326748
real,00010953_011.png,10953,,cardiomegaly_1,-3.8142433,0.021578496,0.69914883
real,00010953_012.png,10953,,cardiomegaly_1,-4.043867,0.01722756,0.7638423
real,00010970_000.png,10970,,cardiomegaly_1,5.9400063,0.9973749,0.94609636
real,00010992_000.png,10992,,cardiomegaly_1,-4.0806503,0.016615728,0.69465727
real,00010992_006.png,10992,,cardiomegaly_1,-3.9575691,0.018751185,0.7096971
real,00010992_007.png,10992,,cardiomegaly_1,-3.997778,0.0180255,0.6779515
real,00010992_008.png,10992,,cardiomegaly_1,-4.1796074,0.015073817,0.68497294
real,00010992_009.png,10992,,cardiomegaly_1,-4.4684563,0.011335045,0.81993645
real,00010992_010.png,10992,,cardiomegaly_1,-4.463892,0.01138631,0.8353706
real,00010992_011.png,10992,,cardiomegaly_1,-4.556963,0.010384903,0.82684314
real,00010992_012.png,10992,,cardiomegaly_1,-4.3828583,0.012335543,0.7938342
real,00010994_003.png,10994,,cardiomegaly_1,10.438221,0.9999707,0.998045
real,00010994_005.png,10994,,cardiomegaly_1,10.366585,0.9999685,0.99830335
real,00010994_007.png,10994,,cardiomegaly_1,10.065283,0.99995744,0.9982124
real,00010994_009.png,10994,,cardiomegaly_1,10.229235,0.9999639,0.99815917
real,00010994_010.png,10994,,cardiomegaly_1,9.978416,0.9999536,0.9977347
real,00010994_011.png,10994,,cardiomegaly_1,10.339075,0.9999677,0.9980758
real,00010994_012.png,10994,,cardiomegaly_1,10.218325,0.9999635,0.9978022
real,00010994_013.png,10994,,cardiomegaly_1,10.158203,0.99996126,0.9977
real,00010994_000.png,10994,,cardiomegaly_1,10.316109,0.99996686,0.99779624
real,00011139_000.png,11139,,cardiomegaly_1,-3.9508247,0.018875683,0.69173396
real,00011237_001.png,11237,,cardiomegaly_1,2.0961075,0.8905243,0.51352054
real,00011279_002.png,11279,,cardiomegaly_1,-5.5360966,0.003926406,0.9137222
real,00011380_005.png,11380,,cardiomegaly_1,-5.1079655,0.006012013,0.80160236
real,00011380_006.png,11380,,cardiomegaly_1,-5.0730247,0.0062244595,0.83176345
real,00011380_009.png,11380,,cardiomegaly_1,-5.390629,0.004538414,0.90280753
real,00011380_010.png,11380,,cardiomegaly_1,-5.418009,0.00441638,0.8863865
real,00011380_011.png,11380,,cardiomegaly_1,-5.2190285,0.0053834463,0.87085336
real,00011380_012.png,11380,,cardiomegaly_1,-5.3697205,0.0046338597,0.863091
real,00011380_014.png,11380,,cardiomegaly_1,-3.3853283,0.032757152,0.62962323
real,00011380_015.png,11380,,cardiomegaly_1,-4.870741,0.007609337,0.86308086
real,00011380_016.png,11380,,cardiomegaly_1,-4.0286922,0.017486373,0.7346996
real,00011380_018.png,11380,,cardiomegaly_1,-4.6330414,0.009631469,0.84319586
real,00011380_019.png,11380,,cardiomegaly_1,-5.166073,0.005674552,0.904875
real,00011380_020.png,11380,,cardiomegaly_1,-4.310896,0.013243767,0.7721662
real,00011380_021.png,11380,,cardiomegaly_1,-3.4757996,0.030008703,0.66450274
real,00011380_023.png,11380,,cardiomegaly_1,-5.108267,0.006010212,0.8592209
real,00011380_024.png,11380,,cardiomegaly_1,-5.553507,0.0038588995,0.91762364
real,00011380_025.png,11380,,cardiomegaly_1,-5.5927258,0.0037110378,0.91151375
real,00011380_026.png,11380,,cardiomegaly_1,-5.0061016,0.0066524087,0.8672237
real,00011423_002.png,11423,,cardiomegaly_1,-5.4409676,0.004316573,0.9152695
real,00011423_003.png,11423,,cardiomegaly_1,-5.0553017,0.0063350545,0.8150988
real,00011423_006.png,11423,,cardiomegaly_1,-5.3600082,0.0046788724,0.9204181
real,00011423_008.png,11423,,cardiomegaly_1,-5.232115,0.005313828,0.8709178
real,00011423_000.png,11423,,cardiomegaly_1,-5.713457,0.0032903778,0.93407494
real,00011423_001.png,11423,,cardiomegaly_1,-5.19734,0.0055008316,0.8687372
real,00011654_004.png,11654,,cardiomegaly_1,-3.5868988,0.026938288,0.75147825
real,00011748_000.png,11748,,cardiomegaly_1,-3.9779453,0.018379925,0.6926408
real,00011764_004.png,11764,,cardiomegaly_1,-5.4136086,0.0044357693,0.8531698
real,00011770_010.png,11770,,cardiomegaly_1,-4.814123,0.0080490215,0.78754807
real,00011831_004.png,11831,,cardiomegaly_1,-4.2092533,0.014639945,0.785825
real,00011831_007.png,11831,,cardiomegaly_1,-3.0433369,0.04550601,0.64460343
real,00011831_008.png,11831,,cardiomegaly_1,-3.3711739,0.033208597,0.55823904
real,00011831_009.png,11831,,cardiomegaly_1,-3.2703476,0.036602568,0.5848321
real,00011831_010.png,11831,,cardiomegaly_1,-3.3318024,0.03449615,0.7531307
real,00011831_016.png,11831,,cardiomegaly_1,-3.4510765,0.030736772,0.6387621
real,00011831_017.png,11831,,cardiomegaly_1,-3.020544,0.04650634,0.65246
real,00011831_020.png,11831,,cardiomegaly_1,-4.3596363,0.012621691,0.84802884
real,00011831_021.png,11831,,cardiomegaly_1,-5.0089264,0.0066337683,0.9324871
real,00011949_000.png,11949,,cardiomegaly_1,8.378754,0.99977034,0.9889615
real,00011950_013.png,11950,,cardiomegaly_1,-4.755722,0.008528962,0.82733196
real,00011950_015.png,11950,,cardiomegaly_1,-3.977785,0.018382816,0.68601555
real,00011950_016.png,11950,,cardiomegaly_1,-3.0435162,0.045498222,0.520724
real,00011950_018.png,11950,,cardiomegaly_1,-4.545576,0.010502581,0.7515197
real,00011987_008.png,11987,,cardiomegaly_1,-4.089264,0.01647557,0.702497
real,00012021_001.png,12021,,cardiomegaly_1,-3.983694,0.018276492,0.7452777
real,00012043_012.png,12043,,cardiomegaly_1,-5.0182858,0.0065723765,0.9366758
real,00012043_013.png,12043,,cardiomegaly_1,-3.8263283,0.021324815,0.73190325
real,00012043_015.png,12043,,cardiomegaly_1,-4.4212914,0.011875968,0.9078184
real,00012043_016.png,12043,,cardiomegaly_1,-4.9911957,0.006751637,0.9123382
real,00012092_003.png,12092,,cardiomegaly_1,-1.96171,0.1232821,0.31052533
real,00012178_000.png,12178,,cardiomegaly_1,-1.7970505,0.14221048,0.34072715
real,00012178_001.png,12178,,cardiomegaly_1,-2.8630886,0.054008678,0.3890324
real,00012263_000.png,12263,,cardiomegaly_1,-4.1546345,0.015449105,0.6993162
real,00012263_002.png,12263,,cardiomegaly_1,-4.552128,0.010434712,0.8173806
real,00012263_005.png,12263,,cardiomegaly_1,-4.154009,0.015458624,0.77287203
real,00012263_006.png,12263,,cardiomegaly_1,-3.287756,0.03599363,0.6956131
real,00012263_007.png,12263,,cardiomegaly_1,-4.803934,0.008130783,0.87365615
real,00012415_002.png,12415,,cardiomegaly_1,-4.5935116,0.010015934,0.766273
real,00012415_004.png,12415,,cardiomegaly_1,-4.471573,0.011300172,0.72379607
real,00012415_005.png,12415,,cardiomegaly_1,-4.637001,0.009593773,0.7867254
real,00012415_006.png,12415,,cardiomegaly_1,-4.9534855,0.0070092864,0.8420194
real,00012460_002.png,12460,,cardiomegaly_1,-5.447891,0.0042869174,0.8871947
real,00012460_003.png,12460,,cardiomegaly_1,-5.4522934,0.0042681675,0.9040649
real,00012523_000.png,12523,,cardiomegaly_1,2.9896488,0.9521043,0.55336577
real,00012536_003.png,12536,,cardiomegaly_1,-3.4205399,0.031659674,0.49223018
real,00012604_000.png,12604,,cardiomegaly_1,-4.868574,0.0076257163,0.88184273
real,00012604_004.png,12604,,cardiomegaly_1,-3.3092842,0.035254054,0.6187238
real,00012604_005.png,12604,,cardiomegaly_1,-3.3237495,0.034765366,0.5214113
real,00012626_015.png,12626,,cardiomegaly_1,-4.7264576,0.008780021,0.8353979
real,00012653_002.png,12653,,cardiomegaly_1,-4.979658,0.0068294513,0.8885167
real,00012707_000.png,12707,,cardiomegaly_1,3.771984,0.97751105,0.7540506
real,00012722_000.png,12722,,cardiomegaly_1,-5.096058,0.0060835914,0.95769334
real,00012722_001.png,12722,,cardiomegaly_1,-4.8279037,0.007939736,0.9232224
real,00012722_002.png,12722,,cardiomegaly_1,-4.463499,0.011390733,0.8512641
real,00012722_005.png,12722,,cardiomegaly_1,-4.607565,0.009877543,0.8889402
real,00012799_001.png,12799,,cardiomegaly_1,-4.4785404,0.011222592,0.8273783
real,00012827_001.png,12827,,cardiomegaly_1,-4.0002174,0.01798237,0.60365516
real,00012827_002.png,12827,,cardiomegaly_1,-4.430544,0.011767879,0.74863267
real,00012939_002.png,12939,,cardiomegaly_1,-3.2353497,0.037856907,0.6294065
real,00012949_002.png,12949,,cardiomegaly_1,-4.7004833,0.009008982,0.7203926
real,00012973_017.png,12973,,cardiomegaly_1,-3.8301392,0.021245427,0.7111119
real,00012973_015.png,12973,,cardiomegaly_1,-4.3970585,0.0121637285,0.79623777
real,00012973_016.png,12973,,cardiomegaly_1,-3.9239197,0.01938045,0.6891935
real,00012973_019.png,12973,,cardiomegaly_1,-3.1997585,0.039174806,0.46945247
real,00012973_020.png,12973,,cardiomegaly_1,-4.9388275,0.0071120486,0.7785924
real,00012973_021.png,12973,,cardiomegaly_1,-4.774109,0.008374875,0.8918149
real,00012975_000.png,12975,,cardiomegaly_1,-1.7394924,0.1493774,0.39441445
real,00013205_001.png,13205,,cardiomegaly_1,-4.6373444,0.009590511,0.7815547
real,00013205_003.png,13205,,cardiomegaly_1,-4.327524,0.013028214,0.7280471
real,00013205_004.png,13205,,cardiomegaly_1,-4.982197,0.006812253,0.8263757
real,00013205_006.png,13205,,cardiomegaly_1,-5.78743,0.0030564812,0.89552075
real,00013237_000.png,13237,,cardiomegaly_1,-4.4526577,0.011513466,0.75322604
real,00013285_000.png,13285,,cardiomegaly_1,-4.624937,0.009709083,0.825107
real,00013285_002.png,13285,,cardiomegaly_1,-4.594742,0.010003743,0.8331864
real,00013285_003.png,13285,,cardiomegaly_1,-3.5357342,0.02831241,0.64869255
real,00013370_005.png,13370,,cardiomegaly_1,5.9144287,0.99730706,0.94334936
real,00013408_007.png,13408,,cardiomegaly_1,-5.4124336,0.004440961,0.9125643
real,00013408_008.png,13408,,cardiomegaly_1,-4.8210163,0.00799417,0.79767686
real,00013408_016.png,13408,,cardiomegaly_1,-3.9729004,0.018471168,0.7276179
real,00013408_017.png,13408,,cardiomegaly_1,-4.825161,0.00796137,0.8478282
real,00013408_018.png,13408,,cardiomegaly_1,-5.549637,0.0038738044,0.8953149
real,00013458_002.png,13458,,cardiomegaly_1,-6.1656876,0.0020958718,0.9535477
real,00013499_000.png,13499,,cardiomegaly_1,-3.5330753,0.028385647,0.6640218
real,00013519_001.png,13519,,cardiomegaly_1,-4.7948246,0.0082045775,0.74561113
real,00013522_000.png,13522,,cardiomegaly_1,-4.8464565,0.0077949283,0.767075
real,00013534_006.png,13534,,cardiomegaly_1,-3.178568,0.039980266,0.50082994
real,00013534_008.png,13534,,cardiomegaly_1,-4.0022945,0.017945727,0.5853035
real,00013534_010.png,13534,,cardiomegaly_1,-4.146858,0.015567833,0.51539433
real,00013591_003.png,13591,,cardiomegaly_1,-2.0401096,0.115055576,0.4251344
real,00013591_005.png,13591,,cardiomegaly_1,-5.152313,0.0057527195,0.9244364
real,00013608_006.png,13608,,cardiomegaly_1,-3.3624153,0.033490952,0.6031709
real,00013608_007.png,13608,,cardiomegaly_1,-2.057909,0.11325566,0.35665482
real,00013608_008.png,13608,,cardiomegaly_1,-3.6092167,0.026359417,0.67486495
real,00013608_011.png,13608,,cardiomegaly_1,-3.3327465,0.034464717,0.6357138
real,00013608_012.png,13608,,cardiomegaly_1,-3.3736343,0.033129696,0.6968269
real,00013608_013.png,13608,,cardiomegaly_1,-3.469328,0.030197658,0.6346613
real,00013608_017.png,13608,,cardiomegaly_1,-3.392599,0.032527566,0.6102363
real,00013608_021.png,13608,,cardiomegaly_1,-2.1491184,0.104413636,0.33538437
real,00013625_004.png,13625,,cardiomegaly_1,-4.6599197,0.009378435,0.8206843
real,00013625_061.png,13625,,cardiomegaly_1,-0.4562664,0.3878719,0.3179416
real,00013678_000.png,13678,,cardiomegaly_1,-5.0325623,0.006479816,0.87476414
real,00013678_001.png,13678,,cardiomegaly_1,-2.7675514,0.059103034,0.5047612
real,00013709_000.png,13709,,cardiomegaly_1,-5.947626,0.002605229,0.9491835
real,00013743_001.png,13743,,cardiomegaly_1,-4.8483467,0.007780322,0.73338556
real,00013830_000.png,13830,,cardiomegaly_1,-3.5253658,0.028599048,0.6177671
real,00013862_004.png,13862,,cardiomegaly_1,-5.075264,0.006210624,0.8754159
real,00013911_002.png,13911,,cardiomegaly_1,-4.285404,0.013581071,0.7031855
real,00013911_004.png,13911,,cardiomegaly_1,-5.0718822,0.006231531,0.8439811
real,00013911_007.png,13911,,cardiomegaly_1,-4.461689,0.011411134,0.78846276
real,00013911_012.png,13911,,cardiomegaly_1,-5.118475,0.005949535,0.8620038
real,00013911_020.png,13911,,cardiomegaly_1,-2.5262184,0.07404049,0.33649176
real,00013911_000.png,13911,,cardiomegaly_1,7.8031006,0.99959177,0.98886114
real,00013964_001.png,13964,,cardiomegaly_1,-4.1380997,0.015702633,0.7582706
real,00014183_000.png,14183,,cardiomegaly_1,-5.626999,0.0035864522,0.89266044
real,00014196_002.png,14196,,cardiomegaly_1,-4.45879,0.011443885,0.7670618
real,00014196_003.png,14196,,cardiomegaly_1,-4.7623253,0.008473304,0.79649675
real,00014289_000.png,14289,,cardiomegaly_1,-3.7951412,0.021985503,0.6661734
real,00014307_004.png,14307,,cardiomegaly_1,-4.8845654,0.0075056497,0.83949566
real,00014307_008.png,14307,,cardiomegaly_1,-5.812771,0.002980228,0.9402005
real,00014307_011.png,14307,,cardiomegaly_1,-5.0087833,0.0066347113,0.8514996
real,00014320_011.png,14320,,cardiomegaly_1,7.2696934,0.9993042,0.98438853
real,00014320_012.png,14320,,cardiomegaly_1,6.329689,0.9982206,0.95065063
real,00014320_033.png,14320,,cardiomegaly_1,-2.9316921,0.050608963,0.39084408
real,00014320_039.png,14320,,cardiomegaly_1,-4.610466,0.00984921,0.7871926
real,00014387_000.png,14387,,cardiomegaly_1,-5.1253853,0.0059088054,0.8941939
real,00014387_008.png,14387,,cardiomegaly_1,-2.94207,0.050112642,0.52501845
real,00014387_010.png,14387,,cardiomegaly_1,-4.3427124,0.012834354,0.7234248
real,00014475_001.png,14475,,cardiomegaly_1,-6.1279964,0.0021762,0.9379831
real,00014538_000.png,14538,,cardiomegaly_1,-4.5937862,0.0100132115,0.74820834
real,00014574_000.png,14574,,cardiomegaly_1,6.9755344,0.9990664,0.9644348
real,00014648_000.png,14648,,cardiomegaly_1,-6.1507053,0.0021274418,0.94903684
real,00014695_004.png,14695,,cardiomegaly_1,10.20212,0.9999629,0.9975455
real,00014719_006.png,14719,,cardiomegaly_1,-5.1262455,0.005903755,0.81707287
real,00014719_007.png,14719,,cardiomegaly_1,-5.392338,0.0045307004,0.8673709
real,00014773_003.png,14773,,cardiomegaly_1,-4.5149097,0.010826105,0.84686226
real,00014773_004.png,14773,,cardiomegaly_1,-4.293112,0.013478201,0.7568182
real,00014773_006.png,14773,,cardiomegaly_1,-3.648075,0.025380274,0.66756386
real,00014773_005.png,14773,,cardiomegaly_1,-3.999424,0.017996388,0.7016121
real,00014773_007.png,14773,,cardiomegaly_1,-6.2015533,0.0020221833,0.9559761
real,00014943_000.png,14943,,cardiomegaly_1,-3.937004,0.019133342,0.65179086
real,00015064_000.png,15064,,cardiomegaly_1,5.9766254,0.99746907,0.9718936
real,00015080_002.png,15080,,cardiomegaly_1,-3.969843,0.01852668,0.63655674
real,00015114_001.png,15114,,cardiomegaly_1,-6.1123047,0.0022105416,0.9536475
real,00015114_003.png,15114,,cardiomegaly_1,-5.0434055,0.0064103813,0.8708465
real,00015212_001.png,15212,,cardiomegaly_1,-5.0656185,0.0062704403,0.9384797
real,00015212_003.png,15212,,cardiomegaly_1,-4.4516487,0.011524955,0.77852607
real,00015212_008.png,15212,,cardiomegaly_1,-3.215046,0.038603425,0.5571269
real,00015228_002.png,15228,,cardiomegaly_1,-4.9242706,0.007215582,0.86620945
real,00015242_000.png,15242,,cardiomegaly_1,2.0359898,0.8845243,0.47828406
real,00015244_002.png,15244,,cardiomegaly_1,-6.2583523,0.0019107396,0.93107027
real,00015244_000.png,15244,,cardiomegaly_1,-6.1612453,0.0021051832,0.9416023
real,00015254_001.png,15254,,cardiomegaly_1,-5.3685207,0.0046393964,0.8937459
real,00015254_002.png,15254,,cardiomegaly_1,-4.162817,0.0153251365,0.74865294
real,00015282_000.png,15282,,cardiomegaly_1,10.311079,0.99996674,0.9973724
real,00015313_000.png,15313,,cardiomegaly_1,8.964016,0.9998721,0.9932485
real,00015313_003.png,15313,,cardiomegaly_1,-2.9411068,0.050158516,0.41065058
real,00015313_005.png,15313,,cardiomegaly_1,-0.732605,0.32462335,0.20441711
real,00015313_006.png,15313,,cardiomegaly_1,0.24862671,0.56183845,0.2160235
real,00015313_007.png,15313,,cardiomegaly_1,-4.0298862,0.017465873,0.59184855
real,00015313_008.png,15313,,cardiomegaly_1,-4.9632244,0.0069418256,0.81425637
real,00015318_007.png,15318,,cardiomegaly_1,-3.5770378,0.027197983,0.582614
real,00015318_008.png,15318,,cardiomegaly_1,1.5132389,0.8195407,0.42179957
real,00015376_002.png,15376,,cardiomegaly_1,-2.0390053,0.11516806,0.3401124
real,00015376_037.png,15376,,cardiomegaly_1,5.427065,0.9956233,0.95825523
real,00015388_004.png,15388,,cardiomegaly_1,-4.360405,0.0126121165,0.6967751
real,00015423_001.png,15423,,cardiomegaly_1,-2.1166496,0.10748907,0.3526851
real,00015423_002.png,15423,,cardiomegaly_1,-1.5739212,0.17165811,0.41071215
real,00015423_003.png,15423,,cardiomegaly_1,0.18377304,0.5458144,0.4129245
real,00015423_004.png,15423,,cardiomegaly_1,-0.13437462,0.4664568,0.24181665
real,00015423_005.png,15423,,cardiomegaly_1,-1.644331,0.1618766,0.32467625
real,00015423_006.png,15423,,cardiomegaly_1,-0.87844276,0.29350057,0.25036755
real,00015448_003.png,15448,,cardiomegaly_1,-5.650482,0.0035035033,0.9128552
real,00015492_002.png,15492,,cardiomegaly_1,-5.0301647,0.006495269,0.774114
real,00015497_000.png,15497,,cardiomegaly_1,-1.4551888,0.1892043,0.28854162
real,00015497_001.png,15497,,cardiomegaly_1,9.810265,0.99994516,0.99606496
real,00015562_004.png,15562,,cardiomegaly_1,-5.5308113,0.0039471313,0.92339975
real,00015654_000.png,15654,,cardiomegaly_1,-5.369522,0.0046347748,0.900362
real,00015654_001.png,15654,,cardiomegaly_1,-3.3422318,0.03415047,0.59641904
real,00015654_002.png,15654,,cardiomegaly_1,-3.0563545,0.044943925,0.46587273
real,00015654_003.png,15654,,cardiomegaly_1,-4.707451,0.00894699,0.83711493
real,00015654_004.png,15654,,cardiomegaly_1,-3.580597,0.027103972,0.64874995
real,00015654_005.png,15654,,cardiomegaly_1,-2.8289013,0.05578224,0.5116505
real,00015654_006.png,15654,,cardiomegaly_1,-3.0826988,0.04382658,0.4930578
real,00015716_000.png,15716,,cardiomegaly_1,-1.5683384,0.1724534,0.3142081
real,00015985_000.png,15985,,cardiomegaly_1,-2.842802,0.055054583,0.6570719
real,00016041_000.png,16041,,cardiomegaly_1,-4.840399,0.0078419205,0.85275155
real,00016184_016.png,16184,,cardiomegaly_1,-3.8083954,0.021702308,0.63820124
real,00016191_001.png,16191,,cardiomegaly_1,-4.7945385,0.008206906,0.81033266
real,00016191_015.png,16191,,cardiomegaly_1,-4.5397415,0.010563389,0.7322673
real,00016191_016.png,16191,,cardiomegaly_1,-5.0041237,0.0066654924,0.8338337
real,00016191_021.png,16191,,cardiomegaly_1,-4.3063793,0.013302922,0.7233643
real,00016191_026.png,16191,,cardiomegaly_1,-4.021435,0.0176115,0.6824147
real,00016191_027.png,16191,,cardiomegaly_1,-4.3428135,0.012833073,0.72962284
real,00016202_000.png,16202,,cardiomegaly_1,-3.6743355,0.024738727,0.75035524
real,00016205_005.png,16205,,cardiomegaly_1,-4.98279,0.0068082414,0.79809463
real,00016205_007.png,16205,,cardiomegaly_1,-4.574806,0.010203119,0.71917987
real,00016205_008.png,16205,,cardiomegaly_1,-5.41848,0.004414309,0.8400322
real,00016205_009.png,16205,,cardiomegaly_1,-5.3071804,0.004931441,0.8704131
real,00016238_007.png,16238,,cardiomegaly_1,-3.8082485,0.021705426,0.7112846
real,00016238_008.png,16238,,cardiomegaly_1,-4.9939156,0.006733422,0.8934996
real,00016353_000.png,16353,,cardiomegaly_1,-5.2613945,0.0051612877,0.89094734
real,00016417_000.png,16417,,cardiomegaly_1,-3.3858967,0.032739148,0.53499484
real,00016417_001.png,16417,,cardiomegaly_1,-3.0342445,0.045902576,0.6878802
real,00016417_002.png,16417,,cardiomegaly_1,-3.4475937,0.030840702,0.5228016
real,00016417_004.png,16417,,cardiomegaly_1,-2.3513126,0.08696149,0.31583834
real,00016417_006.png,16417,,cardiomegaly_1,-2.7410069,0.060596563,0.368839
real,00016417_007.png,16417,,cardiomegaly_1,-3.1196976,0.04230202,0.5321326
real,00016417_008.png,16417,,cardiomegaly_1,-2.1691532,0.10255495,0.3953844
real,00016417_009.png,16417,,cardiomegaly_1,-3.061514,0.04472298,0.46457994
real,00016484_002.png,16484,,cardiomegaly_1,9.897718,0.9999497,0.99710435
real,00016484_018.png,16484,,cardiomegaly_1,9.398767,0.99991715,0.995555
real,00016484_030.png,16484,,cardiomegaly_1,8.038565,0.9996773,0.98343104
real,00016548_000.png,16548,,cardiomegaly_1,-5.1450367,0.0057944884,0.89059323
real,00016568_005.png,16568,,cardiomegaly_1,-4.4981804,0.0110067325,0.80051064
real,00016568_015.png,16568,,cardiomegaly_1,-4.3442383,0.012815035,0.7165285
real,00016568_016.png,16568,,cardiomegaly_1,-3.9347553,0.01917559,0.6860702
real,00016568_017.png,16568,,cardiomegaly_1,-3.766901,0.022600995,0.662401
real,00016568_018.png,16568,,cardiomegaly_1,-4.356556,0.012660139,0.79871345
real,00016568_019.png,16568,,cardiomegaly_1,-4.317234,0.013161195,0.7613259
real,00016568_020.png,16568,,cardiomegaly_1,-4.18441,0.015002679,0.7615955
real,00016568_021.png,16568,,cardiomegaly_1,-3.9141083,0.019567799,0.78939885
real,00016568_022.png,16568,,cardiomegaly_1,-4.559126,0.010362699,0.85679007
real,00016568_023.png,16568,,cardiomegaly_1,-3.8944206,0.019949097,0.78796625
real,00016568_024.png,16568,,cardiomegaly_1,-4.354841,0.01268159,0.8645333
real,00016568_025.png,16568,,cardiomegaly_1,-4.384783,0.012312117,0.82129496
real,00016568_028.png,16568,,cardiomegaly_1,-4.413824,0.011963916,0.85923606
real,00016568_029.png,16568,,cardiomegaly_1,-4.512083,0.010856418,0.8440053
real,00016568_032.png,16568,,cardiomegaly_1,-4.6108646,0.009845323,0.87698525
real,00016568_036.png,16568,,cardiomegaly_1,-4.079918,0.0166277,0.75240403
real,00016568_037.png,16568,,cardiomegaly_1,-4.3304214,0.012991011,0.7710037
real,00016568_038.png,16568,,cardiomegaly_1,-4.839222,0.007851081,0.82904476
real,00016568_039.png,16568,,cardiomegaly_1,-4.802017,0.008146255,0.85541564
real,00016568_040.png,16568,,cardiomegaly_1,-4.4432507,0.01162102,0.80117565
real,00016568_041.png,16568,,cardiomegaly_1,-4.319151,0.013136321,0.77474153
real,00016568_042.png,16568,,cardiomegaly_1,-4.3768463,0.012409003,0.7965815
real,00016568_043.png,16568,,cardiomegaly_1,-4.6493416,0.009477222,0.8615516
real,00016568_044.png,16568,,cardiomegaly_1,-4.113653,0.016084988,0.72051686
real,00016568_047.png,16568,,cardiomegaly_1,-4.374811,0.012433969,0.7620451
real,00016568_051.png,16568,,cardiomegaly_1,-4.724695,0.008795373,0.76573145
real,00016677_004.png,16677,,cardiomegaly_1,3.7592278,0.9772289,0.78263074
real,00016677_000.png,16677,,cardiomegaly_1,0.7592964,0.6812009,0.39972898
real,00016724_000.png,16724,,cardiomegaly_1,-3.6205997,0.026068844,0.66015035
real,00016724_001.png,16724,,cardiomegaly_1,-4.8994846,0.007395324,0.9174419
real,00016724_003.png,16724,,cardiomegaly_1,-5.2853107,0.0050399285,0.9202855
real,00016757_003.png,16757,,cardiomegaly_1,-4.3090878,0.013267418,0.7256997
real,00016801_000.png,16801,,cardiomegaly_1,-0.4451313,0.39051896,0.30815682
real,00016801_006.png,16801,,cardiomegaly_1,-3.2353935,0.037855316,0.508589
real,00016801_008.png,16801,,cardiomegaly_1,-3.2987156,0.03561528,0.508264
real,00016862_000.png,16862,,cardiomegaly_1,-4.618519,0.009770986,0.8129543
real,00016975_010.png,16975,,cardiomegaly_1,-4.623951,0.009718568,0.82917964
real,00016975_013.png,16975,,cardiomegaly_1,-4.6319733,0.009641662,0.8448707
real,00016975_017.png,16975,,cardiomegaly_1,-3.8481903,0.020873297,0.71711075
real,00016975_018.png,16975,,cardiomegaly_1,-3.7167912,0.02373482,0.61400026
real,00016990_000.png,16990,,cardiomegaly_1,9.915913,0.99995065,0.9967963
real,00017258_002.png,17258,,cardiomegaly_1,-4.781397,0.008314568,0.8627909
real,00017258_003.png,17258,,cardiomegaly_1,-5.06991,0.006243756,0.9349912
real,00017258_004.png,17258,,cardiomegaly_1,-4.527521,0.010691881,0.8831056
real,00017258_005.png,17258,,cardiomegaly_1,-4.8313675,0.0079125,0.9174882
real,00017258_006.png,17258,,cardiomegaly_1,-4.1727962,0.015175276,0.8263613
real,00017258_007.png,17258,,cardiomegaly_1,-4.2404995,0.014195968,0.88132626
real,00017258_008.png,17258,,cardiomegaly_1,-4.0962048,0.016363474,0.8649902
real,00017258_009.png,17258,,cardiomegaly_1,-4.179304,0.015078321,0.8703138
real,00017258_010.png,17258,,cardiomegaly_1,-3.9013042,0.019814959,0.85616714
real,00017258_011.png,17258,,cardiomegaly_1,-3.4383183,0.031119151,0.75358075
real,00017258_016.png,17258,,cardiomegaly_1,-3.4924965,0.029526483,0.5516083
real,00017258_017.png,17258,,cardiomegaly_1,-4.052107,0.017088609,0.7176295
real,00017258_019.png,17258,,cardiomegaly_1,-4.3313046,0.012979693,0.82821816
real,00017263_000.png,17263,,cardiomegaly_1,-0.50302696,0.3768296,0.2795514
real,00017395_001.png,17395,,cardiomegaly_1,-3.8915615,0.020005072,0.75074005
real,00017395_002.png,17395,,cardiomegaly_1,-4.1551456,0.015441334,0.8057445
real,00017395_003.png,17395,,cardiomegaly_1,-5.111679,0.0059898617,0.903995
real,00017443_012.png,17443,,cardiomegaly_1,-4.9998417,0.0066939034,0.82179296
real,00017443_013.png,17443,,cardiomegaly_1,-5.0026093,0.006675527,0.85491633
real,00017529_000.png,17529,,cardiomegaly_1,10.107117,0.99995923,0.9966892
real,00017607_000.png,17607,,cardiomegaly_1,-5.749861,0.0031731233,0.8846643
real,00017618_004.png,17618,,cardiomegaly_1,-3.6712704,0.024812788,0.64368814
real,00017618_005.png,17618,,cardiomegaly_1,-3.3606148,0.033549286,0.55209947
real,00017618_006.png,17618,,cardiomegaly_1,-3.6594524,0.025100358,0.58373696
real,00017618_008.png,17618,,cardiomegaly_1,-3.108593,0.042754192,0.41792423
real,00017618_009.png,17618,,cardiomegaly_1,-3.7063026,0.023979072,0.71320885
real,00017618_010.png,17618,,cardiomegaly_1,-3.0915604,0.04345673,0.54175395
real,00017618_011.png,17618,,cardiomegaly_1,-0.9623089,0.27641615,0.30411837
real,00017618_014.png,17618,,cardiomegaly_1,5.107424,0.99398476,0.902884
real,00017618_015.png,17618,,cardiomegaly_1,0.037721634,0.5094293,0.25871545
real,00017618_019.png,17618,,cardiomegaly_1,-3.3039513,0.035435885,0.5021505
real,00017618_020.png,17618,,cardiomegaly_1,2.40757,0.91740274,0.42616794
real,00017618_021.png,17618,,cardiomegaly_1,4.1878605,0.9850483,0.7917494
real,00017618_022.png,17618,,cardiomegaly_1,6.4513874,0.9984242,0.97744775
real,00017618_023.png,17618,,cardiomegaly_1,4.6423874,0.9904573,0.88314646
real,00017618_032.png,17618,,cardiomegaly_1,2.8701172,0.9463493,0.64211625
real,00017691_014.png,17691,,cardiomegaly_1,-4.3346596,0.012936781,0.7350734
real,00017702_001.png,17702,,cardiomegaly_1,-4.7067623,0.008953096,0.9045902
real,00017747_053.png,17747,,cardiomegaly_1,-4.447983,0.011566793,0.8632065
real,00017747_054.png,17747,,cardiomegaly_1,-3.9431114,0.01901906,0.7492597
real,00017747_055.png,17747,,cardiomegaly_1,-3.9015923,0.019809365,0.761767
real,00017747_056.png,17747,,cardiomegaly_1,-4.3278484,0.013024044,0.8654468
real,00017747_057.png,17747,,cardiomegaly_1,-4.3126774,0.013220508,0.8611308
real,00017747_004.png,17747,,cardiomegaly_1,-2.7462425,0.06029921,0.60837924
real,00017747_005.png,17747,,cardiomegaly_1,-3.3633785,0.033459786,0.7518646
real,00017747_008.png,17747,,cardiomegaly_1,-3.5566921,0.027741503,0.7653184
real,00017747_010.png,17747,,cardiomegaly_1,-4.0908966,0.016449133,0.8312978
real,00017747_011.png,17747,,cardiomegaly_1,-4.42013,0.011889607,0.87312937
real,00017747_012.png,17747,,cardiomegaly_1,-4.393818,0.012202728,0.8805438
real,00017763_003.png,17763,,cardiomegaly_1,-5.137541,0.005837832,0.84991044
real,00017763_004.png,17763,,cardiomegaly_1,-5.0999527,0.0060600867,0.83200383
real,00017786_005.png,17786,,cardiomegaly_1,-3.642912,0.025508305,0.5184176
real,00017786_010.png,17786,,cardiomegaly_1,-4.897663,0.007408706,0.81587803
real,00017786_012.png,17786,,cardiomegaly_1,-4.5756054,0.010195051,0.7592779
real,00017786_000.png,17786,,cardiomegaly_1,-2.0110588,0.1180467,0.26192147
real,00017822_000.png,17822,,cardiomegaly_1,-0.013977051,0.49650577,0.23723403
real,00017835_032.png,17835,,cardiomegaly_1,-3.9681683,0.018557157,0.63469964
real,00017846_000.png,17846,,cardiomegaly_1,-4.704479,0.008973378,0.8059049
real,00017930_004.png,17930,,cardiomegaly_1,-4.534935,0.010613745,0.8333134
real,00017930_005.png,17930,,cardiomegaly_1,-4.7546043,0.008538418,0.9047931
real,00017939_000.png,17939,,cardiomegaly_1,10.004698,0.9999548,0.9978267
real,00017945_000.png,17945,,cardiomegaly_1,6.056732,0.9976635,0.9596056
real,00017953_000.png,17953,,cardiomegaly_1,9.406792,0.99991786,0.9961041
real,00017963_005.png,17963,,cardiomegaly_1,-2.7013836,0.06289177,0.43220004
real,00017963_006.png,17963,,cardiomegaly_1,-5.511324,0.004024492,0.9002545
real,00018011_003.png,18011,,cardiomegaly_1,-3.1453133,0.041276343,0.48651978
real,00018011_005.png,18011,,cardiomegaly_1,-4.96443,0.006933521,0.85497713
real,00018011_006.png,18011,,cardiomegaly_1,-5.3147182,0.004894589,0.9058893
real,00018011_008.png,18011,,cardiomegaly_1,-3.3097782,0.035237256,0.5267873
real,00018065_005.png,18065,,cardiomegaly_1,-5.257021,0.0051837936,0.8758415
real,00018065_006.png,18065,,cardiomegaly_1,-5.523697,0.0039752005,0.90855145
real,00018065_007.png,18065,,cardiomegaly_1,-5.861376,0.0028392393,0.9077838
real,00018090_000.png,18090,,cardiomegaly_1,-2.4513855,0.07933729,0.47675103
real,00018102_001.png,18102,,cardiomegaly_1,-2.4317474,0.08078361,0.43855146
real,00018102_002.png,18102,,cardiomegaly_1,-3.0149078,0.046756912,0.67650956
real,00018102_004.png,18102,,cardiomegaly_1,-3.1142197,0.0425245,0.6212947
real,00018148_001.png,18148,,cardiomegaly_1,-4.2879753,0.013546669,0.768273
real,00018284_003.png,18284,,cardiomegaly_1,-3.143839,0.04133473,0.57200545
real,00018284_004.png,18284,,cardiomegaly_1,-3.4092274,0.032008328,0.6326297
real,00018374_000.png,18374,,cardiomegaly_1,-4.5980835,0.009970703,0.79253304
real,00018463_000.png,18463,,cardiomegaly_1,-0.90724564,0.28756377,0.31882748
real,00018488_005.png,18488,,cardiomegaly_1,-4.4728584,0.011285818,0.8462077
real,00018521_005.png,18521,,cardiomegaly_1,-4.028433,0.017490832,0.71855867
real,00018521_007.png,18521,,cardiomegaly_1,-4.936392,0.0071292683,0.88946503
real,00018521_008.png,18521,,cardiomegaly_1,-4.469616,0.011322056,0.75472397
real,00018521_009.png,18521,,cardiomegaly_1,-4.3293343,0.013004959,0.77504176
real,00018521_010.png,18521,,cardiomegaly_1,-4.4211903,0.011877156,0.76475513
real,00018521_011.png,18521,,cardiomegaly_1,-3.663021,0.02501318,0.75514334
real,00018521_014.png,18521,,cardiomegaly_1,-5.1748123,0.005625454,0.92445356
real,00018521_015.png,18521,,cardiomegaly_1,-4.970276,0.006893384,0.90965945
real,00018524_002.png,18524,,cardiomegaly_1,-3.262165,0.036892205,0.41484395
real,00018524_003.png,18524,,cardiomegaly_1,-3.6337814,0.025736252,0.5173964
real,00018524_005.png,18524,,cardiomegaly_1,-3.4755707,0.03001537,0.4841393
real,00018531_000.png,18531,,cardiomegaly_1,-5.763792,0.0031293614,0.8982254
real,00018592_002.png,18592,,cardiomegaly_1,-4.921892,0.007232641,0.8372614
real,00018592_007.png,18592,,cardiomegaly_1,-6.0306625,0.0023981358,0.93029326
real,00018626_010.png,18626,,cardiomegaly_1,-3.8075008,0.021721309,0.63202393
real,00018626_012.png,18626,,cardiomegaly_1,-4.526724,0.010700319,0.8447745
real,00018626_013.png,18626,,cardiomegaly_1,-4.3712025,0.012478359,0.76833284
real,00018626_014.png,18626,,cardiomegaly_1,-4.5540047,0.01041535,0.8369031
real,00018626_017.png,18626,,cardiomegaly_1,-5.081745,0.006170749,0.8978977
real,00018672_000.png,18672,,cardiomegaly_1,3.490036,0.9704029,0.73897266
real,00018678_000.png,18678,,cardiomegaly_1,-4.4867077,0.011132322,0.82795805
real,00018964_004.png,18964,,cardiomegaly_1,-4.404089,0.012079542,0.7186174
real,00018964_005.png,18964,,cardiomegaly_1,-4.3463726,0.012788062,0.7763421
real,00018964_006.png,18964,,cardiomegaly_1,-4.262726,0.013888259,0.7873208
real,00019125_000.png,19125,,cardiomegaly_1,-1.6171494,0.16559838,0.37824732
real,00019154_000.png,19154,,cardiomegaly_1,-4.6273384,0.00968602,0.8538039
real,00019154_001.png,19154,,cardiomegaly_1,-1.4869328,0.18438254,0.2982203
real,00019201_002.png,19201,,cardiomegaly_1,-3.6261463,0.025928391,0.5405189
real,00019231_001.png,19231,,cardiomegaly_1,-2.5422058,0.07295185,0.3076285
real,00019395_006.png,19395,,cardiomegaly_1,-0.8811703,0.29293534,0.3165894
real,00019395_012.png,19395,,cardiomegaly_1,-3.6510773,0.025306119,0.69029963
real,00019395_014.png,19395,,cardiomegaly_1,-5.0510445,0.006361909,0.8576286
real,00019395_015.png,19395,,cardiomegaly_1,-4.212078,0.0145992525,0.72989035
real,00019395_016.png,19395,,cardiomegaly_1,-3.4536095,0.0306614,0.70274925
real,00019395_017.png,19395,,cardiomegaly_1,-3.1698341,0.04031683,0.6260914
real,00019395_018.png,19395,,cardiomegaly_1,-1.5882092,0.16963601,0.31765684
real,00019395_020.png,19395,,cardiomegaly_1,2.9720325,0.9512945,0.6541299
real,00019395_021.png,19395,,cardiomegaly_1,-3.1558876,0.040859915,0.5271759
real,00019395_022.png,19395,,cardiomegaly_1,-3.4605865,0.03045471,0.75190353
real,00019395_023.png,19395,,cardiomegaly_1,1.4653301,0.8123465,0.5258579
real,00019395_026.png,19395,,cardiomegaly_1,2.782814,0.94174004,0.58333975
real,00019406_007.png,19406,,cardiomegaly_1,-5.577713,0.0037669593,0.90056026
real,00019409_000.png,19409,,cardiomegaly_1,-5.1083584,0.0060096653,0.82569414
real,00019437_000.png,19437,,cardiomegaly_1,-1.6402512,0.16243088,0.29980132
real,00019486_001.png,19486,,cardiomegaly_1,9.009846,0.9998778,0.99065083
real,00019486_000.png,19486,,cardiomegaly_1,1.7379265,0.8504235,0.52544874
real,00019592_006.png,19592,,cardiomegaly_1,-4.0256786,0.017538225,0.6415356
real,00019592_007.png,19592,,cardiomegaly_1,-4.223526,0.014435473,0.70141387
real,00019592_008.png,19592,,cardiomegaly_1,-3.149496,0.041111138,0.5804834
real,00019637_004.png,19637,,cardiomegaly_1,-4.8114967,0.008070018,0.77443564
real,00019637_008.png,19637,,cardiomegaly_1,7.4372406,0.99941146,0.9855451
real,00019637_003.png,19637,,cardiomegaly_1,-4.585306,0.010097625,0.79899406
real,00019761_000.png,19761,,cardiomegaly_1,-4.106886,0.01619244,0.7239045
real,00019863_006.png,19863,,cardiomegaly_1,-5.255991,0.0051891073,0.8501218
real,00019863_008.png,19863,,cardiomegaly_1,-4.0479374,0.017158784,0.6204344
real,00019917_000.png,19917,,cardiomegaly_1,-4.707119,0.008949933,0.8736175
real,00019919_016.png,19919,,cardiomegaly_1,-4.7212944,0.008825071,0.76587015
real,00019919_017.png,19919,,cardiomegaly_1,-3.631733,0.025787668,0.61254215
real,00019919_018.png,19919,,cardiomegaly_1,-4.872278,0.0075977365,0.80145955
real,00019919_020.png,19919,,cardiomegaly_1,-4.4297314,0.011777332,0.6867185
real,00019919_021.png,19919,,cardiomegaly_1,-3.5715427,0.027343752,0.6098893
real,00019919_003.png,19919,,cardiomegaly_1,-5.551756,0.0038656362,0.9326378
real,00019927_005.png,19927,,cardiomegaly_1,-5.0462723,0.006392148,0.8581865
real,00019927_007.png,19927,,cardiomegaly_1,-5.2270336,0.0053407527,0.908015
real,00019927_008.png,19927,,cardiomegaly_1,-4.778652,0.008337229,0.84053385
real,00019927_009.png,19927,,cardiomegaly_1,-5.5632763,0.0038215274,0.922291
real,00019927_010.png,19927,,cardiomegaly_1,-5.4187374,0.0044131773,0.9224947
real,00019964_000.png,19964,,cardiomegaly_1,-4.936619,0.0071276617,0.7822186
real,00020234_000.png,20234,,cardiomegaly_1,-5.3764267,0.0046030306,0.89009225
real,00020286_004.png,20286,,cardiomegaly_1,-2.721798,0.061699297,0.40862253
real,00020286_003.png,20286,,cardiomegaly_1,-2.8527813,0.054537725,0.47160074
real,00020286_002.png,20286,,cardiomegaly_1,-2.2503319,0.09532084,0.36755
real,00020286_008.png,20286,,cardiomegaly_1,-3.2077484,0.038875178,0.37571788
real,00020286_009.png,20286,,cardiomegaly_1,-2.0355968,0.11551584,0.31177536
real,00020286_012.png,20286,,cardiomegaly_1,-2.2926273,0.09173541,0.28790432
real,00020286_011.png,20286,,cardiomegaly_1,-2.4175797,0.081841946,0.39385468
real,00020286_014.png,20286,,cardiomegaly_1,-2.9561806,0.049445212,0.46801567
real,00020286_015.png,20286,,cardiomegaly_1,-2.5876484,0.069937594,0.39607623
real,00020286_028.png,20286,,cardiomegaly_1,-2.277073,0.09303966,0.34378305
real,00020286_023.png,20286,,cardiomegaly_1,-2.8926716,0.052517023,0.40576932
real,00020286_026.png,20286,,cardiomegaly_1,-3.2813492,0.036216594,0.50197935
real,00020312_018.png,20312,,cardiomegaly_1,-5.010647,0.006622441,0.80537534
real,00020318_035.png,20318,,cardiomegaly_1,-5.383295,0.004571668,0.88533103
real,00020318_002.png,20318,,cardiomegaly_1,-1.6440201,0.16191879,0.37658176
real,00020318_003.png,20318,,cardiomegaly_1,-3.0598888,0.044792462,0.5764999
real,00020318_004.png,20318,,cardiomegaly_1,-4.2820034,0.013626705,0.716784
real,00020318_006.png,20318,,cardiomegaly_1,-3.8994465,0.019851074,0.67124975
real,00020318_008.png,20318,,cardiomegaly_1,-4.1629944,0.015322462,0.67625374
real,00020318_010.png,20318,,cardiomegaly_1,-3.7343006,0.023332465,0.62258077
real,00020318_011.png,20318,,cardiomegaly_1,-4.229748,0.014347224,0.73509353
real,00020318_012.png,20318,,cardiomegaly_1,-3.373928,0.033120286,0.60779506
real,00020318_014.png,20318,,cardiomegaly_1,-3.8028908,0.02181949,0.6771388
real,00020318_015.png,20318,,cardiomegaly_1,-3.7124176,0.023836369,0.6509284
real,00020318_017.png,20318,,cardiomegaly_1,-4.142605,0.015633153,0.7415267
real,00020318_018.png,20318,,cardiomegaly_1,-3.6530151,0.025258364,0.641652
real,00020318_019.png,20318,,cardiomegaly_1,-3.9978504,0.018024215,0.7292554
real,00020318_020.png,20318,,cardiomegaly_1,-4.3158627,0.013179018,0.7811049
real,00020318_021.png,20318,,cardiomegaly_1,-4.4248486,0.011834297,0.7855783
real,00020318_022.png,20318,,cardiomegaly_1,-4.456751,0.011466975,0.8051628
real,00020318_023.png,20318,,cardiomegaly_1,-4.098898,0.016320182,0.7959289
real,00020382_000.png,20382,,cardiomegaly_1,-4.364462,0.012561696,0.80644876
real,00020393_003.png,20393,,cardiomegaly_1,-4.888294,0.007477923,0.85041964
real,00020393_004.png,20393,,cardiomegaly_1,-6.12006,0.002193502,0.95493966
real,00020399_000.png,20399,,cardiomegaly_1,-3.7818108,0.02227397,0.7407129
real,00020428_000.png,20428,,cardiomegaly_1,4.3743134,0.98755985,0.808562
real,00020485_000.png,20485,,cardiomegaly_1,-6.811594,0.0010997258,0.9820854
real,00020629_006.png,20629,,cardiomegaly_1,-3.789751,0.022101702,0.7325785
real,00020629_007.png,20629,,cardiomegaly_1,-5.222109,0.005366978,0.8507122
real,00020629_008.png,20629,,cardiomegaly_1,-4.567219,0.010280031,0.7743421
real,00020629_011.png,20629,,cardiomegaly_1,7.1606503,0.99922407,0.98705304
real,00020629_012.png,20629,,cardiomegaly_1,7.0393124,0.999124,0.98321056
real,00020629_014.png,20629,,cardiomegaly_1,-3.5443993,0.028074997,0.5934145
real,00020629_016.png,20629,,cardiomegaly_1,-5.9252205,0.0026641022,0.9277729
real,00020642_002.png,20642,,cardiomegaly_1,-4.445629,0.011593733,0.7927638
real,00020642_003.png,20642,,cardiomegaly_1,-4.70496,0.008969105,0.8477184
real,00020671_000.png,20671,,cardiomegaly_1,-3.3590832,0.033598978,0.65740424
real,00020671_003.png,20671,,cardiomegaly_1,-3.7446098,0.023098687,0.71609
real,00020671_004.png,20671,,cardiomegaly_1,-2.2901802,0.0919395,0.33915797
real,00020671_005.png,20671,,cardiomegaly_1,-3.9143772,0.01956264,0.7381759
real,00020671_006.png,20671,,cardiomegaly_1,-3.939577,0.019085113,0.67616343
real,00020671_008.png,20671,,cardiomegaly_1,-3.8670082,0.020492153,0.67553943
real,00020671_009.png,20671,,cardiomegaly_1,-4.4395866,0.011663181,0.80606467
real,00020671_010.png,20671,,cardiomegaly_1,-4.31831,0.013147229,0.8248222
real,00020671_015.png,20671,,cardiomegaly_1,-1.3639603,0.20359743,0.4198972
real,00020671_016.png,20671,,cardiomegaly_1,-3.221426,0.03836734,0.73315555
real,00020671_017.png,20671,,cardiomegaly_1,-3.4598541,0.030476347,0.68336993
real,00020671_018.png,20671,,cardiomegaly_1,-4.1190834,0.01599927,0.8014951
real,00020683_000.png,20683,,cardiomegaly_1,-4.2572308,0.013963718,0.70692545
real,00020683_001.png,20683,,cardiomegaly_1,-3.8492928,0.020850778,0.6642464
real,00020758_001.png,20758,,cardiomegaly_1,5.403637,0.99552,0.92391163
real,00020810_004.png,20810,,cardiomegaly_1,-4.4474792,0.011572551,0.7608227
real,00020811_013.png,20811,,cardiomegaly_1,-3.8632507,0.02056771,0.65928304
real,00020811_014.png,20811,,cardiomegaly_1,-4.3633633,0.01257533,0.72280407
real,00020811_004.png,20811,,cardiomegaly_1,-4.7430687,0.008636629,0.87438804
real,00020811_008.png,20811,,cardiomegaly_1,-3.4609795,0.030443113,0.5808855
real,00020819_002.png,20819,,cardiomegaly_1,7.2300873,0.9992761,0.98943365
real,00020819_006.png,20819,,cardiomegaly_1,-4.319935,0.013126162,0.78960156
real,00020819_010.png,20819,,cardiomegaly_1,6.1808224,0.99793553,0.94991803
real,00020819_012.png,20819,,cardiomegaly_1,4.4980965,0.98899233,0.85812974
real,00020819_013.png,20819,,cardiomegaly_1,1.2136574,0.7709454,0.28844932
real,00020819_014.png,20819,,cardiomegaly_1,0.90449715,0.7118728,0.35449216
real,00020819_015.png,20819,,cardiomegaly_1,-0.54406166,0.36724323,0.2196602
real,00020819_016.png,20819,,cardiomegaly_1,-0.46251488,0.3863894,0.26412857
real,00020869_007.png,20869,,cardiomegaly_1,-4.5551357,0.010403698,0.7333967
real,00020880_002.png,20880,,cardiomegaly_1,-4.471813,0.011297486,0.7221283
real,00020880_004.png,20880,,cardiomegaly_1,-5.292219,0.005005404,0.8873282
real,00020928_001.png,20928,,cardiomegaly_1,-3.1762352,0.040069893,0.64372313
real,00020934_000.png,20934,,cardiomegaly_1,-1.378746,0.20121047,0.35729724
real,00021023_005.png,21023,,cardiomegaly_1,-3.6981373,0.024170918,0.49282265
real,00021023_007.png,21023,,cardiomegaly_1,-4.052229,0.01708656,0.673903
real,00021023_020.png,21023,,cardiomegaly_1,-4.6940517,0.0090665845,0.7845912
real,00021107_001.png,21107,,cardiomegaly_1,9.485699,0.99992406,0.99462056
real,00021107_002.png,21107,,cardiomegaly_1,9.115263,0.99988997,0.99011505
real,00021200_003.png,21200,,cardiomegaly_1,9.696756,0.9999385,0.9975573
real,00021245_002.png,21245,,cardiomegaly_1,-3.6826935,0.024537876,0.6293791
real,00021245_003.png,21245,,cardiomegaly_1,-3.5749397,0.027253551,0.5958648
real,00021260_005.png,21260,,cardiomegaly_1,-4.663086,0.009349065,0.86866874
real,00021362_003.png,21362,,cardiomegaly_1,-2.6974277,0.06312531,0.44530818
real,00021362_004.png,21362,,cardiomegaly_1,5.53356,0.99606365,0.93381155
real,00021362_005.png,21362,,cardiomegaly_1,2.6907349,0.9364777,0.57362753
real,00021398_000.png,21398,,cardiomegaly_1,-3.144228,0.041319314,0.60622805
real,00021398_001.png,21398,,cardiomegaly_1,-3.1186275,0.042345393,0.49684343
real,00021409_003.png,21409,,cardiomegaly_1,-3.059616,0.04480413,0.66789764
real,00021409_004.png,21409,,cardiomegaly_1,-2.0654697,0.11249856,0.46294245
real,00021409_005.png,21409,,cardiomegaly_1,3.1371021,0.9583975,0.7236974
real,00021409_009.png,21409,,cardiomegaly_1,-3.1499653,0.041092645,0.649284
real,00021455_000.png,21455,,cardiomegaly_1,-5.459526,0.004237539,0.9398533
real,00021455_001.png,21455,,cardiomegaly_1,-5.3859787,0.0045594713,0.9058479
real,00021455_005.png,21455,,cardiomegaly_1,-1.5939178,0.1688334,0.587712
real,00021455_006.png,21455,,cardiomegaly_1,-2.299469,0.09116695,0.64417094
real,00021455_007.png,21455,,cardiomegaly_1,-1.922432,0.12759061,0.6511853
real,00021455_009.png,21455,,cardiomegaly_1,-4.6148186,0.009806854,0.8749242
real,00021495_002.png,21495,,cardiomegaly_1,-4.6144257,0.009810669,0.88826793
real,00021495_006.png,21495,,cardiomegaly_1,-4.4285755,0.011790792,0.7732075
real,00021495_007.png,21495,,cardiomegaly_1,-4.241024,0.0141886305,0.7715881
real,00021495_008.png,21495,,cardiomegaly_1,-4.1425724,0.015633652,0.7843881
real,00021648_009.png,21648,,cardiomegaly_1,-5.3785152,0.004593471,0.8800822
real,00021649_001.png,21649,,cardiomegaly_1,-5.441992,0.004312173,0.87463826
real,00021684_000.png,21684,,cardiomegaly_1,-5.2054996,0.005456373,0.90430796
real,00021707_003.png,21707,,cardiomegaly_1,-5.2586308,0.005175498,0.8939287
real,00021707_004.png,21707,,cardiomegaly_1,-4.4720306,0.011295058,0.71914136
real,00021803_000.png,21803,,cardiomegaly_1,-4.9238815,0.00721837,0.86814076
real,00021803_001.png,21803,,cardiomegaly_1,-5.197525,0.0054998198,0.89718765
real,00021845_000.png,21845,,cardiomegaly_1,1.697237,0.8451736,0.43592203
real,00021845_003.png,21845,,cardiomegaly_1,-6.014988,0.0024359296,0.9397295
real,00021972_025.png,21972,,cardiomegaly_1,-1.2750092,0.21840096,0.37778938
real,00021972_027.png,21972,,cardiomegaly_1,-2.3838558,0.08441209,0.49284387
real,00021972_028.png,21972,,cardiomegaly_1,-3.7570534,0.022819558,0.66302764
real,00021972_029.png,21972,,cardiomegaly_1,-4.2575207,0.013959726,0.71750546
real,00021972_030.png,21972,,cardiomegaly_1,-2.7176342,0.061940785,0.48606735
real,00021972_032.png,21972,,cardiomegaly_1,-4.034254,0.017391074,0.60520047
real,00021972_001.png,21972,,cardiomegaly_1,-3.2941399,0.035772774,0.59794474
real,00021972_003.png,21972,,cardiomegaly_1,-4.1490097,0.015534894,0.7363521
real,00021972_005.png,21972,,cardiomegaly_1,-2.6287174,0.067312926,0.43325675
real,00021972_007.png,21972,,cardiomegaly_1,-4.0768986,0.016677141,0.65324396
real,00021972_009.png,21972,,cardiomegaly_1,2.9487915,0.95020634,0.6515423
real,00021972_010.png,21972,,cardiomegaly_1,4.307148,0.9867071,0.88825744
real,00021976_004.png,21976,,cardiomegaly_1,-3.6248512,0.025961118,0.54246986
real,00021976_005.png,21976,,cardiomegaly_1,-4.689522,0.009107374,0.6439965
real,00021976_006.png,21976,,cardiomegaly_1,-4.187891,0.014951327,0.54944867
real,00021976_007.png,21976,,cardiomegaly_1,-4.5418854,0.010541006,0.6668283
real,00021976_008.png,21976,,cardiomegaly_1,-4.774954,0.008367862,0.71387655
real,00021976_009.png,21976,,cardiomegaly_1,-4.21896,0.014500581,0.5887495
real,00021976_010.png,21976,,cardiomegaly_1,-4.9329433,0.0071537197,0.7603075
real,00021976_011.png,21976,,cardiomegaly_1,-4.419771,0.01189382,0.6227665
real,00021976_013.png,21976,,cardiomegaly_1,-4.768114,0.008424808,0.71504253
real,00021976_012.png,21976,,cardiomegaly_1,-4.5926933,0.010024051,0.6927974
real,00022147_005.png,22147,,cardiomegaly_1,7.1087284,0.99918276,0.97422475
real,00022147_000.png,22147,,cardiomegaly_1,-0.5202389,0.37279642,0.24548192
real,00022155_003.png,22155,,cardiomegaly_1,-3.4239006,0.031556804,0.5051071
real,00022155_004.png,22155,,cardiomegaly_1,-3.26186,0.03690305,0.47749665
real,00022155_005.png,22155,,cardiomegaly_1,-1.9310379,0.12663575,0.3162401
real,00022155_008.png,22155,,cardiomegaly_1,-3.4848423,0.029746603,0.52245104
real,00022155_010.png,22155,,cardiomegaly_1,-3.153551,0.040951584,0.4458117
real,00022155_011.png,22155,,cardiomegaly_1,-3.799078,0.021901015,0.5613301
real,00022155_013.png,22155,,cardiomegaly_1,-1.9139633,0.12853624,0.28031784
real,00022155_021.png,22155,,cardiomegaly_1,-2.188923,0.10074964,0.38751093
real,00022175_001.png,22175,,cardiomegaly_1,-0.29734802,0.42620587,0.24437697
real,00022341_005.png,22341,,cardiomegaly_1,-1.6164436,0.16569592,0.4284598
real,00022574_000.png,22574,,cardiomegaly_1,-5.2200813,0.005377812,0.88220674
real,00022651_001.png,22651,,cardiomegaly_1,-0.3161335,0.42161834,0.52479094
real,00022651_003.png,22651,,cardiomegaly_1,1.5812054,0.82937515,0.54245305
real,00022651_004.png,22651,,cardiomegaly_1,-3.3393536,0.034245532,0.74428266
real,00022651_005.png,22651,,cardiomegaly_1,-1.4523373,0.18964213,0.47964656
real,00022651_006.png,22651,,cardiomegaly_1,-4.467535,0.0113453735,0.8743044
real,00022651_007.png,22651,,cardiomegaly_1,-4.2426376,0.0141660785,0.81223685
real,00022651_008.png,22651,,cardiomegaly_1,-4.2577877,0.013956051,0.83416677
real,00022651_009.png,22651,,cardiomegaly_1,-4.6756535,0.009233383,0.8480869
real,00022651_010.png,22651,,cardiomegaly_1,-4.5676613,0.01027553,0.88110775
real,00022651_013.png,22651,,cardiomegaly_1,-2.283123,0.092530385,0.343869
real,00022651_015.png,22651,,cardiomegaly_1,-3.2390804,0.037721258,0.5736757
real,00022651_016.png,22651,,cardiomegaly_1,-4.2379303,0.014231968,0.7380814
real,00022651_017.png,22651,,cardiomegaly_1,-4.551689,0.010439243,0.8316174
real,00022651_018.png,22651,,cardiomegaly_1,-4.144581,0.015602773,0.7568659
real,00022651_019.png,22651,,cardiomegaly_1,-4.0384483,0.017319545,0.6709667
real,00022651_023.png,22651,,cardiomegaly_1,-1.7769661,0.14467816,0.35711417
real,00022677_002.png,22677,,cardiomegaly_1,8.880245,0.9998609,0.9936528
real,00022716_000.png,22716,,cardiomegaly_1,-5.0963497,0.006081827,0.8754666
real,00022789_000.png,22789,,cardiomegaly_1,-4.6032734,0.009919602,0.83856
real,00022789_001.png,22789,,cardiomegaly_1,-5.629328,0.0035781395,0.8896646
real,00022818_000.png,22818,,cardiomegaly_1,-5.536474,0.0039249295,0.9110439
real,00022883_002.png,22883,,cardiomegaly_1,-1.9816837,0.121139474,0.2730738
real,00022883_011.png,22883,,cardiomegaly_1,-4.3203087,0.013121321,0.67907816
real,00022883_012.png,22883,,cardiomegaly_1,-3.9689178,0.018543508,0.64761794
real,00023073_008.png,23073,,cardiomegaly_1,-5.3067627,0.004933491,0.93277943
real,00023093_007.png,23093,,cardiomegaly_1,6.754286,0.9988355,0.9793979
real,00023093_009.png,23093,,cardiomegaly_1,9.573034,0.9999304,0.9964337
real,00023093_011.png,23093,,cardiomegaly_1,8.020969,0.9996716,0.9873906
real,00023093_012.png,23093,,cardiomegaly_1,9.873558,0.9999485,0.99646807
real,00023093_017.png,23093,,cardiomegaly_1,9.163092,0.9998952,0.99406177
real,00023097_000.png,23097,,cardiomegaly_1,-4.4657726,0.0113651585,0.87761307
real,00023097_001.png,23097,,cardiomegaly_1,-4.3677597,0.012520856,0.82836306
real,00023097_002.png,23097,,cardiomegaly_1,-4.6099796,0.009853954,0.8686549
real,00023097_007.png,23097,,cardiomegaly_1,-4.921936,0.0072323256,0.9100253
real,00023156_002.png,23156,,cardiomegaly_1,-1.9279118,0.12698188,0.5256996
real,00023156_004.png,23156,,cardiomegaly_1,-0.17884064,0.45540863,0.36461422
real,00023156_005.png,23156,,cardiomegaly_1,-2.8949394,0.052404292,0.6502129
real,00023156_010.png,23156,,cardiomegaly_1,-3.7052822,0.024002964,0.648231
real,00023156_013.png,23156,,cardiomegaly_1,-4.3825665,0.012339098,0.82778275
real,00023156_014.png,23156,,cardiomegaly_1,-3.819603,0.021465626,0.72951704
real,00023156_020.png,23156,,cardiomegaly_1,-4.573454,0.0102167865,0.81795603
real,00023156_021.png,23156,,cardiomegaly_1,-3.9440212,0.019002091,0.7299346
real,00023156_022.png,23156,,cardiomegaly_1,-4.9324226,0.0071574193,0.8844407
real,00023176_017.png,23176,,cardiomegaly_1,4.046173,0.9828114,0.805865
real,00023196_003.png,23196,,cardiomegaly_1,8.299543,0.9997514,0.99071985
real,00023319_000.png,23319,,cardiomegaly_1,-5.990217,0.0024968705,0.935152
real,00023325_013.png,23325,,cardiomegaly_1,7.4339294,0.99940944,0.990026
real,00023325_014.png,23325,,cardiomegaly_1,9.091339,0.99988735,0.99611574
real,00024073_000.png,24073,,cardiomegaly_1,-3.6382866,0.025623532,0.6435618
real,00024116_001.png,24116,,cardiomegaly_1,-5.3470554,0.004739582,0.85792434
real,00024264_000.png,24264,,cardiomegaly_1,-2.5624123,0.07159703,0.64073515
real,00024692_001.png,24692,,cardiomegaly_1,6.0335884,0.9976089,0.95570177
real,00024749_000.png,24749,,cardiomegaly_1,-5.435766,0.004338986,0.88716024
real,00025252_000.png,25252,,cardiomegaly_1,-3.4941788,0.029478315,0.6171994
real,00025252_001.png,25252,,cardiomegaly_1,-4.028282,0.017493421,0.7569606
real,00025261_000.png,25261,,cardiomegaly_1,-5.1170387,0.0059580347,0.87318283
real,00025261_001.png,25261,,cardiomegaly_1,-4.1640625,0.0153063545,0.7097481
real,00025261_002.png,25261,,cardiomegaly_1,-4.0021286,0.017948652,0.66837144
real,00025261_004.png,25261,,cardiomegaly_1,-3.527914,0.028528342,0.6144645
real,00025290_032.png,25290,,cardiomegaly_1,7.9753437,0.9996563,0.9826863
real,00025416_001.png,25416,,cardiomegaly_1,-2.094696,0.10961341,0.3655088
real,00025517_000.png,25517,,cardiomegaly_1,-4.0587826,0.01697684,0.5479445
real,00025527_009.png,25527,,cardiomegaly_1,-5.152359,0.005752458,0.8569587
real,00025635_000.png,25635,,cardiomegaly_1,-3.1740055,0.040155746,0.6473477
real,00025635_001.png,25635,,cardiomegaly_1,3.4991531,0.9706636,0.7434767
real,00025635_008.png,25635,,cardiomegaly_1,4.152216,0.98451406,0.860206
real,00025688_001.png,25688,,cardiomegaly_1,-5.2316895,0.0053160763,0.8638995
real,00025688_002.png,25688,,cardiomegaly_1,-6.0828953,0.0022763675,0.9380162
real,00025696_000.png,25696,,cardiomegaly_1,8.730717,0.9998385,0.9956546
real,00025696_001.png,25696,,cardiomegaly_1,5.9057446,0.9972837,0.97493863
real,00025707_008.png,25707,,cardiomegaly_1,-3.1113567,0.042641222,0.44126713
real,00025707_010.png,25707,,cardiomegaly_1,-4.0344753,0.017387295,0.6349021
real,00025707_013.png,25707,,cardiomegaly_1,-3.1642914,0.040531836,0.46509343
real,00025784_000.png,25784,,cardiomegaly_1,5.9415627,0.99737895,0.9338522
real,00025784_001.png,25784,,cardiomegaly_1,0.49738503,0.6218446,0.27639714
real,00025832_007.png,25832,,cardiomegaly_1,-4.402296,0.0121009555,0.73147154
real,00025924_003.png,25924,,cardiomegaly_1,-5.389694,0.0045426385,0.90204954
real,00025924_006.png,25924,,cardiomegaly_1,-5.6813507,0.0033973693,0.9498591
real,00025924_016.png,25924,,cardiomegaly_1,-5.46064,0.0042328415,0.9214228
real,00025924_025.png,25924,,cardiomegaly_1,-4.7578583,0.0085109165,0.84046113
real,00025924_026.png,25924,,cardiomegaly_1,-5.14275,0.0058076787,0.8771522
real,00025924_027.png,25924,,cardiomegaly_1,-5.2874203,0.005029361,0.8907428
real,00026657_000.png,26657,,cardiomegaly_1,-3.6421986,0.025526045,0.5629563
real,00026715_002.png,26715,,cardiomegaly_1,8.598007,0.99981564,0.9963625
real,00026715_003.png,26715,,cardiomegaly_1,8.275888,0.9997454,0.9955291
real,00026715_004.png,26715,,cardiomegaly_1,8.839071,0.99985504,0.99696213
real,00026738_005.png,26738,,cardiomegaly_1,-5.39571,0.004515516,0.9105738
real,00026751_000.png,26751,,cardiomegaly_1,-4.6427727,0.009539085,0.71462166
real,00026815_000.png,26815,,cardiomegaly_1,-5.5522594,0.0038636976,0.8838576
real,00026815_002.png,26815,,cardiomegaly_1,-6.1405773,0.0021490515,0.950255
real,00026889_000.png,26889,,cardiomegaly_1,2.1306725,0.89384884,0.70370173
real,00026889_001.png,26889,,cardiomegaly_1,-1.1751213,0.23593053,0.346718
real,00026889_002.png,26889,,cardiomegaly_1,-2.9253235,0.050915837,0.57061344
real,00026911_006.png,26911,,cardiomegaly_1,-3.7472935,0.02303821,0.6572576
real,00026912_000.png,26912,,cardiomegaly_1,-5.9737854,0.0025381325,0.920685
real,00026913_000.png,26913,,cardiomegaly_1,-5.7252655,0.0032518776,0.92024666
real,00026967_002.png,26967,,cardiomegaly_1,-3.8237514,0.02137866,0.6109103
real,00026999_000.png,26999,,cardiomegaly_1,-5.138895,0.005829978,0.8485846
real,00027011_000.png,27011,,cardiomegaly_1,-4.668354,0.009300399,0.81775796
real,00027061_001.png,27061,,cardiomegaly_1,9.699791,0.9999387,0.99569964
real,00027092_004.png,27092,,cardiomegaly_1,-2.5478973,0.07256787,0.34239548
real,00027092_005.png,27092,,cardiomegaly_1,-3.3652096,0.03340062,0.60149765
real,00027092_006.png,27092,,cardiomegaly_1,-5.1445847,0.0057970937,0.83400756
real,00027142_008.png,27142,,cardiomegaly_1,-4.941204,0.007095286,0.7506125
real,00027142_009.png,27142,,cardiomegaly_1,-5.0087223,0.0066351136,0.7887028
real,00027306_000.png,27306,,cardiomegaly_1,-5.643688,0.0035273028,0.90986747
real,00027389_002.png,27389,,cardiomegaly_1,8.013834,0.9996693,0.9858822
real,00027389_003.png,27389,,cardiomegaly_1,9.003805,0.9998771,0.99497753
real,00027420_002.png,27420,,cardiomegaly_1,-5.2052956,0.005457481,0.92417055
real,00027420_003.png,27420,,cardiomegaly_1,-5.648102,0.003511824,0.89374745
real,00027422_003.png,27422,,cardiomegaly_1,-3.9396534,0.019083684,0.6579488
real,00027441_025.png,27441,,cardiomegaly_1,-3.5356236,0.028315451,0.51392
real,00027474_005.png,27474,,cardiomegaly_1,-3.2120361,0.038715284,0.43783444
real,00027474_007.png,27474,,cardiomegaly_1,-3.3298073,0.03456266,0.58114153
real,00027474_008.png,27474,,cardiomegaly_1,-4.1779575,0.0150983315,0.70583797
real,00027474_009.png,27474,,cardiomegaly_1,-4.762718,0.008470004,0.7860441
real,00027485_001.png,27485,,cardiomegaly_1,-2.9886894,0.04793947,0.57928526
real,00027514_008.png,27514,,cardiomegaly_1,-5.440565,0.004318303,0.8976606
real,00027618_006.png,27618,,cardiomegaly_1,0.53829384,0.6314154,0.3761566
real,00027618_008.png,27618,,cardiomegaly_1,-2.8188934,0.056311708,0.37868854
real,00027618_009.png,27618,,cardiomegaly_1,-1.8766632,0.13277262,0.30639404
real,00027815_001.png,27815,,cardiomegaly_1,5.203516,0.9945328,0.86500084
real,00027907_001.png,27907,,cardiomegaly_1,8.830057,0.99985373,0.9914831
real,00028013_004.png,28013,,cardiomegaly_1,-4.8913727,0.007455109,0.8322084
real,00028013_005.png,28013,,cardiomegaly_1,-3.4979897,0.029369485,0.5781972
real,00028013_006.png,28013,,cardiomegaly_1,-4.6837215,0.009159867,0.80187434
real,00028013_010.png,28013,,cardiomegaly_1,-5.183523,0.005576936,0.89345187
real,00028013_011.png,28013,,cardiomegaly_1,-4.7173634,0.008859523,0.8454146
real,00028013_013.png,28013,,cardiomegaly_1,-5.239235,0.005276326,0.91175574
real,00028018_000.png,28018,,cardiomegaly_1,9.412653,0.99991834,0.9944242
real,00028027_000.png,28027,,cardiomegaly_1,3.8773365,0.9797141,0.7683922
real,00028027_003.png,28027,,cardiomegaly_1,-4.3493366,0.012750698,0.799322
real,00028027_004.png,28027,,cardiomegaly_1,-3.3835602,0.03281322,0.7073109
real,00028036_000.png,28036,,cardiomegaly_1,-3.5875568,0.026921049,0.7001631
real,00028105_000.png,28105,,cardiomegaly_1,-4.975149,0.0068601035,0.8766729
real,00028148_005.png,28148,,cardiomegaly_1,-4.2349205,0.014274256,0.6685545
real,00028148_006.png,28148,,cardiomegaly_1,-5.554592,0.00385473,0.9236675
real,00028148_008.png,28148,,cardiomegaly_1,-5.228386,0.0053335736,0.82751125
real,00028148_010.png,28148,,cardiomegaly_1,-2.8431835,0.055034738,0.5331488
real,00028148_013.png,28148,,cardiomegaly_1,-4.4513016,0.01152891,0.7047991
real,00028148_014.png,28148,,cardiomegaly_1,-4.21109,0.014613474,0.7277975
real,00028148_011.png,28148,,cardiomegaly_1,-4.4558754,0.011476902,0.69974846
real,00028148_012.png,28148,,cardiomegaly_1,-3.4301376,0.03136675,0.5860256
real,00028148_017.png,28148,,cardiomegaly_1,-4.349821,0.012744601,0.7414321
real,00028256_003.png,28256,,cardiomegaly_1,-4.936327,0.007129727,0.80128336
real,00028256_001.png,28256,,cardiomegaly_1,-3.5798702,0.027123142,0.672519
real,00028256_004.png,28256,,cardiomegaly_1,-5.690851,0.0033653534,0.90927756
real,00028256_005.png,28256,,cardiomegaly_1,-6.0090466,0.0024504098,0.9196177
real,00028274_000.png,28274,,cardiomegaly_1,-4.339857,0.01287058,0.83401453
real,00028392_001.png,28392,,cardiomegaly_1,-5.1548557,0.0057381955,0.91033405
real,00028392_004.png,28392,,cardiomegaly_1,-5.1905594,0.00553805,0.9192383
real,00028392_005.png,28392,,cardiomegaly_1,-4.917824,0.0072619114,0.8369743
real,00028412_000.png,28412,,cardiomegaly_1,-5.3256073,0.004841838,0.89438725
real,00028558_000.png,28558,,cardiomegaly_1,-5.1323566,0.005867997,0.84749603
real,00028625_000.png,28625,,cardiomegaly_1,-3.6487274,0.025364144,0.49828994
real,00028628_006.png,28628,,cardiomegaly_1,-3.6579723,0.025136603,0.66022104
real,00028628_007.png,28628,,cardiomegaly_1,-4.080263,0.016622055,0.6771843
real,00028628_008.png,28628,,cardiomegaly_1,-3.824873,0.021355212,0.68715733
real,00028628_009.png,28628,,cardiomegaly_1,-3.9079762,0.019685788,0.69634295
real,00028628_010.png,28628,,cardiomegaly_1,-4.0258846,0.017534675,0.6693638
real,00028628_016.png,28628,,cardiomegaly_1,-3.621992,0.026033517,0.6365129
real,00028628_017.png,28628,,cardiomegaly_1,-3.221321,0.038371213,0.52728605
real,00028628_022.png,28628,,cardiomegaly_1,-3.6024647,0.026533257,0.65987754
real,00028703_000.png,28703,,cardiomegaly_1,-5.2481346,0.0052298214,0.90754896
real,00028764_004.png,28764,,cardiomegaly_1,-6.364689,0.0017183193,0.9728714
real,00028766_000.png,28766,,cardiomegaly_1,-4.8211174,0.007993369,0.7961037
real,00028772_000.png,28772,,cardiomegaly_1,-5.329479,0.004823217,0.88891023
real,00028811_000.png,28811,,cardiomegaly_1,-4.553364,0.010421958,0.8474212
real,00028811_001.png,28811,,cardiomegaly_1,-3.617506,0.026147507,0.68069494
real,00028811_002.png,28811,,cardiomegaly_1,-4.731983,0.008732063,0.8896512
real,00028811_006.png,28811,,cardiomegaly_1,-4.637331,0.009590638,0.8974552
real,00028811_007.png,28811,,cardiomegaly_1,-4.9879036,0.0067737503,0.9339633
real,00028882_005.png,28882,,cardiomegaly_1,-5.67708,0.0034118595,0.9045768
real,00028897_002.png,28897,,cardiomegaly_1,-5.553852,0.0038575726,0.92548066
real,00028897_003.png,28897,,cardiomegaly_1,-5.702984,0.0033249047,0.9253362
real,00028897_011.png,28897,,cardiomegaly_1,-4.067564,0.01683091,0.6806769
real,00028897_012.png,28897,,cardiomegaly_1,-2.9451275,0.049967304,0.4370105
real,00028897_013.png,28897,,cardiomegaly_1,-3.8201942,0.021453211,0.6041882
real,00028897_015.png,28897,,cardiomegaly_1,-4.30097,0.013374111,0.76021373
real,00028897_016.png,28897,,cardiomegaly_1,-3.561512,0.027611798,0.6484867
real,00028897_018.png,28897,,cardiomegaly_1,-4.025387,0.017543254,0.7356156
real,00028897_019.png,28897,,cardiomegaly_1,-3.6418629,0.025534393,0.7333751
real,00028934_001.png,28934,,cardiomegaly_1,-3.533781,0.028366188,0.6543117
real,00029021_000.png,29021,,cardiomegaly_1,-5.259926,0.0051688342,0.85214937
real,00029022_000.png,29022,,cardiomegaly_1,-3.5008526,0.029287983,0.60527307
real,00029031_000.png,29031,,cardiomegaly_1,-6.49288,0.0015118927,0.9636712
real,00029058_004.png,29058,,cardiomegaly_1,-5.5699654,0.0037961467,0.90457076
real,00029105_001.png,29105,,cardiomegaly_1,7.6750965,0.99953604,0.9910933
real,00029105_002.png,29105,,cardiomegaly_1,8.299364,0.9997514,0.9954086
real,00029105_007.png,29105,,cardiomegaly_1,0.061113358,0.51527363,0.44369903
real,00029105_009.png,29105,,cardiomegaly_1,6.7296467,0.9988065,0.98900145
real,00029105_010.png,29105,,cardiomegaly_1,2.5060596,0.92456555,0.77996755
real,00029105_011.png,29105,,cardiomegaly_1,1.2512665,0.77751905,0.5229803
real,00029105_014.png,29105,,cardiomegaly_1,-2.632927,0.06704912,0.4780109
real,00029105_015.png,29105,,cardiomegaly_1,-2.4031124,0.08293567,0.5702409
real,00029225_000.png,29225,,cardiomegaly_1,9.038534,0.99988127,0.9961764
real,00029297_000.png,29297,,cardiomegaly_1,-6.0713406,0.0023027621,0.9496685
real,00029297_003.png,29297,,cardiomegaly_1,-2.5203838,0.07444149,0.44268903
real,00029297_004.png,29297,,cardiomegaly_1,-4.3038807,0.013335759,0.7349968
real,00029297_005.png,29297,,cardiomegaly_1,-5.8059635,0.0030005232,0.9229399
real,00029459_002.png,29459,,cardiomegaly_1,3.5209599,0.97127825,0.7506067
real,00029459_004.png,29459,,cardiomegaly_1,7.3765717,0.9993747,0.98575896
real,00029500_000.png,29500,,cardiomegaly_1,8.275713,0.9997454,0.99334645
real,00029510_000.png,29510,,cardiomegaly_1,5.7556705,0.99684525,0.96380484
real,00029551_000.png,29551,,cardiomegaly_1,-4.3323727,0.012966015,0.812408
real,00029551_003.png,29551,,cardiomegaly_1,-4.595457,0.009996662,0.8231673
real,00029551_004.png,29551,,cardiomegaly_1,-4.291931,0.013493909,0.7074626
real,00029551_005.png,29551,,cardiomegaly_1,-3.6216164,0.026043044,0.57339305
real,00029552_000.png,29552,,cardiomegaly_1,7.300186,0.99932504,0.9824391
real,00029579_000.png,29579,,cardiomegaly_1,-2.9426289,0.05008605,0.4547865
real,00029579_004.png,29579,,cardiomegaly_1,-2.1137676,0.10776587,0.5204039
real,00029579_005.png,29579,,cardiomegaly_1,1.275238,0.7816381,0.50979686
real,00029579_009.png,29579,,cardiomegaly_1,-3.63941,0.0255955,0.70145607
real,00029579_014.png,29579,,cardiomegaly_1,-4.7652397,0.008448854,0.8286752
real,00029579_012.png,29579,,cardiomegaly_1,-3.9992905,0.017998748,0.75183725
real,00029579_015.png,29579,,cardiomegaly_1,-4.0337677,0.017399387,0.77969545
real,00029631_004.png,29631,,cardiomegaly_1,0.47441864,0.61642903,0.4149489
real,00029631_006.png,29631,,cardiomegaly_1,-5.173128,0.0056348825,0.9069867
real,00029631_007.png,29631,,cardiomegaly_1,-4.956888,0.0069856416,0.88476235
real,00029631_012.png,29631,,cardiomegaly_1,-4.777828,0.008344044,0.85829955
real,00029631_013.png,29631,,cardiomegaly_1,-4.7502975,0.008574955,0.8742
real,00029747_002.png,29747,,cardiomegaly_1,-5.6463146,0.0035180836,0.9071917
real,00029756_000.png,29756,,cardiomegaly_1,-4.929014,0.007181681,0.83779263
real,00029794_000.png,29794,,cardiomegaly_1,9.530426,0.9999274,0.9953217
real,00029821_013.png,29821,,cardiomegaly_1,0.29547882,0.5733369,0.33083475
real,00029821_014.png,29821,,cardiomegaly_1,8.396843,0.9997745,0.9900676
real,00029839_008.png,29839,,cardiomegaly_1,-5.4662685,0.004209183,0.91214263
real,00029839_009.png,29839,,cardiomegaly_1,-6.138897,0.0021526578,0.95778793
real,00029943_002.png,29943,,cardiomegaly_1,-4.130884,0.015814546,0.6997396
real,00029943_004.png,29943,,cardiomegaly_1,-4.986801,0.0067811715,0.8599356
real,00029943_005.png,29943,,cardiomegaly_1,-4.7725296,0.0083880015,0.82583445
real,00029943_007.png,29943,,cardiomegaly_1,-5.19051,0.005538323,0.9017668
real,00029943_006.png,29943,,cardiomegaly_1,-4.7682877,0.008423358,0.8198576
real,00029943_008.png,29943,,cardiomegaly_1,-4.6826553,0.009169549,0.8199536
real,00029981_004.png,29981,,cardiomegaly_1,4.9736423,0.99312955,0.94231004
real,00029981_007.png,29981,,cardiomegaly_1,0.041503906,0.5103745,0.2984574
real,00030059_009.png,30059,,cardiomegaly_1,-1.3266106,0.20972057,0.4107644
real,00030059_011.png,30059,,cardiomegaly_1,-3.0942516,0.04334499,0.62555254
real,00030070_000.png,30070,,cardiomegaly_1,-4.922079,0.0072312984,0.86278737
real,00030153_004.png,30153,,cardiomegaly_1,-4.726528,0.0087794075,0.82058
real,00030162_023.png,30162,,cardiomegaly_1,-4.1220913,0.015951985,0.69083774
real,00030183_004.png,30183,,cardiomegaly_1,-5.139387,0.0058271266,0.8714049
real,00030183_005.png,30183,,cardiomegaly_1,-4.9329453,0.0071537066,0.8571092
real,00030183_006.png,30183,,cardiomegaly_1,-5.047426,0.006384823,0.8442773
real,00030196_001.png,30196,,cardiomegaly_1,-4.3917427,0.012227768,0.8085362
real,00030196_002.png,30196,,cardiomegaly_1,-4.6670685,0.009312252,0.78521276
real,00030207_000.png,30207,,cardiomegaly_1,4.480852,0.98880297,0.9288807
real,00030276_000.png,30276,,cardiomegaly_1,-4.265959,0.013844052,0.8111971
real,00030389_005.png,30389,,cardiomegaly_1,0.4913082,0.62041456,0.31356436
real,00030389_006.png,30389,,cardiomegaly_1,-1.4846077,0.18473247,0.2821509
real,00030389_007.png,30389,,cardiomegaly_1,-1.4933949,0.18341273,0.3500621
real,00030389_008.png,30389,,cardiomegaly_1,6.1015644,0.99776566,0.9578917
real,00030389_009.png,30389,,cardiomegaly_1,6.760597,0.9988427,0.9749581
real,00030389_010.png,30389,,cardiomegaly_1,5.459305,0.9957616,0.94536996
real,00030389_011.png,30389,,cardiomegaly_1,6.5203342,0.99852896,0.97242707
real,00030389_012.png,30389,,cardiomegaly_1,8.729052,0.99983823,0.9957448
real,00030389_013.png,30389,,cardiomegaly_1,6.007614,0.997546,0.9657342
real,00030436_000.png,30436,,cardiomegaly_1,-5.61619,0.003625287,0.9298136
real,00030490_000.png,30490,,cardiomegaly_1,6.0270176,0.9975931,0.9592511
real,00030541_005.png,30541,,cardiomegaly_1,-4.2278805,0.014373653,0.7251401
real,00030561_005.png,30561,,cardiomegaly_1,-4.2363873,0.014253632,0.7418707
real,00030561_006.png,30561,,cardiomegaly_1,-5.0002975,0.0066908733,0.847813
real,00030561_007.png,30561,,cardiomegaly_1,-4.228323,0.014367385,0.7860549
real,00030561_010.png,30561,,cardiomegaly_1,-4.9695816,0.0068981387,0.85023445
real,00030561_011.png,30561,,cardiomegaly_1,-5.070715,0.0062387637,0.8737221
real,00030561_013.png,30561,,cardiomegaly_1,-5.1882477,0.005550796,0.9053835
real,00030561_014.png,30561,,cardiomegaly_1,-5.344551,0.0047514103,0.91002417
real,00030561_017.png,30561,,cardiomegaly_1,-5.082861,0.00616391,0.88330495
real,00030561_018.png,30561,,cardiomegaly_1,-5.2571583,0.005183085,0.89310527
real,00030632_000.png,30632,,cardiomegaly_1,-5.41951,0.0044097845,0.9139821
real,00030650_000.png,30650,,cardiomegaly_1,-4.387787,0.01227564,0.8249143
real,00030650_001.png,30650,,cardiomegaly_1,-3.9307842,0.01925042,0.7924383
real,00030650_002.png,30650,,cardiomegaly_1,-4.0543556,0.01705088,0.7860158
real,00030650_003.png,30650,,cardiomegaly_1,-3.6201458,0.02608037,0.7257513
real,00030650_007.png,30650,,cardiomegaly_1,-3.6927948,0.02429725,0.72130144
real,00030650_008.png,30650,,cardiomegaly_1,-3.2232475,0.03830019,0.73683745
real,00030650_009.png,30650,,cardiomegaly_1,-3.601797,0.026550505,0.7386155
real,00030659_000.png,30659,,cardiomegaly_1,-3.5709743,0.027358871,0.4815624
real,00030668_000.png,30668,,cardiomegaly_1,-4.9408283,0.0070979334,0.87714803
real,00002793_006.png,2793,,cardiomegaly_1,-6.254528,0.0019180469,0.9482099
real,00014954_000.png,14954,,cardiomegaly_1,-5.88657,0.0027687962,0.9473565
real,00026982_005.png,26982,,cardiomegaly_1,-5.973585,0.0025386394,0.93788534
real,00014719_000.png,14719,,cardiomegaly_1,-5.9212,0.0026748064,0.9378744
real,00003321_001.png,3321,,cardiomegaly_1,-5.6902485,0.0033673756,0.9336135
real,00001430_001.png,1430,,cardiomegaly_1,1.9775295,0.87841755,0.54749465
real,00012460_000.png,12460,,cardiomegaly_1,-5.617058,0.0036221535,0.91897434
real,00008806_003.png,8806,,cardiomegaly_1,-4.46966,0.011321565,0.73075044
real,00010931_003.png,10931,,cardiomegaly_1,-5.7601414,0.0031407704,0.9561391
real,00026815_001.png,26815,,cardiomegaly_1,-5.37718,0.0045995796,0.81512773
real,00028980_001.png,28980,,cardiomegaly_1,-3.5501328,0.02791897,0.6816521
real,00019376_000.png,19376,,cardiomegaly_1,-4.83222,0.00790581,0.8815795
real,00020318_024.png,20318,,cardiomegaly_1,-4.5253143,0.010715249,0.85627294
real,00004909_001.png,4909,,cardiomegaly_1,-1.9483376,0.124734744,0.40068454
real,00000582_000.png,582,,cardiomegaly_1,-5.9962997,0.0024817667,0.94633675
real,00006576_000.png,6576,,cardiomegaly_1,-5.330248,0.0048195287,0.92853063
real,00022712_000.png,22712,,cardiomegaly_1,-6.48473,0.0015242463,0.97369254
real,00018361_000.png,18361,,cardiomegaly_1,-5.807371,0.0029963155,0.954438
real,00011380_001.png,11380,,cardiomegaly_1,-5.38764,0.0045519373,0.85278517
real,00009306_000.png,9306,,cardiomegaly_1,-6.244583,0.0019371795,0.96923655
real,00029058_000.png,29058,,cardiomegaly_1,-3.6814709,0.024567155,0.6903002
real,00011611_000.png,11611,,cardiomegaly_1,-5.918545,0.0026818987,0.9296513
real,00024476_000.png,24476,,cardiomegaly_1,-6.096033,0.0022467233,0.9636868
real,00012478_000.png,12478,,cardiomegaly_1,-5.888809,0.0027626203,0.94304585
real,00010673_000.png,10673,,cardiomegaly_1,-4.4426956,0.0116273975,0.7957637
real,00010933_000.png,10933,,cardiomegaly_1,-5.9285984,0.002655142,0.95379734
real,00007431_000.png,7431,,cardiomegaly_1,-5.496998,0.0040823254,0.92090625
real,00028628_005.png,28628,,cardiomegaly_1,-3.8446922,0.020944912,0.6080866
real,00002736_000.png,2736,,cardiomegaly_1,-2.607195,0.0686768,0.6038016
real,00026148_002.png,26148,,cardiomegaly_1,-6.334839,0.0017702921,0.96679175
real,00021716_004.png,21716,,cardiomegaly_1,-5.1909447,0.005535928,0.80066395
real,00005364_000.png,5364,,cardiomegaly_1,-6.2175426,0.001990171,0.95418066
real,00008623_002.png,8623,,cardiomegaly_1,-6.6139507,0.0013397244,0.97063977
real,00015553_003.png,15553,,cardiomegaly_1,-5.4189262,0.004412348,0.9163879
real,00015552_000.png,15552,,cardiomegaly_1,-3.9588394,0.018727826,0.73198414
real,00004158_000.png,4158,,cardiomegaly_1,-6.246931,0.0019326452,0.96054846
real,00008802_002.png,8802,,cardiomegaly_1,4.7810974,0.991683,0.9028048
real,00004699_000.png,4699,,cardiomegaly_1,-5.8121147,0.002982178,0.927653
real,00015795_002.png,15795,,cardiomegaly_1,-5.9256897,0.002662856,0.92629206
real,00014429_018.png,14429,,cardiomegaly_1,-5.093008,0.0061020604,0.8389958
real,00010920_003.png,10920,,cardiomegaly_1,-5.8832226,0.0027780542,0.9580531
real,00006490_001.png,6490,,cardiomegaly_1,-5.5894756,0.0037230738,0.9147133
real,00020060_005.png,20060,,cardiomegaly_1,-5.14184,0.0058129337,0.87207055
real,00013970_000.png,13970,,cardiomegaly_1,-4.6643257,0.009337589,0.78602093
real,00012352_000.png,12352,,cardiomegaly_1,-3.4955235,0.02943987,0.7277893
real,00001199_006.png,1199,,cardiomegaly_1,-4.133301,0.015776977,0.70357496
real,00019771_000.png,19771,,cardiomegaly_1,-4.8969955,0.0074136164,0.8233694
real,00000304_000.png,304,,cardiomegaly_1,-5.265299,0.005141279,0.8694068
real,00028287_000.png,28287,,cardiomegaly_1,-5.805235,0.003002704,0.9162511
real,00015000_007.png,15000,,cardiomegaly_1,-6.1458054,0.0021378694,0.959641
real,00018476_000.png,18476,,cardiomegaly_1,-6.644718,0.0012991849,0.9640045
real,00027035_000.png,27035,,cardiomegaly_1,-6.0156918,0.0024342197,0.9365705
real,00002228_000.png,2228,,cardiomegaly_1,-5.7312775,0.0032324493,0.92152745
real,00019640_000.png,19640,,cardiomegaly_1,-5.6531467,0.003494213,0.92097396
real,00010175_000.png,10175,,cardiomegaly_1,-5.9217186,0.0026734232,0.919876
real,00003940_006.png,3940,,cardiomegaly_1,-6.0669575,0.002312854,0.9364338
real,00014387_006.png,14387,,cardiomegaly_1,-4.08033,0.016620964,0.6746701
real,00021375_002.png,21375,,cardiomegaly_1,-5.977207,0.0025294845,0.9349206
real,00001230_006.png,1230,,cardiomegaly_1,-6.2059593,0.002013311,0.9232797
real,00012772_003.png,12772,,cardiomegaly_1,-5.733761,0.0032244576,0.92449534
real,00026354_001.png,26354,,cardiomegaly_1,-5.345894,0.004745065,0.84783864
real,00028962_000.png,28962,,cardiomegaly_1,-5.7101765,0.0033011544,0.92312866
real,00007876_000.png,7876,,cardiomegaly_1,-6.4312267,0.0016078847,0.9832476
real,00006921_000.png,6921,,cardiomegaly_1,-5.899349,0.0027337344,0.9049354
real,00008576_000.png,8576,,cardiomegaly_1,1.7827721,0.85603887,0.65436155
real,00021871_000.png,21871,,cardiomegaly_1,4.057234,0.9829973,0.8874405
real,00019774_008.png,19774,,cardiomegaly_1,-3.9785805,0.018368468,0.69461966
real,00026911_003.png,26911,,cardiomegaly_1,-1.8378372,0.13730729,0.30180135
real,00009761_000.png,9761,,cardiomegaly_1,-2.8199615,0.056254975,0.42661828
real,00005511_000.png,5511,,cardiomegaly_1,-6.483652,0.0015258873,0.96507096
real,00000517_004.png,517,,cardiomegaly_1,-3.0722504,0.044266522,0.51049596
real,00027025_000.png,27025,,cardiomegaly_1,-5.993538,0.0024886134,0.94610053
real,00009061_001.png,9061,,cardiomegaly_1,-6.1335087,0.002164263,0.9636042
real,00006851_029.png,6851,,cardiomegaly_1,-5.4116173,0.004444571,0.85048985
real,00020193_000.png,20193,,cardiomegaly_1,-5.9589767,0.0025759006,0.9454347
real,00029105_019.png,29105,,cardiomegaly_1,3.0263786,0.95375174,0.7779297
real,00018284_013.png,18284,,cardiomegaly_1,-3.0909653,0.043481473,0.5243127
real,00016990_001.png,16990,,cardiomegaly_1,-3.6196842,0.026092099,0.7061048
real,00001563_000.png,1563,,cardiomegaly_1,-6.3113346,0.001812318,0.9551177
real,00010465_001.png,10465,,cardiomegaly_1,-5.6935234,0.0033564027,0.95171225
real,00020568_000.png,20568,,cardiomegaly_1,5.4662323,0.99579066,0.92704064
real,00022920_000.png,22920,,cardiomegaly_1,-6.246191,0.0019340734,0.9477301
real,00016907_000.png,16907,,cardiomegaly_1,-5.7168865,0.0032791498,0.9139443
real,00005401_001.png,5401,,cardiomegaly_1,-6.347866,0.0017474198,0.9534979
real,00004734_001.png,4734,,cardiomegaly_1,-3.539917,0.028197562,0.61928904
real,00002793_001.png,2793,,cardiomegaly_1,-5.9748154,0.002535526,0.9525236
real,00030153_002.png,30153,,cardiomegaly_1,-5.7192135,0.0032715534,0.9298978
real,00023937_000.png,23937,,cardiomegaly_1,-5.7625847,0.0031331303,0.95358354
real,00029879_001.png,29879,,cardiomegaly_1,-4.701971,0.00899571,0.83829576
real,00009907_001.png,9907,,cardiomegaly_1,-5.3444347,0.0047519603,0.8584198
real,00007088_000.png,7088,,cardiomegaly_1,-5.9536934,0.002589511,0.95520675
real,00017618_001.png,17618,,cardiomegaly_1,-5.633997,0.003561531,0.904157
real,00026342_000.png,26342,,cardiomegaly_1,-6.1293583,0.002173245,0.9461397
real,00006936_006.png,6936,,cardiomegaly_1,-5.835354,0.0029138732,0.9358002
real,00019503_000.png,19503,,cardiomegaly_1,-6.2049026,0.0020154351,0.9595641
real,00021239_001.png,21239,,cardiomegaly_1,-6.6147976,0.0013385918,0.9688196
real,00015762_000.png,15762,,cardiomegaly_1,-6.4748917,0.0015392927,0.9767413
real,00012129_000.png,12129,,cardiomegaly_1,-5.872734,0.002807263,0.94330347
real,00007589_000.png,7589,,cardiomegaly_1,-6.328951,0.0017807276,0.97487354
real,00011310_000.png,11310,,cardiomegaly_1,-4.691372,0.009090693,0.8731532
real,00011029_001.png,11029,,cardiomegaly_1,-6.0136642,0.0024391483,0.954739
real,00017824_000.png,17824,,cardiomegaly_1,-5.405405,0.0044721444,0.86580575
real,00003013_002.png,3013,,cardiomegaly_1,-5.406416,0.0044676457,0.89296365
real,00013541_000.png,13541,,cardiomegaly_1,-4.8658123,0.007646645,0.81422615
real,00010905_017.png,10905,,cardiomegaly_1,-5.572033,0.003788336,0.903012
real,00012784_000.png,12784,,cardiomegaly_1,-5.237009,0.0052880216,0.90169257
real,00023943_000.png,23943,,cardiomegaly_1,-6.518524,0.0014736707,0.97840154
real,00001470_001.png,1470,,cardiomegaly_1,-2.6916847,0.06346581,0.5047526
real,00016417_005.png,16417,,cardiomegaly_1,-2.8143234,0.05655506,0.40173662
real,00017014_000.png,17014,,cardiomegaly_1,-6.0567284,0.0023365784,0.95316905
real,00001223_001.png,1223,,cardiomegaly_1,2.2700844,0.906369,0.63239086
real,00022677_003.png,22677,,cardiomegaly_1,0.007955551,0.5019889,0.3115073
real,00026292_004.png,26292,,cardiomegaly_1,-2.3872242,0.08415212,0.25232318
real,00007113_000.png,7113,,cardiomegaly_1,-5.3066654,0.0049339687,0.9087077
real,00021976_001.png,21976,,cardiomegaly_1,-5.7080994,0.0033079954,0.9240186
real,00017729_006.png,17729,,cardiomegaly_1,-6.1628933,0.0021017243,0.9610212
real,00015149_000.png,15149,,cardiomegaly_1,-4.8001404,0.008161435,0.7374566
real,00029340_001.png,29340,,cardiomegaly_1,-6.126583,0.0021792713,0.95763487
real,00011985_000.png,11985,,cardiomegaly_1,-6.0147667,0.0024364672,0.92996156
real,00025037_000.png,25037,,cardiomegaly_1,-6.4470787,0.0015826373,0.97287
real,00009757_000.png,9757,,cardiomegaly_1,-4.354891,0.01268097,0.79445213
real,00001995_000.png,1995,,cardiomegaly_1,-5.898403,0.002736315,0.9133654
real,00014560_000.png,14560,,cardiomegaly_1,-5.4982796,0.0040771174,0.91927177
real,00025738_000.png,25738,,cardiomegaly_1,-6.452589,0.0015739541,0.9687603
real,00024116_002.png,24116,,cardiomegaly_1,-4.3117085,0.013233154,0.8170578
real,00012537_000.png,12537,,cardiomegaly_1,-6.289791,0.0018517122,0.9655761
real,00006005_000.png,6005,,cardiomegaly_1,-3.9100761,0.019645305,0.5830166
real,00023422_000.png,23422,,cardiomegaly_1,-6.139984,0.002150324,0.96373
real,00014662_001.png,14662,,cardiomegaly_1,-6.168066,0.0020909032,0.9621063
real,00015783_000.png,15783,,cardiomegaly_1,-2.0120392,0.11794467,0.44254872
real,00025058_000.png,25058,,cardiomegaly_1,-6.2640266,0.0018999487,0.96392715
real,00008142_005.png,8142,,cardiomegaly_1,-6.1399326,0.0021504345,0.9624285
real,00016219_000.png,16219,,cardiomegaly_1,-5.6865044,0.0033799643,0.9313585
real,00020699_003.png,20699,,cardiomegaly_1,3.1722088,0.959775,0.65314704
real,00020139_000.png,20139,,cardiomegaly_1,-6.0620766,0.0023241441,0.95114225
real,00011237_004.png,11237,,cardiomegaly_1,-3.1904736,0.039525796,0.64782083
real,00004466_000.png,4466,,cardiomegaly_1,-5.8787594,0.0027904464,0.9473929
real,00003785_001.png,3785,,cardiomegaly_1,-4.9068413,0.0073415157,0.87655896
real,00022033_000.png,22033,,cardiomegaly_1,-5.760765,0.0031388185,0.91795605
real,00016341_001.png,16341,,cardiomegaly_1,-5.553955,0.003857177,0.93683624
real,00009498_000.png,9498,,cardiomegaly_1,-6.176283,0.0020738286,0.9553438
real,00003105_000.png,3105,,cardiomegaly_1,-6.273266,0.0018825084,0.9769014
real,00020912_001.png,20912,,cardiomegaly_1,-6.278059,0.0018735237,0.97374815
real,00026599_001.png,26599,,cardiomegaly_1,-6.3159313,0.0018040214,0.9479365
real,00007379_000.png,7379,,cardiomegaly_1,-5.951645,0.0025948074,0.943459
real,00010920_006.png,10920,,cardiomegaly_1,-6.231846,0.001961963,0.94791573
real,00004562_000.png,4562,,cardiomegaly_1,-5.381962,0.0045777387,0.912663
real,00023219_000.png,23219,,cardiomegaly_1,-5.8080215,0.0029943732,0.9160052
real,00003640_001.png,3640,,cardiomegaly_1,-6.0832176,0.0022756357,0.9586171
real,00001170_003.png,1170,,cardiomegaly_1,6.166687,0.9979062,0.96339196
real,00001203_017.png,1203,,cardiomegaly_1,-5.473978,0.0041769925,0.88453656
real,00008185_001.png,8185,,cardiomegaly_1,-3.5752544,0.027245209,0.54234886
real,00022389_000.png,22389,,cardiomegaly_1,-6.1070004,0.002222272,0.93821734
real,00021424_000.png,21424,,cardiomegaly_1,-4.854246,0.007734912,0.7715684
real,00030332_000.png,30332,,cardiomegaly_1,-6.144083,0.0021415467,0.9488788
real,00002225_002.png,2225,,cardiomegaly_1,0.437603,0.6076878,0.23910926
real,00001803_013.png,1803,,cardiomegaly_1,-0.45220375,0.38883695,0.3041467
real,00023043_000.png,23043,,cardiomegaly_1,-4.805212,0.008120483,0.9079
real,00005530_001.png,5530,,cardiomegaly_1,-2.7157269,0.062051702,0.54719055
real,00030650_004.png,30650,,cardiomegaly_1,-3.4685097,0.030221632,0.66938853
real,00026736_000.png,26736,,cardiomegaly_1,-5.970087,0.0025475125,0.93655115
real,00011491_000.png,11491,,cardiomegaly_1,-5.6123505,0.003639182,0.9258785
real,00000705_002.png,705,,cardiomegaly_1,-5.0360928,0.006457127,0.77812946
real,00016509_001.png,16509,,cardiomegaly_1,-6.0791607,0.0022848656,0.9344966
real,00003320_002.png,3320,,cardiomegaly_1,-6.2877426,0.0018555023,0.9544131
real,00006030_000.png,6030,,cardiomegaly_1,-6.1297436,0.0021724096,0.9601408
real,00012304_009.png,12304,,cardiomegaly_1,-4.198408,0.01479722,0.7084463
real,00010445_001.png,10445,,cardiomegaly_1,-5.77474,0.0030953928,0.9514837
real,00030196_003.png,30196,,cardiomegaly_1,-4.5256233,0.010711974,0.7682425
real,00007258_004.png,7258,,cardiomegaly_1,-6.3408012,0.001759787,0.95692915
real,00020292_000.png,20292,,cardiomegaly_1,-6.342785,0.0017563057,0.96447855
real,00007389_001.png,7389,,cardiomegaly_1,-1.0444412,0.260294,0.40904507
real,00005401_003.png,5401,,cardiomegaly_1,-6.3866405,0.0016810729,0.9695036
real,00024497_000.png,24497,,cardiomegaly_1,-6.295948,0.0018403672,0.9699936
real,00021409_007.png,21409,,cardiomegaly_1,6.797476,0.9988846,0.9878324
real,00022159_000.png,22159,,cardiomegaly_1,-6.4507713,0.0015768133,0.9792774
real,00002837_000.png,2837,,cardiomegaly_1,-4.012106,0.017773628,0.6437784
real,00014939_000.png,14939,,cardiomegaly_1,-5.971201,0.0025446839,0.92547405
real,00002114_000.png,2114,,cardiomegaly_1,-6.0005455,0.002471278,0.94230866
real,00024641_000.png,24641,,cardiomegaly_1,-5.970131,0.002547401,0.94650084
real,00028148_003.png,28148,,cardiomegaly_1,-3.6402168,0.025575384,0.69077337
real,00025230_000.png,25230,,cardiomegaly_1,-5.906992,0.002712977,0.9378023
real,00002793_003.png,2793,,cardiomegaly_1,-4.8079014,0.00809885,0.8332371
real,00019640_003.png,19640,,cardiomegaly_1,-5.9438286,0.0026151151,0.9432902
real,00005347_000.png,5347,,cardiomegaly_1,-6.6255093,0.0013243486,0.97276074
real,00024875_000.png,24875,,cardiomegaly_1,-6.4377594,0.0015974316,0.967608
real,00017754_000.png,17754,,cardiomegaly_1,-5.63435,0.0035602786,0.90816027
real,00019868_002.png,19868,,cardiomegaly_1,-5.902872,0.002724147,0.9458938
real,00025020_000.png,25020,,cardiomegaly_1,-6.026417,0.0024083147,0.94833994
real,00002736_001.png,2736,,cardiomegaly_1,-1.054266,0.25840676,0.36352286
real,00017592_000.png,17592,,cardiomegaly_1,-6.169565,0.0020877775,0.9558482
real,00023012_004.png,23012,,cardiomegaly_1,-5.6840897,0.0033881085,0.95777464
real,00010152_001.png,10152,,cardiomegaly_1,-5.0224648,0.006545147,0.85009044
real,00002685_001.png,2685,,cardiomegaly_1,-5.6195393,0.003613209,0.9089101
real,00027847_002.png,27847,,cardiomegaly_1,3.019062,0.953428,0.78408444
real,00026957_000.png,26957,,cardiomegaly_1,-5.9035416,0.0027223285,0.9233954
real,00014695_002.png,14695,,cardiomegaly_1,7.0121384,0.99909997,0.98065567
real,00029105_028.png,29105,,cardiomegaly_1,-5.1669827,0.005669422,0.82016975
real,00008335_000.png,8335,,cardiomegaly_1,-6.336128,0.001768015,0.96581155
real,00000246_018.png,246,,cardiomegaly_1,-5.024105,0.00653449,0.7594849
real,00015177_000.png,15177,,cardiomegaly_1,-5.791214,0.0030449717,0.92298335
real,00002831_000.png,2831,,cardiomegaly_1,-5.926346,0.0026611139,0.9140236
real,00024326_000.png,24326,,cardiomegaly_1,-6.5898285,0.0013723896,0.9789621
real,00005053_001.png,5053,,cardiomegaly_1,-6.1740723,0.0020784084,0.95092475
real,00003804_012.png,3804,,cardiomegaly_1,-5.5993767,0.0036865284,0.8985795
real,00021970_005.png,21970,,cardiomegaly_1,-5.7620697,0.003134739,0.96108794
real,00016484_027.png,16484,,cardiomegaly_1,9.353048,0.99991333,0.99561894
real,00010892_000.png,10892,,cardiomegaly_1,-5.3097725,0.0049187373,0.8914764
real,00014145_000.png,14145,,cardiomegaly_1,-5.0691566,0.006248432,0.88576376
real,00027625_000.png,27625,,cardiomegaly_1,-6.0400352,0.002375817,0.9296046
real,00025215_000.png,25215,,cardiomegaly_1,-3.851593,0.020803867,0.6712259
real,00002355_005.png,2355,,cardiomegaly_1,-5.2855988,0.005038484,0.86249477
real,00011932_006.png,11932,,cardiomegaly_1,-6.0186825,0.0024269682,0.9448469
real,00014087_000.png,14087,,cardiomegaly_1,-6.147169,0.0021349622,0.95926845
real,00004899_000.png,4899,,cardiomegaly_1,-5.524563,0.0039717737,0.89245003
real,00001775_003.png,1775,,cardiomegaly_1,-3.0660725,0.04452863,0.5179102
real,00028598_000.png,28598,,cardiomegaly_1,-5.5059032,0.004046278,0.90461034
real,00019815_000.png,19815,,cardiomegaly_1,-5.7033463,0.0033237038,0.9484614
real,00024789_001.png,24789,,cardiomegaly_1,-6.0187874,0.0024267144,0.94669086
real,00005002_000.png,5002,,cardiomegaly_1,1.9255657,0.87275785,0.57667494
real,00003013_003.png,3013,,cardiomegaly_1,-5.5228252,0.003978654,0.9046667
real,00025438_000.png,25438,,cardiomegaly_1,-6.178337,0.0020695815,0.963872
real,00029382_000.png,29382,,cardiomegaly_1,-6.226532,0.0019723957,0.9596302
real,00015313_013.png,15313,,cardiomegaly_1,-4.932585,0.0071562673,0.7019293
real,00024474_000.png,24474,,cardiomegaly_1,-6.403799,0.0016525214,0.97556937
real,00006694_001.png,6694,,cardiomegaly_1,-5.6588,0.0034745834,0.94190264
real,00003576_000.png,3576,,cardiomegaly_1,-5.7939816,0.0030365817,0.9495809
real,00013288_001.png,13288,,cardiomegaly_1,-3.9972153,0.018035462,0.7130174
real,00001727_000.png,1727,,cardiomegaly_1,-3.9104462,0.019638177,0.7274456
real,00018844_000.png,18844,,cardiomegaly_1,7.3779774,0.9993755,0.988906
real,00013162_000.png,13162,,cardiomegaly_1,-6.0849705,0.0022716594,0.9183521
real,00018345_000.png,18345,,cardiomegaly_1,-4.5896473,0.010054324,0.69472575
real,00020341_000.png,20341,,cardiomegaly_1,-4.934969,0.007139348,0.81008464
real,00003804_000.png,3804,,cardiomegaly_1,-5.419176,0.0044112504,0.9020898
real,00014809_010.png,14809,,cardiomegaly_1,-6.158861,0.002110198,0.9550072
real,00029487_001.png,29487,,cardiomegaly_1,-6.3041553,0.0018253522,0.9515219
real,00029211_000.png,29211,,cardiomegaly_1,-5.8150883,0.00297335,0.9229932
real,00004435_004.png,4435,,cardiomegaly_1,-5.5820045,0.0037508886,0.9148967
real,00008142_001.png,8142,,cardiomegaly_1,-6.096361,0.0022459882,0.95664334
real,00003499_004.png,3499,,cardiomegaly_1,-3.447115,0.030855017,0.64415467
real,00019163_000.png,19163,,cardiomegaly_1,-6.068531,0.002309226,0.9497648
real,00010120_020.png,10120,,cardiomegaly_1,-5.5484943,0.0038782158,0.8998628
real,00002402_000.png,2402,,cardiomegaly_1,-2.4275818,0.08109348,0.5419363
real,00029025_004.png,29025,,cardiomegaly_1,-5.134186,0.005857337,0.86354107
real,00011598_020.png,11598,,cardiomegaly_1,-5.241623,0.0052638077,0.8603536
real,00012855_000.png,12855,,cardiomegaly_1,4.7632275,0.9915343,0.86207944
real,00030389_014.png,30389,,cardiomegaly_1,5.1487064,0.9942266,0.9133161
real,00024171_000.png,24171,,cardiomegaly_1,-6.1661854,0.002094831,0.9528596
real,00007851_004.png,7851,,cardiomegaly_1,-5.833845,0.0029182602,0.9640828
real,00011932_005.png,11932,,cardiomegaly_1,-6.136162,0.002158541,0.9343955
real,00027422_000.png,27422,,cardiomegaly_1,-6.330906,0.0017772559,0.96254283
real,00013397_000.png,13397,,cardiomegaly_1,-5.6663494,0.0034485415,0.9062959
real,00000318_009.png,318,,cardiomegaly_1,-5.771183,0.0031063892,0.9325867
real,00025924_005.png,25924,,cardiomegaly_1,-6.001198,0.0024696705,0.95630604
real,00001507_002.png,1507,,cardiomegaly_1,-5.5090084,0.004033784,0.9328217
real,00007851_001.png,7851,,cardiomegaly_1,-5.6736736,0.0034234622,0.96746093
real,00026354_000.png,26354,,cardiomegaly_1,-4.5010033,0.010976046,0.74942994
real,00018642_001.png,18642,,cardiomegaly_1,-5.546213,0.0038870382,0.91299146
real,00016245_000.png,16245,,cardiomegaly_1,-6.636791,0.0013095109,0.97972995
real,00007340_004.png,7340,,cardiomegaly_1,-5.254385,0.005197404,0.8943273
real,00000273_009.png,273,,cardiomegaly_1,-5.3088875,0.004923071,0.8435139
real,00017778_000.png,17778,,cardiomegaly_1,7.4203377,0.99940145,0.98620975
real,00023339_000.png,23339,,cardiomegaly_1,-6.3244,0.0017888355,0.95362425
real,00006981_017.png,6981,,cardiomegaly_1,-5.899084,0.0027344571,0.928118
real,00017013_001.png,17013,,cardiomegaly_1,-5.9642735,0.002562328,0.9570409
real,00019574_000.png,19574,,cardiomegaly_1,-3.0112114,0.046921942,0.5813068
real,00029200_001.png,29200,,cardiomegaly_1,-5.3316116,0.004812992,0.8932961
real,00012772_006.png,12772,,cardiomegaly_1,-6.2498875,0.0019269511,0.95741946
real,00020624_013.png,20624,,cardiomegaly_1,-5.207506,0.0054454952,0.8777889
real,00020060_004.png,20060,,cardiomegaly_1,-5.302231,0.0049557886,0.89081025
real,00017747_018.png,17747,,cardiomegaly_1,-2.2952023,0.09152109,0.47121418
real,00000318_007.png,318,,cardiomegaly_1,-5.893135,0.0027507283,0.9249129
real,00017930_002.png,17930,,cardiomegaly_1,-2.7720032,0.05885595,0.4056795
real,00021023_024.png,21023,,cardiomegaly_1,-5.868168,0.0028200746,0.9225965
real,00011929_000.png,11929,,cardiomegaly_1,-5.3096504,0.004919335,0.87674683
real,00015142_000.png,15142,,cardiomegaly_1,1.7838192,0.8561678,0.48902366
real,00001222_007.png,1222,,cardiomegaly_1,-5.620037,0.0036114173,0.88599426
real,00007159_000.png,7159,,cardiomegaly_1,-5.284931,0.005041832,0.84148955
real,00012669_000.png,12669,,cardiomegaly_1,-5.6962185,0.0033473996,0.924292
real,00027427_005.png,27427,,cardiomegaly_1,-3.7117424,0.023852088,0.69542193
real,00016484_003.png,16484,,cardiomegaly_1,8.493622,0.99979526,0.9925862
real,00001336_000.png,1336,,cardiomegaly_1,-6.3841324,0.0016852873,0.97286266
real,00028358_000.png,28358,,cardiomegaly_1,6.308323,0.9981823,0.96216416
real,00010015_000.png,10015,,cardiomegaly_1,-6.046793,0.0023598538,0.9509954
real,00006002_000.png,6002,,cardiomegaly_1,-3.2763996,0.036389757,0.66723883
real,00000246_000.png,246,,cardiomegaly_1,-5.572937,0.0037849254,0.910386
real,00013098_000.png,13098,,cardiomegaly_1,-6.2475853,0.0019313837,0.9546072
real,00018869_000.png,18869,,cardiomegaly_1,-5.939007,0.002627722,0.94254386
real,00025696_002.png,25696,,cardiomegaly_1,8.014666,0.99966955,0.99507236
real,00001977_000.png,1977,,cardiomegaly_1,-5.595234,0.003701776,0.86908954
real,00014335_000.png,14335,,cardiomegaly_1,-5.9681263,0.0025524998,0.95657736
real,00025924_001.png,25924,,cardiomegaly_1,-5.011999,0.0066135507,0.8399807
real,00026180_000.png,26180,,cardiomegaly_1,-5.070278,0.006241472,0.84707993
real,00022312_001.png,22312,,cardiomegaly_1,-6.6532764,0.0012881279,0.97571385
real,00005768_005.png,5768,,cardiomegaly_1,-5.7407703,0.003202007,0.917451
real,00019260_003.png,19260,,cardiomegaly_1,-6.1561604,0.0021158927,0.9526416
real,00003548_002.png,3548,,cardiomegaly_1,-5.4296894,0.0043653175,0.8762579
real,00010695_018.png,10695,,cardiomegaly_1,-5.0848465,0.0061517586,0.9054587
real,00029428_000.png,29428,,cardiomegaly_1,-6.2941284,0.0018437129,0.96415424
real,00026292_006.png,26292,,cardiomegaly_1,-5.0527954,0.00635085,0.7961249
real,00004580_000.png,4580,,cardiomegaly_1,-6.013695,0.002439074,0.9629019
real,00019554_000.png,19554,,cardiomegaly_1,-6.3606033,0.0017253417,0.96250737
real,00011139_001.png,11139,,cardiomegaly_1,-2.1125393,0.10788404,0.35324618
real,00014126_000.png,14126,,cardiomegaly_1,-5.489832,0.0041115633,0.93553984
real,00009815_004.png,9815,,cardiomegaly_1,-4.9975014,0.006709483,0.8450657
real,00017747_060.png,17747,,cardiomegaly_1,-4.9168777,0.0072687343,0.88252014
real,00003464_001.png,3464,,cardiomegaly_1,-6.5192795,0.0014725598,0.9718254
real,00024003_000.png,24003,,cardiomegaly_1,-5.302042,0.0049567204,0.8603776
real,00014171_001.png,14171,,cardiomegaly_1,-4.726221,0.00878208,0.81558377
real,00021983_000.png,21983,,cardiomegaly_1,-5.8929405,0.002751262,0.90774226
real,00006566_000.png,6566,,cardiomegaly_1,-5.1998615,0.0054870546,0.84572595
real,00021562_001.png,21562,,cardiomegaly_1,-5.170393,0.005650229,0.8794678
real,00016698_001.png,16698,,cardiomegaly_1,-6.3491573,0.0017451689,0.96277666
real,00017747_021.png,17747,,cardiomegaly_1,-2.4257374,0.081231035,0.51050943
real,00020458_003.png,20458,,cardiomegaly_1,-3.1878128,0.039626934,0.48045298
real,00026833_000.png,26833,,cardiomegaly_1,-5.324442,0.004847456,0.8741744
real,00002962_000.png,2962,,cardiomegaly_1,-5.6875534,0.0033764327,0.93940336
real,00016865_000.png,16865,,cardiomegaly_1,-6.4411545,0.001592026,0.96661377
real,00008157_000.png,8157,,cardiomegaly_1,-5.0920753,0.00610772,0.8783785
real,00005063_000.png,5063,,cardiomegaly_1,-5.926918,0.0026595956,0.9515768
real,00007424_001.png,7424,,cardiomegaly_1,-6.4464855,0.001583575,0.9676469
real,00010964_000.png,10964,,cardiomegaly_1,-6.0758877,0.0022923388,0.960819
real,00023372_000.png,23372,,cardiomegaly_1,-5.785652,0.0030619025,0.9288762
real,00024386_000.png,24386,,cardiomegaly_1,-6.1263847,0.0021797027,0.9651147
real,00010481_033.png,10481,,cardiomegaly_1,-5.1420975,0.005811446,0.8709868
real,00001222_003.png,1222,,cardiomegaly_1,-6.1131783,0.002208616,0.94535357
real,00001104_006.png,1104,,cardiomegaly_1,-4.5350304,0.010612744,0.7510863
real,00016568_006.png,16568,,cardiomegaly_1,-4.726219,0.008782096,0.8345927
real,00017835_011.png,17835,,cardiomegaly_1,-4.319107,0.01313689,0.67608
real,00006527_000.png,6527,,cardiomegaly_1,-6.187523,0.0020506966,0.9712013
real,00001136_002.png,1136,,cardiomegaly_1,-6.1007175,0.0022362468,0.9526078
real,00028457_000.png,28457,,cardiomegaly_1,-4.4480915,0.011565549,0.76105744
real,00009378_006.png,9378,,cardiomegaly_1,-6.1460934,0.0021372552,0.9472414
real,00021976_000.png,21976,,cardiomegaly_1,-5.087572,0.006135117,0.82937735
real,00029569_000.png,29569,,cardiomegaly_1,-6.1691055,0.0020887353,0.95827985
real,00007082_000.png,7082,,cardiomegaly_1,-4.7336235,0.008717877,0.7536071
real,00015795_000.png,15795,,cardiomegaly_1,-5.6840305,0.0033883078,0.9103704
real,00018616_000.png,18616,,cardiomegaly_1,-3.6474705,0.025395237,0.5811961
real,00019345_000.png,19345,,cardiomegaly_1,-4.5139904,0.010835956,0.73712647
real,00007389_002.png,7389,,cardiomegaly_1,0.51597214,0.62620544,0.41700673
real,00017836_001.png,17836,,cardiomegaly_1,-3.2524052,0.037240557,0.3890929
real,00023372_003.png,23372,,cardiomegaly_1,-5.9471607,0.0026064385,0.95507747
real,00009090_001.png,9090,,cardiomegaly_1,-5.5796566,0.0037596729,0.9400565
real,00001222_000.png,1222,,cardiomegaly_1,-6.3765755,0.0016980496,0.9596905
real,00030690_000.png,30690,,cardiomegaly_1,-6.4358006,0.001600559,0.97075254
real,00025054_000.png,25054,,cardiomegaly_1,-6.2744007,0.0018803773,0.946245
real,00007153_000.png,7153,,cardiomegaly_1,-4.545519,0.010503176,0.8147878
real,00012913_001.png,12913,,cardiomegaly_1,-5.8173103,0.00296677,0.9167515
real,00022266_000.png,22266,,cardiomegaly_1,-5.8581295,0.0028484452,0.9380627
real,00027857_001.png,27857,,cardiomegaly_1,-6.3749237,0.0017008521,0.96764654
real,00012178_004.png,12178,,cardiomegaly_1,-6.323084,0.0017911872,0.9402267
real,00029847_000.png,29847,,cardiomegaly_1,-6.002079,0.0024675005,0.9579794
real,00006040_000.png,6040,,cardiomegaly_1,-5.8611736,0.0028398118,0.9062731
real,00020359_000.png,20359,,cardiomegaly_1,-6.4011993,0.0016568162,0.9754705
real,00008802_004.png,8802,,cardiomegaly_1,8.997019,0.99987626,0.99688053
real,00030783_000.png,30783,,cardiomegaly_1,-4.8497963,0.0077691395,0.8190262
real,00001733_002.png,1733,,cardiomegaly_1,-5.912384,0.0026984273,0.93488824
real,00026105_000.png,26105,,cardiomegaly_1,-6.004528,0.0024614797,0.9469562
real,00022135_010.png,22135,,cardiomegaly_1,-6.1327457,0.0021659115,0.9630621
real,00029487_000.png,29487,,cardiomegaly_1,-4.977009,0.0068474445,0.82214046
real,00016975_007.png,16975,,cardiomegaly_1,-4.891447,0.007454558,0.880863
real,00001122_001.png,1122,,cardiomegaly_1,7.8842487,0.99962354,0.9867687
real,00017465_001.png,17465,,cardiomegaly_1,-6.01733,0.0024302446,0.9192927
real,00021710_000.png,21710,,cardiomegaly_1,-5.415909,0.0044256225,0.8761165
real,00015347_000.png,15347,,cardiomegaly_1,-3.2788658,0.036303375,0.62289155
real,00013408_015.png,13408,,cardiomegaly_1,-4.473078,0.01128337,0.7956265
real,00000705_001.png,705,,cardiomegaly_1,-4.9912014,0.006751599,0.78855455
real,00014809_020.png,14809,,cardiomegaly_1,-6.330225,0.0017784644,0.9641106
real,00008013_004.png,8013,,cardiomegaly_1,-4.6052437,0.00990027,0.8434046
real,00023156_007.png,23156,,cardiomegaly_1,1.1083126,0.75181437,0.5373009
real,00029885_000.png,29885,,cardiomegaly_1,-6.236738,0.0019524065,0.96656907
real,00013723_001.png,13723,,cardiomegaly_1,-6.239435,0.0019471581,0.96009624
real,00004493_000.png,4493,,cardiomegaly_1,-4.324358,0.013068988,0.7833472
real,00007616_002.png,7616,,cardiomegaly_1,-2.0889988,0.11017069,0.33446303
real,00018008_000.png,18008,,cardiomegaly_1,-5.8208504,0.0029563168,0.9106881
real,00024125_000.png,24125,,cardiomegaly_1,2.8731575,0.9465034,0.6551691
real,00012304_003.png,12304,,cardiomegaly_1,-3.9283867,0.019295739,0.5568214
real,00004057_000.png,4057,,cardiomegaly_1,-5.62702,0.0035863773,0.88816136
real,00013625_018.png,13625,,cardiomegaly_1,-5.1514416,0.005757707,0.90287393
real,00021475_000.png,21475,,cardiomegaly_1,-5.5755444,0.003775107,0.9059852
real,00020060_002.png,20060,,cardiomegaly_1,-4.7715664,0.008396017,0.8153002
real,00015009_004.png,15009,,cardiomegaly_1,-5.472004,0.004185212,0.8967425
real,00003439_006.png,3439,,cardiomegaly_1,-6.043482,0.0023676618,0.93800557
real,00012585_007.png,12585,,cardiomegaly_1,-5.3158855,0.004888907,0.8582284
real,00005768_008.png,5768,,cardiomegaly_1,-5.819916,0.0029590728,0.9089908
real,00028027_005.png,28027,,cardiomegaly_1,-3.9855137,0.018243873,0.74617416
real,00019911_001.png,19911,,cardiomegaly_1,-5.7973747,0.003026327,0.93354076
real,00029678_000.png,29678,,cardiomegaly_1,-4.649109,0.009479407,0.77333254
real,00002825_003.png,2825,,cardiomegaly_1,-6.101963,0.0022334696,0.9357269
real,00002383_001.png,2383,,cardiomegaly_1,7.3272114,0.999343,0.98531955
real,00003570_003.png,3570,,cardiomegaly_1,-5.9485283,0.0026028855,0.9418725
real,00012975_006.png,12975,,cardiomegaly_1,-3.6832352,0.024524912,0.7161313
real,00002816_001.png,2816,,cardiomegaly_1,-6.5031204,0.0014965122,0.97360903
real,00007325_000.png,7325,,cardiomegaly_1,-1.7072678,0.15351842,0.54286206
real,00013372_001.png,13372,,cardiomegaly_1,-4.9137306,0.0072914786,0.77907455
real,00006574_000.png,6574,,cardiomegaly_1,-6.084942,0.0022717242,0.9578796
real,00014295_001.png,14295,,cardiomegaly_1,-6.2844124,0.0018616803,0.95836663
real,00006024_011.png,6024,,cardiomegaly_1,-5.7524204,0.0031650371,0.94463927
real,00013489_000.png,13489,,cardiomegaly_1,-6.2613945,0.0019049466,0.9392893
real,00029870_000.png,29870,,cardiomegaly_1,-5.598526,0.0036896542,0.8906238
real,00023506_000.png,23506,,cardiomegaly_1,-6.3091125,0.0018163424,0.9706111
real,00000865_008.png,865,,cardiomegaly_1,-5.684925,0.0033852884,0.8986693
real,00000877_033.png,877,,cardiomegaly_1,-6.287443,0.001856057,0.9682528
real,00011726_000.png,11726,,cardiomegaly_1,-5.5996895,0.00368538,0.91673917
real,00017785_000.png,17785,,cardiomegaly_1,-6.0101814,0.0024476375,0.9018379
real,00027829_000.png,27829,,cardiomegaly_1,-6.203617,0.0020180226,0.94015765
real,00000023_000.png,23,,cardiomegaly_1,-4.858761,0.007700338,0.85302365
real,00026299_000.png,26299,,cardiomegaly_1,-5.5704384,0.003794358,0.87597406
real,00019963_000.png,19963,,cardiomegaly_1,-5.5040684,0.0040536793,0.8779117
real,00005579_001.png,5579,,cardiomegaly_1,-5.544945,0.0038919528,0.9175059
real,00015338_011.png,15338,,cardiomegaly_1,-4.4315147,0.011756594,0.815778
real,00009090_003.png,9090,,cardiomegaly_1,-4.4769955,0.011239748,0.8327664
real,00010042_004.png,10042,,cardiomegaly_1,-5.400156,0.0044955746,0.95217997
real,00025527_001.png,25527,,cardiomegaly_1,-5.020685,0.0065567284,0.8224922
real,00022827_000.png,22827,,cardiomegaly_1,-6.300392,0.0018322215,0.9633238
real,00021305_000.png,21305,,cardiomegaly_1,-5.9857197,0.002508097,0.9480327
real,00004018_000.png,4018,,cardiomegaly_1,-6.3633842,0.0017205587,0.9689563
real,00014922_000.png,14922,,cardiomegaly_1,-6.4765015,0.0015368208,0.9764086
real,00002566_000.png,2566,,cardiomegaly_1,-4.51145,0.01086322,0.79687005
real,00008136_000.png,8136,,cardiomegaly_1,-5.772337,0.0031028178,0.9366244
real,00008929_000.png,8929,,cardiomegaly_1,-3.2821617,0.03618824,0.6161361
real,00000949_009.png,949,,cardiomegaly_1,-5.1410885,0.0058172788,0.82191056
real,00028533_000.png,28533,,cardiomegaly_1,-5.4177475,0.004417529,0.8358506
real,00001170_044.png,1170,,cardiomegaly_1,-4.0753155,0.016703123,0.68313897
real,00010905_011.png,10905,,cardiomegaly_1,-5.677677,0.0034098302,0.91427296
real,00000169_001.png,169,,cardiomegaly_1,-5.934725,0.0026389682,0.93143433
real,00000318_000.png,318,,cardiomegaly_1,-5.9845047,0.0025111388,0.95084625
real,00022334_000.png,22334,,cardiomegaly_1,-6.6284924,0.0013204091,0.9673278
real,00016195_000.png,16195,,cardiomegaly_1,6.7439995,0.99882346,0.9496024
real,00008698_000.png,8698,,cardiomegaly_1,9.608179,0.99993277,0.9958631
real,00015313_012.png,15313,,cardiomegaly_1,-6.182907,0.0020601645,0.9206181
real,00026815_003.png,26815,,cardiomegaly_1,-5.8329697,0.0029208087,0.91697025
real,00008386_001.png,8386,,cardiomegaly_1,-5.8318863,0.0029239657,0.95253944
real,00028766_004.png,28766,,cardiomegaly_1,-5.0841255,0.006156169,0.86378473
real,00006674_001.png,6674,,cardiomegaly_1,-6.5106525,0.0014852993,0.9685731
real,00014719_002.png,14719,,cardiomegaly_1,-5.410639,0.0044489033,0.8719744
real,00003174_013.png,3174,,cardiomegaly_1,-6.0230618,0.0024163888,0.95595676
real,00005347_001.png,5347,,cardiomegaly_1,-6.1611576,0.0021053676,0.9506722
real,00024931_000.png,24931,,cardiomegaly_1,-6.4887676,0.0015181133,0.96229357
real,00010120_000.png,10120,,cardiomegaly_1,-5.521511,0.0039838646,0.89822966
real,00012653_001.png,12653,,cardiomegaly_1,-4.9623966,0.006947535,0.82138956
real,00015840_000.png,15840,,cardiomegaly_1,-6.156437,0.0021153088,0.95462686
real,00010713_001.png,10713,,cardiomegaly_1,-1.277008,0.21805996,0.2587534
real,00021344_000.png,21344,,cardiomegaly_1,-2.7886505,0.05794057,0.42178595
real,00002073_001.png,2073,,cardiomegaly_1,-2.9907188,0.047846932,0.55342525
real,00026111_001.png,26111,,cardiomegaly_1,-5.721838,0.0032630062,0.93875754
real,00016484_023.png,16484,,cardiomegaly_1,-3.1116276,0.042630166,0.49108675
real,00028566_000.png,28566,,cardiomegaly_1,-6.765358,0.0011517067,0.97721314
real,00007931_000.png,7931,,cardiomegaly_1,-5.6857376,0.0033825482,0.93658227
real,00003042_001.png,3042,,cardiomegaly_1,-5.6927376,0.0033590326,0.93788415
real,00011153_000.png,11153,,cardiomegaly_1,1.1143646,0.7529419,0.40630126
real,00021716_002.png,21716,,cardiomegaly_1,-4.3512726,0.012726352,0.73355824
real,00025676_000.png,25676,,cardiomegaly_1,-6.1717377,0.0020832561,0.9661127
real,00006123_003.png,6123,,cardiomegaly_1,-6.4911404,0.001514521,0.97627586
real,00004773_001.png,4773,,cardiomegaly_1,-5.4535084,0.004263007,0.92472094
real,00012797_000.png,12797,,cardiomegaly_1,-6.0058117,0.0024583298,0.9321431
real,00016842_002.png,16842,,cardiomegaly_1,-6.1474457,0.002134373,0.9623851
real,00011732_000.png,11732,,cardiomegaly_1,-5.845995,0.00288312,0.9005896
real,00009777_000.png,9777,,cardiomegaly_1,-5.732193,0.0032295007,0.93237215
real,00024861_000.png,24861,,cardiomegaly_1,-5.962126,0.0025678228,0.94349134
real,00029926_000.png,29926,,cardiomegaly_1,-5.911339,0.0027012415,0.9377848
real,00010071_001.png,10071,,cardiomegaly_1,-5.8795795,0.002788165,0.92530644
real,00022788_004.png,22788,,cardiomegaly_1,-5.1124954,0.005985003,0.91109693
real,00029648_000.png,29648,,cardiomegaly_1,-6.660475,0.0012789005,0.97677606
real,00011910_009.png,11910,,cardiomegaly_1,-6.0514984,0.0023488016,0.9406823
real,00021972_024.png,21972,,cardiomegaly_1,0.66934586,0.6613566,0.2859217
real,00016410_000.png,16410,,cardiomegaly_1,-6.270418,0.0018878666,0.96887964
real,00013181_003.png,13181,,cardiomegaly_1,-5.7412834,0.0032003697,0.94548255
real,00005614_001.png,5614,,cardiomegaly_1,-5.9032726,0.0027230592,0.956289
real,00014110_000.png,14110,,cardiomegaly_1,-1.8328705,0.13789667,0.33049887
real,00028148_015.png,28148,,cardiomegaly_1,-3.9320602,0.019226344,0.6089974
real,00013427_000.png,13427,,cardiomegaly_1,-5.9839363,0.0025125626,0.9279759
real,00016879_000.png,16879,,cardiomegaly_1,-5.802759,0.0030101244,0.9151392
real,00013723_000.png,13723,,cardiomegaly_1,-6.3186626,0.0017991096,0.9670593
real,00000085_000.png,85,,cardiomegaly_1,-4.1366043,0.015725764,0.6271685
real,00026599_000.png,26599,,cardiomegaly_1,-6.4157047,0.0016329958,0.96496165
real,00017729_001.png,17729,,cardiomegaly_1,-6.184101,0.0020577111,0.9521068
real,00016255_000.png,16255,,cardiomegaly_1,-5.291544,0.005008768,0.9158542
real,00020758_000.png,20758,,cardiomegaly_1,8.527088,0.99980205,0.9924985
real,00030029_000.png,30029,,cardiomegaly_1,-6.511429,0.0014841486,0.973398
real,00006098_006.png,6098,,cardiomegaly_1,-5.5887794,0.0037256568,0.89789057
real,00023625_000.png,23625,,cardiomegaly_1,-6.4221344,0.0016225467,0.9747442
real,00009034_006.png,9034,,cardiomegaly_1,2.309723,0.9096791,0.5801683
real,00009061_000.png,9061,,cardiomegaly_1,-5.9246483,0.002665623,0.9528462
real,00008359_000.png,8359,,cardiomegaly_1,-2.423315,0.081411995,0.6880964
real,00001170_004.png,1170,,cardiomegaly_1,-3.54068,0.028176665,0.6795633
real,00015087_011.png,15087,,cardiomegaly_1,-5.4672375,0.0042051245,0.8788733
real,00005401_007.png,5401,,cardiomegaly_1,-3.4716034,0.030131089,0.6995763
real,00020631_001.png,20631,,cardiomegaly_1,-6.0687714,0.002308672,0.9469496
real,00010984_003.png,10984,,cardiomegaly_1,-5.6512375,0.0035008674,0.93228537
real,00025075_005.png,25075,,cardiomegaly_1,-5.2870255,0.005031337,0.886007
real,00018448_017.png,18448,,cardiomegaly_1,-5.7946243,0.0030346366,0.9603307
real,00000341_000.png,341,,cardiomegaly_1,-5.9172344,0.0026854058,0.90107745
real,00006955_000.png,6955,,cardiomegaly_1,-6.0317993,0.0023954175,0.9587604
real,00002168_000.png,2168,,cardiomegaly_1,-6.5483665,0.0014304046,0.9758985
real,00025483_000.png,25483,,cardiomegaly_1,-1.8074265,0.14094944,0.3134532
real,00008562_000.png,8562,,cardiomegaly_1,-6.4621887,0.0015589405,0.978905
real,00028614_000.png,28614,,cardiomegaly_1,-6.3148365,0.0018059938,0.9720413
real,00005014_014.png,5014,,cardiomegaly_1,-2.8676453,0.05377635,0.4446902
real,00024583_000.png,24583,,cardiomegaly_1,-6.154272,0.0021198834,0.9612313
real,00026264_000.png,26264,,cardiomegaly_1,-5.748184,0.0031784305,0.9012362
real,00017111_006.png,17111,,cardiomegaly_1,-4.668171,0.009302086,0.8840836
real,00012074_000.png,12074,,cardiomegaly_1,-5.8405037,0.0028989494,0.90597
real,00013303_000.png,13303,,cardiomegaly_1,-6.0078506,0.0024533349,0.95299166
real,00005552_000.png,5552,,cardiomegaly_1,3.0632553,0.95535135,0.6374901
real,00016205_006.png,16205,,cardiomegaly_1,-4.54541,0.010504305,0.75127727
real,00010481_029.png,10481,,cardiomegaly_1,-5.759754,0.0031419832,0.94186664
real,00022788_003.png,22788,,cardiomegaly_1,-5.518358,0.003996395,0.932517
real,00020802_000.png,20802,,cardiomegaly_1,-6.2939777,0.0018439902,0.9705481
real,00023133_002.png,23133,,cardiomegaly_1,-5.007782,0.0066413144,0.8477963
real,00011770_008.png,11770,,cardiomegaly_1,-3.7291012,0.023451243,0.6304097
real,00029286_000.png,29286,,cardiomegaly_1,-6.2605,0.0019066483,0.96915257
real,00029203_000.png,29203,,cardiomegaly_1,-1.1300392,0.24415386,0.34013602
real,00021424_004.png,21424,,cardiomegaly_1,-4.623802,0.0097199995,0.78346276
real,00021409_000.png,21409,,cardiomegaly_1,7.344391,0.9993542,0.9884541
real,00011932_007.png,11932,,cardiomegaly_1,-6.066946,0.0023128805,0.9165527
real,00001713_000.png,1713,,cardiomegaly_1,1.7019653,0.8457912,0.36945617
real,00012980_000.png,12980,,cardiomegaly_1,-5.308111,0.0049268752,0.90903264
real,00028229_000.png,28229,,cardiomegaly_1,-6.346298,0.0017501567,0.9669511
real,00028282_000.png,28282,,cardiomegaly_1,-6.229948,0.0019656827,0.9555516
real,00013533_001.png,13533,,cardiomegaly_1,-5.9503136,0.002598255,0.93464994
real,00004318_000.png,4318,,cardiomegaly_1,-5.7376423,0.0032120065,0.9416274
real,00001974_007.png,1974,,cardiomegaly_1,-5.130499,0.0058788443,0.8395015
real,00009699_000.png,9699,,cardiomegaly_1,3.2028904,0.9609429,0.82173675
real,00014838_000.png,14838,,cardiomegaly_1,-5.8665123,0.002824734,0.9435694
real,00012919_000.png,12919,,cardiomegaly_1,2.3298187,0.9113167,0.53954667
real,00006526_000.png,6526,,cardiomegaly_1,-5.9902973,0.0024966707,0.9458416
real,00008054_000.png,8054,,cardiomegaly_1,-5.9860134,0.0025073625,0.9483473
real,00009652_000.png,9652,,cardiomegaly_1,6.4086704,0.99835545,0.9670114
real,00012585_002.png,12585,,cardiomegaly_1,-5.7706127,0.003108156,0.93939453
real,00012086_000.png,12086,,cardiomegaly_1,-6.291523,0.001848514,0.9534439
real,00025908_000.png,25908,,cardiomegaly_1,-5.9676247,0.0025537773,0.94249386
real,00016842_000.png,16842,,cardiomegaly_1,-6.2739353,0.0018812511,0.9713864
real,00008593_002.png,8593,,cardiomegaly_1,-5.4928074,0.0040993975,0.9667666
real,00019857_001.png,19857,,cardiomegaly_1,-5.9192753,0.0026799454,0.938069
real,00017111_008.png,17111,,cardiomegaly_1,-4.7551613,0.008533705,0.85048664
real,00021652_000.png,21652,,cardiomegaly_1,-6.53524,0.0014492769,0.9776912
real,00022883_016.png,22883,,cardiomegaly_1,2.6475143,0.9338577,0.7805537
real,00004378_001.png,4378,,cardiomegaly_1,-6.5307293,0.0014558198,0.97567433
real,00021705_000.png,21705,,cardiomegaly_1,-6.307226,0.0018197657,0.97031516
real,00016769_000.png,16769,,cardiomegaly_1,3.2703304,0.9633968,0.7006475
real,00008806_009.png,8806,,cardiomegaly_1,-3.888382,0.020067504,0.59971535
real,00016789_006.png,16789,,cardiomegaly_1,-5.396736,0.004510906,0.87046975
real,00018044_004.png,18044,,cardiomegaly_1,-5.097294,0.0060761226,0.7767525
real,00000463_000.png,463,,cardiomegaly_1,-5.4052143,0.0044729933,0.8625794
real,00012017_000.png,12017,,cardiomegaly_1,-6.066864,0.0023130698,0.9594882
real,00009369_000.png,9369,,cardiomegaly_1,-5.882387,0.0027803697,0.9336706
real,00001059_006.png,1059,,cardiomegaly_1,-5.27207,0.005106762,0.8314124
real,00005532_033.png,5532,,cardiomegaly_1,6.7519684,0.99883276,0.93412083
real,00009409_002.png,9409,,cardiomegaly_1,-6.45121,0.0015761228,0.97407573
real,00025432_000.png,25432,,cardiomegaly_1,-5.9925423,0.0024910863,0.92839944
real,00014523_000.png,14523,,cardiomegaly_1,-6.1388493,0.0021527603,0.95791996
real,00027084_000.png,27084,,cardiomegaly_1,-6.23069,0.0019642278,0.96321404
real,00007719_000.png,7719,,cardiomegaly_1,-6.1441708,0.0021413593,0.9472433
real,00012585_014.png,12585,,cardiomegaly_1,-5.6418304,0.0035338388,0.8717586
real,00006791_002.png,6791,,cardiomegaly_1,-4.198778,0.014791827,0.7685285
real,00016789_008.png,16789,,cardiomegaly_1,-5.7461834,0.0031847758,0.9440269
real,00018603_000.png,18603,,cardiomegaly_1,-5.455946,0.0042526727,0.879482
real,00012400_000.png,12400,,cardiomegaly_1,-6.4560184,0.0015685743,0.967637
real,00026299_001.png,26299,,cardiomegaly_1,-6.0617085,0.0023249977,0.9177353
real,00000821_000.png,821,,cardiomegaly_1,-5.623783,0.0035979624,0.89619607
real,00003570_005.png,3570,,cardiomegaly_1,-6.409212,0.0016436152,0.97204685
real,00012476_001.png,12476,,cardiomegaly_1,-6.179117,0.002067971,0.96178406
real,00023964_000.png,23964,,cardiomegaly_1,-5.6966667,0.0033459046,0.8751305
real,00006002_003.png,6002,,cardiomegaly_1,-5.0628567,0.006287673,0.79047424
real,00008806_000.png,8806,,cardiomegaly_1,-5.216198,0.0053986236,0.85804844
real,00030149_000.png,30149,,cardiomegaly_1,-6.4986935,0.0015031421,0.96033335
real,00010936_001.png,10936,,cardiomegaly_1,-4.6707535,0.009278316,0.74055755
real,00024948_000.png,24948,,cardiomegaly_1,-6.546612,0.0014329132,0.9668415
real,00029393_000.png,29393,,cardiomegaly_1,-5.9183865,0.0026823222,0.93006414
real,00023266_005.png,23266,,cardiomegaly_1,-5.19722,0.0055014887,0.8756135
real,00018284_023.png,18284,,cardiomegaly_1,-4.644354,0.009524158,0.8595196
real,00006024_002.png,6024,,cardiomegaly_1,-4.788418,0.008256876,0.8622063
real,00016724_002.png,16724,,cardiomegaly_1,-5.173952,0.005630268,0.9167087
real,00009936_000.png,9936,,cardiomegaly_1,0.8706646,0.70488393,0.37200603
real,00010682_000.png,10682,,cardiomegaly_1,-6.042507,0.0023699652,0.93736297
real,00003785_006.png,3785,,cardiomegaly_1,-5.2395115,0.005274875,0.8554198
real,00015938_000.png,15938,,cardiomegaly_1,-5.180891,0.005591553,0.85400814
real,00013952_006.png,13952,,cardiomegaly_1,-5.020693,0.006556679,0.7856153
real,00014352_004.png,14352,,cardiomegaly_1,-6.199278,0.0020267805,0.9406135
real,00004547_000.png,4547,,cardiomegaly_1,-6.0647984,0.0023178416,0.958722
real,00029140_000.png,29140,,cardiomegaly_1,-4.80249,0.008142436,0.80541754
real,00012625_012.png,12625,,cardiomegaly_1,-6.3611126,0.0017244649,0.97310966
real,00011987_000.png,11987,,cardiomegaly_1,-6.017004,0.0024310353,0.94735
real,00016388_000.png,16388,,cardiomegaly_1,-6.217375,0.001990504,0.97127634
real,00021362_000.png,21362,,cardiomegaly_1,-5.169737,0.0056539164,0.8934381
real,00002515_001.png,2515,,cardiomegaly_1,-5.357939,0.00468852,0.8814631
real,00028465_001.png,28465,,cardiomegaly_1,-5.7680435,0.0031161266,0.86080104
real,00025466_000.png,25466,,cardiomegaly_1,-5.9556923,0.0025843533,0.96687937
real,00018822_000.png,18822,,cardiomegaly_1,-5.9903126,0.0024966327,0.94625014
real,00010481_004.png,10481,,cardiomegaly_1,-5.8656425,0.0028271852,0.9353
real,00024245_000.png,24245,,cardiomegaly_1,-6.267887,0.001892642,0.970806
real,00022341_000.png,22341,,cardiomegaly_1,-6.2607574,0.0019061583,0.9635022
real,00008318_000.png,8318,,cardiomegaly_1,6.817381,0.9989066,0.96040404
real,00022532_000.png,22532,,cardiomegaly_1,-6.5958614,0.0013641462,0.9751225
real,00018044_041.png,18044,,cardiomegaly_1,-3.509468,0.029044032,0.54037905
real,00001248_034.png,1248,,cardiomegaly_1,-4.7836037,0.008296391,0.81984216
real,00030001_000.png,30001,,cardiomegaly_1,-4.780897,0.008318689,0.8129391
real,00016123_000.png,16123,,cardiomegaly_1,-6.189533,0.0020465867,0.952979
real,00001075_044.png,1075,,cardiomegaly_1,6.6542683,0.99871314,0.9709902
real,00022155_017.png,22155,,cardiomegaly_1,-2.6429157,0.06642699,0.40155378
real,00020312_030.png,20312,,cardiomegaly_1,-6.208151,0.0020089124,0.95450586
real,00003362_002.png,3362,,cardiomegaly_1,-5.2558975,0.0051895897,0.9260862
real,00020572_001.png,20572,,cardiomegaly_1,-6.175274,0.0020759176,0.94393176
real,00009138_022.png,9138,,cardiomegaly_1,0.83545303,0.69750667,0.49626306
real,00007131_006.png,7131,,cardiomegaly_1,-5.617201,0.0036216374,0.9282896
real,00012329_001.png,12329,,cardiomegaly_1,-6.102764,0.0022316852,0.93758917
real,00008185_000.png,8185,,cardiomegaly_1,3.5201912,0.9712568,0.8049205
real,00018547_000.png,18547,,cardiomegaly_1,-6.2425785,0.0019410593,0.96252215
real,00029423_000.png,29423,,cardiomegaly_1,-4.325144,0.013058856,0.8490927
real,00017326_001.png,17326,,cardiomegaly_1,-6.3659077,0.0017162298,0.9631191
real,00014307_001.png,14307,,cardiomegaly_1,-5.908884,0.0027078625,0.93373454
real,00006674_000.png,6674,,cardiomegaly_1,-6.361244,0.0017242383,0.96969795
real,00018044_003.png,18044,,cardiomegaly_1,-5.1949253,0.005514057,0.85136855
real,00019406_000.png,19406,,cardiomegaly_1,-5.366625,0.0046481597,0.91153705
real,00003896_004.png,3896,,cardiomegaly_1,-5.549181,0.0038755639,0.93301386
real,00011932_003.png,11932,,cardiomegaly_1,-4.233885,0.014288837,0.7934491
real,00019317_000.png,19317,,cardiomegaly_1,-6.2997932,0.0018333172,0.95967084
real,00002139_000.png,2139,,cardiomegaly_1,-6.0214024,0.0024203924,0.9422673
real,00013678_003.png,13678,,cardiomegaly_1,-5.845724,0.0028838988,0.91915935
real,00016512_001.png,16512,,cardiomegaly_1,-6.161457,0.0021047385,0.9412203
real,00008502_000.png,8502,,cardiomegaly_1,-6.400028,0.0016587544,0.9760464
real,00014294_003.png,14294,,cardiomegaly_1,-4.477989,0.011228709,0.7944425
real,00018011_000.png,18011,,cardiomegaly_1,-5.554306,0.0038558287,0.92574245
real,00001203_002.png,1203,,cardiomegaly_1,-5.591137,0.0037169168,0.9138469
real,00005250_001.png,5250,,cardiomegaly_1,-6.1465263,0.002136332,0.9415654
real,00028042_000.png,28042,,cardiomegaly_1,-6.3439484,0.001754267,0.9547017
real,00017330_000.png,17330,,cardiomegaly_1,-5.032833,0.0064780726,0.9269034
real,00010936_003.png,10936,,cardiomegaly_1,-3.3085556,0.035278846,0.56380826
real,00011380_022.png,11380,,cardiomegaly_1,-5.034096,0.0064699515,0.836121
real,00009105_003.png,9105,,cardiomegaly_1,-5.2240715,0.005356511,0.8688699
real,00006012_000.png,6012,,cardiomegaly_1,-6.0777245,0.0022881418,0.95780885
real,00006040_005.png,6040,,cardiomegaly_1,-5.294325,0.004994928,0.89370674
real,00011279_000.png,11279,,cardiomegaly_1,-4.899744,0.00739342,0.8561345
real,00016485_000.png,16485,,cardiomegaly_1,-4.2922726,0.013489365,0.75396585
real,00003094_003.png,3094,,cardiomegaly_1,-4.765568,0.008446106,0.7572836
real,00020699_001.png,20699,,cardiomegaly_1,-2.0856361,0.11050076,0.5452632
real,00001213_003.png,1213,,cardiomegaly_1,-5.897976,0.0027374807,0.9388105
real,00028764_000.png,28764,,cardiomegaly_1,-6.5320854,0.0014538496,0.9777914
real,00005501_000.png,5501,,cardiomegaly_1,-6.598339,0.0013607751,0.97174007
real,00012051_004.png,12051,,cardiomegaly_1,-6.4050236,0.0016505027,0.9454042
real,00023621_000.png,23621,,cardiomegaly_1,-6.510351,0.0014857464,0.9693508
real,00001174_000.png,1174,,cardiomegaly_1,-5.9893208,0.002499104,0.94960254
real,00012536_001.png,12536,,cardiomegaly_1,-4.011673,0.017781189,0.5852715
real,00004490_005.png,4490,,cardiomegaly_1,-5.744917,0.0031887994,0.9088142
real,00014462_001.png,14462,,cardiomegaly_1,-5.6175632,0.0036203298,0.9302882
real,00007623_002.png,7623,,cardiomegaly_1,-5.957617,0.002579397,0.9647057
real,00015449_000.png,15449,,cardiomegaly_1,-4.518219,0.010790724,0.83850956
real,00002585_001.png,2585,,cardiomegaly_1,-4.4833145,0.011169737,0.8698761
real,00001292_000.png,1292,,cardiomegaly_1,-5.698063,0.0033412518,0.9294874
real,00007313_002.png,7313,,cardiomegaly_1,-5.7121983,0.003294509,0.9295334
real,00024273_000.png,24273,,cardiomegaly_1,-6.3849716,0.0016838762,0.9534195
real,00008728_000.png,8728,,cardiomegaly_1,-5.261265,0.0051619536,0.89527386
real,00025832_003.png,25832,,cardiomegaly_1,-5.71249,0.0032935506,0.90613455
real,00010453_000.png,10453,,cardiomegaly_1,-6.4315434,0.0016073764,0.95487434
real,00004589_000.png,4589,,cardiomegaly_1,-5.593096,0.00370967,0.91547537
real,00021375_007.png,21375,,cardiomegaly_1,-5.681822,0.0033957744,0.94595385
real,00007019_001.png,7019,,cardiomegaly_1,-6.4249268,0.0016180297,0.9690676
real,00011910_003.png,11910,,cardiomegaly_1,-5.595316,0.0037014734,0.9025589
real,00015056_005.png,15056,,cardiomegaly_1,-5.3671,0.0046459627,0.93477404
real,00028766_002.png,28766,,cardiomegaly_1,-5.4873524,0.0041217287,0.8897427
real,00017020_000.png,17020,,cardiomegaly_1,-5.280382,0.005064703,0.7655742
real,00016939_000.png,16939,,cardiomegaly_1,-6.4660397,0.0015529579,0.9602107
real,00015795_003.png,15795,,cardiomegaly_1,-5.744114,0.0031913528,0.92361605
real,00006024_006.png,6024,,cardiomegaly_1,-4.836897,0.007869213,0.7995874
real,00016191_019.png,16191,,cardiomegaly_1,-5.804739,0.0030041889,0.91936046
real,00017747_061.png,17747,,cardiomegaly_1,-5.1231537,0.005921928,0.95301455
real,00010246_000.png,10246,,cardiomegaly_1,-3.5289955,0.028498387,0.6043103
real,00004943_000.png,4943,,cardiomegaly_1,-5.013405,0.0066043218,0.8106854
real,00021288_000.png,21288,,cardiomegaly_1,-5.7242775,0.0032550818,0.9389485
real,00025046_000.png,25046,,cardiomegaly_1,-6.321205,0.0017945495,0.96199316
real,00015338_003.png,15338,,cardiomegaly_1,-5.748144,0.0031785574,0.92353165
real,00014504_000.png,14504,,cardiomegaly_1,-5.155245,0.005735976,0.89320946
real,00014281_000.png,14281,,cardiomegaly_1,-6.0618496,0.0023246706,0.92301613
real,00006098_007.png,6098,,cardiomegaly_1,-5.945408,0.0026109992,0.9209283
real,00004695_000.png,4695,,cardiomegaly_1,-5.2296696,0.0053267675,0.80023146
real,00027153_001.png,27153,,cardiomegaly_1,-4.6425896,0.009540816,0.8245629
real,00028027_002.png,28027,,cardiomegaly_1,-1.7130451,0.15276916,0.34043396
real,00004834_000.png,4834,,cardiomegaly_1,-6.080616,0.00228155,0.9526473
real,00006002_001.png,6002,,cardiomegaly_1,-5.257593,0.005180843,0.8841104
real,00002825_001.png,2825,,cardiomegaly_1,-5.4507904,0.0042745597,0.8722154
real,00021569_000.png,21569,,cardiomegaly_1,-6.283308,0.0018637336,0.9731344
real,00013138_002.png,13138,,cardiomegaly_1,-6.0756836,0.0022928056,0.9427368
real,00014029_000.png,14029,,cardiomegaly_1,-6.40732,0.0016467229,0.9706689
real,00021614_001.png,21614,,cardiomegaly_1,-5.930254,0.0026507617,0.9203805
real,00014045_000.png,14045,,cardiomegaly_1,-5.340824,0.004769067,0.8749722
real,00006202_000.png,6202,,cardiomegaly_1,9.071228,0.9998851,0.99693865
real,00020060_007.png,20060,,cardiomegaly_1,-1.9566422,0.12383089,0.32476142
real,00001587_000.png,1587,,cardiomegaly_1,-5.956978,0.0025810415,0.92395717
real,00020674_000.png,20674,,cardiomegaly_1,-6.064926,0.0023175462,0.93863636
real,00022763_000.png,22763,,cardiomegaly_1,-5.5406094,0.0039087962,0.8851714
real,00025832_004.png,25832,,cardiomegaly_1,-5.267069,0.0051322337,0.8149961
real,00000877_007.png,877,,cardiomegaly_1,-5.816145,0.0029702191,0.9309126
real,00008733_000.png,8733,,cardiomegaly_1,-6.263876,0.0019002345,0.96568
real,00005903_000.png,5903,,cardiomegaly_1,-5.759121,0.0031439671,0.91731167
real,00030781_000.png,30781,,cardiomegaly_1,5.3293705,0.9951762,0.8823256
real,00026409_000.png,26409,,cardiomegaly_1,-6.0802727,0.002282332,0.9468134
real,00000872_000.png,872,,cardiomegaly_1,-5.8712597,0.0028113935,0.912467
real,00015597_000.png,15597,,cardiomegaly_1,-5.7246513,0.003253869,0.902569
real,00005395_001.png,5395,,cardiomegaly_1,-3.0681534,0.04444018,0.5510764
real,00008081_019.png,8081,,cardiomegaly_1,-4.1371384,0.015717497,0.74768674
real,00001733_001.png,1733,,cardiomegaly_1,-6.5296974,0.0014573205,0.95704144
real,00020642_006.png,20642,,cardiomegaly_1,-5.9293365,0.0026531883,0.94602585
real,00008489_015.png,8489,,cardiomegaly_1,-4.8375015,0.007864494,0.8654915
real,00019575_000.png,19575,,cardiomegaly_1,6.017864,0.99757105,0.90732485
real,00008342_023.png,8342,,cardiomegaly_1,-5.110031,0.005999682,0.88620543
real,00024797_000.png,24797,,cardiomegaly_1,-5.9856377,0.0025083022,0.9670881
real,00008779_000.png,8779,,cardiomegaly_1,-6.1740704,0.0020784123,0.9506552
real,00003812_002.png,3812,,cardiomegaly_1,-5.9414845,0.0026212365,0.9641162
real,00019544_000.png,19544,,cardiomegaly_1,-6.327198,0.0017838461,0.96163553
real,00003804_001.png,3804,,cardiomegaly_1,-5.7154274,0.0032839226,0.9438327
real,00004909_005.png,4909,,cardiomegaly_1,1.5424957,0.82382727,0.5137839
real,00029543_002.png,29543,,cardiomegaly_1,0.5166912,0.6263737,0.36828876
real,00022582_001.png,22582,,cardiomegaly_1,-6.320051,0.0017966178,0.9551226
real,00000463_001.png,463,,cardiomegaly_1,-4.897543,0.0074095908,0.81042916
real,00000796_004.png,796,,cardiomegaly_1,4.1741104,0.9848444,0.9169382
real,00022155_012.png,22155,,cardiomegaly_1,-3.340454,0.03420915,0.46059
real,00012304_002.png,12304,,cardiomegaly_1,-4.0540543,0.01705593,0.69158965
real,00003570_001.png,3570,,cardiomegaly_1,-6.370426,0.0017085058,0.9622421
real,00015449_002.png,15449,,cardiomegaly_1,-6.125763,0.0021810555,0.94008493
real,00023776_000.png,23776,,cardiomegaly_1,-5.7344418,0.00322227,0.9229614
real,00001606_004.png,1606,,cardiomegaly_1,-5.565468,0.0038131932,0.9087602
real,00026795_000.png,26795,,cardiomegaly_1,-5.794384,0.0030353637,0.9382712
real,00030805_000.png,30805,,cardiomegaly_1,-6.418478,0.0016284807,0.96065694
real,00017747_023.png,17747,,cardiomegaly_1,-3.6221943,0.026028391,0.749262
real,00010348_001.png,10348,,cardiomegaly_1,-6.0895767,0.0022612433,0.9584408
real,00016929_001.png,16929,,cardiomegaly_1,0.8212738,0.6945067,0.34397382
real,00002120_001.png,2120,,cardiomegaly_1,-4.417839,0.01191655,0.77468616
real,00011598_028.png,11598,,cardiomegaly_1,-4.82514,0.007961535,0.7860207
real,00003064_010.png,3064,,cardiomegaly_1,-5.64645,0.0035176089,0.92127174
real,00014076_000.png,14076,,cardiomegaly_1,-6.320593,0.0017956464,0.97664595
real,00001059_005.png,1059,,cardiomegaly_1,-4.6061745,0.00989115,0.723768
real,00015977_000.png,15977,,cardiomegaly_1,-6.3455276,0.0017515036,0.973531
real,00010135_000.png,10135,,cardiomegaly_1,-0.14672661,0.463384,0.3379991
real,00014025_000.png,14025,,cardiomegaly_1,-5.58494,0.0037399353,0.93387556
real,00005587_000.png,5587,,cardiomegaly_1,-6.2217064,0.001981918,0.9578199
real,00011764_007.png,11764,,cardiomegaly_1,2.339491,0.9120953,0.6219768
real,00028256_000.png,28256,,cardiomegaly_1,-5.712263,0.003294296,0.9047377
real,00010131_001.png,10131,,cardiomegaly_1,-5.7652264,0.0031248904,0.945423
real,00008184_003.png,8184,,cardiomegaly_1,-5.971279,0.0025444855,0.95019203
real,00003916_000.png,3916,,cardiomegaly_1,-3.5492783,0.027942171,0.6442837
real,00000273_004.png,273,,cardiomegaly_1,-2.4073257,0.08261577,0.41590685
real,00023343_000.png,23343,,cardiomegaly_1,-6.1549435,0.0021184636,0.9561437
real,00001292_001.png,1292,,cardiomegaly_1,-3.9831753,0.018285802,0.6769128
real,00001470_002.png,1470,,cardiomegaly_1,-4.6762257,0.00922815,0.8813637
real,00017545_000.png,17545,,cardiomegaly_1,-5.3534584,0.004709474,0.8397615
real,00013441_000.png,13441,,cardiomegaly_1,-5.88542,0.0027719736,0.93489045
real,00010920_004.png,10920,,cardiomegaly_1,-6.3388424,0.0017632314,0.9601092
real,00007313_001.png,7313,,cardiomegaly_1,-5.9884663,0.002501235,0.9522599
real,00000304_001.png,304,,cardiomegaly_1,-4.010378,0.017803822,0.7675226
real,00010481_031.png,10481,,cardiomegaly_1,-5.5757866,0.0037741957,0.8946558
real,00022155_024.png,22155,,cardiomegaly_1,-5.472101,0.0041848067,0.8251838
real,00011603_000.png,11603,,cardiomegaly_1,-6.163412,0.0021006365,0.93677735
real,00001230_001.png,1230,,cardiomegaly_1,-6.415512,0.00163331,0.9558924
real,00017824_001.png,17824,,cardiomegaly_1,-5.7079697,0.0033084233,0.8869808
real,00028706_000.png,28706,,cardiomegaly_1,-3.2441368,0.037538145,0.5625692
real,00012989_001.png,12989,,cardiomegaly_1,-4.973171,0.006873592,0.8017724
real,00029493_000.png,29493,,cardiomegaly_1,-6.243206,0.001939844,0.96346486
real,00005579_000.png,5579,,cardiomegaly_1,-5.335842,0.004792772,0.838237
real,00015795_004.png,15795,,cardiomegaly_1,-5.641823,0.0035338658,0.9128325
real,00000262_000.png,262,,cardiomegaly_1,-6.0841274,0.002273571,0.9467711
real,00019413_000.png,19413,,cardiomegaly_1,-5.809595,0.002989679,0.9241596
real,00008147_000.png,8147,,cardiomegaly_1,-6.2310047,0.0019636108,0.9742975
real,00012951_000.png,12951,,cardiomegaly_1,-4.8826485,0.0075199427,0.7397126
real,00024613_000.png,24613,,cardiomegaly_1,-6.4082127,0.001645256,0.95563376
real,00003577_000.png,3577,,cardiomegaly_1,-5.792673,0.0030405454,0.92100894
real,00014352_007.png,14352,,cardiomegaly_1,-5.2985935,0.0049737575,0.85717005
real,00016509_000.png,16509,,cardiomegaly_1,-5.8989315,0.0027348734,0.9243567
real,00010696_000.png,10696,,cardiomegaly_1,-5.864649,0.002829988,0.92281675
real,00013591_000.png,13591,,cardiomegaly_1,-6.1354733,0.0021600246,0.9657266
real,00027305_000.png,27305,,cardiomegaly_1,-5.8801537,0.0027865693,0.9442689
real,00018488_002.png,18488,,cardiomegaly_1,-4.9525948,0.0070154886,0.8627911
real,00012626_005.png,12626,,cardiomegaly_1,-6.134325,0.002162501,0.9606977
real,00023423_000.png,23423,,cardiomegaly_1,-6.378521,0.0016947548,0.9766446
real,00010481_040.png,10481,,cardiomegaly_1,-5.6468925,0.0035160582,0.9089743
real,00015111_000.png,15111,,cardiomegaly_1,-5.6501694,0.0035045955,0.90348864
real,00023085_009.png,23085,,cardiomegaly_1,-4.665695,0.00932493,0.8541699
real,00011328_000.png,11328,,cardiomegaly_1,-6.272091,0.0018847175,0.9489153
real,00028475_000.png,28475,,cardiomegaly_1,-5.494215,0.004093655,0.88652503
real,00022677_005.png,22677,,cardiomegaly_1,-1.1228905,0.24547553,0.3084581
real,00003464_000.png,3464,,cardiomegaly_1,-6.1556244,0.0021170245,0.95767426
real,00010295_000.png,10295,,cardiomegaly_1,-5.787552,0.0030561092,0.9132469
real,00022527_000.png,22527,,cardiomegaly_1,-6.3276653,0.0017830143,0.95367557
real,00013970_009.png,13970,,cardiomegaly_1,-5.495367,0.004088961,0.9245568
real,00001203_003.png,1203,,cardiomegaly_1,-6.087471,0.0022659989,0.9455167
real,00015228_000.png,15228,,cardiomegaly_1,-1.4497337,0.19004254,0.3041446
real,00001136_001.png,1136,,cardiomegaly_1,-0.7719612,0.316055,0.25036618
real,00006040_009.png,6040,,cardiomegaly_1,-5.985243,0.0025092901,0.91345596
real,00008441_000.png,8441,,cardiomegaly_1,-6.386244,0.0016817388,0.9689421
real,00015740_000.png,15740,,cardiomegaly_1,-5.9650326,0.0025603885,0.94057083
real,00007109_011.png,7109,,cardiomegaly_1,-5.2145977,0.005407223,0.80355316
real,00019496_000.png,19496,,cardiomegaly_1,-5.7617435,0.0031357582,0.8987884
real,00022882_000.png,22882,,cardiomegaly_1,-6.3985386,0.001661223,0.97181714
real,00022500_000.png,22500,,cardiomegaly_1,-5.9573364,0.0025801184,0.92501146
real,00011380_008.png,11380,,cardiomegaly_1,-5.4485035,0.0042843046,0.88883865
real,00000386_000.png,386,,cardiomegaly_1,-6.032959,0.0023926483,0.95104814
real,00022196_002.png,22196,,cardiomegaly_1,-5.039522,0.006435163,0.8478888
real,00018597_002.png,18597,,cardiomegaly_1,-5.776005,0.0030914932,0.90629447
real,00013969_008.png,13969,,cardiomegaly_1,-5.9412804,0.00262177,0.9430814
real,00029579_007.png,29579,,cardiomegaly_1,-3.7868538,0.022164408,0.7399377
real,00020485_005.png,20485,,cardiomegaly_1,-5.6649075,0.0034535003,0.89548934
real,00005002_001.png,5002,,cardiomegaly_1,6.2385406,0.99805117,0.9580173
real,00028053_000.png,28053,,cardiomegaly_1,-6.530346,0.0014563771,0.9761719
real,00000417_003.png,417,,cardiomegaly_1,-4.495512,0.011035818,0.77538365
real,00016439_000.png,16439,,cardiomegaly_1,-6.5082264,0.0014889019,0.97250617
real,00020531_000.png,20531,,cardiomegaly_1,-6.1184063,0.0021971245,0.9346107
real,00015435_001.png,15435,,cardiomegaly_1,-5.367792,0.0046427622,0.90934753
real,00002595_001.png,2595,,cardiomegaly_1,-5.705988,0.0033149645,0.924066
real,00016512_000.png,16512,,cardiomegaly_1,-6.256689,0.0019139141,0.95852333
real,00021023_004.png,21023,,cardiomegaly_1,-2.3546104,0.0867,0.38588178
real,00009273_002.png,9273,,cardiomegaly_1,-4.664547,0.009335543,0.8378588
real,00002292_001.png,2292,,cardiomegaly_1,-5.9620647,0.002567979,0.9383983
real,00000757_000.png,757,,cardiomegaly_1,-6.0725,0.0023000995,0.95739025
real,00006711_000.png,6711,,cardiomegaly_1,0.92142105,0.71533155,0.49324685
real,00016261_001.png,16261,,cardiomegaly_1,2.5437279,0.92715096,0.5649235
real,00002816_003.png,2816,,cardiomegaly_1,-5.660017,0.0034703722,0.9078225
real,00009378_002.png,9378,,cardiomegaly_1,-5.9806137,0.0025209037,0.9465611
real,00023266_004.png,23266,,cardiomegaly_1,-6.1955814,0.002034271,0.95138794
real,00003094_004.png,3094,,cardiomegaly_1,-4.6947613,0.0090602115,0.7672491
real,00026807_000.png,26807,,cardiomegaly_1,-6.4811573,0.0015296931,0.96959263
real,00012086_001.png,12086,,cardiomegaly_1,-5.7408657,0.0032017024,0.90421253
real,00003917_000.png,3917,,cardiomegaly_1,-5.7245693,0.003254135,0.9087662
real,00010445_003.png,10445,,cardiomegaly_1,-5.8761597,0.0027976898,0.9330454
real,00016184_001.png,16184,,cardiomegaly_1,-5.2497616,0.0052213636,0.85092604
real,00011598_017.png,11598,,cardiomegaly_1,-5.545456,0.0038899712,0.9070928
real,00025290_002.png,25290,,cardiomegaly_1,-5.2031136,0.0054693366,0.8852804
real,00012363_004.png,12363,,cardiomegaly_1,-5.8053913,0.0030022357,0.9607027
real,00011813_000.png,11813,,cardiomegaly_1,-6.086918,0.0022672496,0.9269629
real,00010732_000.png,10732,,cardiomegaly_1,-6.024872,0.0024120293,0.94425243
real,00026927_000.png,26927,,cardiomegaly_1,-4.627323,0.009686167,0.8821613
real,00017786_013.png,17786,,cardiomegaly_1,-5.634077,0.0035612464,0.89988196
real,00018642_000.png,18642,,cardiomegaly_1,-5.0970974,0.006077309,0.8550261
real,00009668_000.png,9668,,cardiomegaly_1,-5.8658752,0.002826529,0.9633592
real,00005245_000.png,5245,,cardiomegaly_1,-5.985426,0.002508832,0.93744737
real,00010120_004.png,10120,,cardiomegaly_1,-5.9049835,0.0027184165,0.9507504
real,00007018_005.png,7018,,cardiomegaly_1,-6.559347,0.0014148059,0.9787106
real,00030385_000.png,30385,,cardiomegaly_1,-6.481415,0.0015292999,0.9644996
real,00021631_001.png,21631,,cardiomegaly_1,-6.3258667,0.0017862184,0.9764508
real,00005443_000.png,5443,,cardiomegaly_1,-5.2969704,0.004981797,0.89600646
real,00003439_007.png,3439,,cardiomegaly_1,-5.8713646,0.0028110992,0.93821955
real,00021114_001.png,21114,,cardiomegaly_1,-4.7027283,0.008988962,0.8349327
real,00006135_000.png,6135,,cardiomegaly_1,8.592451,0.99981457,0.9919335
real,00006123_001.png,6123,,cardiomegaly_1,-6.445822,0.0015846248,0.9739259
real,00004926_000.png,4926,,cardiomegaly_1,3.1169434,0.9575863,0.7043424
real,00019435_003.png,19435,,cardiomegaly_1,-6.601038,0.0013571125,0.973568
real,00019535_002.png,19535,,cardiomegaly_1,-6.1450233,0.0021395383,0.9419039
real,00008342_001.png,8342,,cardiomegaly_1,5.4897575,0.9958882,0.9090629
real,00014843_000.png,14843,,cardiomegaly_1,-4.4240437,0.011843713,0.7774945
real,00002492_010.png,2492,,cardiomegaly_1,-6.190777,0.0020440482,0.94711256
real,00020716_002.png,20716,,cardiomegaly_1,-5.6869125,0.0033785899,0.90979034
real,00027353_000.png,27353,,cardiomegaly_1,-6.032295,0.0023942331,0.9271594
real,00013969_007.png,13969,,cardiomegaly_1,-6.1840973,0.002057719,0.9652039
real,00010489_000.png,10489,,cardiomegaly_1,-5.1221085,0.005928084,0.86122274
real,00018011_009.png,18011,,cardiomegaly_1,-4.8354607,0.007880434,0.82030183
real,00016518_000.png,16518,,cardiomegaly_1,-5.8799763,0.0027870622,0.9238857
real,00013214_001.png,13214,,cardiomegaly_1,-6.0891914,0.0022621125,0.9549506
real,00007792_000.png,7792,,cardiomegaly_1,-6.219076,0.0019871274,0.972424
real,00012949_001.png,12949,,cardiomegaly_1,-5.9117336,0.0027001782,0.9463703
real,00028570_000.png,28570,,cardiomegaly_1,-6.2656326,0.0018969056,0.9553847
real,00003628_000.png,3628,,cardiomegaly_1,-5.14942,0.0057692924,0.88602155
real,00026658_002.png,26658,,cardiomegaly_1,-5.8400364,0.0029003003,0.91506755
real,00006490_000.png,6490,,cardiomegaly_1,-5.5095196,0.004031731,0.93996614
real,00012178_002.png,12178,,cardiomegaly_1,-4.315544,0.013183162,0.6561119
real,00018037_019.png,18037,,cardiomegaly_1,-5.45356,0.0042627887,0.9061551
real,00013360_000.png,13360,,cardiomegaly_1,-5.179636,0.0055985353,0.82436925
real,00003640_000.png,3640,,cardiomegaly_1,-6.137207,0.0021562912,0.9625693
real,00016568_001.png,16568,,cardiomegaly_1,-5.0168705,0.006581623,0.80044216
real,00015475_000.png,15475,,cardiomegaly_1,-6.2199917,0.0019853124,0.95862633
real,00029314_000.png,29314,,cardiomegaly_1,-6.5480614,0.0014308405,0.9744089
real,00018011_019.png,18011,,cardiomegaly_1,-5.7230644,0.0032590202,0.94119364
real,00009709_007.png,9709,,cardiomegaly_1,-5.466505,0.0042081918,0.8935824
real,00002686_000.png,2686,,cardiomegaly_1,0.4613533,0.6133352,0.59832644
real,00025453_000.png,25453,,cardiomegaly_1,-5.5941715,0.0037056962,0.8721495
real,00019716_003.png,19716,,cardiomegaly_1,6.5361996,0.99855214,0.93386245
real,00003792_001.png,3792,,cardiomegaly_1,-4.6846313,0.009151613,0.78690076
real,00008184_002.png,8184,,cardiomegaly_1,-6.1989956,0.0020273514,0.95321107
real,00000869_006.png,869,,cardiomegaly_1,-5.5805874,0.003756188,0.8916083
real,00022574_001.png,22574,,cardiomegaly_1,-5.070879,0.0062377467,0.9041116
real,00030139_000.png,30139,,cardiomegaly_1,-4.2277317,0.01437576,0.7081896
real,00010131_005.png,10131,,cardiomegaly_1,-5.3745823,0.004611489,0.8862078
real,00018016_005.png,18016,,cardiomegaly_1,-3.5748405,0.02725618,0.7043014
real,00030091_000.png,30091,,cardiomegaly_1,-5.8066063,0.0029986012,0.9128532
real,00029426_000.png,29426,,cardiomegaly_1,-6.556694,0.0014185592,0.97085154
real,00012902_001.png,12902,,cardiomegaly_1,-6.274231,0.0018806959,0.96946776
real,00016865_001.png,16865,,cardiomegaly_1,-6.3147717,0.001806111,0.95782655
real,00008802_008.png,8802,,cardiomegaly_1,-6.099186,0.0022396669,0.94560903
real,00029295_000.png,29295,,cardiomegaly_1,-6.282797,0.0018646847,0.9604943
real,00003689_004.png,3689,,cardiomegaly_1,-6.786291,0.0011278753,0.98236674
real,00003064_042.png,3064,,cardiomegaly_1,-5.6461964,0.003518498,0.8927259
real,00017835_006.png,17835,,cardiomegaly_1,-5.402235,0.0044862796,0.8836298
real,00011690_000.png,11690,,cardiomegaly_1,-5.436634,0.004335238,0.9201047
real,00004976_003.png,4976,,cardiomegaly_1,-4.6176414,0.009779479,0.7590502
real,00009381_000.png,9381,,cardiomegaly_1,5.0817795,0.9938294,0.90247005
real,00010600_000.png,10600,,cardiomegaly_1,-6.163847,0.002099725,0.9651339
real,00028889_000.png,28889,,cardiomegaly_1,-6.4743137,0.0015401812,0.9612601
real,00027693_000.png,27693,,cardiomegaly_1,-4.25391,0.014009514,0.74544454
real,00003769_002.png,3769,,cardiomegaly_1,-3.0022812,0.04732292,0.58253276
real,00019303_000.png,19303,,cardiomegaly_1,-6.090107,0.002260047,0.9412967
real,00013759_000.png,13759,,cardiomegaly_1,-6.25033,0.0019261002,0.9712045
real,00016083_003.png,16083,,cardiomegaly_1,-5.8361816,0.0029114694,0.9316726
real,00006981_018.png,6981,,cardiomegaly_1,-6.0053635,0.0024594294,0.94583964
real,00024924_000.png,24924,,cardiomegaly_1,-5.91679,0.0026865962,0.94689584
real,00005532_041.png,5532,,cardiomegaly_1,-2.2185802,0.09809434,0.3784507
real,00011149_000.png,11149,,cardiomegaly_1,-5.88702,0.0027675536,0.9462868
real,00005623_000.png,5623,,cardiomegaly_1,-5.518362,0.0039963797,0.9056281
real,00011116_000.png,11116,,cardiomegaly_1,-5.871872,0.0028096773,0.9341468
real,00028822_001.png,28822,,cardiomegaly_1,-5.2396336,0.005274234,0.84391594
real,00005410_003.png,5410,,cardiomegaly_1,-3.179247,0.039954208,0.67800826
real,00023468_000.png,23468,,cardiomegaly_1,-6.2898254,0.0018516487,0.9547502
real,00010465_005.png,10465,,cardiomegaly_1,-5.486416,0.0041255746,0.9410331
real,00012536_004.png,12536,,cardiomegaly_1,-4.2384014,0.01422536,0.66394013
real,00012772_000.png,12772,,cardiomegaly_1,-6.4292736,0.001611023,0.97204876
real,00009905_000.png,9905,,cardiomegaly_1,-5.5735435,0.003782639,0.9117983
real,00014094_000.png,14094,,cardiomegaly_1,-3.925827,0.019344235,0.6725476
real,00021346_000.png,21346,,cardiomegaly_1,-2.9094734,0.051687237,0.40185225
real,00016801_003.png,16801,,cardiomegaly_1,-3.3269615,0.034657743,0.5070303
real,00009335_000.png,9335,,cardiomegaly_1,-5.429743,0.0043650856,0.8760214
real,00009932_006.png,9932,,cardiomegaly_1,-0.6963253,0.33262745,0.28674772
real,00024029_000.png,24029,,cardiomegaly_1,-6.1767693,0.002072822,0.9576011
real,00005708_000.png,5708,,cardiomegaly_1,-6.1887474,0.0020481923,0.96036184
real,00019911_000.png,19911,,cardiomegaly_1,-4.2082767,0.014654039,0.73032176
real,00004608_000.png,4608,,cardiomegaly_1,-5.9062862,0.002714887,0.9518501
real,00010071_005.png,10071,,cardiomegaly_1,-4.7849407,0.008285397,0.859461
real,00001548_000.png,1548,,cardiomegaly_1,-6.079134,0.0022849264,0.9472122
real,00011910_012.png,11910,,cardiomegaly_1,-5.668129,0.003442431,0.91328245
real,00020811_020.png,20811,,cardiomegaly_1,-5.8077354,0.0029952275,0.9316745
real,00029311_003.png,29311,,cardiomegaly_1,-6.1268845,0.0021786161,0.96102726
real,00003174_002.png,3174,,cardiomegaly_1,-5.987299,0.002504149,0.95151305
real,00024737_001.png,24737,,cardiomegaly_1,-6.4666557,0.001552003,0.9733237
real,00027582_002.png,27582,,cardiomegaly_1,0.8574295,0.70212334,0.29749307
real,00003752_000.png,3752,,cardiomegaly_1,-5.9908543,0.0024952842,0.94428927
real,00010279_002.png,10279,,cardiomegaly_1,-0.42923355,0.39430934,0.27173358
real,00020502_001.png,20502,,cardiomegaly_1,-5.621584,0.0036058552,0.9140964
real,00029742_002.png,29742,,cardiomegaly_1,-5.3941097,0.004522715,0.84447205
real,00017381_000.png,17381,,cardiomegaly_1,-6.3336086,0.0017724675,0.9623421
real,00027326_000.png,27326,,cardiomegaly_1,-6.299038,0.0018346999,0.97134286
real,00011359_000.png,11359,,cardiomegaly_1,-6.2383823,0.0019492055,0.97234875
real,00005401_005.png,5401,,cardiomegaly_1,-5.761074,0.0031378518,0.92877746
real,00020884_000.png,20884,,cardiomegaly_1,-6.491768,0.0015135724,0.97718424
real,00007795_000.png,7795,,cardiomegaly_1,-4.743742,0.008630866,0.8196261
real,00023636_000.png,23636,,cardiomegaly_1,-6.304411,0.0018248867,0.96532583
real,00019201_010.png,19201,,cardiomegaly_1,-5.8229218,0.0029502173,0.94405395
real,00014319_000.png,14319,,cardiomegaly_1,-0.3550129,0.41216734,0.31498337
real,00016498_001.png,16498,,cardiomegaly_1,-6.190567,0.0020444766,0.96358466
real,00020286_025.png,20286,,cardiomegaly_1,-3.2879372,0.035987344,0.49880514
real,00024192_000.png,24192,,cardiomegaly_1,-6.1746254,0.0020772615,0.9624174
real,00013886_000.png,13886,,cardiomegaly_1,-5.8785667,0.0027909824,0.9200762
real,00004490_004.png,4490,,cardiomegaly_1,-5.8502235,0.002870989,0.9102828
real,00017603_029.png,17603,,cardiomegaly_1,-5.225748,0.005347586,0.7765752
real,00007935_000.png,7935,,cardiomegaly_1,7.691475,0.9995435,0.9807978
real,00010650_000.png,10650,,cardiomegaly_1,-5.188629,0.0055486904,0.8525716
real,00007505_000.png,7505,,cardiomegaly_1,-5.7802315,0.0030784942,0.9286826
real,00010286_001.png,10286,,cardiomegaly_1,-5.866642,0.002824369,0.91248477
real,00017835_002.png,17835,,cardiomegaly_1,-5.854456,0.0028588984,0.93614274
edit,00001059_006.png,1059,0.0,cardiomegaly_1,-5.199997,0.0054863156,0.83135355
edit,00001174_000.png,1174,0.0,cardiomegaly_1,-5.842537,0.0028930781,0.93918836
edit,00001470_001.png,1470,0.0,cardiomegaly_1,-0.29367638,0.4271041,0.38397387
edit,00001606_004.png,1606,0.0,cardiomegaly_1,-4.972254,0.0068798573,0.84891105
edit,00002139_000.png,2139,0.0,cardiomegaly_1,-5.779623,0.003080362,0.93201625
edit,00002355_005.png,2355,0.0,cardiomegaly_1,-3.0612125,0.044735856,0.61009514
edit,00002492_010.png,2492,0.0,cardiomegaly_1,-6.1208496,0.0021917745,0.940651
edit,00002566_000.png,2566,0.0,cardiomegaly_1,-5.223093,0.005361727,0.89687014
edit,00003064_010.png,3064,0.0,cardiomegaly_1,-5.6708755,0.0034330213,0.9122069
edit,00003804_012.png,3804,0.0,cardiomegaly_1,-5.466568,0.0042079287,0.9060808
edit,00003917_000.png,3917,0.0,cardiomegaly_1,-4.960058,0.0069636866,0.81725204
edit,00004057_000.png,4057,0.0,cardiomegaly_1,-5.677828,0.0034093182,0.88498783
edit,00005623_000.png,5623,0.0,cardiomegaly_1,-5.4518127,0.004270211,0.89185166
edit,00006012_000.png,6012,0.0,cardiomegaly_1,-6.0011826,0.002469708,0.9524181
edit,00006791_002.png,6791,0.0,cardiomegaly_1,-4.4555206,0.0114809275,0.783017
edit,00006921_000.png,6921,0.0,cardiomegaly_1,-5.8663597,0.002825164,0.89514494
edit,00006981_017.png,6981,0.0,cardiomegaly_1,-5.7234135,0.0032578863,0.8954453
edit,00007082_000.png,7082,0.0,cardiomegaly_1,-3.612936,0.02626413,0.56743515
edit,00007159_000.png,7159,0.0,cardiomegaly_1,-4.3848515,0.012311282,0.7418653
edit,00007340_004.png,7340,0.0,cardiomegaly_1,-5.2146854,0.005406751,0.885415
edit,00007589_000.png,7589,0.0,cardiomegaly_1,-6.287472,0.001856004,0.9718097
edit,00007931_000.png,7931,0.0,cardiomegaly_1,-4.828184,0.007937528,0.8488383
edit,00008142_005.png,8142,0.0,cardiomegaly_1,-6.127865,0.002176486,0.9627576
edit,00008147_000.png,8147,0.0,cardiomegaly_1,-6.225464,0.0019744996,0.9706504
edit,00008184_003.png,8184,0.0,cardiomegaly_1,-5.647188,0.0035150226,0.9304473
edit,00008359_000.png,8359,0.0,cardiomegaly_1,-4.340307,0.012864861,0.8566412
edit,00008386_001.png,8386,0.0,cardiomegaly_1,-5.942953,0.0026173997,0.9580097
edit,00008802_008.png,8802,0.0,cardiomegaly_1,-6.058754,0.0023318613,0.93905514
edit,00009090_001.png,9090,0.0,cardiomegaly_1,-4.1867924,0.014967517,0.8247665
edit,00009105_003.png,9105,0.0,cardiomegaly_1,-5.179476,0.0055994275,0.86336553
edit,00009306_000.png,9306,0.0,cardiomegaly_1,-6.127037,0.0021782843,0.9599542
edit,00009335_000.png,9335,0.0,cardiomegaly_1,-4.5300617,0.010665041,0.7627833
edit,00009409_002.png,9409,0.0,cardiomegaly_1,-6.248789,0.0019290652,0.9613638
edit,00009761_000.png,9761,0.0,cardiomegaly_1,4.1822395,0.9849652,0.7737389
edit,00010465_001.png,10465,0.0,cardiomegaly_1,-5.1725464,0.005638143,0.89948297
edit,00010892_000.png,10892,0.0,cardiomegaly_1,-5.3727684,0.004619823,0.90330553
edit,00010931_003.png,10931,0.0,cardiomegaly_1,-5.8705025,0.002813517,0.94841623
edit,00010964_000.png,10964,0.0,cardiomegaly_1,-5.936264,0.00263492,0.9600775
edit,00011611_000.png,11611,0.0,cardiomegaly_1,-5.6406384,0.0035380388,0.90936834
edit,00012129_000.png,12129,0.0,cardiomegaly_1,-6.046955,0.0023594722,0.95521337
edit,00012400_000.png,12400,0.0,cardiomegaly_1,-6.1940517,0.0020373787,0.9600206
edit,00012772_003.png,12772,0.0,cardiomegaly_1,-5.874958,0.0028010444,0.93308043
edit,00012902_001.png,12902,0.0,cardiomegaly_1,-6.0654087,0.0023164307,0.9597187
edit,00013441_000.png,13441,0.0,cardiomegaly_1,-5.48991,0.004111243,0.90676105
edit,00013678_003.png,13678,0.0,cardiomegaly_1,-4.298912,0.013401294,0.6959678
edit,00013759_000.png,13759,0.0,cardiomegaly_1,-6.2690353,0.0018904741,0.97093064
edit,00014281_000.png,14281,0.0,cardiomegaly_1,-6.1133747,0.0022081828,0.9292933
edit,00014295_001.png,14295,0.0,cardiomegaly_1,-6.4126053,0.0016380567,0.9678703
edit,00014387_006.png,14387,0.0,cardiomegaly_1,-1.7470913,0.14841445,0.28539404
edit,00014838_000.png,14838,0.0,cardiomegaly_1,-5.391159,0.004536019,0.90501523
edit,00014954_000.png,14954,0.0,cardiomegaly_1,-5.8922596,0.0027531309,0.9429445
edit,00015056_005.png,15056,0.0,cardiomegaly_1,-1.3006134,0.21406181,0.46725145
edit,00015087_011.png,15087,0.0,cardiomegaly_1,-5.1024914,0.006044814,0.86694247
edit,00016191_019.png,16191,0.0,cardiomegaly_1,-5.301367,0.0049600513,0.86922157
edit,00016245_000.png,16245,0.0,cardiomegaly_1,-6.611519,0.001342982,0.97900736
edit,00016498_001.png,16498,0.0,cardiomegaly_1,-6.2705154,0.0018876835,0.96739745
edit,00016509_001.png,16509,0.0,cardiomegaly_1,-5.7567825,0.0031513046,0.9048033
edit,00016512_001.png,16512,0.0,cardiomegaly_1,-5.866415,0.002825008,0.9156722
edit,00016724_002.png,16724,0.0,cardiomegaly_1,-4.4999275,0.01098773,0.8405704
edit,00016865_000.png,16865,0.0,cardiomegaly_1,-6.1508083,0.0021272232,0.9573402
edit,00016907_000.png,16907,0.0,cardiomegaly_1,-5.656698,0.0034818684,0.8995759
edit,00017381_000.png,17381,0.0,cardiomegaly_1,-5.950182,0.002598596,0.9424912
edit,00018008_000.png,18008,0.0,cardiomegaly_1,-5.512535,0.00401964,0.8892701
edit,00018011_000.png,18011,0.0,cardiomegaly_1,-5.0472126,0.0063861785,0.8146658
edit,00018488_002.png,18488,0.0,cardiomegaly_1,-4.7471924,0.008601394,0.864434
edit,00018616_000.png,18616,0.0,cardiomegaly_1,-3.7329826,0.023362517,0.6387179
edit,00019435_003.png,19435,0.0,cardiomegaly_1,-6.7074738,0.0012202559,0.97778773
edit,00019535_002.png,19535,0.0,cardiomegaly_1,-5.9151382,0.0026910254,0.9177055
edit,00019544_000.png,19544,0.0,cardiomegaly_1,-6.344919,0.0017525677,0.9617483
edit,00019911_001.png,19911,0.0,cardiomegaly_1,-5.795395,0.0030323064,0.91501683
edit,00020318_024.png,20318,0.0,cardiomegaly_1,-4.374283,0.012440459,0.8262875
edit,00020341_000.png,20341,0.0,cardiomegaly_1,-4.854105,0.007735996,0.804954
edit,00020642_006.png,20642,0.0,cardiomegaly_1,-6.0478764,0.0023573046,0.9446108
edit,00020674_000.png,20674,0.0,cardiomegaly_1,-5.8049755,0.0030034804,0.93070346
edit,00020716_002.png,20716,0.0,cardiomegaly_1,-4.7343845,0.008711302,0.8068733
edit,00020802_000.png,20802,0.0,cardiomegaly_1,-6.056387,0.0023373745,0.95218754
edit,00021023_024.png,21023,0.0,cardiomegaly_1,-5.842016,0.0028945806,0.91297704
edit,00021569_000.png,21569,0.0,cardiomegaly_1,-6.2107944,0.0020036192,0.967719
edit,00022341_000.png,22341,0.0,cardiomegaly_1,-6.255785,0.0019156421,0.9629012
edit,00022582_001.png,22582,0.0,cardiomegaly_1,-5.987335,0.0025040586,0.9384174
edit,00022712_000.png,22712,0.0,cardiomegaly_1,-6.4371376,0.0015984237,0.9714355
edit,00023621_000.png,23621,0.0,cardiomegaly_1,-6.333662,0.001772373,0.96634704
edit,00023776_000.png,23776,0.0,cardiomegaly_1,-5.8506184,0.002869859,0.93246526
edit,00024192_000.png,24192,0.0,cardiomegaly_1,-5.8874855,0.0027662695,0.9484271
edit,00024326_000.png,24326,0.0,cardiomegaly_1,-6.663822,0.0012746322,0.98291385
edit,00024474_000.png,24474,0.0,cardiomegaly_1,-6.3441944,0.0017538363,0.96795404
edit,00024583_000.png,24583,0.0,cardiomegaly_1,-6.1480923,0.0021329965,0.9654152
edit,00025054_000.png,25054,0.0,cardiomegaly_1,-6.335638,0.0017688804,0.9605969
edit,00026354_001.png,26354,0.0,cardiomegaly_1,-3.7356205,0.023302406,0.623219
edit,00026807_000.png,26807,0.0,cardiomegaly_1,-6.3448315,0.0017527213,0.96575785
edit,00027305_000.png,27305,0.0,cardiomegaly_1,-5.588333,0.003727314,0.92213035
edit,00028027_005.png,28027,0.0,cardiomegaly_1,-3.0914764,0.043460216,0.5365877
edit,00028053_000.png,28053,0.0,cardiomegaly_1,-6.4574127,0.0015663921,0.9740909
edit,00028457_000.png,28457,0.0,cardiomegaly_1,-4.4477367,0.011569606,0.7620419
edit,00028962_000.png,28962,0.0,cardiomegaly_1,-5.6442986,0.0035251584,0.918322
edit,00029393_000.png,29393,0.0,cardiomegaly_1,-3.5009823,0.029284297,0.5551235
edit,00029569_000.png,29569,0.0,cardiomegaly_1,-4.847906,0.007783724,0.8731283
edit,00029648_000.png,29648,0.0,cardiomegaly_1,-6.479885,0.0015316374,0.96807045
edit,00030332_000.png,30332,0.0,cardiomegaly_1,-6.02404,0.0024140314,0.9361167
edit,00030805_000.png,30805,0.0,cardiomegaly_1,-6.433241,0.0016046545,0.96893716
edit,00001059_006.png,1059,0.06,cardiomegaly_1,-4.7313385,0.008737645,0.78072476
edit,00001174_000.png,1174,0.06,cardiomegaly_1,-5.6991425,0.003337659,0.92938334
edit,00001470_001.png,1470,0.06,cardiomegaly_1,-0.5185089,0.37320095,0.28821987
edit,00001606_004.png,1606,0.06,cardiomegaly_1,-0.3166046,0.42150342,0.35338846
edit,00002139_000.png,2139,0.06,cardiomegaly_1,-5.685631,0.0033829084,0.9035654
edit,00002355_005.png,2355,0.06,cardiomegaly_1,3.8677845,0.9795234,0.90313596
edit,00002492_010.png,2492,0.06,cardiomegaly_1,-5.8557434,0.0028552304,0.9219386
edit,00002566_000.png,2566,0.06,cardiomegaly_1,-2.615902,0.068121985,0.5670636
edit,00003064_010.png,3064,0.06,cardiomegaly_1,-5.242918,0.0052570305,0.8679407
edit,00003804_012.png,3804,0.06,cardiomegaly_1,-5.1504345,0.0057634753,0.8669299
edit,00003917_000.png,3917,0.06,cardiomegaly_1,-4.0208435,0.017621731,0.65331185
edit,00004057_000.png,4057,0.06,cardiomegaly_1,-5.589794,0.0037218926,0.8682824
edit,00005623_000.png,5623,0.06,cardiomegaly_1,-5.412712,0.00443973,0.8947775
edit,00006012_000.png,6012,0.06,cardiomegaly_1,-5.5789967,0.0037621453,0.9154982
edit,00006791_002.png,6791,0.06,cardiomegaly_1,-2.8981247,0.052246347,0.5908881
edit,00006921_000.png,6921,0.06,cardiomegaly_1,-5.870014,0.0028148873,0.90224195
edit,00006981_017.png,6981,0.06,cardiomegaly_1,-5.5132046,0.004016961,0.877111
edit,00007082_000.png,7082,0.06,cardiomegaly_1,-2.1502285,0.10430987,0.40621147
edit,00007159_000.png,7159,0.06,cardiomegaly_1,-0.9078388,0.28744227,0.36977738
edit,00007340_004.png,7340,0.06,cardiomegaly_1,-5.0928497,0.0061030206,0.86038786
edit,00007589_000.png,7589,0.06,cardiomegaly_1,-6.2363033,0.0019532542,0.96690893
edit,00007931_000.png,7931,0.06,cardiomegaly_1,-2.9140759,0.05146211,0.5566015
edit,00008142_005.png,8142,0.06,cardiomegaly_1,-6.099201,0.002239633,0.9590229
edit,00008147_000.png,8147,0.06,cardiomegaly_1,-6.3528023,0.0017388304,0.9737039
edit,00008184_003.png,8184,0.06,cardiomegaly_1,-4.7755814,0.0083626555,0.8518153
edit,00008359_000.png,8359,0.06,cardiomegaly_1,-3.073515,0.044213053,0.69578904
edit,00008386_001.png,8386,0.06,cardiomegaly_1,-5.8794746,0.0027884566,0.9485797
edit,00008802_008.png,8802,0.06,cardiomegaly_1,-6.039692,0.0023766311,0.9411163
edit,00009090_001.png,9090,0.06,cardiomegaly_1,8.472916,0.99979097,0.9953958
edit,00009105_003.png,9105,0.06,cardiomegaly_1,-5.016842,0.0065818103,0.8398873
edit,00009306_000.png,9306,0.06,cardiomegaly_1,-6.0452423,0.0023635074,0.95142394
edit,00009335_000.png,9335,0.06,cardiomegaly_1,-3.4242878,0.031544972,0.5888511
edit,00009409_002.png,9409,0.06,cardiomegaly_1,-5.8548603,0.0028577456,0.9523771
edit,00009761_000.png,9761,0.06,cardiomegaly_1,6.10236,0.99776745,0.95875156
edit,00010465_001.png,10465,0.06,cardiomegaly_1,-4.712326,0.008903865,0.80534375
edit,00010892_000.png,10892,0.06,cardiomegaly_1,-5.263914,0.005148366,0.9034194
edit,00010931_003.png,10931,0.06,cardiomegaly_1,-5.828703,0.002933261,0.94214356
edit,00010964_000.png,10964,0.06,cardiomegaly_1,-5.452484,0.004267357,0.92532134
edit,00011611_000.png,11611,0.06,cardiomegaly_1,-5.685829,0.0033822397,0.91080767
edit,00012129_000.png,12129,0.06,cardiomegaly_1,-6.026819,0.002407348,0.9512043
edit,00012400_000.png,12400,0.06,cardiomegaly_1,-5.684391,0.0033870908,0.9160055
edit,00012772_003.png,12772,0.06,cardiomegaly_1,-5.916456,0.0026874908,0.93327546
edit,00012902_001.png,12902,0.06,cardiomegaly_1,-5.9299946,0.0026514474,0.9448826
edit,00013441_000.png,13441,0.06,cardiomegaly_1,-5.162405,0.0056952853,0.87679756
edit,00013678_003.png,13678,0.06,cardiomegaly_1,-3.172638,0.04020849,0.4121893
edit,00013759_000.png,13759,0.06,cardiomegaly_1,-6.281927,0.0018663041,0.9709566
edit,00014281_000.png,14281,0.06,cardiomegaly_1,-5.9472885,0.002606106,0.9142262
edit,00014295_001.png,14295,0.06,cardiomegaly_1,-6.291481,0.0018485913,0.96286476
edit,00014387_006.png,14387,0.06,cardiomegaly_1,-1.0723228,0.25496158,0.26578128
edit,00014838_000.png,14838,0.06,cardiomegaly_1,-3.7709904,0.022510838,0.7390824
edit,00014954_000.png,14954,0.06,cardiomegaly_1,-5.9403725,0.0026241452,0.9417116
edit,00015056_005.png,15056,0.06,cardiomegaly_1,4.834963,0.9921157,0.92455757
edit,00015087_011.png,15087,0.06,cardiomegaly_1,-2.339737,0.08788499,0.47944257
edit,00016191_019.png,16191,0.06,cardiomegaly_1,-5.1912727,0.0055341227,0.85320646
edit,00016245_000.png,16245,0.06,cardiomegaly_1,-6.593313,0.0013676219,0.97565055
edit,00016498_001.png,16498,0.06,cardiomegaly_1,-6.1624126,0.0021027324,0.96227735
edit,00016509_001.png,16509,0.06,cardiomegaly_1,-2.8939877,0.05245158,0.39403084
edit,00016512_001.png,16512,0.06,cardiomegaly_1,-5.383751,0.004569594,0.881729
edit,00016724_002.png,16724,0.06,cardiomegaly_1,-3.1993427,0.039190464,0.6285555
edit,00016865_000.png,16865,0.06,cardiomegaly_1,-5.0662003,0.0062668165,0.89586383
edit,00016907_000.png,16907,0.06,cardiomegaly_1,-5.6261044,0.0035896502,0.90568894
edit,00017381_000.png,17381,0.06,cardiomegaly_1,-5.7871723,0.0030572657,0.9267666
edit,00018008_000.png,18008,0.06,cardiomegaly_1,-5.3894444,0.0045437687,0.8722514
edit,00018011_000.png,18011,0.06,cardiomegaly_1,-3.589346,0.026874222,0.5993599
edit,00018488_002.png,18488,0.06,cardiomegaly_1,-4.682625,0.009169826,0.8429052
edit,00018616_000.png,18616,0.06,cardiomegaly_1,-3.0639324,0.04461977,0.50767267
edit,00019435_003.png,19435,0.06,cardiomegaly_1,-6.783642,0.001130864,0.9785942
edit,00019535_002.png,19535,0.06,cardiomegaly_1,-5.7945824,0.0030347637,0.89348924
edit,00019544_000.png,19544,0.06,cardiomegaly_1,-5.8594284,0.002844758,0.9423628
edit,00019911_001.png,19911,0.06,cardiomegaly_1,-5.7157288,0.003282936,0.9081517
edit,00020318_024.png,20318,0.06,cardiomegaly_1,-4.501585,0.010969732,0.8311746
edit,00020341_000.png,20341,0.06,cardiomegaly_1,-4.7514744,0.0085649565,0.7793933
edit,00020642_006.png,20642,0.06,cardiomegaly_1,-6.0715694,0.0023022362,0.9455411
edit,00020674_000.png,20674,0.06,cardiomegaly_1,-5.872164,0.00280886,0.9367682
edit,00020716_002.png,20716,0.06,cardiomegaly_1,-2.6303234,0.06721217,0.440905
edit,00020802_000.png,20802,0.06,cardiomegaly_1,-5.936096,0.0026353612,0.9512136
edit,00021023_024.png,21023,0.06,cardiomegaly_1,-5.84626,0.0028823577,0.910086
edit,00021569_000.png,21569,0.06,cardiomegaly_1,-6.1569233,0.0021142825,0.96019053
edit,00022341_000.png,22341,0.06,cardiomegaly_1,-6.179142,0.0020679198,0.95804036
edit,00022582_001.png,22582,0.06,cardiomegaly_1,-5.5169544,0.0040019867,0.9150346
edit,00022712_000.png,22712,0.06,cardiomegaly_1,-6.412668,0.0016379538,0.9678445
edit,00023621_000.png,23621,0.06,cardiomegaly_1,-5.929905,0.0026516845,0.94416666
edit,00023776_000.png,23776,0.06,cardiomegaly_1,-5.832012,0.0029235985,0.9367721
edit,00024192_000.png,24192,0.06,cardiomegaly_1,-5.8344784,0.0029164182,0.93040764
edit,00024326_000.png,24326,0.06,cardiomegaly_1,-6.577324,0.0013896344,0.9824801
edit,00024474_000.png,24474,0.06,cardiomegaly_1,-6.375351,0.0017001267,0.9716422
edit,00024583_000.png,24583,0.06,cardiomegaly_1,-6.2032814,0.0020186987,0.9656421
edit,00025054_000.png,25054,0.06,cardiomegaly_1,-6.222828,0.0019797008,0.9545624
edit,00026354_001.png,26354,0.06,cardiomegaly_1,-0.3159485,0.42166343,0.28864384
edit,00026807_000.png,26807,0.06,cardiomegaly_1,-6.4136753,0.0016363078,0.9729386
edit,00027305_000.png,27305,0.06,cardiomegaly_1,-5.7360535,0.0032170974,0.9383339
edit,00028027_005.png,28027,0.06,cardiomegaly_1,-2.537897,0.07324379,0.46973255
edit,00028053_000.png,28053,0.06,cardiomegaly_1,-6.397419,0.001663081,0.9732994
edit,00028457_000.png,28457,0.06,cardiomegaly_1,3.0681973,0.95556164,0.7101483
edit,00028962_000.png,28962,0.06,cardiomegaly_1,-5.587347,0.0037309774,0.8947809
edit,00029393_000.png,29393,0.06,cardiomegaly_1,-0.8973198,0.2896016,0.19055875
edit,00029569_000.png,29569,0.06,cardiomegaly_1,-2.7171803,0.06196717,0.518309
edit,00029648_000.png,29648,0.06,cardiomegaly_1,-6.184847,0.0020561805,0.95479554
edit,00030332_000.png,30332,0.06,cardiomegaly_1,-5.9477787,0.0026048324,0.9339771
edit,00030805_000.png,30805,0.06,cardiomegaly_1,-6.0829906,0.0022761512,0.95283383
edit,00001059_006.png,1059,0.12,cardiomegaly_1,-2.822565,0.05611691,0.44784796
edit,00001174_000.png,1174,0.12,cardiomegaly_1,-4.779009,0.008334281,0.8516071
edit,00001470_001.png,1470,0.12,cardiomegaly_1,-0.27461243,0.43177512,0.3101106
edit,00001606_004.png,1606,0.12,cardiomegaly_1,8.440849,0.9997842,0.99167204
edit,00002139_000.png,2139,0.12,cardiomegaly_1,-4.358469,0.012636248,0.8007013
edit,00002355_005.png,2355,0.12,cardiomegaly_1,7.599762,0.9994997,0.9894664
edit,00002492_010.png,2492,0.12,cardiomegaly_1,-5.0777493,0.0061953026,0.862661
edit,00002566_000.png,2566,0.12,cardiomegaly_1,8.264288,0.99974245,0.99419665
edit,00003064_010.png,3064,0.12,cardiomegaly_1,-3.665039,0.024964012,0.6299401
edit,00003804_012.png,3804,0.12,cardiomegaly_1,-5.0217686,0.0065496755,0.8381875
edit,00003917_000.png,3917,0.12,cardiomegaly_1,-2.4546661,0.07909799,0.31307232
edit,00004057_000.png,4057,0.12,cardiomegaly_1,-5.5123825,0.0040202513,0.862531
edit,00005623_000.png,5623,0.12,cardiomegaly_1,-5.462057,0.004226872,0.8950005
edit,00006012_000.png,6012,0.12,cardiomegaly_1,-3.8143196,0.021576887,0.6854791
edit,00006791_002.png,6791,0.12,cardiomegaly_1,7.436491,0.999411,0.9886843
edit,00006921_000.png,6921,0.12,cardiomegaly_1,-6.0251255,0.002411419,0.9068586
edit,00006981_017.png,6981,0.12,cardiomegaly_1,-5.6368465,0.0035514322,0.9015384
edit,00007082_000.png,7082,0.12,cardiomegaly_1,4.2923927,0.9865123,0.8316083
edit,00007159_000.png,7159,0.12,cardiomegaly_1,7.6872177,0.99954164,0.9859308
edit,00007340_004.png,7340,0.12,cardiomegaly_1,-4.238243,0.01422758,0.7623459
edit,00007589_000.png,7589,0.12,cardiomegaly_1,-6.232254,0.0019611642,0.9653257
edit,00007931_000.png,7931,0.12,cardiomegaly_1,-0.19739151,0.4508117,0.30553454
edit,00008142_005.png,8142,0.12,cardiomegaly_1,-6.212021,0.0020011684,0.96679133
edit,00008147_000.png,8147,0.12,cardiomegaly_1,-6.2053986,0.002014438,0.9676589
edit,00008184_003.png,8184,0.12,cardiomegaly_1,-4.4322567,0.011747977,0.81116265
edit,00008359_000.png,8359,0.12,cardiomegaly_1,6.078785,0.9977143,0.95371723
edit,00008386_001.png,8386,0.12,cardiomegaly_1,-5.697279,0.0033438632,0.93096817
edit,00008802_008.png,8802,0.12,cardiomegaly_1,-5.787882,0.003055104,0.927009
edit,00009090_001.png,9090,0.12,cardiomegaly_1,9.6228485,0.99993384,0.99731094
edit,00009105_003.png,9105,0.12,cardiomegaly_1,-2.9080753,0.05175581,0.6236087
edit,00009306_000.png,9306,0.12,cardiomegaly_1,-5.681391,0.0033972336,0.92329496
edit,00009335_000.png,9335,0.12,cardiomegaly_1,4.7043266,0.9910253,0.87920886
edit,00009409_002.png,9409,0.12,cardiomegaly_1,-5.2315216,0.0053169644,0.90194035
edit,00009761_000.png,9761,0.12,cardiomegaly_1,8.117441,0.9997018,0.99107426
edit,00010465_001.png,10465,0.12,cardiomegaly_1,-2.899105,0.052197818,0.48924828
edit,00010892_000.png,10892,0.12,cardiomegaly_1,-5.212,0.005421212,0.8805353
edit,00010931_003.png,10931,0.12,cardiomegaly_1,-5.335659,0.004793645,0.91384923
edit,00010964_000.png,10964,0.12,cardiomegaly_1,-1.2424889,0.22400306,0.44161928
edit,00011611_000.png,11611,0.12,cardiomegaly_1,-5.26474,0.005144138,0.8553643
edit,00012129_000.png,12129,0.12,cardiomegaly_1,-5.841486,0.0028961115,0.9444585
edit,00012400_000.png,12400,0.12,cardiomegaly_1,1.2776642,0.7820519,0.35432747
edit,00012772_003.png,12772,0.12,cardiomegaly_1,-5.72505,0.0032525763,0.9136337
edit,00012902_001.png,12902,0.12,cardiomegaly_1,-4.4548473,0.011488573,0.76038265
edit,00013441_000.png,13441,0.12,cardiomegaly_1,-3.3827858,0.032837804,0.66824377
edit,00013678_003.png,13678,0.12,cardiomegaly_1,2.1381187,0.89455324,0.5503768
edit,00013759_000.png,13759,0.12,cardiomegaly_1,-6.402693,0.0016543476,0.9722344
edit,00014281_000.png,14281,0.12,cardiomegaly_1,-5.909792,0.002705412,0.90411663
edit,00014295_001.png,14295,0.12,cardiomegaly_1,-6.2680035,0.0018924221,0.9570197
edit,00014387_006.png,14387,0.12,cardiomegaly_1,-1.3499966,0.20587093,0.30615643
edit,00014838_000.png,14838,0.12,cardiomegaly_1,0.39296722,0.5969968,0.3712155
edit,00014954_000.png,14954,0.12,cardiomegaly_1,-5.7131824,0.0032912786,0.9319213
edit,00015056_005.png,15056,0.12,cardiomegaly_1,8.123787,0.9997037,0.9937187
edit,00015087_011.png,15087,0.12,cardiomegaly_1,5.0428333,0.993586,0.9223229
edit,00016191_019.png,16191,0.12,cardiomegaly_1,-3.7664795,0.022610309,0.67813855
edit,00016245_000.png,16245,0.12,cardiomegaly_1,-6.6485386,0.0012942374,0.9730851
edit,00016498_001.png,16498,0.12,cardiomegaly_1,-6.011343,0.0024448028,0.94682765
edit,00016509_001.png,16509,0.12,cardiomegaly_1,3.605875,0.97355473,0.6662964
edit,00016512_001.png,16512,0.12,cardiomegaly_1,-3.4335175,0.031264223,0.56689537
edit,00016724_002.png,16724,0.12,cardiomegaly_1,0.24035072,0.5598001,0.2910841
edit,00016865_000.png,16865,0.12,cardiomegaly_1,-2.0093288,0.11822692,0.47086138
edit,00016907_000.png,16907,0.12,cardiomegaly_1,-5.6712017,0.003431906,0.9122067
edit,00017381_000.png,17381,0.12,cardiomegaly_1,-5.151932,0.005754902,0.87976444
edit,00018008_000.png,18008,0.12,cardiomegaly_1,-5.5517883,0.0038655112,0.8733122
edit,00018011_000.png,18011,0.12,cardiomegaly_1,2.7704449,0.9410577,0.4859608
edit,00018488_002.png,18488,0.12,cardiomegaly_1,-4.52071,0.010764167,0.8502426
edit,00018616_000.png,18616,0.12,cardiomegaly_1,2.6112022,0.9315791,0.6752264
edit,00019435_003.png,19435,0.12,cardiomegaly_1,-6.770281,0.0011460574,0.9792249
edit,00019535_002.png,19535,0.12,cardiomegaly_1,-5.4531994,0.0042643184,0.85916215
edit,00019544_000.png,19544,0.12,cardiomegaly_1,-2.1223736,0.10694116,0.51418656
edit,00019911_001.png,19911,0.12,cardiomegaly_1,-5.3842907,0.004567139,0.87886304
edit,00020318_024.png,20318,0.12,cardiomegaly_1,-4.1445065,0.015603916,0.7739748
edit,00020341_000.png,20341,0.12,cardiomegaly_1,-4.744358,0.008625597,0.7652518
edit,00020642_006.png,20642,0.12,cardiomegaly_1,-5.809225,0.0029907823,0.9304709
edit,00020674_000.png,20674,0.12,cardiomegaly_1,-5.817911,0.0029649932,0.93110543
edit,00020716_002.png,20716,0.12,cardiomegaly_1,4.0944347,0.98360795,0.8194575
edit,00020802_000.png,20802,0.12,cardiomegaly_1,-5.982479,0.0025162175,0.9498646
edit,00021023_024.png,21023,0.12,cardiomegaly_1,-5.689272,0.0033706548,0.8884689
edit,00021569_000.png,21569,0.12,cardiomegaly_1,-5.923849,0.0026677484,0.95094466
edit,00022341_000.png,22341,0.12,cardiomegaly_1,-5.8037033,0.0030072925,0.9203489
edit,00022582_001.png,22582,0.12,cardiomegaly_1,-1.5282898,0.17824404,0.41873586
edit,00022712_000.png,22712,0.12,cardiomegaly_1,-5.88834,0.002763913,0.94882214
edit,00023621_000.png,23621,0.12,cardiomegaly_1,1.4826794,0.81497693,0.37989768
edit,00023776_000.png,23776,0.12,cardiomegaly_1,-5.6320744,0.0035683599,0.9190719
edit,00024192_000.png,24192,0.12,cardiomegaly_1,-5.01066,0.006622353,0.8735715
edit,00024326_000.png,24326,0.12,cardiomegaly_1,-6.5850506,0.0013789533,0.9829543
edit,00024474_000.png,24474,0.12,cardiomegaly_1,-6.2343388,0.0019570878,0.96153396
edit,00024583_000.png,24583,0.12,cardiomegaly_1,-6.2356987,0.0019544333,0.96448946
edit,00025054_000.png,25054,0.12,cardiomegaly_1,-5.6577587,0.003478191,0.9116452
edit,00026354_001.png,26354,0.12,cardiomegaly_1,7.714651,0.999554,0.984991
edit,00026807_000.png,26807,0.12,cardiomegaly_1,-6.393368,0.0016698209,0.96847993
edit,00027305_000.png,27305,0.12,cardiomegaly_1,-5.560686,0.0038314005,0.9223235
edit,00028027_005.png,28027,0.12,cardiomegaly_1,-2.5280056,0.07391806,0.43689284
edit,00028053_000.png,28053,0.12,cardiomegaly_1,-6.2667637,0.0018947653,0.9658301
edit,00028457_000.png,28457,0.12,cardiomegaly_1,7.8038197,0.999592,0.9892528
edit,00028962_000.png,28962,0.12,cardiomegaly_1,-5.3593693,0.004681849,0.87675494
edit,00029393_000.png,29393,0.12,cardiomegaly_1,3.758892,0.97722137,0.6478818
edit,00029569_000.png,29569,0.12,cardiomegaly_1,5.652725,0.9965043,0.94117546
edit,00029648_000.png,29648,0.12,cardiomegaly_1,-3.9348316,0.019174157,0.78847986
edit,00030332_000.png,30332,0.12,cardiomegaly_1,-5.77549,0.0030930806,0.91414446
edit,00030805_000.png,30805,0.12,cardiomegaly_1,-4.4877434,0.0111209275,0.79038775
edit,00001059_006.png,1059,0.18,cardiomegaly_1,-0.6259155,0.34843725,0.2999764
edit,00001174_000.png,1174,0.18,cardiomegaly_1,-2.3737469,0.08519666,0.529303
edit,00001470_001.png,1470,0.18,cardiomegaly_1,1.2500343,0.7773058,0.41454464
edit,00001606_004.png,1606,0.18,cardiomegaly_1,9.179941,0.9998969,0.99414796
edit,00002139_000.png,2139,0.18,cardiomegaly_1,2.6198006,0.93212515,0.6322528
edit,00002355_005.png,2355,0.18,cardiomegaly_1,9.117409,0.9998902,0.9952494
edit,00002492_010.png,2492,0.18,cardiomegaly_1,-2.6815395,0.06407149,0.57524574
edit,00002566_000.png,2566,0.18,cardiomegaly_1,9.134069,0.9998921,0.9959662
edit,00003064_010.png,3064,0.18,cardiomegaly_1,0.3252964,0.5806145,0.32882908
edit,00003804_012.png,3804,0.18,cardiomegaly_1,-4.320078,0.01312431,0.70043766
edit,00003917_000.png,3917,0.18,cardiomegaly_1,3.3018112,0.96449083,0.5855665
edit,00004057_000.png,4057,0.18,cardiomegaly_1,-5.43124,0.004358583,0.84296054
edit,00005623_000.png,5623,0.18,cardiomegaly_1,-5.3396835,0.004774484,0.8855874
edit,00006012_000.png,6012,0.18,cardiomegaly_1,-1.5493813,0.17517565,0.3486954
edit,00006791_002.png,6791,0.18,cardiomegaly_1,9.081062,0.99988616,0.99627024
edit,00006921_000.png,6921,0.18,cardiomegaly_1,-5.8873177,0.0027667326,0.88417476
edit,00006981_017.png,6981,0.18,cardiomegaly_1,-5.3895874,0.0045431214,0.8620708
edit,00007082_000.png,7082,0.18,cardiomegaly_1,8.22489,0.9997322,0.9898665
edit,00007159_000.png,7159,0.18,cardiomegaly_1,9.278507,0.99990654,0.9953566
edit,00007340_004.png,7340,0.18,cardiomegaly_1,-1.6864567,0.15624239,0.4984972
edit,00007589_000.png,7589,0.18,cardiomegaly_1,-5.469532,0.0041955267,0.9190439
edit,00007931_000.png,7931,0.18,cardiomegaly_1,7.2428513,0.9992853,0.9850231
edit,00008142_005.png,8142,0.18,cardiomegaly_1,-6.303461,0.0018266176,0.9632077
edit,00008147_000.png,8147,0.18,cardiomegaly_1,-6.065012,0.0023173476,0.9600127
edit,00008184_003.png,8184,0.18,cardiomegaly_1,2.6521797,0.9341452,0.73716676
edit,00008359_000.png,8359,0.18,cardiomegaly_1,8.1311455,0.99970585,0.99009264
edit,00008386_001.png,8386,0.18,cardiomegaly_1,-5.4643803,0.0042171055,0.911674
edit,00008802_008.png,8802,0.18,cardiomegaly_1,0.04989052,0.51247007,0.22511078
edit,00009090_001.png,9090,0.18,cardiomegaly_1,10.047472,0.9999567,0.99807966
edit,00009105_003.png,9105,0.18,cardiomegaly_1,2.8380527,0.94469786,0.6269603
edit,00009306_000.png,9306,0.18,cardiomegaly_1,-1.7324848,0.15027002,0.4054784
edit,00009335_000.png,9335,0.18,cardiomegaly_1,8.162582,0.9997149,0.9859069
edit,00009409_002.png,9409,0.18,cardiomegaly_1,-2.306757,0.09056489,0.47625056
edit,00009761_000.png,9761,0.18,cardiomegaly_1,8.666805,0.99982774,0.9943617
edit,00010465_001.png,10465,0.18,cardiomegaly_1,6.3560867,0.9982668,0.94375336
edit,00010892_000.png,10892,0.18,cardiomegaly_1,-3.5977917,0.026654227,0.6385462
edit,00010931_003.png,10931,0.18,cardiomegaly_1,0.86193275,0.70306426,0.32634014
edit,00010964_000.png,10964,0.18,cardiomegaly_1,7.5082645,0.9994518,0.9871962
edit,00011611_000.png,11611,0.18,cardiomegaly_1,-4.0179596,0.017671725,0.6707488
edit,00012129_000.png,12129,0.18,cardiomegaly_1,-4.0216827,0.01760721,0.7736027
edit,00012400_000.png,12400,0.18,cardiomegaly_1,7.458563,0.99942386,0.9761916
edit,00012772_003.png,12772,0.18,cardiomegaly_1,-5.7449474,0.0031887023,0.919062
edit,00012902_001.png,12902,0.18,cardiomegaly_1,-2.6545773,0.06570745,0.43423557
edit,00013441_000.png,13441,0.18,cardiomegaly_1,7.9284916,0.99963975,0.9851534
edit,00013678_003.png,13678,0.18,cardiomegaly_1,8.289923,0.999749,0.98928314
edit,00013759_000.png,13759,0.18,cardiomegaly_1,-6.4722843,0.0015433053,0.9719739
edit,00014281_000.png,14281,0.18,cardiomegaly_1,-5.257189,0.0051829275,0.8447062
edit,00014295_001.png,14295,0.18,cardiomegaly_1,-6.195936,0.0020335508,0.9570408
edit,00014387_006.png,14387,0.18,cardiomegaly_1,1.893322,0.8691339,0.5107196
edit,00014838_000.png,14838,0.18,cardiomegaly_1,6.6678944,0.9987305,0.97686994
edit,00014954_000.png,14954,0.18,cardiomegaly_1,-5.7018585,0.0033286358,0.9257589
edit,00015056_005.png,15056,0.18,cardiomegaly_1,9.603119,0.9999325,0.99717605
edit,00015087_011.png,15087,0.18,cardiomegaly_1,6.8771324,0.99897003,0.9824281
edit,00016191_019.png,16191,0.18,cardiomegaly_1,-1.2042465,0.23072065,0.41873264
edit,00016245_000.png,16245,0.18,cardiomegaly_1,-6.533491,0.0014518102,0.97274864
edit,00016498_001.png,16498,0.18,cardiomegaly_1,-5.545719,0.0038889516,0.9229903
edit,00016509_001.png,16509,0.18,cardiomegaly_1,9.366249,0.9999144,0.9940778
edit,00016512_001.png,16512,0.18,cardiomegaly_1,4.8446255,0.9921909,0.8229483
edit,00016724_002.png,16724,0.18,cardiomegaly_1,6.5346527,0.9985499,0.97984487
edit,00016865_000.png,16865,0.18,cardiomegaly_1,5.294094,0.9950039,0.9418408
edit,00016907_000.png,16907,0.18,cardiomegaly_1,-5.616497,0.0036241778,0.9064226
edit,00017381_000.png,17381,0.18,cardiomegaly_1,-2.9505653,0.049709797,0.46848917
edit,00018008_000.png,18008,0.18,cardiomegaly_1,-5.2958183,0.004987511,0.8436456
edit,00018011_000.png,18011,0.18,cardiomegaly_1,6.988201,0.99907815,0.95601285
edit,00018488_002.png,18488,0.18,cardiomegaly_1,-4.150326,0.015514781,0.80114794
edit,00018616_000.png,18616,0.18,cardiomegaly_1,6.335615,0.9982311,0.9669281
edit,00019435_003.png,19435,0.18,cardiomegaly_1,-6.38509,0.0016836774,0.96602327
edit,00019535_002.png,19535,0.18,cardiomegaly_1,-4.169489,0.015224783,0.6317252
edit,00019544_000.png,19544,0.18,cardiomegaly_1,4.272978,0.9862514,0.8772917
edit,00019911_001.png,19911,0.18,cardiomegaly_1,-4.8695183,0.0076185744,0.8336194
edit,00020318_024.png,20318,0.18,cardiomegaly_1,0.7993336,0.68983185,0.5205426
edit,00020341_000.png,20341,0.18,cardiomegaly_1,-4.75189,0.008561427,0.7749336
edit,00020642_006.png,20642,0.18,cardiomegaly_1,-0.35589027,0.4119548,0.41481876
edit,00020674_000.png,20674,0.18,cardiomegaly_1,-5.257286,0.005182426,0.88416487
edit,00020716_002.png,20716,0.18,cardiomegaly_1,8.613873,0.9998185,0.99278927
edit,00020802_000.png,20802,0.18,cardiomegaly_1,-6.0699215,0.0023060245,0.943882
edit,00021023_024.png,21023,0.18,cardiomegaly_1,-5.7336445,0.0032248318,0.8850951
edit,00021569_000.png,21569,0.18,cardiomegaly_1,-1.5495892,0.17514563,0.3720963
edit,00022341_000.png,22341,0.18,cardiomegaly_1,-4.272375,0.013756727,0.7388569
edit,00022582_001.png,22582,0.18,cardiomegaly_1,4.876787,0.99243623,0.9015942
edit,00022712_000.png,22712,0.18,cardiomegaly_1,-0.91560364,0.28585452,0.3944089
edit,00023621_000.png,23621,0.18,cardiomegaly_1,8.107107,0.99969876,0.9894807
edit,00023776_000.png,23776,0.18,cardiomegaly_1,-4.162489,0.015330089,0.771872
edit,00024192_000.png,24192,0.18,cardiomegaly_1,0.99165916,0.7294155,0.3911973
edit,00024326_000.png,24326,0.18,cardiomegaly_1,-6.557186,0.0014178623,0.98081076
edit,00024474_000.png,24474,0.18,cardiomegaly_1,-5.9874935,0.002503663,0.9514306
edit,00024583_000.png,24583,0.18,cardiomegaly_1,-6.212988,0.001999238,0.96016896
edit,00025054_000.png,25054,0.18,cardiomegaly_1,-2.596527,0.06936227,0.5530164
edit,00026354_001.png,26354,0.18,cardiomegaly_1,9.444998,0.99992096,0.9939647
edit,00026807_000.png,26807,0.18,cardiomegaly_1,-6.4219913,0.0016227785,0.9697215
edit,00027305_000.png,27305,0.18,cardiomegaly_1,-4.754715,0.0085374825,0.8577623
edit,00028027_005.png,28027,0.18,cardiomegaly_1,-2.2878704,0.09213252,0.41203296
edit,00028053_000.png,28053,0.18,cardiomegaly_1,-5.692129,0.00336107,0.93892384
edit,00028457_000.png,28457,0.18,cardiomegaly_1,9.140169,0.9998927,0.9952142
edit,00028962_000.png,28962,0.18,cardiomegaly_1,-2.3805447,0.08466834,0.5405234
edit,00029393_000.png,29393,0.18,cardiomegaly_1,7.4569397,0.9994229,0.9707525
edit,00029569_000.png,29569,0.18,cardiomegaly_1,8.944258,0.99986947,0.99278367
edit,00029648_000.png,29648,0.18,cardiomegaly_1,7.3152905,0.9993351,0.9838504
edit,00030332_000.png,30332,0.18,cardiomegaly_1,-5.4647884,0.004215392,0.8890369
edit,00030805_000.png,30805,0.18,cardiomegaly_1,3.1778374,0.9599917,0.59420455
edit,00001059_006.png,1059,0.24,cardiomegaly_1,7.7486534,0.9995689,0.9923036
edit,00001174_000.png,1174,0.24,cardiomegaly_1,4.833418,0.9921036,0.8946387
edit,00001470_001.png,1470,0.24,cardiomegaly_1,2.8068333,0.94304395,0.6775562
edit,00001606_004.png,1606,0.24,cardiomegaly_1,9.758114,0.9999422,0.99587023
edit,00002139_000.png,2139,0.24,cardiomegaly_1,7.583803,0.9994916,0.9823853
edit,00002355_005.png,2355,0.24,cardiomegaly_1,9.809162,0.99994504,0.9965877
edit,00002492_010.png,2492,0.24,cardiomegaly_1,1.2538128,0.77795917,0.4515139
edit,00002566_000.png,2566,0.24,cardiomegaly_1,9.510504,0.999926,0.996765
edit,00003064_010.png,3064,0.24,cardiomegaly_1,6.7081375,0.99878055,0.9726248
edit,00003804_012.png,3804,0.24,cardiomegaly_1,-3.539854,0.028199289,0.6076707
edit,00003917_000.png,3917,0.24,cardiomegaly_1,8.353325,0.9997645,0.98582476
edit,00004057_000.png,4057,0.24,cardiomegaly_1,-5.559023,0.0038377538,0.87789565
edit,00005623_000.png,5623,0.24,cardiomegaly_1,-4.998268,0.006704374,0.8315093
edit,00006012_000.png,6012,0.24,cardiomegaly_1,5.187605,0.9944457,0.9386633
edit,00006791_002.png,6791,0.24,cardiomegaly_1,9.514036,0.9999262,0.9973933
edit,00006921_000.png,6921,0.24,cardiomegaly_1,-5.8489285,0.0028746992,0.8968128
edit,00006981_017.png,6981,0.24,cardiomegaly_1,-4.8890495,0.0074723195,0.8258301
edit,00007082_000.png,7082,0.24,cardiomegaly_1,9.795052,0.9999443,0.9972655
edit,00007159_000.png,7159,0.24,cardiomegaly_1,9.732008,0.99994063,0.9967734
edit,00007340_004.png,7340,0.24,cardiomegaly_1,1.1926346,0.767212,0.495606
edit,00007589_000.png,7589,0.24,cardiomegaly_1,0.71777916,0.67211777,0.4868441
edit,00007931_000.png,7931,0.24,cardiomegaly_1,9.050922,0.9998827,0.9958146
edit,00008142_005.png,8142,0.24,cardiomegaly_1,-6.2863216,0.0018581359,0.95612013
edit,00008147_000.png,8147,0.24,cardiomegaly_1,-6.0247574,0.0024123047,0.9547763
edit,00008184_003.png,8184,0.24,cardiomegaly_1,8.790483,0.99984777,0.99470234
edit,00008359_000.png,8359,0.24,cardiomegaly_1,9.417103,0.9999187,0.9946802
edit,00008386_001.png,8386,0.24,cardiomegaly_1,5.325201,0.9951563,0.95110047
edit,00008802_008.png,8802,0.24,cardiomegaly_1,9.007904,0.9998776,0.9941954
edit,00009090_001.png,9090,0.24,cardiomegaly_1,10.28404,0.9999658,0.9983356
edit,00009105_003.png,9105,0.24,cardiomegaly_1,7.1843567,0.9992422,0.97264737
edit,00009306_000.png,9306,0.24,cardiomegaly_1,4.393589,0.9877945,0.88355786
edit,00009335_000.png,9335,0.24,cardiomegaly_1,9.125732,0.99989116,0.9936175
edit,00009409_002.png,9409,0.24,cardiomegaly_1,3.036148,0.9541807,0.6313688
edit,00009761_000.png,9761,0.24,cardiomegaly_1,9.355738,0.9999136,0.99609834
edit,00010465_001.png,10465,0.24,cardiomegaly_1,9.053974,0.99988306,0.9901091
edit,00010892_000.png,10892,0.24,cardiomegaly_1,3.5375729,0.9717381,0.70600134
edit,00010931_003.png,10931,0.24,cardiomegaly_1,8.320396,0.9997565,0.99140245
edit,00010964_000.png,10964,0.24,cardiomegaly_1,9.5591755,0.9999294,0.99655634
edit,00011611_000.png,11611,0.24,cardiomegaly_1,2.251768,0.9048029,0.41293785
edit,00012129_000.png,12129,0.24,cardiomegaly_1,5.4338512,0.9956527,0.9486699
edit,00012400_000.png,12400,0.24,cardiomegaly_1,9.530348,0.9999274,0.9944926
edit,00012772_003.png,12772,0.24,cardiomegaly_1,-5.426321,0.004379982,0.8925355
edit,00012902_001.png,12902,0.24,cardiomegaly_1,-1.8220558,0.13918737,0.3476028
edit,00013441_000.png,13441,0.24,cardiomegaly_1,8.824757,0.9998529,0.9918069
edit,00013678_003.png,13678,0.24,cardiomegaly_1,9.642448,0.99993503,0.9954568
edit,00013759_000.png,13759,0.24,cardiomegaly_1,-5.6414776,0.0035350816,0.9533222
edit,00014281_000.png,14281,0.24,cardiomegaly_1,-3.2801895,0.036257092,0.5991054
edit,00014295_001.png,14295,0.24,cardiomegaly_1,-6.2941,0.0018437656,0.95735663
edit,00014387_006.png,14387,0.24,cardiomegaly_1,4.6470585,0.9905013,0.86302704
edit,00014838_000.png,14838,0.24,cardiomegaly_1,9.393986,0.9999168,0.9964641
edit,00014954_000.png,14954,0.24,cardiomegaly_1,-4.7220707,0.008818283,0.7939639
edit,00015056_005.png,15056,0.24,cardiomegaly_1,9.851591,0.9999473,0.9977866
edit,00015087_011.png,15087,0.24,cardiomegaly_1,8.975826,0.9998735,0.99440265
edit,00016191_019.png,16191,0.24,cardiomegaly_1,4.9558372,0.99300706,0.9291201
edit,00016245_000.png,16245,0.24,cardiomegaly_1,-5.790224,0.0030479783,0.94373304
edit,00016498_001.png,16498,0.24,cardiomegaly_1,-4.414322,0.011958033,0.82158
edit,00016509_001.png,16509,0.24,cardiomegaly_1,9.757668,0.9999422,0.9960326
edit,00016512_001.png,16512,0.24,cardiomegaly_1,9.11404,0.99988985,0.991781
edit,00016724_002.png,16724,0.24,cardiomegaly_1,8.275314,0.9997453,0.99507457
edit,00016865_000.png,16865,0.24,cardiomegaly_1,7.8306465,0.99960285,0.9863841
edit,00016907_000.png,16907,0.24,cardiomegaly_1,-5.633333,0.0035638872,0.9026333
edit,00017381_000.png,17381,0.24,cardiomegaly_1,5.4077816,0.9955384,0.90097004
edit,00018008_000.png,18008,0.24,cardiomegaly_1,-5.448757,0.004283223,0.8599687
edit,00018011_000.png,18011,0.24,cardiomegaly_1,8.891075,0.99986243,0.9880275
edit,00018488_002.png,18488,0.24,cardiomegaly_1,-4.1486053,0.015541079,0.7864085
edit,00018616_000.png,18616,0.24,cardiomegaly_1,7.1292686,0.99919933,0.9819348
edit,00019435_003.png,19435,0.24,cardiomegaly_1,-3.097313,0.04321823,0.56701934
edit,00019535_002.png,19535,0.24,cardiomegaly_1,0.52622795,0.6286029,0.3631928
edit,00019544_000.png,19544,0.24,cardiomegaly_1,8.076078,0.9996892,0.9872629
edit,00019911_001.png,19911,0.24,cardiomegaly_1,1.783905,0.8561784,0.5093284
edit,00020318_024.png,20318,0.24,cardiomegaly_1,1.4661045,0.81246454,0.59421355
edit,00020341_000.png,20341,0.24,cardiomegaly_1,-1.602047,0.16769572,0.38175523
edit,00020642_006.png,20642,0.24,cardiomegaly_1,5.6923885,0.99663985,0.94490206
edit,00020674_000.png,20674,0.24,cardiomegaly_1,1.5771141,0.82879543,0.38906613
edit,00020716_002.png,20716,0.24,cardiomegaly_1,9.536457,0.9999279,0.996007
edit,00020802_000.png,20802,0.24,cardiomegaly_1,-5.9197445,0.0026786919,0.93921924
edit,00021023_024.png,21023,0.24,cardiomegaly_1,-5.593624,0.003707718,0.8664081
edit,00021569_000.png,21569,0.24,cardiomegaly_1,2.9255257,0.9490939,0.6216983
edit,00022341_000.png,22341,0.24,cardiomegaly_1,2.4088802,0.9175019,0.57257664
edit,00022582_001.png,22582,0.24,cardiomegaly_1,9.221697,0.9999012,0.993032
edit,00022712_000.png,22712,0.24,cardiomegaly_1,4.2959137,0.98655903,0.8903421
edit,00023621_000.png,23621,0.24,cardiomegaly_1,9.962658,0.9999529,0.9972871
edit,00023776_000.png,23776,0.24,cardiomegaly_1,1.4025612,0.80259,0.3895444
edit,00024192_000.png,24192,0.24,cardiomegaly_1,6.1293697,0.99782676,0.9637073
edit,00024326_000.png,24326,0.24,cardiomegaly_1,-6.364723,0.0017182602,0.97557324
edit,00024474_000.png,24474,0.24,cardiomegaly_1,-4.0610523,0.016939003,0.7895271
edit,00024583_000.png,24583,0.24,cardiomegaly_1,-5.761814,0.0031355377,0.9383839
edit,00025054_000.png,25054,0.24,cardiomegaly_1,6.338974,0.998237,0.97186834
edit,00026354_001.png,26354,0.24,cardiomegaly_1,10.115952,0.9999596,0.99640495
edit,00026807_000.png,26807,0.24,cardiomegaly_1,-6.427622,0.0016136819,0.97289234
edit,00027305_000.png,27305,0.24,cardiomegaly_1,0.14974976,0.53736764,0.47315738
edit,00028027_005.png,28027,0.24,cardiomegaly_1,-1.0441418,0.26035163,0.3208803
edit,00028053_000.png,28053,0.24,cardiomegaly_1,-3.664898,0.024967449,0.7233575
edit,00028457_000.png,28457,0.24,cardiomegaly_1,9.78508,0.99994373,0.99707186
edit,00028962_000.png,28962,0.24,cardiomegaly_1,5.1200294,0.9940597,0.9602478
edit,00029393_000.png,29393,0.24,cardiomegaly_1,8.530331,0.99980265,0.9885602
edit,00029569_000.png,29569,0.24,cardiomegaly_1,9.560825,0.99992955,0.9949086
edit,00029648_000.png,29648,0.24,cardiomegaly_1,9.159914,0.99989486,0.994467
edit,00030332_000.png,30332,0.24,cardiomegaly_1,-3.1828651,0.039815653,0.63229746
edit,00030805_000.png,30805,0.24,cardiomegaly_1,8.426756,0.9997811,0.9868659
edit,00001059_006.png,1059,0.3,cardiomegaly_1,8.938696,0.99986875,0.99589723
edit,00001174_000.png,1174,0.3,cardiomegaly_1,8.460718,0.99978846,0.9908666
edit,00001470_001.png,1470,0.3,cardiomegaly_1,4.473757,0.9887242,0.90932506
edit,00001606_004.png,1606,0.3,cardiomegaly_1,9.976009,0.9999535,0.9964784
edit,00002139_000.png,2139,0.3,cardiomegaly_1,8.512552,0.9997991,0.990273
edit,00002355_005.png,2355,0.3,cardiomegaly_1,9.991373,0.9999542,0.996931
edit,00002492_010.png,2492,0.3,cardiomegaly_1,2.389021,0.9159863,0.6307568
edit,00002566_000.png,2566,0.3,cardiomegaly_1,9.416395,0.9999186,0.99684346
edit,00003064_010.png,3064,0.3,cardiomegaly_1,9.559376,0.9999294,0.99597484
edit,00003804_012.png,3804,0.3,cardiomegaly_1,-0.03873253,0.4903181,0.2976901
edit,00003917_000.png,3917,0.3,cardiomegaly_1,9.612806,0.9999331,0.99396795
edit,00004057_000.png,4057,0.3,cardiomegaly_1,-4.9673405,0.0069135088,0.7766356
edit,00005623_000.png,5623,0.3,cardiomegaly_1,-3.458704,0.030510345,0.53913236
edit,00006012_000.png,6012,0.3,cardiomegaly_1,7.348505,0.9993568,0.97775257
edit,00006791_002.png,6791,0.3,cardiomegaly_1,9.771151,0.9999429,0.9974689
edit,00006921_000.png,6921,0.3,cardiomegaly_1,-3.8192005,0.021474082,0.573643
edit,00006981_017.png,6981,0.3,cardiomegaly_1,-1.5081234,0.18121707,0.4166494
edit,00007082_000.png,7082,0.3,cardiomegaly_1,9.975277,0.9999535,0.99759096
edit,00007159_000.png,7159,0.3,cardiomegaly_1,9.824436,0.9999459,0.9964835
edit,00007340_004.png,7340,0.3,cardiomegaly_1,8.0156555,0.9996699,0.9910611
edit,00007589_000.png,7589,0.3,cardiomegaly_1,4.3575115,0.9873518,0.92008525
edit,00007931_000.png,7931,0.3,cardiomegaly_1,9.469589,0.9999229,0.9967582
edit,00008142_005.png,8142,0.3,cardiomegaly_1,-5.878399,0.00279145,0.9413171
edit,00008147_000.png,8147,0.3,cardiomegaly_1,-4.755472,0.008531076,0.89524806
edit,00008184_003.png,8184,0.3,cardiomegaly_1,9.402395,0.9999175,0.9960117
edit,00008359_000.png,8359,0.3,cardiomegaly_1,9.969397,0.99995315,0.9963665
edit,00008386_001.png,8386,0.3,cardiomegaly_1,8.192785,0.9997234,0.99379444
edit,00008802_008.png,8802,0.3,cardiomegaly_1,9.954327,0.99995244,0.9965742
edit,00009090_001.png,9090,0.3,cardiomegaly_1,10.334105,0.99996746,0.99836266
edit,00009105_003.png,9105,0.3,cardiomegaly_1,9.229742,0.9999019,0.98925215
edit,00009306_000.png,9306,0.3,cardiomegaly_1,5.968975,0.9974496,0.9664385
edit,00009335_000.png,9335,0.3,cardiomegaly_1,9.569914,0.99993014,0.9964113
edit,00009409_002.png,9409,0.3,cardiomegaly_1,7.285715,0.99931526,0.97436106
edit,00009761_000.png,9761,0.3,cardiomegaly_1,9.654221,0.99993587,0.99670744
edit,00010465_001.png,10465,0.3,cardiomegaly_1,9.563255,0.9999298,0.99461496
edit,00010892_000.png,10892,0.3,cardiomegaly_1,7.641102,0.99951994,0.9883915
edit,00010931_003.png,10931,0.3,cardiomegaly_1,9.399887,0.99991727,0.99582964
edit,00010964_000.png,10964,0.3,cardiomegaly_1,10.126732,0.99995995,0.9973985
edit,00011611_000.png,11611,0.3,cardiomegaly_1,6.992655,0.9990822,0.97176194
edit,00012129_000.png,12129,0.3,cardiomegaly_1,9.038641,0.99988127,0.99487823
edit,00012400_000.png,12400,0.3,cardiomegaly_1,10.171492,0.99996173,0.9965481
edit,00012772_003.png,12772,0.3,cardiomegaly_1,-2.8845558,0.052922327,0.530957
edit,00012902_001.png,12902,0.3,cardiomegaly_1,5.7366734,0.9967849,0.92933154
edit,00013441_000.png,13441,0.3,cardiomegaly_1,9.81708,0.9999455,0.9960122
edit,00013678_003.png,13678,0.3,cardiomegaly_1,9.775394,0.99994314,0.9954908
edit,00013759_000.png,13759,0.3,cardiomegaly_1,0.2413044,0.56003505,0.45630178
edit,00014281_000.png,14281,0.3,cardiomegaly_1,5.7966366,0.99697137,0.94779533
edit,00014295_001.png,14295,0.3,cardiomegaly_1,-5.6350613,0.0035577556,0.9264504
edit,00014387_006.png,14387,0.3,cardiomegaly_1,5.5916557,0.99628496,0.93494576
edit,00014838_000.png,14838,0.3,cardiomegaly_1,9.634628,0.99993455,0.99657935
edit,00014954_000.png,14954,0.3,cardiomegaly_1,-3.0704956,0.044340823,0.45319286
edit,00015056_005.png,15056,0.3,cardiomegaly_1,10.001345,0.9999547,0.99827343
edit,00015087_011.png,15087,0.3,cardiomegaly_1,9.467167,0.99992263,0.9967771
edit,00016191_019.png,16191,0.3,cardiomegaly_1,8.233461,0.99973446,0.99280804
edit,00016245_000.png,16245,0.3,cardiomegaly_1,-0.40228844,0.40076265,0.39796987
edit,00016498_001.png,16498,0.3,cardiomegaly_1,-2.270584,0.09358865,0.46031088
edit,00016509_001.png,16509,0.3,cardiomegaly_1,10.108252,0.99995923,0.99689937
edit,00016512_001.png,16512,0.3,cardiomegaly_1,9.843483,0.99994695,0.9956308
edit,00016724_002.png,16724,0.3,cardiomegaly_1,9.063112,0.9998841,0.997382
edit,00016865_000.png,16865,0.3,cardiomegaly_1,8.359104,0.9997658,0.9914758
edit,00016907_000.png,16907,0.3,cardiomegaly_1,-5.582453,0.003749214,0.9026514
edit,00017381_000.png,17381,0.3,cardiomegaly_1,9.350885,0.9999131,0.99421686
edit,00018008_000.png,18008,0.3,cardiomegaly_1,-5.0130444,0.006606687,0.80981433
edit,00018011_000.png,18011,0.3,cardiomegaly_1,9.2313595,0.9999021,0.9903978
edit,00018488_002.png,18488,0.3,cardiomegaly_1,-3.9080925,0.019683544,0.7449764
edit,00018616_000.png,18616,0.3,cardiomegaly_1,8.0111065,0.99966836,0.99016976
edit,00019435_003.png,19435,0.3,cardiomegaly_1,8.148916,0.999711,0.98889524
edit,00019535_002.png,19535,0.3,cardiomegaly_1,6.699732,0.9987703,0.97579825
edit,00019544_000.png,19544,0.3,cardiomegaly_1,8.401104,0.99977547,0.98979443
edit,00019911_001.png,19911,0.3,cardiomegaly_1,7.94079,0.99964416,0.98995507
edit,00020318_024.png,20318,0.3,cardiomegaly_1,6.6207104,0.99866927,0.9863273
edit,00020341_000.png,20341,0.3,cardiomegaly_1,5.484392,0.99586606,0.95009655
edit,00020642_006.png,20642,0.3,cardiomegaly_1,9.15892,0.99989474,0.9956675
edit,00020674_000.png,20674,0.3,cardiomegaly_1,6.572399,0.9986035,0.96674335
edit,00020716_002.png,20716,0.3,cardiomegaly_1,9.874571,0.9999485,0.99689656
edit,00020802_000.png,20802,0.3,cardiomegaly_1,-5.0781384,0.0061929077,0.9057951
edit,00021023_024.png,21023,0.3,cardiomegaly_1,-1.6843567,0.15651943,0.22472584
edit,00021569_000.png,21569,0.3,cardiomegaly_1,8.89987,0.9998636,0.99359524
edit,00022341_000.png,22341,0.3,cardiomegaly_1,6.4211407,0.9983758,0.957115
edit,00022582_001.png,22582,0.3,cardiomegaly_1,10.064449,0.99995744,0.99635786
edit,00022712_000.png,22712,0.3,cardiomegaly_1,6.396023,0.9983346,0.97396517
edit,00023621_000.png,23621,0.3,cardiomegaly_1,10.308121,0.9999666,0.9976617
edit,00023776_000.png,23776,0.3,cardiomegaly_1,7.16181,0.9992249,0.97852904
edit,00024192_000.png,24192,0.3,cardiomegaly_1,9.193743,0.9998983,0.9951109
edit,00024326_000.png,24326,0.3,cardiomegaly_1,-6.016138,0.0024331363,0.9568773
edit,00024474_000.png,24474,0.3,cardiomegaly_1,5.9982033,0.9975229,0.9417865
edit,00024583_000.png,24583,0.3,cardiomegaly_1,-5.2108116,0.0054276222,0.900638
edit,00025054_000.png,25054,0.3,cardiomegaly_1,8.54158,0.9998049,0.9921403
edit,00026354_001.png,26354,0.3,cardiomegaly_1,10.303062,0.9999665,0.99649984
edit,00026807_000.png,26807,0.3,cardiomegaly_1,-6.3321266,0.0017750916,0.96932477
edit,00027305_000.png,27305,0.3,cardiomegaly_1,8.335192,0.9997601,0.9937198
edit,00028027_005.png,28027,0.3,cardiomegaly_1,1.3977528,0.8018271,0.46543887
edit,00028053_000.png,28053,0.3,cardiomegaly_1,6.1893845,0.99795306,0.96554834
edit,00028457_000.png,28457,0.3,cardiomegaly_1,10.033302,0.99995613,0.99754393
edit,00028962_000.png,28962,0.3,cardiomegaly_1,7.442112,0.9994143,0.99037796
edit,00029393_000.png,29393,0.3,cardiomegaly_1,9.718864,0.9999399,0.9962491
edit,00029569_000.png,29569,0.3,cardiomegaly_1,9.739529,0.9999411,0.9950672
edit,00029648_000.png,29648,0.3,cardiomegaly_1,9.956751,0.99995255,0.9969368
edit,00030332_000.png,30332,0.3,cardiomegaly_1,7.07263,0.99915266,0.9741388
edit,00030805_000.png,30805,0.3,cardiomegaly_1,9.623802,0.99993384,0.99506134
sham,00001059_006.png,1059,0.3,cardiomegaly_1,6.2210007,0.9980167,0.97663784
sham,00001174_000.png,1174,0.3,cardiomegaly_1,-5.968601,0.0025512911,0.9487311
sham,00001470_001.png,1470,0.3,cardiomegaly_1,-3.0780602,0.04402138,0.5122236
sham,00001606_004.png,1606,0.3,cardiomegaly_1,-2.3554134,0.08663644,0.37232396
sham,00002139_000.png,2139,0.3,cardiomegaly_1,0.6611252,0.65951306,0.3323803
sham,00002355_005.png,2355,0.3,cardiomegaly_1,-3.500471,0.02929883,0.67906696
sham,00002492_010.png,2492,0.3,cardiomegaly_1,-5.992586,0.002490977,0.9252542
sham,00002566_000.png,2566,0.3,cardiomegaly_1,-5.609709,0.0036487735,0.9305355
sham,00003064_010.png,3064,0.3,cardiomegaly_1,-5.4029274,0.004483189,0.85629195
sham,00003804_012.png,3804,0.3,cardiomegaly_1,-5.4795685,0.004153803,0.8899026
sham,00003917_000.png,3917,0.3,cardiomegaly_1,-5.6590137,0.0034738434,0.9051094
sham,00004057_000.png,4057,0.3,cardiomegaly_1,-5.5874214,0.003730701,0.89886874
sham,00005623_000.png,5623,0.3,cardiomegaly_1,-5.42844,0.004370751,0.90464
sham,00006012_000.png,6012,0.3,cardiomegaly_1,-5.996298,0.0024817714,0.9484659
sham,00006791_002.png,6791,0.3,cardiomegaly_1,-5.1842136,0.0055731083,0.87172884
sham,00006921_000.png,6921,0.3,cardiomegaly_1,-5.9569435,0.00258113,0.9151938
sham,00006981_017.png,6981,0.3,cardiomegaly_1,-5.767023,0.0031192983,0.9271703
sham,00007082_000.png,7082,0.3,cardiomegaly_1,-3.550623,0.02790567,0.5408195
sham,00007159_000.png,7159,0.3,cardiomegaly_1,-5.123661,0.005918942,0.8230471
sham,00007340_004.png,7340,0.3,cardiomegaly_1,-5.4126816,0.004439865,0.91413224
sham,00007589_000.png,7589,0.3,cardiomegaly_1,-6.346636,0.001749567,0.9744743
sham,00007931_000.png,7931,0.3,cardiomegaly_1,-5.5971775,0.0036946149,0.94058967
sham,00008142_005.png,8142,0.3,cardiomegaly_1,-6.0383167,0.0023798936,0.9623032
sham,00008147_000.png,8147,0.3,cardiomegaly_1,-5.6338234,0.0035621468,0.9516356
sham,00008184_003.png,8184,0.3,cardiomegaly_1,-5.7729645,0.0031008774,0.9477938
sham,00008359_000.png,8359,0.3,cardiomegaly_1,-2.3152657,0.089866534,0.62651795
sham,00008386_001.png,8386,0.3,cardiomegaly_1,-5.8715744,0.0028105113,0.95199794
sham,00008802_008.png,8802,0.3,cardiomegaly_1,-6.255846,0.0019155254,0.94899625
sham,00009090_001.png,9090,0.3,cardiomegaly_1,-5.3111305,0.0049120947,0.9162131
sham,00009105_003.png,9105,0.3,cardiomegaly_1,-5.0901623,0.0061193435,0.8364775
sham,00009306_000.png,9306,0.3,cardiomegaly_1,-6.3458195,0.0017509934,0.972011
sham,00009335_000.png,9335,0.3,cardiomegaly_1,-5.938648,0.002628662,0.9418949
sham,00009409_002.png,9409,0.3,cardiomegaly_1,-6.4014454,0.0016564091,0.9698513
sham,00009761_000.png,9761,0.3,cardiomegaly_1,-3.6817398,0.02456071,0.6262634
sham,00010465_001.png,10465,0.3,cardiomegaly_1,-5.5210705,0.0039856136,0.93575835
sham,00010892_000.png,10892,0.3,cardiomegaly_1,-5.442278,0.0043109446,0.9085459
sham,00010931_003.png,10931,0.3,cardiomegaly_1,-5.673279,0.0034248093,0.96323955
sham,00010964_000.png,10964,0.3,cardiomegaly_1,-6.047653,0.0023578296,0.96319497
sham,00011611_000.png,11611,0.3,cardiomegaly_1,-6.0425053,0.0023699699,0.94029886
sham,00012129_000.png,12129,0.3,cardiomegaly_1,-5.881796,0.0027820095,0.94497377
sham,00012400_000.png,12400,0.3,cardiomegaly_1,-6.3174706,0.0018012517,0.9608838
sham,00012772_003.png,12772,0.3,cardiomegaly_1,-5.7510586,0.0031693366,0.92412394
sham,00012902_001.png,12902,0.3,cardiomegaly_1,-6.269161,0.0018902366,0.97063017
sham,00013441_000.png,13441,0.3,cardiomegaly_1,-5.7378273,0.0032114142,0.9302261
sham,00013678_003.png,13678,0.3,cardiomegaly_1,-5.1973915,0.00550055,0.8545036
sham,00013759_000.png,13759,0.3,cardiomegaly_1,-6.2731514,0.0018827234,0.9663401
sham,00014281_000.png,14281,0.3,cardiomegaly_1,-5.9648933,0.002560744,0.9172536
sham,00014295_001.png,14295,0.3,cardiomegaly_1,-6.3403378,0.0017606012,0.96471393
sham,00014387_006.png,14387,0.3,cardiomegaly_1,-4.230543,0.01433598,0.7211578
sham,00014838_000.png,14838,0.3,cardiomegaly_1,-5.599844,0.0036848127,0.9267916
sham,00014954_000.png,14954,0.3,cardiomegaly_1,-5.876478,0.0027968013,0.9430909
sham,00015056_005.png,15056,0.3,cardiomegaly_1,-1.6339378,0.16329163,0.4629859
sham,00015087_011.png,15087,0.3,cardiomegaly_1,-3.2095585,0.0388076,0.51057744
sham,00016191_019.png,16191,0.3,cardiomegaly_1,-5.304302,0.0049455846,0.8770117
sham,00016245_000.png,16245,0.3,cardiomegaly_1,-6.6285725,0.0013203035,0.9781489
sham,00016498_001.png,16498,0.3,cardiomegaly_1,-6.2065754,0.0020120735,0.9589523
sham,00016509_001.png,16509,0.3,cardiomegaly_1,-0.46527672,0.38573477,0.31623945
sham,00016512_001.png,16512,0.3,cardiomegaly_1,-5.9066296,0.0027139578,0.9314402
sham,00016724_002.png,16724,0.3,cardiomegaly_1,6.9682713,0.9990596,0.98692846
sham,00016865_000.png,16865,0.3,cardiomegaly_1,-6.5018463,0.0014984172,0.97128725
sham,00016907_000.png,16907,0.3,cardiomegaly_1,-5.809126,0.002991078,0.91729236
sham,00017381_000.png,17381,0.3,cardiomegaly_1,2.6231594,0.9323373,0.7169474
sham,00018008_000.png,18008,0.3,cardiomegaly_1,-5.7288513,0.0032402757,0.8918155
sham,00018011_000.png,18011,0.3,cardiomegaly_1,-5.661192,0.0034663111,0.9228364
sham,00018488_002.png,18488,0.3,cardiomegaly_1,-2.9176388,0.051288467,0.5190422
sham,00018616_000.png,18616,0.3,cardiomegaly_1,-5.5061607,0.0040452406,0.8657424
sham,00019435_003.png,19435,0.3,cardiomegaly_1,-5.485424,0.0041296515,0.9270655
sham,00019535_002.png,19535,0.3,cardiomegaly_1,-4.048176,0.017154763,0.70729023
sham,00019544_000.png,19544,0.3,cardiomegaly_1,-6.188545,0.0020486056,0.96085024
sham,00019911_001.png,19911,0.3,cardiomegaly_1,-5.517517,0.003999744,0.8929045
sham,00020318_024.png,20318,0.3,cardiomegaly_1,-4.6350174,0.0096126385,0.86916834
sham,00020341_000.png,20341,0.3,cardiomegaly_1,-4.8149757,0.008042216,0.76318914
sham,00020642_006.png,20642,0.3,cardiomegaly_1,-5.9903965,0.002496424,0.94226414
sham,00020674_000.png,20674,0.3,cardiomegaly_1,-4.78887,0.008253175,0.8319076
sham,00020716_002.png,20716,0.3,cardiomegaly_1,-5.554367,0.003855594,0.90669656
sham,00020802_000.png,20802,0.3,cardiomegaly_1,-6.218498,0.0019882738,0.9659282
sham,00021023_024.png,21023,0.3,cardiomegaly_1,-5.8779964,0.00279257,0.91942537
sham,00021569_000.png,21569,0.3,cardiomegaly_1,-6.2037945,0.0020176652,0.96370274
sham,00022341_000.png,22341,0.3,cardiomegaly_1,-6.13393,0.0021633531,0.956347
sham,00022582_001.png,22582,0.3,cardiomegaly_1,-6.336853,0.0017667363,0.9626394
sham,00022712_000.png,22712,0.3,cardiomegaly_1,-5.820318,0.0029578859,0.93732935
sham,00023621_000.png,23621,0.3,cardiomegaly_1,-6.288601,0.0018539133,0.9657856
sham,00023776_000.png,23776,0.3,cardiomegaly_1,-5.700409,0.0033334482,0.91916245
sham,00024192_000.png,24192,0.3,cardiomegaly_1,-6.182934,0.0020601097,0.960217
sham,00024326_000.png,24326,0.3,cardiomegaly_1,-6.5907288,0.0013711563,0.9808035
sham,00024474_000.png,24474,0.3,cardiomegaly_1,-6.354368,0.0017361143,0.9665727
sham,00024583_000.png,24583,0.3,cardiomegaly_1,-6.0814667,0.0022796146,0.9561147
sham,00025054_000.png,25054,0.3,cardiomegaly_1,-6.4314575,0.0016075142,0.95568997
sham,00026354_001.png,26354,0.3,cardiomegaly_1,-5.4847317,0.0041325,0.8518099
sham,00026807_000.png,26807,0.3,cardiomegaly_1,-6.392109,0.0016719206,0.97020805
sham,00027305_000.png,27305,0.3,cardiomegaly_1,-5.9100666,0.002704671,0.95165753
sham,00028027_005.png,28027,0.3,cardiomegaly_1,-4.0590477,0.016972417,0.7641714
sham,00028053_000.png,28053,0.3,cardiomegaly_1,-6.456209,0.0015682755,0.9716387
sham,00028457_000.png,28457,0.3,cardiomegaly_1,-5.0705433,0.0062398277,0.8354498
sham,00028962_000.png,28962,0.3,cardiomegaly_1,-5.6580296,0.003477252,0.92348146
sham,00029393_000.png,29393,0.3,cardiomegaly_1,7.845604,0.9996087,0.9809387
sham,00029569_000.png,29569,0.3,cardiomegaly_1,-4.848383,0.007780043,0.85549515
sham,00029648_000.png,29648,0.3,cardiomegaly_1,-6.417595,0.0016299171,0.9667281
sham,00030332_000.png,30332,0.3,cardiomegaly_1,-6.0022526,0.0024670733,0.9282188
sham,00030805_000.png,30805,0.3,cardiomegaly_1,-6.6427155,0.001301786,0.9719301
blank,00001059_006.png,1059,,cardiomegaly_1,-4.7419243,0.008646433,0.82670915
blank,00001174_000.png,1174,,cardiomegaly_1,-4.785576,0.00828018,0.8269325
blank,00001470_001.png,1470,,cardiomegaly_1,-4.956518,0.00698821,0.85008454
blank,00001606_004.png,1606,,cardiomegaly_1,-4.8953094,0.007426035,0.83394164
blank,00002139_000.png,2139,,cardiomegaly_1,-5.02849,0.006506085,0.8525761
blank,00002355_005.png,2355,,cardiomegaly_1,-4.7647667,0.008452818,0.8083581
blank,00002492_010.png,2492,,cardiomegaly_1,-4.772194,0.0083907945,0.8273155
blank,00002566_000.png,2566,,cardiomegaly_1,-4.928896,0.007182524,0.8448931
blank,00003064_010.png,3064,,cardiomegaly_1,-4.956518,0.00698821,0.85008454
blank,00003804_012.png,3804,,cardiomegaly_1,-4.731468,0.008736522,0.82821643
blank,00003917_000.png,3917,,cardiomegaly_1,-4.830179,0.007921834,0.8094
blank,00004057_000.png,4057,,cardiomegaly_1,-4.9427013,0.0070847464,0.8453751
blank,00005623_000.png,5623,,cardiomegaly_1,-4.7758293,0.0083606,0.81860274
blank,00006012_000.png,6012,,cardiomegaly_1,-4.97493,0.0068615973,0.8508047
blank,00006791_002.png,6791,,cardiomegaly_1,-4.7362194,0.008695472,0.80677235
blank,00006921_000.png,6921,,cardiomegaly_1,-4.7362194,0.008695472,0.80677235
blank,00006981_017.png,6981,,cardiomegaly_1,-4.7419243,0.008646433,0.82670915
blank,00007082_000.png,7082,,cardiomegaly_1,-5.0144825,0.0065972554,0.86085194
blank,00007159_000.png,7159,,cardiomegaly_1,-4.9954033,0.0067234794,0.8517453
blank,00007340_004.png,7340,,cardiomegaly_1,-5.026848,0.006516709,0.85291284
blank,00007589_000.png,7589,,cardiomegaly_1,-4.956518,0.00698821,0.85008454
blank,00007931_000.png,7931,,cardiomegaly_1,-5.0558605,0.0063315374,0.862229
blank,00008142_005.png,8142,,cardiomegaly_1,-4.960905,0.0069578327,0.8438434
blank,00008147_000.png,8147,,cardiomegaly_1,-4.915798,0.007276529,0.83686244
blank,00008184_003.png,8184,,cardiomegaly_1,-4.915798,0.007276529,0.83686244
blank,00008359_000.png,8359,,cardiomegaly_1,-4.772194,0.0083907945,0.8273155
blank,00008386_001.png,8386,,cardiomegaly_1,-4.7128315,0.008899406,0.7990291
blank,00008802_008.png,8802,,cardiomegaly_1,-4.8410816,0.007836609,0.8274145
blank,00009090_001.png,9090,,cardiomegaly_1,-4.956518,0.00698821,0.85008454
blank,00009105_003.png,9105,,cardiomegaly_1,-4.7842007,0.008291481,0.82419264
blank,00009306_000.png,9306,,cardiomegaly_1,-5.070627,0.006239308,0.85743487
blank,00009335_000.png,9335,,cardiomegaly_1,-5.0182896,0.006572352,0.8512918
blank,00009409_002.png,9409,,cardiomegaly_1,-5.070627,0.006239308,0.85743487
blank,00009761_000.png,9761,,cardiomegaly_1,-4.901844,0.007378024,0.8523476
blank,00010465_001.png,10465,,cardiomegaly_1,-4.747526,0.008598548,0.8267243
blank,00010892_000.png,10892,,cardiomegaly_1,-4.7473984,0.008599637,0.80888015
blank,00010931_003.png,10931,,cardiomegaly_1,-4.7419243,0.008646433,0.82670915
blank,00010964_000.png,10964,,cardiomegaly_1,-4.7245865,0.00879632,0.82692504
blank,00011611_000.png,11611,,cardiomegaly_1,-4.832634,0.0079025645,0.84402865
blank,00012129_000.png,12129,,cardiomegaly_1,-4.772194,0.0083907945,0.8273155
blank,00012400_000.png,12400,,cardiomegaly_1,-4.785576,0.00828018,0.8269325
blank,00012772_003.png,12772,,cardiomegaly_1,-4.873827,0.0075860666,0.8276635
blank,00012902_001.png,12902,,cardiomegaly_1,-4.921257,0.007237202,0.8366088
blank,00013441_000.png,13441,,cardiomegaly_1,-4.728119,0.0087655755,0.82510453
blank,00013678_003.png,13678,,cardiomegaly_1,-4.747526,0.008598548,0.8267243
blank,00013759_000.png,13759,,cardiomegaly_1,-4.780052,0.0083256615,0.826596
blank,00014281_000.png,14281,,cardiomegaly_1,-4.821848,0.007987579,0.8428514
blank,00014295_001.png,14295,,cardiomegaly_1,-4.818825,0.008011569,0.829584
blank,00014387_006.png,14387,,cardiomegaly_1,-4.8194885,0.008006296,0.8261727
blank,00014838_000.png,14838,,cardiomegaly_1,-4.776022,0.008359003,0.8262363
blank,00014954_000.png,14954,,cardiomegaly_1,-4.7892437,0.008250115,0.82427275
blank,00015056_005.png,15056,,cardiomegaly_1,-5.0182896,0.006572352,0.8512918
blank,00015087_011.png,15087,,cardiomegaly_1,-5.18758,0.0055544823,0.8719186
blank,00016191_019.png,16191,,cardiomegaly_1,-4.8044434,0.008126676,0.8281739
blank,00016245_000.png,16245,,cardiomegaly_1,-4.980068,0.0068266694,0.849651
blank,00016498_001.png,16498,,cardiomegaly_1,-4.821848,0.007987579,0.8428514
blank,00016509_001.png,16509,,cardiomegaly_1,-4.738245,0.008678027,0.8251637
blank,00016512_001.png,16512,,cardiomegaly_1,-4.9704895,0.0068919226,0.8646346
blank,00016724_002.png,16724,,cardiomegaly_1,-4.9164715,0.007271667,0.8290946
blank,00016865_000.png,16865,,cardiomegaly_1,-4.7647667,0.008452818,0.8083581
blank,00016907_000.png,16907,,cardiomegaly_1,-4.7419243,0.008646433,0.82670915
blank,00017381_000.png,17381,,cardiomegaly_1,-4.7128315,0.008899406,0.7990291
blank,00018008_000.png,18008,,cardiomegaly_1,-5.0933876,0.006099759,0.86873865
blank,00018011_000.png,18011,,cardiomegaly_1,-4.7842007,0.008291481,0.82419264
blank,00018488_002.png,18488,,cardiomegaly_1,-4.753273,0.008549697,0.8281119
blank,00018616_000.png,18616,,cardiomegaly_1,-4.818825,0.008011569,0.829584
blank,00019435_003.png,19435,,cardiomegaly_1,-4.7473984,0.008599637,0.80888015
blank,00019535_002.png,19535,,cardiomegaly_1,-4.8125515,0.008061579,0.828111
blank,00019544_000.png,19544,,cardiomegaly_1,-4.8592873,0.0076963166,0.8290091
blank,00019911_001.png,19911,,cardiomegaly_1,-4.752844,0.008553335,0.8248586
blank,00020318_024.png,20318,,cardiomegaly_1,-4.790798,0.008237406,0.8176181
blank,00020341_000.png,20341,,cardiomegaly_1,-4.7128315,0.008899406,0.7990291
blank,00020642_006.png,20642,,cardiomegaly_1,-4.795004,0.008203119,0.82464725
blank,00020674_000.png,20674,,cardiomegaly_1,-4.8194885,0.008006296,0.8261727
blank,00020716_002.png,20716,,cardiomegaly_1,-4.785576,0.00828018,0.8269325
blank,00020802_000.png,20802,,cardiomegaly_1,-4.7647667,0.008452818,0.8083581
blank,00021023_024.png,21023,,cardiomegaly_1,-4.832634,0.0079025645,0.84402865
blank,00021569_000.png,21569,,cardiomegaly_1,-4.8725796,0.0075954646,0.84353614
blank,00022341_000.png,22341,,cardiomegaly_1,-4.785576,0.00828018,0.8269325
blank,00022582_001.png,22582,,cardiomegaly_1,-4.818825,0.008011569,0.829584
blank,00022712_000.png,22712,,cardiomegaly_1,-4.851385,0.007756902,0.8279618
blank,00023621_000.png,23621,,cardiomegaly_1,-4.851385,0.007756902,0.8279618
blank,00023776_000.png,23776,,cardiomegaly_1,-4.845993,0.0077985143,0.83306473
blank,00024192_000.png,24192,,cardiomegaly_1,-4.826359,0.007951914,0.8269823
blank,00024326_000.png,24326,,cardiomegaly_1,-4.901844,0.007378024,0.8523476
blank,00024474_000.png,24474,,cardiomegaly_1,-4.782791,0.008303079,0.8264681
blank,00024583_000.png,24583,,cardiomegaly_1,-4.763277,0.0084653115,0.8265744
blank,00025054_000.png,25054,,cardiomegaly_1,-4.725893,0.008784937,0.82657564
blank,00026354_001.png,26354,,cardiomegaly_1,-4.7631454,0.008466417,0.8280014
blank,00026807_000.png,26807,,cardiomegaly_1,-4.85305,0.007744097,0.8302947
blank,00027305_000.png,27305,,cardiomegaly_1,-4.861555,0.007679017,0.85219496
blank,00028027_005.png,28027,,cardiomegaly_1,-4.865036,0.0076525374,0.8429805
blank,00028053_000.png,28053,,cardiomegaly_1,-4.725893,0.008784937,0.82657564
blank,00028457_000.png,28457,,cardiomegaly_1,-4.716696,0.008865386,0.82666475
blank,00028962_000.png,28962,,cardiomegaly_1,-4.819025,0.008009978,0.8262771
blank,00029393_000.png,29393,,cardiomegaly_1,-4.819025,0.008009978,0.8262771
blank,00029569_000.png,29569,,cardiomegaly_1,-4.737709,0.00868264,0.8350048
blank,00029648_000.png,29648,,cardiomegaly_1,-4.819025,0.008009978,0.8262771
blank,00030332_000.png,30332,,cardiomegaly_1,-4.7297974,0.008751003,0.8273687
blank,00030805_000.png,30805,,cardiomegaly_1,-4.8809223,0.0075328364,0.84633607
real,00000023_002.png,23,,effusion_0,-1.1625862,0.23819768,0.33122367
real,00000041_002.png,41,,effusion_0,-0.46960258,0.38471028,0.7685844
real,00000041_006.png,41,,effusion_0,1.5476265,0.82457066,0.66453284
real,00000078_001.png,78,,effusion_0,8.579344,0.99981207,0.997347
real,00000121_006.png,121,,effusion_0,1.4179897,0.8050231,0.64825225
real,00000121_007.png,121,,effusion_0,-1.2364807,0.22504917,0.57061166
real,00000148_001.png,148,,effusion_0,7.368103,0.9993693,0.99341816
real,00000148_002.png,148,,effusion_0,4.987095,0.9932208,0.94220084
real,00000176_001.png,176,,effusion_0,-5.9150143,0.0026913583,0.84630567
real,00000176_002.png,176,,effusion_0,-5.723831,0.0032565303,0.8814402
real,00000200_001.png,200,,effusion_0,-5.6495953,0.0035066013,0.8890718
real,00000240_000.png,240,,effusion_0,-4.446478,0.011584012,0.7718259
real,00000246_008.png,246,,effusion_0,1.4681339,0.8127736,0.43541613
real,00000246_012.png,246,,effusion_0,7.009651,0.9990977,0.97635555
real,00000246_013.png,246,,effusion_0,7.708376,0.9995511,0.99122727
real,00000284_004.png,284,,effusion_0,-6.2498226,0.0019270758,0.94400185
real,00000284_005.png,284,,effusion_0,-2.7314053,0.061145436,0.5370918
real,00000337_000.png,337,,effusion_0,8.107445,0.9996989,0.9953521
real,00000404_002.png,404,,effusion_0,5.1916714,0.9944681,0.9624998
real,00000457_002.png,457,,effusion_0,7.5146065,0.9994553,0.9937427
real,00000457_003.png,457,,effusion_0,8.033871,0.99967587,0.9950495
real,00000457_004.png,457,,effusion_0,-7.0565796,0.0008609786,0.9780823
real,00000499_002.png,499,,effusion_0,-4.6649017,0.009332262,0.8358104
real,00000499_003.png,499,,effusion_0,-5.6894684,0.003369995,0.92240304
real,00000591_001.png,591,,effusion_0,6.108753,0.9977816,0.9804789
real,00000591_002.png,591,,effusion_0,6.8127213,0.9989015,0.9897231
real,00000591_004.png,591,,effusion_0,7.8808956,0.9996222,0.9944902
real,00000591_005.png,591,,effusion_0,6.92877,0.99902177,0.9903652
real,00000591_006.png,591,,effusion_0,9.193928,0.9998983,0.9980082
real,00000591_007.png,591,,effusion_0,8.617321,0.9998191,0.99699813
real,00000591_009.png,591,,effusion_0,6.494213,0.9984901,0.9813896
real,00000591_010.png,591,,effusion_0,6.772629,0.99885666,0.98692185
real,00000591_011.png,591,,effusion_0,7.8515415,0.9996111,0.9958955
real,00000591_012.png,591,,effusion_0,8.862398,0.9998584,0.99683744
real,00000591_013.png,591,,effusion_0,8.416765,0.9997789,0.99700254
real,00000591_014.png,591,,effusion_0,8.603359,0.9998166,0.99617195
real,00000591_015.png,591,,effusion_0,8.64805,0.9998246,0.9966618
real,00000591_016.png,591,,effusion_0,8.213415,0.9997291,0.9954243
real,00000591_018.png,591,,effusion_0,8.014471,0.99966943,0.9947283
real,00000591_019.png,591,,effusion_0,8.025465,0.9996731,0.9948884
real,00000622_000.png,622,,effusion_0,-7.307373,0.00067012693,0.9796737
real,00000661_001.png,661,,effusion_0,-6.3099155,0.001814887,0.95975757
real,00000661_000.png,661,,effusion_0,-5.6987553,0.0033389472,0.93005675
real,00000707_002.png,707,,effusion_0,3.3741856,0.966888,0.7775758
real,00000787_002.png,787,,effusion_0,-6.74666,0.0011734181,0.973699
real,00000848_000.png,848,,effusion_0,4.9874783,0.9932234,0.9713549
real,00000869_008.png,869,,effusion_0,5.151697,0.9942438,0.95065534
real,00000949_005.png,949,,effusion_0,-6.2432156,0.0019398254,0.9320333
real,00001075_038.png,1075,,effusion_0,-7.4062653,0.0006070663,0.99062884
real,00001075_045.png,1075,,effusion_0,-7.2972565,0.0006769361,0.9891187
real,00001075_046.png,1075,,effusion_0,-7.282057,0.00068729674,0.9806493
real,00001075_047.png,1075,,effusion_0,-7.3760567,0.0006256731,0.98936725
real,00001075_007.png,1075,,effusion_0,8.065933,0.999686,0.9898294
real,00001075_022.png,1075,,effusion_0,-1.849617,0.13591786,0.35188562
real,00001075_033.png,1075,,effusion_0,-6.3334312,0.0017727815,0.9162137
real,00001096_001.png,1096,,effusion_0,-7.265465,0.0006987875,0.98248494
real,00001104_022.png,1104,,effusion_0,6.3873234,0.99832004,0.98530346
real,00001170_006.png,1170,,effusion_0,-3.5581799,0.027701406,0.6563327
real,00001170_020.png,1170,,effusion_0,2.6146317,0.9317973,0.758014
real,00001170_021.png,1170,,effusion_0,3.492363,0.9704697,0.86697847
real,00001170_023.png,1170,,effusion_0,5.049135,0.993626,0.9518488
real,00001170_030.png,1170,,effusion_0,5.1886253,0.9944512,0.96226484
real,00001170_034.png,1170,,effusion_0,4.516447,0.98919034,0.94675714
real,00001170_035.png,1170,,effusion_0,6.0356236,0.99761367,0.98206484
real,00001170_036.png,1170,,effusion_0,5.244652,0.99475205,0.9679772
real,00001170_037.png,1170,,effusion_0,6.1506977,0.9978726,0.9858886
real,00001170_039.png,1170,,effusion_0,5.5203266,0.9960114,0.9770044
real,00001170_040.png,1170,,effusion_0,5.413002,0.9955616,0.97225994
real,00001170_045.png,1170,,effusion_0,6.985361,0.99907553,0.9907043
real,00001170_046.png,1170,,effusion_0,6.94034,0.999033,0.99144703
real,00001170_047.png,1170,,effusion_0,5.8824654,0.9972198,0.9817612
real,00001187_001.png,1187,,effusion_0,-3.4130993,0.031888578,0.6624994
real,00001248_022.png,1248,,effusion_0,4.834944,0.99211556,0.95259565
real,00001248_023.png,1248,,effusion_0,3.9228764,0.9805997,0.8507028
real,00001248_024.png,1248,,effusion_0,1.3109131,0.7876659,0.6942636
real,00001248_025.png,1248,,effusion_0,0.6314411,0.6528162,0.5000749
real,00001248_028.png,1248,,effusion_0,5.496025,0.9959137,0.96467865
real,00001248_036.png,1248,,effusion_0,8.072531,0.99968815,0.99585307
real,00001248_038.png,1248,,effusion_0,6.8399696,0.998931,0.99321747
real,00001248_000.png,1248,,effusion_0,5.2529736,0.99479526,0.97800475
real,00001248_002.png,1248,,effusion_0,5.242508,0.99474084,0.9870209
real,00001248_003.png,1248,,effusion_0,5.409189,0.99554473,0.9855845
real,00001248_004.png,1248,,effusion_0,5.4859104,0.9958723,0.98536533
real,00001248_016.png,1248,,effusion_0,6.1109467,0.9977864,0.9939121
real,00001248_017.png,1248,,effusion_0,6.022087,0.99758124,0.9944413
real,00001309_002.png,1309,,effusion_0,-1.501297,0.18223217,0.3852267
real,00001458_001.png,1458,,effusion_0,4.3113365,0.98676205,0.9148012
real,00001470_006.png,1470,,effusion_0,3.7726078,0.97752476,0.83808005
real,00001470_007.png,1470,,effusion_0,5.1639175,0.99431324,0.95324296
real,00001775_001.png,1775,,effusion_0,7.8423367,0.9996074,0.99551105
real,00001775_002.png,1775,,effusion_0,8.348402,0.9997633,0.9947473
real,00001775_004.png,1775,,effusion_0,8.520277,0.9998006,0.9952959
real,00001775_005.png,1775,,effusion_0,8.106169,0.9996984,0.99476266
real,00001782_000.png,1782,,effusion_0,5.8043613,0.99699473,0.9680099
real,00001784_000.png,1784,,effusion_0,-5.6833,0.0033907755,0.918805
real,00001974_000.png,1974,,effusion_0,7.8982143,0.99962866,0.9943733
real,00001974_003.png,1974,,effusion_0,-4.7284813,0.008762428,0.7365899
real,00001989_011.png,1989,,effusion_0,6.7085342,0.998781,0.98160344
real,00002046_003.png,2046,,effusion_0,4.811619,0.9919309,0.9422339
real,00002083_000.png,2083,,effusion_0,-6.402027,0.0016554473,0.9509116
real,00002120_005.png,2120,,effusion_0,5.6930294,0.996642,0.951901
real,00002239_002.png,2239,,effusion_0,-7.2610455,0.00070188043,0.9899204
real,00002239_005.png,2239,,effusion_0,5.8590183,0.9971541,0.9770422
real,00002239_006.png,2239,,effusion_0,6.856455,0.9989485,0.99142027
real,00002239_007.png,2239,,effusion_0,5.7879543,0.9969451,0.9672669
real,00002239_008.png,2239,,effusion_0,-4.839985,0.007845141,0.8894495
real,00002239_009.png,2239,,effusion_0,-7.4196205,0.00059901754,0.9882929
real,00002299_007.png,2299,,effusion_0,-6.4624653,0.0015585101,0.9239927
real,00002299_010.png,2299,,effusion_0,-5.960438,0.0025721497,0.9193829
real,00002299_001.png,2299,,effusion_0,-6.2954254,0.0018413275,0.92687327
real,00002299_002.png,2299,,effusion_0,-5.29727,0.004980313,0.8855011
real,00002300_000.png,2300,,effusion_0,7.6966763,0.9995459,0.9940815
real,00002339_007.png,2339,,effusion_0,6.257225,0.99808717,0.96946836
real,00002355_004.png,2355,,effusion_0,-7.3696747,0.00062967633,0.9773354
real,00002355_006.png,2355,,effusion_0,-7.2606983,0.0007021239,0.9780075
real,00002355_002.png,2355,,effusion_0,-6.9712143,0.00093763263,0.97399163
real,00002424_013.png,2424,,effusion_0,-6.896864,0.0010099299,0.9801535
real,00002490_000.png,2490,,effusion_0,-5.7728996,0.0031010776,0.9090384
real,00002492_016.png,2492,,effusion_0,6.996731,0.999086,0.98397064
real,00002492_002.png,2492,,effusion_0,-7.175844,0.00076425524,0.9772937
real,00002492_003.png,2492,,effusion_0,-7.3833027,0.00062115863,0.98534185
real,00002533_004.png,2533,,effusion_0,6.649025,0.99870634,0.98392195
real,00002533_005.png,2533,,effusion_0,6.1554184,0.99788254,0.97536844
real,00002552_001.png,2552,,effusion_0,-5.8226414,0.0029510425,0.87001187
real,00002585_000.png,2585,,effusion_0,5.9910393,0.99750525,0.9766351
real,00002585_003.png,2585,,effusion_0,6.700056,0.99877065,0.9911706
real,00002599_001.png,2599,,effusion_0,6.8538666,0.9989458,0.99190736
real,00002609_000.png,2609,,effusion_0,8.169823,0.99971694,0.99703586
real,00002685_002.png,2685,,effusion_0,-6.784916,0.0011294257,0.9671874
real,00002686_001.png,2686,,effusion_0,-7.432148,0.0005915646,0.9914386
real,00002825_007.png,2825,,effusion_0,-7.5415363,0.0005303005,0.98854846
real,00002825_008.png,2825,,effusion_0,-7.4024334,0.00060939556,0.9921089
real,00002825_011.png,2825,,effusion_0,-7.664547,0.00046894923,0.9878914
real,00002924_001.png,2924,,effusion_0,-6.699581,0.0012299131,0.97917634
real,00003013_011.png,3013,,effusion_0,0.84021187,0.6985099,0.42474076
real,00003013_013.png,3013,,effusion_0,2.4719734,0.9221536,0.74781644
real,00003013_014.png,3013,,effusion_0,5.006916,0.993353,0.9605369
real,00003015_000.png,3015,,effusion_0,-6.61586,0.0013371723,0.9562929
real,00003064_003.png,3064,,effusion_0,-7.037472,0.00087757356,0.9843339
real,00003064_005.png,3064,,effusion_0,-6.964834,0.00094362826,0.9602114
real,00003064_006.png,3064,,effusion_0,-6.882679,0.0010243431,0.9490628
real,00003064_007.png,3064,,effusion_0,-6.2020836,0.0020211134,0.9397501
real,00003064_035.png,3064,,effusion_0,6.56843,0.9985979,0.97236663
real,00003064_037.png,3064,,effusion_0,-6.9122868,0.0009944888,0.9374312
real,00003064_038.png,3064,,effusion_0,9.656294,0.999936,0.998085
real,00003064_039.png,3064,,effusion_0,9.006615,0.99987745,0.9965926
real,00003064_043.png,3064,,effusion_0,3.0182304,0.953391,0.70699114
real,00003064_048.png,3064,,effusion_0,5.82201,0.9970471,0.9715433
real,00003064_050.png,3064,,effusion_0,-0.28823662,0.4284356,0.49470407
real,00003064_052.png,3064,,effusion_0,3.8789806,0.9797468,0.8392823
real,00003362_006.png,3362,,effusion_0,7.665638,0.9995316,0.99271333
real,00003423_002.png,3423,,effusion_0,7.624218,0.9995117,0.99503136
real,00003423_003.png,3423,,effusion_0,7.405691,0.9993926,0.9909654
real,00003423_005.png,3423,,effusion_0,3.4678097,0.96975785,0.8386427
real,00003423_011.png,3423,,effusion_0,3.0949593,0.9566843,0.7821706
real,00003423_015.png,3423,,effusion_0,1.2610188,0.7792014,0.55032486
real,00003423_021.png,3423,,effusion_0,4.078705,0.9833524,0.8776396
real,00003428_000.png,3428,,effusion_0,0.41332054,0.6018838,0.42150846
real,00003439_002.png,3439,,effusion_0,-7.2027016,0.0007440176,0.98861027
real,00003439_003.png,3439,,effusion_0,-7.310047,0.00066833856,0.99046487
real,00003570_002.png,3570,,effusion_0,-6.09544,0.0022480537,0.93156844
real,00003570_004.png,3570,,effusion_0,-7.2935047,0.00067947886,0.9704463
real,00003611_002.png,3611,,effusion_0,-2.7768917,0.05858575,0.50840515
real,00003611_004.png,3611,,effusion_0,-0.7894497,0.31228685,0.41571155
real,00003611_005.png,3611,,effusion_0,-2.118021,0.10735757,0.55322146
real,00003611_006.png,3611,,effusion_0,5.1867924,0.9944411,0.92994976
real,00003706_001.png,3706,,effusion_0,-6.1429825,0.0021439,0.8921536
real,00003737_000.png,3737,,effusion_0,-5.3869762,0.004554946,0.82198524
real,00003737_001.png,3737,,effusion_0,-6.171833,0.002083058,0.90522105
real,00003789_009.png,3789,,effusion_0,-6.321768,0.0017935417,0.9311322
real,00003856_003.png,3856,,effusion_0,-5.3434067,0.004756825,0.8547607
real,00003916_001.png,3916,,effusion_0,6.234556,0.9980433,0.9798035
real,00003916_002.png,3916,,effusion_0,-0.9541626,0.27804846,0.355316
real,00003937_000.png,3937,,effusion_0,-7.183796,0.00075820676,0.98587185
real,00003996_020.png,3996,,effusion_0,-5.75634,0.0031526948,0.8809636
real,00004003_000.png,4003,,effusion_0,-7.4008865,0.00061033835,0.99240327
real,00004080_000.png,4080,,effusion_0,8.240793,0.99973637,0.99680936
real,00004080_001.png,4080,,effusion_0,-2.2735596,0.093336545,0.6715179
real,00004081_000.png,4081,,effusion_0,-3.107483,0.042799644,0.63938594
real,00004220_000.png,4220,,effusion_0,-0.4970379,0.378237,0.63681614
real,00004233_000.png,4233,,effusion_0,4.7901154,0.991757,0.9685869
real,00004263_000.png,4263,,effusion_0,6.634281,0.9986872,0.9656086
real,00004344_013.png,4344,,effusion_0,0.27796555,0.5690474,0.47815663
real,00004344_014.png,4344,,effusion_0,-3.2313023,0.038004607,0.5466479
real,00004344_046.png,4344,,effusion_0,1.7260036,0.8489005,0.599471
real,00004344_047.png,4344,,effusion_0,2.590126,0.93022346,0.6725597
real,00004404_008.png,4404,,effusion_0,-3.20961,0.03880568,0.5567655
real,00004511_000.png,4511,,effusion_0,-7.015642,0.00089692394,0.97313356
real,00004547_020.png,4547,,effusion_0,0.17981339,0.5448326,0.6017991
real,00004583_000.png,4583,,effusion_0,9.121685,0.9998907,0.9985591
real,00004608_008.png,4608,,effusion_0,9.263361,0.9999051,0.99703974
real,00004608_009.png,4608,,effusion_0,9.7617855,0.9999424,0.99795663
real,00004608_011.png,4608,,effusion_0,9.266047,0.99990547,0.9978788
real,00004646_002.png,4646,,effusion_0,7.811371,0.9995951,0.9936813
real,00004750_004.png,4750,,effusion_0,7.5510216,0.9994747,0.9933966
real,00004750_006.png,4750,,effusion_0,7.819359,0.9995983,0.99386984
real,00004833_014.png,4833,,effusion_0,6.5408554,0.9985588,0.99300027
real,00004862_000.png,4862,,effusion_0,8.741844,0.99984026,0.99620914
real,00004909_006.png,4909,,effusion_0,2.8178864,0.94363475,0.7073771
real,00004909_007.png,4909,,effusion_0,3.3604183,0.9664443,0.7742843
real,00004976_000.png,4976,,effusion_0,-6.812046,0.0010992294,0.9752146
real,00005038_000.png,5038,,effusion_0,-6.906271,0.0010004834,0.9792546
real,00005101_002.png,5101,,effusion_0,-5.320612,0.0048659667,0.856559
real,00005108_000.png,5108,,effusion_0,-5.2336025,0.00530597,0.8866616
real,00005110_009.png,5110,,effusion_0,-6.7357903,0.0011862274,0.96803886
real,00005395_006.png,5395,,effusion_0,2.330799,0.9113959,0.7950482
real,00005395_007.png,5395,,effusion_0,-1.706604,0.1536047,0.4283934
real,00005395_010.png,5395,,effusion_0,-6.4800243,0.0015314245,0.94049746
real,00005395_011.png,5395,,effusion_0,-4.2490044,0.014077438,0.65968925
real,00005401_000.png,5401,,effusion_0,-7.5241146,0.00053961517,0.99038494
real,00005410_002.png,5410,,effusion_0,5.1545715,0.9942602,0.9584045
real,00005520_007.png,5520,,effusion_0,-7.3716545,0.00062843174,0.98660374
real,00005532_031.png,5532,,effusion_0,-6.3731728,0.0017038276,0.9103755
real,00005532_037.png,5532,,effusion_0,-5.290186,0.0050155404,0.8565314
real,00005532_042.png,5532,,effusion_0,-6.2937145,0.0018444749,0.9481653
real,00005532_043.png,5532,,effusion_0,-3.6124992,0.026275301,0.5401186
real,00005532_000.png,5532,,effusion_0,-6.830839,0.0010787864,0.9781907
real,00005532_004.png,5532,,effusion_0,-5.630924,0.0035724519,0.8303849
real,00005532_005.png,5532,,effusion_0,-5.975773,0.0025331054,0.84800065
real,00005532_007.png,5532,,effusion_0,-4.476536,0.011244858,0.67318946
real,00005532_008.png,5532,,effusion_0,-6.3894024,0.0016764444,0.90867394
real,00005532_010.png,5532,,effusion_0,3.4871178,0.97031903,0.7165708
real,00005532_011.png,5532,,effusion_0,4.3433266,0.98717344,0.80911285
real,00005532_012.png,5532,,effusion_0,5.117655,0.9940456,0.92574996
real,00005532_013.png,5532,,effusion_0,-5.80859,0.0029926768,0.87320286
real,00005532_014.png,5532,,effusion_0,-6.1095276,0.0022166753,0.93478465
real,00005532_016.png,5532,,effusion_0,-6.8213387,0.001089073,0.97106373
real,00005532_018.png,5532,,effusion_0,0.38383484,0.5947977,0.27875248
real,00005532_019.png,5532,,effusion_0,-6.598406,0.0013606843,0.95253587
real,00005556_000.png,5556,,effusion_0,-6.9187374,0.0009881007,0.98184335
real,00005556_008.png,5556,,effusion_0,0.36538315,0.5903429,0.5425722
real,00005579_002.png,5579,,effusion_0,-2.4902515,0.07654441,0.49199805
real,00005626_002.png,5626,,effusion_0,9.429642,0.99991965,0.9984498
real,00005641_003.png,5641,,effusion_0,-5.9675293,0.0025540201,0.91379625
real,00005641_006.png,5641,,effusion_0,6.50786,0.99851054,0.98073006
real,00005641_012.png,5641,,effusion_0,7.167042,0.99922895,0.98906773
real,00005666_004.png,5666,,effusion_0,-6.330345,0.0017782509,0.968362
real,00005666_010.png,5666,,effusion_0,4.5287666,0.98932135,0.9338878
real,00005666_011.png,5666,,effusion_0,5.5035553,0.9959442,0.9654674
real,00005666_012.png,5666,,effusion_0,2.8432236,0.9449673,0.7065277
real,00005666_013.png,5666,,effusion_0,-6.4143887,0.0016351428,0.94570655
real,00005666_018.png,5666,,effusion_0,-6.3171425,0.0018018418,0.9562448
real,00005666_019.png,5666,,effusion_0,-6.623041,0.0013276171,0.96215683
real,00005766_004.png,5766,,effusion_0,-4.6569576,0.009405994,0.8295027
real,00005869_001.png,5869,,effusion_0,0.1894207,0.5472141,0.33020458
real,00005895_003.png,5895,,effusion_0,8.921577,0.9998665,0.9965216
real,00005895_005.png,5895,,effusion_0,8.9333515,0.99986804,0.9976572
real,00005895_007.png,5895,,effusion_0,9.1766815,0.9998965,0.99796134
real,00005895_009.png,5895,,effusion_0,8.227488,0.9997329,0.99608105
real,00005895_013.png,5895,,effusion_0,9.148142,0.99989355,0.99822104
real,00005895_023.png,5895,,effusion_0,9.146193,0.9998934,0.99803257
real,00005920_003.png,5920,,effusion_0,6.7100945,0.99878293,0.9915183
real,00006166_000.png,6166,,effusion_0,-6.8617096,0.0010460269,0.98844725
real,00006298_003.png,6298,,effusion_0,8.193493,0.9997236,0.99595255
real,00006298_004.png,6298,,effusion_0,7.7563953,0.9995722,0.99514455
real,00006298_005.png,6298,,effusion_0,6.866358,0.9989588,0.98907757
real,00006359_000.png,6359,,effusion_0,-7.1290417,0.0008008453,0.98054713
real,00006368_000.png,6368,,effusion_0,-7.557518,0.00052189716,0.99227965
real,00006436_012.png,6436,,effusion_0,4.054636,0.9829539,0.842165
real,00006483_000.png,6483,,effusion_0,-6.9968224,0.00091394817,0.98128736
real,00006537_000.png,6537,,effusion_0,-7.597273,0.0005015664,0.9917511
real,00006626_000.png,6626,,effusion_0,9.643532,0.99993515,0.99862146
real,00006626_006.png,6626,,effusion_0,7.682478,0.9995394,0.99296457
real,00006683_002.png,6683,,effusion_0,8.576996,0.9998117,0.99683696
real,00006683_003.png,6683,,effusion_0,-1.1127586,0.24735694,0.5682266
real,00006683_004.png,6683,,effusion_0,5.3474503,0.99526227,0.9729346
real,00006683_005.png,6683,,effusion_0,-3.7914333,0.022065371,0.7635621
real,00006683_006.png,6683,,effusion_0,6.8020477,0.99888974,0.98589957
real,00006694_002.png,6694,,effusion_0,-2.567936,0.07123074,0.6894848
real,00006694_003.png,6694,,effusion_0,-4.324686,0.013064758,0.79729307
real,00006774_001.png,6774,,effusion_0,-3.995903,0.018058717,0.6660908
real,00006791_006.png,6791,,effusion_0,-6.512024,0.0014832669,0.9234315
real,00006832_005.png,6832,,effusion_0,-6.0442867,0.0023657614,0.9228247
real,00006850_027.png,6850,,effusion_0,-5.082964,0.0061632795,0.85021394
real,00006850_028.png,6850,,effusion_0,-7.0659943,0.0008529176,0.98601544
real,00006851_022.png,6851,,effusion_0,5.6846294,0.9966137,0.9649201
real,00006851_023.png,6851,,effusion_0,4.3831367,0.98766786,0.9083094
real,00006851_024.png,6851,,effusion_0,-6.1494884,0.0021300267,0.9105377
real,00006851_009.png,6851,,effusion_0,3.5257587,0.9714119,0.8586162
real,00006851_010.png,6851,,effusion_0,1.5287933,0.8218297,0.5581263
real,00006890_003.png,6890,,effusion_0,5.54772,0.9961188,0.96634203
real,00006936_001.png,6936,,effusion_0,6.192171,0.9979588,0.9805118
real,00006964_011.png,6964,,effusion_0,-1.639513,0.16253135,0.52484196
real,00006981_001.png,6981,,effusion_0,7.3269043,0.99934286,0.9955386
real,00006981_002.png,6981,,effusion_0,-7.2598343,0.0007027304,0.98773295
real,00006981_009.png,6981,,effusion_0,0.99126434,0.7293376,0.64654106
real,00006981_010.png,6981,,effusion_0,7.122984,0.9991943,0.9924774
real,00006981_011.png,6981,,effusion_0,-6.5307045,0.0014558558,0.9816948
real,00006981_014.png,6981,,effusion_0,-6.189167,0.0020473348,0.9722895
real,00006981_016.png,6981,,effusion_0,-6.637987,0.0013079478,0.9822439
real,00006996_002.png,6996,,effusion_0,8.1813755,0.9997203,0.9935621
real,00007033_001.png,7033,,effusion_0,-3.5146503,0.028898247,0.5717603
real,00007033_002.png,7033,,effusion_0,5.967148,0.997445,0.9693173
real,00007033_004.png,7033,,effusion_0,6.4430676,0.99841094,0.9823694
real,00007109_018.png,7109,,effusion_0,-3.6069088,0.026418708,0.56078804
real,00007156_000.png,7156,,effusion_0,8.017105,0.9996704,0.99390674
real,00007156_001.png,7156,,effusion_0,9.332666,0.99991155,0.9974542
real,00007340_014.png,7340,,effusion_0,-7.1236,0.00080521154,0.9883015
real,00007405_014.png,7405,,effusion_0,6.557287,0.99858224,0.982581
real,00007482_009.png,7482,,effusion_0,-2.4455833,0.07976213,0.5402245
real,00007482_015.png,7482,,effusion_0,6.4570923,0.99843305,0.9754193
real,00007482_023.png,7482,,effusion_0,-4.8018703,0.008147443,0.8620263
real,00007482_026.png,7482,,effusion_0,-2.8847904,0.052910574,0.6318985
real,00007519_003.png,7519,,effusion_0,0.8506241,0.7006981,0.46697557
real,00007519_004.png,7519,,effusion_0,-7.205576,0.00074188365,0.97734267
real,00007551_021.png,7551,,effusion_0,-6.961138,0.0009471195,0.98171514
real,00007652_000.png,7652,,effusion_0,-7.492853,0.0005567412,0.99056417
real,00007679_000.png,7679,,effusion_0,9.556606,0.9999293,0.99813014
real,00007679_001.png,7679,,effusion_0,9.892988,0.99994946,0.99843735
real,00007679_003.png,7679,,effusion_0,9.4457855,0.99992096,0.99573445
real,00007679_004.png,7679,,effusion_0,8.87932,0.99986076,0.995374
real,00007679_005.png,7679,,effusion_0,8.413822,0.99977833,0.99306315
real,00007718_000.png,7718,,effusion_0,9.617458,0.9999335,0.9982591
real,00007718_001.png,7718,,effusion_0,8.801044,0.99984944,0.9977732
real,00007718_005.png,7718,,effusion_0,8.288509,0.99974865,0.99544483
real,00007718_006.png,7718,,effusion_0,8.608002,0.99981743,0.9973635
real,00007718_007.png,7718,,effusion_0,-7.2910175,0.0006811698,0.98837847
real,00007718_009.png,7718,,effusion_0,6.9654293,0.999057,0.993341
real,00007718_010.png,7718,,effusion_0,7.0443,0.9991284,0.9931303
real,00007740_000.png,7740,,effusion_0,-3.9494057,0.01890198,0.7883362
real,00007769_002.png,7769,,effusion_0,1.288763,0.78393775,0.5411103
real,00007772_000.png,7772,,effusion_0,4.613699,0.9901822,0.9320531
real,00007833_000.png,7833,,effusion_0,5.524786,0.99602914,0.9641484
real,00007833_001.png,7833,,effusion_0,-7.205658,0.0007418229,0.98648393
real,00007833_002.png,7833,,effusion_0,3.0332413,0.9540535,0.78865
real,00007833_003.png,7833,,effusion_0,-2.665125,0.06506289,0.6656539
real,00007848_001.png,7848,,effusion_0,9.002119,0.99987686,0.99733937
real,00007848_004.png,7848,,effusion_0,9.148415,0.99989367,0.99741346
real,00007848_005.png,7848,,effusion_0,8.000475,0.9996648,0.9953884
real,00007848_006.png,7848,,effusion_0,9.183472,0.99989724,0.9980626
real,00007865_001.png,7865,,effusion_0,-6.7676067,0.0011491226,0.9769504
real,00007865_003.png,7865,,effusion_0,2.7706184,0.9410673,0.93737626
real,00007865_005.png,7865,,effusion_0,6.2750645,0.99812084,0.98352927
real,00007869_004.png,7869,,effusion_0,9.450939,0.99992144,0.9977351
real,00007882_000.png,7882,,effusion_0,7.4291077,0.9994067,0.9934752
real,00007882_001.png,7882,,effusion_0,7.6936893,0.99954444,0.9932648
real,00007908_000.png,7908,,effusion_0,-3.2026749,0.039065186,0.52044237
real,00007989_000.png,7989,,effusion_0,-7.4787254,0.000564658,0.9928073
real,00007989_001.png,7989,,effusion_0,8.467043,0.9997898,0.9932255
real,00007989_002.png,7989,,effusion_0,9.463099,0.9999223,0.9971671
real,00008013_003.png,8013,,effusion_0,3.7746544,0.97756964,0.8334374
real,00008013_006.png,8013,,effusion_0,2.5567188,0.92802364,0.61350024
real,00008037_000.png,8037,,effusion_0,8.182993,0.99972075,0.9967493
real,00008037_001.png,8037,,effusion_0,9.036888,0.999881,0.99746704
real,00008037_002.png,8037,,effusion_0,6.390402,0.99832517,0.9684806
real,00008103_000.png,8103,,effusion_0,-6.99819,0.0009127002,0.9845314
real,00008112_000.png,8112,,effusion_0,7.735651,0.99956316,0.9931154
real,00008147_013.png,8147,,effusion_0,0.18133736,0.54521054,0.39700067
real,00008184_007.png,8184,,effusion_0,-7.4403725,0.00058672205,0.9844542
real,00008185_003.png,8185,,effusion_0,-0.7978687,0.3104816,0.4006245
real,00008185_005.png,8185,,effusion_0,0.29392052,0.57295567,0.35099873
real,00008191_001.png,8191,,effusion_0,2.621397,0.93222606,0.61903554
real,00008195_000.png,8195,,effusion_0,7.029724,0.99911565,0.9914772
real,00008339_000.png,8339,,effusion_0,-6.316372,0.001803228,0.961082
real,00008339_003.png,8339,,effusion_0,-6.9682007,0.0009404599,0.9657113
real,00008339_005.png,8339,,effusion_0,-6.035383,0.0023868687,0.8874101
real,00008339_010.png,8339,,effusion_0,-5.286295,0.0050349957,0.77370995
real,00008342_012.png,8342,,effusion_0,4.0213184,0.98238647,0.7835116
real,00008342_015.png,8342,,effusion_0,-4.865553,0.007648614,0.74076384
real,00008342_016.png,8342,,effusion_0,-0.47566414,0.38327646,0.38080907
real,00008342_025.png,8342,,effusion_0,-6.170683,0.00208545,0.9370478
real,00008404_000.png,8404,,effusion_0,-6.922901,0.000983999,0.96051615
real,00008465_004.png,8465,,effusion_0,-6.980297,0.00092916266,0.9741101
real,00008465_006.png,8465,,effusion_0,-6.801668,0.0011106838,0.97550404
real,00008471_000.png,8471,,effusion_0,-4.740856,0.008655594,0.8195527
real,00008477_001.png,8477,,effusion_0,4.34482,0.9871924,0.88791484
real,00008477_005.png,8477,,effusion_0,6.7998657,0.99888736,0.9910851
real,00008477_006.png,8477,,effusion_0,3.5156288,0.9711292,0.83687633
real,00008477_007.png,8477,,effusion_0,1.3043747,0.7865703,0.5837136
real,00008489_025.png,8489,,effusion_0,0.9765053,0.7264142,0.6263141
real,00008637_000.png,8637,,effusion_0,4.6300106,0.9903396,0.9116769
real,00008637_001.png,8637,,effusion_0,-7.452648,0.0005795678,0.98686016
real,00008738_000.png,8738,,effusion_0,-7.2405167,0.0007164276,0.9811784
real,00008802_005.png,8802,,effusion_0,-7.230871,0.0007233663,0.97957325
real,00008806_014.png,8806,,effusion_0,-6.941818,0.0009655774,0.9768434
real,00008827_000.png,8827,,effusion_0,8.716602,0.9998362,0.99723125
real,00008866_004.png,8866,,effusion_0,2.7994003,0.9426434,0.947254
real,00008898_000.png,8898,,effusion_0,-6.202379,0.0020205171,0.9197531
real,00008970_002.png,8970,,effusion_0,-7.133217,0.0007975112,0.97467846
real,00009034_004.png,9034,,effusion_0,8.464914,0.9997893,0.9939331
real,00009105_007.png,9105,,effusion_0,-7.297947,0.0006764692,0.9879639
real,00009141_000.png,9141,,effusion_0,7.3811073,0.99937755,0.9934072
real,00009163_000.png,9163,,effusion_0,8.747606,0.9998412,0.99741095
real,00009163_001.png,9163,,effusion_0,9.405811,0.99991775,0.9976639
real,00009174_000.png,9174,,effusion_0,-4.796564,0.008190435,0.7469575
real,00009185_006.png,9185,,effusion_0,-6.3126945,0.0018098595,0.94021356
real,00009189_002.png,9189,,effusion_0,7.17017,0.99923146,0.9931149
real,00009189_004.png,9189,,effusion_0,6.532831,0.99854726,0.9810215
real,00009189_005.png,9189,,effusion_0,7.727022,0.99955946,0.99310696
real,00009189_006.png,9189,,effusion_0,8.014532,0.99966955,0.9933596
real,00009229_000.png,9229,,effusion_0,-5.222452,0.005365146,0.8610567
real,00009286_003.png,9286,,effusion_0,7.527746,0.9994623,0.9917517
real,00009326_000.png,9326,,effusion_0,-6.9927483,0.0009176758,0.96588755
real,00009326_001.png,9326,,effusion_0,-6.568239,0.0014022988,0.92689985
real,00009349_001.png,9349,,effusion_0,-0.6333866,0.34674302,0.5766782
real,00009349_012.png,9349,,effusion_0,-0.9870472,0.2714957,0.834977
real,00009349_014.png,9349,,effusion_0,-2.4435883,0.07990869,0.71904004
real,00009349_015.png,9349,,effusion_0,-4.01346,0.017750002,0.8482684
real,00009349_016.png,9349,,effusion_0,-2.5478153,0.07257339,0.6522197
real,00009349_019.png,9349,,effusion_0,4.0997868,0.98369414,0.8669311
real,00009349_020.png,9349,,effusion_0,4.7527847,0.99144614,0.9239471
real,00009349_021.png,9349,,effusion_0,-0.66913605,0.3386903,0.4104728
real,00009349_024.png,9349,,effusion_0,5.699209,0.99666256,0.9565262
real,00009349_025.png,9349,,effusion_0,3.8939,0.9800408,0.92632735
real,00009349_026.png,9349,,effusion_0,-1.4484997,0.19023257,0.5204918
real,00009349_027.png,9349,,effusion_0,3.9161758,0.9804718,0.9290408
real,00009349_028.png,9349,,effusion_0,4.531046,0.9893454,0.9080229
real,00009349_029.png,9349,,effusion_0,7.830181,0.9996026,0.99466825
real,00009373_000.png,9373,,effusion_0,9.122723,0.9998908,0.9976023
real,00009373_001.png,9373,,effusion_0,6.9092674,0.9990025,0.98359805
real,00009378_005.png,9378,,effusion_0,-7.485903,0.000560622,0.99085474
real,00009378_010.png,9378,,effusion_0,-6.283743,0.0018629247,0.87548286
real,00009378_013.png,9378,,effusion_0,-6.8316536,0.0010779093,0.9557828
real,00009378_014.png,9378,,effusion_0,5.95945,0.9974253,0.96016425
real,00009378_016.png,9378,,effusion_0,6.1172276,0.9978003,0.9772184
real,00009457_003.png,9457,,effusion_0,6.3777294,0.9983039,0.98577684
real,00009457_004.png,9457,,effusion_0,1.826046,0.86129,0.49898025
real,00009516_003.png,9516,,effusion_0,2.637535,0.93323857,0.7701826
real,00009571_001.png,9571,,effusion_0,6.2224503,0.9980196,0.98637885
real,00009571_002.png,9571,,effusion_0,5.180567,0.9944067,0.9699293
real,00009571_003.png,9571,,effusion_0,-6.9841595,0.0009255841,0.9832336
real,00009571_004.png,9571,,effusion_0,-6.12508,0.0021825419,0.9531602
real,00009641_011.png,9641,,effusion_0,7.9521484,0.9996482,0.9946053
real,00009665_004.png,9665,,effusion_0,6.609707,0.9986546,0.9887935
real,00009665_005.png,9665,,effusion_0,-6.561203,0.0014121864,0.95988053
real,00009709_010.png,9709,,effusion_0,-3.0351944,0.045860995,0.5982945
real,00009709_011.png,9709,,effusion_0,-2.327095,0.08890367,0.42538556
real,00009812_000.png,9812,,effusion_0,-7.0533676,0.00086374616,0.9772514
real,00009908_001.png,9908,,effusion_0,-7.199276,0.0007465688,0.9850414
real,00009908_002.png,9908,,effusion_0,-7.3505306,0.00064183923,0.9889513
real,00009932_008.png,9932,,effusion_0,-7.4343643,0.0005902557,0.98788947
real,00009934_007.png,9934,,effusion_0,-4.4208164,0.011881542,0.78710264
real,00009934_008.png,9934,,effusion_0,-5.089308,0.0061245426,0.8799612
real,00009934_009.png,9934,,effusion_0,-5.321142,0.0048634,0.91570663
real,00010071_003.png,10071,,effusion_0,3.6857777,0.9755358,0.8984922
real,00010071_004.png,10071,,effusion_0,5.8299236,0.9970703,0.95886874
real,00010071_007.png,10071,,effusion_0,2.578535,0.9294673,0.756058
real,00010071_008.png,10071,,effusion_0,3.0236492,0.95363116,0.83489656
real,00010071_010.png,10071,,effusion_0,7.3513107,0.9993587,0.989776
real,00010071_011.png,10071,,effusion_0,7.847826,0.99960953,0.9933633
real,00010071_012.png,10071,,effusion_0,5.4954624,0.9959115,0.9579871
real,00010120_021.png,10120,,effusion_0,-6.3550243,0.0017349775,0.96230674
real,00010131_007.png,10131,,effusion_0,7.0286236,0.9991146,0.99209183
real,00010177_000.png,10177,,effusion_0,-6.82082,0.0010896376,0.9684863
real,00010275_000.png,10275,,effusion_0,8.635204,0.9998223,0.99643564
real,00010279_003.png,10279,,effusion_0,8.708979,0.9998349,0.99719125
real,00010279_004.png,10279,,effusion_0,8.506323,0.9997979,0.99664235
real,00010279_005.png,10279,,effusion_0,8.137711,0.99970776,0.9956942
real,00010335_001.png,10335,,effusion_0,7.398432,0.9993881,0.9922015
real,00010335_002.png,10335,,effusion_0,8.388617,0.9997726,0.995171
real,00010335_003.png,10335,,effusion_0,7.7358456,0.9995633,0.989204
real,00010335_005.png,10335,,effusion_0,7.282503,0.999313,0.98666507
real,00010354_002.png,10354,,effusion_0,1.3643265,0.79646194,0.45296177
real,00010427_009.png,10427,,effusion_0,-6.6336803,0.0013135856,0.95622474
real,00010443_001.png,10443,,effusion_0,-5.719019,0.0032721874,0.8898868
real,00010465_004.png,10465,,effusion_0,4.235729,0.9857371,0.8955323
real,00010469_002.png,10469,,effusion_0,9.365944,0.9999144,0.99753064
real,00010521_002.png,10521,,effusion_0,4.7193623,0.99115795,0.89094555
real,00010536_000.png,10536,,effusion_0,-5.279125,0.0050710407,0.93297124
real,00010571_006.png,10571,,effusion_0,0.8035774,0.69073915,0.5479128
real,00010575_002.png,10575,,effusion_0,8.5793915,0.99981207,0.99683946
real,00010575_003.png,10575,,effusion_0,6.384386,0.9983152,0.9862053
real,00010625_000.png,10625,,effusion_0,7.541424,0.9994697,0.9885351
real,00010625_010.png,10625,,effusion_0,-3.5659523,0.027492827,0.6332862
real,00010625_014.png,10625,,effusion_0,1.602644,0.83238757,0.4399624
real,00010638_001.png,10638,,effusion_0,-6.4730873,0.0015420686,0.9655905
real,00010695_007.png,10695,,effusion_0,4.128586,0.98414963,0.84678787
real,00010695_008.png,10695,,effusion_0,-6.625265,0.0013246717,0.962888
real,00010695_013.png,10695,,effusion_0,-6.2789,0.0018719514,0.9378471
real,00010695_014.png,10695,,effusion_0,-1.4499855,0.19000378,0.5182771
real,00010695_015.png,10695,,effusion_0,-2.0670319,0.11234269,0.4031888
real,00010695_017.png,10695,,effusion_0,3.455143,0.96938413,0.75335205
real,00010695_016.png,10695,,effusion_0,4.086624,0.9834816,0.8556464
real,00010767_001.png,10767,,effusion_0,-1.3447285,0.20673352,0.4545978
real,00010767_017.png,10767,,effusion_0,-0.6824322,0.3357187,0.50988245
real,00010767_015.png,10767,,effusion_0,5.241358,0.9947349,0.94827586
real,00010767_016.png,10767,,effusion_0,2.649601,0.93398637,0.80672497
real,00010767_022.png,10767,,effusion_0,3.820776,0.978559,0.8345556
real,00010767_023.png,10767,,effusion_0,4.2639008,0.98612785,0.88319874
real,00010767_024.png,10767,,effusion_0,5.3828564,0.99542636,0.959226
real,00010767_025.png,10767,,effusion_0,5.6741047,0.99657804,0.96136415
real,00010767_026.png,10767,,effusion_0,2.8387413,0.9447338,0.7953203
real,00010772_002.png,10772,,effusion_0,8.027166,0.9996736,0.9945231
real,00010772_003.png,10772,,effusion_0,8.010214,0.9996681,0.99424523
real,00010772_007.png,10772,,effusion_0,4.3652306,0.9874478,0.8584061
real,00010772_010.png,10772,,effusion_0,8.721151,0.9998369,0.99646765
real,00010772_012.png,10772,,effusion_0,8.975889,0.9998735,0.9970073
real,00010772_015.png,10772,,effusion_0,8.025791,0.99967325,0.99426186
real,00010790_003.png,10790,,effusion_0,-6.2867165,0.0018574039,0.8739293
real,00010828_000.png,10828,,effusion_0,5.8749943,0.99719906,0.9782697
real,00010936_008.png,10936,,effusion_0,-2.7563095,0.059731305,0.56510097
real,00010936_009.png,10936,,effusion_0,2.7873268,0.9419871,0.7283823
real,00010936_010.png,10936,,effusion_0,0.8936119,0.709635,0.66229045
real,00010936_016.png,10936,,effusion_0,2.5585155,0.92814344,0.6985437
real,00010936_017.png,10936,,effusion_0,2.1113663,0.89200306,0.64355034
real,00010936_018.png,10936,,effusion_0,6.7471027,0.99882704,0.986214
real,00010936_019.png,10936,,effusion_0,1.6895046,0.844159,0.47485346
real,00010936_021.png,10936,,effusion_0,7.917555,0.9996358,0.99142295
real,00010936_023.png,10936,,effusion_0,8.653372,0.99982554,0.9960445
real,00010936_024.png,10936,,effusion_0,6.9548397,0.99904686,0.9797089
real,00010940_000.png,10940,,effusion_0,8.629187,0.99982125,0.99684215
real,00010953_000.png,10953,,effusion_0,7.228718,0.999275,0.99191976
real,00010953_003.png,10953,,effusion_0,6.118984,0.9978041,0.9788201
real,00010953_004.png,10953,,effusion_0,6.678087,0.9987435,0.99019116
real,00010953_009.png,10953,,effusion_0,6.8126965,0.9989015,0.9903558
real,00010953_011.png,10953,,effusion_0,8.434605,0.99978286,0.99617374
real,00010953_012.png,10953,,effusion_0,8.235107,0.99973494,0.9953873
real,00010970_000.png,10970,,effusion_0,-7.159523,0.00077682134,0.98265105
real,00010992_000.png,10992,,effusion_0,8.727015,0.9998379,0.9970068
real,00010992_006.png,10992,,effusion_0,8.5413,0.9998048,0.99490833
real,00010992_007.png,10992,,effusion_0,5.9791393,0.9974753,0.9480404
real,00010992_008.png,10992,,effusion_0,6.7395134,0.9988181,0.97772604
real,00010992_009.png,10992,,effusion_0,6.847763,0.99893934,0.9907499
real,00010992_010.png,10992,,effusion_0,6.723158,0.9987987,0.98747104
real,00010992_011.png,10992,,effusion_0,3.450018,0.96923167,0.76032305
real,00010992_012.png,10992,,effusion_0,4.1478024,0.9844467,0.8837273
real,00010994_003.png,10994,,effusion_0,-5.493021,0.0040985257,0.89711237
real,00010994_005.png,10994,,effusion_0,-4.2873325,0.013555261,0.7681342
real,00010994_007.png,10994,,effusion_0,8.546602,0.99980587,0.9952316
real,00010994_009.png,10994,,effusion_0,1.6064453,0.8329173,0.5532152
real,00010994_010.png,10994,,effusion_0,4.0178223,0.98232585,0.7966875
real,00010994_011.png,10994,,effusion_0,-2.4285564,0.081020884,0.5211929
real,00010994_012.png,10994,,effusion_0,-4.224745,0.014418144,0.67449194
real,00010994_013.png,10994,,effusion_0,-2.579586,0.07046384,0.4909039
real,00010994_000.png,10994,,effusion_0,-4.5267696,0.010699834,0.73516434
real,00011139_000.png,11139,,effusion_0,-6.968666,0.0009400227,0.9769928
real,00011237_001.png,11237,,effusion_0,8.289642,0.999749,0.9949447
real,00011279_002.png,11279,,effusion_0,5.326872,0.9951643,0.97255796
real,00011380_005.png,11380,,effusion_0,-6.0460625,0.0023615742,0.9445243
real,00011380_006.png,11380,,effusion_0,4.377432,0.9875981,0.86502624
real,00011380_009.png,11380,,effusion_0,4.3918,0.9877729,0.9303997
real,00011380_010.png,11380,,effusion_0,4.909981,0.9926813,0.9392058
real,00011380_011.png,11380,,effusion_0,5.6513405,0.9964994,0.97225296
real,00011380_012.png,11380,,effusion_0,5.722809,0.99674016,0.974673
real,00011380_014.png,11380,,effusion_0,4.50338,0.9890497,0.89514023
real,00011380_015.png,11380,,effusion_0,5.376404,0.9953969,0.96898997
real,00011380_016.png,11380,,effusion_0,5.312359,0.99509394,0.942734
real,00011380_018.png,11380,,effusion_0,5.2556515,0.99480915,0.9572664
real,00011380_019.png,11380,,effusion_0,7.0550766,0.99913764,0.9886878
real,00011380_020.png,11380,,effusion_0,6.3784046,0.9983051,0.9847524
real,00011380_021.png,11380,,effusion_0,6.9838867,0.9990741,0.9906015
real,00011380_023.png,11380,,effusion_0,4.5790424,0.98983955,0.9261306
real,00011380_024.png,11380,,effusion_0,4.024803,0.9824467,0.9095416
real,00011380_025.png,11380,,effusion_0,4.394211,0.98780197,0.94726616
real,00011380_026.png,11380,,effusion_0,4.269161,0.9861996,0.8850269
real,00011423_002.png,11423,,effusion_0,1.9214344,0.87229824,0.61898375
real,00011423_003.png,11423,,effusion_0,0.6091118,0.64773816,0.36743277
real,00011423_006.png,11423,,effusion_0,1.3703384,0.79743487,0.56285316
real,00011423_008.png,11423,,effusion_0,3.2753773,0.9635744,0.7987692
real,00011423_000.png,11423,,effusion_0,1.6012344,0.8321909,0.66501415
real,00011423_001.png,11423,,effusion_0,3.5641727,0.97245955,0.8247592
real,00011654_004.png,11654,,effusion_0,-3.3363,0.034346666,0.72045773
real,00011748_000.png,11748,,effusion_0,3.1957493,0.960674,0.9116054
real,00011764_004.png,11764,,effusion_0,-6.696846,0.0012332774,0.9448677
real,00011770_010.png,11770,,effusion_0,-7.1904354,0.0007531931,0.97968596
real,00011831_004.png,11831,,effusion_0,-1.5772228,0.17118914,0.83951634
real,00011831_007.png,11831,,effusion_0,0.28173637,0.56997186,0.81987494
real,00011831_008.png,11831,,effusion_0,-1.0366211,0.26180246,0.59686357
real,00011831_009.png,11831,,effusion_0,-3.8733482,0.020365281,0.8719039
real,00011831_010.png,11831,,effusion_0,2.2709465,0.90644205,0.85757416
real,00011831_016.png,11831,,effusion_0,2.9643497,0.95093733,0.80771184
real,00011831_017.png,11831,,effusion_0,9.256092,0.9999045,0.99807054
real,00011831_020.png,11831,,effusion_0,8.227489,0.9997329,0.99560153
real,00011831_021.png,11831,,effusion_0,6.816492,0.99890566,0.9921143
real,00011949_000.png,11949,,effusion_0,-6.2589455,0.0019096087,0.9376897
real,00011950_013.png,11950,,effusion_0,1.6469879,0.8384836,0.60494643
real,00011950_015.png,11950,,effusion_0,4.371233,0.98752195,0.8851527
real,00011950_016.png,11950,,effusion_0,9.17168,0.99989605,0.9967757
real,00011950_018.png,11950,,effusion_0,3.8609104,0.97938514,0.87104857
real,00011987_008.png,11987,,effusion_0,9.440798,0.9999206,0.9976599
real,00012021_001.png,12021,,effusion_0,6.506216,0.99850804,0.9719875
real,00012043_012.png,12043,,effusion_0,9.491621,0.99992454,0.99786174
real,00012043_013.png,12043,,effusion_0,9.511103,0.999926,0.99835294
real,00012043_015.png,12043,,effusion_0,9.347759,0.99991286,0.9975233
real,00012043_016.png,12043,,effusion_0,9.10087,0.9998884,0.99675953
real,00012092_003.png,12092,,effusion_0,-4.392824,0.012214713,0.80673146
real,00012178_000.png,12178,,effusion_0,7.0073376,0.9990957,0.9908895
real,00012178_001.png,12178,,effusion_0,4.5071526,0.9890905,0.8681867
real,00012263_000.png,12263,,effusion_0,-4.667795,0.009305549,0.81699985
real,00012263_002.png,12263,,effusion_0,9.249416,0.9999038,0.99752206
real,00012263_005.png,12263,,effusion_0,8.929054,0.99986756,0.9973198
real,00012263_006.png,12263,,effusion_0,9.4648,0.9999225,0.9982984
real,00012263_007.png,12263,,effusion_0,5.8551426,0.9971431,0.9829737
real,00012415_002.png,12415,,effusion_0,2.377161,0.91506904,0.69397163
real,00012415_004.png,12415,,effusion_0,-4.165188,0.015289402,0.74635035
real,00012415_005.png,12415,,effusion_0,-2.8577862,0.054280233,0.668036
real,00012415_006.png,12415,,effusion_0,-1.7820396,0.14405146,0.5833115
real,00012460_002.png,12460,,effusion_0,-7.2529564,0.0007075769,0.98625857
real,00012460_003.png,12460,,effusion_0,-7.193966,0.00075054064,0.98072505
real,00012523_000.png,12523,,effusion_0,-7.042454,0.0008732162,0.9673409
real,00012536_003.png,12536,,effusion_0,6.1292496,0.9978265,0.9757453
real,00012604_000.png,12604,,effusion_0,7.0427246,0.9991271,0.9864875
real,00012604_004.png,12604,,effusion_0,8.327814,0.9997583,0.9952658
real,00012604_005.png,12604,,effusion_0,6.6504326,0.99870825,0.9822396
real,00012626_015.png,12626,,effusion_0,4.242029,0.98582536,0.86880845
real,00012653_002.png,12653,,effusion_0,5.3999767,0.9955036,0.97498024
real,00012707_000.png,12707,,effusion_0,-7.39065,0.0006166145,0.99324566
real,00012722_000.png,12722,,effusion_0,7.5435066,0.9994708,0.9967212
real,00012722_001.png,12722,,effusion_0,7.405197,0.9993923,0.99455357
real,00012722_002.png,12722,,effusion_0,7.5296173,0.9994634,0.9968787
real,00012722_005.png,12722,,effusion_0,8.13389,0.9997067,0.996813
real,00012799_001.png,12799,,effusion_0,-6.58284,0.0013820009,0.9714445
real,00012827_001.png,12827,,effusion_0,1.6385117,0.8373323,0.567783
real,00012827_002.png,12827,,effusion_0,9.219494,0.99990094,0.9975227
real,00012939_002.png,12939,,effusion_0,4.723053,0.9911903,0.89677185
real,00012949_002.png,12949,,effusion_0,1.3430672,0.7929939,0.6045823
real,00012973_017.png,12973,,effusion_0,4.4591045,0.98855966,0.9112228
real,00012973_015.png,12973,,effusion_0,5.5181637,0.99600285,0.9719887
real,00012973_016.png,12973,,effusion_0,0.9966469,0.7303988,0.5752765
real,00012973_019.png,12973,,effusion_0,4.541666,0.9894567,0.91883373
real,00012973_020.png,12973,,effusion_0,4.014696,0.98227155,0.8225431
real,00012973_021.png,12973,,effusion_0,5.035719,0.99354047,0.92267925
real,00012975_000.png,12975,,effusion_0,8.278074,0.999746,0.995391
real,00013205_001.png,13205,,effusion_0,-3.5258827,0.02858469,0.6011331
real,00013205_003.png,13205,,effusion_0,-0.49002647,0.3798873,0.57287085
real,00013205_004.png,13205,,effusion_0,-2.8759537,0.053355142,0.5658694
real,00013205_006.png,13205,,effusion_0,-6.8328934,0.0010765751,0.96320844
real,00013237_000.png,13237,,effusion_0,-1.5636883,0.17311804,0.42004696
real,00013285_000.png,13285,,effusion_0,-3.1363049,0.04163431,0.6516446
real,00013285_002.png,13285,,effusion_0,1.3827705,0.7994356,0.4782315
real,00013285_003.png,13285,,effusion_0,6.8577347,0.9989498,0.97394156
real,00013370_005.png,13370,,effusion_0,-0.85303307,0.298797,0.419304
real,00013408_007.png,13408,,effusion_0,-6.1987076,0.0020279344,0.9410981
real,00013408_008.png,13408,,effusion_0,3.364338,0.9665713,0.62582606
real,00013408_016.png,13408,,effusion_0,-5.124195,0.0059158006,0.8189049
real,00013408_017.png,13408,,effusion_0,5.1846066,0.9944291,0.9317545
real,00013408_018.png,13408,,effusion_0,-6.8924713,0.0010143713,0.9662941
real,00013458_002.png,13458,,effusion_0,-7.4573517,0.00057684974,0.99057096
real,00013499_000.png,13499,,effusion_0,-4.777132,0.008349807,0.7825182
real,00013519_001.png,13519,,effusion_0,-6.1771984,0.0020719345,0.93911165
real,00013522_000.png,13522,,effusion_0,-7.5941486,0.0005031351,0.9897213
real,00013534_006.png,13534,,effusion_0,9.048996,0.99988246,0.99654645
real,00013534_008.png,13534,,effusion_0,8.730625,0.9998385,0.99573565
real,00013534_010.png,13534,,effusion_0,7.588688,0.9994941,0.99235797
real,00013591_003.png,13591,,effusion_0,5.9800797,0.9974777,0.97782403
real,00013591_005.png,13591,,effusion_0,-4.905752,0.007349457,0.84976375
real,00013608_006.png,13608,,effusion_0,1.1914616,0.76700234,0.37520644
real,00013608_007.png,13608,,effusion_0,5.844595,0.9971129,0.9734533
real,00013608_008.png,13608,,effusion_0,4.149935,0.98447925,0.8736439
real,00013608_011.png,13608,,effusion_0,-0.4332714,0.39334542,0.39720228
real,00013608_012.png,13608,,effusion_0,3.6852665,0.97552365,0.7386236
real,00013608_013.png,13608,,effusion_0,5.5236034,0.99602437,0.95892614
real,00013608_017.png,13608,,effusion_0,6.5857124,0.99862194,0.9702796
real,00013608_021.png,13608,,effusion_0,5.224901,0.9946479,0.9372085
real,00013625_004.png,13625,,effusion_0,-6.8680115,0.0010394625,0.98690796
real,00013625_061.png,13625,,effusion_0,-5.9172173,0.0026854516,0.93244857
real,00013678_000.png,13678,,effusion_0,6.556898,0.99858177,0.98564386
real,00013678_001.png,13678,,effusion_0,7.581089,0.99949026,0.99280494
real,00013709_000.png,13709,,effusion_0,-7.3299484,0.00065517786,0.9910829
real,00013743_001.png,13743,,effusion_0,2.2337322,0.903238,0.58676386
real,00013830_000.png,13830,,effusion_0,-7.4154263,0.0006015337,0.98814076
real,00013862_004.png,13862,,effusion_0,6.0344505,0.9976109,0.9782587
real,00013911_002.png,13911,,effusion_0,7.6996937,0.9995472,0.99293834
real,00013911_004.png,13911,,effusion_0,5.6799717,0.99659795,0.9695688
real,00013911_007.png,13911,,effusion_0,8.80179,0.99984956,0.9965648
real,00013911_012.png,13911,,effusion_0,4.9470844,0.9929461,0.89762604
real,00013911_020.png,13911,,effusion_0,4.437931,0.9883178,0.8355942
real,00013911_000.png,13911,,effusion_0,9.041788,0.9998816,0.997096
real,00013964_001.png,13964,,effusion_0,-0.791502,0.31184626,0.5008713
real,00014183_000.png,14183,,effusion_0,-7.183872,0.0007581489,0.9780822
real,00014196_002.png,14196,,effusion_0,7.8994617,0.99962914,0.99200517
real,00014196_003.png,14196,,effusion_0,6.1835537,0.9979412,0.96748465
real,00014289_000.png,14289,,effusion_0,9.310131,0.9999095,0.99758554
real,00014307_004.png,14307,,effusion_0,8.028479,0.9996741,0.9942967
real,00014307_008.png,14307,,effusion_0,-7.2238483,0.00072846055,0.9864578
real,00014307_011.png,14307,,effusion_0,4.6924305,0.9909189,0.86150765
real,00014320_011.png,14320,,effusion_0,4.465004,0.9886262,0.90145135
real,00014320_012.png,14320,,effusion_0,-6.182251,0.002061514,0.94441706
real,00014320_033.png,14320,,effusion_0,-6.5618362,0.0014112936,0.9447439
real,00014320_039.png,14320,,effusion_0,-6.0795345,0.0022840134,0.89524025
real,00014387_000.png,14387,,effusion_0,-1.9869576,0.120579116,0.62946516
real,00014387_008.png,14387,,effusion_0,-2.675005,0.064464465,0.41500086
real,00014387_010.png,14387,,effusion_0,4.754547,0.99146116,0.90048
real,00014475_001.png,14475,,effusion_0,-7.613556,0.00049346953,0.98580843
real,00014538_000.png,14538,,effusion_0,0.96730614,0.72458225,0.50783026
real,00014574_000.png,14574,,effusion_0,-6.9861965,0.00092370244,0.97364825
real,00014648_000.png,14648,,effusion_0,-7.4756203,0.0005664131,0.9875612
real,00014695_004.png,14695,,effusion_0,-1.6307545,0.16372703,0.40147853
real,00014719_006.png,14719,,effusion_0,-1.7588978,0.14692843,0.5151393
real,00014719_007.png,14719,,effusion_0,-6.338114,0.0017645143,0.9281817
real,00014773_003.png,14773,,effusion_0,-4.5240097,0.0107290875,0.84481853
real,00014773_004.png,14773,,effusion_0,-2.0341797,0.11566071,0.5635569
real,00014773_006.png,14773,,effusion_0,0.14180374,0.5353916,0.53195983
real,00014773_005.png,14773,,effusion_0,-2.6955833,0.06323448,0.57861
real,00014773_007.png,14773,,effusion_0,-7.603342,0.000498533,0.99104965
real,00014943_000.png,14943,,effusion_0,-2.0175724,0.11737024,0.5679466
real,00015064_000.png,15064,,effusion_0,-2.5863113,0.07002461,0.62047577
real,00015080_002.png,15080,,effusion_0,2.0409565,0.8850306,0.68939614
real,00015114_001.png,15114,,effusion_0,-6.769085,0.0011474272,0.9821495
real,00015114_003.png,15114,,effusion_0,5.3805695,0.9954159,0.9662577
real,00015212_001.png,15212,,effusion_0,8.407469,0.9997769,0.996203
real,00015212_003.png,15212,,effusion_0,4.7640305,0.99154097,0.9233869
real,00015212_008.png,15212,,effusion_0,6.628376,0.99867946,0.98387206
real,00015228_002.png,15228,,effusion_0,-6.5671005,0.0014038942,0.9770446
real,00015242_000.png,15242,,effusion_0,-2.1716175,0.10232836,0.45823398
real,00015244_002.png,15244,,effusion_0,-7.5733795,0.0005136886,0.98935705
real,00015244_000.png,15244,,effusion_0,-7.271824,0.00069436105,0.9857407
real,00015254_001.png,15254,,effusion_0,-1.5114994,0.1807167,0.42117047
real,00015254_002.png,15254,,effusion_0,8.892797,0.9998627,0.99583936
real,00015282_000.png,15282,,effusion_0,-5.801405,0.0030141913,0.91954297
real,00015313_000.png,15313,,effusion_0,-2.7862206,0.05807335,0.6159539
real,00015313_003.png,15313,,effusion_0,8.577076,0.9998117,0.9969925
real,00015313_005.png,15313,,effusion_0,7.917799,0.99963593,0.9936818
real,00015313_006.png,15313,,effusion_0,6.599571,0.99864095,0.9762553
real,00015313_007.png,15313,,effusion_0,0.37530708,0.5927407,0.33319372
real,00015313_008.png,15313,,effusion_0,-6.618883,0.0013331415,0.96109426
real,00015318_007.png,15318,,effusion_0,-2.1684933,0.10261569,0.46294352
real,00015318_008.png,15318,,effusion_0,8.960737,0.9998716,0.9959523
real,00015376_002.png,15376,,effusion_0,5.934534,0.9973605,0.9840854
real,00015376_037.png,15376,,effusion_0,-5.3637085,0.0046616723,0.8842877
real,00015388_004.png,15388,,effusion_0,-6.1533546,0.002121825,0.9296584
real,00015423_001.png,15423,,effusion_0,0.9433975,0.7197854,0.47514477
real,00015423_002.png,15423,,effusion_0,1.2805996,0.7825518,0.49987778
real,00015423_003.png,15423,,effusion_0,-0.5788784,0.3591907,0.39880288
real,00015423_004.png,15423,,effusion_0,1.8283405,0.86156386,0.47905043
real,00015423_005.png,15423,,effusion_0,2.6787376,0.93576026,0.5895867
real,00015423_006.png,15423,,effusion_0,4.740389,0.99134034,0.9035271
real,00015448_003.png,15448,,effusion_0,-7.463724,0.00057318766,0.98972565
real,00015492_002.png,15492,,effusion_0,-6.9397163,0.000967607,0.9631023
real,00015497_000.png,15497,,effusion_0,8.071186,0.9996877,0.99498826
real,00015497_001.png,15497,,effusion_0,4.4578495,0.9885455,0.8766388
real,00015562_004.png,15562,,effusion_0,-0.16694069,0.45836148,0.5050919
real,00015654_000.png,15654,,effusion_0,5.594572,0.99629575,0.9585696
real,00015654_001.png,15654,,effusion_0,8.03014,0.99967456,0.99509877
real,00015654_002.png,15654,,effusion_0,8.389242,0.9997727,0.99522793
real,00015654_003.png,15654,,effusion_0,7.6447754,0.99952173,0.98981225
real,00015654_004.png,15654,,effusion_0,8.841162,0.9998554,0.9950051
real,00015654_005.png,15654,,effusion_0,9.648689,0.9999355,0.9970382
real,00015654_006.png,15654,,effusion_0,9.402674,0.9999175,0.99745935
real,00015716_000.png,15716,,effusion_0,-2.8930569,0.052497856,0.5522294
real,00015985_000.png,15985,,effusion_0,5.1562366,0.9942697,0.9243476
real,00016041_000.png,16041,,effusion_0,8.909063,0.9998648,0.9961327
real,00016184_016.png,16184,,effusion_0,8.112936,0.9997004,0.9952466
real,00016191_001.png,16191,,effusion_0,5.3561554,0.99530315,0.95884806
real,00016191_015.png,16191,,effusion_0,0.9630623,0.7237345,0.4067801
real,00016191_016.png,16191,,effusion_0,-5.5854473,0.0037380457,0.87068397
real,00016191_021.png,16191,,effusion_0,6.6700077,0.9987332,0.9912476
real,00016191_026.png,16191,,effusion_0,7.609295,0.99950445,0.9895982
real,00016191_027.png,16191,,effusion_0,8.016907,0.99967027,0.9950081
real,00016202_000.png,16202,,effusion_0,-7.091936,0.0008310941,0.98376614
real,00016205_005.png,16205,,effusion_0,4.190611,0.98508865,0.82554185
real,00016205_007.png,16205,,effusion_0,-5.756771,0.0031513404,0.83781236
real,00016205_008.png,16205,,effusion_0,-4.5571747,0.010382728,0.64814734
real,00016205_009.png,16205,,effusion_0,-4.0480385,0.017157078,0.5523807
real,00016238_007.png,16238,,effusion_0,8.668127,0.999828,0.996674
real,00016238_008.png,16238,,effusion_0,4.1424847,0.984365,0.84263724
real,00016353_000.png,16353,,effusion_0,-6.6367073,0.0013096206,0.97065187
real,00016417_000.png,16417,,effusion_0,7.6735783,0.9995353,0.992248
real,00016417_001.png,16417,,effusion_0,7.651148,0.9995247,0.991708
real,00016417_002.png,16417,,effusion_0,-6.638527,0.0013072429,0.9636442
real,00016417_004.png,16417,,effusion_0,7.395069,0.9993861,0.9895522
real,00016417_006.png,16417,,effusion_0,5.706497,0.99668676,0.9507688
real,00016417_007.png,16417,,effusion_0,8.277115,0.9997458,0.9942642
real,00016417_008.png,16417,,effusion_0,8.358345,0.9997656,0.9945192
real,00016417_009.png,16417,,effusion_0,8.767458,0.9998443,0.99696505
real,00016484_002.png,16484,,effusion_0,-5.3424263,0.0047614686,0.9065471
real,00016484_018.png,16484,,effusion_0,-6.6799183,0.0012543052,0.97592694
real,00016484_030.png,16484,,effusion_0,-6.431391,0.0016076213,0.9742505
real,00016548_000.png,16548,,effusion_0,4.132675,0.98421323,0.88774604
real,00016568_005.png,16568,,effusion_0,6.0936584,0.99774796,0.978823
real,00016568_015.png,16568,,effusion_0,6.1998253,0.99797434,0.9845775
real,00016568_016.png,16568,,effusion_0,-3.2214584,0.038366143,0.5992773
real,00016568_017.png,16568,,effusion_0,5.2718105,0.9948919,0.96427697
real,00016568_018.png,16568,,effusion_0,6.748394,0.9988286,0.991992
real,00016568_019.png,16568,,effusion_0,7.137083,0.9992055,0.9930233
real,00016568_020.png,16568,,effusion_0,4.497717,0.9889882,0.9503772
real,00016568_021.png,16568,,effusion_0,7.416353,0.99939907,0.99415386
real,00016568_022.png,16568,,effusion_0,6.9411697,0.9990338,0.98940283
real,00016568_023.png,16568,,effusion_0,1.235281,0.7747416,0.7344253
real,00016568_024.png,16568,,effusion_0,6.835268,0.998926,0.9930916
real,00016568_025.png,16568,,effusion_0,7.5675774,0.99948335,0.99438095
real,00016568_028.png,16568,,effusion_0,7.299406,0.99932456,0.99227417
real,00016568_029.png,16568,,effusion_0,7.2817,0.9993125,0.9912599
real,00016568_032.png,16568,,effusion_0,5.5938625,0.9962931,0.97260654
real,00016568_036.png,16568,,effusion_0,4.7025814,0.9910097,0.9271289
real,00016568_037.png,16568,,effusion_0,6.4741974,0.9984597,0.97500694
real,00016568_038.png,16568,,effusion_0,4.9105644,0.99268556,0.9349053
real,00016568_039.png,16568,,effusion_0,5.3636093,0.99533784,0.96630555
real,00016568_040.png,16568,,effusion_0,3.1235142,0.9578523,0.78977036
real,00016568_041.png,16568,,effusion_0,5.5123177,0.9959794,0.9612151
real,00016568_042.png,16568,,effusion_0,2.5879211,0.9300802,0.78673315
real,00016568_043.png,16568,,effusion_0,1.8775749,0.8673323,0.6676923
real,00016568_044.png,16568,,effusion_0,4.687681,0.9908761,0.9053425
real,00016568_047.png,16568,,effusion_0,3.4275932,0.96855587,0.75379664
real,00016568_051.png,16568,,effusion_0,0.52710724,0.6288082,0.49255216
real,00016677_004.png,16677,,effusion_0,8.170572,0.9997172,0.99546313
real,00016677_000.png,16677,,effusion_0,7.657406,0.9995277,0.99497813
real,00016724_000.png,16724,,effusion_0,9.548227,0.9999287,0.99789226
real,00016724_001.png,16724,,effusion_0,9.563763,0.9999298,0.9986785
real,00016724_003.png,16724,,effusion_0,8.507635,0.9997981,0.9965393
real,00016757_003.png,16757,,effusion_0,-5.298317,0.0049751266,0.8003984
real,00016801_000.png,16801,,effusion_0,5.248987,0.99477464,0.9667095
real,00016801_006.png,16801,,effusion_0,7.768749,0.99957746,0.993806
real,00016801_008.png,16801,,effusion_0,-2.1432838,0.104960494,0.48970684
real,00016862_000.png,16862,,effusion_0,-1.3322506,0.20878735,0.42153728
real,00016975_010.png,16975,,effusion_0,-6.800556,0.0011119181,0.9653421
real,00016975_013.png,16975,,effusion_0,-6.751686,0.0011675424,0.96024394
real,00016975_017.png,16975,,effusion_0,8.694719,0.9998325,0.99642485
real,00016975_018.png,16975,,effusion_0,-1.3224449,0.21041182,0.39084357
real,00016990_000.png,16990,,effusion_0,-6.751343,0.0011679428,0.974649
real,00017258_002.png,17258,,effusion_0,5.4488716,0.9957172,0.9666619
real,00017258_003.png,17258,,effusion_0,2.735386,0.93908274,0.8322717
real,00017258_004.png,17258,,effusion_0,9.52644,0.99992704,0.99827665
real,00017258_005.png,17258,,effusion_0,5.507326,0.99595946,0.9755003
real,00017258_006.png,17258,,effusion_0,8.089996,0.9996935,0.99575955
real,00017258_007.png,17258,,effusion_0,9.222645,0.9999012,0.99768746
real,00017258_008.png,17258,,effusion_0,8.992966,0.99987566,0.995998
real,00017258_009.png,17258,,effusion_0,8.989946,0.9998753,0.9978041
real,00017258_010.png,17258,,effusion_0,9.15143,0.9998939,0.9974442
real,00017258_011.png,17258,,effusion_0,5.44639,0.99570674,0.9616931
real,00017258_016.png,17258,,effusion_0,2.5672588,0.92872447,0.8688843
real,00017258_017.png,17258,,effusion_0,-0.12423897,0.46898013,0.73456544
real,00017258_019.png,17258,,effusion_0,7.2408695,0.99928385,0.9910775
real,00017263_000.png,17263,,effusion_0,-7.6469135,0.00047728774,0.98808336
real,00017395_001.png,17395,,effusion_0,8.80504,0.99985003,0.9946618
real,00017395_002.png,17395,,effusion_0,6.766445,0.9988495,0.9837586
real,00017395_003.png,17395,,effusion_0,0.9103756,0.713077,0.5102097
real,00017443_012.png,17443,,effusion_0,4.2533855,0.9859832,0.865207
real,00017443_013.png,17443,,effusion_0,1.7652111,0.8538611,0.59575474
real,00017529_000.png,17529,,effusion_0,3.184105,0.96023166,0.7031428
real,00017607_000.png,17607,,effusion_0,-6.871441,0.0010359077,0.97340965
real,00017618_004.png,17618,,effusion_0,8.379419,0.99977046,0.9956007
real,00017618_005.png,17618,,effusion_0,5.565748,0.99618787,0.9556314
real,00017618_006.png,17618,,effusion_0,6.9956627,0.99908495,0.99366355
real,00017618_008.png,17618,,effusion_0,7.864435,0.9996159,0.9941891
real,00017618_009.png,17618,,effusion_0,8.64447,0.999824,0.9970843
real,00017618_010.png,17618,,effusion_0,8.916557,0.9998659,0.9975744
real,00017618_011.png,17618,,effusion_0,9.220243,0.99990094,0.99726725
real,00017618_014.png,17618,,effusion_0,9.208761,0.99989986,0.9966976
real,00017618_015.png,17618,,effusion_0,6.696724,0.99876654,0.98272717
real,00017618_019.png,17618,,effusion_0,5.891987,0.99724615,0.9625326
real,00017618_020.png,17618,,effusion_0,6.3210487,0.9982052,0.9822857
real,00017618_021.png,17618,,effusion_0,7.6860027,0.99954104,0.9921607
real,00017618_022.png,17618,,effusion_0,8.825432,0.999853,0.9971054
real,00017618_023.png,17618,,effusion_0,9.590162,0.9999316,0.99755394
real,00017618_032.png,17618,,effusion_0,8.381891,0.99977106,0.9943589
real,00017691_014.png,17691,,effusion_0,-4.894348,0.0074331244,0.82587856
real,00017702_001.png,17702,,effusion_0,8.633163,0.99982196,0.9973048
real,00017747_053.png,17747,,effusion_0,-1.6589851,0.15989827,0.6751553
real,00017747_054.png,17747,,effusion_0,2.39542,0.9164774,0.83227307
real,00017747_055.png,17747,,effusion_0,1.5774059,0.82883686,0.7997811
real,00017747_056.png,17747,,effusion_0,2.4796352,0.92270184,0.8265992
real,00017747_057.png,17747,,effusion_0,1.0968475,0.74966896,0.8172136
real,00017747_004.png,17747,,effusion_0,1.1889591,0.76655483,0.6936566
real,00017747_005.png,17747,,effusion_0,2.0670109,0.8876552,0.86256593
real,00017747_008.png,17747,,effusion_0,4.474699,0.98873466,0.94969267
real,00017747_010.png,17747,,effusion_0,3.83078,0.97876793,0.94154096
real,00017747_011.png,17747,,effusion_0,4.1489525,0.9844642,0.9481852
real,00017747_012.png,17747,,effusion_0,4.2388573,0.985781,0.94588286
real,00017763_003.png,17763,,effusion_0,-5.8381386,0.002905794,0.91241837
real,00017763_004.png,17763,,effusion_0,-6.6100063,0.0013450121,0.95924705
real,00017786_005.png,17786,,effusion_0,5.641426,0.9964647,0.9599578
real,00017786_010.png,17786,,effusion_0,-4.2663593,0.013838585,0.7599926
real,00017786_012.png,17786,,effusion_0,4.3498993,0.9872564,0.85698915
real,00017786_000.png,17786,,effusion_0,6.1206474,0.9978078,0.9818933
real,00017822_000.png,17822,,effusion_0,-6.071348,0.0023027447,0.8869313
real,00017835_032.png,17835,,effusion_0,0.718277,0.6722275,0.38638493
real,00017846_000.png,17846,,effusion_0,3.5828323,0.9729549,0.83886
real,00017930_004.png,17930,,effusion_0,8.8595085,0.999858,0.9978923
real,00017930_005.png,17930,,effusion_0,9.235926,0.9999025,0.9981691
real,00017939_000.png,17939,,effusion_0,-6.949175,0.0009585068,0.97471297
real,00017945_000.png,17945,,effusion_0,-4.848894,0.0077760974,0.8748876
real,00017953_000.png,17953,,effusion_0,4.06225,0.9830809,0.8435515
real,00017963_005.png,17963,,effusion_0,7.9281826,0.99963963,0.99409264
real,00017963_006.png,17963,,effusion_0,-6.5144615,0.0014796611,0.9644518
real,00018011_003.png,18011,,effusion_0,-4.629936,0.009661133,0.76255983
real,00018011_005.png,18011,,effusion_0,-3.4876423,0.029665897,0.73700327
real,00018011_006.png,18011,,effusion_0,-7.076435,0.00084406626,0.97730327
real,00018011_008.png,18011,,effusion_0,-6.123987,0.0021849233,0.9393321
real,00018065_005.png,18065,,effusion_0,4.9375477,0.992879,0.96481717
real,00018065_006.png,18065,,effusion_0,5.4754353,0.99582905,0.98494375
real,00018065_007.png,18065,,effusion_0,4.493723,0.9889446,0.9558378
real,00018090_000.png,18090,,effusion_0,8.128031,0.9997049,0.9954512
real,00018102_001.png,18102,,effusion_0,6.6251945,0.99867517,0.9859309
real,00018102_002.png,18102,,effusion_0,7.421484,0.99940205,0.9927876
real,00018102_004.png,18102,,effusion_0,6.9616375,0.9990533,0.9865536
real,00018148_001.png,18148,,effusion_0,9.383127,0.99991584,0.99666035
real,00018284_003.png,18284,,effusion_0,6.2051067,0.997985,0.9859117
real,00018284_004.png,18284,,effusion_0,6.215189,0.9980052,0.98931926
real,00018374_000.png,18374,,effusion_0,4.9897003,0.99323833,0.93232465
real,00018463_000.png,18463,,effusion_0,-7.5289936,0.0005369902,0.9858585
real,00018488_005.png,18488,,effusion_0,0.50140953,0.6227905,0.6986234
real,00018521_005.png,18521,,effusion_0,6.4630337,0.99844235,0.9905553
real,00018521_007.png,18521,,effusion_0,6.30616,0.99817836,0.99149513
real,00018521_008.png,18521,,effusion_0,7.285164,0.9993148,0.9948881
real,00018521_009.png,18521,,effusion_0,6.8018093,0.9988895,0.9940209
real,00018521_010.png,18521,,effusion_0,6.969429,0.9990607,0.9927908
real,00018521_011.png,18521,,effusion_0,8.896574,0.99986315,0.9980541
real,00018521_014.png,18521,,effusion_0,6.239731,0.99805343,0.9904567
real,00018521_015.png,18521,,effusion_0,8.793936,0.99984837,0.99809355
real,00018524_002.png,18524,,effusion_0,-3.0181847,0.046611074,0.57117975
real,00018524_003.png,18524,,effusion_0,2.7388992,0.9392833,0.5650848
real,00018524_005.png,18524,,effusion_0,4.414255,0.98804116,0.87757516
real,00018531_000.png,18531,,effusion_0,-7.3771896,0.0006249651,0.98137623
real,00018592_002.png,18592,,effusion_0,5.822733,0.9970493,0.9619009
real,00018592_007.png,18592,,effusion_0,-7.242729,0.0007148454,0.9780965
real,00018626_010.png,18626,,effusion_0,4.1054745,0.98378503,0.87033796
real,00018626_012.png,18626,,effusion_0,8.795128,0.9998485,0.9963472
real,00018626_013.png,18626,,effusion_0,8.000874,0.9996649,0.993889
real,00018626_014.png,18626,,effusion_0,7.524973,0.9994609,0.9921152
real,00018626_017.png,18626,,effusion_0,7.9153614,0.999635,0.9945479
real,00018672_000.png,18672,,effusion_0,-4.406166,0.012054778,0.5975096
real,00018678_000.png,18678,,effusion_0,6.5049934,0.99850625,0.97702503
real,00018964_004.png,18964,,effusion_0,-0.28845787,0.42838144,0.4287128
real,00018964_005.png,18964,,effusion_0,-6.081909,0.0022786085,0.9257066
real,00018964_006.png,18964,,effusion_0,-5.931982,0.0026461969,0.9168082
real,00019125_000.png,19125,,effusion_0,6.7880287,0.998874,0.98595774
real,00019154_000.png,19154,,effusion_0,0.044382095,0.5110937,0.54288954
real,00019154_001.png,19154,,effusion_0,4.8138294,0.9919486,0.9493946
real,00019201_002.png,19201,,effusion_0,-1.8345318,0.13769929,0.43581253
real,00019231_001.png,19231,,effusion_0,-5.922756,0.0026706578,0.8122019
real,00019395_006.png,19395,,effusion_0,6.9041595,0.9989974,0.9839358
real,00019395_012.png,19395,,effusion_0,9.172966,0.99989617,0.9979259
real,00019395_014.png,19395,,effusion_0,8.408644,0.99977714,0.9945186
real,00019395_015.png,19395,,effusion_0,8.334755,0.99976,0.99342114
real,00019395_016.png,19395,,effusion_0,8.883192,0.99986124,0.9962687
real,00019395_017.png,19395,,effusion_0,8.893734,0.9998628,0.9967885
real,00019395_018.png,19395,,effusion_0,8.719105,0.99983656,0.9957141
real,00019395_020.png,19395,,effusion_0,8.493916,0.9997954,0.9952888
real,00019395_021.png,19395,,effusion_0,6.688858,0.9987569,0.98382
real,00019395_022.png,19395,,effusion_0,8.917418,0.999866,0.9972369
real,00019395_023.png,19395,,effusion_0,8.841156,0.9998554,0.9970845
real,00019395_026.png,19395,,effusion_0,8.861967,0.9998584,0.99549514
real,00019406_007.png,19406,,effusion_0,-7.0077343,0.0009040383,0.977293
real,00019409_000.png,19409,,effusion_0,3.4766426,0.9700159,0.8307028
real,00019437_000.png,19437,,effusion_0,5.363535,0.9953375,0.942172
real,00019486_001.png,19486,,effusion_0,-7.290968,0.00068120356,0.97903943
real,00019486_000.png,19486,,effusion_0,-6.9580956,0.0009500025,0.96771455
real,00019592_006.png,19592,,effusion_0,5.039427,0.9935642,0.9559755
real,00019592_007.png,19592,,effusion_0,4.1035023,0.9837535,0.8761354
real,00019592_008.png,19592,,effusion_0,7.009735,0.9990978,0.9870369
real,00019637_004.png,19637,,effusion_0,-1.0635204,0.25663728,0.34147364
real,00019637_008.png,19637,,effusion_0,5.242468,0.99474066,0.9555997
real,00019637_003.png,19637,,effusion_0,1.3517113,0.79440933,0.62526625
real,00019761_000.png,19761,,effusion_0,7.2640266,0.99930024,0.97751874
real,00019863_006.png,19863,,effusion_0,-1.2972507,0.21462809,0.35396796
real,00019863_008.png,19863,,effusion_0,-5.028879,0.006503571,0.72703326
real,00019917_000.png,19917,,effusion_0,6.8127117,0.9989015,0.9899365
real,00019919_016.png,19919,,effusion_0,-2.7337246,0.061012432,0.72460407
real,00019919_017.png,19919,,effusion_0,2.0661907,0.8875734,0.75834805
real,00019919_018.png,19919,,effusion_0,4.8344135,0.9921113,0.9270597
real,00019919_020.png,19919,,effusion_0,1.1348572,0.7567342,0.6112532
real,00019919_021.png,19919,,effusion_0,6.1045647,0.9977723,0.9847602
real,00019919_003.png,19919,,effusion_0,-5.140728,0.005819364,0.88364655
real,00019927_005.png,19927,,effusion_0,-2.668787,0.06484048,0.64312005
real,00019927_007.png,19927,,effusion_0,-2.270752,0.09357441,0.69085205
real,00019927_008.png,19927,,effusion_0,4.989521,0.9932372,0.9456106
real,00019927_009.png,19927,,effusion_0,-5.342003,0.0047634756,0.9265976
real,00019927_010.png,19927,,effusion_0,-2.1232433,0.10685812,0.6813337
real,00019964_000.png,19964,,effusion_0,-1.0668182,0.25600863,0.4529483
real,00020234_000.png,20234,,effusion_0,6.250185,0.9980736,0.9859687
real,00020286_004.png,20286,,effusion_0,0.4548092,0.6117821,0.48632807
real,00020286_003.png,20286,,effusion_0,2.3061504,0.90938514,0.69205946
real,00020286_002.png,20286,,effusion_0,-0.67967606,0.3363336,0.44881606
real,00020286_008.png,20286,,effusion_0,-5.8423843,0.0028935184,0.87982094
real,00020286_009.png,20286,,effusion_0,-4.729721,0.008751666,0.7845222
real,00020286_012.png,20286,,effusion_0,-4.421114,0.01187805,0.7459532
real,00020286_011.png,20286,,effusion_0,-3.029171,0.046125285,0.5721015
real,00020286_014.png,20286,,effusion_0,4.000742,0.9820269,0.8877775
real,00020286_015.png,20286,,effusion_0,6.6463184,0.9987029,0.98920816
real,00020286_028.png,20286,,effusion_0,5.340763,0.9952306,0.95525277
real,00020286_023.png,20286,,effusion_0,5.9640427,0.997437,0.9797798
real,00020286_026.png,20286,,effusion_0,5.172468,0.9943614,0.9502749
real,00020312_018.png,20312,,effusion_0,-5.241247,0.005265775,0.7692969
real,00020318_035.png,20318,,effusion_0,-6.551159,0.0014264215,0.9774128
real,00020318_002.png,20318,,effusion_0,6.5344353,0.9985495,0.98732364
real,00020318_003.png,20318,,effusion_0,5.4874554,0.9958787,0.976768
real,00020318_004.png,20318,,effusion_0,5.5932026,0.9962907,0.97391367
real,00020318_006.png,20318,,effusion_0,1.8536587,0.8645561,0.8776846
real,00020318_008.png,20318,,effusion_0,2.8975773,0.94772655,0.8957007
real,00020318_010.png,20318,,effusion_0,3.8198204,0.97853893,0.9225719
real,00020318_011.png,20318,,effusion_0,2.7311974,0.93884265,0.8868632
real,00020318_012.png,20318,,effusion_0,5.6994705,0.9966634,0.9861726
real,00020318_014.png,20318,,effusion_0,4.8468094,0.9922078,0.9744722
real,00020318_015.png,20318,,effusion_0,5.5310154,0.9960537,0.9817529
real,00020318_017.png,20318,,effusion_0,5.650465,0.9964965,0.9801716
real,00020318_018.png,20318,,effusion_0,5.7596188,0.9968575,0.9755462
real,00020318_019.png,20318,,effusion_0,4.4912014,0.988917,0.9611368
real,00020318_020.png,20318,,effusion_0,6.135578,0.99784017,0.9859846
real,00020318_021.png,20318,,effusion_0,6.703224,0.9987746,0.9931297
real,00020318_022.png,20318,,effusion_0,5.326397,0.99516195,0.98334354
real,00020318_023.png,20318,,effusion_0,4.210537,0.9853785,0.9537025
real,00020382_000.png,20382,,effusion_0,6.953226,0.9990453,0.99044687
real,00020393_003.png,20393,,effusion_0,4.88307,0.9924832,0.96009994
real,00020393_004.png,20393,,effusion_0,-7.3828735,0.0006214251,0.98816127
real,00020399_000.png,20399,,effusion_0,6.0028286,0.9975343,0.9814498
real,00020428_000.png,20428,,effusion_0,-7.0249004,0.0008886657,0.96835876
real,00020485_000.png,20485,,effusion_0,-7.582308,0.00050912495,0.99440837
real,00020629_006.png,20629,,effusion_0,1.9526577,0.8757361,0.6285942
real,00020629_007.png,20629,,effusion_0,-6.346073,0.00175055,0.94044536
real,00020629_008.png,20629,,effusion_0,-2.5424385,0.07293612,0.59355384
real,00020629_011.png,20629,,effusion_0,7.780447,0.99958235,0.995045
real,00020629_012.png,20629,,effusion_0,6.2494087,0.99807215,0.97856665
real,00020629_014.png,20629,,effusion_0,6.8820267,0.99897504,0.98705494
real,00020629_016.png,20629,,effusion_0,-7.2407627,0.00071625144,0.98074037
real,00020642_002.png,20642,,effusion_0,6.157568,0.9978871,0.9763981
real,00020642_003.png,20642,,effusion_0,4.830366,0.9920797,0.93151814
real,00020671_000.png,20671,,effusion_0,6.963249,0.99905485,0.99274594
real,00020671_003.png,20671,,effusion_0,6.8877716,0.9989808,0.99292743
real,00020671_004.png,20671,,effusion_0,7.814312,0.9995963,0.9933215
real,00020671_005.png,20671,,effusion_0,7.303108,0.99932706,0.9927285
real,00020671_006.png,20671,,effusion_0,7.6416283,0.9995202,0.99530995
real,00020671_008.png,20671,,effusion_0,7.6975384,0.99954623,0.9950037
real,00020671_009.png,20671,,effusion_0,7.906685,0.9996319,0.9955244
real,00020671_010.png,20671,,effusion_0,7.9876003,0.9996605,0.9960047
real,00020671_015.png,20671,,effusion_0,6.1849003,0.99794394,0.97711545
real,00020671_016.png,20671,,effusion_0,8.454264,0.99978703,0.9965266
real,00020671_017.png,20671,,effusion_0,7.0494957,0.99913293,0.9870729
real,00020671_018.png,20671,,effusion_0,5.90761,0.9972887,0.9769868
real,00020683_000.png,20683,,effusion_0,6.198761,0.9979722,0.9720222
real,00020683_001.png,20683,,effusion_0,7.713526,0.9995534,0.9931721
real,00020758_001.png,20758,,effusion_0,2.9007778,0.9478849,0.6375978
real,00020810_004.png,20810,,effusion_0,7.5695896,0.9994843,0.99245274
real,00020811_013.png,20811,,effusion_0,-4.5605965,0.010347628,0.8765269
real,00020811_014.png,20811,,effusion_0,-5.355303,0.004700837,0.86293906
real,00020811_004.png,20811,,effusion_0,5.112959,0.9940177,0.96807563
real,00020811_008.png,20811,,effusion_0,8.82712,0.99985325,0.99681646
real,00020819_002.png,20819,,effusion_0,9.18442,0.99989736,0.9975952
real,00020819_006.png,20819,,effusion_0,-6.8778477,0.0010292989,0.96163315
real,00020819_010.png,20819,,effusion_0,2.9182796,0.9487426,0.70755935
real,00020819_012.png,20819,,effusion_0,-0.86613846,0.29605845,0.4615493
real,00020819_013.png,20819,,effusion_0,-2.785223,0.058127943,0.5633029
real,00020819_014.png,20819,,effusion_0,-3.886547,0.020103617,0.64847094
real,00020819_015.png,20819,,effusion_0,4.738123,0.9913209,0.9390844
real,00020819_016.png,20819,,effusion_0,-2.7372494,0.060810804,0.67074275
real,00020869_007.png,20869,,effusion_0,-6.861061,0.0010467048,0.9714837
real,00020880_002.png,20880,,effusion_0,3.8141155,0.9784188,0.71818817
real,00020880_004.png,20880,,effusion_0,2.4554405,0.92095846,0.5902831
real,00020928_001.png,20928,,effusion_0,8.203791,0.9997265,0.9970283
real,00020934_000.png,20934,,effusion_0,-7.2938232,0.0006792626,0.98344994
real,00021023_005.png,21023,,effusion_0,8.399847,0.9997751,0.9948968
real,00021023_007.png,21023,,effusion_0,9.198109,0.9998988,0.997194
real,00021023_020.png,21023,,effusion_0,5.240774,0.9947318,0.9109069
real,00021107_001.png,21107,,effusion_0,-5.0425434,0.0064158747,0.75718766
real,00021107_002.png,21107,,effusion_0,-6.5903263,0.0013717074,0.924167
real,00021200_003.png,21200,,effusion_0,-6.5233192,0.0014666317,0.9701281
real,00021245_002.png,21245,,effusion_0,7.4524117,0.9994203,0.993218
real,00021245_003.png,21245,,effusion_0,7.8097363,0.9995944,0.99488497
real,00021260_005.png,21260,,effusion_0,-7.5681343,0.0005163887,0.9915665
real,00021362_003.png,21362,,effusion_0,8.474367,0.9997913,0.9959763
real,00021362_004.png,21362,,effusion_0,6.479208,0.99846727,0.98476064
real,00021362_005.png,21362,,effusion_0,7.4824505,0.9994374,0.9934381
real,00021398_000.png,21398,,effusion_0,8.397337,0.99977463,0.99623734
real,00021398_001.png,21398,,effusion_0,6.456436,0.9984321,0.9849912
real,00021409_003.png,21409,,effusion_0,6.3962,0.99833494,0.97774935
real,00021409_004.png,21409,,effusion_0,8.118097,0.9997019,0.9961082
real,00021409_005.png,21409,,effusion_0,7.290596,0.9993186,0.99502575
real,00021409_009.png,21409,,effusion_0,7.9988613,0.9996643,0.9924828
real,00021455_000.png,21455,,effusion_0,7.429756,0.99940705,0.99172163
real,00021455_001.png,21455,,effusion_0,4.3516903,0.98727894,0.8993001
real,00021455_005.png,21455,,effusion_0,6.815569,0.9989046,0.98915315
real,00021455_006.png,21455,,effusion_0,8.095034,0.99969506,0.9940809
real,00021455_007.png,21455,,effusion_0,7.592186,0.99949586,0.99185556
real,00021455_009.png,21455,,effusion_0,5.1886883,0.9944516,0.9568128
real,00021495_002.png,21495,,effusion_0,8.586538,0.9998135,0.9937212
real,00021495_006.png,21495,,effusion_0,7.040964,0.99912554,0.98138136
real,00021495_007.png,21495,,effusion_0,6.0191326,0.99757415,0.9440858
real,00021495_008.png,21495,,effusion_0,6.7719307,0.9988558,0.9802071
real,00021648_009.png,21648,,effusion_0,-4.838688,0.007855242,0.89610666
real,00021649_001.png,21649,,effusion_0,-7.42243,0.00059733796,0.98937726
real,00021684_000.png,21684,,effusion_0,4.7589436,0.9914983,0.9168324
real,00021707_003.png,21707,,effusion_0,-5.9386024,0.0026287818,0.9157516
real,00021707_004.png,21707,,effusion_0,-3.4495564,0.030782092,0.5275034
real,00021803_000.png,21803,,effusion_0,1.4368458,0.80796576,0.4897967
real,00021803_001.png,21803,,effusion_0,-6.5665665,0.0014046431,0.9681244
real,00021845_000.png,21845,,effusion_0,-7.352539,0.00064055226,0.9870622
real,00021845_003.png,21845,,effusion_0,-7.241844,0.0007154778,0.9917608
real,00021972_025.png,21972,,effusion_0,7.443947,0.9994154,0.992252
real,00021972_027.png,21972,,effusion_0,7.7414,0.99956566,0.9921076
real,00021972_028.png,21972,,effusion_0,6.9084167,0.9990017,0.98784643
real,00021972_029.png,21972,,effusion_0,5.638836,0.99645567,0.9632788
real,00021972_030.png,21972,,effusion_0,2.6321945,0.932905,0.7025783
real,00021972_032.png,21972,,effusion_0,0.3166561,0.57850915,0.42987183
real,00021972_001.png,21972,,effusion_0,7.997673,0.99966383,0.9937486
real,00021972_003.png,21972,,effusion_0,8.280212,0.9997466,0.9941838
real,00021972_005.png,21972,,effusion_0,7.8698807,0.99961805,0.99315625
real,00021972_007.png,21972,,effusion_0,5.5786686,0.9962366,0.9714066
real,00021972_009.png,21972,,effusion_0,-2.1326962,0.1059593,0.51094115
real,00021972_010.png,21972,,effusion_0,-0.8500042,0.29943198,0.44301957
real,00021976_004.png,21976,,effusion_0,2.0096684,0.88180846,0.7399162
real,00021976_005.png,21976,,effusion_0,-3.8532982,0.02076916,0.666883
real,00021976_006.png,21976,,effusion_0,-0.5740509,0.36030266,0.4359177
real,00021976_007.png,21976,,effusion_0,5.528618,0.9960443,0.9331863
real,00021976_008.png,21976,,effusion_0,4.435898,0.98829424,0.8352464
real,00021976_009.png,21976,,effusion_0,-0.16578674,0.45864803,0.4836117
real,00021976_010.png,21976,,effusion_0,0.07500267,0.51874185,0.32232675
real,00021976_011.png,21976,,effusion_0,-4.0624638,0.016915517,0.5896924
real,00021976_013.png,21976,,effusion_0,-5.0766773,0.0062019066,0.82099205
real,00021976_012.png,21976,,effusion_0,-3.450943,0.030740747,0.5563866
real,00022147_005.png,22147,,effusion_0,-7.0507317,0.0008660238,0.970904
real,00022147_000.png,22147,,effusion_0,-7.3264427,0.00065747724,0.9836932
real,00022155_003.png,22155,,effusion_0,5.8618793,0.99716216,0.9639399
real,00022155_004.png,22155,,effusion_0,5.660246,0.9965305,0.95694953
real,00022155_005.png,22155,,effusion_0,6.474701,0.9984604,0.97462404
real,00022155_008.png,22155,,effusion_0,4.8973045,0.99258864,0.9039411
real,00022155_010.png,22155,,effusion_0,0.9693165,0.7249832,0.5241211
real,00022155_011.png,22155,,effusion_0,3.8242664,0.9786321,0.758707
real,00022155_013.png,22155,,effusion_0,3.7515793,0.97705805,0.7252355
real,00022155_021.png,22155,,effusion_0,6.081938,0.9977215,0.9748705
real,00022175_001.png,22175,,effusion_0,5.0418453,0.9935796,0.8794162
real,00022341_005.png,22341,,effusion_0,-6.3887386,0.0016775556,0.97036916
real,00022574_000.png,22574,,effusion_0,-6.87134,0.0010360122,0.9648245
real,00022651_001.png,22651,,effusion_0,4.7538013,0.99145484,0.8875583
real,00022651_003.png,22651,,effusion_0,6.3004417,0.9981679,0.9774801
real,00022651_004.png,22651,,effusion_0,6.871496,0.9989642,0.9843397
real,00022651_005.png,22651,,effusion_0,5.3266716,0.9951633,0.9327402
real,00022651_006.png,22651,,effusion_0,5.964363,0.99743783,0.9664798
real,00022651_007.png,22651,,effusion_0,6.3888035,0.99832255,0.97958076
real,00022651_008.png,22651,,effusion_0,4.679741,0.99080396,0.8955454
real,00022651_009.png,22651,,effusion_0,4.762106,0.9915249,0.88863194
real,00022651_010.png,22651,,effusion_0,6.1285934,0.99782515,0.97384566
real,00022651_013.png,22651,,effusion_0,3.4254856,0.96849155,0.7777943
real,00022651_015.png,22651,,effusion_0,4.3146152,0.9868047,0.86093456
real,00022651_016.png,22651,,effusion_0,4.668478,0.9907007,0.92086315
real,00022651_017.png,22651,,effusion_0,3.2299118,0.96194446,0.77769023
real,00022651_018.png,22651,,effusion_0,5.5912037,0.99628335,0.9554579
real,00022651_019.png,22651,,effusion_0,3.2884674,0.9640311,0.73343056
real,00022651_023.png,22651,,effusion_0,2.9782143,0.9515801,0.7690686
real,00022677_002.png,22677,,effusion_0,-7.2746353,0.000692413,0.98898184
real,00022716_000.png,22716,,effusion_0,4.9190636,0.992747,0.93399596
real,00022789_000.png,22789,,effusion_0,-5.1370926,0.0058404338,0.88670766
real,00022789_001.png,22789,,effusion_0,-7.1092834,0.00081681286,0.986477
real,00022818_000.png,22818,,effusion_0,-7.1466637,0.0007868674,0.97959393
real,00022883_002.png,22883,,effusion_0,6.6492004,0.9987066,0.9804002
real,00022883_011.png,22883,,effusion_0,6.5149097,0.99852103,0.9760336
real,00022883_012.png,22883,,effusion_0,6.7515907,0.9988324,0.98599976
real,00023073_008.png,23073,,effusion_0,-3.4564686,0.030576535,0.82674015
real,00023093_007.png,23093,,effusion_0,7.7271347,0.99955946,0.9891187
real,00023093_009.png,23093,,effusion_0,-6.2697983,0.0018890351,0.9179628
real,00023093_011.png,23093,,effusion_0,-6.9616165,0.0009466666,0.97226447
real,00023093_012.png,23093,,effusion_0,-6.905897,0.0010008572,0.97005653
real,00023093_017.png,23093,,effusion_0,-6.3874645,0.0016796907,0.9385325
real,00023097_000.png,23097,,effusion_0,9.46422,0.9999224,0.99818534
real,00023097_001.png,23097,,effusion_0,8.941734,0.9998692,0.99757236
real,00023097_002.png,23097,,effusion_0,9.387905,0.9999163,0.99823934
real,00023097_007.png,23097,,effusion_0,9.322123,0.9999106,0.9976945
real,00023156_002.png,23156,,effusion_0,5.3221016,0.99514127,0.951477
real,00023156_004.png,23156,,effusion_0,5.9939117,0.99751234,0.9869906
real,00023156_005.png,23156,,effusion_0,0.3155613,0.5782421,0.49724412
real,00023156_010.png,23156,,effusion_0,3.7750492,0.9775783,0.7664247
real,00023156_013.png,23156,,effusion_0,6.649826,0.9987074,0.9851642
real,00023156_014.png,23156,,effusion_0,6.946739,0.9990392,0.9901866
real,00023156_020.png,23156,,effusion_0,6.2824306,0.9981346,0.98896486
real,00023156_021.png,23156,,effusion_0,6.0776615,0.99771166,0.98189706
real,00023156_022.png,23156,,effusion_0,6.6076984,0.9986519,0.9861522
real,00023176_017.png,23176,,effusion_0,7.4000454,0.9993892,0.99245214
real,00023196_003.png,23196,,effusion_0,5.6068325,0.9963407,0.9372069
real,00023319_000.png,23319,,effusion_0,-7.275202,0.0006920211,0.9863759
real,00023325_013.png,23325,,effusion_0,3.1993675,0.96081054,0.6718244
real,00023325_014.png,23325,,effusion_0,5.13686,0.99415827,0.94992787
real,00024073_000.png,24073,,effusion_0,-6.330555,0.0017778786,0.8659757
real,00024116_001.png,24116,,effusion_0,-7.159622,0.0007767444,0.9769757
real,00024264_000.png,24264,,effusion_0,-7.2615833,0.00070150325,0.98782367
real,00024692_001.png,24692,,effusion_0,-7.370777,0.000628983,0.9866726
real,00024749_000.png,24749,,effusion_0,-6.984955,0.0009248489,0.9776176
real,00025252_000.png,25252,,effusion_0,9.471323,0.999923,0.997821
real,00025252_001.png,25252,,effusion_0,9.16604,0.99989545,0.99764025
real,00025261_000.png,25261,,effusion_0,7.4263973,0.999405,0.99239516
real,00025261_001.png,25261,,effusion_0,8.444033,0.9997849,0.9954072
real,00025261_002.png,25261,,effusion_0,9.049971,0.9998826,0.99703974
real,00025261_004.png,25261,,effusion_0,8.290028,0.999749,0.99370044
real,00025290_032.png,25290,,effusion_0,-6.9450645,0.0009624509,0.96439743
real,00025416_001.png,25416,,effusion_0,-6.8090534,0.0011025203,0.9784739
real,00025517_000.png,25517,,effusion_0,3.7457085,0.976926,0.8023871
real,00025527_009.png,25527,,effusion_0,5.6033535,0.99632806,0.9697206
real,00025635_000.png,25635,,effusion_0,5.6766644,0.9965867,0.97277176
real,00025635_001.png,25635,,effusion_0,6.60548,0.99864894,0.98834914
real,00025635_008.png,25635,,effusion_0,7.1187572,0.99919087,0.9914135
real,00025688_001.png,25688,,effusion_0,4.927965,0.9928108,0.91638625
real,00025688_002.png,25688,,effusion_0,-7.2257805,0.0007270555,0.9887418
real,00025696_000.png,25696,,effusion_0,0.5419445,0.6322647,0.6021702
real,00025696_001.png,25696,,effusion_0,2.2669048,0.9060988,0.7982903
real,00025707_008.png,25707,,effusion_0,8.520321,0.99980074,0.99481994
real,00025707_010.png,25707,,effusion_0,8.37578,0.9997696,0.9959026
real,00025707_013.png,25707,,effusion_0,6.748869,0.9988292,0.9865906
real,00025784_000.png,25784,,effusion_0,-4.8023434,0.0081436215,0.6902374
real,00025784_001.png,25784,,effusion_0,-6.188072,0.0020495728,0.8846096
real,00025832_007.png,25832,,effusion_0,-4.9821167,0.0068127946,0.85691464
real,00025924_003.png,25924,,effusion_0,-5.712948,0.0032920483,0.93634886
real,00025924_006.png,25924,,effusion_0,-6.466095,0.0015528721,0.9811936
real,00025924_016.png,25924,,effusion_0,0.5447178,0.63290924,0.56851
real,00025924_025.png,25924,,effusion_0,7.125349,0.99919623,0.9914905
real,00025924_026.png,25924,,effusion_0,6.236128,0.9980464,0.98934704
real,00025924_027.png,25924,,effusion_0,3.712904,0.97617495,0.9078518
real,00026657_000.png,26657,,effusion_0,9.015194,0.9998784,0.99806035
real,00026715_002.png,26715,,effusion_0,7.112049,0.9991854,0.9889339
real,00026715_003.png,26715,,effusion_0,7.2085285,0.99926025,0.9912693
real,00026715_004.png,26715,,effusion_0,6.8149834,0.998904,0.9872292
real,00026738_005.png,26738,,effusion_0,-6.680214,0.001253935,0.9686707
real,00026751_000.png,26751,,effusion_0,-6.549858,0.0014282756,0.9470504
real,00026815_000.png,26815,,effusion_0,-7.267212,0.0006975686,0.98051083
real,00026815_002.png,26815,,effusion_0,-7.403879,0.0006085157,0.98829436
real,00026889_000.png,26889,,effusion_0,4.101549,0.9837224,0.91799337
real,00026889_001.png,26889,,effusion_0,7.0747204,0.99915445,0.99261045
real,00026889_002.png,26889,,effusion_0,7.6659164,0.99953175,0.9918844
real,00026911_006.png,26911,,effusion_0,6.0830917,0.9977241,0.9863133
real,00026912_000.png,26912,,effusion_0,-6.781767,0.001132984,0.964953
real,00026913_000.png,26913,,effusion_0,-6.890028,0.0010168504,0.97132707
real,00026967_002.png,26967,,effusion_0,7.526722,0.9994618,0.99138135
real,00026999_000.png,26999,,effusion_0,4.627905,0.9903195,0.9208293
real,00027011_000.png,27011,,effusion_0,-6.397526,0.0016629037,0.91035825
real,00027061_001.png,27061,,effusion_0,-4.2549057,0.013995768,0.7925928
real,00027092_004.png,27092,,effusion_0,-2.0046139,0.11871934,0.5930805
real,00027092_005.png,27092,,effusion_0,5.829508,0.99706906,0.96360064
real,00027092_006.png,27092,,effusion_0,-5.539812,0.0039119017,0.88608474
real,00027142_008.png,27142,,effusion_0,-5.800047,0.0030182751,0.8765769
real,00027142_009.png,27142,,effusion_0,-0.70700836,0.33026025,0.32157454
real,00027306_000.png,27306,,effusion_0,-7.0554733,0.00086193084,0.965929
real,00027389_002.png,27389,,effusion_0,-6.4266605,0.0016152314,0.9184369
real,00027389_003.png,27389,,effusion_0,-6.371702,0.0017063307,0.9119389
real,00027420_002.png,27420,,effusion_0,6.2563076,0.9980854,0.9839657
real,00027420_003.png,27420,,effusion_0,-6.963827,0.0009445781,0.9831382
real,00027422_003.png,27422,,effusion_0,7.786278,0.99958473,0.99482423
real,00027441_025.png,27441,,effusion_0,8.351797,0.99976414,0.9922116
real,00027474_005.png,27474,,effusion_0,7.361204,0.99936503,0.990194
real,00027474_007.png,27474,,effusion_0,7.1186466,0.99919075,0.99382114
real,00027474_008.png,27474,,effusion_0,5.9568405,0.99741864,0.9795149
real,00027474_009.png,27474,,effusion_0,6.0294876,0.99759907,0.9732014
real,00027485_001.png,27485,,effusion_0,4.3606052,0.9873904,0.9018796
real,00027514_008.png,27514,,effusion_0,-7.3054466,0.00067141827,0.9874823
real,00027618_006.png,27618,,effusion_0,-4.984745,0.006795034,0.87884396
real,00027618_008.png,27618,,effusion_0,-5.676836,0.00341269,0.8810747
real,00027618_009.png,27618,,effusion_0,-4.7039356,0.008978212,0.834354
real,00027815_001.png,27815,,effusion_0,5.079241,0.9938139,0.96208775
real,00027907_001.png,27907,,effusion_0,-6.254463,0.001918171,0.95179564
real,00028013_004.png,28013,,effusion_0,3.2092075,0.9611793,0.7778506
real,00028013_005.png,28013,,effusion_0,6.9478016,0.9990402,0.9851064
real,00028013_006.png,28013,,effusion_0,6.649273,0.9987067,0.9854001
real,00028013_010.png,28013,,effusion_0,-3.2534256,0.03720399,0.6436575
real,00028013_011.png,28013,,effusion_0,5.254328,0.99480236,0.9465017
real,00028013_013.png,28013,,effusion_0,6.5115604,0.998516,0.9803404
real,00028018_000.png,28018,,effusion_0,-7.2719784,0.0006942539,0.98855245
real,00028027_000.png,28027,,effusion_0,-6.2741947,0.0018807639,0.9445632
real,00028027_003.png,28027,,effusion_0,6.7087383,0.99878126,0.988283
real,00028027_004.png,28027,,effusion_0,9.534496,0.99992764,0.9978293
real,00028036_000.png,28036,,effusion_0,9.098669,0.9998882,0.9972258
real,00028105_000.png,28105,,effusion_0,-7.1986866,0.00074700854,0.9906445
real,00028148_005.png,28148,,effusion_0,1.5265255,0.8214974,0.551073
real,00028148_006.png,28148,,effusion_0,2.1692867,0.8974573,0.47943345
real,00028148_008.png,28148,,effusion_0,3.5994072,0.97338766,0.7239477
real,00028148_010.png,28148,,effusion_0,3.3644428,0.9665746,0.7244795
real,00028148_013.png,28148,,effusion_0,-4.6265354,0.009693726,0.8019316
real,00028148_014.png,28148,,effusion_0,-2.530058,0.07377769,0.63043183
real,00028148_011.png,28148,,effusion_0,-3.636036,0.025679786,0.7983343
real,00028148_012.png,28148,,effusion_0,-2.882679,0.053016476,0.6328353
real,00028148_017.png,28148,,effusion_0,-2.5499458,0.07243013,0.7316865
real,00028256_003.png,28256,,effusion_0,-1.9568596,0.12380731,0.5982416
real,00028256_001.png,28256,,effusion_0,5.627943,0.9964169,0.9826411
real,00028256_004.png,28256,,effusion_0,1.3724556,0.7977766,0.5832969
real,00028256_005.png,28256,,effusion_0,-6.3430023,0.0017559245,0.95188737
real,00028274_000.png,28274,,effusion_0,9.051329,0.9998828,0.9983964
real,00028392_001.png,28392,,effusion_0,8.22481,0.9997321,0.99594206
real,00028392_004.png,28392,,effusion_0,7.9804344,0.999658,0.9952827
real,00028392_005.png,28392,,effusion_0,0.49654388,0.62164676,0.3615369
real,00028412_000.png,28412,,effusion_0,-7.1128025,0.0008139457,0.985023
real,00028558_000.png,28558,,effusion_0,-6.390583,0.0016744694,0.97044003
real,00028625_000.png,28625,,effusion_0,8.81563,0.9998516,0.99659467
real,00028628_006.png,28628,,effusion_0,9.44787,0.9999211,0.99773383
real,00028628_007.png,28628,,effusion_0,9.397636,0.99991703,0.997221
real,00028628_008.png,28628,,effusion_0,9.422445,0.99991906,0.9980423
real,00028628_009.png,28628,,effusion_0,9.575079,0.9999306,0.99790174
real,00028628_010.png,28628,,effusion_0,8.77891,0.9998461,0.9948151
real,00028628_016.png,28628,,effusion_0,8.965225,0.9998722,0.99672055
real,00028628_017.png,28628,,effusion_0,9.442484,0.9999207,0.99698335
real,00028628_022.png,28628,,effusion_0,9.219202,0.99990094,0.996859
real,00028703_000.png,28703,,effusion_0,-6.297207,0.0018380561,0.9654057
real,00028764_004.png,28764,,effusion_0,-7.392145,0.0006156937,0.99312043
real,00028766_000.png,28766,,effusion_0,-7.35334,0.0006400397,0.9914512
real,00028772_000.png,28772,,effusion_0,-6.7999325,0.001112611,0.9836529
real,00028811_000.png,28811,,effusion_0,7.4763336,0.99943393,0.99498945
real,00028811_001.png,28811,,effusion_0,9.017637,0.99987876,0.997799
real,00028811_002.png,28811,,effusion_0,8.955811,0.999871,0.99811786
real,00028811_006.png,28811,,effusion_0,9.4052105,0.99991775,0.9985547
real,00028811_007.png,28811,,effusion_0,8.8426075,0.9998555,0.99811107
real,00028882_005.png,28882,,effusion_0,-5.848366,0.0028763122,0.9231155
real,00028897_002.png,28897,,effusion_0,4.7015133,0.99100024,0.9452557
real,00028897_003.png,28897,,effusion_0,5.56102,0.99616987,0.98098505
real,00028897_011.png,28897,,effusion_0,8.206688,0.9997272,0.9962253
real,00028897_012.png,28897,,effusion_0,8.917152,0.9998659,0.99706054
real,00028897_013.png,28897,,effusion_0,8.271627,0.99974436,0.99629956
real,00028897_015.png,28897,,effusion_0,7.0522366,0.9991353,0.98879915
real,00028897_016.png,28897,,effusion_0,7.4492836,0.9994185,0.9929342
real,00028897_018.png,28897,,effusion_0,6.4332294,0.99839526,0.97756636
real,00028897_019.png,28897,,effusion_0,6.726427,0.99880266,0.98072153
real,00028934_001.png,28934,,effusion_0,4.5742455,0.9897912,0.9054104
real,00029021_000.png,29021,,effusion_0,-6.3984833,0.0016613149,0.96069825
real,00029022_000.png,29022,,effusion_0,-4.539665,0.010564187,0.7266697
real,00029031_000.png,29031,,effusion_0,-7.4606724,0.00057493855,0.9920324
real,00029058_004.png,29058,,effusion_0,0.9562912,0.7223786,0.5150556
real,00029105_001.png,29105,,effusion_0,-0.047677994,0.48808277,0.4929677
real,00029105_002.png,29105,,effusion_0,-0.9480572,0.2792757,0.5689321
real,00029105_007.png,29105,,effusion_0,-3.4738655,0.03006505,0.6974528
real,00029105_009.png,29105,,effusion_0,-3.111824,0.04262215,0.59538144
real,00029105_010.png,29105,,effusion_0,-2.0031452,0.1188731,0.5020819
real,00029105_011.png,29105,,effusion_0,-2.824747,0.056001447,0.5190278
real,00029105_014.png,29105,,effusion_0,-5.093088,0.0061015747,0.78348005
real,00029105_015.png,29105,,effusion_0,-4.57094,0.010242239,0.74678123
real,00029225_000.png,29225,,effusion_0,-6.618229,0.0013340126,0.97848785
real,00029297_000.png,29297,,effusion_0,-6.980776,0.00092871836,0.986385
real,00029297_003.png,29297,,effusion_0,4.542238,0.9894627,0.91693234
real,00029297_004.png,29297,,effusion_0,5.136902,0.9941585,0.9288984
real,00029297_005.png,29297,,effusion_0,1.1100063,0.75213027,0.5516959
real,00029459_002.png,29459,,effusion_0,0.96720886,0.7245628,0.57725996
real,00029459_004.png,29459,,effusion_0,0.7633133,0.68207264,0.57032144
real,00029500_000.png,29500,,effusion_0,7.7386723,0.9995646,0.9931033
real,00029510_000.png,29510,,effusion_0,-7.238941,0.0007175564,0.98611456
real,00029551_000.png,29551,,effusion_0,9.205086,0.9998995,0.997675
real,00029551_003.png,29551,,effusion_0,8.1297,0.9997054,0.99486846
real,00029551_004.png,29551,,effusion_0,7.8890095,0.9996253,0.9938435
real,00029551_005.png,29551,,effusion_0,3.1126785,0.9574127,0.7449969
real,00029552_000.png,29552,,effusion_0,-7.2158546,0.00073430274,0.986802
real,00029579_000.png,29579,,effusion_0,5.570524,0.9962059,0.9701633
real,00029579_004.png,29579,,effusion_0,5.481428,0.9958539,0.95961434
real,00029579_005.png,29579,,effusion_0,4.024935,0.98244894,0.8605951
real,00029579_009.png,29579,,effusion_0,0.45017624,0.6106811,0.45508122
real,00029579_014.png,29579,,effusion_0,4.935728,0.99286604,0.9191023
real,00029579_012.png,29579,,effusion_0,6.1580734,0.99788815,0.98363024
real,00029579_015.png,29579,,effusion_0,7.1580963,0.99922204,0.993017
real,00029631_004.png,29631,,effusion_0,4.062807,0.98309016,0.8963341
real,00029631_006.png,29631,,effusion_0,-2.9210625,0.05112214,0.5730112
real,00029631_007.png,29631,,effusion_0,0.05898285,0.5147414,0.48019674
real,00029631_012.png,29631,,effusion_0,5.021803,0.9934505,0.94996256
real,00029631_013.png,29631,,effusion_0,7.3332233,0.9993469,0.9912741
real,00029747_002.png,29747,,effusion_0,4.0409603,0.9827231,0.8867227
real,00029756_000.png,29756,,effusion_0,5.887081,0.9972326,0.9840552
real,00029794_000.png,29794,,effusion_0,-6.9126263,0.0009941516,0.98591006
real,00029821_013.png,29821,,effusion_0,3.6234322,0.9740029,0.76863617
real,00029821_014.png,29821,,effusion_0,-3.4313545,0.0313298,0.57268095
real,00029839_008.png,29839,,effusion_0,3.0822735,0.95615554,0.85110825
real,00029839_009.png,29839,,effusion_0,-7.0748043,0.0008454427,0.9901994
real,00029943_002.png,29943,,effusion_0,-6.5060196,0.0014921863,0.958024
real,00029943_004.png,29943,,effusion_0,-6.3776245,0.0016962722,0.95978856
real,00029943_005.png,29943,,effusion_0,-4.9132004,0.007295318,0.86218894
real,00029943_007.png,29943,,effusion_0,-6.329054,0.0017805446,0.94961613
real,00029943_006.png,29943,,effusion_0,-5.3534374,0.0047095725,0.93396163
real,00029943_008.png,29943,,effusion_0,-5.446419,0.0042932075,0.9465553
real,00029981_004.png,29981,,effusion_0,-3.6738663,0.02475005,0.6434917
real,00029981_007.png,29981,,effusion_0,-0.8368702,0.30219436,0.39422178
real,00030059_009.png,30059,,effusion_0,8.943724,0.99986947,0.99818575
real,00030059_011.png,30059,,effusion_0,9.046568,0.9998822,0.998273
real,00030070_000.png,30070,,effusion_0,3.460516,0.9695432,0.9122356
real,00030153_004.png,30153,,effusion_0,5.376074,0.99539536,0.9804112
real,00030162_023.png,30162,,effusion_0,6.5709534,0.9986015,0.9839268
real,00030183_004.png,30183,,effusion_0,4.2545547,0.9859994,0.91033846
real,00030183_005.png,30183,,effusion_0,4.7117786,0.9910913,0.93249434
real,00030183_006.png,30183,,effusion_0,2.4750175,0.9223718,0.70129603
real,00030196_001.png,30196,,effusion_0,9.028208,0.9998801,0.9981955
real,00030196_002.png,30196,,effusion_0,8.482445,0.999793,0.9962316
real,00030207_000.png,30207,,effusion_0,-5.8973484,0.0027391945,0.9370773
real,00030276_000.png,30276,,effusion_0,-7.215437,0.0007346093,0.98925805
real,00030389_005.png,30389,,effusion_0,1.762537,0.8535271,0.5003162
real,00030389_006.png,30389,,effusion_0,0.10877037,0.5271658,0.33549353
real,00030389_007.png,30389,,effusion_0,-0.20229149,0.44959888,0.34415963
real,00030389_008.png,30389,,effusion_0,2.5779018,0.9294257,0.6964584
real,00030389_009.png,30389,,effusion_0,5.1366196,0.99415684,0.924174
real,00030389_010.png,30389,,effusion_0,4.9581127,0.9930228,0.9087238
real,00030389_011.png,30389,,effusion_0,6.5790596,0.99861276,0.97710705
real,00030389_012.png,30389,,effusion_0,8.150221,0.99971133,0.994695
real,00030389_013.png,30389,,effusion_0,8.719105,0.99983656,0.9972261
real,00030436_000.png,30436,,effusion_0,-0.71232224,0.32908592,0.65035963
real,00030490_000.png,30490,,effusion_0,-7.3654194,0.0006323599,0.9918245
real,00030541_005.png,30541,,effusion_0,1.2153263,0.77124,0.49124312
real,00030561_005.png,30561,,effusion_0,-4.687975,0.0091213435,0.78649986
real,00030561_006.png,30561,,effusion_0,-3.4716892,0.030128581,0.7554321
real,00030561_007.png,30561,,effusion_0,-0.7120762,0.32914025,0.53770286
real,00030561_010.png,30561,,effusion_0,-3.1262188,0.042038616,0.68210757
real,00030561_011.png,30561,,effusion_0,-3.0914288,0.043462202,0.66703343
real,00030561_013.png,30561,,effusion_0,-0.43376923,0.39322665,0.57870525
real,00030561_014.png,30561,,effusion_0,5.435793,0.9956611,0.9722963
real,00030561_017.png,30561,,effusion_0,2.70051,0.9370568,0.7695585
real,00030561_018.png,30561,,effusion_0,4.5926933,0.989976,0.932003
real,00030632_000.png,30632,,effusion_0,-7.3898087,0.000617133,0.9932496
real,00030650_000.png,30650,,effusion_0,5.51923,0.99600714,0.9653373
real,00030650_001.png,30650,,effusion_0,8.277016,0.9997458,0.9943017
real,00030650_002.png,30650,,effusion_0,8.666801,0.99982774,0.9951671
real,00030650_003.png,30650,,effusion_0,7.1161957,0.99918884,0.9897249
real,00030650_007.png,30650,,effusion_0,8.400467,0.99977535,0.99573874
real,00030650_008.png,30650,,effusion_0,8.360992,0.9997663,0.9953521
real,00030650_009.png,30650,,effusion_0,7.8830414,0.99962306,0.99525565
real,00030659_000.png,30659,,effusion_0,-4.704092,0.008976822,0.73540497
real,00030668_000.png,30668,,effusion_0,1.4616089,0.81177866,0.57442254
real,00002793_006.png,2793,,effusion_0,-7.641159,0.0004800409,0.9917283
real,00014954_000.png,14954,,effusion_0,-7.2337704,0.0007212737,0.9818213
real,00026982_005.png,26982,,effusion_0,-7.117399,0.00081021595,0.988748
real,00014719_000.png,14719,,effusion_0,-7.361513,0.00063483324,0.9855373
real,00003321_001.png,3321,,effusion_0,-6.369871,0.0017094527,0.95343405
real,00001430_001.png,1430,,effusion_0,-6.669819,0.001267021,0.9503947
real,00012460_000.png,12460,,effusion_0,-6.2583923,0.0019106632,0.9651338
real,00008806_003.png,8806,,effusion_0,-6.877075,0.0010300934,0.96924067
real,00010931_003.png,10931,,effusion_0,-7.237362,0.00071868976,0.98896766
real,00026815_001.png,26815,,effusion_0,-7.0327015,0.00088176614,0.96225685
real,00028980_001.png,28980,,effusion_0,8.191608,0.99972314,0.99363756
real,00019376_000.png,19376,,effusion_0,-7.449772,0.00058123627,0.99055374
real,00020318_024.png,20318,,effusion_0,7.6859837,0.99954104,0.9968642
real,00004909_001.png,4909,,effusion_0,-6.382612,0.001687847,0.9421464
real,00000582_000.png,582,,effusion_0,-7.5407715,0.000530706,0.9910563
real,00006576_000.png,6576,,effusion_0,-7.240656,0.0007163279,0.9797765
real,00022712_000.png,22712,,effusion_0,-7.7347736,0.00043716014,0.99429715
real,00018361_000.png,18361,,effusion_0,-7.160179,0.00077631226,0.9885263
real,00011380_001.png,11380,,effusion_0,-6.707487,0.0012202396,0.9690144
real,00009306_000.png,9306,,effusion_0,-7.629059,0.00048588196,0.9916587
real,00029058_000.png,29058,,effusion_0,-6.8932,0.0010136332,0.98274845
real,00011611_000.png,11611,,effusion_0,-7.094082,0.00082931406,0.98382
real,00024476_000.png,24476,,effusion_0,-7.448248,0.0005821222,0.9919222
real,00012478_000.png,12478,,effusion_0,-7.424,0.0005964016,0.98615736
real,00010673_000.png,10673,,effusion_0,-6.0863667,0.0022684971,0.9396318
real,00010933_000.png,10933,,effusion_0,-7.5694256,0.00051572267,0.9916238
real,00007431_000.png,7431,,effusion_0,-7.0878468,0.0008344968,0.98490244
real,00028628_005.png,28628,,effusion_0,9.01619,0.9998785,0.9971694
real,00002736_000.png,2736,,effusion_0,-6.769993,0.0011463872,0.98216224
real,00026148_002.png,26148,,effusion_0,-7.3547287,0.0006391522,0.9943901
real,00021716_004.png,21716,,effusion_0,-6.3303165,0.0017783019,0.9327436
real,00005364_000.png,5364,,effusion_0,-7.524805,0.00053924293,0.9894125
real,00008623_002.png,8623,,effusion_0,-7.7082596,0.00044890083,0.99216545
real,00015553_003.png,15553,,effusion_0,-7.2588177,0.00070344465,0.9938799
real,00015552_000.png,15552,,effusion_0,0.9230881,0.71567094,0.5339715
real,00004158_000.png,4158,,effusion_0,-7.7053013,0.00045023017,0.9912859
real,00008802_002.png,8802,,effusion_0,0.13546944,0.5338157,0.2952239
real,00004699_000.png,4699,,effusion_0,-7.198778,0.00074694026,0.98479545
real,00015795_002.png,15795,,effusion_0,-7.3221283,0.0006603181,0.98390985
real,00014429_018.png,14429,,effusion_0,-6.9303493,0.0009767044,0.96848434
real,00010920_003.png,10920,,effusion_0,-7.09696,0.00082693266,0.98997647
real,00006490_001.png,6490,,effusion_0,-6.90641,0.0010003443,0.981706
real,00020060_005.png,20060,,effusion_0,-5.591978,0.0037138031,0.86352783
real,00013970_000.png,13970,,effusion_0,-7.1259823,0.00080329715,0.9836317
real,00012352_000.png,12352,,effusion_0,-7.5152397,0.0005444229,0.9919378
real,00001199_006.png,1199,,effusion_0,4.4308243,0.98823535,0.88745123
real,00019771_000.png,19771,,effusion_0,-6.5480003,0.0014309278,0.9645093
real,00000304_000.png,304,,effusion_0,-7.0363503,0.00087855745,0.98214
real,00028287_000.png,28287,,effusion_0,-7.4418125,0.0005858783,0.98566246
real,00015000_007.png,15000,,effusion_0,-7.444168,0.0005845006,0.9903027
real,00018476_000.png,18476,,effusion_0,-7.6215496,0.0004895425,0.98578185
real,00027035_000.png,27035,,effusion_0,-7.4756756,0.00056638184,0.98893005
real,00002228_000.png,2228,,effusion_0,-7.1694775,0.00076913275,0.9889857
real,00019640_000.png,19640,,effusion_0,-7.271658,0.00069447624,0.9827352
real,00010175_000.png,10175,,effusion_0,-7.28459,0.0006855593,0.9846232
real,00003940_006.png,3940,,effusion_0,-7.524311,0.00053950923,0.99113536
real,00014387_006.png,14387,,effusion_0,-1.9625874,0.1231873,0.44147068
real,00021375_002.png,21375,,effusion_0,-7.1290455,0.0008008421,0.9806103
real,00001230_006.png,1230,,effusion_0,-7.40012,0.0006108062,0.9785052
real,00012772_003.png,12772,,effusion_0,-7.2292595,0.0007245322,0.98743135
real,00026354_001.png,26354,,effusion_0,-6.972986,0.0009359742,0.9736074
real,00028962_000.png,28962,,effusion_0,-6.8982754,0.0010085069,0.9717986
real,00007876_000.png,7876,,effusion_0,-7.688879,0.0004576816,0.99300283
real,00006921_000.png,6921,,effusion_0,-7.5825844,0.00050898426,0.9877015
real,00008576_000.png,8576,,effusion_0,-7.0059643,0.0009056385,0.9819943
real,00021871_000.png,21871,,effusion_0,-6.3296967,0.0017794025,0.9644905
real,00019774_008.png,19774,,effusion_0,-6.228384,0.0019687535,0.93751127
real,00026911_003.png,26911,,effusion_0,2.2421627,0.9039724,0.6720931
real,00009761_000.png,9761,,effusion_0,-6.4981575,0.0015039466,0.9583173
real,00005511_000.png,5511,,effusion_0,-7.4419956,0.0005857711,0.9919752
real,00000517_004.png,517,,effusion_0,-7.0154247,0.0008971188,0.9650341
real,00027025_000.png,27025,,effusion_0,-7.3664303,0.00063172134,0.98742086
real,00009061_001.png,9061,,effusion_0,-7.430685,0.00059243006,0.9886188
real,00006851_029.png,6851,,effusion_0,-5.0811977,0.006174107,0.8689704
real,00020193_000.png,20193,,effusion_0,-7.412237,0.00060345395,0.98737687
real,00029105_019.png,29105,,effusion_0,-4.7073784,0.008947632,0.7867663
real,00018284_013.png,18284,,effusion_0,7.7032948,0.99954885,0.9949125
real,00016990_001.png,16990,,effusion_0,-7.3497047,0.0006423692,0.9914262
real,00001563_000.png,1563,,effusion_0,-7.59182,0.00050430757,0.9877733
real,00010465_001.png,10465,,effusion_0,-7.256876,0.0007048109,0.9883974
real,00020568_000.png,20568,,effusion_0,-6.4898186,0.0015165213,0.97361493
real,00022920_000.png,22920,,effusion_0,-7.3129597,0.00066639617,0.9881522
real,00016907_000.png,16907,,effusion_0,-7.42667,0.00059481204,0.98488635
real,00005401_001.png,5401,,effusion_0,-7.6591034,0.00047150775,0.98981816
real,00004734_001.png,4734,,effusion_0,-5.902399,0.0027254322,0.90519905
real,00002793_001.png,2793,,effusion_0,-7.321085,0.00066100695,0.9889122
real,00030153_002.png,30153,,effusion_0,-7.2716293,0.0006944961,0.98786557
real,00023937_000.png,23937,,effusion_0,-7.0328217,0.0008816603,0.9864416
real,00029879_001.png,29879,,effusion_0,-7.448263,0.0005821133,0.9922953
real,00009907_001.png,9907,,effusion_0,-7.6802635,0.00046163998,0.9923558
real,00007088_000.png,7088,,effusion_0,-5.812994,0.002979565,0.9415671
real,00017618_001.png,17618,,effusion_0,-7.2436714,0.0007141726,0.9701806
real,00026342_000.png,26342,,effusion_0,-7.390732,0.00061656395,0.9916502
real,00006936_006.png,6936,,effusion_0,-7.459671,0.00057551416,0.9880971
real,00019503_000.png,19503,,effusion_0,-7.3353157,0.0006516731,0.9894062
real,00021239_001.png,21239,,effusion_0,-7.706417,0.00044972825,0.9917044
real,00015762_000.png,15762,,effusion_0,-7.612997,0.0004937452,0.9924335
real,00012129_000.png,12129,,effusion_0,-7.3688755,0.0006301795,0.98804975
real,00007589_000.png,7589,,effusion_0,-7.5306168,0.00053611974,0.99409527
real,00011310_000.png,11310,,effusion_0,-6.950182,0.0009575429,0.9553203
real,00011029_001.png,11029,,effusion_0,-7.631094,0.00048489458,0.9949084
real,00017824_000.png,17824,,effusion_0,-7.0417786,0.0008738055,0.97335565
real,00003013_002.png,3013,,effusion_0,-6.7858887,0.0011283288,0.9733595
real,00013541_000.png,13541,,effusion_0,-6.1896286,0.0020463918,0.9413512
real,00010905_017.png,10905,,effusion_0,-6.859236,0.0010486151,0.9659664
real,00012784_000.png,12784,,effusion_0,-7.048979,0.00086754194,0.9835563
real,00023943_000.png,23943,,effusion_0,-7.6391315,0.00048101478,0.99420273
real,00001470_001.png,1470,,effusion_0,4.2855034,0.9864203,0.9412944
real,00016417_005.png,16417,,effusion_0,6.980322,0.9990709,0.9849521
real,00017014_000.png,17014,,effusion_0,-7.2895927,0.00068214035,0.9812513
real,00001223_001.png,1223,,effusion_0,-6.520151,0.0014712786,0.9737718
real,00022677_003.png,22677,,effusion_0,-7.463295,0.0005734335,0.9889574
real,00026292_004.png,26292,,effusion_0,-5.95043,0.0025979534,0.86374557
real,00007113_000.png,7113,,effusion_0,-7.152605,0.00078220986,0.9914534
real,00021976_001.png,21976,,effusion_0,-7.3596134,0.00063603965,0.9844192
real,00017729_006.png,17729,,effusion_0,-7.5089035,0.00054788153,0.9929468
real,00015149_000.png,15149,,effusion_0,-6.947363,0.0009602436,0.9685888
real,00029340_001.png,29340,,effusion_0,-7.2608395,0.0007020249,0.9922382
real,00011985_000.png,11985,,effusion_0,-7.4348145,0.0005899902,0.9866772
real,00025037_000.png,25037,,effusion_0,-7.43272,0.0005912264,0.99184996
real,00009757_000.png,9757,,effusion_0,-7.072611,0.00084729766,0.98995405
real,00001995_000.png,1995,,effusion_0,-7.4304543,0.00059256674,0.98687804
real,00014560_000.png,14560,,effusion_0,-7.033863,0.00088074344,0.9863442
real,00025738_000.png,25738,,effusion_0,-7.328081,0.0006564016,0.9921857
real,00024116_002.png,24116,,effusion_0,-7.680805,0.00046139007,0.99290717
real,00012537_000.png,12537,,effusion_0,-7.5808296,0.0005098777,0.99204516
real,00006005_000.png,6005,,effusion_0,6.1071415,0.997778,0.9837775
real,00023422_000.png,23422,,effusion_0,-7.2654495,0.00069879816,0.9875106
real,00014662_001.png,14662,,effusion_0,-7.4534283,0.0005791161,0.99270254
real,00015783_000.png,15783,,effusion_0,-7.0605755,0.00085754803,0.98322797
real,00025058_000.png,25058,,effusion_0,-7.3506184,0.000641783,0.991343
real,00008142_005.png,8142,,effusion_0,-7.4177,0.0006001685,0.9886872
real,00016219_000.png,16219,,effusion_0,-7.277111,0.00069070206,0.9769554
real,00020699_003.png,20699,,effusion_0,-4.213167,0.014583591,0.8462853
real,00020139_000.png,20139,,effusion_0,-7.488638,0.0005590916,0.9896069
real,00011237_004.png,11237,,effusion_0,7.5398655,0.99946886,0.9914136
real,00004466_000.png,4466,,effusion_0,-7.351082,0.00064148573,0.98668593
real,00003785_001.png,3785,,effusion_0,-6.654579,0.001286453,0.986182
real,00022033_000.png,22033,,effusion_0,-7.37883,0.0006239414,0.9826504
real,00016341_001.png,16341,,effusion_0,-6.014063,0.0024381783,0.94588417
real,00009498_000.png,9498,,effusion_0,-7.366186,0.0006318755,0.9876957
real,00003105_000.png,3105,,effusion_0,-7.398098,0.0006120417,0.9931312
real,00020912_001.png,20912,,effusion_0,-7.6217594,0.0004894399,0.99237454
real,00026599_001.png,26599,,effusion_0,-7.5639496,0.000518553,0.9912282
real,00007379_000.png,7379,,effusion_0,-7.6415367,0.00047985977,0.9919305
real,00010920_006.png,10920,,effusion_0,-7.6119137,0.0004942802,0.99088514
real,00004562_000.png,4562,,effusion_0,-7.263283,0.0007003129,0.98356473
real,00023219_000.png,23219,,effusion_0,-7.389143,0.0006175437,0.97995204
real,00003640_001.png,3640,,effusion_0,-7.587612,0.0005064329,0.99382246
real,00001170_003.png,1170,,effusion_0,6.3077393,0.9981812,0.9832702
real,00001203_017.png,1203,,effusion_0,-7.1238785,0.00080498756,0.98018855
real,00008185_001.png,8185,,effusion_0,-2.8998013,0.05216339,0.40357065
real,00022389_000.png,22389,,effusion_0,-7.506233,0.0005493456,0.9891799
real,00021424_000.png,21424,,effusion_0,-6.900915,0.0010058508,0.9724995
real,00030332_000.png,30332,,effusion_0,-7.3283577,0.00065622025,0.9915448
real,00002225_002.png,2225,,effusion_0,-5.595007,0.0037026135,0.82350117
real,00001803_013.png,1803,,effusion_0,-0.7939644,0.31131807,0.3887998
real,00023043_000.png,23043,,effusion_0,-7.6985607,0.00045327385,0.9936372
real,00005530_001.png,5530,,effusion_0,-7.1138725,0.0008130761,0.98911244
real,00030650_004.png,30650,,effusion_0,7.875643,0.9996202,0.9930848
real,00026736_000.png,26736,,effusion_0,-7.3721657,0.0006281108,0.98876923
real,00011491_000.png,11491,,effusion_0,-6.9174137,0.0009894081,0.983059
real,00000705_002.png,705,,effusion_0,-6.289669,0.0018519379,0.95191365
real,00016509_001.png,16509,,effusion_0,-7.3981,0.00061204046,0.983308
real,00003320_002.png,3320,,effusion_0,-7.418934,0.0005994287,0.9913313
real,00006030_000.png,6030,,effusion_0,-7.578182,0.0005112287,0.99276376
real,00012304_009.png,12304,,effusion_0,-6.0060406,0.0024577687,0.92191124
real,00010445_001.png,10445,,effusion_0,-7.4557514,0.0005777731,0.9861666
real,00030196_003.png,30196,,effusion_0,8.811102,0.999851,0.9965678
real,00007258_004.png,7258,,effusion_0,-6.8213825,0.0010890254,0.973036
real,00020292_000.png,20292,,effusion_0,-7.679062,0.00046219476,0.9912209
real,00007389_001.png,7389,,effusion_0,-6.9302635,0.0009767881,0.97527933
real,00005401_003.png,5401,,effusion_0,-7.4234905,0.00059670524,0.9908073
real,00024497_000.png,24497,,effusion_0,-7.4234085,0.00059675414,0.99247986
real,00021409_007.png,21409,,effusion_0,7.043932,0.99912804,0.9892336
real,00022159_000.png,22159,,effusion_0,-7.430006,0.0005928323,0.9923021
real,00002837_000.png,2837,,effusion_0,-2.385067,0.084318526,0.5106748
real,00014939_000.png,14939,,effusion_0,-7.266388,0.0006981432,0.9837609
real,00002114_000.png,2114,,effusion_0,-7.512287,0.0005460318,0.98858064
real,00024641_000.png,24641,,effusion_0,-7.3868694,0.0006189484,0.9875394
real,00028148_003.png,28148,,effusion_0,2.910921,0.9483836,0.724593
real,00025230_000.png,25230,,effusion_0,-7.3951263,0.000613862,0.989304
real,00002793_003.png,2793,,effusion_0,-5.4570637,0.004247942,0.9461058
real,00019640_003.png,19640,,effusion_0,-7.459505,0.0005756096,0.98487294
real,00005347_000.png,5347,,effusion_0,-7.5058804,0.0005495394,0.99300504
real,00024875_000.png,24875,,effusion_0,-7.588745,0.00050585973,0.99210143
real,00017754_000.png,17754,,effusion_0,-7.501154,0.00055214146,0.9871997
real,00019868_002.png,19868,,effusion_0,-7.4599667,0.00057534414,0.98723674
real,00025020_000.png,25020,,effusion_0,-6.924717,0.0009822156,0.9803728
real,00002736_001.png,2736,,effusion_0,-7.17881,0.0007619936,0.9861214
real,00017592_000.png,17592,,effusion_0,-7.485262,0.0005609813,0.9906898
real,00023012_004.png,23012,,effusion_0,-7.1334705,0.0007973091,0.98957384
real,00010152_001.png,10152,,effusion_0,-7.3455296,0.0006450551,0.98761237
real,00002685_001.png,2685,,effusion_0,-6.8960876,0.0010107134,0.98017377
real,00027847_002.png,27847,,effusion_0,-7.044777,0.0008711918,0.98724514
real,00026957_000.png,26957,,effusion_0,-7.5426025,0.0005297357,0.9898635
real,00014695_002.png,14695,,effusion_0,5.5354176,0.996071,0.93998104
real,00029105_028.png,29105,,effusion_0,-5.2121334,0.005420492,0.84368443
real,00008335_000.png,8335,,effusion_0,-7.6746826,0.00046422236,0.99186623
real,00000246_018.png,246,,effusion_0,-6.7900543,0.0011236436,0.9614376
real,00015177_000.png,15177,,effusion_0,-6.9415016,0.00096588297,0.9868238
real,00002831_000.png,2831,,effusion_0,-7.4104824,0.00060451316,0.98583734
real,00024326_000.png,24326,,effusion_0,-7.597666,0.0005013695,0.9930506
real,00005053_001.png,5053,,effusion_0,-7.166277,0.0007715965,0.983309
real,00003804_012.png,3804,,effusion_0,-7.175085,0.00076483516,0.9798869
real,00021970_005.png,21970,,effusion_0,-6.8133774,0.0010977685,0.98410827
real,00016484_027.png,16484,,effusion_0,-6.0928707,0.0022538237,0.93989086
real,00010892_000.png,10892,,effusion_0,-6.956249,0.00095175643,0.98260623
real,00014145_000.png,14145,,effusion_0,-6.7327404,0.0011898465,0.97811073
real,00027625_000.png,27625,,effusion_0,-7.4736423,0.0005675339,0.98830867
real,00025215_000.png,25215,,effusion_0,-6.7771473,0.001138224,0.97635955
real,00002355_005.png,2355,,effusion_0,-7.052004,0.00086492376,0.9780696
real,00011932_006.png,11932,,effusion_0,-7.451456,0.00058025867,0.9918275
real,00014087_000.png,14087,,effusion_0,-7.520216,0.0005417219,0.9919461
real,00004899_000.png,4899,,effusion_0,-7.3002205,0.000674934,0.986409
real,00001775_003.png,1775,,effusion_0,8.103802,0.9996977,0.99360985
real,00028598_000.png,28598,,effusion_0,-7.382313,0.0006217734,0.9933484
real,00019815_000.png,19815,,effusion_0,-7.24185,0.0007154738,0.98630065
real,00024789_001.png,24789,,effusion_0,-7.385874,0.00061956455,0.98903704
real,00005002_000.png,5002,,effusion_0,-7.3110657,0.0006676586,0.9876568
real,00003013_003.png,3013,,effusion_0,-6.982706,0.00092692906,0.98158896
real,00025438_000.png,25438,,effusion_0,-7.3414726,0.00064767565,0.98863494
real,00029382_000.png,29382,,effusion_0,-7.263933,0.00069985783,0.992539
real,00015313_013.png,15313,,effusion_0,-7.356079,0.0006382902,0.98159355
real,00024474_000.png,24474,,effusion_0,-7.440439,0.0005866829,0.99163616
real,00006694_001.png,6694,,effusion_0,-6.993492,0.000916994,0.98473567
real,00003576_000.png,3576,,effusion_0,-7.1802406,0.00076090515,0.9896901
real,00013288_001.png,13288,,effusion_0,-7.122366,0.00080620503,0.9829049
real,00001727_000.png,1727,,effusion_0,-6.538473,0.0014446058,0.9419906
real,00018844_000.png,18844,,effusion_0,-5.756172,0.0031532224,0.9182657
real,00013162_000.png,13162,,effusion_0,-7.5336266,0.00053450937,0.98424023
real,00018345_000.png,18345,,effusion_0,-7.1360474,0.0007952588,0.9752503
real,00020341_000.png,20341,,effusion_0,-6.6554775,0.0012852993,0.94368196
real,00003804_000.png,3804,,effusion_0,-7.1310024,0.00079927774,0.9811095
real,00014809_010.png,14809,,effusion_0,-7.2487946,0.0007105258,0.99167806
real,00029487_001.png,29487,,effusion_0,-7.5154324,0.00054431806,0.9912651
real,00029211_000.png,29211,,effusion_0,-7.1160164,0.0008113361,0.9894108
real,00004435_004.png,4435,,effusion_0,-6.6564503,0.0012840513,0.9715515
real,00008142_001.png,8142,,effusion_0,-7.3038025,0.00067252235,0.9878304
real,00003499_004.png,3499,,effusion_0,-7.2105045,0.000738239,0.9877807
real,00019163_000.png,19163,,effusion_0,-7.441181,0.00058624806,0.98919576
real,00010120_020.png,10120,,effusion_0,-7.087593,0.0008347084,0.97334665
real,00002402_000.png,2402,,effusion_0,-7.4418907,0.00058583246,0.98889714
real,00029025_004.png,29025,,effusion_0,-6.588665,0.0013739851,0.9717874
real,00011598_020.png,11598,,effusion_0,-6.9328003,0.00097431574,0.9723328
real,00012855_000.png,12855,,effusion_0,-5.2839813,0.005046599,0.79070073
real,00030389_014.png,30389,,effusion_0,-0.84500885,0.3004809,0.31344607
real,00024171_000.png,24171,,effusion_0,-7.491228,0.00055764616,0.99084324
real,00007851_004.png,7851,,effusion_0,-7.37656,0.0006253583,0.99044067
real,00011932_005.png,11932,,effusion_0,-7.503067,0.0005510868,0.99051595
real,00027422_000.png,27422,,effusion_0,-7.4987392,0.00055347563,0.99142665
real,00013397_000.png,13397,,effusion_0,-7.513626,0.0005453016,0.98224705
real,00000318_009.png,318,,effusion_0,-6.9887238,0.0009213731,0.97526675
real,00025924_005.png,25924,,effusion_0,-7.155966,0.00077958737,0.9866509
real,00001507_002.png,1507,,effusion_0,-6.697691,0.0012322371,0.98112303
real,00007851_001.png,7851,,effusion_0,-7.350857,0.0006416301,0.99087065
real,00026354_000.png,26354,,effusion_0,-7.150818,0.0007836079,0.97900075
real,00018642_001.png,18642,,effusion_0,-6.9786396,0.00093070266,0.9860648
real,00016245_000.png,16245,,effusion_0,-7.62628,0.00048723342,0.9932832
real,00007340_004.png,7340,,effusion_0,-7.11322,0.00081360614,0.9852023
real,00000273_009.png,273,,effusion_0,-6.943205,0.0009642407,0.9777459
real,00017778_000.png,17778,,effusion_0,-5.761076,0.0031378455,0.85556084
real,00023339_000.png,23339,,effusion_0,-7.774353,0.00042020273,0.9933176
real,00006981_017.png,6981,,effusion_0,-7.098589,0.0008255879,0.97482026
real,00017013_001.png,17013,,effusion_0,-6.8494377,0.0010589291,0.9864946
real,00019574_000.png,19574,,effusion_0,-5.7274246,0.0032448869,0.96092486
real,00029200_001.png,29200,,effusion_0,-4.901476,0.00738072,0.8784578
real,00012772_006.png,12772,,effusion_0,-7.5401,0.00053106225,0.9905419
real,00020624_013.png,20624,,effusion_0,-6.585848,0.001377856,0.970551
real,00020060_004.png,20060,,effusion_0,-6.5252743,0.0014637712,0.97673184
real,00017747_018.png,17747,,effusion_0,2.2147617,0.90156734,0.80866355
real,00000318_007.png,318,,effusion_0,-7.2591267,0.00070322753,0.9824638
real,00017930_002.png,17930,,effusion_0,4.728506,0.9912378,0.8972488
real,00021023_024.png,21023,,effusion_0,-7.404646,0.00060804957,0.9859487
real,00011929_000.png,11929,,effusion_0,-7.2151184,0.0007348431,0.9774485
real,00015142_000.png,15142,,effusion_0,5.5477066,0.9961188,0.9595716
real,00001222_007.png,1222,,effusion_0,-7.150097,0.0007841727,0.9783176
real,00007159_000.png,7159,,effusion_0,-7.5046463,0.00055021764,0.9887343
real,00012669_000.png,12669,,effusion_0,-7.3711777,0.00062873133,0.9872067
real,00027427_005.png,27427,,effusion_0,3.8671913,0.9795115,0.81792176
real,00016484_003.png,16484,,effusion_0,-5.97727,0.0025293254,0.9666804
real,00001336_000.png,1336,,effusion_0,-7.608862,0.00049579015,0.9922232
real,00028358_000.png,28358,,effusion_0,-6.099354,0.002239292,0.94464034
real,00010015_000.png,10015,,effusion_0,-7.30818,0.0006695868,0.9884336
real,00006002_000.png,6002,,effusion_0,-6.6131077,0.0013408528,0.9692179
real,00000246_000.png,246,,effusion_0,-7.1651096,0.000772497,0.9876654
real,00013098_000.png,13098,,effusion_0,-7.6360416,0.00048250263,0.99056554
real,00018869_000.png,18869,,effusion_0,-7.4526997,0.000579538,0.9849193
real,00025696_002.png,25696,,effusion_0,4.252863,0.98597604,0.90716547
real,00001977_000.png,1977,,effusion_0,-7.093811,0.0008295386,0.9812791
real,00014335_000.png,14335,,effusion_0,-7.419134,0.0005993088,0.99204946
real,00025924_001.png,25924,,effusion_0,-6.026716,0.0024075955,0.9455138
real,00026180_000.png,26180,,effusion_0,-7.0447617,0.000871205,0.9809639
real,00022312_001.png,22312,,effusion_0,-7.7820244,0.00041699287,0.9937627
real,00005768_005.png,5768,,effusion_0,-7.122984,0.00080570736,0.9746036
real,00019260_003.png,19260,,effusion_0,-7.26346,0.0007001888,0.99198216
real,00003548_002.png,3548,,effusion_0,-7.138382,0.0007934059,0.9822037
real,00010695_018.png,10695,,effusion_0,5.480627,0.99585056,0.9630722
real,00029428_000.png,29428,,effusion_0,-7.3429394,0.000646727,0.99210155
real,00026292_006.png,26292,,effusion_0,-7.2234917,0.0007287203,0.98135287
real,00004580_000.png,4580,,effusion_0,-7.518923,0.00054242247,0.99513304
real,00019554_000.png,19554,,effusion_0,-7.5576725,0.00052181655,0.9881068
real,00011139_001.png,11139,,effusion_0,-7.017082,0.0008956344,0.9739215
real,00014126_000.png,14126,,effusion_0,-6.650547,0.001291644,0.9698132
real,00009815_004.png,9815,,effusion_0,-5.8702297,0.0028142824,0.95232725
real,00017747_060.png,17747,,effusion_0,6.65658,0.9987161,0.98842216
real,00003464_001.png,3464,,effusion_0,-7.5823746,0.000509091,0.99235404
real,00024003_000.png,24003,,effusion_0,-6.9449997,0.0009625133,0.9753391
real,00014171_001.png,14171,,effusion_0,-6.9452763,0.00096224743,0.9849681
real,00021983_000.png,21983,,effusion_0,-7.5865,0.00050699606,0.9850483
real,00006566_000.png,6566,,effusion_0,-7.237467,0.0007186144,0.9721444
real,00021562_001.png,21562,,effusion_0,-7.022352,0.000890931,0.9897962
real,00016698_001.png,16698,,effusion_0,-7.5946445,0.0005028858,0.9916853
real,00017747_021.png,17747,,effusion_0,1.6713257,0.84175247,0.79782057
real,00020458_003.png,20458,,effusion_0,-6.586376,0.0013771292,0.9533091
real,00026833_000.png,26833,,effusion_0,6.7763004,0.99886084,0.9858258
real,00002962_000.png,2962,,effusion_0,-7.261471,0.00070158206,0.9839719
real,00016865_000.png,16865,,effusion_0,-7.6742477,0.00046442417,0.9915689
real,00008157_000.png,8157,,effusion_0,-7.262274,0.00070101937,0.9863369
real,00005063_000.png,5063,,effusion_0,-7.403919,0.0006084913,0.9882087
real,00007424_001.png,7424,,effusion_0,-7.5869904,0.00050674775,0.9914363
real,00010964_000.png,10964,,effusion_0,-6.505804,0.0014925075,0.9789466
real,00023372_000.png,23372,,effusion_0,-7.109888,0.0008163194,0.9871234
real,00024386_000.png,24386,,effusion_0,-7.41276,0.0006031389,0.98957026
real,00010481_033.png,10481,,effusion_0,-6.5454445,0.0014345843,0.9763904
real,00001222_003.png,1222,,effusion_0,-7.304924,0.000671769,0.98939717
real,00001104_006.png,1104,,effusion_0,-1.6703453,0.15837814,0.47083107
real,00016568_006.png,16568,,effusion_0,5.204445,0.9945379,0.9723925
real,00017835_011.png,17835,,effusion_0,-7.257656,0.00070426165,0.98047477
real,00006527_000.png,6527,,effusion_0,-7.4152737,0.0006016255,0.99135035
real,00001136_002.png,1136,,effusion_0,-7.2852287,0.0006851217,0.9905712
real,00028457_000.png,28457,,effusion_0,-6.8242664,0.0010858927,0.9729577
real,00009378_006.png,9378,,effusion_0,-7.3242226,0.0006589376,0.98623484
real,00021976_000.png,21976,,effusion_0,-6.515909,0.0014775237,0.95475686
real,00029569_000.png,29569,,effusion_0,-7.201988,0.00074454816,0.9928623
real,00007082_000.png,7082,,effusion_0,-7.0520096,0.0008649188,0.978226
real,00015795_000.png,15795,,effusion_0,-7.242218,0.0007152107,0.9857798
real,00018616_000.png,18616,,effusion_0,-6.9857426,0.0009241214,0.98408645
real,00019345_000.png,19345,,effusion_0,1.5340538,0.8225987,0.3803118
real,00007389_002.png,7389,,effusion_0,-6.4987965,0.0015029873,0.9592351
real,00017836_001.png,17836,,effusion_0,-6.601616,0.0013563293,0.9359658
real,00023372_003.png,23372,,effusion_0,-7.3452606,0.00064522855,0.9910676
real,00009090_001.png,9090,,effusion_0,-6.840275,0.0010686661,0.98471594
real,00001222_000.png,1222,,effusion_0,-7.6606083,0.00047079907,0.9902479
real,00030690_000.png,30690,,effusion_0,-6.935135,0.000972046,0.98914653
real,00025054_000.png,25054,,effusion_0,-7.667284,0.00046766805,0.9919046
real,00007153_000.png,7153,,effusion_0,-6.82913,0.0010806298,0.9669981
real,00012913_001.png,12913,,effusion_0,-7.422611,0.00059722975,0.9850643
real,00022266_000.png,22266,,effusion_0,-7.257807,0.0007041556,0.9938399
real,00027857_001.png,27857,,effusion_0,-7.577091,0.00051178643,0.9919281
real,00012178_004.png,12178,,effusion_0,-7.4585667,0.0005761497,0.98818976
real,00029847_000.png,29847,,effusion_0,-7.2228622,0.0007291787,0.9939705
real,00006040_000.png,6040,,effusion_0,-7.3132515,0.0006662018,0.97428375
real,00020359_000.png,20359,,effusion_0,-7.5249767,0.0005391504,0.99187195
real,00008802_004.png,8802,,effusion_0,-7.1196213,0.000808419,0.9867852
real,00030783_000.png,30783,,effusion_0,-2.538372,0.07321155,0.56368345
real,00001733_002.png,1733,,effusion_0,-7.5330086,0.00053483964,0.9883849
real,00026105_000.png,26105,,effusion_0,-7.2885227,0.00068287016,0.98852587
real,00022135_010.png,22135,,effusion_0,-7.382702,0.00062153174,0.99331105
real,00029487_000.png,29487,,effusion_0,-6.8953705,0.0010114377,0.9602109
real,00016975_007.png,16975,,effusion_0,-6.6776943,0.0012570944,0.9703885
real,00001122_001.png,1122,,effusion_0,-6.891115,0.0010157465,0.98170966
real,00017465_001.png,17465,,effusion_0,-7.2639236,0.0006998646,0.9808359
real,00021710_000.png,21710,,effusion_0,-6.9000225,0.0010067482,0.96079975
real,00015347_000.png,15347,,effusion_0,3.9853878,0.9817539,0.849204
real,00013408_015.png,13408,,effusion_0,-5.4113865,0.004445593,0.9293653
real,00000705_001.png,705,,effusion_0,-4.7524986,0.0085562635,0.7322133
real,00014809_020.png,14809,,effusion_0,-7.28249,0.0006869995,0.988476
real,00008013_004.png,8013,,effusion_0,6.6067486,0.9986506,0.9842748
real,00023156_007.png,23156,,effusion_0,1.7647533,0.853804,0.71333826
real,00029885_000.png,29885,,effusion_0,-7.4515724,0.0005801912,0.99458724
real,00013723_001.png,13723,,effusion_0,-7.4257545,0.0005953565,0.9912848
real,00004493_000.png,4493,,effusion_0,-7.07971,0.0008413089,0.98341185
real,00007616_002.png,7616,,effusion_0,-5.704319,0.0033204833,0.9158171
real,00018008_000.png,18008,,effusion_0,-7.320759,0.00066122244,0.98832333
real,00024125_000.png,24125,,effusion_0,-7.438713,0.0005876959,0.9854423
real,00012304_003.png,12304,,effusion_0,-6.2492466,0.0019281841,0.9160429
real,00004057_000.png,4057,,effusion_0,-7.1634274,0.00077379664,0.96893173
real,00013625_018.png,13625,,effusion_0,-7.338516,0.000649592,0.9902628
real,00021475_000.png,21475,,effusion_0,-7.006813,0.0009048708,0.97958237
real,00020060_002.png,20060,,effusion_0,-5.740711,0.003202196,0.87335813
real,00015009_004.png,15009,,effusion_0,-7.2743893,0.00069258333,0.98676145
real,00003439_006.png,3439,,effusion_0,-7.4023285,0.0006094595,0.9899486
real,00012585_007.png,12585,,effusion_0,-7.190258,0.00075332663,0.9837104
real,00005768_008.png,5768,,effusion_0,-7.2435684,0.0007142462,0.98002595
real,00028027_005.png,28027,,effusion_0,7.5933323,0.99949646,0.99354255
real,00019911_001.png,19911,,effusion_0,-7.3033314,0.000672839,0.98096234
real,00029678_000.png,29678,,effusion_0,-7.3770847,0.0006250306,0.9881384
real,00002825_003.png,2825,,effusion_0,-7.5897884,0.00050533254,0.99190736
real,00002383_001.png,2383,,effusion_0,-6.5808563,0.0013847412,0.9288219
real,00003570_003.png,3570,,effusion_0,-7.377098,0.0006250223,0.9904412
real,00012975_006.png,12975,,effusion_0,5.2620163,0.9948419,0.97050804
real,00002816_001.png,2816,,effusion_0,-7.6931477,0.00045573298,0.9930152
real,00007325_000.png,7325,,effusion_0,-6.155039,0.002118262,0.9716524
real,00013372_001.png,13372,,effusion_0,-6.9446793,0.0009628215,0.9734641
real,00006574_000.png,6574,,effusion_0,-7.4227448,0.0005971501,0.9918523
real,00014295_001.png,14295,,effusion_0,-7.5095043,0.0005475526,0.9917281
real,00006024_011.png,6024,,effusion_0,-7.335491,0.0006515588,0.98974705
real,00013489_000.png,13489,,effusion_0,-7.545044,0.00052844465,0.9897365
real,00029870_000.png,29870,,effusion_0,-7.2131615,0.0007362815,0.9852066
real,00023506_000.png,23506,,effusion_0,-7.571398,0.00051470706,0.9908253
real,00000865_008.png,865,,effusion_0,-7.04298,0.0008727571,0.9804653
real,00000877_033.png,877,,effusion_0,-7.626646,0.00048705516,0.99153
real,00011726_000.png,11726,,effusion_0,-7.4257965,0.0005953316,0.98552924
real,00017785_000.png,17785,,effusion_0,-7.1249027,0.00080416404,0.9719976
real,00027829_000.png,27829,,effusion_0,-7.401499,0.000609965,0.98884696
real,00000023_000.png,23,,effusion_0,-6.8448563,0.0010637864,0.9749842
real,00026299_000.png,26299,,effusion_0,-7.074438,0.00084575213,0.96682936
real,00019963_000.png,19963,,effusion_0,-7.23514,0.0007202873,0.97791344
real,00005579_001.png,5579,,effusion_0,-5.902771,0.0027244214,0.9336958
real,00015338_011.png,15338,,effusion_0,-6.3937016,0.0016692644,0.95377254
real,00009090_003.png,9090,,effusion_0,-7.191427,0.00075244706,0.98746634
real,00010042_004.png,10042,,effusion_0,-6.963562,0.0009448283,0.9894887
real,00025527_001.png,25527,,effusion_0,-7.0259304,0.00088775164,0.9696757
real,00022827_000.png,22827,,effusion_0,-7.5066433,0.00054912054,0.9920827
real,00021305_000.png,21305,,effusion_0,-7.6184216,0.0004910755,0.9891652
real,00004018_000.png,4018,,effusion_0,-7.472206,0.00056834915,0.9894398
real,00014922_000.png,14922,,effusion_0,-7.6630535,0.0004696498,0.99268794
real,00002566_000.png,2566,,effusion_0,-6.642975,0.0013014488,0.96499527
real,00008136_000.png,8136,,effusion_0,-6.943037,0.00096440245,0.9885771
real,00008929_000.png,8929,,effusion_0,-6.9990044,0.0009119579,0.9861933
real,00000949_009.png,949,,effusion_0,-6.4125156,0.0016382033,0.91745615
real,00028533_000.png,28533,,effusion_0,-7.048929,0.00086758484,0.9829604
real,00001170_044.png,1170,,effusion_0,6.7797813,0.99886477,0.9891236
real,00010905_011.png,10905,,effusion_0,-7.1551323,0.00078023697,0.98616093
real,00000169_001.png,169,,effusion_0,-7.394396,0.0006143104,0.9904447
real,00000318_000.png,318,,effusion_0,-7.2498913,0.0007097475,0.989823
real,00022334_000.png,22334,,effusion_0,-7.7036514,0.00045097328,0.99187785
real,00016195_000.png,16195,,effusion_0,-6.970791,0.00093802926,0.973578
real,00008698_000.png,8698,,effusion_0,-6.46953,0.0015475552,0.96562594
real,00015313_012.png,15313,,effusion_0,-7.2514954,0.00070861075,0.98941356
real,00026815_003.png,26815,,effusion_0,-7.1584187,0.00077767903,0.9839369
real,00008386_001.png,8386,,effusion_0,-7.4962883,0.0005548331,0.98893064
real,00028766_004.png,28766,,effusion_0,-7.081711,0.0008396287,0.99053067
real,00006674_001.png,6674,,effusion_0,-7.5892906,0.00050558406,0.99278975
real,00014719_002.png,14719,,effusion_0,-7.28113,0.00068793376,0.9810929
real,00003174_013.png,3174,,effusion_0,-7.463625,0.0005732444,0.99084413
real,00005347_001.png,5347,,effusion_0,-7.263954,0.0006998432,0.98877317
real,00024931_000.png,24931,,effusion_0,-7.693882,0.0004553986,0.99256134
real,00010120_000.png,10120,,effusion_0,-7.1310024,0.00079927774,0.97016543
real,00012653_001.png,12653,,effusion_0,-5.0019855,0.006679664,0.8565074
real,00015840_000.png,15840,,effusion_0,-7.4609604,0.000574773,0.99059623
real,00010713_001.png,10713,,effusion_0,-6.745491,0.0011747892,0.9537217
real,00021344_000.png,21344,,effusion_0,-6.8928776,0.0010139598,0.98420656
real,00002073_001.png,2073,,effusion_0,9.0990715,0.9998882,0.997406
real,00026111_001.png,26111,,effusion_0,-7.325039,0.00065840024,0.99181575
real,00016484_023.png,16484,,effusion_0,-7.045458,0.00087059924,0.9863697
real,00028566_000.png,28566,,effusion_0,-7.6665783,0.00046799806,0.99421966
real,00007931_000.png,7931,,effusion_0,-6.409561,0.0016430424,0.9753329
real,00003042_001.png,3042,,effusion_0,-6.835638,0.0010736274,0.9722901
real,00011153_000.png,11153,,effusion_0,-7.0198727,0.0008931409,0.98041445
real,00021716_002.png,21716,,effusion_0,-5.2164707,0.005397159,0.85673463
real,00025676_000.png,25676,,effusion_0,-7.4663334,0.00057169487,0.99161476
real,00006123_003.png,6123,,effusion_0,-7.5625744,0.00051926624,0.9926741
real,00004773_001.png,4773,,effusion_0,-6.576025,0.0013914382,0.96084464
real,00012797_000.png,12797,,effusion_0,-7.4052105,0.0006077066,0.98438585
real,00016842_002.png,16842,,effusion_0,-7.4755955,0.0005664272,0.99093133
real,00011732_000.png,11732,,effusion_0,-7.2384644,0.00071789837,0.9818387
real,00009777_000.png,9777,,effusion_0,-7.560547,0.00052031956,0.9862127
real,00024861_000.png,24861,,effusion_0,-6.8794765,0.0010276253,0.97767997
real,00029926_000.png,29926,,effusion_0,-7.322262,0.00066023,0.9899459
real,00010071_001.png,10071,,effusion_0,-6.6441383,0.0012999375,0.97446007
real,00022788_004.png,22788,,effusion_0,-6.8713226,0.00103603,0.95992494
real,00029648_000.png,29648,,effusion_0,-7.6227436,0.00048895867,0.9944767
real,00011910_009.png,11910,,effusion_0,-7.4847965,0.0005612422,0.99039644
real,00021972_024.png,21972,,effusion_0,3.8666859,0.9795013,0.8115849
real,00016410_000.png,16410,,effusion_0,-7.5040836,0.0005505272,0.9907578
real,00013181_003.png,13181,,effusion_0,-7.2004128,0.00074572116,0.98631597
real,00005614_001.png,5614,,effusion_0,-7.4679585,0.0005707671,0.9885932
real,00014110_000.png,14110,,effusion_0,-6.6667347,0.0012709299,0.9326032
real,00028148_015.png,28148,,effusion_0,-3.4871655,0.029679626,0.59277636
real,00013427_000.png,13427,,effusion_0,-7.411865,0.00060367835,0.9848808
real,00016879_000.png,16879,,effusion_0,-7.234419,0.0007208064,0.98506826
real,00013723_000.png,13723,,effusion_0,-7.5193634,0.0005421837,0.99295056
real,00000085_000.png,85,,effusion_0,-5.5337296,0.0039356747,0.9036361
real,00026599_000.png,26599,,effusion_0,-7.5780907,0.00051127543,0.992191
real,00017729_001.png,17729,,effusion_0,-7.518923,0.00054242247,0.9898626
real,00016255_000.png,16255,,effusion_0,-7.459181,0.0005757962,0.9916196
real,00020758_000.png,20758,,effusion_0,-7.00111,0.00091004133,0.95973885
real,00030029_000.png,30029,,effusion_0,-7.556082,0.0005226469,0.9949229
real,00006098_006.png,6098,,effusion_0,-3.676628,0.024683474,0.72815275
real,00023625_000.png,23625,,effusion_0,-7.587696,0.0005063904,0.99304724
real,00009034_006.png,9034,,effusion_0,-5.032484,0.0064803194,0.8400074
real,00009061_000.png,9061,,effusion_0,-7.222357,0.0007295471,0.98700964
real,00008359_000.png,8359,,effusion_0,-7.554722,0.00052335777,0.99097943
real,00001170_004.png,1170,,effusion_0,4.9416485,0.9929079,0.90814745
real,00015087_011.png,15087,,effusion_0,-6.7523823,0.0011667307,0.95648265
real,00005401_007.png,5401,,effusion_0,-7.5836964,0.00050841883,0.9877402
real,00020631_001.png,20631,,effusion_0,-7.2386513,0.0007177643,0.98918664
real,00010984_003.png,10984,,effusion_0,-7.488819,0.00055899034,0.9900285
real,00025075_005.png,25075,,effusion_0,-7.278265,0.00068990607,0.98763305
real,00018448_017.png,18448,,effusion_0,-7.261757,0.0007013816,0.990653
real,00000341_000.png,341,,effusion_0,-7.2095985,0.00073890755,0.9805443
real,00006955_000.png,6955,,effusion_0,-7.138361,0.0007934224,0.99170613
real,00002168_000.png,2168,,effusion_0,-7.7696,0.00042220388,0.99412036
real,00025483_000.png,25483,,effusion_0,0.8875656,0.70838755,0.6240887
real,00008562_000.png,8562,,effusion_0,-7.6471195,0.0004771895,0.99271476
real,00028614_000.png,28614,,effusion_0,-7.707514,0.00044923555,0.9914857
real,00005014_014.png,5014,,effusion_0,5.154957,0.9942624,0.9458494
real,00024583_000.png,24583,,effusion_0,-7.1208706,0.0008074105,0.9840728
real,00026264_000.png,26264,,effusion_0,-7.038265,0.00087687816,0.9672329
real,00017111_006.png,17111,,effusion_0,-7.007311,0.000904421,0.98406875
real,00012074_000.png,12074,,effusion_0,-7.2341137,0.00072102627,0.9826241
real,00013303_000.png,13303,,effusion_0,-7.159706,0.0007766792,0.98570335
real,00005552_000.png,5552,,effusion_0,-6.7864056,0.0011277464,0.9705982
real,00016205_006.png,16205,,effusion_0,5.093645,0.99390185,0.91082525
real,00010481_029.png,10481,,effusion_0,-7.309126,0.0006689541,0.9932008
real,00022788_003.png,22788,,effusion_0,-7.022545,0.00089075963,0.97712773
real,00020802_000.png,20802,,effusion_0,-7.5445004,0.0005287318,0.99107224
real,00023133_002.png,23133,,effusion_0,-7.158993,0.000777233,0.9846584
real,00011770_008.png,11770,,effusion_0,9.631943,0.99993443,0.9980656
real,00029286_000.png,29286,,effusion_0,-7.2716846,0.0006944576,0.99231344
real,00029203_000.png,29203,,effusion_0,-7.276272,0.0006912815,0.98520744
real,00021424_004.png,21424,,effusion_0,-5.8858013,0.0027709194,0.92631775
real,00021409_000.png,21409,,effusion_0,8.391628,0.9997733,0.99458015
real,00011932_007.png,11932,,effusion_0,-7.4348965,0.00058994186,0.985142
real,00001713_000.png,1713,,effusion_0,-6.8443813,0.0010642912,0.9695224
real,00012980_000.png,12980,,effusion_0,-7.135174,0.0007959532,0.9892671
real,00028229_000.png,28229,,effusion_0,-7.558239,0.0005215212,0.9922889
real,00028282_000.png,28282,,effusion_0,-7.3025227,0.000673383,0.9924123
real,00013533_001.png,13533,,effusion_0,-7.217184,0.0007333278,0.9887106
real,00004318_000.png,4318,,effusion_0,-7.3572693,0.0006375314,0.9881646
real,00001974_007.png,1974,,effusion_0,4.458502,0.9885528,0.8598928
real,00009699_000.png,9699,,effusion_0,-7.2384167,0.0007179326,0.9888408
real,00014838_000.png,14838,,effusion_0,-6.9952393,0.0009153948,0.98296
real,00012919_000.png,12919,,effusion_0,-7.3855896,0.00061974063,0.98986423
real,00006526_000.png,6526,,effusion_0,-7.5525703,0.0005244844,0.9886532
real,00008054_000.png,8054,,effusion_0,-6.972534,0.000936397,0.9840816
real,00009652_000.png,9652,,effusion_0,-6.665659,0.0012722961,0.9783949
real,00012585_002.png,12585,,effusion_0,-7.3297443,0.0006553115,0.98788255
real,00012086_000.png,12086,,effusion_0,-7.571865,0.0005144667,0.9895845
real,00025908_000.png,25908,,effusion_0,-7.414898,0.00060185144,0.9884113
real,00016842_000.png,16842,,effusion_0,-7.4634037,0.00057337125,0.9937355
real,00008593_002.png,8593,,effusion_0,-7.091873,0.0008311464,0.9884907
real,00019857_001.png,19857,,effusion_0,-7.3190174,0.00066237414,0.9877874
real,00017111_008.png,17111,,effusion_0,-7.0066414,0.00090502604,0.9755412
real,00021652_000.png,21652,,effusion_0,-7.6508617,0.00047540796,0.9930189
real,00022883_016.png,22883,,effusion_0,-6.5906334,0.0013712869,0.9776972
real,00004378_001.png,4378,,effusion_0,-7.4474926,0.00058256177,0.9926065
real,00021705_000.png,21705,,effusion_0,-7.5961914,0.0005021089,0.99375826
real,00016769_000.png,16769,,effusion_0,-6.872633,0.0010346747,0.9755579
real,00008806_009.png,8806,,effusion_0,-6.7147694,0.0012113964,0.9274421
real,00016789_006.png,16789,,effusion_0,-7.0677986,0.00085138134,0.98529106
real,00018044_004.png,18044,,effusion_0,-6.8094845,0.0011020458,0.9633024
real,00000463_000.png,463,,effusion_0,4.1658382,0.98472035,0.9060464
real,00012017_000.png,12017,,effusion_0,-7.365507,0.0006323044,0.9900823
real,00009369_000.png,9369,,effusion_0,-7.4563675,0.00057741744,0.9865524
real,00001059_006.png,1059,,effusion_0,-7.023121,0.0008902472,0.9618462
real,00005532_033.png,5532,,effusion_0,-6.432825,0.0016053207,0.89812976
real,00009409_002.png,9409,,effusion_0,-7.3767853,0.0006252177,0.99322486
real,00025432_000.png,25432,,effusion_0,-7.4795494,0.00056419324,0.9846035
real,00014523_000.png,14523,,effusion_0,-7.4585686,0.0005761486,0.99166447
real,00027084_000.png,27084,,effusion_0,-7.396618,0.0006129476,0.99171937
real,00007719_000.png,7719,,effusion_0,-7.3877163,0.00061842485,0.9908534
real,00012585_014.png,12585,,effusion_0,-7.32843,0.0006561727,0.97905904
real,00006791_002.png,6791,,effusion_0,-6.6369495,0.0013093038,0.9496199
real,00016789_008.png,16789,,effusion_0,-7.2520733,0.0007082016,0.98619723
real,00018603_000.png,18603,,effusion_0,-6.9065228,0.0010002318,0.9730945
real,00012400_000.png,12400,,effusion_0,-7.544756,0.00052859675,0.9908824
real,00026299_001.png,26299,,effusion_0,-7.1829357,0.00075885875,0.98028153
real,00000821_000.png,821,,effusion_0,-6.971245,0.000937604,0.98130184
real,00003570_005.png,3570,,effusion_0,-7.5218124,0.0005408582,0.99123675
real,00012476_001.png,12476,,effusion_0,-7.5136585,0.00054528395,0.99077433
real,00023964_000.png,23964,,effusion_0,-7.005081,0.0009064379,0.96439284
real,00006002_003.png,6002,,effusion_0,-5.826744,0.0029389956,0.8965495
real,00008806_000.png,8806,,effusion_0,-7.2018814,0.0007446276,0.9704176
real,00030149_000.png,30149,,effusion_0,-7.4957123,0.0005551526,0.99147236
real,00010936_001.png,10936,,effusion_0,-5.98794,0.002502549,0.90464205
real,00024948_000.png,24948,,effusion_0,-7.490057,0.00055829925,0.99198097
real,00029393_000.png,29393,,effusion_0,-7.5602303,0.0005204843,0.98945457
real,00023266_005.png,23266,,effusion_0,4.9270973,0.9928046,0.958705
real,00018284_023.png,18284,,effusion_0,2.254736,0.9050583,0.92021
real,00006024_002.png,6024,,effusion_0,-6.9763145,0.00093286706,0.9878756
real,00016724_002.png,16724,,effusion_0,8.79648,0.9998487,0.99680036
real,00009936_000.png,9936,,effusion_0,-6.862198,0.0010455169,0.9559076
real,00010682_000.png,10682,,effusion_0,-7.3269005,0.00065717654,0.98321635
real,00003785_006.png,3785,,effusion_0,-6.571453,0.0013978054,0.92775697
real,00015938_000.png,15938,,effusion_0,-6.981268,0.00092826196,0.97694445
real,00013952_006.png,13952,,effusion_0,-5.408396,0.0044588493,0.8885451
real,00014352_004.png,14352,,effusion_0,-7.203045,0.0007437624,0.9884919
real,00004547_000.png,4547,,effusion_0,-7.259062,0.00070327305,0.9856976
real,00029140_000.png,29140,,effusion_0,-5.5987453,0.003688848,0.94006896
real,00012625_012.png,12625,,effusion_0,-7.5675697,0.0005166801,0.9925189
real,00011987_000.png,11987,,effusion_0,-7.336357,0.00065099524,0.9907773
real,00016388_000.png,16388,,effusion_0,-7.467621,0.0005709597,0.9927128
real,00021362_000.png,21362,,effusion_0,-6.798094,0.0011146565,0.9694151
real,00002515_001.png,2515,,effusion_0,-6.8675194,0.0010399737,0.97424746
real,00028465_001.png,28465,,effusion_0,-7.4459496,0.00058346085,0.98867124
real,00025466_000.png,25466,,effusion_0,-7.401518,0.0006099534,0.99235284
real,00018822_000.png,18822,,effusion_0,-7.3573284,0.0006374937,0.9906684
real,00010481_004.png,10481,,effusion_0,-7.00465,0.0009068284,0.988231
real,00024245_000.png,24245,,effusion_0,-7.3288975,0.00065586634,0.99023145
real,00022341_000.png,22341,,effusion_0,-7.4352436,0.0005897372,0.99163777
real,00008318_000.png,8318,,effusion_0,-7.172413,0.0007668801,0.9833997
real,00022532_000.png,22532,,effusion_0,-7.586973,0.0005067565,0.99324304
real,00018044_041.png,18044,,effusion_0,5.2557297,0.9948095,0.9338309
real,00001248_034.png,1248,,effusion_0,8.098209,0.999696,0.99579763
real,00030001_000.png,30001,,effusion_0,-6.97171,0.0009371681,0.97790426
real,00016123_000.png,16123,,effusion_0,-7.4487743,0.000581816,0.99156445
real,00001075_044.png,1075,,effusion_0,-7.2910137,0.0006811724,0.98663855
real,00022155_017.png,22155,,effusion_0,3.8782005,0.97973126,0.84840006
real,00020312_030.png,20312,,effusion_0,-7.4421425,0.0005856851,0.99222493
real,00003362_002.png,3362,,effusion_0,7.426134,0.9994049,0.98614734
real,00020572_001.png,20572,,effusion_0,-7.698801,0.00045316498,0.9894916
real,00009138_022.png,9138,,effusion_0,4.7148,0.9911179,0.8953535
real,00007131_006.png,7131,,effusion_0,-5.460699,0.004232592,0.90349746
real,00012329_001.png,12329,,effusion_0,-7.519491,0.00054211443,0.98882776
real,00008185_000.png,8185,,effusion_0,-1.2058182,0.23044182,0.36949387
real,00018547_000.png,18547,,effusion_0,-7.5547256,0.00052335573,0.98946905
real,00029423_000.png,29423,,effusion_0,7.655411,0.99952674,0.9950023
real,00017326_001.png,17326,,effusion_0,-7.559389,0.00052092207,0.9928251
real,00014307_001.png,14307,,effusion_0,-7.2096615,0.00073886104,0.9782878
real,00006674_000.png,6674,,effusion_0,-7.4480457,0.0005822398,0.9902288
real,00018044_003.png,18044,,effusion_0,-6.7963657,0.0011165821,0.9698502
real,00019406_000.png,19406,,effusion_0,-7.017309,0.0008954314,0.9760093
real,00003896_004.png,3896,,effusion_0,-7.1451283,0.0007880755,0.98329514
real,00011932_003.png,11932,,effusion_0,-6.954054,0.00095384615,0.97577345
real,00019317_000.png,19317,,effusion_0,-7.596714,0.00050184666,0.989902
real,00002139_000.png,2139,,effusion_0,-7.379631,0.0006234421,0.98673373
real,00013678_003.png,13678,,effusion_0,-7.1453266,0.00078791927,0.98451704
real,00016512_001.png,16512,,effusion_0,-7.3399086,0.00064868876,0.9880838
real,00008502_000.png,8502,,effusion_0,-7.5799847,0.0005103085,0.9939512
real,00014294_003.png,14294,,effusion_0,-6.052479,0.0023465054,0.96200514
real,00018011_000.png,18011,,effusion_0,-7.147852,0.00078593363,0.9812838
real,00001203_002.png,1203,,effusion_0,-7.137148,0.00079438474,0.98878044
real,00005250_001.png,5250,,effusion_0,-7.4766216,0.00056584657,0.99146587
real,00028042_000.png,28042,,effusion_0,-7.357107,0.0006376347,0.9900295
real,00017330_000.png,17330,,effusion_0,-6.905699,0.0010010556,0.9682965
real,00010936_003.png,10936,,effusion_0,7.0505695,0.9991339,0.9855854
real,00011380_022.png,11380,,effusion_0,6.574192,0.998606,0.9830447
real,00009105_003.png,9105,,effusion_0,-6.88089,0.0010261755,0.9789718
real,00006012_000.png,6012,,effusion_0,-7.0296955,0.0008844183,0.98980916
real,00006040_005.png,6040,,effusion_0,-7.0083313,0.0009034993,0.97784346
real,00011279_000.png,11279,,effusion_0,8.953039,0.99987066,0.9968366
real,00016485_000.png,16485,,effusion_0,-7.099207,0.0008250783,0.98120314
real,00003094_003.png,3094,,effusion_0,-6.2192345,0.0019868133,0.9443504
real,00020699_001.png,20699,,effusion_0,-6.1109257,0.0022135854,0.93303543
real,00001213_003.png,1213,,effusion_0,-7.103283,0.00082172477,0.9839447
real,00028764_000.png,28764,,effusion_0,-7.4995537,0.0005530253,0.9942688
real,00005501_000.png,5501,,effusion_0,-7.627569,0.00048660592,0.9904195
real,00012051_004.png,12051,,effusion_0,-7.438511,0.00058781466,0.9902333
real,00023621_000.png,23621,,effusion_0,-7.5341625,0.00053422316,0.9929077
real,00001174_000.png,1174,,effusion_0,-7.0177956,0.00089499634,0.98533446
real,00012536_001.png,12536,,effusion_0,5.235792,0.9947056,0.96760505
real,00004490_005.png,4490,,effusion_0,-5.9572372,0.0025803738,0.9556939
real,00014462_001.png,14462,,effusion_0,-7.2882996,0.00068302243,0.9876126
real,00007623_002.png,7623,,effusion_0,-7.1290417,0.0008008453,0.990461
real,00015449_000.png,15449,,effusion_0,-6.960821,0.00094741903,0.97151625
real,00002585_001.png,2585,,effusion_0,7.579035,0.9994892,0.9933002
real,00001292_000.png,1292,,effusion_0,-7.1749897,0.00076490804,0.9755045
real,00007313_002.png,7313,,effusion_0,-7.115103,0.0008120772,0.98901093
real,00024273_000.png,24273,,effusion_0,-7.4670753,0.0005712711,0.98976356
real,00008728_000.png,8728,,effusion_0,-7.0761433,0.0008443125,0.96570224
real,00025832_003.png,25832,,effusion_0,-7.0395145,0.0008757843,0.9746092
real,00010453_000.png,10453,,effusion_0,-7.766796,0.0004233888,0.98921406
real,00004589_000.png,4589,,effusion_0,-7.515072,0.0005445142,0.9875761
real,00021375_007.png,21375,,effusion_0,-5.1969795,0.0055028037,0.9182483
real,00007019_001.png,7019,,effusion_0,-7.6537952,0.00047401604,0.9924105
real,00011910_003.png,11910,,effusion_0,-7.1860676,0.00075648754,0.9811215
real,00015056_005.png,15056,,effusion_0,-7.3496113,0.0006424292,0.99236655
real,00028766_002.png,28766,,effusion_0,-7.006256,0.00090537453,0.98854387
real,00017020_000.png,17020,,effusion_0,-6.832115,0.0010774123,0.92310476
real,00016939_000.png,16939,,effusion_0,-7.600647,0.0004998778,0.99037135
real,00015795_003.png,15795,,effusion_0,-7.267538,0.0006973412,0.9841325
real,00006024_006.png,6024,,effusion_0,-6.911913,0.0009948603,0.98028576
real,00016191_019.png,16191,,effusion_0,-3.238409,0.037745632,0.67313087
real,00017747_061.png,17747,,effusion_0,7.7459927,0.9995677,0.99588716
real,00010246_000.png,10246,,effusion_0,-7.281683,0.0006875536,0.9833868
real,00004943_000.png,4943,,effusion_0,-6.101614,0.0022342475,0.8313032
real,00021288_000.png,21288,,effusion_0,-7.2037277,0.0007432551,0.9833897
real,00025046_000.png,25046,,effusion_0,-7.433361,0.0005908478,0.9925
real,00015338_003.png,15338,,effusion_0,-7.199484,0.0007464137,0.98610675
real,00014504_000.png,14504,,effusion_0,-7.0986004,0.0008255784,0.9839965
real,00014281_000.png,14281,,effusion_0,-7.4147797,0.00060192257,0.9877069
real,00006098_007.png,6098,,effusion_0,-7.3154716,0.0006647253,0.98565596
real,00004695_000.png,4695,,effusion_0,-6.976511,0.00093268394,0.97226995
real,00027153_001.png,27153,,effusion_0,-6.82572,0.0010843172,0.9846677
real,00028027_002.png,28027,,effusion_0,-6.509138,0.0014875471,0.96288633
real,00004834_000.png,4834,,effusion_0,-7.3356667,0.0006514445,0.9862854
real,00006002_001.png,6002,,effusion_0,-6.5735664,0.0013948587,0.95990574
real,00002825_001.png,2825,,effusion_0,-7.455885,0.00057769596,0.98467845
real,00021569_000.png,21569,,effusion_0,-7.3147945,0.0006651753,0.9926894
real,00013138_002.png,13138,,effusion_0,-7.3931446,0.00061507896,0.99153656
real,00014029_000.png,14029,,effusion_0,-7.6956024,0.00045461612,0.99248743
real,00021614_001.png,21614,,effusion_0,-7.298708,0.0006759549,0.99247694
real,00014045_000.png,14045,,effusion_0,-6.97019,0.00093859254,0.9634082
real,00006202_000.png,6202,,effusion_0,-6.8168335,0.0010939852,0.98635113
real,00020060_007.png,20060,,effusion_0,-5.166359,0.0056729387,0.85190296
real,00001587_000.png,1587,,effusion_0,-7.487482,0.00055973785,0.9861174
real,00020674_000.png,20674,,effusion_0,-7.4522,0.0005798275,0.9883791
real,00022763_000.png,22763,,effusion_0,-6.976927,0.0009322966,0.9721397
real,00025832_004.png,25832,,effusion_0,-6.130541,0.002170682,0.8825496
real,00000877_007.png,877,,effusion_0,-7.522339,0.0005405737,0.9890062
real,00008733_000.png,8733,,effusion_0,-7.5170307,0.00054344925,0.99172634
real,00005903_000.png,5903,,effusion_0,-7.343296,0.00064649654,0.9897437
real,00030781_000.png,30781,,effusion_0,-7.32539,0.0006581694,0.9883675
real,00026409_000.png,26409,,effusion_0,-7.093113,0.00083011744,0.9916921
real,00000872_000.png,872,,effusion_0,-7.38414,0.00062063907,0.9857143
real,00015597_000.png,15597,,effusion_0,-4.2612743,0.0139081525,0.72290355
real,00005395_001.png,5395,,effusion_0,-5.575632,0.0037747768,0.88081735
real,00008081_019.png,8081,,effusion_0,6.3278446,0.9982173,0.98379844
real,00001733_001.png,1733,,effusion_0,-7.6669846,0.00046780804,0.9912424
real,00020642_006.png,20642,,effusion_0,-7.481394,0.0005631542,0.9914606
real,00008489_015.png,8489,,effusion_0,-6.1556625,0.0021169442,0.9482564
real,00019575_000.png,19575,,effusion_0,-6.8675537,0.001039938,0.977
real,00008342_023.png,8342,,effusion_0,-6.0211277,0.0024210557,0.9072944
real,00024797_000.png,24797,,effusion_0,-7.486416,0.00056033465,0.9927201
real,00008779_000.png,8779,,effusion_0,-6.851803,0.0010564303,0.971772
real,00003812_002.png,3812,,effusion_0,-7.3394527,0.0006489844,0.9878835
real,00019544_000.png,19544,,effusion_0,-7.462414,0.00057393877,0.99188256
real,00003804_001.png,3804,,effusion_0,-7.0681,0.0008511251,0.98926383
real,00004909_005.png,4909,,effusion_0,-6.094467,0.0022502362,0.92553675
real,00029543_002.png,29543,,effusion_0,-5.067274,0.0062601324,0.8687716
real,00022582_001.png,22582,,effusion_0,-7.7066345,0.00044963058,0.9907548
real,00000463_001.png,463,,effusion_0,3.9773712,0.9816097,0.86641407
real,00000796_004.png,796,,effusion_0,-7.0247593,0.000888791,0.9824539
real,00022155_012.png,22155,,effusion_0,-4.342634,0.012835345,0.6324796
real,00012304_002.png,12304,,effusion_0,-5.0815487,0.0061719543,0.7647489
real,00003570_001.png,3570,,effusion_0,-5.6336803,0.0035626546,0.9525289
real,00015449_002.png,15449,,effusion_0,-7.4595547,0.0005755811,0.9896144
real,00023776_000.png,23776,,effusion_0,-7.322212,0.00066026277,0.98751545
real,00001606_004.png,1606,,effusion_0,-7.2027683,0.000743968,0.975125
real,00026795_000.png,26795,,effusion_0,-7.120085,0.0008080448,0.9896409
real,00030805_000.png,30805,,effusion_0,-7.461872,0.0005742495,0.9879736
real,00017747_023.png,17747,,effusion_0,0.103588104,0.5258739,0.7562977
real,00010348_001.png,10348,,effusion_0,-6.680538,0.001253529,0.97897786
real,00016929_001.png,16929,,effusion_0,-7.085659,0.00083632296,0.98680484
real,00002120_001.png,2120,,effusion_0,-2.0682526,0.112221,0.6438511
real,00011598_028.png,11598,,effusion_0,-3.8641376,0.02054985,0.762094
real,00003064_010.png,3064,,effusion_0,-7.1816444,0.0007598385,0.970022
real,00014076_000.png,14076,,effusion_0,-7.736534,0.0004363916,0.99364173
real,00001059_005.png,1059,,effusion_0,-6.373045,0.0017040451,0.94640183
real,00015977_000.png,15977,,effusion_0,-7.410549,0.0006044729,0.9907482
real,00010135_000.png,10135,,effusion_0,-7.6296864,0.0004855773,0.98861414
real,00014025_000.png,14025,,effusion_0,-7.3152733,0.00066485716,0.99027175
real,00005587_000.png,5587,,effusion_0,-7.464365,0.0005728206,0.9928934
real,00011764_007.png,11764,,effusion_0,-7.196329,0.00074877037,0.97467846
real,00028256_000.png,28256,,effusion_0,-7.301365,0.0006741626,0.987236
real,00010131_001.png,10131,,effusion_0,-7.366207,0.0006318622,0.9878058
real,00008184_003.png,8184,,effusion_0,-7.4192314,0.00059925055,0.9877838
real,00003916_000.png,3916,,effusion_0,-0.07123947,0.4821977,0.33652985
real,00000273_004.png,273,,effusion_0,-4.111788,0.016114537,0.7092557
real,00023343_000.png,23343,,effusion_0,-7.433264,0.00059090526,0.98953193
real,00001292_001.png,1292,,effusion_0,-6.898796,0.0010079824,0.9661321
real,00001470_002.png,1470,,effusion_0,4.447315,0.9884256,0.9383065
real,00017545_000.png,17545,,effusion_0,-7.098343,0.00082579086,0.9666119
real,00013441_000.png,13441,,effusion_0,-7.3905926,0.00061664975,0.99066097
real,00010920_004.png,10920,,effusion_0,-7.4044094,0.0006081933,0.98989207
real,00007313_001.png,7313,,effusion_0,-7.4646034,0.0005726841,0.993732
real,00000304_001.png,304,,effusion_0,-6.4886227,0.0015183332,0.9704891
real,00010481_031.png,10481,,effusion_0,-6.9706936,0.0009381206,0.9804272
real,00022155_024.png,22155,,effusion_0,-7.318529,0.00066269736,0.97791046
real,00011603_000.png,11603,,effusion_0,-7.534895,0.00053383224,0.9879529
real,00001230_001.png,1230,,effusion_0,-7.569168,0.0005158554,0.9865325
real,00017824_001.png,17824,,effusion_0,-7.208662,0.00073959935,0.9791235
real,00028706_000.png,28706,,effusion_0,-7.0001698,0.0009108967,0.9888629
real,00012989_001.png,12989,,effusion_0,-7.170439,0.0007683944,0.9791882
real,00029493_000.png,29493,,effusion_0,-7.5598087,0.0005207036,0.9933446
real,00005579_000.png,5579,,effusion_0,-7.1484966,0.0007854276,0.9728056
real,00015795_004.png,15795,,effusion_0,-7.144375,0.000788669,0.9815197
real,00000262_000.png,262,,effusion_0,-7.596113,0.0005021481,0.9905989
real,00019413_000.png,19413,,effusion_0,-7.476982,0.0005656427,0.9929438
real,00008147_000.png,8147,,effusion_0,-7.4250183,0.00059579476,0.99274975
real,00012951_000.png,12951,,effusion_0,-6.7095146,0.001217771,0.9599209
real,00024613_000.png,24613,,effusion_0,-7.6107674,0.00049484684,0.99224496
real,00003577_000.png,3577,,effusion_0,-7.3039703,0.00067240954,0.986131
real,00014352_007.png,14352,,effusion_0,-7.017624,0.0008951498,0.98223233
real,00016509_000.png,16509,,effusion_0,-7.5173454,0.0005432783,0.98977983
real,00010696_000.png,10696,,effusion_0,-7.3707657,0.00062899024,0.98816806
real,00013591_000.png,13591,,effusion_0,-7.5613995,0.00051987637,0.99267966
real,00027305_000.png,27305,,effusion_0,-7.2892723,0.0006823588,0.98817456
real,00018488_002.png,18488,,effusion_0,-2.6605911,0.06533922,0.7763069
real,00012626_005.png,12626,,effusion_0,-7.486084,0.00056052057,0.99218607
real,00023423_000.png,23423,,effusion_0,-7.5621624,0.00051948015,0.9932326
real,00010481_040.png,10481,,effusion_0,-7.268652,0.0006965655,0.9840806
real,00015111_000.png,15111,,effusion_0,-7.245077,0.00071317016,0.9828235
real,00023085_009.png,23085,,effusion_0,-4.2592583,0.013935829,0.87864643
real,00011328_000.png,11328,,effusion_0,-7.445215,0.0005838892,0.9877973
real,00028475_000.png,28475,,effusion_0,-7.2077236,0.00074029324,0.9846512
real,00022677_005.png,22677,,effusion_0,-6.686598,0.0012459655,0.97181827
real,00003464_000.png,3464,,effusion_0,-7.494873,0.00055561843,0.99038893
real,00010295_000.png,10295,,effusion_0,-7.3667126,0.00063154317,0.9881156
real,00022527_000.png,22527,,effusion_0,-7.7092533,0.00044845513,0.99042886
real,00013970_009.png,13970,,effusion_0,-7.2546024,0.000706414,0.99114734
real,00001203_003.png,1203,,effusion_0,-5.882784,0.0027792698,0.96256053
real,00015228_000.png,15228,,effusion_0,-5.6391563,0.003543268,0.888826
real,00001136_001.png,1136,,effusion_0,-6.1135864,0.0022077165,0.94394195
real,00006040_009.png,6040,,effusion_0,-7.1398277,0.0007922605,0.9581851
real,00008441_000.png,8441,,effusion_0,-7.370924,0.0006288907,0.9925836
real,00015740_000.png,15740,,effusion_0,-7.442272,0.0005856091,0.98821014
real,00007109_011.png,7109,,effusion_0,-7.110773,0.000815598,0.97085416
real,00019496_000.png,19496,,effusion_0,-7.1336117,0.0007971966,0.97873425
real,00022882_000.png,22882,,effusion_0,-7.5863743,0.00050705986,0.9929747
real,00022500_000.png,22500,,effusion_0,-7.4979076,0.0005539358,0.98808223
real,00011380_008.png,11380,,effusion_0,1.0690365,0.7444136,0.5153245
real,00000386_000.png,386,,effusion_0,-7.381298,0.00062240433,0.9906958
real,00022196_002.png,22196,,effusion_0,-7.284523,0.000685605,0.9825178
real,00018597_002.png,18597,,effusion_0,-7.3463326,0.0006445376,0.9819047
real,00013969_008.png,13969,,effusion_0,-7.3715725,0.00062848325,0.99101394
real,00029579_007.png,29579,,effusion_0,-3.0045643,0.047220103,0.574968
real,00020485_005.png,20485,,effusion_0,-7.209347,0.0007390934,0.98571485
real,00005002_001.png,5002,,effusion_0,-7.068983,0.0008503744,0.9833953
real,00028053_000.png,28053,,effusion_0,-7.4923134,0.0005570416,0.9914219
real,00000417_003.png,417,,effusion_0,-2.4234943,0.081398584,0.606942
real,00016439_000.png,16439,,effusion_0,-7.4477577,0.0005824074,0.9913332
real,00020531_000.png,20531,,effusion_0,-7.4844646,0.00056142843,0.98809135
real,00015435_001.png,15435,,effusion_0,-7.020546,0.0008925403,0.968642
real,00002595_001.png,2595,,effusion_0,-7.302517,0.0006733869,0.98722434
real,00016512_000.png,16512,,effusion_0,-7.3774567,0.0006247983,0.9891408
real,00021023_004.png,21023,,effusion_0,9.296673,0.9999083,0.9974953
real,00009273_002.png,9273,,effusion_0,-2.0357685,0.11549831,0.7652101
real,00002292_001.png,2292,,effusion_0,-7.546301,0.0005277812,0.9868989
real,00000757_000.png,757,,effusion_0,-6.462969,0.0015577268,0.9705292
real,00006711_000.png,6711,,effusion_0,-7.3061314,0.000670959,0.9902142
real,00016261_001.png,16261,,effusion_0,-6.431427,0.0016075631,0.9617524
real,00002816_003.png,2816,,effusion_0,-7.3420963,0.0006472721,0.9825473
real,00009378_002.png,9378,,effusion_0,-7.2352276,0.0007202241,0.9873538
real,00023266_004.png,23266,,effusion_0,-7.381708,0.0006221493,0.9910184
real,00003094_004.png,3094,,effusion_0,-4.0224,0.01759481,0.7913559
real,00026807_000.png,26807,,effusion_0,-7.4079323,0.00060605584,0.99261767
real,00012086_001.png,12086,,effusion_0,-6.844677,0.001063977,0.96046776
real,00003917_000.png,3917,,effusion_0,-7.3248806,0.00065850443,0.9850367
real,00010445_003.png,10445,,effusion_0,-7.310669,0.0006679234,0.9831816
real,00016184_001.png,16184,,effusion_0,-6.9892197,0.0009209166,0.9752175
real,00011598_017.png,11598,,effusion_0,-7.125862,0.00080339354,0.9846073
real,00025290_002.png,25290,,effusion_0,-7.0977917,0.0008262458,0.98204976
real,00012363_004.png,12363,,effusion_0,-7.3606586,0.0006353756,0.98797643
real,00011813_000.png,11813,,effusion_0,-7.5557823,0.0005228033,0.9878698
real,00010732_000.png,10732,,effusion_0,-7.411455,0.0006039258,0.990442
real,00026927_000.png,26927,,effusion_0,1.9152641,0.87160945,0.6974854
real,00017786_013.png,17786,,effusion_0,-7.144697,0.00078841497,0.97880507
real,00018642_000.png,18642,,effusion_0,-6.9614697,0.0009468054,0.98557043
real,00009668_000.png,9668,,effusion_0,-7.457552,0.00057673437,0.9935038
real,00005245_000.png,5245,,effusion_0,-7.1189384,0.0008089708,0.9819656
real,00010120_004.png,10120,,effusion_0,-7.255123,0.0007060465,0.9902803
real,00007018_005.png,7018,,effusion_0,-7.6052246,0.0004975959,0.9927775
real,00030385_000.png,30385,,effusion_0,-7.5390263,0.0005316325,0.9928638
real,00021631_001.png,21631,,effusion_0,-7.4302044,0.00059271476,0.9934007
real,00005443_000.png,5443,,effusion_0,-7.3125057,0.0006666985,0.9860364
real,00003439_007.png,3439,,effusion_0,-7.4262505,0.0005950616,0.99056095
real,00021114_001.png,21114,,effusion_0,-1.3852615,0.20016532,0.5693739
real,00006135_000.png,6135,,effusion_0,-6.482588,0.0015275098,0.9372997
real,00006123_001.png,6123,,effusion_0,-7.4796696,0.0005641255,0.9920005
real,00004926_000.png,4926,,effusion_0,-5.745453,0.003187096,0.91565686
real,00019435_003.png,19435,,effusion_0,-7.6321564,0.00048438,0.99173576
real,00019535_002.png,19535,,effusion_0,-6.195341,0.002034759,0.9504927
real,00008342_001.png,8342,,effusion_0,-7.2676296,0.0006972775,0.98376024
real,00014843_000.png,14843,,effusion_0,-7.174103,0.0007655862,0.98361474
real,00002492_010.png,2492,,effusion_0,-7.350498,0.00064186007,0.9857466
real,00020716_002.png,20716,,effusion_0,-7.3066006,0.00067064445,0.9854534
real,00027353_000.png,27353,,effusion_0,-7.3170834,0.0006636556,0.9860955
real,00013969_007.png,13969,,effusion_0,-7.3402386,0.0006484749,0.99089485
real,00010489_000.png,10489,,effusion_0,-6.8481884,0.0010602515,0.9627007
real,00018011_009.png,18011,,effusion_0,-6.6001816,0.0013582736,0.96442515
real,00016518_000.png,16518,,effusion_0,-7.378931,0.0006238784,0.9884899
real,00013214_001.png,13214,,effusion_0,-7.3130665,0.000666325,0.9897356
real,00007792_000.png,7792,,effusion_0,-7.4454384,0.000583759,0.9908376
real,00012949_001.png,12949,,effusion_0,-7.4257545,0.0005953565,0.98955846
real,00028570_000.png,28570,,effusion_0,-7.457062,0.0005770169,0.9921593
real,00003628_000.png,3628,,effusion_0,-6.866539,0.0010409927,0.9815944
real,00026658_002.png,26658,,effusion_0,-6.9550457,0.0009529014,0.9805161
real,00006490_000.png,6490,,effusion_0,-6.9219704,0.0009849145,0.984938
real,00012178_002.png,12178,,effusion_0,-4.944916,0.0070691854,0.837819
real,00018037_019.png,18037,,effusion_0,-7.180279,0.00076087617,0.9821803
real,00013360_000.png,13360,,effusion_0,-6.979933,0.000929501,0.97487766
real,00003640_000.png,3640,,effusion_0,-7.501833,0.0005517669,0.98987293
real,00016568_001.png,16568,,effusion_0,5.7837715,0.9969324,0.98244107
real,00015475_000.png,15475,,effusion_0,-7.561882,0.0005196257,0.9897796
real,00029314_000.png,29314,,effusion_0,-7.655098,0.00047339927,0.99371743
real,00018011_019.png,18011,,effusion_0,-7.2198524,0.00073137507,0.98620576
real,00009709_007.png,9709,,effusion_0,-2.0636845,0.112676926,0.56287986
real,00002686_000.png,2686,,effusion_0,-7.417671,0.00060018565,0.99353385
real,00025453_000.png,25453,,effusion_0,-7.324999,0.0006584266,0.98389
real,00019716_003.png,19716,,effusion_0,-7.2657166,0.0006986117,0.98099476
real,00003792_001.png,3792,,effusion_0,-6.7944794,0.001118688,0.9811843
real,00008184_002.png,8184,,effusion_0,-7.5125046,0.0005459131,0.98945063
real,00000869_006.png,869,,effusion_0,-7.229063,0.0007246745,0.9813025
real,00022574_001.png,22574,,effusion_0,-6.4676914,0.0015503989,0.9523697
real,00030139_000.png,30139,,effusion_0,-6.4347897,0.0016021752,0.97743917
real,00010131_005.png,10131,,effusion_0,-7.0689564,0.00085039705,0.97810966
real,00018016_005.png,18016,,effusion_0,-6.981516,0.000928032,0.9843212
real,00030091_000.png,30091,,effusion_0,-7.2411613,0.0007159663,0.9864074
real,00029426_000.png,29426,,effusion_0,-7.595022,0.00050269597,0.9940463
real,00012902_001.png,12902,,effusion_0,-7.4437294,0.0005847569,0.9908694
real,00016865_001.png,16865,,effusion_0,-7.713934,0.00044636198,0.99016666
real,00008802_008.png,8802,,effusion_0,-7.5079536,0.00054840185,0.98881346
real,00029295_000.png,29295,,effusion_0,-7.3560257,0.0006383242,0.9935836
real,00003689_004.png,3689,,effusion_0,-7.748123,0.0004313656,0.9946045
real,00003064_042.png,3064,,effusion_0,-6.967884,0.00094075745,0.9438099
real,00017835_006.png,17835,,effusion_0,-7.1933403,0.00075101,0.985496
real,00011690_000.png,11690,,effusion_0,-6.8473377,0.0010611528,0.9635103
real,00004976_003.png,4976,,effusion_0,-5.808035,0.0029943332,0.89247584
real,00009381_000.png,9381,,effusion_0,-7.1843224,0.0007578081,0.9894869
real,00010600_000.png,10600,,effusion_0,-7.502657,0.0005513127,0.99310344
real,00028889_000.png,28889,,effusion_0,-7.323601,0.0006593472,0.9886016
real,00027693_000.png,27693,,effusion_0,-5.227442,0.005338585,0.88075674
real,00003769_002.png,3769,,effusion_0,-6.074127,0.0022963688,0.8914163
real,00019303_000.png,19303,,effusion_0,-7.473196,0.00056778715,0.98883855
real,00013759_000.png,13759,,effusion_0,-7.441189,0.0005862436,0.9910206
real,00016083_003.png,16083,,effusion_0,-6.9531593,0.000954699,0.9810994
real,00006981_018.png,6981,,effusion_0,-7.451521,0.00058022107,0.987422
real,00024924_000.png,24924,,effusion_0,-7.29578,0.0006779355,0.9863043
real,00005532_041.png,5532,,effusion_0,-6.6554375,0.0012853508,0.93309474
real,00011149_000.png,11149,,effusion_0,-7.2489014,0.00071044994,0.98686403
real,00005623_000.png,5623,,effusion_0,-6.879652,0.0010274452,0.9761486
real,00011116_000.png,11116,,effusion_0,-7.2927876,0.000679966,0.98338014
real,00028822_001.png,28822,,effusion_0,-7.1693153,0.0007692574,0.9871925
real,00005410_003.png,5410,,effusion_0,3.5415363,0.97184676,0.8330321
real,00023468_000.png,23468,,effusion_0,-7.437546,0.00058838184,0.98841655
real,00010465_005.png,10465,,effusion_0,-6.9648,0.0009436606,0.9873401
real,00012536_004.png,12536,,effusion_0,5.679985,0.99659806,0.95889664
real,00012772_000.png,12772,,effusion_0,-7.5088024,0.0005479368,0.9904462
real,00009905_000.png,9905,,effusion_0,-7.5439625,0.00052901614,0.9904511
real,00014094_000.png,14094,,effusion_0,-6.337084,0.0017663294,0.9607733
real,00021346_000.png,21346,,effusion_0,-1.0885563,0.25189024,0.51680756
real,00016801_003.png,16801,,effusion_0,7.472805,0.9994319,0.9917906
real,00009335_000.png,9335,,effusion_0,-7.3683243,0.00063052675,0.9822396
real,00009932_006.png,9932,,effusion_0,-6.9443398,0.0009631482,0.9748355
real,00024029_000.png,24029,,effusion_0,-7.267336,0.0006974822,0.9883197
real,00005708_000.png,5708,,effusion_0,-7.4668236,0.0005714149,0.9905719
real,00019911_000.png,19911,,effusion_0,-6.6838055,0.0012494453,0.9525033
real,00004608_000.png,4608,,effusion_0,-7.3820267,0.00062195124,0.9920272
real,00010071_005.png,10071,,effusion_0,-1.3930111,0.19892748,0.5697483
real,00001548_000.png,1548,,effusion_0,-7.574787,0.0005129664,0.99142575
real,00011910_012.png,11910,,effusion_0,-7.2834816,0.00068631885,0.98406863
real,00020811_020.png,20811,,effusion_0,-7.4382343,0.0005879771,0.9863213
real,00029311_003.png,29311,,effusion_0,-7.415653,0.00060139725,0.9920013
real,00003174_002.png,3174,,effusion_0,-7.340332,0.00064841437,0.9867856
real,00024737_001.png,24737,,effusion_0,-7.666422,0.00046807123,0.9938846
real,00027582_002.png,27582,,effusion_0,8.61096,0.9998179,0.9953184
real,00003752_000.png,3752,,effusion_0,-7.5038567,0.00055065204,0.99346244
real,00010279_002.png,10279,,effusion_0,7.9398518,0.9996438,0.9951686
real,00020502_001.png,20502,,effusion_0,-7.6410427,0.00048009673,0.9937684
real,00029742_002.png,29742,,effusion_0,-7.165207,0.0007724219,0.9779611
real,00017381_000.png,17381,,effusion_0,-7.580097,0.0005102511,0.9888216
real,00027326_000.png,27326,,effusion_0,-7.5253925,0.0005389264,0.99190557
real,00011359_000.png,11359,,effusion_0,-7.5704327,0.0005152038,0.9912663
real,00005401_005.png,5401,,effusion_0,-7.405754,0.0006073765,0.98705035
real,00020884_000.png,20884,,effusion_0,-7.4821014,0.00056275603,0.99245435
real,00007795_000.png,7795,,effusion_0,-6.9939995,0.0009165294,0.9706279
real,00023636_000.png,23636,,effusion_0,-7.6033363,0.00049853587,0.990183
real,00019201_010.png,19201,,effusion_0,-7.310028,0.0006683513,0.9834087
real,00014319_000.png,14319,,effusion_0,-7.323906,0.0006591461,0.9759742
real,00016498_001.png,16498,,effusion_0,-7.5489635,0.0005263785,0.9920191
real,00020286_025.png,20286,,effusion_0,6.371296,0.998293,0.9898173
real,00024192_000.png,24192,,effusion_0,-7.474121,0.00056726247,0.9922727
real,00013886_000.png,13886,,effusion_0,-7.168688,0.0007697399,0.9850425
real,00004490_004.png,4490,,effusion_0,-6.7984257,0.001114287,0.9830777
real,00017603_029.png,17603,,effusion_0,-7.0653152,0.0008534965,0.96075195
real,00007935_000.png,7935,,effusion_0,-6.198679,0.0020279922,0.9450717
real,00010650_000.png,10650,,effusion_0,-7.2724876,0.0006939006,0.98402375
real,00007505_000.png,7505,,effusion_0,-7.276417,0.00069118146,0.9838017
real,00010286_001.png,10286,,effusion_0,-7.5266743,0.00053823646,0.98924434
real,00017835_002.png,17835,,effusion_0,-7.269272,0.0006961341,0.9871358
